# Blender 5.1.2
# www.blender.org
o Sponza_big_containers
v -1227.450439 117.645897 469.637512
v -1229.523438 117.645897 469.625397
v -1228.696777 117.448502 467.761108
v -1227.670654 117.448502 467.759003
v -1176.961426 117.645897 469.657196
v -1176.612305 117.448502 467.778992
v -1175.711670 117.448502 467.792206
v -1176.955811 118.299797 469.672394
v -1174.967041 117.645897 469.657410
v -1173.554688 117.645897 468.248810
v -1175.038818 117.448502 467.127197
v -1174.960693 118.299797 469.672607
v -1173.548096 118.299797 468.263702
v -1137.817139 117.645897 432.584198
v -1138.949219 117.448502 431.009399
v -1138.240967 117.448502 430.330414
v -1137.802490 118.299797 432.590790
v -1136.358154 117.645897 431.111908
v -1136.345947 117.645897 429.039093
v -1138.261719 117.448502 429.349487
v -1136.343018 118.299797 431.118286
v -1136.326172 117.645897 378.550201
v -1138.241699 117.448502 378.291199
v -1136.330811 118.299797 429.044891
v -1138.219238 117.448502 377.311798
v -1136.384033 120.657898 431.101196
v -1137.842529 120.657898 432.572906
v -1173.565918 120.657898 468.223511
v -1131.210938 121.906303 435.536194
v -1174.977539 120.657898 469.631500
v -1170.615967 121.906303 474.861389
v -1176.971436 120.657898 469.631287
v -1227.456299 118.299797 469.652588
v -1174.373291 121.906303 476.414612
v -1172.173584 121.906303 476.414703
v -1169.893555 124.005402 476.487091
v -1227.440430 120.657898 469.611603
v -1229.529541 118.299797 469.640594
v -1229.512695 120.657898 469.599487
v -1231.002197 118.299797 468.181000
v -1230.044189 121.906303 476.392700
v -1230.681641 124.005402 478.053589
v -1232.326904 121.906303 476.380493
v -1233.947510 121.906303 474.772614
v -1173.736816 124.005402 478.075897
v -1171.486816 124.005402 478.075989
v -1173.665771 125.336998 478.261597
v -1230.752930 125.336998 478.239288
v -1171.409912 125.336998 478.261810
v -1233.016113 124.005402 478.041290
v -1234.673340 124.005402 476.396912
v -1169.812744 125.336998 476.668915
v -1172.433350 127.485199 475.786407
v -1174.614014 127.485199 475.786194
v -1170.889404 127.485199 474.246490
v -1233.093262 125.336998 478.226990
v -1129.405029 125.336998 436.343109
v -1234.754639 125.336998 476.578491
v -1232.066162 127.485199 475.752411
v -1229.802979 127.485199 475.764587
v -1274.898438 124.005402 436.089813
v -1233.673096 127.485199 474.158295
v -1230.659424 128.370407 472.363007
v -1228.501709 128.370407 472.375092
v -1232.191895 128.370407 470.843506
v -1230.434082 128.514496 471.819885
v -1269.340088 128.370407 433.619690
v -1175.912598 128.370407 472.395691
v -1272.657715 127.485199 435.094086
v -1275.080322 125.336998 436.170593
v -1173.834961 128.370407 472.395905
v -1172.363770 128.370407 470.928589
v -1174.059570 128.514496 471.852692
v -1176.120605 128.514496 471.852509
v -1228.293213 128.514496 471.832092
v -1174.689941 130.197296 470.327393
v -1176.705078 130.197296 470.327301
v -1172.600098 128.514496 470.397095
v -1176.585938 131.835800 465.740906
v -1173.263184 130.197296 468.904510
v -1137.162109 130.197296 432.876892
v -1175.257812 131.835800 464.416290
v -1135.670898 128.514496 433.543213
v -1135.139893 128.370407 433.780487
v -1131.824951 127.485199 435.261688
v -1133.620605 128.370407 432.248199
v -1134.163330 128.514496 432.022797
v -1135.688232 130.197296 431.390015
v -1133.608154 128.370407 430.090210
v -1134.151367 128.514496 429.881714
v -1135.676025 130.197296 429.296204
v -1133.587646 128.370407 377.501312
v -1140.273193 131.835800 429.487000
v -1141.646484 131.835800 430.873199
v -1130.218750 127.485199 431.391510
v -1130.230957 127.485199 433.654907
v -1127.756348 125.336998 434.681885
v -1127.744141 125.336998 432.341705
v -1127.942139 124.005402 434.604889
v -1129.586426 124.005402 436.261993
v -1129.602783 121.906303 433.915588
v -1127.929688 124.005402 432.270386
v -1129.590820 121.906303 431.632690
v -1136.371826 120.657898 429.029114
v -1127.907471 124.005402 375.325500
v -1129.568848 121.906303 375.961914
v -1136.352051 120.657898 378.560211
v -1136.311035 118.299797 378.544403
v -1136.352051 120.657898 376.566315
v -1129.568604 121.906303 373.762207
v -1136.325928 117.645897 376.555603
v -1136.310791 118.299797 376.549286
v -1137.734619 117.645897 375.143188
v -1137.719727 118.299797 375.136688
v -1138.946289 117.448502 376.590088
v -1137.759766 120.657898 375.154510
v -1173.399170 117.645897 339.405914
v -1175.064209 117.448502 340.500610
v -1175.697998 117.448502 339.810913
v -1173.392578 118.299797 339.391113
v -1174.871338 117.645897 337.946686
v -1176.944336 117.645897 337.934601
v -1176.723877 117.448502 339.812988
v -1174.865234 118.299797 337.931488
v -1227.433105 117.645897 337.914795
v -1227.782227 117.448502 339.793091
v -1176.938477 118.299797 337.919403
v -1228.683350 117.448502 339.779785
v -1174.882324 120.657898 337.972504
v -1173.410400 120.657898 339.431213
v -1170.447266 121.906303 332.799408
v -1131.122070 121.906303 372.204712
v -1129.496094 124.005402 371.482208
v -1172.067871 121.906303 331.191498
v -1127.907471 124.005402 373.075409
v -1169.721436 124.005402 331.175110
v -1127.721680 125.336998 375.254395
v -1127.721680 125.336998 372.998596
v -1130.197266 127.485199 376.202606
v -1130.197021 127.485199 374.021912
v -1129.314453 125.336998 371.401398
v -1133.587402 128.370407 375.423492
v -1131.736816 127.485199 372.477905
v -1169.640137 125.336998 330.993500
v -1135.054932 128.370407 373.952393
v -1134.130859 128.514496 375.648102
v -1134.130859 128.514496 377.709412
v -1135.656006 130.197296 376.278595
v -1135.656006 130.197296 378.293610
v -1135.586426 128.514496 374.188599
v -1140.242432 131.835800 378.174591
v -1140.242676 131.835800 380.050415
v -1137.078857 130.197296 374.851898
v -1173.106445 130.197296 338.750885
v -1141.567139 131.835800 376.846405
v -1150.067139 133.016800 382.235992
v -1140.261230 131.835800 427.535797
v -1150.067139 133.016800 383.813690
v -1151.181152 133.016800 381.118896
v -1150.094482 133.016800 425.410706
v -1151.466309 133.016800 382.814392
v -1150.082764 133.016800 423.764893
v -1151.466553 133.016800 384.349701
v -1151.493652 133.016800 424.830109
v -1151.466553 131.506607 384.349701
v -1151.466309 131.506607 382.814392
v -1151.481689 131.506607 423.227814
v -1152.550537 133.016800 381.727386
v -1152.550537 131.506607 381.727386
v -1151.481689 133.016800 423.227814
v -1151.493652 131.506607 424.830109
v -1152.619873 131.506607 425.969910
v -1180.013428 133.016800 354.208405
v -1180.013428 131.506607 354.208405
v -1181.153320 133.016800 353.082214
v -1181.153320 131.506607 353.082214
v -1179.402100 133.016800 352.840393
v -1175.110107 131.835800 343.234985
v -1180.572510 133.016800 351.683289
v -1176.496338 131.835800 341.861908
v -1182.755615 133.016800 353.070404
v -1182.755615 131.506607 353.070404
v -1182.218506 133.016800 351.671509
v -1178.447510 131.835800 341.849915
v -1221.633789 133.016800 353.055115
v -1221.633789 131.506607 353.055115
v -1222.169678 133.016800 351.655914
v -1223.168945 133.016800 353.055115
v -1223.168945 131.506607 353.055115
v -1224.255859 133.016800 354.139191
v -1224.255859 131.506607 354.139191
v -1251.774902 133.016800 381.602112
v -1251.774902 131.506607 381.602112
v -1224.864502 133.016800 352.769897
v -1252.901367 131.506607 382.741913
v -1223.747314 133.016800 351.655701
v -1253.142822 133.016800 380.990814
v -1252.901367 133.016800 382.741913
v -1252.913086 133.016800 384.344208
v -1252.913086 131.506607 384.344208
v -1252.928223 133.016800 423.222412
v -1252.928223 131.506607 423.222412
v -1254.311768 133.016800 383.807190
v -1254.300049 133.016800 382.161285
v -1252.928223 133.016800 424.757599
v -1252.928223 131.506607 424.757599
v -1254.327637 133.016800 423.758392
v -1264.133545 131.835800 380.036194
v -1262.748535 131.835800 376.698792
v -1264.121582 131.835800 378.085114
v -1268.718506 130.197296 378.275787
v -1229.136963 131.835800 343.155701
v -1267.232422 130.197296 374.695099
v -1264.152100 131.835800 427.521606
v -1254.327637 133.016800 425.336090
v -1253.213623 133.016800 426.453094
v -1264.152344 131.835800 429.397400
v -1251.844238 133.016800 425.844604
v -1251.844238 131.506607 425.844604
v -1224.381348 133.016800 453.363586
v -1224.381348 131.506607 453.363586
v -1262.827637 131.835800 430.725586
v -1223.241455 133.016800 454.489899
v -1223.241455 131.506607 454.489899
v -1224.992432 133.016800 454.731598
v -1229.284668 131.835800 464.337006
v -1221.639160 133.016800 454.501587
v -1221.639160 131.506607 454.501587
v -1223.822021 133.016800 455.888702
v -1222.176270 133.016800 455.900513
v -1182.760986 133.016800 454.516907
v -1182.760986 131.506607 454.516907
v -1181.225830 133.016800 454.516998
v -1181.225830 131.506607 454.516998
v -1182.225098 133.016800 455.916107
v -1225.947266 131.835800 465.722198
v -1180.138672 133.016800 453.432892
v -1180.138672 131.506607 453.432892
v -1179.530273 133.016800 454.802185
v -1152.619873 133.016800 425.969910
v -1151.251709 133.016800 426.581207
v -1180.647217 133.016800 455.916290
v -1178.461914 131.835800 465.740814
v -1227.707520 130.197296 470.307312
v -1227.898438 131.835800 465.710205
v -1229.801270 130.197296 470.295197
v -1231.288330 130.197296 468.821198
v -1231.954590 128.514496 470.312408
v -1267.315918 130.197296 432.720215
v -1268.808594 128.514496 433.383392
v -1268.738770 130.197296 431.293396
v -1268.738525 130.197296 429.278412
v -1270.264160 128.514496 431.924011
v -1270.263916 128.514496 429.862701
v -1270.807373 128.370407 432.148499
v -1270.807129 128.370407 430.070709
v -1270.243408 128.514496 377.690399
v -1268.706543 130.197296 376.182098
v -1274.197754 127.485199 433.550110
v -1274.197510 127.485199 431.369507
v -1276.673340 125.336998 434.573395
v -1276.487549 124.005402 434.496613
v -1276.672852 125.336998 432.317688
v -1276.487305 124.005402 432.246490
v -1274.825928 121.906303 433.809814
v -1273.272705 121.906303 435.367310
v -1276.650635 125.336998 375.230286
v -1274.176025 127.485199 376.180511
v -1270.786377 128.370407 377.481903
v -1270.231201 128.514496 375.549286
v -1270.774414 128.370407 375.323914
v -1274.163818 127.485199 373.917114
v -1269.254883 128.370407 373.791504
v -1268.723633 128.514496 374.028809
v -1276.638428 125.336998 372.890106
v -1272.569580 127.485199 372.310303
v -1232.031006 128.370407 336.643402
v -1231.794922 128.514496 337.174988
v -1231.131592 130.197296 338.667511
v -1274.989990 125.336998 371.228912
v -1233.505615 127.485199 333.325592
v -1227.808838 131.835800 341.831085
v -1229.704834 130.197296 337.244598
v -1225.933105 131.835800 341.831207
v -1227.689941 130.197296 337.244812
v -1176.687012 130.197296 337.264709
v -1228.273926 128.514496 335.719513
v -1230.335449 128.514496 335.719391
v -1174.593506 130.197296 337.276886
v -1176.101807 128.514496 335.739990
v -1228.482178 128.370407 335.176300
v -1230.559814 128.370407 335.176086
v -1172.440186 128.514496 337.259613
v -1173.960449 128.514496 335.752106
v -1172.202881 128.370407 336.728485
v -1175.893311 128.370407 335.196899
v -1173.735352 128.370407 335.209015
v -1170.721680 127.485199 333.413696
v -1172.328369 127.485199 331.819702
v -1174.591797 127.485199 331.807404
v -1171.301270 125.336998 329.345093
v -1229.780762 127.485199 331.785797
v -1173.641602 125.336998 329.332794
v -1171.378418 124.005402 329.530792
v -1173.712891 124.005402 329.518402
v -1231.961426 127.485199 331.785614
v -1230.729004 125.336998 329.310394
v -1230.657715 124.005402 329.496185
v -1174.350830 121.906303 331.179291
v -1232.984863 125.336998 329.310211
v -1234.582031 125.336998 330.903198
v -1232.907959 124.005402 329.496002
v -1234.501221 124.005402 331.084900
v -1232.221191 121.906303 331.157288
v -1230.021484 121.906303 331.157501
v -1176.954102 120.657898 337.960388
v -1227.423340 120.657898 337.940704
v -1229.416992 120.657898 337.940491
v -1227.438965 118.299797 337.899597
v -1233.778809 121.906303 332.710693
v -1229.434082 118.299797 337.899414
v -1229.427979 117.645897 337.914612
v -1230.846680 118.299797 339.308289
v -1230.840088 117.645897 339.323212
v -1229.355957 117.448502 340.444885
v -1230.828857 120.657898 339.348511
v -1273.184082 121.906303 372.035797
v -1266.552246 120.657898 374.999115
v -1266.592285 118.299797 374.981201
v -1266.577393 117.645897 374.987793
v -1265.445557 117.448502 376.562714
v -1266.153809 117.448502 377.241608
v -1274.808350 124.005402 371.309998
v -1268.010986 120.657898 376.470795
v -1274.791748 121.906303 373.656403
v -1276.452637 124.005402 372.967102
v -1276.464844 124.005402 375.301605
v -1274.804199 121.906303 375.939301
v -1274.825928 121.906303 431.610199
v -1268.022949 120.657898 378.542908
v -1268.042969 120.657898 431.005798
v -1268.042725 120.657898 429.011902
v -1268.063965 118.299797 378.527100
v -1268.052002 118.299797 376.453796
v -1268.036621 117.645897 376.460114
v -1268.048828 117.645897 378.532990
v -1266.133057 117.448502 378.222595
v -1266.184814 117.448502 429.294098
v -1268.068604 117.645897 430.045410
v -1266.175537 117.448502 430.260315
v -1268.083984 118.299797 430.051514
v -1268.068604 117.645897 431.016388
v -1268.083984 118.299797 431.022705
v -1266.675049 118.299797 432.435394
v -1266.660156 117.645897 432.428802
v -1265.448486 117.448502 430.981903
v -1266.634766 120.657898 432.417511
v -1230.984131 120.657898 468.140808
v -1230.995605 117.645897 468.166107
v -1229.330566 117.448502 467.071411
v -1251.203857 96.222000 424.044586
v -1201.187500 96.222000 402.173615
v -1251.167480 96.222000 383.461487
v -1222.521973 96.222000 452.756195
v -1222.456055 96.222000 354.779694
v -1252.928223 96.222000 423.222412
v -1252.913086 96.222000 384.344208
v -1252.928223 96.869301 423.222412
v -1252.913086 96.869301 384.344208
v -1252.928223 96.869301 424.757599
v -1252.901367 96.222000 382.741913
v -1252.901367 96.869301 382.741913
v -1251.774902 96.222000 381.602112
v -1251.774902 96.869301 381.602112
v -1224.255859 96.222000 354.139191
v -1224.255859 96.869301 354.139191
v -1223.168945 96.222000 353.055115
v -1223.168945 96.869301 353.055115
v -1221.633789 96.222000 353.055206
v -1221.633789 96.869301 353.055206
v -1181.884033 96.222000 354.821899
v -1182.755615 96.222000 353.070404
v -1182.755615 96.869301 353.070404
v -1181.235840 96.222000 353.081512
v -1181.153320 96.869301 353.082214
v -1180.013428 96.222000 354.208496
v -1180.013428 96.869301 354.208496
v -1153.191162 96.222000 383.527405
v -1152.550537 96.222000 381.727386
v -1152.550537 96.869301 381.727386
v -1151.466309 96.869301 382.814514
v -1151.466309 96.222000 382.844788
v -1151.466553 96.869301 384.349701
v -1151.466553 96.222000 384.349701
v -1153.227051 96.222000 424.110596
v -1151.481689 96.222000 423.227814
v -1151.481689 96.869301 423.227814
v -1151.493652 96.222000 424.830109
v -1151.493652 96.869301 424.830109
v -1181.938721 96.222000 452.792389
v -1152.619873 96.222000 425.969910
v -1152.619873 96.869301 425.969910
v -1180.138672 96.222000 453.432892
v -1180.138672 96.869301 453.432892
v -1181.225830 96.222000 454.516998
v -1181.225830 96.869301 454.516998
v -1182.760986 96.222000 454.516907
v -1182.760986 96.869301 454.516907
v -1221.639160 96.222000 454.501587
v -1221.639160 96.869301 454.501587
v -1223.241455 96.222000 454.489899
v -1223.241455 96.869301 454.489899
v -1224.381348 96.222000 453.363586
v -1224.381348 96.869301 453.363586
v -1251.844238 96.222000 425.844604
v -1251.844238 96.869301 425.844604
v -1252.928223 96.222000 424.757599
v -1223.241455 96.869301 454.489899
v -1223.241455 131.506607 454.489899
v -1221.639160 131.506607 454.501587
v -1224.381348 96.869301 453.363586
v -1221.639160 96.869301 454.501587
v -1224.381348 131.506607 453.363586
v -1182.760986 131.506607 454.516907
v -1251.844238 96.869301 425.844604
v -1182.760986 96.869301 454.516907
v -1251.844238 131.506607 425.844604
v -1181.225830 131.506607 454.516998
v -1252.928223 96.869301 424.757599
v -1181.225830 96.869301 454.516998
v -1252.928223 131.506607 424.757599
v -1252.928223 96.869301 423.222412
v -1252.928223 131.506607 423.222412
v -1180.138672 131.506607 453.432892
v -1180.138672 96.869301 453.432892
v -1152.619873 131.506607 425.969910
v -1152.619873 96.869301 425.969910
v -1151.493652 131.506607 424.830109
v -1151.493652 96.869301 424.830109
v -1151.481689 131.506607 423.227814
v -1151.481689 96.869301 423.227814
v -1151.466553 131.506607 384.349701
v -1151.466553 96.869301 384.349701
v -1151.466553 96.869301 384.349701
v -1151.466553 131.506607 384.349701
v -1151.466309 131.506607 382.814392
v -1151.466309 96.869301 382.814514
v -1152.550537 131.506607 381.727386
v -1152.550537 96.869301 381.727386
v -1180.013428 131.506607 354.208405
v -1180.013428 96.869301 354.208496
v -1181.153320 131.506607 353.082214
v -1181.153320 96.869301 353.082214
v -1182.755615 131.506607 353.070404
v -1182.755615 96.869301 353.070404
v -1221.633789 131.506607 353.055115
v -1221.633789 96.869301 353.055206
v -1223.168945 131.506607 353.055115
v -1223.168945 96.869301 353.055115
v -1224.255859 131.506607 354.139191
v -1224.255859 96.869301 354.139191
v -1251.774902 131.506607 381.602112
v -1251.774902 96.869301 381.602112
v -1252.901367 131.506607 382.741913
v -1252.901367 96.869301 382.741913
v -1252.913086 96.869301 384.344208
v -1252.913086 131.506607 384.344208
v -1252.928223 131.506607 423.222412
v -1252.928223 96.869301 423.222412
v -1174.608643 75.381203 472.806305
v -1172.822266 78.442200 477.288391
v -1231.468506 78.442200 477.265411
v -1226.794678 74.425003 465.566101
v -1177.486816 74.425003 465.585388
v -1176.599121 74.425003 465.585510
v -1229.678467 75.381203 472.784698
v -1227.730225 74.425003 465.555298
v -1230.720459 75.381203 472.773895
v -1231.464600 75.381203 472.044891
v -1228.399414 74.425003 464.901398
v -1270.420166 75.381203 433.119812
v -1263.279053 74.425003 430.049011
v -1233.367188 78.442200 476.478912
v -1263.941406 74.425003 429.361298
v -1232.576416 78.442200 477.254608
v -1274.852783 78.442200 435.025909
v -1271.160156 75.381203 432.351410
v -1271.180420 75.381203 431.284698
v -1263.959473 74.425003 428.406586
v -1275.662354 78.442200 433.071198
v -1275.641113 78.442200 434.207397
v -1275.646729 79.331398 434.209686
v -1275.667969 79.331398 433.073395
v -1274.858398 79.331398 435.028290
v -1275.308838 80.205101 434.069702
v -1275.329590 80.205704 432.938385
v -1233.369629 79.331398 476.484406
v -1274.523438 80.205704 434.884308
v -1273.770752 81.870003 433.432709
v -1273.793945 81.867599 432.326385
v -1233.225830 80.206001 476.149200
v -1273.004883 81.867599 434.231293
v -1270.656006 84.125099 432.142487
v -1270.670410 84.127602 431.081390
v -1267.533203 85.548500 430.848907
v -1267.552002 85.548500 429.838501
v -1269.915771 84.127602 432.903015
v -1231.247070 84.128799 471.537689
v -1267.528320 88.386597 430.846985
v -1267.547363 88.386597 429.836609
v -1266.832031 85.548500 431.576904
v -1266.134277 88.459503 430.269592
v -1266.152832 88.459503 429.280792
v -1266.175537 117.448502 430.260315
v -1266.184814 117.448502 429.294098
v -1265.448242 88.459503 430.981903
v -1265.448486 117.448502 430.981903
v -1266.827393 88.386597 431.574890
v -1229.330566 117.448502 467.071411
v -1229.924561 85.548500 468.455505
v -1229.922363 88.386597 468.450806
v -1229.330566 88.459503 467.071289
v -1228.638428 88.459503 467.748108
v -1228.696777 117.448502 467.761108
v -1227.670654 117.448502 467.759003
v -1229.216064 88.386597 469.142090
v -1227.670654 88.459503 467.758911
v -1229.218018 85.548500 469.146912
v -1228.227539 88.386597 469.152802
v -1176.612549 88.459503 467.778900
v -1176.612305 117.448502 467.778992
v -1175.711670 117.448502 467.792206
v -1228.229492 85.548500 469.157593
v -1176.056885 88.386597 469.173309
v -1175.690674 88.459503 467.778900
v -1175.038818 88.459503 467.127014
v -1175.038818 117.448502 467.127197
v -1138.949219 117.448502 431.009399
v -1138.949463 88.459503 431.009308
v -1138.272705 88.459503 430.317291
v -1138.240967 117.448502 430.330414
v -1137.570068 88.386597 431.601196
v -1138.261719 117.448502 429.349487
v -1174.445801 88.386597 468.506012
v -1136.878662 88.386597 430.894714
v -1175.113037 88.386597 469.173309
v -1138.261963 88.459503 429.349396
v -1138.241943 88.459503 378.291199
v -1138.241699 117.448502 378.291199
v -1136.867920 88.386597 429.906311
v -1136.847412 88.386597 377.735413
v -1136.863037 85.548500 429.908203
v -1136.842773 85.548500 377.733490
v -1136.873779 85.548500 430.896698
v -1133.748535 84.128799 431.152496
v -1133.724365 84.127602 376.490601
v -1137.565186 85.548500 431.603302
v -1134.482910 84.128799 432.925812
v -1174.443848 85.548500 468.510803
v -1133.756104 84.127403 432.187988
v -1130.622070 81.866402 432.401398
v -1130.600830 81.867599 375.245605
v -1131.389160 81.866402 434.253296
v -1129.088379 80.206001 433.014099
v -1129.065430 80.205704 374.633606
v -1130.634277 81.867798 433.481201
v -1128.749756 79.331398 433.149414
v -1128.726807 79.331398 374.498688
v -1129.099121 80.205704 434.117096
v -1129.871582 80.206001 434.904510
v -1171.788330 81.865097 474.685913
v -1128.760742 79.331398 434.257294
v -1128.755371 78.442200 433.147186
v -1128.732178 78.442200 374.500885
v -1133.214355 75.381203 376.287415
v -1128.766113 78.442200 434.255005
v -1129.536377 79.331398 435.048401
v -1129.541748 78.442200 435.045990
v -1170.992432 79.331398 476.536987
v -1133.246826 75.381203 432.398987
v -1133.236084 75.381203 431.357208
v -1140.454834 74.425003 428.473389
v -1140.435303 74.425003 379.165497
v -1140.465576 74.425003 429.408997
v -1133.975830 75.381203 433.143402
v -1141.119385 74.425003 430.078186
v -1172.900879 75.381203 472.098907
v -1175.971680 74.425003 464.957794
v -1170.994873 78.442200 476.531494
v -1173.608154 75.381203 472.806396
v -1171.751709 78.442200 477.288513
v -1171.749268 79.331398 477.294098
v -1172.820068 79.331398 477.294006
v -1171.889893 80.206299 476.954895
v -1231.470703 79.331398 477.270996
v -1171.136719 80.206299 476.201599
v -1172.955078 80.206299 476.954803
v -1232.578613 79.331398 477.260193
v -1172.524658 81.865196 475.422211
v -1232.438477 80.205704 476.921692
v -1231.335449 80.206001 476.932312
v -1173.565918 81.865097 475.422089
v -1231.802490 81.867798 475.386505
v -1230.722656 81.866402 475.398590
v -1173.821533 84.130096 472.290985
v -1232.574707 81.866402 474.631500
v -1230.509277 84.127403 472.264496
v -1229.473633 84.128799 472.272186
v -1174.813965 84.130096 472.290894
v -1176.054688 85.548500 469.178009
v -1175.111084 85.548500 469.178101
v -1173.120117 84.130096 471.589203
v -1274.853027 78.442200 372.526001
v -1233.400146 78.442200 331.040497
v -1231.493896 75.381203 335.473114
v -1233.402344 79.331398 331.035004
v -1230.786621 75.381203 334.765686
v -1232.643066 78.442200 330.283508
v -1232.645264 79.331398 330.278015
v -1231.572754 78.442200 330.283600
v -1229.786133 75.381203 334.765686
v -1227.795654 74.425003 341.986603
v -1228.423096 74.425003 342.614197
v -1263.275391 74.425003 377.493896
v -1226.907959 74.425003 341.986603
v -1177.600098 74.425003 342.006012
v -1270.418945 75.381203 374.428589
v -1263.929443 74.425003 378.162994
v -1174.716309 75.381203 334.787292
v -1176.664551 74.425003 342.016693
v -1172.926270 78.442200 330.306610
v -1173.674561 75.381203 334.798096
v -1172.929932 75.381203 335.527191
v -1175.995361 74.425003 342.670685
v -1133.974609 75.381203 374.452209
v -1141.115723 74.425003 377.523010
v -1171.027344 78.442200 331.093109
v -1140.453369 74.425003 378.210785
v -1171.818604 78.442200 330.317413
v -1129.541992 78.442200 372.546112
v -1133.234375 75.381203 375.220703
v -1133.214355 75.381203 376.287415
v -1140.435303 74.425003 379.165497
v -1128.732178 78.442200 374.500885
v -1128.753662 78.442200 373.364685
v -1128.748291 79.331398 373.362305
v -1128.726807 79.331398 374.498688
v -1129.536621 79.331398 372.543701
v -1129.085938 80.205101 373.502289
v -1129.065430 80.205704 374.633606
v -1171.025146 79.331398 331.087585
v -1129.871338 80.205704 372.687714
v -1130.624023 81.870003 374.139313
v -1130.600830 81.867599 375.245605
v -1171.168945 80.206001 331.422913
v -1131.389893 81.867599 373.340698
v -1133.739014 84.125099 375.429596
v -1133.724365 84.127602 376.490601
v -1136.861816 85.548500 376.723114
v -1136.842773 85.548500 377.733490
v -1134.479004 84.127602 374.669098
v -1173.147705 84.128799 336.034302
v -1136.866455 88.386597 376.725098
v -1136.847412 88.386597 377.735413
v -1137.562744 85.548500 375.995087
v -1138.260498 88.459503 377.302490
v -1138.241943 88.459503 378.291199
v -1138.219238 117.448502 377.311798
v -1138.241699 117.448502 378.291199
v -1138.946533 88.459503 376.590210
v -1138.946289 117.448502 376.590088
v -1137.567627 88.386597 375.997192
v -1175.064209 117.448502 340.500610
v -1174.470215 85.548500 339.116486
v -1174.472168 88.386597 339.121307
v -1175.064209 88.459503 340.500702
v -1175.756104 88.459503 339.823914
v -1175.697998 117.448502 339.810913
v -1176.723877 117.448502 339.812988
v -1175.178955 88.386597 338.429993
v -1176.724121 88.459503 339.813110
v -1175.176758 85.548500 338.425201
v -1176.167236 88.386597 338.419189
v -1227.782227 88.459503 339.793213
v -1227.782227 117.448502 339.793091
v -1228.683350 117.448502 339.779785
v -1176.165283 85.548500 338.414398
v -1228.338135 88.386597 338.398712
v -1228.704102 88.459503 339.793091
v -1229.355957 88.459503 340.445007
v -1229.355957 117.448502 340.444885
v -1265.445557 117.448502 376.562714
v -1265.445312 88.459503 376.562714
v -1266.122070 88.459503 377.254700
v -1266.153809 117.448502 377.241608
v -1266.824951 88.386597 375.970795
v -1266.133057 117.448502 378.222595
v -1229.948975 88.386597 339.066010
v -1267.516113 88.386597 376.677307
v -1229.281738 88.386597 338.398712
v -1266.132812 88.459503 378.222595
v -1266.152832 88.459503 429.280792
v -1266.184814 117.448502 429.294098
v -1267.526855 88.386597 377.665710
v -1267.547363 88.386597 429.836609
v -1267.531738 85.548500 377.663788
v -1267.552002 85.548500 429.838501
v -1267.520996 85.548500 376.675415
v -1270.646240 84.128799 376.419586
v -1270.670410 84.127602 431.081390
v -1266.829590 85.548500 375.968811
v -1269.911865 84.128799 374.646210
v -1229.950928 85.548500 339.061188
v -1270.638428 84.127403 375.384003
v -1273.772705 81.866402 375.170593
v -1273.793945 81.867599 432.326385
v -1273.005615 81.866402 373.318695
v -1275.306152 80.206001 374.558014
v -1275.329590 80.205704 432.938385
v -1273.760498 81.867798 374.090790
v -1275.645020 79.331398 374.422607
v -1275.667969 79.331398 433.073395
v -1275.295898 80.205704 373.454895
v -1274.523193 80.206001 372.667511
v -1232.606445 81.865097 332.886200
v -1275.634277 79.331398 373.314697
v -1275.639404 78.442200 374.424805
v -1275.662354 78.442200 433.071198
v -1271.180420 75.381203 431.284698
v -1275.628662 78.442200 373.316986
v -1274.858398 79.331398 372.523712
v -1271.147949 75.381203 375.173004
v -1271.158936 75.381203 376.214813
v -1263.940186 74.425003 379.098602
v -1263.959473 74.425003 428.406586
v -1233.258301 80.206299 331.370514
v -1232.504883 80.206299 330.617096
v -1231.870117 81.865196 332.149811
v -1231.574951 79.331398 330.278015
v -1231.439697 80.206299 330.617188
v -1172.924072 79.331398 330.300995
v -1171.816162 79.331398 330.311890
v -1171.956543 80.205704 330.650391
v -1173.059326 80.206001 330.639801
v -1230.828613 81.865097 332.149902
v -1172.592285 81.867798 332.185486
v -1173.672119 81.866402 332.173401
v -1171.820312 81.866402 332.940491
v -1173.885498 84.127403 335.307495
v -1174.920898 84.128799 335.299805
v -1229.580566 84.130096 335.281189
v -1228.339844 85.548500 338.394012
v -1229.283691 85.548500 338.393890
v -1230.572998 84.130096 335.281006
v -1231.274658 84.130096 335.982788
v -1221.293701 32.253399 453.601715
v -1222.867920 32.253399 453.589996
v -1222.867920 -0.693400 453.589996
v -1221.293701 -0.693400 453.601715
v -1183.105957 32.253399 453.616608
v -1183.105957 -0.693400 453.616699
v -1181.597900 -0.693400 453.616791
v -1221.290527 33.448399 453.593689
v -1223.988037 32.253399 452.483490
v -1223.988037 -0.693400 452.483490
v -1250.963379 -0.693400 425.453094
v -1223.984375 33.448399 452.475586
v -1250.963379 32.253399 425.453094
v -1252.028076 -0.693400 424.385498
v -1222.864746 33.448399 453.581909
v -1250.955322 33.448399 425.449585
v -1222.540039 34.215698 452.799591
v -1223.642578 34.215698 451.710510
v -1220.990234 34.215698 452.811310
v -1252.028076 32.253399 424.385498
v -1252.028076 32.253399 422.877594
v -1252.028076 -0.693400 422.877594
v -1252.020020 33.448399 422.874512
v -1252.020020 33.448399 424.382111
v -1251.237549 34.215698 424.058594
v -1251.237305 34.215698 422.574707
v -1250.189697 34.215698 425.109314
v -1245.684082 39.727901 421.762909
v -1245.684082 39.727901 420.447510
v -1245.285645 40.678398 421.598114
v -1245.285400 40.678398 420.294891
v -1245.281250 41.509899 420.293304
v -1244.755127 39.727901 422.694305
v -1245.281494 41.509899 421.596405
v -1251.043213 42.532600 422.500305
v -1244.365234 40.678398 422.520905
v -1251.043213 42.532600 423.978394
v -1251.593018 43.187801 422.710907
v -1244.361084 41.509899 422.519104
v -1249.999512 42.532600 425.024811
v -1251.593262 43.187801 424.205688
v -1251.597900 47.178699 422.712799
v -1250.537598 43.187801 425.263885
v -1251.597900 47.178699 424.207611
v -1250.542480 47.178699 425.266113
v -1251.104736 48.305801 424.003693
v -1251.104492 48.305801 422.523804
v -1246.032715 52.977600 421.907013
v -1246.032471 52.977600 420.581085
v -1250.059570 48.305801 425.051514
v -1223.800049 47.178699 452.062897
v -1223.584717 48.305500 451.580811
v -1245.470703 54.340000 421.674713
v -1245.470459 54.340000 420.365692
v -1245.750488 55.366100 420.472900
v -1245.096436 52.977600 422.845886
v -1221.368896 52.977600 446.621796
v -1244.546143 54.340000 422.601410
v -1245.750488 55.366100 421.790314
v -1251.870605 59.989300 422.817291
v -1221.123291 54.340099 446.072205
v -1244.820068 55.366100 422.723114
v -1251.870850 59.989300 424.320404
v -1254.211426 60.344398 423.713898
v -1250.809326 59.989300 425.384613
v -1221.245361 55.365700 446.345398
v -1223.919189 59.989300 452.329498
v -1253.099854 60.344398 426.402588
v -1254.211426 60.344398 425.287994
v -1255.857422 62.231201 424.344391
v -1255.857422 62.231201 425.968506
v -1257.460938 66.696297 424.958588
v -1254.710693 62.231201 427.118408
v -1224.941895 60.344398 454.618103
v -1256.279785 66.696297 427.815704
v -1257.460938 66.696297 426.631287
v -1258.084473 67.450203 425.197388
v -1225.660889 62.231201 456.227386
v -1256.890137 67.450203 428.086914
v -1258.084717 67.450203 426.889099
v -1260.491455 67.714302 426.119385
v -1260.491455 67.714302 427.884186
v -1262.257324 70.068703 426.795807
v -1259.245361 67.714302 429.133698
v -1262.257568 70.068703 428.614105
v -1264.022949 74.425003 427.472198
v -1264.023193 74.425003 429.344086
v -1262.701416 74.425003 430.669495
v -1260.973389 70.068703 429.901611
v -1227.685303 67.714302 460.758087
v -1228.456787 70.068703 462.484497
v -1229.228271 74.425003 464.210907
v -1227.112305 70.068703 463.815887
v -1227.844727 74.425003 465.581085
v -1225.897705 74.425003 465.593201
v -1226.379639 67.714302 462.050690
v -1225.219727 70.068703 463.827911
v -1179.187744 70.068703 463.845886
v -1178.511230 74.425003 465.611694
v -1224.542236 67.714302 462.062592
v -1177.369385 70.068703 463.846100
v -1176.639404 74.425003 465.611908
v -1175.313965 74.425003 464.290009
v -1179.864014 67.714302 462.080109
v -1178.099121 67.714302 462.080292
v -1176.081787 70.068703 462.562012
v -1143.499023 70.068703 430.045410
v -1141.772461 74.425003 430.816803
v -1176.849854 67.714302 460.834106
v -1145.225342 67.714302 429.273987
v -1142.167480 70.068703 428.700806
v -1140.402344 74.425003 429.433411
v -1140.390381 74.425003 427.486298
v -1143.932617 67.714302 427.968109
v -1142.155518 70.068703 426.808502
v -1142.137451 70.068703 380.776215
v -1140.371582 74.425003 380.099792
v -1143.903320 67.714302 381.452606
v -1143.920654 67.714302 426.130798
v -1146.310303 67.450203 382.374603
v -1146.338867 67.450203 426.969513
v -1146.327148 67.450203 425.206909
v -1146.933838 66.696297 382.613495
v -1147.578613 67.450203 428.222412
v -1146.950439 66.696297 424.967590
v -1146.962402 66.696297 426.710693
v -1148.537354 62.231201 383.227692
v -1177.896484 67.450203 458.478607
v -1148.188477 66.696297 427.950012
v -1148.565186 62.231201 426.045410
v -1148.553467 62.231201 424.352112
v -1150.183350 60.344398 383.858185
v -1179.094238 67.450203 459.673187
v -1180.785889 67.450203 459.673096
v -1179.352051 66.696297 459.049591
v -1178.167725 66.696297 457.868408
v -1181.024902 66.696297 459.049500
v -1223.618164 67.450203 459.656311
v -1225.380859 67.450203 459.644409
v -1226.633789 67.450203 458.404694
v -1225.122070 66.696297 459.021088
v -1226.361328 66.696297 457.795105
v -1224.456787 62.231201 457.418091
v -1223.378906 66.696297 459.032898
v -1223.773926 60.344398 455.772614
v -1222.763428 62.231201 457.429901
v -1181.638916 62.231201 457.446014
v -1180.014893 62.231201 457.446198
v -1222.802734 59.989300 453.432587
v -1222.131592 60.344398 455.784393
v -1182.269531 60.344398 455.799988
v -1220.262939 55.365299 447.313202
v -1221.233398 59.989300 453.444305
v -1183.166260 59.989300 453.459198
v -1180.695312 60.344398 455.800110
v -1181.662842 59.989300 453.459412
v -1185.510498 55.366100 447.338989
v -1184.193115 55.366100 447.339111
v -1178.864990 62.231201 456.299286
v -1179.580811 60.344398 454.688507
v -1180.598877 59.989300 452.397888
v -1149.756104 62.231201 427.249512
v -1151.365479 60.344398 426.530396
v -1150.210693 60.344398 425.362488
v -1153.653809 59.989300 425.507812
v -1152.550781 59.989300 424.391296
v -1150.198975 60.344398 423.720306
v -1152.539062 59.989300 422.821899
v -1152.524170 59.989300 384.754791
v -1158.644531 55.366100 387.099091
v -1158.670166 55.365299 421.851501
v -1158.657959 55.365700 420.472595
v -1158.937500 54.340099 420.365295
v -1158.924316 54.340000 387.206299
v -1158.362061 52.977600 386.990997
v -1158.948975 54.340302 421.735809
v -1158.375244 52.977600 420.581085
v -1153.290283 48.305801 385.048187
v -1159.638184 55.365700 422.833893
v -1183.260254 55.366100 446.408813
v -1183.382080 54.340000 446.134888
v -1184.308838 54.340000 447.059204
v -1159.911133 54.340099 422.711792
v -1183.137451 52.977600 446.684998
v -1159.361572 52.977600 422.957397
v -1158.386963 52.977600 421.969086
v -1185.617676 54.340000 447.059113
v -1153.304688 48.305500 422.527893
v -1154.402588 48.305500 425.173309
v -1152.811768 47.178699 422.717194
v -1152.796875 47.178699 384.859314
v -1153.315918 48.305099 424.073700
v -1152.801758 43.187801 384.861115
v -1180.931885 48.305801 451.648193
v -1153.920410 47.178699 425.388702
v -1152.823486 47.178699 424.278107
v -1152.828369 43.187801 424.276215
v -1152.816406 43.187801 422.715302
v -1153.365479 42.532700 422.504486
v -1153.351562 42.532600 385.071686
v -1159.113525 41.509899 387.278809
v -1180.717285 47.178699 452.131012
v -1153.376465 42.532902 424.048615
v -1159.126465 41.509899 420.292694
v -1159.109375 40.678398 387.277191
v -1159.137939 41.509899 421.657410
v -1159.122314 40.678398 420.294312
v -1158.724121 39.728199 420.447205
v -1158.710693 39.727901 387.124512
v -1159.134033 40.678398 421.659088
v -1153.157471 34.215698 384.997314
v -1153.172119 34.215698 422.578796
v -1152.374756 33.448399 384.697510
v -1152.389648 33.448399 422.879211
v -1152.366699 32.253399 384.694489
v -1158.736084 39.728500 421.824188
v -1153.183838 34.215698 424.128601
v -1159.702637 39.728199 422.804993
v -1152.401611 33.448399 424.453308
v -1154.272949 34.215698 425.231201
v -1153.507812 33.448399 425.573090
v -1152.393311 32.253399 424.456604
v -1152.381836 32.253399 422.882294
v -1152.381836 -0.693400 422.882294
v -1152.366699 -0.693400 384.694489
v -1152.393311 -0.693400 424.456604
v -1153.500000 32.253399 425.576599
v -1153.500000 -0.693400 425.576599
v -1180.530273 -0.693400 452.552002
v -1180.530273 32.253399 452.551910
v -1180.533936 33.448399 452.544098
v -1181.597900 32.253399 453.616791
v -1181.601318 33.448399 453.608704
v -1183.108887 33.448399 453.608612
v -1183.408691 34.215698 452.825989
v -1181.924805 34.215698 452.826202
v -1180.874023 34.215698 451.778290
v -1184.220459 39.727901 447.272705
v -1183.289307 39.727901 446.343903
v -1160.092041 40.678398 422.631012
v -1183.462402 40.678398 445.953796
v -1160.096191 41.509899 422.629211
v -1184.385254 40.678398 446.874115
v -1183.464111 41.509899 445.949799
v -1154.462158 42.532700 425.146698
v -1185.535889 39.727901 447.272614
v -1218.858398 39.728199 447.259308
v -1185.688721 40.678398 446.874115
v -1185.690186 41.509899 446.869904
v -1218.705811 40.678398 446.861115
v -1220.235596 39.728500 447.247314
v -1220.070557 40.678398 446.849487
v -1221.216309 39.728199 446.280701
v -1221.042480 40.678398 445.891296
v -1221.040527 41.509899 445.887299
v -1218.704102 41.509899 446.856995
v -1220.068848 41.509899 446.845398
v -1223.558105 42.532700 451.521301
v -1220.916016 42.532700 452.617889
v -1222.459961 42.532902 452.606995
v -1223.797852 43.187801 452.058197
v -1222.687500 43.187801 453.155090
v -1221.126709 43.187801 453.166901
v -1222.689453 47.178699 453.159912
v -1222.485107 48.305099 452.667389
v -1221.128418 47.178699 453.171692
v -1183.272461 43.187801 453.181702
v -1220.380615 52.977600 447.596497
v -1220.939453 48.305500 452.678802
v -1183.459717 48.305801 452.693115
v -1220.147217 54.340302 447.034393
v -1218.992432 52.977600 447.608093
v -1218.884033 55.365700 447.325409
v -1218.776611 54.340099 447.046112
v -1185.402344 52.977600 447.621185
v -1184.076416 52.977600 447.621307
v -1181.979736 48.305801 452.693207
v -1183.270508 47.178699 453.186493
v -1181.775635 47.178699 453.186615
v -1181.777832 43.187801 453.181793
v -1180.719482 43.187801 452.126312
v -1182.005127 42.532600 452.631989
v -1183.482910 42.532600 452.631805
v -1184.386963 41.509899 446.869995
v -1180.958496 42.532600 451.588196
v -1153.925293 43.187801 425.386597
v -1250.894775 32.253399 381.995514
v -1250.894775 -0.693400 381.995514
v -1252.001221 -0.693400 383.115387
v -1223.864502 -0.693400 355.020111
v -1223.864502 32.253399 355.020111
v -1222.796875 -0.693400 353.955292
v -1250.886963 33.448399 381.998993
v -1252.001221 32.253399 383.115387
v -1252.013184 32.253399 384.689789
v -1252.013184 -0.693400 384.689697
v -1252.028076 32.253399 422.877594
v -1252.028076 -0.693400 422.877594
v -1252.005127 33.448399 384.692810
v -1252.020020 33.448399 422.874512
v -1251.993408 33.448399 383.118713
v -1251.222656 34.215698 384.993195
v -1251.237305 34.215698 422.574707
v -1251.210938 34.215698 383.443512
v -1245.670654 39.728199 387.124908
v -1245.684082 39.727901 420.447510
v -1245.285400 40.678398 420.294891
v -1245.658691 39.728500 385.747894
v -1245.272461 40.678398 387.277710
v -1250.121826 34.215698 382.340790
v -1223.861084 33.448399 355.028015
v -1245.268555 41.509899 387.279297
v -1245.281250 41.509899 420.293304
v -1245.260986 40.678398 385.912994
v -1251.029297 42.532700 385.067505
v -1251.043213 42.532600 422.500305
v -1251.593018 43.187801 422.710907
v -1245.256836 41.509899 385.914703
v -1251.578125 43.187801 384.856689
v -1251.018311 42.532902 383.523407
v -1251.583008 47.178699 384.854889
v -1251.597900 47.178699 422.712799
v -1251.104492 48.305801 422.523804
v -1251.566650 43.187801 383.295898
v -1251.571289 47.178699 383.293915
v -1250.469482 43.187801 382.185486
v -1250.474365 47.178699 382.183411
v -1251.078857 48.305099 383.498291
v -1251.090088 48.305500 385.044098
v -1246.019287 52.977600 386.990997
v -1246.032471 52.977600 420.581085
v -1246.007812 52.977600 385.602997
v -1249.992188 48.305500 382.398804
v -1245.457520 54.340099 387.206787
v -1245.470459 54.340000 420.365692
v -1245.750488 55.366100 420.472900
v -1245.445801 54.340302 385.836212
v -1245.736816 55.365700 387.099487
v -1251.855713 59.989300 384.750214
v -1251.870605 59.989300 422.817291
v -1254.211426 60.344398 423.713898
v -1245.724609 55.365299 385.720490
v -1254.195557 60.344398 383.851715
v -1245.033203 52.977600 384.614685
v -1251.843994 59.989300 383.180695
v -1255.841309 62.231201 383.219910
v -1255.857422 62.231201 424.344391
v -1254.183838 60.344398 382.209595
v -1250.740967 59.989300 382.064209
v -1257.444336 66.696297 382.604492
v -1257.460938 66.696297 424.958588
v -1255.829346 62.231201 381.526611
v -1253.029541 60.344398 381.041595
v -1254.638916 62.231201 380.322510
v -1258.067627 67.450203 382.365112
v -1258.084473 67.450203 425.197388
v -1257.432373 66.696297 380.861298
v -1256.206543 66.696297 379.622009
v -1260.473877 67.714302 381.441315
v -1260.491455 67.714302 426.119385
v -1258.055664 67.450203 380.602600
v -1256.816162 67.450203 379.349609
v -1226.498291 67.450203 349.093414
v -1259.169434 67.714302 378.298004
v -1260.461914 67.714302 379.603912
v -1262.239258 70.068703 380.763489
v -1262.257324 70.068703 426.795807
v -1264.004639 74.425003 380.085693
v -1264.022949 74.425003 427.472198
v -1262.227295 70.068703 378.871185
v -1263.992676 74.425003 378.138611
v -1262.622314 74.425003 376.755188
v -1260.895996 70.068703 377.526611
v -1229.080811 74.425003 343.282013
v -1228.312988 70.068703 345.010010
v -1227.545166 67.714302 346.738007
v -1227.025635 70.068703 343.726013
v -1227.755371 74.425003 341.960205
v -1225.883545 74.425003 341.960297
v -1226.295410 67.714302 345.491791
v -1225.207275 70.068703 343.726105
v -1178.497070 74.425003 341.978912
v -1225.300537 67.450203 347.898804
v -1224.530762 67.714302 345.491913
v -1179.174805 70.068703 343.744110
v -1177.282715 70.068703 343.756104
v -1176.550049 74.425003 341.990906
v -1175.166504 74.425003 343.361206
v -1175.937988 70.068703 345.087585
v -1141.693359 74.425003 376.902588
v -1178.015381 67.714302 345.521393
v -1179.852539 67.714302 345.509399
v -1223.608887 67.450203 347.898987
v -1179.013916 67.450203 347.927612
v -1176.709473 67.714302 346.813995
v -1180.776611 67.450203 347.915710
v -1225.042725 66.696297 348.522400
v -1223.369873 66.696297 348.522491
v -1226.227051 66.696297 349.703705
v -1224.379883 62.231201 350.125885
v -1225.529785 62.231201 351.272797
v -1224.813965 60.344398 352.883514
v -1223.699463 60.344398 351.771912
v -1222.755859 62.231201 350.126007
v -1222.125244 60.344398 351.772095
v -1222.731689 59.989300 354.112701
v -1223.796143 59.989300 355.174103
v -1181.015869 66.696297 348.539093
v -1181.631348 62.231201 350.142090
v -1179.272705 66.696297 348.550995
v -1179.937988 62.231201 350.153900
v -1177.760986 67.450203 349.167297
v -1178.033447 66.696297 349.777008
v -1147.504883 67.450203 379.485107
v -1145.149414 67.714302 378.438385
v -1178.733887 62.231201 351.344696
v -1143.421387 70.068703 377.670502
v -1148.114990 66.696297 379.756287
v -1142.137451 70.068703 378.957886
v -1140.371582 74.425003 378.227997
v -1140.371582 74.425003 380.099792
v -1142.137451 70.068703 380.776215
v -1143.903076 67.714302 379.687897
v -1143.903320 67.714302 381.452606
v -1146.310303 67.450203 380.682892
v -1146.310303 67.450203 382.374603
v -1146.933838 66.696297 380.940704
v -1146.933838 66.696297 382.613495
v -1148.537109 62.231201 381.603485
v -1148.537354 62.231201 383.227692
v -1149.684082 62.231201 380.453613
v -1150.183350 60.344398 382.283997
v -1150.183350 60.344398 383.858185
v -1152.524170 59.989300 383.251587
v -1152.524170 59.989300 384.754791
v -1151.294922 60.344398 381.169495
v -1179.453125 60.344398 352.954010
v -1158.644287 55.366100 385.781708
v -1158.644531 55.366100 387.099091
v -1153.585449 59.989300 382.187408
v -1180.475586 59.989300 355.242493
v -1180.621094 60.344398 351.799500
v -1159.574707 55.366100 384.848907
v -1182.263184 60.344398 351.787689
v -1181.592041 59.989300 354.139496
v -1183.161621 59.989300 354.127686
v -1184.131836 55.365299 360.258789
v -1183.149658 55.365700 361.226715
v -1221.228760 59.989300 354.112793
v -1185.510986 55.365700 360.246613
v -1220.201660 55.366100 360.232910
v -1218.884277 55.366100 360.233002
v -1184.247559 54.340302 360.537598
v -1185.618164 54.340099 360.526001
v -1218.777100 54.340000 360.512909
v -1221.134521 55.366100 361.163208
v -1220.085938 54.340000 360.512787
v -1244.756836 55.365700 384.738190
v -1221.012939 54.340000 361.437103
v -1244.483398 54.340099 384.860199
v -1221.257324 52.977600 360.887085
v -1223.462891 48.305801 355.923889
v -1220.318359 52.977600 359.950714
v -1223.677490 47.178699 355.441010
v -1222.415039 48.305801 354.878815
v -1218.992432 52.977600 359.950806
v -1220.935059 48.305801 354.878998
v -1185.402344 52.977600 359.963989
v -1222.618896 47.178699 354.385406
v -1183.455566 48.305500 354.893311
v -1221.124023 47.178699 354.385498
v -1222.616943 43.187801 354.390289
v -1223.675293 43.187801 355.445709
v -1183.266113 47.178699 354.400391
v -1221.122314 43.187801 354.390411
v -1222.389648 42.532600 354.940094
v -1223.436279 42.532600 355.983795
v -1249.932617 42.532700 382.425415
v -1244.298584 41.509899 384.942902
v -1220.930420 41.509899 361.622314
v -1220.007812 41.509899 360.701996
v -1220.911621 42.532600 354.940186
v -1220.009521 40.678398 360.697906
v -1220.932373 40.678398 361.618195
v -1244.302734 40.678398 384.941101
v -1221.105713 39.727901 361.228210
v -1244.691895 39.728199 384.767090
v -1223.520508 34.215698 355.793793
v -1220.174316 39.727901 360.299286
v -1222.469971 34.215698 354.745911
v -1222.793457 33.448399 353.963287
v -1222.796875 32.253399 353.955292
v -1221.285889 33.448399 353.963409
v -1221.289062 32.253399 353.955414
v -1221.289062 -0.693400 353.955414
v -1183.101074 -0.693400 353.970306
v -1183.101074 32.253399 353.970306
v -1181.526855 -0.693400 353.982086
v -1183.104248 33.448399 353.978394
v -1181.526855 32.253399 353.982086
v -1180.406738 32.253399 355.088593
v -1180.406738 -0.693400 355.088593
v -1153.431396 -0.693400 382.118896
v -1181.530273 33.448399 353.990112
v -1153.431396 32.253399 382.118896
v -1180.410156 33.448399 355.096405
v -1152.366699 -0.693400 383.186615
v -1181.854980 34.215698 354.772400
v -1153.439209 33.448399 382.122406
v -1183.404541 34.215698 354.760712
v -1180.752197 34.215698 355.861511
v -1184.159180 39.728500 360.324707
v -1220.986084 34.215698 354.746002
v -1185.536133 39.728199 360.312714
v -1218.858887 39.727901 360.299408
v -1218.706299 40.678398 360.697998
v -1185.689209 40.678398 360.710907
v -1184.324463 40.678398 360.722504
v -1185.690674 41.509899 360.714996
v -1218.704590 41.509899 360.702087
v -1183.479004 42.532700 354.954193
v -1183.268066 43.187801 354.405212
v -1184.326172 41.509899 360.726593
v -1181.934570 42.532902 354.965088
v -1181.707275 43.187801 354.416901
v -1181.705078 47.178699 354.412109
v -1181.909668 48.305099 354.904602
v -1180.594727 47.178699 355.509186
v -1180.596924 43.187801 355.513885
v -1180.836670 42.532700 356.050690
v -1183.354248 41.509899 361.684814
v -1154.395020 42.532600 382.547211
v -1160.033691 41.509899 385.052887
v -1183.352539 40.678398 361.680695
v -1160.029541 40.678398 385.051086
v -1153.857178 43.187801 382.308105
v -1183.178467 39.728199 361.291290
v -1159.639648 39.727901 384.877808
v -1154.205078 34.215698 382.462708
v -1159.109375 40.678398 385.973907
v -1158.710693 39.727901 385.809113
v -1153.157227 34.215698 383.513397
v -1152.374756 33.448399 383.189911
v -1153.157471 34.215698 384.997314
v -1158.710693 39.727901 387.124512
v -1152.374756 33.448399 384.697510
v -1159.109375 40.678398 387.277191
v -1159.113525 41.509899 387.278809
v -1152.366699 32.253399 383.186615
v -1152.366699 32.253399 384.694489
v -1152.366699 -0.693400 384.694489
v -1159.113525 41.509899 385.975586
v -1153.351562 42.532600 385.071686
v -1153.351318 42.532600 383.593689
v -1152.801758 43.187801 384.861115
v -1152.801514 43.187801 383.366394
v -1152.796875 47.178699 384.859314
v -1153.852295 47.178699 382.306000
v -1152.796875 47.178699 383.364410
v -1153.290283 48.305801 383.568390
v -1153.290283 48.305801 385.048187
v -1180.810059 48.305500 355.991211
v -1154.335205 48.305801 382.520599
v -1158.362061 52.977600 385.665009
v -1158.362061 52.977600 386.990997
v -1184.014404 52.977600 359.975586
v -1183.026123 52.977600 360.950195
v -1183.271729 54.340099 361.499786
v -1159.298584 52.977600 384.726196
v -1159.848389 54.340000 384.970612
v -1158.924316 54.340000 385.897400
v -1158.924316 54.340000 387.206299
v -1227.450439 117.645897 -383.172394
v -1229.523438 117.645897 -383.184387
v -1228.696777 117.448502 -385.048706
v -1227.670654 117.448502 -385.050812
v -1176.961426 117.645897 -383.152588
v -1176.612305 117.448502 -385.030914
v -1175.711670 117.448502 -385.017609
v -1176.955811 118.299797 -383.137390
v -1174.967041 117.645897 -383.152405
v -1173.554688 117.645897 -384.561005
v -1175.038818 117.448502 -385.682709
v -1174.960693 118.299797 -383.137207
v -1173.548096 118.299797 -384.546112
v -1137.817139 117.645897 -420.225708
v -1138.949219 117.448502 -421.800507
v -1138.240967 117.448502 -422.479401
v -1137.802490 118.299797 -420.218994
v -1136.358154 117.645897 -421.697906
v -1136.345947 117.645897 -423.770813
v -1138.261719 117.448502 -423.460388
v -1136.343018 118.299797 -421.691589
v -1136.326172 117.645897 -474.259613
v -1138.241699 117.448502 -474.518707
v -1136.330811 118.299797 -423.764893
v -1138.219238 117.448502 -475.498108
v -1136.384033 120.657898 -421.708710
v -1137.842529 120.657898 -420.236908
v -1173.565918 120.657898 -384.586395
v -1131.210938 121.906303 -417.273712
v -1174.977539 120.657898 -383.178314
v -1170.615967 121.906303 -377.948486
v -1176.971436 120.657898 -383.178497
v -1227.456299 118.299797 -383.157196
v -1174.373291 121.906303 -376.395294
v -1172.173584 121.906303 -376.395111
v -1169.893555 124.005402 -376.322815
v -1227.440430 120.657898 -383.198212
v -1229.529541 118.299797 -383.169312
v -1229.512695 120.657898 -383.210388
v -1231.002197 118.299797 -384.628815
v -1230.044189 121.906303 -376.417206
v -1230.681641 124.005402 -374.756287
v -1232.326904 121.906303 -376.429413
v -1233.947510 121.906303 -378.037201
v -1173.736816 124.005402 -374.733887
v -1171.486816 124.005402 -374.733795
v -1173.665771 125.336998 -374.548187
v -1230.752930 125.336998 -374.570587
v -1171.409912 125.336998 -374.548004
v -1233.016113 124.005402 -374.768585
v -1234.673340 124.005402 -376.412994
v -1169.812744 125.336998 -376.140991
v -1172.433350 127.485199 -377.023499
v -1174.614014 127.485199 -377.023712
v -1170.889404 127.485199 -378.563385
v -1233.093262 125.336998 -374.582886
v -1129.405029 125.336998 -416.466705
v -1234.754639 125.336998 -376.231415
v -1232.066162 127.485199 -377.057495
v -1229.802979 127.485199 -377.045197
v -1274.898438 124.005402 -416.720001
v -1233.673096 127.485199 -378.651489
v -1230.659424 128.370407 -380.446808
v -1228.501709 128.370407 -380.434692
v -1232.191895 128.370407 -381.966400
v -1230.434082 128.514496 -380.989899
v -1269.340088 128.370407 -419.190186
v -1175.912598 128.370407 -380.414093
v -1272.657715 127.485199 -417.715790
v -1275.080322 125.336998 -416.639313
v -1173.834961 128.370407 -380.413910
v -1172.363770 128.370407 -381.881195
v -1174.059570 128.514496 -380.957214
v -1176.120605 128.514496 -380.957306
v -1228.293213 128.514496 -380.977692
v -1174.689941 130.197296 -382.482391
v -1176.705078 130.197296 -382.482605
v -1172.600098 128.514496 -382.412811
v -1176.585938 131.835800 -387.068909
v -1173.263184 130.197296 -383.905304
v -1137.162109 130.197296 -419.932892
v -1175.257812 131.835800 -388.393585
v -1135.670898 128.514496 -419.266602
v -1135.139893 128.370407 -419.029297
v -1131.824951 127.485199 -417.548187
v -1133.620605 128.370407 -420.561615
v -1134.163330 128.514496 -420.787109
v -1135.688232 130.197296 -421.419891
v -1133.608154 128.370407 -422.719696
v -1134.151367 128.514496 -422.928192
v -1135.676025 130.197296 -423.513611
v -1133.587646 128.370407 -475.308502
v -1140.273193 131.835800 -423.322906
v -1141.646484 131.835800 -421.936615
v -1130.218750 127.485199 -421.418304
v -1130.230957 127.485199 -419.154907
v -1127.756348 125.336998 -418.127899
v -1127.744141 125.336998 -420.468201
v -1127.942139 124.005402 -418.204987
v -1129.586426 124.005402 -416.547913
v -1129.602783 121.906303 -418.894287
v -1127.929688 124.005402 -420.539398
v -1129.590820 121.906303 -421.177185
v -1136.371826 120.657898 -423.780701
v -1127.907471 124.005402 -477.484406
v -1129.568848 121.906303 -476.847992
v -1136.352051 120.657898 -474.249695
v -1136.311035 118.299797 -474.265503
v -1136.352051 120.657898 -476.243500
v -1129.568604 121.906303 -479.047699
v -1136.325928 117.645897 -476.254303
v -1136.310791 118.299797 -476.260590
v -1137.734619 117.645897 -477.666595
v -1137.719727 118.299797 -477.673187
v -1138.946289 117.448502 -476.219696
v -1137.759766 120.657898 -477.655304
v -1173.399170 117.645897 -513.403870
v -1175.064209 117.448502 -512.309326
v -1175.697998 117.448502 -512.998901
v -1173.392578 118.299797 -513.418823
v -1174.871338 117.645897 -514.863220
v -1176.944336 117.645897 -514.875305
v -1176.723877 117.448502 -512.996826
v -1174.865234 118.299797 -514.878418
v -1227.433105 117.645897 -514.895020
v -1227.782227 117.448502 -513.016785
v -1176.938477 118.299797 -514.890503
v -1228.683350 117.448502 -513.030029
v -1174.882324 120.657898 -514.837280
v -1173.410400 120.657898 -513.378601
v -1170.447266 121.906303 -520.010376
v -1131.122070 121.906303 -480.605103
v -1129.496094 124.005402 -481.327606
v -1172.067871 121.906303 -521.618286
v -1127.907471 124.005402 -479.734497
v -1169.721436 124.005402 -521.634705
v -1127.721680 125.336998 -477.555389
v -1127.721680 125.336998 -479.811188
v -1130.197266 127.485199 -476.607300
v -1130.197021 127.485199 -478.787994
v -1129.314453 125.336998 -481.408386
v -1133.587402 128.370407 -477.386414
v -1131.736816 127.485199 -480.332001
v -1169.640137 125.336998 -521.816284
v -1135.054932 128.370407 -478.857513
v -1134.130859 128.514496 -477.161804
v -1134.130859 128.514496 -475.100494
v -1135.656006 130.197296 -476.531311
v -1135.656006 130.197296 -474.516296
v -1135.586426 128.514496 -478.621307
v -1140.242432 131.835800 -474.635193
v -1140.242676 131.835800 -472.759491
v -1137.078857 130.197296 -477.958008
v -1173.106445 130.197296 -514.059021
v -1141.567139 131.835800 -475.963409
v -1150.067139 133.016800 -470.573914
v -1140.261230 131.835800 -425.273987
v -1150.067139 133.016800 -468.996185
v -1151.181152 133.016800 -471.691010
v -1150.094482 133.016800 -427.399200
v -1151.466309 133.016800 -469.995392
v -1150.082764 133.016800 -429.045013
v -1151.466553 133.016800 -468.460205
v -1151.493652 133.016800 -427.979706
v -1151.466553 131.506607 -468.460205
v -1151.466309 131.506607 -469.995392
v -1151.481689 131.506607 -429.582001
v -1152.550537 133.016800 -471.082397
v -1152.550537 131.506607 -471.082397
v -1151.481689 133.016800 -429.582001
v -1151.493652 131.506607 -427.979706
v -1152.619873 131.506607 -426.839996
v -1180.013428 133.016800 -498.601410
v -1180.013428 131.506607 -498.601410
v -1181.153320 133.016800 -499.727692
v -1181.153320 131.506607 -499.727692
v -1179.402100 133.016800 -499.969513
v -1175.110107 131.835800 -509.574890
v -1180.572510 133.016800 -501.126495
v -1176.496338 131.835800 -510.947998
v -1182.755615 133.016800 -499.739502
v -1182.755615 131.506607 -499.739502
v -1182.218506 133.016800 -501.138306
v -1178.447510 131.835800 -510.959991
v -1221.633789 133.016800 -499.754700
v -1221.633789 131.506607 -499.754700
v -1222.169678 133.016800 -501.153900
v -1223.168945 133.016800 -499.754791
v -1223.168945 131.506607 -499.754791
v -1224.255859 133.016800 -498.670685
v -1224.255859 131.506607 -498.670685
v -1251.774902 133.016800 -471.207703
v -1251.774902 131.506607 -471.207703
v -1224.864502 133.016800 -500.040009
v -1252.901367 131.506607 -470.067902
v -1223.747314 133.016800 -501.154114
v -1253.142822 133.016800 -471.819000
v -1252.901367 133.016800 -470.067902
v -1252.913086 133.016800 -468.465607
v -1252.913086 131.506607 -468.465607
v -1252.928223 133.016800 -429.587494
v -1252.928223 131.506607 -429.587494
v -1254.311768 133.016800 -469.002686
v -1254.300049 133.016800 -470.648499
v -1252.928223 133.016800 -428.052185
v -1252.928223 131.506607 -428.052185
v -1254.327637 133.016800 -429.051514
v -1264.133545 131.835800 -472.773590
v -1262.748535 131.835800 -476.110992
v -1264.121582 131.835800 -474.724792
v -1268.718506 130.197296 -474.534088
v -1229.136963 131.835800 -509.654114
v -1267.232422 130.197296 -478.114685
v -1264.152100 131.835800 -425.288208
v -1254.327637 133.016800 -427.473785
v -1253.213623 133.016800 -426.356812
v -1264.152344 131.835800 -423.412415
v -1251.844238 133.016800 -426.965210
v -1251.844238 131.506607 -426.965210
v -1224.381348 133.016800 -399.446198
v -1224.381348 131.506607 -399.446198
v -1262.827637 131.835800 -422.084290
v -1223.241455 133.016800 -398.320007
v -1223.241455 131.506607 -398.320007
v -1224.992432 133.016800 -398.078186
v -1229.284668 131.835800 -388.472809
v -1221.639160 133.016800 -398.308197
v -1221.639160 131.506607 -398.308197
v -1223.822021 133.016800 -396.921112
v -1222.176270 133.016800 -396.909302
v -1182.760986 133.016800 -398.292999
v -1182.760986 131.506607 -398.292999
v -1181.225830 133.016800 -398.292786
v -1181.225830 131.506607 -398.292786
v -1182.225098 133.016800 -396.893707
v -1225.947266 131.835800 -387.087585
v -1180.138672 133.016800 -399.377014
v -1180.138672 131.506607 -399.377014
v -1179.530273 133.016800 -398.007690
v -1152.619873 133.016800 -426.839996
v -1151.251709 133.016800 -426.228607
v -1180.647217 133.016800 -396.893494
v -1178.461914 131.835800 -387.069092
v -1227.707520 130.197296 -382.502594
v -1227.898438 131.835800 -387.099701
v -1229.801270 130.197296 -382.514587
v -1231.288330 130.197296 -383.988708
v -1231.954590 128.514496 -382.497406
v -1267.315918 130.197296 -420.089691
v -1268.808594 128.514496 -419.426392
v -1268.738770 130.197296 -421.516388
v -1268.738525 130.197296 -423.531403
v -1270.264160 128.514496 -420.885895
v -1270.263916 128.514496 -422.947113
v -1270.807373 128.370407 -420.661285
v -1270.807129 128.370407 -422.739105
v -1270.243408 128.514496 -475.119385
v -1268.706543 130.197296 -476.627686
v -1274.197754 127.485199 -419.259796
v -1274.197510 127.485199 -421.440399
v -1276.673340 125.336998 -418.236511
v -1276.487549 124.005402 -418.313202
v -1276.672852 125.336998 -420.492188
v -1276.487305 124.005402 -420.563293
v -1274.825928 121.906303 -419.000000
v -1273.272705 121.906303 -417.442505
v -1276.650635 125.336998 -477.579498
v -1274.176025 127.485199 -476.629303
v -1270.786377 128.370407 -475.327911
v -1270.231201 128.514496 -477.260590
v -1270.774414 128.370407 -477.485992
v -1274.163818 127.485199 -478.892700
v -1269.254883 128.370407 -479.018311
v -1268.723633 128.514496 -478.781097
v -1276.638428 125.336998 -479.919708
v -1272.569580 127.485199 -480.499603
v -1232.031006 128.370407 -516.166382
v -1231.794922 128.514496 -515.634888
v -1231.131592 130.197296 -514.142273
v -1274.989990 125.336998 -481.580902
v -1233.505615 127.485199 -519.484314
v -1227.808838 131.835800 -510.978790
v -1229.704834 130.197296 -515.565186
v -1225.933105 131.835800 -510.978607
v -1227.689941 130.197296 -515.565125
v -1176.687012 130.197296 -515.545227
v -1228.273926 128.514496 -517.090271
v -1230.335449 128.514496 -517.090515
v -1174.593506 130.197296 -515.533020
v -1176.101807 128.514496 -517.069885
v -1228.482178 128.370407 -517.633484
v -1230.559814 128.370407 -517.633728
v -1172.440186 128.514496 -515.550171
v -1173.960449 128.514496 -517.057678
v -1172.202881 128.370407 -516.081421
v -1175.893311 128.370407 -517.612915
v -1173.735352 128.370407 -517.600830
v -1170.721680 127.485199 -519.396179
v -1172.328369 127.485199 -520.990173
v -1174.591797 127.485199 -521.002380
v -1171.301270 125.336998 -523.464783
v -1229.780762 127.485199 -521.023987
v -1173.641602 125.336998 -523.477112
v -1171.378418 124.005402 -523.279114
v -1173.712891 124.005402 -523.291382
v -1231.961426 127.485199 -521.024170
v -1230.729004 125.336998 -523.499512
v -1230.657715 124.005402 -523.313721
v -1174.350830 121.906303 -521.630615
v -1232.984863 125.336998 -523.499573
v -1234.582031 125.336998 -521.906677
v -1232.907959 124.005402 -523.313782
v -1234.501221 124.005402 -521.724915
v -1232.221191 121.906303 -521.652527
v -1230.021484 121.906303 -521.652283
v -1176.954102 120.657898 -514.849426
v -1227.423340 120.657898 -514.869080
v -1229.416992 120.657898 -514.869324
v -1227.438965 118.299797 -514.910278
v -1233.778809 121.906303 -520.099182
v -1229.434082 118.299797 -514.910400
v -1229.427979 117.645897 -514.895203
v -1230.846680 118.299797 -513.501526
v -1230.840088 117.645897 -513.486694
v -1229.355957 117.448502 -512.364990
v -1230.828857 120.657898 -513.461304
v -1273.184082 121.906303 -480.773987
v -1266.552246 120.657898 -477.810699
v -1266.592285 118.299797 -477.828613
v -1266.577393 117.645897 -477.821991
v -1265.445557 117.448502 -476.247101
v -1266.153809 117.448502 -475.568207
v -1274.808350 124.005402 -481.499786
v -1268.010986 120.657898 -476.338989
v -1274.791748 121.906303 -479.153412
v -1276.452637 124.005402 -479.842712
v -1276.464844 124.005402 -477.508209
v -1274.804199 121.906303 -476.870514
v -1274.825928 121.906303 -421.199707
v -1268.022949 120.657898 -474.266907
v -1268.042969 120.657898 -421.804108
v -1268.042725 120.657898 -423.798004
v -1268.063965 118.299797 -474.282715
v -1268.052002 118.299797 -476.356110
v -1268.036621 117.645897 -476.349701
v -1268.048828 117.645897 -474.276886
v -1266.133057 117.448502 -474.587311
v -1266.184814 117.448502 -423.515808
v -1268.068604 117.645897 -422.764496
v -1266.175537 117.448502 -422.549591
v -1268.083984 118.299797 -422.758392
v -1268.068604 117.645897 -421.793396
v -1268.083984 118.299797 -421.787109
v -1266.675049 118.299797 -420.374512
v -1266.660156 117.645897 -420.381012
v -1265.448486 117.448502 -421.827911
v -1266.634766 120.657898 -420.392303
v -1230.984131 120.657898 -384.669098
v -1230.995605 117.645897 -384.643707
v -1229.330566 117.448502 -385.738403
v -1251.203857 96.222000 -428.765198
v -1201.187500 96.222000 -450.636292
v -1251.167480 96.222000 -469.348389
v -1222.521973 96.222000 -400.053589
v -1222.456055 96.222000 -498.030212
v -1252.928223 96.222000 -429.587494
v -1252.913086 96.222000 -468.465607
v -1252.928223 96.869301 -429.587494
v -1252.913086 96.869301 -468.465607
v -1252.928223 96.869301 -428.052185
v -1252.901367 96.222000 -470.067902
v -1252.901367 96.869301 -470.067902
v -1251.774902 96.222000 -471.207703
v -1251.774902 96.869301 -471.207703
v -1224.255859 96.222000 -498.670685
v -1224.255859 96.869301 -498.670685
v -1223.168945 96.222000 -499.754791
v -1223.168945 96.869301 -499.754791
v -1221.633789 96.222000 -499.754700
v -1221.633789 96.869301 -499.754700
v -1181.884033 96.222000 -497.988007
v -1182.755615 96.222000 -499.739410
v -1182.755615 96.869301 -499.739410
v -1181.235840 96.222000 -499.728302
v -1181.153320 96.869301 -499.727692
v -1180.013428 96.222000 -498.601410
v -1180.013428 96.869301 -498.601410
v -1153.191162 96.222000 -469.282501
v -1152.550537 96.222000 -471.082397
v -1152.550537 96.869301 -471.082397
v -1151.466309 96.869301 -469.995392
v -1151.466309 96.222000 -469.965088
v -1151.466553 96.869301 -468.460205
v -1151.466553 96.222000 -468.460205
v -1153.227051 96.222000 -428.699310
v -1151.481689 96.222000 -429.582001
v -1151.481689 96.869301 -429.582001
v -1151.493652 96.222000 -427.979797
v -1151.493652 96.869301 -427.979797
v -1181.938721 96.222000 -400.017487
v -1152.619873 96.222000 -426.839996
v -1152.619873 96.869301 -426.839996
v -1180.138672 96.222000 -399.377014
v -1180.138672 96.869301 -399.377014
v -1181.225830 96.222000 -398.292908
v -1181.225830 96.869301 -398.292908
v -1182.760986 96.222000 -398.292999
v -1182.760986 96.869301 -398.292999
v -1221.639160 96.222000 -398.308197
v -1221.639160 96.869301 -398.308197
v -1223.241455 96.222000 -398.320007
v -1223.241455 96.869301 -398.320007
v -1224.381348 96.222000 -399.446289
v -1224.381348 96.869301 -399.446289
v -1251.844238 96.222000 -426.965210
v -1251.844238 96.869301 -426.965210
v -1252.928223 96.222000 -428.052185
v -1223.241455 96.869301 -398.320007
v -1223.241455 131.506607 -398.320007
v -1221.639160 131.506607 -398.308197
v -1224.381348 96.869301 -399.446289
v -1221.639160 96.869301 -398.308197
v -1224.381348 131.506607 -399.446198
v -1182.760986 131.506607 -398.292999
v -1251.844238 96.869301 -426.965210
v -1182.760986 96.869301 -398.292999
v -1251.844238 131.506607 -426.965210
v -1181.225830 131.506607 -398.292786
v -1252.928223 96.869301 -428.052185
v -1181.225830 96.869301 -398.292908
v -1252.928223 131.506607 -428.052185
v -1252.928223 96.869301 -429.587494
v -1252.928223 131.506607 -429.587494
v -1180.138672 131.506607 -399.377014
v -1180.138672 96.869301 -399.377014
v -1152.619873 131.506607 -426.839996
v -1152.619873 96.869301 -426.839996
v -1151.493652 131.506607 -427.979706
v -1151.493652 96.869301 -427.979797
v -1151.481689 131.506607 -429.582001
v -1151.481689 96.869301 -429.582001
v -1151.466553 131.506607 -468.460205
v -1151.466553 96.869301 -468.460205
v -1151.466553 96.869301 -468.460205
v -1151.466553 131.506607 -468.460205
v -1151.466309 131.506607 -469.995392
v -1151.466309 96.869301 -469.995392
v -1152.550537 131.506607 -471.082397
v -1152.550537 96.869301 -471.082397
v -1180.013428 131.506607 -498.601410
v -1180.013428 96.869301 -498.601410
v -1181.153320 131.506607 -499.727692
v -1181.153320 96.869301 -499.727692
v -1182.755615 131.506607 -499.739502
v -1182.755615 96.869301 -499.739410
v -1221.633789 131.506607 -499.754700
v -1221.633789 96.869301 -499.754700
v -1223.168945 131.506607 -499.754791
v -1223.168945 96.869301 -499.754791
v -1224.255859 131.506607 -498.670685
v -1224.255859 96.869301 -498.670685
v -1251.774902 131.506607 -471.207703
v -1251.774902 96.869301 -471.207703
v -1252.901367 131.506607 -470.067902
v -1252.901367 96.869301 -470.067902
v -1252.913086 96.869301 -468.465607
v -1252.913086 131.506607 -468.465607
v -1252.928223 131.506607 -429.587494
v -1252.928223 96.869301 -429.587494
v -1174.608643 75.381203 -380.003510
v -1172.822266 78.442200 -375.521515
v -1231.468506 78.442200 -375.544403
v -1226.794678 74.425003 -387.243713
v -1177.486816 74.425003 -387.224396
v -1176.599121 74.425003 -387.224396
v -1229.678467 75.381203 -380.025085
v -1227.730225 74.425003 -387.254486
v -1230.720459 75.381203 -380.035889
v -1231.464600 75.381203 -380.765015
v -1228.399414 74.425003 -387.908386
v -1270.420166 75.381203 -419.690002
v -1263.279053 74.425003 -422.760803
v -1233.367188 78.442200 -376.330902
v -1263.941406 74.425003 -423.448486
v -1232.576416 78.442200 -375.555206
v -1274.852783 78.442200 -417.783905
v -1271.160156 75.381203 -420.458405
v -1271.180420 75.381203 -421.525208
v -1263.959473 74.425003 -424.403290
v -1275.662354 78.442200 -419.738708
v -1275.641113 78.442200 -418.602509
v -1275.646729 79.331398 -418.600189
v -1275.667969 79.331398 -419.736511
v -1274.858398 79.331398 -417.781494
v -1275.308838 80.205101 -418.740204
v -1275.329590 80.205704 -419.871399
v -1233.369629 79.331398 -376.325409
v -1274.523438 80.205704 -417.925507
v -1273.770752 81.870003 -419.377197
v -1273.793945 81.867599 -420.483490
v -1233.225830 80.206001 -376.660706
v -1273.004883 81.867599 -418.578613
v -1270.656006 84.125099 -420.667389
v -1270.670410 84.127602 -421.728485
v -1267.533203 85.548500 -421.960907
v -1267.552002 85.548500 -422.971313
v -1269.915771 84.127602 -419.906891
v -1231.247070 84.128799 -381.272095
v -1267.528320 88.386597 -421.962891
v -1267.547363 88.386597 -422.973206
v -1266.832031 85.548500 -421.233002
v -1266.134277 88.459503 -422.540314
v -1266.152832 88.459503 -423.529114
v -1266.175537 117.448502 -422.549591
v -1266.184814 117.448502 -423.515808
v -1265.448242 88.459503 -421.828003
v -1265.448486 117.448502 -421.827911
v -1266.827393 88.386597 -421.234985
v -1229.330566 117.448502 -385.738403
v -1229.924561 85.548500 -384.354401
v -1229.922363 88.386597 -384.359100
v -1229.330566 88.459503 -385.738495
v -1228.638428 88.459503 -385.061707
v -1228.696777 117.448502 -385.048706
v -1227.670654 117.448502 -385.050812
v -1229.216064 88.386597 -383.667786
v -1227.670654 88.459503 -385.050995
v -1229.218018 85.548500 -383.662994
v -1228.227539 88.386597 -383.657013
v -1176.612549 88.459503 -385.030914
v -1176.612305 117.448502 -385.030914
v -1175.711670 117.448502 -385.017609
v -1228.229492 85.548500 -383.652191
v -1176.056885 88.386597 -383.636597
v -1175.690674 88.459503 -385.030914
v -1175.038818 88.459503 -385.682892
v -1175.038818 117.448502 -385.682709
v -1138.949219 117.448502 -421.800507
v -1138.949463 88.459503 -421.800507
v -1138.272705 88.459503 -422.492615
v -1138.240967 117.448502 -422.479401
v -1137.570068 88.386597 -421.208588
v -1138.261719 117.448502 -423.460388
v -1174.445801 88.386597 -384.303802
v -1136.878662 88.386597 -421.915192
v -1175.113037 88.386597 -383.636505
v -1138.261963 88.459503 -423.460388
v -1138.241943 88.459503 -474.518585
v -1138.241699 117.448502 -474.518707
v -1136.867920 88.386597 -422.903595
v -1136.847412 88.386597 -475.074402
v -1136.863037 85.548500 -422.901611
v -1136.842773 85.548500 -475.076294
v -1136.873779 85.548500 -421.913208
v -1133.748535 84.128799 -421.657410
v -1133.724365 84.127602 -476.319305
v -1137.565186 85.548500 -421.206512
v -1134.482910 84.128799 -419.884003
v -1174.443848 85.548500 -384.299103
v -1133.756104 84.127403 -420.621796
v -1130.622070 81.866402 -420.408386
v -1130.600830 81.867599 -477.564301
v -1131.389160 81.866402 -418.556488
v -1129.088379 80.206001 -419.795807
v -1129.065430 80.205704 -478.176208
v -1130.634277 81.867798 -419.328613
v -1128.749756 79.331398 -419.660492
v -1128.726807 79.331398 -478.311188
v -1129.099121 80.205704 -418.692688
v -1129.871582 80.206001 -417.905304
v -1171.788330 81.865097 -378.123993
v -1128.760742 79.331398 -418.552490
v -1128.755371 78.442200 -419.662689
v -1128.732178 78.442200 -478.308990
v -1133.214355 75.381203 -476.522491
v -1128.766113 78.442200 -418.554810
v -1129.536377 79.331398 -417.761414
v -1129.541748 78.442200 -417.763794
v -1170.992432 79.331398 -376.272797
v -1133.246826 75.381203 -420.410797
v -1133.236084 75.381203 -421.452606
v -1140.454834 74.425003 -424.336395
v -1140.435303 74.425003 -473.644287
v -1140.465576 74.425003 -423.400787
v -1133.975830 75.381203 -419.666412
v -1141.119385 74.425003 -422.731598
v -1172.900879 75.381203 -380.710999
v -1175.971680 74.425003 -387.852112
v -1170.994873 78.442200 -376.278412
v -1173.608154 75.381203 -380.003510
v -1171.751709 78.442200 -375.521393
v -1171.749268 79.331398 -375.515686
v -1172.820068 79.331398 -375.515808
v -1171.889893 80.206299 -375.855011
v -1231.470703 79.331398 -375.538788
v -1171.136719 80.206299 -376.608307
v -1172.955078 80.206299 -375.855011
v -1232.578613 79.331398 -375.549713
v -1172.524658 81.865196 -377.387695
v -1232.438477 80.205704 -375.888092
v -1231.335449 80.206001 -375.877594
v -1173.565918 81.865097 -377.387695
v -1231.802490 81.867798 -377.423401
v -1230.722656 81.866402 -377.411285
v -1173.821533 84.130096 -380.518799
v -1232.574707 81.866402 -378.178314
v -1230.509277 84.127403 -380.545288
v -1229.473633 84.128799 -380.537598
v -1174.813965 84.130096 -380.519012
v -1176.054688 85.548500 -383.631805
v -1175.111084 85.548500 -383.631714
v -1173.120117 84.130096 -381.220703
v -1274.853027 78.442200 -480.283813
v -1233.400146 78.442200 -521.769287
v -1231.493896 75.381203 -517.336670
v -1233.402344 79.331398 -521.774780
v -1230.786621 75.381203 -518.044189
v -1232.643066 78.442200 -522.526428
v -1232.645264 79.331398 -522.531921
v -1231.572754 78.442200 -522.526184
v -1229.786133 75.381203 -518.044128
v -1227.795654 74.425003 -510.823303
v -1228.423096 74.425003 -510.195709
v -1263.275391 74.425003 -475.316010
v -1226.907959 74.425003 -510.823212
v -1177.600098 74.425003 -510.803894
v -1270.418945 75.381203 -478.381195
v -1263.929443 74.425003 -474.646912
v -1174.716309 75.381203 -518.022583
v -1176.664551 74.425003 -510.793213
v -1172.926270 78.442200 -522.503296
v -1173.674561 75.381203 -518.011719
v -1172.929932 75.381203 -517.282715
v -1175.995361 74.425003 -510.139191
v -1133.974609 75.381203 -478.357697
v -1141.115723 74.425003 -475.286896
v -1171.027344 78.442200 -521.716675
v -1140.453369 74.425003 -474.599091
v -1171.818604 78.442200 -522.492371
v -1129.541992 78.442200 -480.263702
v -1133.234375 75.381203 -477.589203
v -1133.214355 75.381203 -476.522491
v -1140.435303 74.425003 -473.644287
v -1128.732178 78.442200 -478.308990
v -1128.753662 78.442200 -479.445312
v -1128.748291 79.331398 -479.447601
v -1128.726807 79.331398 -478.311188
v -1129.536621 79.331398 -480.266205
v -1129.085938 80.205101 -479.307587
v -1129.065430 80.205704 -478.176208
v -1171.025146 79.331398 -521.722290
v -1129.871338 80.205704 -480.122192
v -1130.624023 81.870003 -478.670502
v -1130.600830 81.867599 -477.564301
v -1171.168945 80.206001 -521.387024
v -1131.389893 81.867599 -479.469208
v -1133.739014 84.125099 -477.380188
v -1133.724365 84.127602 -476.319305
v -1136.861816 85.548500 -476.086700
v -1136.842773 85.548500 -475.076294
v -1134.479004 84.127602 -478.140686
v -1173.147705 84.128799 -516.775513
v -1136.866455 88.386597 -476.084808
v -1136.847412 88.386597 -475.074402
v -1137.562744 85.548500 -476.814697
v -1138.260498 88.459503 -475.507385
v -1138.241943 88.459503 -474.518585
v -1138.219238 117.448502 -475.498108
v -1138.241699 117.448502 -474.518707
v -1138.946533 88.459503 -476.219696
v -1138.946289 117.448502 -476.219696
v -1137.567627 88.386597 -476.812592
v -1175.064209 117.448502 -512.309326
v -1174.470215 85.548500 -513.693298
v -1174.472168 88.386597 -513.688599
v -1175.064209 88.459503 -512.309204
v -1175.756104 88.459503 -512.986023
v -1175.697998 117.448502 -512.998901
v -1176.723877 117.448502 -512.996826
v -1175.178955 88.386597 -514.379883
v -1176.724121 88.459503 -512.996704
v -1175.176758 85.548500 -514.384583
v -1176.167236 88.386597 -514.390625
v -1227.782227 88.459503 -513.016724
v -1227.782227 117.448502 -513.016785
v -1228.683350 117.448502 -513.030029
v -1176.165283 85.548500 -514.395386
v -1228.338135 88.386597 -514.411072
v -1228.704102 88.459503 -513.016785
v -1229.355957 88.459503 -512.364929
v -1229.355957 117.448502 -512.364990
v -1265.445557 117.448502 -476.247101
v -1265.445312 88.459503 -476.247101
v -1266.122070 88.459503 -475.555115
v -1266.153809 117.448502 -475.568207
v -1266.824951 88.386597 -476.839111
v -1266.133057 117.448502 -474.587311
v -1229.948975 88.386597 -513.743896
v -1267.516113 88.386597 -476.132599
v -1229.281738 88.386597 -514.411072
v -1266.132812 88.459503 -474.587189
v -1266.152832 88.459503 -423.529114
v -1266.184814 117.448502 -423.515808
v -1267.526855 88.386597 -475.144012
v -1267.547363 88.386597 -422.973206
v -1267.531738 85.548500 -475.146088
v -1267.552002 85.548500 -422.971313
v -1267.520996 85.548500 -476.134491
v -1270.646240 84.128799 -476.390289
v -1270.670410 84.127602 -421.728485
v -1266.829590 85.548500 -476.841095
v -1269.911865 84.128799 -478.163605
v -1229.950928 85.548500 -513.748596
v -1270.638428 84.127403 -477.425903
v -1273.772705 81.866402 -477.639191
v -1273.793945 81.867599 -420.483490
v -1273.005615 81.866402 -479.491089
v -1275.306152 80.206001 -478.251801
v -1275.329590 80.205704 -419.871399
v -1273.760498 81.867798 -478.718994
v -1275.645020 79.331398 -478.387207
v -1275.667969 79.331398 -419.736511
v -1275.295898 80.205704 -479.354889
v -1274.523193 80.206001 -480.142303
v -1232.606445 81.865097 -519.923584
v -1275.634277 79.331398 -479.495087
v -1275.639404 78.442200 -478.385010
v -1275.662354 78.442200 -419.738708
v -1271.180420 75.381203 -421.525208
v -1275.628662 78.442200 -479.492889
v -1274.858398 79.331398 -480.286285
v -1271.147949 75.381203 -477.636902
v -1271.158936 75.381203 -476.595001
v -1263.940186 74.425003 -473.711212
v -1263.959473 74.425003 -424.403290
v -1233.258301 80.206299 -521.439514
v -1232.504883 80.206299 -522.192688
v -1231.870117 81.865196 -520.659973
v -1231.574951 79.331398 -522.531799
v -1231.439697 80.206299 -522.192688
v -1172.924072 79.331398 -522.508911
v -1171.816162 79.331398 -522.497986
v -1171.956543 80.205704 -522.159485
v -1173.059326 80.206001 -522.169983
v -1230.828613 81.865097 -520.659973
v -1172.592285 81.867798 -520.624329
v -1173.672119 81.866402 -520.636475
v -1171.820312 81.866402 -519.869324
v -1173.885498 84.127403 -517.502380
v -1174.920898 84.128799 -517.510071
v -1229.580566 84.130096 -517.528687
v -1228.339844 85.548500 -514.415771
v -1229.283691 85.548500 -514.416016
v -1230.572998 84.130096 -517.528870
v -1231.274658 84.130096 -516.827026
v -1221.293701 32.253399 -399.208191
v -1222.867920 32.253399 -399.219788
v -1222.867920 -0.693400 -399.219788
v -1221.293701 -0.693400 -399.208191
v -1183.105957 32.253399 -399.193207
v -1183.105957 -0.693400 -399.193207
v -1181.597900 -0.693400 -399.193115
v -1221.290527 33.448399 -399.216187
v -1223.988037 32.253399 -400.326385
v -1223.988037 -0.693400 -400.326385
v -1250.963379 -0.693400 -427.356812
v -1223.984375 33.448399 -400.334198
v -1250.963379 32.253399 -427.356812
v -1252.028076 -0.693400 -428.424408
v -1222.864746 33.448399 -399.227905
v -1250.955322 33.448399 -427.360291
v -1222.540039 34.215698 -400.010193
v -1223.642578 34.215698 -401.099304
v -1220.990234 34.215698 -399.998505
v -1252.028076 32.253399 -428.424408
v -1252.028076 32.253399 -429.932312
v -1252.028076 -0.693400 -429.932312
v -1252.020020 33.448399 -429.935394
v -1252.020020 33.448399 -428.427704
v -1251.237549 34.215698 -428.751190
v -1251.237305 34.215698 -430.235107
v -1250.189697 34.215698 -427.700500
v -1245.684082 39.727901 -431.046997
v -1245.684082 39.727901 -432.362305
v -1245.285645 40.678398 -431.211700
v -1245.285400 40.678398 -432.515015
v -1245.281250 41.509899 -432.516602
v -1244.755127 39.727901 -430.115601
v -1245.281494 41.509899 -431.213409
v -1251.043213 42.532600 -430.309601
v -1244.365234 40.678398 -430.288910
v -1251.043213 42.532600 -428.831512
v -1251.593018 43.187801 -430.098907
v -1244.361084 41.509899 -430.290802
v -1249.999512 42.532600 -427.785004
v -1251.593262 43.187801 -428.604187
v -1251.597900 47.178699 -430.096985
v -1250.537598 43.187801 -427.545807
v -1251.597900 47.178699 -428.602203
v -1250.542480 47.178699 -427.543793
v -1251.104736 48.305801 -428.806213
v -1251.104492 48.305801 -430.286102
v -1246.032715 52.977600 -430.902802
v -1246.032471 52.977600 -432.228790
v -1250.059570 48.305801 -427.758392
v -1223.800049 47.178699 -400.746887
v -1223.584717 48.305500 -401.229095
v -1245.470703 54.340000 -431.135315
v -1245.470459 54.340000 -432.444214
v -1245.750488 55.366100 -432.336914
v -1245.096436 52.977600 -429.963989
v -1221.368896 52.977600 -406.187988
v -1244.546143 54.340000 -430.208405
v -1245.750488 55.366100 -431.019501
v -1251.870605 59.989300 -429.992615
v -1221.123291 54.340099 -406.737701
v -1244.820068 55.366100 -430.086700
v -1251.870850 59.989300 -428.489502
v -1254.211426 60.344398 -429.096008
v -1250.809326 59.989300 -427.425201
v -1221.245361 55.365700 -406.464386
v -1223.919189 59.989300 -400.480286
v -1253.099854 60.344398 -426.407196
v -1254.211426 60.344398 -427.521912
v -1255.857422 62.231201 -428.465515
v -1255.857422 62.231201 -426.841309
v -1257.460938 66.696297 -427.851288
v -1254.710693 62.231201 -425.691498
v -1224.941895 60.344398 -398.191803
v -1256.279785 66.696297 -424.994110
v -1257.460938 66.696297 -426.178497
v -1258.084473 67.450203 -427.612396
v -1225.660889 62.231201 -396.582489
v -1256.890137 67.450203 -424.722992
v -1258.084717 67.450203 -425.920685
v -1260.491455 67.714302 -426.690399
v -1260.491455 67.714302 -424.925690
v -1262.257324 70.068703 -426.014008
v -1259.245361 67.714302 -423.676208
v -1262.257568 70.068703 -424.195709
v -1264.022949 74.425003 -425.337708
v -1264.023193 74.425003 -423.465790
v -1262.701416 74.425003 -422.140289
v -1260.973389 70.068703 -422.908295
v -1227.685303 67.714302 -392.051788
v -1228.456787 70.068703 -390.325409
v -1229.228271 74.425003 -388.598907
v -1227.112305 70.068703 -388.993896
v -1227.844727 74.425003 -387.228699
v -1225.897705 74.425003 -387.216705
v -1226.379639 67.714302 -390.759094
v -1225.219727 70.068703 -388.981903
v -1179.187744 70.068703 -388.963898
v -1178.511230 74.425003 -387.198090
v -1224.542236 67.714302 -390.747314
v -1177.369385 70.068703 -388.963806
v -1176.639404 74.425003 -387.197998
v -1175.313965 74.425003 -388.519806
v -1179.864014 67.714302 -390.729706
v -1178.099121 67.714302 -390.729614
v -1176.081787 70.068703 -390.247803
v -1143.499023 70.068703 -422.764496
v -1141.772461 74.425003 -421.993011
v -1176.849854 67.714302 -391.975800
v -1145.225342 67.714302 -423.535889
v -1142.167480 70.068703 -424.109100
v -1140.402344 74.425003 -423.376495
v -1140.390381 74.425003 -425.323486
v -1143.932617 67.714302 -424.841705
v -1142.155518 70.068703 -426.001312
v -1142.137451 70.068703 -472.033600
v -1140.371582 74.425003 -472.709991
v -1143.903320 67.714302 -471.357208
v -1143.920654 67.714302 -426.679108
v -1146.310303 67.450203 -470.435211
v -1146.338867 67.450203 -425.840393
v -1146.327148 67.450203 -427.602997
v -1146.933838 66.696297 -470.196411
v -1147.578613 67.450203 -424.587494
v -1146.950439 66.696297 -427.842285
v -1146.962402 66.696297 -426.099091
v -1148.537354 62.231201 -469.582214
v -1177.896484 67.450203 -394.331207
v -1148.188477 66.696297 -424.859894
v -1148.565186 62.231201 -426.764404
v -1148.553467 62.231201 -428.457794
v -1150.183350 60.344398 -468.951691
v -1179.094238 67.450203 -393.136688
v -1180.785889 67.450203 -393.136810
v -1179.352051 66.696297 -393.760315
v -1178.167725 66.696297 -394.941406
v -1181.024902 66.696297 -393.760406
v -1223.618164 67.450203 -393.153595
v -1225.380859 67.450203 -393.165497
v -1226.633789 67.450203 -394.405212
v -1225.122070 66.696297 -393.788788
v -1226.361328 66.696297 -395.014801
v -1224.456787 62.231201 -395.391693
v -1223.378906 66.696297 -393.776886
v -1223.773926 60.344398 -397.037201
v -1222.763428 62.231201 -395.379913
v -1181.638916 62.231201 -395.363800
v -1180.014893 62.231201 -395.363708
v -1222.802734 59.989300 -399.377289
v -1222.131592 60.344398 -397.025513
v -1182.269531 60.344398 -397.009888
v -1220.262939 55.365299 -405.496613
v -1221.233398 59.989300 -399.365509
v -1183.166260 59.989300 -399.350586
v -1180.695312 60.344398 -397.009705
v -1181.662842 59.989300 -399.350494
v -1185.510498 55.366100 -405.470795
v -1184.193115 55.366100 -405.470795
v -1178.864990 62.231201 -396.510590
v -1179.580811 60.344398 -398.121307
v -1180.598877 59.989300 -400.411987
v -1149.756104 62.231201 -425.560394
v -1151.365479 60.344398 -426.279388
v -1150.210693 60.344398 -427.447296
v -1153.653809 59.989300 -427.302094
v -1152.550781 59.989300 -428.418610
v -1150.198975 60.344398 -429.089600
v -1152.539062 59.989300 -429.988007
v -1152.524170 59.989300 -468.055115
v -1158.644531 55.366100 -465.710785
v -1158.670166 55.365299 -430.958405
v -1158.657959 55.365700 -432.337311
v -1158.937500 54.340099 -432.444611
v -1158.924316 54.340000 -465.603607
v -1158.362061 52.977600 -465.818909
v -1158.948975 54.340302 -431.074005
v -1158.375244 52.977600 -432.228790
v -1153.290283 48.305801 -467.761597
v -1159.638184 55.365700 -429.976013
v -1183.260254 55.366100 -406.401001
v -1183.382080 54.340000 -406.674988
v -1184.308838 54.340000 -405.750702
v -1159.911133 54.340099 -430.098114
v -1183.137451 52.977600 -406.124908
v -1159.361572 52.977600 -429.852509
v -1158.386963 52.977600 -430.840790
v -1185.617676 54.340000 -405.750702
v -1153.304688 48.305500 -430.281891
v -1154.402588 48.305500 -427.636597
v -1152.811768 47.178699 -430.092712
v -1152.796875 47.178699 -467.950592
v -1153.315918 48.305099 -428.736115
v -1152.801758 43.187801 -467.948700
v -1180.931885 48.305801 -401.161713
v -1153.920410 47.178699 -427.421204
v -1152.823486 47.178699 -428.531708
v -1152.828369 43.187801 -428.533813
v -1152.816406 43.187801 -430.094513
v -1153.365479 42.532700 -430.305298
v -1153.351562 42.532600 -467.738190
v -1159.113525 41.509899 -465.531097
v -1180.717285 47.178699 -400.678802
v -1153.376465 42.532902 -428.761200
v -1159.126465 41.509899 -432.517212
v -1159.109375 40.678398 -465.532715
v -1159.137939 41.509899 -431.152496
v -1159.122314 40.678398 -432.515594
v -1158.724121 39.728199 -432.362701
v -1158.710693 39.727901 -465.685394
v -1159.134033 40.678398 -431.150787
v -1153.157471 34.215698 -467.812500
v -1153.172119 34.215698 -430.230988
v -1152.374756 33.448399 -468.112305
v -1152.389648 33.448399 -429.930695
v -1152.366699 32.253399 -468.115387
v -1158.736084 39.728500 -430.985687
v -1153.183838 34.215698 -428.681213
v -1159.702637 39.728199 -430.004791
v -1152.401611 33.448399 -428.356598
v -1154.272949 34.215698 -427.578705
v -1153.507812 33.448399 -427.236786
v -1152.393311 32.253399 -428.353210
v -1152.381836 32.253399 -429.927612
v -1152.381836 -0.693400 -429.927612
v -1152.366699 -0.693400 -468.115387
v -1152.393311 -0.693400 -428.353210
v -1153.500000 32.253399 -427.233307
v -1153.500000 -0.693400 -427.233307
v -1180.530273 -0.693400 -400.257904
v -1180.530273 32.253399 -400.257904
v -1180.533936 33.448399 -400.265686
v -1181.597900 32.253399 -399.193115
v -1181.601318 33.448399 -399.201202
v -1183.108887 33.448399 -399.201202
v -1183.408691 34.215698 -399.983795
v -1181.924805 34.215698 -399.983704
v -1180.874023 34.215698 -401.031586
v -1184.220459 39.727901 -405.537109
v -1183.289307 39.727901 -406.465912
v -1160.092041 40.678398 -430.178894
v -1183.462402 40.678398 -406.855988
v -1160.096191 41.509899 -430.180695
v -1184.385254 40.678398 -405.935699
v -1183.464111 41.509899 -406.859985
v -1154.462158 42.532700 -427.663208
v -1185.535889 39.727901 -405.537201
v -1218.858398 39.728199 -405.550507
v -1185.688721 40.678398 -405.935913
v -1185.690186 41.509899 -405.939911
v -1218.705811 40.678398 -405.948700
v -1220.235596 39.728500 -405.562500
v -1220.070557 40.678398 -405.960297
v -1221.216309 39.728199 -406.529114
v -1221.042480 40.678398 -406.918488
v -1221.040527 41.509899 -406.922485
v -1218.704102 41.509899 -405.952789
v -1220.068848 41.509899 -405.964508
v -1223.558105 42.532700 -401.288513
v -1220.916016 42.532700 -400.191986
v -1222.459961 42.532902 -400.202911
v -1223.797852 43.187801 -400.751587
v -1222.687500 43.187801 -399.654694
v -1221.126709 43.187801 -399.643005
v -1222.689453 47.178699 -399.649994
v -1222.485107 48.305099 -400.142395
v -1221.128418 47.178699 -399.638092
v -1183.272461 43.187801 -399.628204
v -1220.380615 52.977600 -405.213409
v -1220.939453 48.305500 -400.131104
v -1183.459717 48.305801 -400.116791
v -1220.147217 54.340302 -405.775513
v -1218.992432 52.977600 -405.201691
v -1218.884033 55.365700 -405.484406
v -1218.776611 54.340099 -405.763702
v -1185.402344 52.977600 -405.188599
v -1184.076416 52.977600 -405.188507
v -1181.979736 48.305801 -400.116608
v -1183.270508 47.178699 -399.623413
v -1181.775635 47.178699 -399.623199
v -1181.777832 43.187801 -399.628113
v -1180.719482 43.187801 -400.683502
v -1182.005127 42.532600 -400.177887
v -1183.482910 42.532600 -400.178009
v -1184.386963 41.509899 -405.939911
v -1180.958496 42.532600 -401.221588
v -1153.925293 43.187801 -427.423309
v -1250.894775 32.253399 -470.814514
v -1250.894775 -0.693400 -470.814514
v -1252.001221 -0.693400 -469.694489
v -1223.864502 -0.693400 -497.789795
v -1223.864502 32.253399 -497.789703
v -1222.796875 -0.693400 -498.854614
v -1250.886963 33.448399 -470.810913
v -1252.001221 32.253399 -469.694489
v -1252.013184 32.253399 -468.120087
v -1252.013184 -0.693400 -468.120087
v -1252.028076 32.253399 -429.932312
v -1252.028076 -0.693400 -429.932312
v -1252.005127 33.448399 -468.117004
v -1252.020020 33.448399 -429.935394
v -1251.993408 33.448399 -469.691101
v -1251.222656 34.215698 -467.816711
v -1251.237305 34.215698 -430.235107
v -1251.210938 34.215698 -469.366394
v -1245.670654 39.728199 -465.684998
v -1245.684082 39.727901 -432.362305
v -1245.285400 40.678398 -432.515015
v -1245.658691 39.728500 -467.062012
v -1245.272461 40.678398 -465.532196
v -1250.121826 34.215698 -470.469086
v -1223.861084 33.448399 -497.781891
v -1245.268555 41.509899 -465.530487
v -1245.281250 41.509899 -432.516602
v -1245.260986 40.678398 -466.896912
v -1251.029297 42.532700 -467.742401
v -1251.043213 42.532600 -430.309601
v -1251.593018 43.187801 -430.098907
v -1245.256836 41.509899 -466.895111
v -1251.578125 43.187801 -467.953186
v -1251.018311 42.532902 -469.286407
v -1251.583008 47.178699 -467.954987
v -1251.597900 47.178699 -430.096985
v -1251.104492 48.305801 -430.286102
v -1251.566650 43.187801 -469.514008
v -1251.571289 47.178699 -469.515900
v -1250.469482 43.187801 -470.624390
v -1250.474365 47.178699 -470.626495
v -1251.078857 48.305099 -469.311615
v -1251.090088 48.305500 -467.765686
v -1246.019287 52.977600 -465.818909
v -1246.032471 52.977600 -432.228790
v -1246.007812 52.977600 -467.206787
v -1249.992188 48.305500 -470.411011
v -1245.457520 54.340099 -465.603088
v -1245.470459 54.340000 -432.444214
v -1245.750488 55.366100 -432.336914
v -1245.445801 54.340302 -466.973602
v -1245.736816 55.365700 -465.710388
v -1251.855713 59.989300 -468.059601
v -1251.870605 59.989300 -429.992615
v -1254.211426 60.344398 -429.096008
v -1245.724609 55.365299 -467.089386
v -1254.195557 60.344398 -468.958099
v -1245.033203 52.977600 -468.195190
v -1251.843994 59.989300 -469.629089
v -1255.841309 62.231201 -469.589996
v -1255.857422 62.231201 -428.465515
v -1254.183838 60.344398 -470.600311
v -1250.740967 59.989300 -470.745697
v -1257.444336 66.696297 -470.205414
v -1257.460938 66.696297 -427.851288
v -1255.829346 62.231201 -471.283295
v -1253.029541 60.344398 -471.768188
v -1254.638916 62.231201 -472.487396
v -1258.067627 67.450203 -470.444702
v -1258.084473 67.450203 -427.612396
v -1257.432373 66.696297 -471.948486
v -1256.206543 66.696297 -473.187805
v -1260.473877 67.714302 -471.368591
v -1260.491455 67.714302 -426.690399
v -1258.055664 67.450203 -472.207306
v -1256.816162 67.450203 -473.460297
v -1226.498291 67.450203 -503.716400
v -1259.169434 67.714302 -474.511810
v -1260.461914 67.714302 -473.205994
v -1262.239258 70.068703 -472.046387
v -1262.257324 70.068703 -426.014008
v -1264.004639 74.425003 -472.724091
v -1264.022949 74.425003 -425.337708
v -1262.227295 70.068703 -473.938690
v -1263.992676 74.425003 -474.671295
v -1262.622314 74.425003 -476.054596
v -1260.895996 70.068703 -475.283295
v -1229.080811 74.425003 -509.527802
v -1228.312988 70.068703 -507.799896
v -1227.545166 67.714302 -506.071899
v -1227.025635 70.068703 -509.083893
v -1227.755371 74.425003 -510.849701
v -1225.883545 74.425003 -510.849487
v -1226.295410 67.714302 -507.318115
v -1225.207275 70.068703 -509.083710
v -1178.497070 74.425003 -510.830994
v -1225.300537 67.450203 -504.911011
v -1224.530762 67.714302 -507.317902
v -1179.174805 70.068703 -509.065704
v -1177.282715 70.068703 -509.053711
v -1176.550049 74.425003 -510.819000
v -1175.166504 74.425003 -509.448700
v -1175.937988 70.068703 -507.722290
v -1141.693359 74.425003 -475.907288
v -1178.015381 67.714302 -507.288513
v -1179.852539 67.714302 -507.300415
v -1223.608887 67.450203 -504.910889
v -1179.013916 67.450203 -504.882202
v -1176.709473 67.714302 -505.995789
v -1180.776611 67.450203 -504.894196
v -1225.042725 66.696297 -504.287506
v -1223.369873 66.696297 -504.287292
v -1226.227051 66.696297 -503.106201
v -1224.379883 62.231201 -502.683990
v -1225.529785 62.231201 -501.537109
v -1224.813965 60.344398 -499.926300
v -1223.699463 60.344398 -501.037903
v -1222.755859 62.231201 -502.683807
v -1222.125244 60.344398 -501.037689
v -1222.731689 59.989300 -498.697113
v -1223.796143 59.989300 -497.635712
v -1181.015869 66.696297 -504.270691
v -1181.631348 62.231201 -502.667786
v -1179.272705 66.696297 -504.258911
v -1179.937988 62.231201 -502.655914
v -1177.760986 67.450203 -503.642487
v -1178.033447 66.696297 -503.032898
v -1147.504883 67.450203 -473.324707
v -1145.149414 67.714302 -474.371490
v -1178.733887 62.231201 -501.465088
v -1143.421387 70.068703 -475.139313
v -1148.114990 66.696297 -473.053497
v -1142.137451 70.068703 -473.851898
v -1140.371582 74.425003 -474.581909
v -1140.371582 74.425003 -472.709991
v -1142.137451 70.068703 -472.033600
v -1143.903076 67.714302 -473.122009
v -1143.903320 67.714302 -471.357208
v -1146.310303 67.450203 -472.127014
v -1146.310303 67.450203 -470.435211
v -1146.933838 66.696297 -471.869110
v -1146.933838 66.696297 -470.196411
v -1148.537109 62.231201 -471.206299
v -1148.537354 62.231201 -469.582214
v -1149.684082 62.231201 -472.356201
v -1150.183350 60.344398 -470.525787
v -1150.183350 60.344398 -468.951691
v -1152.524170 59.989300 -469.558197
v -1152.524170 59.989300 -468.055115
v -1151.294922 60.344398 -471.640411
v -1179.453125 60.344398 -499.855896
v -1158.644287 55.366100 -467.028198
v -1158.644531 55.366100 -465.710785
v -1153.585449 59.989300 -470.622406
v -1180.475586 59.989300 -497.567291
v -1180.621094 60.344398 -501.010406
v -1159.574707 55.366100 -467.960907
v -1182.263184 60.344398 -501.022186
v -1181.592041 59.989300 -498.670288
v -1183.161621 59.989300 -498.682098
v -1184.131836 55.365299 -492.550995
v -1183.149658 55.365700 -491.583191
v -1221.228760 59.989300 -498.696991
v -1185.510986 55.365700 -492.563202
v -1220.201660 55.366100 -492.576904
v -1218.884277 55.366100 -492.576813
v -1184.247559 54.340302 -492.272186
v -1185.618164 54.340099 -492.283905
v -1218.777100 54.340000 -492.296906
v -1221.134521 55.366100 -491.646606
v -1220.085938 54.340000 -492.297089
v -1244.756836 55.365700 -468.071686
v -1221.012939 54.340000 -491.372711
v -1244.483398 54.340099 -467.949585
v -1221.257324 52.977600 -491.922791
v -1223.462891 48.305801 -496.885895
v -1220.318359 52.977600 -492.859100
v -1223.677490 47.178699 -497.368805
v -1222.415039 48.305801 -497.931091
v -1218.992432 52.977600 -492.859100
v -1220.935059 48.305801 -497.930908
v -1185.402344 52.977600 -492.845886
v -1222.618896 47.178699 -498.424408
v -1183.455566 48.305500 -497.916595
v -1221.124023 47.178699 -498.424286
v -1222.616943 43.187801 -498.419586
v -1223.675293 43.187801 -497.364105
v -1183.266113 47.178699 -498.409485
v -1221.122314 43.187801 -498.419495
v -1222.389648 42.532600 -497.869812
v -1223.436279 42.532600 -496.825989
v -1249.932617 42.532700 -470.384491
v -1244.298584 41.509899 -467.866913
v -1220.930420 41.509899 -491.187592
v -1220.007812 41.509899 -492.107788
v -1220.911621 42.532600 -497.869598
v -1220.009521 40.678398 -492.112000
v -1220.932373 40.678398 -491.191589
v -1244.302734 40.678398 -467.868805
v -1221.105713 39.727901 -491.581696
v -1244.691895 39.728199 -468.042786
v -1223.520508 34.215698 -497.016113
v -1220.174316 39.727901 -492.510498
v -1222.469971 34.215698 -498.063995
v -1222.793457 33.448399 -498.846588
v -1222.796875 32.253399 -498.854614
v -1221.285889 33.448399 -498.846405
v -1221.289062 32.253399 -498.854401
v -1221.289062 -0.693400 -498.854492
v -1183.101074 -0.693400 -498.839508
v -1183.101074 32.253399 -498.839508
v -1181.526855 -0.693400 -498.827789
v -1183.104248 33.448399 -498.831390
v -1181.526855 32.253399 -498.827789
v -1180.406738 32.253399 -497.721313
v -1180.406738 -0.693400 -497.721313
v -1153.431396 -0.693400 -470.691010
v -1181.530273 33.448399 -498.819794
v -1153.431396 32.253399 -470.691010
v -1180.410156 33.448399 -497.713409
v -1152.366699 -0.693400 -469.623291
v -1181.854980 34.215698 -498.037506
v -1153.439209 33.448399 -470.687408
v -1183.404541 34.215698 -498.049103
v -1180.752197 34.215698 -496.948303
v -1184.159180 39.728500 -492.485107
v -1220.986084 34.215698 -498.063812
v -1185.536133 39.728199 -492.497101
v -1218.858887 39.727901 -492.510406
v -1218.706299 40.678398 -492.111908
v -1185.689209 40.678398 -492.098907
v -1184.324463 40.678398 -492.087311
v -1185.690674 41.509899 -492.094788
v -1218.704590 41.509899 -492.107788
v -1183.479004 42.532700 -497.855713
v -1183.268066 43.187801 -498.404602
v -1184.326172 41.509899 -492.083313
v -1181.934570 42.532902 -497.844788
v -1181.707275 43.187801 -498.392914
v -1181.705078 47.178699 -498.397797
v -1181.909668 48.305099 -497.905304
v -1180.594727 47.178699 -497.300690
v -1180.596924 43.187801 -497.295990
v -1180.836670 42.532700 -496.759186
v -1183.354248 41.509899 -491.125092
v -1154.395020 42.532600 -470.262695
v -1160.033691 41.509899 -467.756989
v -1183.352539 40.678398 -491.129211
v -1160.029541 40.678398 -467.758789
v -1153.857178 43.187801 -470.501801
v -1183.178467 39.728199 -491.518585
v -1159.639648 39.727901 -467.932098
v -1154.205078 34.215698 -470.347107
v -1159.109375 40.678398 -466.835907
v -1158.710693 39.727901 -467.000702
v -1153.157227 34.215698 -469.296387
v -1152.374756 33.448399 -469.619904
v -1153.157471 34.215698 -467.812500
v -1158.710693 39.727901 -465.685394
v -1152.374756 33.448399 -468.112305
v -1159.109375 40.678398 -465.532715
v -1159.113525 41.509899 -465.531097
v -1152.366699 32.253399 -469.623291
v -1152.366699 32.253399 -468.115387
v -1152.366699 -0.693400 -468.115387
v -1159.113525 41.509899 -466.834198
v -1153.351562 42.532600 -467.738190
v -1153.351318 42.532600 -469.216187
v -1152.801758 43.187801 -467.948700
v -1152.801514 43.187801 -469.443512
v -1152.796875 47.178699 -467.950592
v -1153.852295 47.178699 -470.503815
v -1152.796875 47.178699 -469.445404
v -1153.290283 48.305801 -469.241486
v -1153.290283 48.305801 -467.761597
v -1180.810059 48.305500 -496.818604
v -1154.335205 48.305801 -470.289215
v -1158.362061 52.977600 -467.144806
v -1158.362061 52.977600 -465.818909
v -1184.014404 52.977600 -492.834290
v -1183.026123 52.977600 -491.859589
v -1183.271729 54.340099 -491.309906
v -1159.298584 52.977600 -468.083710
v -1159.848389 54.340000 -467.839203
v -1158.924316 54.340000 -466.912506
v -1158.924316 54.340000 -465.603607
v 1094.441650 117.645897 -383.172394
v 1092.368774 117.645897 -383.184387
v 1093.195312 117.448502 -385.048706
v 1094.221313 117.448502 -385.050812
v 1144.930542 117.645897 -383.152588
v 1145.279663 117.448502 -385.030914
v 1146.180542 117.448502 -385.017609
v 1144.936401 118.299797 -383.137390
v 1146.925171 117.645897 -383.152405
v 1148.337524 117.645897 -384.561005
v 1146.853271 117.448502 -385.682709
v 1146.931396 118.299797 -383.137207
v 1148.344116 118.299797 -384.546112
v 1184.074829 117.645897 -420.225708
v 1182.942749 117.448502 -421.800507
v 1183.651123 117.448502 -422.479401
v 1184.089722 118.299797 -420.218994
v 1185.534058 117.645897 -421.697906
v 1185.546143 117.645897 -423.770813
v 1183.630371 117.448502 -423.460388
v 1185.549316 118.299797 -421.691589
v 1185.565918 117.645897 -474.259613
v 1183.650391 117.448502 -474.518707
v 1185.561401 118.299797 -423.764893
v 1183.672974 117.448502 -475.498108
v 1185.508179 120.657898 -421.708710
v 1184.049561 120.657898 -420.236908
v 1148.326172 120.657898 -384.586395
v 1190.681396 121.906303 -417.273712
v 1146.914429 120.657898 -383.178314
v 1151.276001 121.906303 -377.948486
v 1144.920532 120.657898 -383.178497
v 1094.435791 118.299797 -383.157196
v 1147.518799 121.906303 -376.395294
v 1149.718506 121.906303 -376.395111
v 1151.998535 124.005402 -376.322815
v 1094.451538 120.657898 -383.198212
v 1092.362427 118.299797 -383.169312
v 1092.379517 120.657898 -383.210388
v 1090.889893 118.299797 -384.628815
v 1091.848022 121.906303 -376.417206
v 1091.210327 124.005402 -374.756287
v 1089.565186 121.906303 -376.429413
v 1087.944580 121.906303 -378.037201
v 1148.155273 124.005402 -374.733887
v 1150.405273 124.005402 -374.733795
v 1148.226318 125.336998 -374.548187
v 1091.139038 125.336998 -374.570587
v 1150.482178 125.336998 -374.548004
v 1088.875854 124.005402 -374.768585
v 1087.218750 124.005402 -376.412994
v 1152.079346 125.336998 -376.140991
v 1149.458862 127.485199 -377.023499
v 1147.278198 127.485199 -377.023712
v 1151.002808 127.485199 -378.563385
v 1088.798828 125.336998 -374.582886
v 1192.487183 125.336998 -416.466705
v 1087.137573 125.336998 -376.231415
v 1089.825806 127.485199 -377.057495
v 1092.089233 127.485199 -377.045197
v 1046.993652 124.005402 -416.720001
v 1088.218994 127.485199 -378.651489
v 1091.232544 128.370407 -380.446808
v 1093.390503 128.370407 -380.434692
v 1089.700195 128.370407 -381.966400
v 1091.458008 128.514496 -380.989899
v 1052.552124 128.370407 -419.190186
v 1145.979492 128.370407 -380.414093
v 1049.234253 127.485199 -417.715790
v 1046.811890 125.336998 -416.639313
v 1148.057251 128.370407 -380.413910
v 1149.528442 128.370407 -381.881195
v 1147.832642 128.514496 -380.957214
v 1145.771362 128.514496 -380.957306
v 1093.598999 128.514496 -380.977692
v 1147.202148 130.197296 -382.482391
v 1145.187134 130.197296 -382.482605
v 1149.292114 128.514496 -382.412811
v 1145.306152 131.835800 -387.068909
v 1148.628906 130.197296 -383.905304
v 1184.729858 130.197296 -419.932892
v 1146.634277 131.835800 -388.393585
v 1186.221069 128.514496 -419.266602
v 1186.752197 128.370407 -419.029297
v 1190.067017 127.485199 -417.548187
v 1188.271729 128.370407 -420.561615
v 1187.728638 128.514496 -420.787109
v 1186.203857 130.197296 -421.419891
v 1188.283813 128.370407 -422.719696
v 1187.740845 128.514496 -422.928192
v 1186.216064 130.197296 -423.513611
v 1188.304443 128.370407 -475.308502
v 1181.618896 131.835800 -423.322906
v 1180.245728 131.835800 -421.936615
v 1191.673340 127.485199 -421.418304
v 1191.661133 127.485199 -419.154907
v 1194.135742 125.336998 -418.127899
v 1194.147949 125.336998 -420.468201
v 1193.949951 124.005402 -418.204987
v 1192.305664 124.005402 -416.547913
v 1192.289185 121.906303 -418.894287
v 1193.962280 124.005402 -420.539398
v 1192.301392 121.906303 -421.177185
v 1185.520264 120.657898 -423.780701
v 1193.984619 124.005402 -477.484406
v 1192.323242 121.906303 -476.847992
v 1185.540039 120.657898 -474.249695
v 1185.581177 118.299797 -474.265503
v 1185.540283 120.657898 -476.243500
v 1192.323364 121.906303 -479.047699
v 1185.566040 117.645897 -476.254303
v 1185.581299 118.299797 -476.260590
v 1184.157593 117.645897 -477.666595
v 1184.172485 118.299797 -477.673187
v 1182.945679 117.448502 -476.219696
v 1184.132202 120.657898 -477.655304
v 1148.492920 117.645897 -513.403870
v 1146.827881 117.448502 -512.309326
v 1146.194092 117.448502 -512.998901
v 1148.499512 118.299797 -513.418823
v 1147.020630 117.645897 -514.863220
v 1144.947754 117.645897 -514.875305
v 1145.168091 117.448502 -512.996826
v 1147.026978 118.299797 -514.878418
v 1094.458984 117.645897 -514.895020
v 1094.109741 117.448502 -513.016785
v 1144.953613 118.299797 -514.890503
v 1093.208862 117.448502 -513.030029
v 1147.009888 120.657898 -514.837280
v 1148.481567 120.657898 -513.378601
v 1151.444946 121.906303 -520.010376
v 1190.770020 121.906303 -480.605103
v 1192.395874 124.005402 -481.327606
v 1149.824341 121.906303 -521.618286
v 1193.984741 124.005402 -479.734497
v 1152.170654 124.005402 -521.634705
v 1194.170288 125.336998 -477.555389
v 1194.170532 125.336998 -479.811188
v 1191.694946 127.485199 -476.607300
v 1191.695068 127.485199 -478.787994
v 1192.577515 125.336998 -481.408386
v 1188.304565 128.370407 -477.386414
v 1190.155151 127.485199 -480.332001
v 1152.251831 125.336998 -521.816284
v 1186.837280 128.370407 -478.857513
v 1187.761353 128.514496 -477.161804
v 1187.761230 128.514496 -475.100494
v 1186.236084 130.197296 -476.531311
v 1186.235962 130.197296 -474.516296
v 1186.305786 128.514496 -478.621307
v 1181.649658 131.835800 -474.635193
v 1181.649536 131.835800 -472.759491
v 1184.813232 130.197296 -477.958008
v 1148.785645 130.197296 -514.059021
v 1180.324951 131.835800 -475.963409
v 1171.824951 133.016800 -470.573914
v 1181.630859 131.835800 -425.273987
v 1171.824829 133.016800 -468.996185
v 1170.710938 133.016800 -471.691010
v 1171.797485 133.016800 -427.399200
v 1170.425659 133.016800 -469.995392
v 1171.809204 133.016800 -429.045013
v 1170.425537 133.016800 -468.460205
v 1170.398560 133.016800 -427.979706
v 1170.425537 131.506607 -468.460205
v 1170.425659 131.506607 -469.995392
v 1170.410400 131.506607 -429.582001
v 1169.341553 133.016800 -471.082397
v 1169.341553 131.506607 -471.082397
v 1170.410400 133.016800 -429.582001
v 1170.398560 131.506607 -427.979706
v 1169.272339 131.506607 -426.839996
v 1141.878540 133.016800 -498.601410
v 1141.878540 131.506607 -498.601410
v 1140.738892 133.016800 -499.727692
v 1140.738892 131.506607 -499.727692
v 1142.489868 133.016800 -499.969513
v 1146.781982 131.835800 -509.574890
v 1141.319458 133.016800 -501.126495
v 1145.395752 131.835800 -510.947998
v 1139.136475 133.016800 -499.739502
v 1139.136475 131.506607 -499.739502
v 1139.673584 133.016800 -501.138306
v 1143.444580 131.835800 -510.959991
v 1100.258301 133.016800 -499.754700
v 1100.258301 131.506607 -499.754700
v 1099.722412 133.016800 -501.153900
v 1098.723145 133.016800 -499.754791
v 1098.723145 131.506607 -499.754791
v 1097.636108 133.016800 -498.670685
v 1097.636108 131.506607 -498.670685
v 1070.117188 133.016800 -471.207703
v 1070.117188 131.506607 -471.207703
v 1097.027588 133.016800 -500.040009
v 1068.990845 131.506607 -470.067902
v 1098.144653 133.016800 -501.154114
v 1068.749146 133.016800 -471.819000
v 1068.990845 133.016800 -470.067902
v 1068.979004 133.016800 -468.465607
v 1068.979004 131.506607 -468.465607
v 1068.963867 133.016800 -429.587494
v 1068.963867 131.506607 -429.587494
v 1067.580200 133.016800 -469.002686
v 1067.592041 133.016800 -470.648499
v 1068.963745 133.016800 -428.052185
v 1068.963745 131.506607 -428.052185
v 1067.564575 133.016800 -429.051514
v 1057.758545 131.835800 -472.773590
v 1059.143677 131.835800 -476.110992
v 1057.770508 131.835800 -474.724792
v 1053.173462 130.197296 -474.534088
v 1092.755127 131.835800 -509.654114
v 1054.659546 130.197296 -478.114685
v 1057.739990 131.835800 -425.288208
v 1067.564453 133.016800 -427.473785
v 1068.678589 133.016800 -426.356812
v 1057.739746 131.835800 -423.412415
v 1070.047852 133.016800 -426.965210
v 1070.047852 131.506607 -426.965210
v 1097.510864 133.016800 -399.446198
v 1097.510864 131.506607 -399.446198
v 1059.064453 131.835800 -422.084290
v 1098.650635 133.016800 -398.320007
v 1098.650635 131.506607 -398.320007
v 1096.899536 133.016800 -398.078186
v 1092.607544 131.835800 -388.472809
v 1100.252930 133.016800 -398.308197
v 1100.252930 131.506607 -398.308197
v 1098.070068 133.016800 -396.921112
v 1099.715820 133.016800 -396.909302
v 1139.131104 133.016800 -398.292999
v 1139.131104 131.506607 -398.292999
v 1140.666260 133.016800 -398.292786
v 1140.666260 131.506607 -398.292786
v 1139.667114 133.016800 -396.893707
v 1095.944946 131.835800 -387.087585
v 1141.753296 133.016800 -399.377014
v 1141.753296 131.506607 -399.377014
v 1142.361816 133.016800 -398.007690
v 1169.272339 133.016800 -426.839996
v 1170.640381 133.016800 -426.228607
v 1141.244751 133.016800 -396.893494
v 1143.430298 131.835800 -387.069092
v 1094.184448 130.197296 -382.502594
v 1093.993774 131.835800 -387.099701
v 1092.090820 130.197296 -382.514587
v 1090.603760 130.197296 -383.988708
v 1089.937500 128.514496 -382.497406
v 1054.576294 130.197296 -420.089691
v 1053.083618 128.514496 -419.426392
v 1053.153320 130.197296 -421.516388
v 1053.153442 130.197296 -423.531403
v 1051.628052 128.514496 -420.885895
v 1051.628174 128.514496 -422.947113
v 1051.084839 128.370407 -420.661285
v 1051.084961 128.370407 -422.739105
v 1051.648682 128.514496 -475.119385
v 1053.185547 130.197296 -476.627686
v 1047.694336 127.485199 -419.259796
v 1047.694580 127.485199 -421.440399
v 1045.218872 125.336998 -418.236511
v 1045.404663 124.005402 -418.313202
v 1045.219116 125.336998 -420.492188
v 1045.404907 124.005402 -420.563293
v 1047.066040 121.906303 -419.000000
v 1048.619385 121.906303 -417.442505
v 1045.241455 125.336998 -477.579498
v 1047.716064 127.485199 -476.629303
v 1051.105591 128.370407 -475.327911
v 1051.660767 128.514496 -477.260590
v 1051.117798 128.370407 -477.485992
v 1047.728394 127.485199 -478.892700
v 1052.637207 128.370407 -479.018311
v 1053.168335 128.514496 -478.781097
v 1045.253784 125.336998 -479.919708
v 1049.322388 127.485199 -480.499603
v 1089.861084 128.370407 -516.166382
v 1090.097290 128.514496 -515.634888
v 1090.760620 130.197296 -514.142273
v 1046.902222 125.336998 -481.580902
v 1088.386597 127.485199 -519.484314
v 1094.083252 131.835800 -510.978790
v 1092.187256 130.197296 -515.565186
v 1095.959106 131.835800 -510.978607
v 1094.202271 130.197296 -515.565125
v 1145.204956 130.197296 -515.545227
v 1093.618042 128.514496 -517.090271
v 1091.556763 128.514496 -517.090515
v 1147.298706 130.197296 -515.533020
v 1145.790405 128.514496 -517.069885
v 1093.410034 128.370407 -517.633484
v 1091.332153 128.370407 -517.633728
v 1149.451904 128.514496 -515.550171
v 1147.931519 128.514496 -517.057678
v 1149.689209 128.370407 -516.081421
v 1145.998901 128.370407 -517.612915
v 1148.156860 128.370407 -517.600830
v 1151.170410 127.485199 -519.396179
v 1149.563599 127.485199 -520.990173
v 1147.300293 127.485199 -521.002380
v 1150.590698 125.336998 -523.464783
v 1092.111328 127.485199 -521.023987
v 1148.250366 125.336998 -523.477112
v 1150.513550 124.005402 -523.279114
v 1148.179077 124.005402 -523.291382
v 1089.930664 127.485199 -521.024170
v 1091.163086 125.336998 -523.499512
v 1091.234253 124.005402 -523.313721
v 1147.541382 121.906303 -521.630615
v 1088.907349 125.336998 -523.499573
v 1087.310181 125.336998 -521.906677
v 1088.984131 124.005402 -523.313782
v 1087.390869 124.005402 -521.724915
v 1089.670898 121.906303 -521.652527
v 1091.870605 121.906303 -521.652283
v 1144.937866 120.657898 -514.849426
v 1094.468872 120.657898 -514.869080
v 1092.474976 120.657898 -514.869324
v 1094.453125 118.299797 -514.910278
v 1088.113403 121.906303 -520.099182
v 1092.458008 118.299797 -514.910400
v 1092.464233 117.645897 -514.895203
v 1091.045410 118.299797 -513.501526
v 1091.052002 117.645897 -513.486694
v 1092.536133 117.448502 -512.364990
v 1091.063232 120.657898 -513.461304
v 1048.708130 121.906303 -480.773987
v 1055.339966 120.657898 -477.810699
v 1055.299805 118.299797 -477.828613
v 1055.314575 117.645897 -477.821991
v 1056.446655 117.448502 -476.247101
v 1055.738281 117.448502 -475.568207
v 1047.083862 124.005402 -481.499786
v 1053.881226 120.657898 -476.338989
v 1047.100220 121.906303 -479.153412
v 1045.439453 124.005402 -479.842712
v 1045.427124 124.005402 -477.508209
v 1047.088013 121.906303 -476.870514
v 1047.066162 121.906303 -421.199707
v 1053.869141 120.657898 -474.266907
v 1053.849243 120.657898 -421.804108
v 1053.849365 120.657898 -423.798004
v 1053.828125 118.299797 -474.282715
v 1053.840210 118.299797 -476.356110
v 1053.855347 117.645897 -476.349701
v 1053.843262 117.645897 -474.276886
v 1055.759033 117.448502 -474.587311
v 1055.707275 117.448502 -423.515808
v 1053.823364 117.645897 -422.764496
v 1055.716553 117.448502 -422.549591
v 1053.808228 118.299797 -422.758392
v 1053.823364 117.645897 -421.793396
v 1053.808105 118.299797 -421.787109
v 1055.217041 118.299797 -420.374512
v 1055.231934 117.645897 -420.381012
v 1056.443726 117.448502 -421.827911
v 1055.257202 120.657898 -420.392303
v 1090.907837 120.657898 -384.669098
v 1090.896484 117.645897 -384.643707
v 1092.561523 117.448502 -385.738403
v 1070.688354 96.222000 -428.765198
v 1120.704712 96.222000 -450.636292
v 1070.724487 96.222000 -469.348389
v 1099.370117 96.222000 -400.053589
v 1099.436035 96.222000 -498.030212
v 1068.963867 96.222000 -429.587494
v 1068.979126 96.222000 -468.465607
v 1068.963867 96.869301 -429.587494
v 1068.979126 96.869301 -468.465607
v 1068.963745 96.869301 -428.052185
v 1068.990845 96.222000 -470.067902
v 1068.990845 96.869301 -470.067902
v 1070.117188 96.222000 -471.207703
v 1070.117188 96.869301 -471.207703
v 1097.636108 96.222000 -498.670685
v 1097.636108 96.869301 -498.670685
v 1098.723145 96.222000 -499.754791
v 1098.723145 96.869301 -499.754791
v 1100.258423 96.222000 -499.754700
v 1100.258423 96.869301 -499.754700
v 1140.008057 96.222000 -497.988007
v 1139.136475 96.222000 -499.739410
v 1139.136475 96.869301 -499.739410
v 1140.656250 96.222000 -499.728302
v 1140.738892 96.869301 -499.727692
v 1141.878540 96.222000 -498.601410
v 1141.878540 96.869301 -498.601410
v 1168.701050 96.222000 -469.282501
v 1169.341553 96.222000 -471.082397
v 1169.341553 96.869301 -471.082397
v 1170.425659 96.869301 -469.995392
v 1170.425659 96.222000 -469.965088
v 1170.425537 96.869301 -468.460205
v 1170.425537 96.222000 -468.460205
v 1168.664917 96.222000 -428.699310
v 1170.410400 96.222000 -429.582001
v 1170.410400 96.869301 -429.582001
v 1170.398560 96.222000 -427.979797
v 1170.398560 96.869301 -427.979797
v 1139.953369 96.222000 -400.017487
v 1169.272339 96.222000 -426.839996
v 1169.272339 96.869301 -426.839996
v 1141.753296 96.222000 -399.377014
v 1141.753296 96.869301 -399.377014
v 1140.666260 96.222000 -398.292908
v 1140.666260 96.869301 -398.292908
v 1139.131104 96.222000 -398.292999
v 1139.131104 96.869301 -398.292999
v 1100.252930 96.222000 -398.308197
v 1100.252930 96.869301 -398.308197
v 1098.650635 96.222000 -398.320007
v 1098.650635 96.869301 -398.320007
v 1097.510864 96.222000 -399.446289
v 1097.510864 96.869301 -399.446289
v 1070.047852 96.222000 -426.965210
v 1070.047852 96.869301 -426.965210
v 1068.963745 96.222000 -428.052185
v 1098.650635 96.869301 -398.320007
v 1098.650635 131.506607 -398.320007
v 1100.252930 131.506607 -398.308197
v 1097.510864 96.869301 -399.446289
v 1100.252930 96.869301 -398.308197
v 1097.510864 131.506607 -399.446198
v 1139.131104 131.506607 -398.292999
v 1070.047852 96.869301 -426.965210
v 1139.131104 96.869301 -398.292999
v 1070.047852 131.506607 -426.965210
v 1140.666260 131.506607 -398.292786
v 1068.963745 96.869301 -428.052185
v 1140.666260 96.869301 -398.292908
v 1068.963745 131.506607 -428.052185
v 1068.963867 96.869301 -429.587494
v 1068.963867 131.506607 -429.587494
v 1141.753296 131.506607 -399.377014
v 1141.753296 96.869301 -399.377014
v 1169.272339 131.506607 -426.839996
v 1169.272339 96.869301 -426.839996
v 1170.398560 131.506607 -427.979706
v 1170.398560 96.869301 -427.979797
v 1170.410400 131.506607 -429.582001
v 1170.410400 96.869301 -429.582001
v 1170.425537 131.506607 -468.460205
v 1170.425537 96.869301 -468.460205
v 1170.425537 96.869301 -468.460205
v 1170.425537 131.506607 -468.460205
v 1170.425659 131.506607 -469.995392
v 1170.425659 96.869301 -469.995392
v 1169.341553 131.506607 -471.082397
v 1169.341553 96.869301 -471.082397
v 1141.878540 131.506607 -498.601410
v 1141.878540 96.869301 -498.601410
v 1140.738892 131.506607 -499.727692
v 1140.738892 96.869301 -499.727692
v 1139.136475 131.506607 -499.739502
v 1139.136475 96.869301 -499.739410
v 1100.258301 131.506607 -499.754700
v 1100.258423 96.869301 -499.754700
v 1098.723145 131.506607 -499.754791
v 1098.723145 96.869301 -499.754791
v 1097.636108 131.506607 -498.670685
v 1097.636108 96.869301 -498.670685
v 1070.117188 131.506607 -471.207703
v 1070.117188 96.869301 -471.207703
v 1068.990845 131.506607 -470.067902
v 1068.990845 96.869301 -470.067902
v 1068.979126 96.869301 -468.465607
v 1068.979004 131.506607 -468.465607
v 1068.963867 131.506607 -429.587494
v 1068.963867 96.869301 -429.587494
v 1147.283447 75.381203 -380.003510
v 1149.069946 78.442200 -375.521515
v 1090.423584 78.442200 -375.544403
v 1095.097412 74.425003 -387.243713
v 1144.405396 74.425003 -387.224396
v 1145.292847 74.425003 -387.224396
v 1092.213623 75.381203 -380.025085
v 1094.161865 74.425003 -387.254486
v 1091.171753 75.381203 -380.035889
v 1090.427368 75.381203 -380.765015
v 1093.492676 74.425003 -387.908386
v 1051.471924 75.381203 -419.690002
v 1058.613037 74.425003 -422.760803
v 1088.524780 78.442200 -376.330902
v 1057.950684 74.425003 -423.448486
v 1089.315796 78.442200 -375.555206
v 1047.039307 78.442200 -417.783905
v 1050.731812 75.381203 -420.458405
v 1050.711792 75.381203 -421.525208
v 1057.932617 74.425003 -424.403290
v 1046.229614 78.442200 -419.738708
v 1046.250977 78.442200 -418.602509
v 1046.245483 79.331398 -418.600189
v 1046.224121 79.331398 -419.736511
v 1047.033813 79.331398 -417.781494
v 1046.583374 80.205101 -418.740204
v 1046.562622 80.205704 -419.871399
v 1088.522461 79.331398 -376.325409
v 1047.368652 80.205704 -417.925507
v 1048.121338 81.870003 -419.377197
v 1048.098145 81.867599 -420.483490
v 1088.666260 80.206001 -376.660706
v 1048.887207 81.867599 -418.578613
v 1051.236206 84.125099 -420.667389
v 1051.221680 84.127602 -421.728485
v 1054.359009 85.548500 -421.960907
v 1054.339966 85.548500 -422.971313
v 1051.976318 84.127602 -419.906891
v 1090.645020 84.128799 -381.272095
v 1054.363770 88.386597 -421.962891
v 1054.344849 88.386597 -422.973206
v 1055.060059 85.548500 -421.233002
v 1055.757812 88.459503 -422.540314
v 1055.739258 88.459503 -423.529114
v 1055.716553 117.448502 -422.549591
v 1055.707275 117.448502 -423.515808
v 1056.443848 88.459503 -421.828003
v 1056.443726 117.448502 -421.827911
v 1055.064819 88.386597 -421.234985
v 1092.561523 117.448502 -385.738403
v 1091.967529 85.548500 -384.354401
v 1091.969604 88.386597 -384.359100
v 1092.561523 88.459503 -385.738495
v 1093.253540 88.459503 -385.061707
v 1093.195312 117.448502 -385.048706
v 1094.221313 117.448502 -385.050812
v 1092.676147 88.386597 -383.667786
v 1094.221436 88.459503 -385.050995
v 1092.674194 85.548500 -383.662994
v 1093.664551 88.386597 -383.657013
v 1145.279541 88.459503 -385.030914
v 1145.279663 117.448502 -385.030914
v 1146.180542 117.448502 -385.017609
v 1093.662598 85.548500 -383.652191
v 1145.835449 88.386597 -383.636597
v 1146.201416 88.459503 -385.030914
v 1146.853271 88.459503 -385.682892
v 1146.853271 117.448502 -385.682709
v 1182.942749 117.448502 -421.800507
v 1182.942627 88.459503 -421.800507
v 1183.619507 88.459503 -422.492615
v 1183.651123 117.448502 -422.479401
v 1184.322144 88.386597 -421.208588
v 1183.630371 117.448502 -423.460388
v 1147.446167 88.386597 -384.303802
v 1185.013428 88.386597 -421.915192
v 1146.779053 88.386597 -383.636505
v 1183.630249 88.459503 -423.460388
v 1183.650269 88.459503 -474.518585
v 1183.650391 117.448502 -474.518707
v 1185.024170 88.386597 -422.903595
v 1185.044678 88.386597 -475.074402
v 1185.028931 85.548500 -422.901611
v 1185.049438 85.548500 -475.076294
v 1185.018188 85.548500 -421.913208
v 1188.143555 84.128799 -421.657410
v 1188.167725 84.127602 -476.319305
v 1184.326904 85.548500 -421.206512
v 1187.409058 84.128799 -419.884003
v 1147.448242 85.548500 -384.299103
v 1188.135864 84.127403 -420.621796
v 1191.270020 81.866402 -420.408386
v 1191.291260 81.867599 -477.564301
v 1190.502930 81.866402 -418.556488
v 1192.803589 80.206001 -419.795807
v 1192.826782 80.205704 -478.176208
v 1191.257812 81.867798 -419.328613
v 1193.142334 79.331398 -419.660492
v 1193.165405 79.331398 -478.311188
v 1192.793091 80.205704 -418.692688
v 1192.020508 80.206001 -417.905304
v 1150.103638 81.865097 -378.123993
v 1193.131592 79.331398 -418.552490
v 1193.136841 78.442200 -419.662689
v 1193.159790 78.442200 -478.308990
v 1188.677612 75.381203 -476.522491
v 1193.125977 78.442200 -418.554810
v 1192.355835 79.331398 -417.761414
v 1192.350342 78.442200 -417.763794
v 1150.899658 79.331398 -376.272797
v 1188.645264 75.381203 -420.410797
v 1188.656128 75.381203 -421.452606
v 1181.437500 74.425003 -424.336395
v 1181.456787 74.425003 -473.644287
v 1181.426758 74.425003 -423.400787
v 1187.916260 75.381203 -419.666412
v 1180.772705 74.425003 -422.731598
v 1148.991211 75.381203 -380.710999
v 1145.920410 74.425003 -387.852112
v 1150.897339 78.442200 -376.278412
v 1148.283936 75.381203 -380.003510
v 1150.140381 78.442200 -375.521393
v 1150.142700 79.331398 -375.515686
v 1149.072144 79.331398 -375.515808
v 1150.002197 80.206299 -375.855011
v 1090.421387 79.331398 -375.538788
v 1150.755493 80.206299 -376.608307
v 1148.937012 80.206299 -375.855011
v 1089.313477 79.331398 -375.549713
v 1149.367432 81.865196 -377.387695
v 1089.453735 80.205704 -375.888092
v 1090.556763 80.206001 -375.877594
v 1148.326050 81.865097 -377.387695
v 1090.089600 81.867798 -377.423401
v 1091.169434 81.866402 -377.411285
v 1148.070435 84.130096 -380.518799
v 1089.317505 81.866402 -378.178314
v 1091.382812 84.127403 -380.545288
v 1092.418335 84.128799 -380.537598
v 1147.078003 84.130096 -380.519012
v 1145.837280 85.548500 -383.631805
v 1146.781006 85.548500 -383.631714
v 1148.772095 84.130096 -381.220703
v 1047.039062 78.442200 -480.283813
v 1088.492065 78.442200 -521.769287
v 1090.398193 75.381203 -517.336670
v 1088.489746 79.331398 -521.774780
v 1091.105469 75.381203 -518.044189
v 1089.249023 78.442200 -522.526428
v 1089.246704 79.331398 -522.531921
v 1090.319458 78.442200 -522.526184
v 1092.105957 75.381203 -518.044128
v 1094.096558 74.425003 -510.823303
v 1093.468994 74.425003 -510.195709
v 1058.616699 74.425003 -475.316010
v 1094.984131 74.425003 -510.823212
v 1144.291992 74.425003 -510.803894
v 1051.473145 75.381203 -478.381195
v 1057.962646 74.425003 -474.646912
v 1147.175781 75.381203 -518.022583
v 1145.227661 74.425003 -510.793213
v 1148.965820 78.442200 -522.503296
v 1148.217651 75.381203 -518.011719
v 1148.962036 75.381203 -517.282715
v 1145.896729 74.425003 -510.139191
v 1187.917480 75.381203 -478.357697
v 1180.776367 74.425003 -475.286896
v 1150.864624 78.442200 -521.716675
v 1181.438721 74.425003 -474.599091
v 1150.073608 78.442200 -522.492371
v 1192.350098 78.442200 -480.263702
v 1188.657593 75.381203 -477.589203
v 1188.677612 75.381203 -476.522491
v 1181.456787 74.425003 -473.644287
v 1193.159790 78.442200 -478.308990
v 1193.138428 78.442200 -479.445312
v 1193.144043 79.331398 -479.447601
v 1193.165405 79.331398 -478.311188
v 1192.355591 79.331398 -480.266205
v 1192.806030 80.205101 -479.307587
v 1192.826782 80.205704 -478.176208
v 1150.866943 79.331398 -521.722290
v 1192.020752 80.205704 -480.122192
v 1191.268066 81.870003 -478.670502
v 1191.291260 81.867599 -477.564301
v 1150.723145 80.206001 -521.387024
v 1190.502197 81.867599 -479.469208
v 1188.153320 84.125099 -477.380188
v 1188.167725 84.127602 -476.319305
v 1185.030396 85.548500 -476.086700
v 1185.049438 85.548500 -475.076294
v 1187.413208 84.127602 -478.140686
v 1148.744385 84.128799 -516.775513
v 1185.025635 88.386597 -476.084808
v 1185.044678 88.386597 -475.074402
v 1184.329346 85.548500 -476.814697
v 1183.631592 88.459503 -475.507385
v 1183.650269 88.459503 -474.518585
v 1183.672974 117.448502 -475.498108
v 1183.650391 117.448502 -474.518707
v 1182.945557 88.459503 -476.219696
v 1182.945679 117.448502 -476.219696
v 1184.324585 88.386597 -476.812592
v 1146.827881 117.448502 -512.309326
v 1147.421875 85.548500 -513.693298
v 1147.419800 88.386597 -513.688599
v 1146.827881 88.459503 -512.309204
v 1146.135864 88.459503 -512.986023
v 1146.194092 117.448502 -512.998901
v 1145.168091 117.448502 -512.996826
v 1146.713257 88.386597 -514.379883
v 1145.167969 88.459503 -512.996704
v 1146.715210 85.548500 -514.384583
v 1145.724854 88.386597 -514.390625
v 1094.109863 88.459503 -513.016724
v 1094.109741 117.448502 -513.016785
v 1093.208862 117.448502 -513.030029
v 1145.726807 85.548500 -514.395386
v 1093.554077 88.386597 -514.411072
v 1093.187988 88.459503 -513.016785
v 1092.536133 88.459503 -512.364929
v 1092.536133 117.448502 -512.364990
v 1056.446655 117.448502 -476.247101
v 1056.446777 88.459503 -476.247101
v 1055.769897 88.459503 -475.555115
v 1055.738281 117.448502 -475.568207
v 1055.067261 88.386597 -476.839111
v 1055.759033 117.448502 -474.587311
v 1091.943115 88.386597 -513.743896
v 1054.375977 88.386597 -476.132599
v 1092.610352 88.386597 -514.411072
v 1055.759155 88.459503 -474.587189
v 1055.739258 88.459503 -423.529114
v 1055.707275 117.448502 -423.515808
v 1054.365234 88.386597 -475.144012
v 1054.344849 88.386597 -422.973206
v 1054.360474 85.548500 -475.146088
v 1054.339966 85.548500 -422.971313
v 1054.371216 85.548500 -476.134491
v 1051.245850 84.128799 -476.390289
v 1051.221680 84.127602 -421.728485
v 1055.062500 85.548500 -476.841095
v 1051.980347 84.128799 -478.163605
v 1091.941162 85.548500 -513.748596
v 1051.253540 84.127403 -477.425903
v 1048.119385 81.866402 -477.639191
v 1048.098145 81.867599 -420.483490
v 1048.886475 81.866402 -479.491089
v 1046.585815 80.206001 -478.251801
v 1046.562622 80.205704 -419.871399
v 1048.131592 81.867798 -478.718994
v 1046.247070 79.331398 -478.387207
v 1046.224121 79.331398 -419.736511
v 1046.596313 80.205704 -479.354889
v 1047.368896 80.206001 -480.142303
v 1089.285767 81.865097 -519.923584
v 1046.257935 79.331398 -479.495087
v 1046.252563 78.442200 -478.385010
v 1046.229614 78.442200 -419.738708
v 1050.711792 75.381203 -421.525208
v 1046.263428 78.442200 -479.492889
v 1047.033569 79.331398 -480.286285
v 1050.744141 75.381203 -477.636902
v 1050.733276 75.381203 -476.595001
v 1057.951904 74.425003 -473.711212
v 1057.932617 74.425003 -424.403290
v 1088.633911 80.206299 -521.439514
v 1089.387207 80.206299 -522.192688
v 1090.021973 81.865196 -520.659973
v 1090.317261 79.331398 -522.531799
v 1090.452393 80.206299 -522.192688
v 1148.968018 79.331398 -522.508911
v 1150.075928 79.331398 -522.497986
v 1149.935669 80.205704 -522.159485
v 1148.832642 80.206001 -522.169983
v 1091.063354 81.865097 -520.659973
v 1149.299805 81.867798 -520.624329
v 1148.219971 81.866402 -520.636475
v 1150.071899 81.866402 -519.869324
v 1148.006592 84.127403 -517.502380
v 1146.971069 84.128799 -517.510071
v 1092.311401 84.130096 -517.528687
v 1093.552124 85.548500 -514.415771
v 1092.608398 85.548500 -514.416016
v 1091.318970 84.130096 -517.528870
v 1090.617310 84.130096 -516.827026
v 1100.598389 32.253399 -399.208191
v 1099.024170 32.253399 -399.219788
v 1099.024170 -0.693400 -399.219788
v 1100.598389 -0.693400 -399.208191
v 1138.786255 32.253399 -399.193207
v 1138.786255 -0.693400 -399.193207
v 1140.294189 -0.693400 -399.193115
v 1100.601562 33.448399 -399.216187
v 1097.904175 32.253399 -400.326385
v 1097.904175 -0.693400 -400.326385
v 1070.928711 -0.693400 -427.356812
v 1097.907715 33.448399 -400.334198
v 1070.928833 32.253399 -427.356812
v 1069.864014 -0.693400 -428.424408
v 1099.027466 33.448399 -399.227905
v 1070.936646 33.448399 -427.360291
v 1099.352173 34.215698 -400.010193
v 1098.249512 34.215698 -401.099304
v 1100.901855 34.215698 -399.998505
v 1069.864014 32.253399 -428.424408
v 1069.864136 32.253399 -429.932312
v 1069.864014 -0.693400 -429.932312
v 1069.872070 33.448399 -429.935394
v 1069.872070 33.448399 -428.427704
v 1070.654541 34.215698 -428.751190
v 1070.654663 34.215698 -430.235107
v 1071.702393 34.215698 -427.700500
v 1076.208008 39.727901 -431.046997
v 1076.208130 39.727901 -432.362305
v 1076.606567 40.678398 -431.211700
v 1076.606689 40.678398 -432.515015
v 1076.610840 41.509899 -432.516602
v 1077.136841 39.727901 -430.115601
v 1076.610718 41.509899 -431.213409
v 1070.848877 42.532600 -430.309601
v 1077.526978 40.678398 -430.288910
v 1070.848755 42.532600 -428.831512
v 1070.299072 43.187801 -430.098907
v 1077.531006 41.509899 -430.290802
v 1071.892456 42.532600 -427.785004
v 1070.298950 43.187801 -428.604187
v 1070.294189 47.178699 -430.096985
v 1071.354492 43.187801 -427.545807
v 1070.294067 47.178699 -428.602203
v 1071.349731 47.178699 -427.543793
v 1070.787476 48.305801 -428.806213
v 1070.787598 48.305801 -430.286102
v 1075.859375 52.977600 -430.902802
v 1075.859497 52.977600 -432.228790
v 1071.832520 48.305801 -427.758392
v 1098.092041 47.178699 -400.746887
v 1098.307495 48.305500 -401.229095
v 1076.421509 54.340000 -431.135315
v 1076.421631 54.340000 -432.444214
v 1076.141724 55.366100 -432.336914
v 1076.795776 52.977600 -429.963989
v 1100.523315 52.977600 -406.187988
v 1077.345825 54.340000 -430.208405
v 1076.141602 55.366100 -431.019501
v 1070.021484 59.989300 -429.992615
v 1100.768921 54.340099 -406.737701
v 1077.071899 55.366100 -430.086700
v 1070.021362 59.989300 -428.489502
v 1067.680786 60.344398 -429.096008
v 1071.082886 59.989300 -427.425201
v 1100.646851 55.365700 -406.464386
v 1097.972900 59.989300 -400.480286
v 1068.792236 60.344398 -426.407196
v 1067.680664 60.344398 -427.521912
v 1066.034668 62.231201 -428.465515
v 1066.034546 62.231201 -426.841309
v 1064.431274 66.696297 -427.851288
v 1067.181396 62.231201 -425.691498
v 1096.950317 60.344398 -398.191803
v 1065.612305 66.696297 -424.994110
v 1064.431152 66.696297 -426.178497
v 1063.807617 67.450203 -427.612396
v 1096.231201 62.231201 -396.582489
v 1065.002197 67.450203 -424.722992
v 1063.807495 67.450203 -425.920685
v 1061.400635 67.714302 -426.690399
v 1061.400513 67.714302 -424.925690
v 1059.634766 70.068703 -426.014008
v 1062.646606 67.714302 -423.676208
v 1059.634644 70.068703 -424.195709
v 1057.869019 74.425003 -425.337708
v 1057.868896 74.425003 -423.465790
v 1059.190674 74.425003 -422.140289
v 1060.918701 70.068703 -422.908295
v 1094.206787 67.714302 -392.051788
v 1093.435303 70.068703 -390.325409
v 1092.663940 74.425003 -388.598907
v 1094.779907 70.068703 -388.993896
v 1094.047241 74.425003 -387.228699
v 1095.994385 74.425003 -387.216705
v 1095.512573 67.714302 -390.759094
v 1096.672241 70.068703 -388.981903
v 1142.704468 70.068703 -388.963898
v 1143.380859 74.425003 -387.198090
v 1097.349976 67.714302 -390.747314
v 1144.522827 70.068703 -388.963806
v 1145.252808 74.425003 -387.197998
v 1146.578125 74.425003 -388.519806
v 1142.028076 67.714302 -390.729706
v 1143.792847 67.714302 -390.729614
v 1145.810303 70.068703 -390.247803
v 1178.393188 70.068703 -422.764496
v 1180.119629 74.425003 -421.993011
v 1145.042358 67.714302 -391.975800
v 1176.666748 67.714302 -423.535889
v 1179.724609 70.068703 -424.109100
v 1181.489868 74.425003 -423.376495
v 1181.501831 74.425003 -425.323486
v 1177.959351 67.714302 -424.841705
v 1179.736572 70.068703 -426.001312
v 1179.754639 70.068703 -472.033600
v 1181.520386 74.425003 -472.709991
v 1177.988770 67.714302 -471.357208
v 1177.971313 67.714302 -426.679108
v 1175.581787 67.450203 -470.435211
v 1175.553101 67.450203 -425.840393
v 1175.565063 67.450203 -427.602997
v 1174.958252 66.696297 -470.196411
v 1174.313477 67.450203 -424.587494
v 1174.941650 66.696297 -427.842285
v 1174.929810 66.696297 -426.099091
v 1173.354736 62.231201 -469.582214
v 1143.995605 67.450203 -394.331207
v 1173.703735 66.696297 -424.859894
v 1173.326782 62.231201 -426.764404
v 1173.338623 62.231201 -428.457794
v 1171.708618 60.344398 -468.951691
v 1142.797852 67.450203 -393.136688
v 1141.106079 67.450203 -393.136810
v 1142.540039 66.696297 -393.760315
v 1143.724365 66.696297 -394.941406
v 1140.867310 66.696297 -393.760406
v 1098.273804 67.450203 -393.153595
v 1096.511230 67.450203 -393.165497
v 1095.258301 67.450203 -394.405212
v 1096.770020 66.696297 -393.788788
v 1095.530762 66.696297 -395.014801
v 1097.435303 62.231201 -395.391693
v 1098.513184 66.696297 -393.776886
v 1098.118286 60.344398 -397.037201
v 1099.128662 62.231201 -395.379913
v 1140.253052 62.231201 -395.363800
v 1141.877197 62.231201 -395.363708
v 1099.089478 59.989300 -399.377289
v 1099.760376 60.344398 -397.025513
v 1139.622559 60.344398 -397.009888
v 1101.629272 55.365299 -405.496613
v 1100.658936 59.989300 -399.365509
v 1138.725952 59.989300 -399.350586
v 1141.196777 60.344398 -397.009705
v 1140.229126 59.989300 -399.350494
v 1136.381592 55.366100 -405.470795
v 1137.698975 55.366100 -405.470795
v 1143.027100 62.231201 -396.510590
v 1142.311279 60.344398 -398.121307
v 1141.293335 59.989300 -400.411987
v 1172.136108 62.231201 -425.560394
v 1170.526733 60.344398 -426.279388
v 1171.681274 60.344398 -427.447296
v 1168.238281 59.989300 -427.302094
v 1169.341309 59.989300 -428.418610
v 1171.693115 60.344398 -429.089600
v 1169.353027 59.989300 -429.988007
v 1169.367920 59.989300 -468.055115
v 1163.247681 55.366100 -465.710785
v 1163.221924 55.365299 -430.958405
v 1163.234131 55.365700 -432.337311
v 1162.954834 54.340099 -432.444611
v 1162.967773 54.340000 -465.603607
v 1163.529907 52.977600 -465.818909
v 1162.943115 54.340302 -431.074005
v 1163.516846 52.977600 -432.228790
v 1168.601807 48.305801 -467.761597
v 1162.254150 55.365700 -429.976013
v 1138.631836 55.366100 -406.401001
v 1138.510132 54.340000 -406.674988
v 1137.583374 54.340000 -405.750702
v 1161.980835 54.340099 -430.098114
v 1138.754517 52.977600 -406.124908
v 1162.530518 52.977600 -429.852509
v 1163.505127 52.977600 -430.840790
v 1136.274414 54.340000 -405.750702
v 1168.587402 48.305500 -430.281891
v 1167.489502 48.305500 -427.636597
v 1169.080322 47.178699 -430.092712
v 1169.095215 47.178699 -467.950592
v 1168.576172 48.305099 -428.736115
v 1169.090332 43.187801 -467.948700
v 1140.960205 48.305801 -401.161713
v 1167.971558 47.178699 -427.421204
v 1169.068604 47.178699 -428.531708
v 1169.063843 43.187801 -428.533813
v 1169.075562 43.187801 -430.094513
v 1168.526611 42.532700 -430.305298
v 1168.540527 42.532600 -467.738190
v 1162.778687 41.509899 -465.531097
v 1141.174805 47.178699 -400.678802
v 1168.515625 42.532902 -428.761200
v 1162.765747 41.509899 -432.517212
v 1162.782715 40.678398 -465.532715
v 1162.754150 41.509899 -431.152496
v 1162.769775 40.678398 -432.515594
v 1163.167969 39.728199 -432.362701
v 1163.181396 39.727901 -465.685394
v 1162.758179 40.678398 -431.150787
v 1168.734741 34.215698 -467.812500
v 1168.720093 34.215698 -430.230988
v 1169.517334 33.448399 -468.112305
v 1169.502319 33.448399 -429.930695
v 1169.525391 32.253399 -468.115387
v 1163.156006 39.728500 -430.985687
v 1168.708374 34.215698 -428.681213
v 1162.189453 39.728199 -430.004791
v 1169.490601 33.448399 -428.356598
v 1167.619141 34.215698 -427.578705
v 1168.384277 33.448399 -427.236786
v 1169.498657 32.253399 -428.353210
v 1169.510376 32.253399 -429.927612
v 1169.510376 -0.693400 -429.927612
v 1169.525391 -0.693400 -468.115387
v 1169.498657 -0.693400 -428.353210
v 1168.392212 32.253399 -427.233307
v 1168.392212 -0.693400 -427.233307
v 1141.361816 -0.693400 -400.257904
v 1141.361816 32.253399 -400.257904
v 1141.358276 33.448399 -400.265686
v 1140.294189 32.253399 -399.193115
v 1140.290771 33.448399 -399.201202
v 1138.783203 33.448399 -399.201202
v 1138.483398 34.215698 -399.983795
v 1139.967285 34.215698 -399.983704
v 1141.017944 34.215698 -401.031586
v 1137.671631 39.727901 -405.537109
v 1138.603027 39.727901 -406.465912
v 1161.800049 40.678398 -430.178894
v 1138.429688 40.678398 -406.855988
v 1161.796021 41.509899 -430.180695
v 1137.506836 40.678398 -405.935699
v 1138.427856 41.509899 -406.859985
v 1167.430054 42.532700 -427.663208
v 1136.356201 39.727901 -405.537201
v 1103.033569 39.728199 -405.550507
v 1136.203491 40.678398 -405.935913
v 1136.202026 41.509899 -405.939911
v 1103.186401 40.678398 -405.948700
v 1101.656494 39.728500 -405.562500
v 1101.821655 40.678398 -405.960297
v 1100.675781 39.728199 -406.529114
v 1100.849731 40.678398 -406.918488
v 1100.851562 41.509899 -406.922485
v 1103.187988 41.509899 -405.952789
v 1101.823364 41.509899 -405.964508
v 1098.334106 42.532700 -401.288513
v 1100.976196 42.532700 -400.191986
v 1099.432129 42.532902 -400.202911
v 1098.094238 43.187801 -400.751587
v 1099.204590 43.187801 -399.654694
v 1100.765381 43.187801 -399.643005
v 1099.202637 47.178699 -399.649994
v 1099.406982 48.305099 -400.142395
v 1100.763550 47.178699 -399.638092
v 1138.619629 43.187801 -399.628204
v 1101.511597 52.977600 -405.213409
v 1100.952759 48.305500 -400.131104
v 1138.432495 48.305801 -400.116791
v 1101.744873 54.340302 -405.775513
v 1102.899658 52.977600 -405.201691
v 1103.008179 55.365700 -405.484406
v 1103.115479 54.340099 -405.763702
v 1136.489746 52.977600 -405.188599
v 1137.815674 52.977600 -405.188507
v 1139.912354 48.305801 -400.116608
v 1138.621460 47.178699 -399.623413
v 1140.116333 47.178699 -399.623199
v 1140.114380 43.187801 -399.628113
v 1141.172607 43.187801 -400.683502
v 1139.887085 42.532600 -400.177887
v 1138.409058 42.532600 -400.178009
v 1137.505127 41.509899 -405.939911
v 1140.933594 42.532600 -401.221588
v 1167.966919 43.187801 -427.423309
v 1070.997314 32.253399 -470.814514
v 1070.997314 -0.693400 -470.814514
v 1069.890747 -0.693400 -469.694489
v 1098.027588 -0.693400 -497.789795
v 1098.027588 32.253399 -497.789703
v 1099.095215 -0.693400 -498.854614
v 1071.005127 33.448399 -470.810913
v 1069.890747 32.253399 -469.694489
v 1069.879028 32.253399 -468.120087
v 1069.879028 -0.693400 -468.120087
v 1069.864136 32.253399 -429.932312
v 1069.864014 -0.693400 -429.932312
v 1069.887085 33.448399 -468.117004
v 1069.872070 33.448399 -429.935394
v 1069.898804 33.448399 -469.691101
v 1070.669434 34.215698 -467.816711
v 1070.654663 34.215698 -430.235107
v 1070.681152 34.215698 -469.366394
v 1076.221436 39.728199 -465.684998
v 1076.208130 39.727901 -432.362305
v 1076.606689 40.678398 -432.515015
v 1076.233398 39.728500 -467.062012
v 1076.619629 40.678398 -465.532196
v 1071.770264 34.215698 -470.469086
v 1098.031128 33.448399 -497.781891
v 1076.623779 41.509899 -465.530487
v 1076.610840 41.509899 -432.516602
v 1076.631226 40.678398 -466.896912
v 1070.862793 42.532700 -467.742401
v 1070.848877 42.532600 -430.309601
v 1070.299072 43.187801 -430.098907
v 1076.635376 41.509899 -466.895111
v 1070.313843 43.187801 -467.953186
v 1070.873779 42.532902 -469.286407
v 1070.309082 47.178699 -467.954987
v 1070.294189 47.178699 -430.096985
v 1070.787598 48.305801 -430.286102
v 1070.325562 43.187801 -469.514008
v 1070.320801 47.178699 -469.515900
v 1071.422485 43.187801 -470.624390
v 1071.417847 47.178699 -470.626495
v 1070.813232 48.305099 -469.311615
v 1070.802002 48.305500 -467.765686
v 1075.872681 52.977600 -465.818909
v 1075.859497 52.977600 -432.228790
v 1075.884277 52.977600 -467.206787
v 1071.899902 48.305500 -470.411011
v 1076.434692 54.340099 -465.603088
v 1076.421631 54.340000 -432.444214
v 1076.141724 55.366100 -432.336914
v 1076.446289 54.340302 -466.973602
v 1076.155273 55.365700 -465.710388
v 1070.036377 59.989300 -468.059601
v 1070.021484 59.989300 -429.992615
v 1067.680786 60.344398 -429.096008
v 1076.167480 55.365299 -467.089386
v 1067.696411 60.344398 -468.958099
v 1076.858887 52.977600 -468.195190
v 1070.048096 59.989300 -469.629089
v 1066.050781 62.231201 -469.589996
v 1066.034668 62.231201 -428.465515
v 1067.708130 60.344398 -470.600311
v 1071.151245 59.989300 -470.745697
v 1064.447754 66.696297 -470.205414
v 1064.431274 66.696297 -427.851288
v 1066.062622 62.231201 -471.283295
v 1068.862671 60.344398 -471.768188
v 1067.253296 62.231201 -472.487396
v 1063.824463 67.450203 -470.444702
v 1063.807617 67.450203 -427.612396
v 1064.459717 66.696297 -471.948486
v 1065.685669 66.696297 -473.187805
v 1061.418091 67.714302 -471.368591
v 1061.400635 67.714302 -426.690399
v 1063.836304 67.450203 -472.207306
v 1065.076050 67.450203 -473.460297
v 1095.393799 67.450203 -503.716400
v 1062.722656 67.714302 -474.511810
v 1061.430054 67.714302 -473.205994
v 1059.652832 70.068703 -472.046387
v 1059.634766 70.068703 -426.014008
v 1057.887573 74.425003 -472.724091
v 1057.869019 74.425003 -425.337708
v 1059.664795 70.068703 -473.938690
v 1057.899536 74.425003 -474.671295
v 1059.269897 74.425003 -476.054596
v 1060.996216 70.068703 -475.283295
v 1092.811279 74.425003 -509.527802
v 1093.579224 70.068703 -507.799896
v 1094.347046 67.714302 -506.071899
v 1094.866577 70.068703 -509.083893
v 1094.136597 74.425003 -510.849701
v 1096.008545 74.425003 -510.849487
v 1095.596558 67.714302 -507.318115
v 1096.684937 70.068703 -509.083710
v 1143.395020 74.425003 -510.830994
v 1096.591675 67.450203 -504.911011
v 1097.361328 67.714302 -507.317902
v 1142.717285 70.068703 -509.065704
v 1144.609497 70.068703 -509.053711
v 1145.342163 74.425003 -510.819000
v 1146.725586 74.425003 -509.448700
v 1145.954102 70.068703 -507.722290
v 1180.198730 74.425003 -475.907288
v 1143.876831 67.714302 -507.288513
v 1142.039429 67.714302 -507.300415
v 1098.283325 67.450203 -504.910889
v 1142.878174 67.450203 -504.882202
v 1145.182739 67.714302 -505.995789
v 1141.115601 67.450203 -504.894196
v 1096.849365 66.696297 -504.287506
v 1098.522217 66.696297 -504.287292
v 1095.665039 66.696297 -503.106201
v 1097.512207 62.231201 -502.683990
v 1096.362305 62.231201 -501.537109
v 1097.078125 60.344398 -499.926300
v 1098.192749 60.344398 -501.037903
v 1099.136353 62.231201 -502.683807
v 1099.766846 60.344398 -501.037689
v 1099.160400 59.989300 -498.697113
v 1098.096069 59.989300 -497.635712
v 1140.876221 66.696297 -504.270691
v 1140.260864 62.231201 -502.667786
v 1142.619507 66.696297 -504.258911
v 1141.954102 62.231201 -502.655914
v 1144.131104 67.450203 -503.642487
v 1143.858765 66.696297 -503.032898
v 1174.387329 67.450203 -473.324707
v 1176.742798 67.714302 -474.371490
v 1143.158203 62.231201 -501.465088
v 1178.470703 70.068703 -475.139313
v 1173.777100 66.696297 -473.053497
v 1179.754761 70.068703 -473.851898
v 1181.520508 74.425003 -474.581909
v 1181.520386 74.425003 -472.709991
v 1179.754639 70.068703 -472.033600
v 1177.989014 67.714302 -473.122009
v 1177.988770 67.714302 -471.357208
v 1175.581909 67.450203 -472.127014
v 1175.581787 67.450203 -470.435211
v 1174.958374 66.696297 -471.869110
v 1174.958252 66.696297 -470.196411
v 1173.354858 62.231201 -471.206299
v 1173.354736 62.231201 -469.582214
v 1172.208008 62.231201 -472.356201
v 1171.708740 60.344398 -470.525787
v 1171.708618 60.344398 -468.951691
v 1169.368042 59.989300 -469.558197
v 1169.367920 59.989300 -468.055115
v 1170.597168 60.344398 -471.640411
v 1142.439087 60.344398 -499.855896
v 1163.247803 55.366100 -467.028198
v 1163.247681 55.366100 -465.710785
v 1168.306641 59.989300 -470.622406
v 1141.416504 59.989300 -497.567291
v 1141.271240 60.344398 -501.010406
v 1162.317505 55.366100 -467.960907
v 1139.629028 60.344398 -501.022186
v 1140.300049 59.989300 -498.670288
v 1138.730591 59.989300 -498.682098
v 1137.760254 55.365299 -492.550995
v 1138.742554 55.365700 -491.583191
v 1100.663452 59.989300 -498.696991
v 1136.381226 55.365700 -492.563202
v 1101.690430 55.366100 -492.576904
v 1103.007812 55.366100 -492.576813
v 1137.644531 54.340302 -492.272186
v 1136.274048 54.340099 -492.283905
v 1103.114990 54.340000 -492.296906
v 1100.757568 55.366100 -491.646606
v 1101.806152 54.340000 -492.297089
v 1077.135376 55.365700 -468.071686
v 1100.879272 54.340000 -491.372711
v 1077.408569 54.340099 -467.949585
v 1100.634888 52.977600 -491.922791
v 1098.429199 48.305801 -496.885895
v 1101.573730 52.977600 -492.859100
v 1098.214722 47.178699 -497.368805
v 1099.477051 48.305801 -497.931091
v 1102.899658 52.977600 -492.859100
v 1100.956909 48.305801 -497.930908
v 1136.489746 52.977600 -492.845886
v 1099.273071 47.178699 -498.424408
v 1138.436646 48.305500 -497.916595
v 1100.767944 47.178699 -498.424286
v 1099.275146 43.187801 -498.419586
v 1098.216797 43.187801 -497.364105
v 1138.625854 47.178699 -498.409485
v 1100.769775 43.187801 -498.419495
v 1099.502319 42.532600 -497.869812
v 1098.455933 42.532600 -496.825989
v 1071.959473 42.532700 -470.384491
v 1077.593506 41.509899 -467.866913
v 1100.961548 41.509899 -491.187592
v 1101.884277 41.509899 -492.107788
v 1100.980347 42.532600 -497.869598
v 1101.882568 40.678398 -492.112000
v 1100.959839 40.678398 -491.191589
v 1077.589478 40.678398 -467.868805
v 1100.786499 39.727901 -491.581696
v 1077.200073 39.728199 -468.042786
v 1098.371460 34.215698 -497.016113
v 1101.717773 39.727901 -492.510498
v 1099.422119 34.215698 -498.063995
v 1099.098633 33.448399 -498.846588
v 1099.095215 32.253399 -498.854614
v 1100.606201 33.448399 -498.846405
v 1100.603149 32.253399 -498.854401
v 1100.603149 -0.693400 -498.854492
v 1138.791016 -0.693400 -498.839508
v 1138.791016 32.253399 -498.839508
v 1140.365356 -0.693400 -498.827789
v 1138.787964 33.448399 -498.831390
v 1140.365356 32.253399 -498.827789
v 1141.485352 32.253399 -497.721313
v 1141.485352 -0.693400 -497.721313
v 1168.460693 -0.693400 -470.691010
v 1140.361938 33.448399 -498.819794
v 1168.460693 32.253399 -470.691010
v 1141.481812 33.448399 -497.713409
v 1169.525513 -0.693400 -469.623291
v 1140.037354 34.215698 -498.037506
v 1168.452759 33.448399 -470.687408
v 1138.487549 34.215698 -498.049103
v 1141.139893 34.215698 -496.948303
v 1137.732910 39.728500 -492.485107
v 1100.906006 34.215698 -498.063812
v 1136.355835 39.728199 -492.497101
v 1103.033203 39.727901 -492.510406
v 1103.185913 40.678398 -492.111908
v 1136.203003 40.678398 -492.098907
v 1137.567749 40.678398 -492.087311
v 1136.201416 41.509899 -492.094788
v 1103.187500 41.509899 -492.107788
v 1138.413208 42.532700 -497.855713
v 1138.624023 43.187801 -498.404602
v 1137.566040 41.509899 -492.083313
v 1139.957397 42.532902 -497.844788
v 1140.184814 43.187801 -498.392914
v 1140.186890 47.178699 -498.397797
v 1139.982422 48.305099 -497.905304
v 1141.297363 47.178699 -497.300690
v 1141.295288 43.187801 -497.295990
v 1141.055420 42.532700 -496.759186
v 1138.537842 41.509899 -491.125092
v 1167.496948 42.532600 -470.262695
v 1161.858521 41.509899 -467.756989
v 1138.539673 40.678398 -491.129211
v 1161.862549 40.678398 -467.758789
v 1168.035034 43.187801 -470.501801
v 1138.713623 39.728199 -491.518585
v 1162.252563 39.727901 -467.932098
v 1167.687012 34.215698 -470.347107
v 1162.782837 40.678398 -466.835907
v 1163.181396 39.727901 -467.000702
v 1168.734863 34.215698 -469.296387
v 1169.517456 33.448399 -469.619904
v 1168.734741 34.215698 -467.812500
v 1163.181396 39.727901 -465.685394
v 1169.517334 33.448399 -468.112305
v 1162.782715 40.678398 -465.532715
v 1162.778687 41.509899 -465.531097
v 1169.525513 32.253399 -469.623291
v 1169.525391 32.253399 -468.115387
v 1169.525391 -0.693400 -468.115387
v 1162.778687 41.509899 -466.834198
v 1168.540527 42.532600 -467.738190
v 1168.540649 42.532600 -469.216187
v 1169.090332 43.187801 -467.948700
v 1169.090454 43.187801 -469.443512
v 1169.095215 47.178699 -467.950592
v 1168.039673 47.178699 -470.503815
v 1169.095337 47.178699 -469.445404
v 1168.601929 48.305801 -469.241486
v 1168.601807 48.305801 -467.761597
v 1141.082031 48.305500 -496.818604
v 1167.556885 48.305801 -470.289215
v 1163.530029 52.977600 -467.144806
v 1163.529907 52.977600 -465.818909
v 1137.877808 52.977600 -492.834290
v 1138.866089 52.977600 -491.859589
v 1138.620483 54.340099 -491.309906
v 1162.593750 52.977600 -468.083710
v 1162.043579 54.340000 -467.839203
v 1162.967896 54.340000 -466.912506
v 1162.967773 54.340000 -465.603607
v 1094.441650 117.645897 469.637512
v 1092.368774 117.645897 469.625397
v 1093.195312 117.448502 467.761108
v 1094.221313 117.448502 467.759003
v 1144.930542 117.645897 469.657196
v 1145.279663 117.448502 467.778992
v 1146.180542 117.448502 467.792206
v 1144.936401 118.299797 469.672394
v 1146.925171 117.645897 469.657410
v 1148.337524 117.645897 468.248810
v 1146.853271 117.448502 467.127197
v 1146.931396 118.299797 469.672607
v 1148.344116 118.299797 468.263702
v 1184.074829 117.645897 432.584198
v 1182.942749 117.448502 431.009399
v 1183.651123 117.448502 430.330414
v 1184.089722 118.299797 432.590790
v 1185.534058 117.645897 431.111908
v 1185.546143 117.645897 429.039093
v 1183.630371 117.448502 429.349487
v 1185.549316 118.299797 431.118286
v 1185.565918 117.645897 378.550201
v 1183.650391 117.448502 378.291199
v 1185.561401 118.299797 429.044891
v 1183.672974 117.448502 377.311798
v 1185.508179 120.657898 431.101196
v 1184.049561 120.657898 432.572906
v 1148.326172 120.657898 468.223511
v 1190.681396 121.906303 435.536194
v 1146.914429 120.657898 469.631500
v 1151.276001 121.906303 474.861389
v 1144.920532 120.657898 469.631287
v 1094.435791 118.299797 469.652588
v 1147.518799 121.906303 476.414612
v 1149.718506 121.906303 476.414703
v 1151.998535 124.005402 476.487091
v 1094.451538 120.657898 469.611603
v 1092.362427 118.299797 469.640594
v 1092.379517 120.657898 469.599487
v 1090.889893 118.299797 468.181000
v 1091.848022 121.906303 476.392700
v 1091.210327 124.005402 478.053589
v 1089.565186 121.906303 476.380493
v 1087.944580 121.906303 474.772614
v 1148.155273 124.005402 478.075897
v 1150.405273 124.005402 478.075989
v 1148.226318 125.336998 478.261597
v 1091.139038 125.336998 478.239288
v 1150.482178 125.336998 478.261810
v 1088.875854 124.005402 478.041290
v 1087.218750 124.005402 476.396912
v 1152.079346 125.336998 476.668915
v 1149.458862 127.485199 475.786407
v 1147.278198 127.485199 475.786194
v 1151.002808 127.485199 474.246490
v 1088.798828 125.336998 478.226990
v 1192.487183 125.336998 436.343109
v 1087.137573 125.336998 476.578491
v 1089.825806 127.485199 475.752411
v 1092.089233 127.485199 475.764587
v 1046.993652 124.005402 436.089813
v 1088.218994 127.485199 474.158295
v 1091.232544 128.370407 472.363007
v 1093.390503 128.370407 472.375092
v 1089.700195 128.370407 470.843506
v 1091.458008 128.514496 471.819885
v 1052.552124 128.370407 433.619690
v 1145.979492 128.370407 472.395691
v 1049.234253 127.485199 435.094086
v 1046.811890 125.336998 436.170593
v 1148.057251 128.370407 472.395905
v 1149.528442 128.370407 470.928589
v 1147.832642 128.514496 471.852692
v 1145.771362 128.514496 471.852509
v 1093.598999 128.514496 471.832092
v 1147.202148 130.197296 470.327393
v 1145.187134 130.197296 470.327301
v 1149.292114 128.514496 470.397095
v 1145.306152 131.835800 465.740906
v 1148.628906 130.197296 468.904510
v 1184.729858 130.197296 432.876892
v 1146.634277 131.835800 464.416290
v 1186.221069 128.514496 433.543213
v 1186.752197 128.370407 433.780487
v 1190.067017 127.485199 435.261688
v 1188.271729 128.370407 432.248199
v 1187.728638 128.514496 432.022797
v 1186.203857 130.197296 431.390015
v 1188.283813 128.370407 430.090210
v 1187.740845 128.514496 429.881714
v 1186.216064 130.197296 429.296204
v 1188.304443 128.370407 377.501312
v 1181.618896 131.835800 429.487000
v 1180.245728 131.835800 430.873199
v 1191.673340 127.485199 431.391510
v 1191.661133 127.485199 433.654907
v 1194.135742 125.336998 434.681885
v 1194.147949 125.336998 432.341705
v 1193.949951 124.005402 434.604889
v 1192.305664 124.005402 436.261993
v 1192.289185 121.906303 433.915588
v 1193.962280 124.005402 432.270386
v 1192.301392 121.906303 431.632690
v 1185.520264 120.657898 429.029114
v 1193.984619 124.005402 375.325500
v 1192.323242 121.906303 375.961914
v 1185.540039 120.657898 378.560211
v 1185.581177 118.299797 378.544403
v 1185.540283 120.657898 376.566315
v 1192.323364 121.906303 373.762207
v 1185.566040 117.645897 376.555603
v 1185.581299 118.299797 376.549286
v 1184.157593 117.645897 375.143188
v 1184.172485 118.299797 375.136688
v 1182.945679 117.448502 376.590088
v 1184.132202 120.657898 375.154510
v 1148.492920 117.645897 339.405914
v 1146.827881 117.448502 340.500610
v 1146.194092 117.448502 339.810913
v 1148.499512 118.299797 339.391113
v 1147.020630 117.645897 337.946686
v 1144.947754 117.645897 337.934601
v 1145.168091 117.448502 339.812988
v 1147.026978 118.299797 337.931488
v 1094.458984 117.645897 337.914795
v 1094.109741 117.448502 339.793091
v 1144.953613 118.299797 337.919403
v 1093.208862 117.448502 339.779785
v 1147.009888 120.657898 337.972504
v 1148.481567 120.657898 339.431213
v 1151.444946 121.906303 332.799408
v 1190.770020 121.906303 372.204712
v 1192.395874 124.005402 371.482208
v 1149.824341 121.906303 331.191498
v 1193.984741 124.005402 373.075409
v 1152.170654 124.005402 331.175110
v 1194.170288 125.336998 375.254395
v 1194.170532 125.336998 372.998596
v 1191.694946 127.485199 376.202606
v 1191.695068 127.485199 374.021912
v 1192.577515 125.336998 371.401398
v 1188.304565 128.370407 375.423492
v 1190.155151 127.485199 372.477905
v 1152.251831 125.336998 330.993500
v 1186.837280 128.370407 373.952393
v 1187.761353 128.514496 375.648102
v 1187.761230 128.514496 377.709412
v 1186.236084 130.197296 376.278595
v 1186.235962 130.197296 378.293610
v 1186.305786 128.514496 374.188599
v 1181.649658 131.835800 378.174591
v 1181.649536 131.835800 380.050415
v 1184.813232 130.197296 374.851898
v 1148.785645 130.197296 338.750885
v 1180.324951 131.835800 376.846405
v 1171.824951 133.016800 382.235992
v 1181.630859 131.835800 427.535797
v 1171.824829 133.016800 383.813690
v 1170.710938 133.016800 381.118896
v 1171.797485 133.016800 425.410706
v 1170.425659 133.016800 382.814392
v 1171.809204 133.016800 423.764893
v 1170.425537 133.016800 384.349701
v 1170.398560 133.016800 424.830109
v 1170.425537 131.506607 384.349701
v 1170.425659 131.506607 382.814392
v 1170.410400 131.506607 423.227814
v 1169.341553 133.016800 381.727386
v 1169.341553 131.506607 381.727386
v 1170.410400 133.016800 423.227814
v 1170.398560 131.506607 424.830109
v 1169.272339 131.506607 425.969910
v 1141.878540 133.016800 354.208405
v 1141.878540 131.506607 354.208405
v 1140.738892 133.016800 353.082214
v 1140.738892 131.506607 353.082214
v 1142.489868 133.016800 352.840393
v 1146.781982 131.835800 343.234985
v 1141.319458 133.016800 351.683289
v 1145.395752 131.835800 341.861908
v 1139.136475 133.016800 353.070404
v 1139.136475 131.506607 353.070404
v 1139.673584 133.016800 351.671509
v 1143.444580 131.835800 341.849915
v 1100.258301 133.016800 353.055115
v 1100.258301 131.506607 353.055115
v 1099.722412 133.016800 351.655914
v 1098.723145 133.016800 353.055115
v 1098.723145 131.506607 353.055115
v 1097.636108 133.016800 354.139191
v 1097.636108 131.506607 354.139191
v 1070.117188 133.016800 381.602112
v 1070.117188 131.506607 381.602112
v 1097.027588 133.016800 352.769897
v 1068.990845 131.506607 382.741913
v 1098.144653 133.016800 351.655701
v 1068.749146 133.016800 380.990814
v 1068.990845 133.016800 382.741913
v 1068.979004 133.016800 384.344208
v 1068.979004 131.506607 384.344208
v 1068.963867 133.016800 423.222412
v 1068.963867 131.506607 423.222412
v 1067.580200 133.016800 383.807190
v 1067.592041 133.016800 382.161285
v 1068.963745 133.016800 424.757599
v 1068.963745 131.506607 424.757599
v 1067.564575 133.016800 423.758392
v 1057.758545 131.835800 380.036194
v 1059.143677 131.835800 376.698792
v 1057.770508 131.835800 378.085114
v 1053.173462 130.197296 378.275787
v 1092.755127 131.835800 343.155701
v 1054.659546 130.197296 374.695099
v 1057.739990 131.835800 427.521606
v 1067.564453 133.016800 425.336090
v 1068.678589 133.016800 426.453094
v 1057.739746 131.835800 429.397400
v 1070.047852 133.016800 425.844604
v 1070.047852 131.506607 425.844604
v 1097.510864 133.016800 453.363586
v 1097.510864 131.506607 453.363586
v 1059.064453 131.835800 430.725586
v 1098.650635 133.016800 454.489899
v 1098.650635 131.506607 454.489899
v 1096.899536 133.016800 454.731598
v 1092.607544 131.835800 464.337006
v 1100.252930 133.016800 454.501587
v 1100.252930 131.506607 454.501587
v 1098.070068 133.016800 455.888702
v 1099.715820 133.016800 455.900513
v 1139.131104 133.016800 454.516907
v 1139.131104 131.506607 454.516907
v 1140.666260 133.016800 454.516998
v 1140.666260 131.506607 454.516998
v 1139.667114 133.016800 455.916107
v 1095.944946 131.835800 465.722198
v 1141.753296 133.016800 453.432892
v 1141.753296 131.506607 453.432892
v 1142.361816 133.016800 454.802185
v 1169.272339 133.016800 425.969910
v 1170.640381 133.016800 426.581207
v 1141.244751 133.016800 455.916290
v 1143.430298 131.835800 465.740814
v 1094.184448 130.197296 470.307312
v 1093.993774 131.835800 465.710205
v 1092.090820 130.197296 470.295197
v 1090.603760 130.197296 468.821198
v 1089.937500 128.514496 470.312408
v 1054.576294 130.197296 432.720215
v 1053.083618 128.514496 433.383392
v 1053.153320 130.197296 431.293396
v 1053.153442 130.197296 429.278412
v 1051.628052 128.514496 431.924011
v 1051.628174 128.514496 429.862701
v 1051.084839 128.370407 432.148499
v 1051.084961 128.370407 430.070709
v 1051.648682 128.514496 377.690399
v 1053.185547 130.197296 376.182098
v 1047.694336 127.485199 433.550110
v 1047.694580 127.485199 431.369507
v 1045.218872 125.336998 434.573395
v 1045.404663 124.005402 434.496613
v 1045.219116 125.336998 432.317688
v 1045.404907 124.005402 432.246490
v 1047.066040 121.906303 433.809814
v 1048.619385 121.906303 435.367310
v 1045.241455 125.336998 375.230286
v 1047.716064 127.485199 376.180511
v 1051.105591 128.370407 377.481903
v 1051.660767 128.514496 375.549286
v 1051.117798 128.370407 375.323914
v 1047.728394 127.485199 373.917114
v 1052.637207 128.370407 373.791504
v 1053.168335 128.514496 374.028809
v 1045.253784 125.336998 372.890106
v 1049.322388 127.485199 372.310303
v 1089.861084 128.370407 336.643402
v 1090.097290 128.514496 337.174988
v 1090.760620 130.197296 338.667511
v 1046.902222 125.336998 371.228912
v 1088.386597 127.485199 333.325592
v 1094.083252 131.835800 341.831085
v 1092.187256 130.197296 337.244598
v 1095.959106 131.835800 341.831207
v 1094.202271 130.197296 337.244812
v 1145.204956 130.197296 337.264709
v 1093.618042 128.514496 335.719513
v 1091.556763 128.514496 335.719391
v 1147.298706 130.197296 337.276886
v 1145.790405 128.514496 335.739990
v 1093.410034 128.370407 335.176300
v 1091.332153 128.370407 335.176086
v 1149.451904 128.514496 337.259613
v 1147.931519 128.514496 335.752106
v 1149.689209 128.370407 336.728485
v 1145.998901 128.370407 335.196899
v 1148.156860 128.370407 335.209015
v 1151.170410 127.485199 333.413696
v 1149.563599 127.485199 331.819702
v 1147.300293 127.485199 331.807404
v 1150.590698 125.336998 329.345093
v 1092.111328 127.485199 331.785797
v 1148.250366 125.336998 329.332794
v 1150.513550 124.005402 329.530792
v 1148.179077 124.005402 329.518402
v 1089.930664 127.485199 331.785614
v 1091.163086 125.336998 329.310394
v 1091.234253 124.005402 329.496185
v 1147.541382 121.906303 331.179291
v 1088.907349 125.336998 329.310211
v 1087.310181 125.336998 330.903198
v 1088.984131 124.005402 329.496002
v 1087.390869 124.005402 331.084900
v 1089.670898 121.906303 331.157288
v 1091.870605 121.906303 331.157501
v 1144.937866 120.657898 337.960388
v 1094.468872 120.657898 337.940704
v 1092.474976 120.657898 337.940491
v 1094.453125 118.299797 337.899597
v 1088.113403 121.906303 332.710693
v 1092.458008 118.299797 337.899414
v 1092.464233 117.645897 337.914612
v 1091.045410 118.299797 339.308289
v 1091.052002 117.645897 339.323212
v 1092.536133 117.448502 340.444885
v 1091.063232 120.657898 339.348511
v 1048.708130 121.906303 372.035797
v 1055.339966 120.657898 374.999115
v 1055.299805 118.299797 374.981201
v 1055.314575 117.645897 374.987793
v 1056.446655 117.448502 376.562714
v 1055.738281 117.448502 377.241608
v 1047.083862 124.005402 371.309998
v 1053.881226 120.657898 376.470795
v 1047.100220 121.906303 373.656403
v 1045.439453 124.005402 372.967102
v 1045.427124 124.005402 375.301605
v 1047.088013 121.906303 375.939301
v 1047.066162 121.906303 431.610199
v 1053.869141 120.657898 378.542908
v 1053.849243 120.657898 431.005798
v 1053.849365 120.657898 429.011902
v 1053.828125 118.299797 378.527100
v 1053.840210 118.299797 376.453796
v 1053.855347 117.645897 376.460114
v 1053.843262 117.645897 378.532990
v 1055.759033 117.448502 378.222595
v 1055.707275 117.448502 429.294098
v 1053.823364 117.645897 430.045410
v 1055.716553 117.448502 430.260315
v 1053.808228 118.299797 430.051514
v 1053.823364 117.645897 431.016388
v 1053.808105 118.299797 431.022705
v 1055.217041 118.299797 432.435394
v 1055.231934 117.645897 432.428802
v 1056.443726 117.448502 430.981903
v 1055.257202 120.657898 432.417511
v 1090.907837 120.657898 468.140808
v 1090.896484 117.645897 468.166107
v 1092.561523 117.448502 467.071411
v 1070.688354 96.222000 424.044586
v 1120.704712 96.222000 402.173615
v 1070.724487 96.222000 383.461487
v 1099.370117 96.222000 452.756195
v 1099.436035 96.222000 354.779694
v 1068.963867 96.222000 423.222412
v 1068.979126 96.222000 384.344208
v 1068.963867 96.869301 423.222412
v 1068.979126 96.869301 384.344208
v 1068.963745 96.869301 424.757599
v 1068.990845 96.222000 382.741913
v 1068.990845 96.869301 382.741913
v 1070.117188 96.222000 381.602112
v 1070.117188 96.869301 381.602112
v 1097.636108 96.222000 354.139191
v 1097.636108 96.869301 354.139191
v 1098.723145 96.222000 353.055115
v 1098.723145 96.869301 353.055115
v 1100.258423 96.222000 353.055206
v 1100.258423 96.869301 353.055206
v 1140.008057 96.222000 354.821899
v 1139.136475 96.222000 353.070404
v 1139.136475 96.869301 353.070404
v 1140.656250 96.222000 353.081512
v 1140.738892 96.869301 353.082214
v 1141.878540 96.222000 354.208496
v 1141.878540 96.869301 354.208496
v 1168.701050 96.222000 383.527405
v 1169.341553 96.222000 381.727386
v 1169.341553 96.869301 381.727386
v 1170.425659 96.869301 382.814514
v 1170.425659 96.222000 382.844788
v 1170.425537 96.869301 384.349701
v 1170.425537 96.222000 384.349701
v 1168.664917 96.222000 424.110596
v 1170.410400 96.222000 423.227814
v 1170.410400 96.869301 423.227814
v 1170.398560 96.222000 424.830109
v 1170.398560 96.869301 424.830109
v 1139.953369 96.222000 452.792389
v 1169.272339 96.222000 425.969910
v 1169.272339 96.869301 425.969910
v 1141.753296 96.222000 453.432892
v 1141.753296 96.869301 453.432892
v 1140.666260 96.222000 454.516998
v 1140.666260 96.869301 454.516998
v 1139.131104 96.222000 454.516907
v 1139.131104 96.869301 454.516907
v 1100.252930 96.222000 454.501587
v 1100.252930 96.869301 454.501587
v 1098.650635 96.222000 454.489899
v 1098.650635 96.869301 454.489899
v 1097.510864 96.222000 453.363586
v 1097.510864 96.869301 453.363586
v 1070.047852 96.222000 425.844604
v 1070.047852 96.869301 425.844604
v 1068.963745 96.222000 424.757599
v 1098.650635 96.869301 454.489899
v 1098.650635 131.506607 454.489899
v 1100.252930 131.506607 454.501587
v 1097.510864 96.869301 453.363586
v 1100.252930 96.869301 454.501587
v 1097.510864 131.506607 453.363586
v 1139.131104 131.506607 454.516907
v 1070.047852 96.869301 425.844604
v 1139.131104 96.869301 454.516907
v 1070.047852 131.506607 425.844604
v 1140.666260 131.506607 454.516998
v 1068.963745 96.869301 424.757599
v 1140.666260 96.869301 454.516998
v 1068.963745 131.506607 424.757599
v 1068.963867 96.869301 423.222412
v 1068.963867 131.506607 423.222412
v 1141.753296 131.506607 453.432892
v 1141.753296 96.869301 453.432892
v 1169.272339 131.506607 425.969910
v 1169.272339 96.869301 425.969910
v 1170.398560 131.506607 424.830109
v 1170.398560 96.869301 424.830109
v 1170.410400 131.506607 423.227814
v 1170.410400 96.869301 423.227814
v 1170.425537 131.506607 384.349701
v 1170.425537 96.869301 384.349701
v 1170.425537 96.869301 384.349701
v 1170.425537 131.506607 384.349701
v 1170.425659 131.506607 382.814392
v 1170.425659 96.869301 382.814514
v 1169.341553 131.506607 381.727386
v 1169.341553 96.869301 381.727386
v 1141.878540 131.506607 354.208405
v 1141.878540 96.869301 354.208496
v 1140.738892 131.506607 353.082214
v 1140.738892 96.869301 353.082214
v 1139.136475 131.506607 353.070404
v 1139.136475 96.869301 353.070404
v 1100.258301 131.506607 353.055115
v 1100.258423 96.869301 353.055206
v 1098.723145 131.506607 353.055115
v 1098.723145 96.869301 353.055115
v 1097.636108 131.506607 354.139191
v 1097.636108 96.869301 354.139191
v 1070.117188 131.506607 381.602112
v 1070.117188 96.869301 381.602112
v 1068.990845 131.506607 382.741913
v 1068.990845 96.869301 382.741913
v 1068.979126 96.869301 384.344208
v 1068.979004 131.506607 384.344208
v 1068.963867 131.506607 423.222412
v 1068.963867 96.869301 423.222412
v 1147.283447 75.381203 472.806305
v 1149.069946 78.442200 477.288391
v 1090.423584 78.442200 477.265411
v 1095.097412 74.425003 465.566101
v 1144.405396 74.425003 465.585388
v 1145.292847 74.425003 465.585510
v 1092.213623 75.381203 472.784698
v 1094.161865 74.425003 465.555298
v 1091.171753 75.381203 472.773895
v 1090.427368 75.381203 472.044891
v 1093.492676 74.425003 464.901398
v 1051.471924 75.381203 433.119812
v 1058.613037 74.425003 430.049011
v 1088.524780 78.442200 476.478912
v 1057.950684 74.425003 429.361298
v 1089.315796 78.442200 477.254608
v 1047.039307 78.442200 435.025909
v 1050.731812 75.381203 432.351410
v 1050.711792 75.381203 431.284698
v 1057.932617 74.425003 428.406586
v 1046.229614 78.442200 433.071198
v 1046.250977 78.442200 434.207397
v 1046.245483 79.331398 434.209686
v 1046.224121 79.331398 433.073395
v 1047.033813 79.331398 435.028290
v 1046.583374 80.205101 434.069702
v 1046.562622 80.205704 432.938385
v 1088.522461 79.331398 476.484406
v 1047.368652 80.205704 434.884308
v 1048.121338 81.870003 433.432709
v 1048.098145 81.867599 432.326385
v 1088.666260 80.206001 476.149200
v 1048.887207 81.867599 434.231293
v 1051.236206 84.125099 432.142487
v 1051.221680 84.127602 431.081390
v 1054.359009 85.548500 430.848907
v 1054.339966 85.548500 429.838501
v 1051.976318 84.127602 432.903015
v 1090.645020 84.128799 471.537689
v 1054.363770 88.386597 430.846985
v 1054.344849 88.386597 429.836609
v 1055.060059 85.548500 431.576904
v 1055.757812 88.459503 430.269592
v 1055.739258 88.459503 429.280792
v 1055.716553 117.448502 430.260315
v 1055.707275 117.448502 429.294098
v 1056.443848 88.459503 430.981903
v 1056.443726 117.448502 430.981903
v 1055.064819 88.386597 431.574890
v 1092.561523 117.448502 467.071411
v 1091.967529 85.548500 468.455505
v 1091.969604 88.386597 468.450806
v 1092.561523 88.459503 467.071289
v 1093.253540 88.459503 467.748108
v 1093.195312 117.448502 467.761108
v 1094.221313 117.448502 467.759003
v 1092.676147 88.386597 469.142090
v 1094.221436 88.459503 467.758911
v 1092.674194 85.548500 469.146912
v 1093.664551 88.386597 469.152802
v 1145.279541 88.459503 467.778900
v 1145.279663 117.448502 467.778992
v 1146.180542 117.448502 467.792206
v 1093.662598 85.548500 469.157593
v 1145.835449 88.386597 469.173309
v 1146.201416 88.459503 467.778900
v 1146.853271 88.459503 467.127014
v 1146.853271 117.448502 467.127197
v 1182.942749 117.448502 431.009399
v 1182.942627 88.459503 431.009308
v 1183.619507 88.459503 430.317291
v 1183.651123 117.448502 430.330414
v 1184.322144 88.386597 431.601196
v 1183.630371 117.448502 429.349487
v 1147.446167 88.386597 468.506012
v 1185.013428 88.386597 430.894714
v 1146.779053 88.386597 469.173309
v 1183.630249 88.459503 429.349396
v 1183.650269 88.459503 378.291199
v 1183.650391 117.448502 378.291199
v 1185.024170 88.386597 429.906311
v 1185.044678 88.386597 377.735413
v 1185.028931 85.548500 429.908203
v 1185.049438 85.548500 377.733490
v 1185.018188 85.548500 430.896698
v 1188.143555 84.128799 431.152496
v 1188.167725 84.127602 376.490601
v 1184.326904 85.548500 431.603302
v 1187.409058 84.128799 432.925812
v 1147.448242 85.548500 468.510803
v 1188.135864 84.127403 432.187988
v 1191.270020 81.866402 432.401398
v 1191.291260 81.867599 375.245605
v 1190.502930 81.866402 434.253296
v 1192.803589 80.206001 433.014099
v 1192.826782 80.205704 374.633606
v 1191.257812 81.867798 433.481201
v 1193.142334 79.331398 433.149414
v 1193.165405 79.331398 374.498688
v 1192.793091 80.205704 434.117096
v 1192.020508 80.206001 434.904510
v 1150.103638 81.865097 474.685913
v 1193.131592 79.331398 434.257294
v 1193.136841 78.442200 433.147186
v 1193.159790 78.442200 374.500885
v 1188.677612 75.381203 376.287415
v 1193.125977 78.442200 434.255005
v 1192.355835 79.331398 435.048401
v 1192.350342 78.442200 435.045990
v 1150.899658 79.331398 476.536987
v 1188.645264 75.381203 432.398987
v 1188.656128 75.381203 431.357208
v 1181.437500 74.425003 428.473389
v 1181.456787 74.425003 379.165497
v 1181.426758 74.425003 429.408997
v 1187.916260 75.381203 433.143402
v 1180.772705 74.425003 430.078186
v 1148.991211 75.381203 472.098907
v 1145.920410 74.425003 464.957794
v 1150.897339 78.442200 476.531494
v 1148.283936 75.381203 472.806396
v 1150.140381 78.442200 477.288513
v 1150.142700 79.331398 477.294098
v 1149.072144 79.331398 477.294006
v 1150.002197 80.206299 476.954895
v 1090.421387 79.331398 477.270996
v 1150.755493 80.206299 476.201599
v 1148.937012 80.206299 476.954803
v 1089.313477 79.331398 477.260193
v 1149.367432 81.865196 475.422211
v 1089.453735 80.205704 476.921692
v 1090.556763 80.206001 476.932312
v 1148.326050 81.865097 475.422089
v 1090.089600 81.867798 475.386505
v 1091.169434 81.866402 475.398590
v 1148.070435 84.130096 472.290985
v 1089.317505 81.866402 474.631500
v 1091.382812 84.127403 472.264496
v 1092.418335 84.128799 472.272186
v 1147.078003 84.130096 472.290894
v 1145.837280 85.548500 469.178009
v 1146.781006 85.548500 469.178101
v 1148.772095 84.130096 471.589203
v 1047.039062 78.442200 372.526001
v 1088.492065 78.442200 331.040497
v 1090.398193 75.381203 335.473114
v 1088.489746 79.331398 331.035004
v 1091.105469 75.381203 334.765686
v 1089.249023 78.442200 330.283508
v 1089.246704 79.331398 330.278015
v 1090.319458 78.442200 330.283600
v 1092.105957 75.381203 334.765686
v 1094.096558 74.425003 341.986603
v 1093.468994 74.425003 342.614197
v 1058.616699 74.425003 377.493896
v 1094.984131 74.425003 341.986603
v 1144.291992 74.425003 342.006012
v 1051.473145 75.381203 374.428589
v 1057.962646 74.425003 378.162994
v 1147.175781 75.381203 334.787292
v 1145.227661 74.425003 342.016693
v 1148.965820 78.442200 330.306610
v 1148.217651 75.381203 334.798096
v 1148.962036 75.381203 335.527191
v 1145.896729 74.425003 342.670685
v 1187.917480 75.381203 374.452209
v 1180.776367 74.425003 377.523010
v 1150.864624 78.442200 331.093109
v 1181.438721 74.425003 378.210785
v 1150.073608 78.442200 330.317413
v 1192.350098 78.442200 372.546112
v 1188.657593 75.381203 375.220703
v 1188.677612 75.381203 376.287415
v 1181.456787 74.425003 379.165497
v 1193.159790 78.442200 374.500885
v 1193.138428 78.442200 373.364685
v 1193.144043 79.331398 373.362305
v 1193.165405 79.331398 374.498688
v 1192.355591 79.331398 372.543701
v 1192.806030 80.205101 373.502289
v 1192.826782 80.205704 374.633606
v 1150.866943 79.331398 331.087585
v 1192.020752 80.205704 372.687714
v 1191.268066 81.870003 374.139313
v 1191.291260 81.867599 375.245605
v 1150.723145 80.206001 331.422913
v 1190.502197 81.867599 373.340698
v 1188.153320 84.125099 375.429596
v 1188.167725 84.127602 376.490601
v 1185.030396 85.548500 376.723114
v 1185.049438 85.548500 377.733490
v 1187.413208 84.127602 374.669098
v 1148.744385 84.128799 336.034302
v 1185.025635 88.386597 376.725098
v 1185.044678 88.386597 377.735413
v 1184.329346 85.548500 375.995087
v 1183.631592 88.459503 377.302490
v 1183.650269 88.459503 378.291199
v 1183.672974 117.448502 377.311798
v 1183.650391 117.448502 378.291199
v 1182.945557 88.459503 376.590210
v 1182.945679 117.448502 376.590088
v 1184.324585 88.386597 375.997192
v 1146.827881 117.448502 340.500610
v 1147.421875 85.548500 339.116486
v 1147.419800 88.386597 339.121307
v 1146.827881 88.459503 340.500702
v 1146.135864 88.459503 339.823914
v 1146.194092 117.448502 339.810913
v 1145.168091 117.448502 339.812988
v 1146.713257 88.386597 338.429993
v 1145.167969 88.459503 339.813110
v 1146.715210 85.548500 338.425201
v 1145.724854 88.386597 338.419189
v 1094.109863 88.459503 339.793213
v 1094.109741 117.448502 339.793091
v 1093.208862 117.448502 339.779785
v 1145.726807 85.548500 338.414398
v 1093.554077 88.386597 338.398712
v 1093.187988 88.459503 339.793091
v 1092.536133 88.459503 340.445007
v 1092.536133 117.448502 340.444885
v 1056.446655 117.448502 376.562714
v 1056.446777 88.459503 376.562714
v 1055.769897 88.459503 377.254700
v 1055.738281 117.448502 377.241608
v 1055.067261 88.386597 375.970795
v 1055.759033 117.448502 378.222595
v 1091.943115 88.386597 339.066010
v 1054.375977 88.386597 376.677307
v 1092.610352 88.386597 338.398712
v 1055.759155 88.459503 378.222595
v 1055.739258 88.459503 429.280792
v 1055.707275 117.448502 429.294098
v 1054.365234 88.386597 377.665710
v 1054.344849 88.386597 429.836609
v 1054.360474 85.548500 377.663788
v 1054.339966 85.548500 429.838501
v 1054.371216 85.548500 376.675415
v 1051.245850 84.128799 376.419586
v 1051.221680 84.127602 431.081390
v 1055.062500 85.548500 375.968811
v 1051.980347 84.128799 374.646210
v 1091.941162 85.548500 339.061188
v 1051.253540 84.127403 375.384003
v 1048.119385 81.866402 375.170593
v 1048.098145 81.867599 432.326385
v 1048.886475 81.866402 373.318695
v 1046.585815 80.206001 374.558014
v 1046.562622 80.205704 432.938385
v 1048.131592 81.867798 374.090790
v 1046.247070 79.331398 374.422607
v 1046.224121 79.331398 433.073395
v 1046.596313 80.205704 373.454895
v 1047.368896 80.206001 372.667511
v 1089.285767 81.865097 332.886200
v 1046.257935 79.331398 373.314697
v 1046.252563 78.442200 374.424805
v 1046.229614 78.442200 433.071198
v 1050.711792 75.381203 431.284698
v 1046.263428 78.442200 373.316986
v 1047.033569 79.331398 372.523712
v 1050.744141 75.381203 375.173004
v 1050.733276 75.381203 376.214813
v 1057.951904 74.425003 379.098602
v 1057.932617 74.425003 428.406586
v 1088.633911 80.206299 331.370514
v 1089.387207 80.206299 330.617096
v 1090.021973 81.865196 332.149811
v 1090.317261 79.331398 330.278015
v 1090.452393 80.206299 330.617188
v 1148.968018 79.331398 330.300995
v 1150.075928 79.331398 330.311890
v 1149.935669 80.205704 330.650391
v 1148.832642 80.206001 330.639801
v 1091.063354 81.865097 332.149902
v 1149.299805 81.867798 332.185486
v 1148.219971 81.866402 332.173401
v 1150.071899 81.866402 332.940491
v 1148.006592 84.127403 335.307495
v 1146.971069 84.128799 335.299805
v 1092.311401 84.130096 335.281189
v 1093.552124 85.548500 338.394012
v 1092.608398 85.548500 338.393890
v 1091.318970 84.130096 335.281006
v 1090.617310 84.130096 335.982788
v 1100.598389 32.253399 453.601715
v 1099.024170 32.253399 453.589996
v 1099.024170 -0.693400 453.589996
v 1100.598389 -0.693400 453.601715
v 1138.786255 32.253399 453.616608
v 1138.786255 -0.693400 453.616699
v 1140.294189 -0.693400 453.616791
v 1100.601562 33.448399 453.593689
v 1097.904175 32.253399 452.483490
v 1097.904175 -0.693400 452.483490
v 1070.928711 -0.693400 425.453094
v 1097.907715 33.448399 452.475586
v 1070.928833 32.253399 425.453094
v 1069.864014 -0.693400 424.385498
v 1099.027466 33.448399 453.581909
v 1070.936646 33.448399 425.449585
v 1099.352173 34.215698 452.799591
v 1098.249512 34.215698 451.710510
v 1100.901855 34.215698 452.811310
v 1069.864014 32.253399 424.385498
v 1069.864136 32.253399 422.877594
v 1069.864014 -0.693400 422.877594
v 1069.872070 33.448399 422.874512
v 1069.872070 33.448399 424.382111
v 1070.654541 34.215698 424.058594
v 1070.654663 34.215698 422.574707
v 1071.702393 34.215698 425.109314
v 1076.208008 39.727901 421.762909
v 1076.208130 39.727901 420.447510
v 1076.606567 40.678398 421.598114
v 1076.606689 40.678398 420.294891
v 1076.610840 41.509899 420.293304
v 1077.136841 39.727901 422.694305
v 1076.610718 41.509899 421.596405
v 1070.848877 42.532600 422.500305
v 1077.526978 40.678398 422.520905
v 1070.848755 42.532600 423.978394
v 1070.299072 43.187801 422.710907
v 1077.531006 41.509899 422.519104
v 1071.892456 42.532600 425.024811
v 1070.298950 43.187801 424.205688
v 1070.294189 47.178699 422.712799
v 1071.354492 43.187801 425.263885
v 1070.294067 47.178699 424.207611
v 1071.349731 47.178699 425.266113
v 1070.787476 48.305801 424.003693
v 1070.787598 48.305801 422.523804
v 1075.859375 52.977600 421.907013
v 1075.859497 52.977600 420.581085
v 1071.832520 48.305801 425.051514
v 1098.092041 47.178699 452.062897
v 1098.307495 48.305500 451.580811
v 1076.421509 54.340000 421.674713
v 1076.421631 54.340000 420.365692
v 1076.141724 55.366100 420.472900
v 1076.795776 52.977600 422.845886
v 1100.523315 52.977600 446.621796
v 1077.345825 54.340000 422.601410
v 1076.141602 55.366100 421.790314
v 1070.021484 59.989300 422.817291
v 1100.768921 54.340099 446.072205
v 1077.071899 55.366100 422.723114
v 1070.021362 59.989300 424.320404
v 1067.680786 60.344398 423.713898
v 1071.082886 59.989300 425.384613
v 1100.646851 55.365700 446.345398
v 1097.972900 59.989300 452.329498
v 1068.792236 60.344398 426.402588
v 1067.680664 60.344398 425.287994
v 1066.034668 62.231201 424.344391
v 1066.034546 62.231201 425.968506
v 1064.431274 66.696297 424.958588
v 1067.181396 62.231201 427.118408
v 1096.950317 60.344398 454.618103
v 1065.612305 66.696297 427.815704
v 1064.431152 66.696297 426.631287
v 1063.807617 67.450203 425.197388
v 1096.231201 62.231201 456.227386
v 1065.002197 67.450203 428.086914
v 1063.807495 67.450203 426.889099
v 1061.400635 67.714302 426.119385
v 1061.400513 67.714302 427.884186
v 1059.634766 70.068703 426.795807
v 1062.646606 67.714302 429.133698
v 1059.634644 70.068703 428.614105
v 1057.869019 74.425003 427.472198
v 1057.868896 74.425003 429.344086
v 1059.190674 74.425003 430.669495
v 1060.918701 70.068703 429.901611
v 1094.206787 67.714302 460.758087
v 1093.435303 70.068703 462.484497
v 1092.663940 74.425003 464.210907
v 1094.779907 70.068703 463.815887
v 1094.047241 74.425003 465.581085
v 1095.994385 74.425003 465.593201
v 1095.512573 67.714302 462.050690
v 1096.672241 70.068703 463.827911
v 1142.704468 70.068703 463.845886
v 1143.380859 74.425003 465.611694
v 1097.349976 67.714302 462.062592
v 1144.522827 70.068703 463.846100
v 1145.252808 74.425003 465.611908
v 1146.578125 74.425003 464.290009
v 1142.028076 67.714302 462.080109
v 1143.792847 67.714302 462.080292
v 1145.810303 70.068703 462.562012
v 1178.393188 70.068703 430.045410
v 1180.119629 74.425003 430.816803
v 1145.042358 67.714302 460.834106
v 1176.666748 67.714302 429.273987
v 1179.724609 70.068703 428.700806
v 1181.489868 74.425003 429.433411
v 1181.501831 74.425003 427.486298
v 1177.959351 67.714302 427.968109
v 1179.736572 70.068703 426.808502
v 1179.754639 70.068703 380.776215
v 1181.520386 74.425003 380.099792
v 1177.988770 67.714302 381.452606
v 1177.971313 67.714302 426.130798
v 1175.581787 67.450203 382.374603
v 1175.553101 67.450203 426.969513
v 1175.565063 67.450203 425.206909
v 1174.958252 66.696297 382.613495
v 1174.313477 67.450203 428.222412
v 1174.941650 66.696297 424.967590
v 1174.929810 66.696297 426.710693
v 1173.354736 62.231201 383.227692
v 1143.995605 67.450203 458.478607
v 1173.703735 66.696297 427.950012
v 1173.326782 62.231201 426.045410
v 1173.338623 62.231201 424.352112
v 1171.708618 60.344398 383.858185
v 1142.797852 67.450203 459.673187
v 1141.106079 67.450203 459.673096
v 1142.540039 66.696297 459.049591
v 1143.724365 66.696297 457.868408
v 1140.867310 66.696297 459.049500
v 1098.273804 67.450203 459.656311
v 1096.511230 67.450203 459.644409
v 1095.258301 67.450203 458.404694
v 1096.770020 66.696297 459.021088
v 1095.530762 66.696297 457.795105
v 1097.435303 62.231201 457.418091
v 1098.513184 66.696297 459.032898
v 1098.118286 60.344398 455.772614
v 1099.128662 62.231201 457.429901
v 1140.253052 62.231201 457.446014
v 1141.877197 62.231201 457.446198
v 1099.089478 59.989300 453.432587
v 1099.760376 60.344398 455.784393
v 1139.622559 60.344398 455.799988
v 1101.629272 55.365299 447.313202
v 1100.658936 59.989300 453.444305
v 1138.725952 59.989300 453.459198
v 1141.196777 60.344398 455.800110
v 1140.229126 59.989300 453.459412
v 1136.381592 55.366100 447.338989
v 1137.698975 55.366100 447.339111
v 1143.027100 62.231201 456.299286
v 1142.311279 60.344398 454.688507
v 1141.293335 59.989300 452.397888
v 1172.136108 62.231201 427.249512
v 1170.526733 60.344398 426.530396
v 1171.681274 60.344398 425.362488
v 1168.238281 59.989300 425.507812
v 1169.341309 59.989300 424.391296
v 1171.693115 60.344398 423.720306
v 1169.353027 59.989300 422.821899
v 1169.367920 59.989300 384.754791
v 1163.247681 55.366100 387.099091
v 1163.221924 55.365299 421.851501
v 1163.234131 55.365700 420.472595
v 1162.954834 54.340099 420.365295
v 1162.967773 54.340000 387.206299
v 1163.529907 52.977600 386.990997
v 1162.943115 54.340302 421.735809
v 1163.516846 52.977600 420.581085
v 1168.601807 48.305801 385.048187
v 1162.254150 55.365700 422.833893
v 1138.631836 55.366100 446.408813
v 1138.510132 54.340000 446.134888
v 1137.583374 54.340000 447.059204
v 1161.980835 54.340099 422.711792
v 1138.754517 52.977600 446.684998
v 1162.530518 52.977600 422.957397
v 1163.505127 52.977600 421.969086
v 1136.274414 54.340000 447.059113
v 1168.587402 48.305500 422.527893
v 1167.489502 48.305500 425.173309
v 1169.080322 47.178699 422.717194
v 1169.095215 47.178699 384.859314
v 1168.576172 48.305099 424.073700
v 1169.090332 43.187801 384.861115
v 1140.960205 48.305801 451.648193
v 1167.971558 47.178699 425.388702
v 1169.068604 47.178699 424.278107
v 1169.063843 43.187801 424.276215
v 1169.075562 43.187801 422.715302
v 1168.526611 42.532700 422.504486
v 1168.540527 42.532600 385.071686
v 1162.778687 41.509899 387.278809
v 1141.174805 47.178699 452.131012
v 1168.515625 42.532902 424.048615
v 1162.765747 41.509899 420.292694
v 1162.782715 40.678398 387.277191
v 1162.754150 41.509899 421.657410
v 1162.769775 40.678398 420.294312
v 1163.167969 39.728199 420.447205
v 1163.181396 39.727901 387.124512
v 1162.758179 40.678398 421.659088
v 1168.734741 34.215698 384.997314
v 1168.720093 34.215698 422.578796
v 1169.517334 33.448399 384.697510
v 1169.502319 33.448399 422.879211
v 1169.525391 32.253399 384.694489
v 1163.156006 39.728500 421.824188
v 1168.708374 34.215698 424.128601
v 1162.189453 39.728199 422.804993
v 1169.490601 33.448399 424.453308
v 1167.619141 34.215698 425.231201
v 1168.384277 33.448399 425.573090
v 1169.498657 32.253399 424.456604
v 1169.510376 32.253399 422.882294
v 1169.510376 -0.693400 422.882294
v 1169.525391 -0.693400 384.694489
v 1169.498657 -0.693400 424.456604
v 1168.392212 32.253399 425.576599
v 1168.392212 -0.693400 425.576599
v 1141.361816 -0.693400 452.552002
v 1141.361816 32.253399 452.551910
v 1141.358276 33.448399 452.544098
v 1140.294189 32.253399 453.616791
v 1140.290771 33.448399 453.608704
v 1138.783203 33.448399 453.608612
v 1138.483398 34.215698 452.825989
v 1139.967285 34.215698 452.826202
v 1141.017944 34.215698 451.778290
v 1137.671631 39.727901 447.272705
v 1138.603027 39.727901 446.343903
v 1161.800049 40.678398 422.631012
v 1138.429688 40.678398 445.953796
v 1161.796021 41.509899 422.629211
v 1137.506836 40.678398 446.874115
v 1138.427856 41.509899 445.949799
v 1167.430054 42.532700 425.146698
v 1136.356201 39.727901 447.272614
v 1103.033569 39.728199 447.259308
v 1136.203491 40.678398 446.874115
v 1136.202026 41.509899 446.869904
v 1103.186401 40.678398 446.861115
v 1101.656494 39.728500 447.247314
v 1101.821655 40.678398 446.849487
v 1100.675781 39.728199 446.280701
v 1100.849731 40.678398 445.891296
v 1100.851562 41.509899 445.887299
v 1103.187988 41.509899 446.856995
v 1101.823364 41.509899 446.845398
v 1098.334106 42.532700 451.521301
v 1100.976196 42.532700 452.617889
v 1099.432129 42.532902 452.606995
v 1098.094238 43.187801 452.058197
v 1099.204590 43.187801 453.155090
v 1100.765381 43.187801 453.166901
v 1099.202637 47.178699 453.159912
v 1099.406982 48.305099 452.667389
v 1100.763550 47.178699 453.171692
v 1138.619629 43.187801 453.181702
v 1101.511597 52.977600 447.596497
v 1100.952759 48.305500 452.678802
v 1138.432495 48.305801 452.693115
v 1101.744873 54.340302 447.034393
v 1102.899658 52.977600 447.608093
v 1103.008179 55.365700 447.325409
v 1103.115479 54.340099 447.046112
v 1136.489746 52.977600 447.621185
v 1137.815674 52.977600 447.621307
v 1139.912354 48.305801 452.693207
v 1138.621460 47.178699 453.186493
v 1140.116333 47.178699 453.186615
v 1140.114380 43.187801 453.181793
v 1141.172607 43.187801 452.126312
v 1139.887085 42.532600 452.631989
v 1138.409058 42.532600 452.631805
v 1137.505127 41.509899 446.869995
v 1140.933594 42.532600 451.588196
v 1167.966919 43.187801 425.386597
v 1070.997314 32.253399 381.995514
v 1070.997314 -0.693400 381.995514
v 1069.890747 -0.693400 383.115387
v 1098.027588 -0.693400 355.020111
v 1098.027588 32.253399 355.020111
v 1099.095215 -0.693400 353.955292
v 1071.005127 33.448399 381.998993
v 1069.890747 32.253399 383.115387
v 1069.879028 32.253399 384.689789
v 1069.879028 -0.693400 384.689697
v 1069.864136 32.253399 422.877594
v 1069.864014 -0.693400 422.877594
v 1069.887085 33.448399 384.692810
v 1069.872070 33.448399 422.874512
v 1069.898804 33.448399 383.118713
v 1070.669434 34.215698 384.993195
v 1070.654663 34.215698 422.574707
v 1070.681152 34.215698 383.443512
v 1076.221436 39.728199 387.124908
v 1076.208130 39.727901 420.447510
v 1076.606689 40.678398 420.294891
v 1076.233398 39.728500 385.747894
v 1076.619629 40.678398 387.277710
v 1071.770264 34.215698 382.340790
v 1098.031128 33.448399 355.028015
v 1076.623779 41.509899 387.279297
v 1076.610840 41.509899 420.293304
v 1076.631226 40.678398 385.912994
v 1070.862793 42.532700 385.067505
v 1070.848877 42.532600 422.500305
v 1070.299072 43.187801 422.710907
v 1076.635376 41.509899 385.914703
v 1070.313843 43.187801 384.856689
v 1070.873779 42.532902 383.523407
v 1070.309082 47.178699 384.854889
v 1070.294189 47.178699 422.712799
v 1070.787598 48.305801 422.523804
v 1070.325562 43.187801 383.295898
v 1070.320801 47.178699 383.293915
v 1071.422485 43.187801 382.185486
v 1071.417847 47.178699 382.183411
v 1070.813232 48.305099 383.498291
v 1070.802002 48.305500 385.044098
v 1075.872681 52.977600 386.990997
v 1075.859497 52.977600 420.581085
v 1075.884277 52.977600 385.602997
v 1071.899902 48.305500 382.398804
v 1076.434692 54.340099 387.206787
v 1076.421631 54.340000 420.365692
v 1076.141724 55.366100 420.472900
v 1076.446289 54.340302 385.836212
v 1076.155273 55.365700 387.099487
v 1070.036377 59.989300 384.750214
v 1070.021484 59.989300 422.817291
v 1067.680786 60.344398 423.713898
v 1076.167480 55.365299 385.720490
v 1067.696411 60.344398 383.851715
v 1076.858887 52.977600 384.614685
v 1070.048096 59.989300 383.180695
v 1066.050781 62.231201 383.219910
v 1066.034668 62.231201 424.344391
v 1067.708130 60.344398 382.209595
v 1071.151245 59.989300 382.064209
v 1064.447754 66.696297 382.604492
v 1064.431274 66.696297 424.958588
v 1066.062622 62.231201 381.526611
v 1068.862671 60.344398 381.041595
v 1067.253296 62.231201 380.322510
v 1063.824463 67.450203 382.365112
v 1063.807617 67.450203 425.197388
v 1064.459717 66.696297 380.861298
v 1065.685669 66.696297 379.622009
v 1061.418091 67.714302 381.441315
v 1061.400635 67.714302 426.119385
v 1063.836304 67.450203 380.602600
v 1065.076050 67.450203 379.349609
v 1095.393799 67.450203 349.093414
v 1062.722656 67.714302 378.298004
v 1061.430054 67.714302 379.603912
v 1059.652832 70.068703 380.763489
v 1059.634766 70.068703 426.795807
v 1057.887573 74.425003 380.085693
v 1057.869019 74.425003 427.472198
v 1059.664795 70.068703 378.871185
v 1057.899536 74.425003 378.138611
v 1059.269897 74.425003 376.755188
v 1060.996216 70.068703 377.526611
v 1092.811279 74.425003 343.282013
v 1093.579224 70.068703 345.010010
v 1094.347046 67.714302 346.738007
v 1094.866577 70.068703 343.726013
v 1094.136597 74.425003 341.960205
v 1096.008545 74.425003 341.960297
v 1095.596558 67.714302 345.491791
v 1096.684937 70.068703 343.726105
v 1143.395020 74.425003 341.978912
v 1096.591675 67.450203 347.898804
v 1097.361328 67.714302 345.491913
v 1142.717285 70.068703 343.744110
v 1144.609497 70.068703 343.756104
v 1145.342163 74.425003 341.990906
v 1146.725586 74.425003 343.361206
v 1145.954102 70.068703 345.087585
v 1180.198730 74.425003 376.902588
v 1143.876831 67.714302 345.521393
v 1142.039429 67.714302 345.509399
v 1098.283325 67.450203 347.898987
v 1142.878174 67.450203 347.927612
v 1145.182739 67.714302 346.813995
v 1141.115601 67.450203 347.915710
v 1096.849365 66.696297 348.522400
v 1098.522217 66.696297 348.522491
v 1095.665039 66.696297 349.703705
v 1097.512207 62.231201 350.125885
v 1096.362305 62.231201 351.272797
v 1097.078125 60.344398 352.883514
v 1098.192749 60.344398 351.771912
v 1099.136353 62.231201 350.126007
v 1099.766846 60.344398 351.772095
v 1099.160400 59.989300 354.112701
v 1098.096069 59.989300 355.174103
v 1140.876221 66.696297 348.539093
v 1140.260864 62.231201 350.142090
v 1142.619507 66.696297 348.550995
v 1141.954102 62.231201 350.153900
v 1144.131104 67.450203 349.167297
v 1143.858765 66.696297 349.777008
v 1174.387329 67.450203 379.485107
v 1176.742798 67.714302 378.438385
v 1143.158203 62.231201 351.344696
v 1178.470703 70.068703 377.670502
v 1173.777100 66.696297 379.756287
v 1179.754761 70.068703 378.957886
v 1181.520508 74.425003 378.227997
v 1181.520386 74.425003 380.099792
v 1179.754639 70.068703 380.776215
v 1177.989014 67.714302 379.687897
v 1177.988770 67.714302 381.452606
v 1175.581909 67.450203 380.682892
v 1175.581787 67.450203 382.374603
v 1174.958374 66.696297 380.940704
v 1174.958252 66.696297 382.613495
v 1173.354858 62.231201 381.603485
v 1173.354736 62.231201 383.227692
v 1172.208008 62.231201 380.453613
v 1171.708740 60.344398 382.283997
v 1171.708618 60.344398 383.858185
v 1169.368042 59.989300 383.251587
v 1169.367920 59.989300 384.754791
v 1170.597168 60.344398 381.169495
v 1142.439087 60.344398 352.954010
v 1163.247803 55.366100 385.781708
v 1163.247681 55.366100 387.099091
v 1168.306641 59.989300 382.187408
v 1141.416504 59.989300 355.242493
v 1141.271240 60.344398 351.799500
v 1162.317505 55.366100 384.848907
v 1139.629028 60.344398 351.787689
v 1140.300049 59.989300 354.139496
v 1138.730591 59.989300 354.127686
v 1137.760254 55.365299 360.258789
v 1138.742554 55.365700 361.226715
v 1100.663452 59.989300 354.112793
v 1136.381226 55.365700 360.246613
v 1101.690430 55.366100 360.232910
v 1103.007812 55.366100 360.233002
v 1137.644531 54.340302 360.537598
v 1136.274048 54.340099 360.526001
v 1103.114990 54.340000 360.512909
v 1100.757568 55.366100 361.163208
v 1101.806152 54.340000 360.512787
v 1077.135376 55.365700 384.738190
v 1100.879272 54.340000 361.437103
v 1077.408569 54.340099 384.860199
v 1100.634888 52.977600 360.887085
v 1098.429199 48.305801 355.923889
v 1101.573730 52.977600 359.950714
v 1098.214722 47.178699 355.441010
v 1099.477051 48.305801 354.878815
v 1102.899658 52.977600 359.950806
v 1100.956909 48.305801 354.878998
v 1136.489746 52.977600 359.963989
v 1099.273071 47.178699 354.385406
v 1138.436646 48.305500 354.893311
v 1100.767944 47.178699 354.385498
v 1099.275146 43.187801 354.390289
v 1098.216797 43.187801 355.445709
v 1138.625854 47.178699 354.400391
v 1100.769775 43.187801 354.390411
v 1099.502319 42.532600 354.940094
v 1098.455933 42.532600 355.983795
v 1071.959473 42.532700 382.425415
v 1077.593506 41.509899 384.942902
v 1100.961548 41.509899 361.622314
v 1101.884277 41.509899 360.701996
v 1100.980347 42.532600 354.940186
v 1101.882568 40.678398 360.697906
v 1100.959839 40.678398 361.618195
v 1077.589478 40.678398 384.941101
v 1100.786499 39.727901 361.228210
v 1077.200073 39.728199 384.767090
v 1098.371460 34.215698 355.793793
v 1101.717773 39.727901 360.299286
v 1099.422119 34.215698 354.745911
v 1099.098633 33.448399 353.963287
v 1099.095215 32.253399 353.955292
v 1100.606201 33.448399 353.963409
v 1100.603149 32.253399 353.955414
v 1100.603149 -0.693400 353.955414
v 1138.791016 -0.693400 353.970306
v 1138.791016 32.253399 353.970306
v 1140.365356 -0.693400 353.982086
v 1138.787964 33.448399 353.978394
v 1140.365356 32.253399 353.982086
v 1141.485352 32.253399 355.088593
v 1141.485352 -0.693400 355.088593
v 1168.460693 -0.693400 382.118896
v 1140.361938 33.448399 353.990112
v 1168.460693 32.253399 382.118896
v 1141.481812 33.448399 355.096405
v 1169.525513 -0.693400 383.186615
v 1140.037354 34.215698 354.772400
v 1168.452759 33.448399 382.122406
v 1138.487549 34.215698 354.760712
v 1141.139893 34.215698 355.861511
v 1137.732910 39.728500 360.324707
v 1100.906006 34.215698 354.746002
v 1136.355835 39.728199 360.312714
v 1103.033203 39.727901 360.299408
v 1103.185913 40.678398 360.697998
v 1136.203003 40.678398 360.710907
v 1137.567749 40.678398 360.722504
v 1136.201416 41.509899 360.714996
v 1103.187500 41.509899 360.702087
v 1138.413208 42.532700 354.954193
v 1138.624023 43.187801 354.405212
v 1137.566040 41.509899 360.726593
v 1139.957397 42.532902 354.965088
v 1140.184814 43.187801 354.416901
v 1140.186890 47.178699 354.412109
v 1139.982422 48.305099 354.904602
v 1141.297363 47.178699 355.509186
v 1141.295288 43.187801 355.513885
v 1141.055420 42.532700 356.050690
v 1138.537842 41.509899 361.684814
v 1167.496948 42.532600 382.547211
v 1161.858521 41.509899 385.052887
v 1138.539673 40.678398 361.680695
v 1161.862549 40.678398 385.051086
v 1168.035034 43.187801 382.308105
v 1138.713623 39.728199 361.291290
v 1162.252563 39.727901 384.877808
v 1167.687012 34.215698 382.462708
v 1162.782837 40.678398 385.973907
v 1163.181396 39.727901 385.809113
v 1168.734863 34.215698 383.513397
v 1169.517456 33.448399 383.189911
v 1168.734741 34.215698 384.997314
v 1163.181396 39.727901 387.124512
v 1169.517334 33.448399 384.697510
v 1162.782715 40.678398 387.277191
v 1162.778687 41.509899 387.278809
v 1169.525513 32.253399 383.186615
v 1169.525391 32.253399 384.694489
v 1169.525391 -0.693400 384.694489
v 1162.778687 41.509899 385.975586
v 1168.540527 42.532600 385.071686
v 1168.540649 42.532600 383.593689
v 1169.090332 43.187801 384.861115
v 1169.090454 43.187801 383.366394
v 1169.095215 47.178699 384.859314
v 1168.039673 47.178699 382.306000
v 1169.095337 47.178699 383.364410
v 1168.601929 48.305801 383.568390
v 1168.601807 48.305801 385.048187
v 1141.082031 48.305500 355.991211
v 1167.556885 48.305801 382.520599
v 1163.530029 52.977600 385.665009
v 1163.529907 52.977600 386.990997
v 1137.877808 52.977600 359.975586
v 1138.866089 52.977600 360.950195
v 1138.620483 54.340099 361.499786
v 1162.593750 52.977600 384.726196
v 1162.043579 54.340000 384.970612
v 1162.967896 54.340000 385.897400
v 1162.967773 54.340000 387.206299
vn -0.0022 -0.6770 0.7360
vn -0.3039 -0.6105 0.7314
vn -0.0366 -0.9955 0.0877
vn 0.0001 -0.9945 0.1045
vn -0.0003 -0.6776 0.7354
vn -0.0009 -0.9945 0.1044
vn 0.0372 -0.9952 0.0902
vn -0.0002 -0.0029 1.0000
vn 0.3028 -0.6093 0.7328
vn 0.5198 -0.6770 0.5211
vn 0.0751 -0.9943 0.0756
vn 0.3820 -0.0031 0.9241
vn 0.7063 -0.0029 0.7079
vn 0.5208 -0.6776 0.5193
vn 0.0716 -0.9947 0.0732
vn 0.0878 -0.9955 0.0364
vn 0.7083 -0.0028 0.7059
vn 0.7315 -0.6105 0.3036
vn 0.7353 -0.6777 0.0020
vn 0.1023 -0.9948 -0.0012
vn 0.9236 -0.0031 0.3833
vn 0.7348 -0.6783 0.0004
vn 0.1023 -0.9948 0.0013
vn 1.0000 -0.0029 0.0032
vn 0.0884 -0.9954 -0.0365
vn 0.6341 -0.7271 0.2632
vn 0.5478 -0.6338 0.5460
vn 0.5466 -0.6332 0.5479
vn 0.3651 -0.8568 0.3642
vn 0.2618 -0.7282 0.6334
vn 0.3642 -0.8568 0.3650
vn -0.0002 -0.6332 0.7740
vn -0.0031 -0.0028 1.0000
vn -0.0001 -0.8568 0.5156
vn 0.2108 -0.8341 0.5098
vn 0.6494 -0.3931 0.6510
vn -0.0023 -0.6338 0.7735
vn -0.3832 -0.0031 0.9236
vn -0.2632 -0.7271 0.6341
vn -0.7059 -0.0029 0.7083
vn -0.0014 -0.8567 0.5157
vn -0.0027 -0.3933 0.9194
vn -0.2112 -0.8345 0.5090
vn -0.3642 -0.8568 0.3651
vn -0.0002 -0.3931 0.9195
vn 0.3514 -0.3925 0.8500
vn -0.0002 0.3511 0.9364
vn -0.0029 0.3510 0.9364
vn 0.3609 0.3283 0.8729
vn -0.3525 -0.3928 0.8494
vn -0.6491 -0.3933 0.6511
vn 0.6613 0.3510 0.6629
vn 0.1842 0.8761 0.4456
vn -0.0001 0.8846 0.4663
vn 0.3293 0.8846 0.3301
vn -0.3620 0.3286 0.8723
vn 0.6632 0.3511 0.6610
vn -0.6610 0.3510 0.6632
vn -0.1846 0.8763 0.4449
vn -0.0013 0.8846 0.4663
vn -0.6509 -0.3932 0.6494
vn -0.3293 0.8846 0.3302
vn -0.0904 0.9718 0.2178
vn -0.0008 0.9671 0.2543
vn -0.1795 0.9671 0.1801
vn -0.1690 0.8976 0.4071
vn -0.1802 0.9671 0.1798
vn -0.0001 0.9671 0.2545
vn -0.3301 0.8846 0.3294
vn -0.6629 0.3510 0.6613
vn 0.0901 0.9718 0.2180
vn 0.1798 0.9671 0.1802
vn 0.1681 0.8979 0.4068
vn -0.0001 0.8541 0.5200
vn -0.0017 0.8545 0.5194
vn 0.2171 0.8229 0.5251
vn -0.0001 0.8316 0.5554
vn 0.3673 0.8541 0.3682
vn 0.0908 0.9714 0.2195
vn 0.3923 0.8316 0.3932
vn 0.3933 0.8316 0.3921
vn 0.1620 0.9733 0.1624
vn 0.3679 0.8545 0.3666
vn 0.1801 0.9671 0.1795
vn 0.3302 0.8846 0.3293
vn 0.2179 0.9718 0.0904
vn 0.4071 0.8976 0.1689
vn 0.5244 0.8232 0.2176
vn 0.2543 0.9671 0.0008
vn 0.5194 0.8546 0.0017
vn 0.5554 0.8316 0.0017
vn 0.2545 0.9671 0.0001
vn 0.2191 0.9715 0.0909
vn 0.1624 0.9734 0.1619
vn 0.4663 0.8846 0.0013
vn 0.4449 0.8763 0.1847
vn 0.8723 0.3286 0.3620
vn 0.9364 0.3510 0.0029
vn 0.8494 -0.3927 0.3526
vn 0.6511 -0.3932 0.6492
vn 0.5090 -0.8345 0.2112
vn 0.9194 -0.3932 0.0027
vn 0.5157 -0.8568 0.0014
vn 0.7735 -0.6338 0.0024
vn 0.9195 -0.3931 0.0002
vn 0.5156 -0.8568 0.0001
vn 0.7740 -0.6332 0.0002
vn 1.0000 -0.0029 0.0002
vn 0.6334 -0.7282 -0.2618
vn 0.5098 -0.8341 -0.2108
vn 0.7325 -0.6098 -0.3027
vn 0.9241 -0.0030 -0.3820
vn 0.5206 -0.6776 -0.5194
vn 0.7079 -0.0029 -0.7063
vn 0.0737 -0.9945 -0.0739
vn 0.5479 -0.6333 -0.5466
vn 0.5189 -0.6783 -0.5202
vn 0.0725 -0.9950 -0.0692
vn 0.0366 -0.9955 -0.0877
vn 0.7059 -0.0029 -0.7083
vn 0.3039 -0.6105 -0.7314
vn 0.0022 -0.6771 -0.7359
vn -0.0001 -0.9945 -0.1045
vn 0.3833 -0.0030 -0.9236
vn 0.0003 -0.6776 -0.7354
vn 0.0009 -0.9945 -0.1044
vn 0.0031 -0.0029 -1.0000
vn -0.0372 -0.9952 -0.0902
vn 0.2632 -0.7271 -0.6341
vn 0.5460 -0.6338 -0.5478
vn 0.3642 -0.8568 -0.3651
vn 0.3650 -0.8568 -0.3642
vn 0.6510 -0.3931 -0.6494
vn 0.2112 -0.8345 -0.5090
vn 0.8500 -0.3925 -0.3514
vn 0.6491 -0.3933 -0.6511
vn 0.9364 0.3510 0.0002
vn 0.8729 0.3283 -0.3609
vn 0.4663 0.8846 0.0001
vn 0.4456 0.8761 -0.1842
vn 0.6629 0.3511 -0.6613
vn 0.2180 0.9718 -0.0901
vn 0.3301 0.8846 -0.3293
vn 0.6610 0.3510 -0.6632
vn 0.1802 0.9671 -0.1798
vn 0.4067 0.8979 -0.1682
vn 0.5200 0.8541 0.0001
vn 0.5251 0.8229 -0.2171
vn 0.5554 0.8316 0.0001
vn 0.3682 0.8541 -0.3673
vn 0.2195 0.9714 -0.0908
vn 0.2293 0.9733 0.0001
vn 0.3932 0.8316 -0.3923
vn 0.3921 0.8316 -0.3933
vn 0.1624 0.9733 -0.1620
vn 0.0638 0.9976 -0.0264
vn 0.2293 0.9733 0.0007
vn 0.0598 0.9982 -0.0000
vn 0.0423 0.9982 -0.0422
vn 0.0636 0.9976 0.0264
vn -0.5495 0.8040 0.2271
vn 0.0599 0.9982 0.0002
vn -0.7071 0.7071 -0.0002
vn -0.5512 0.8024 -0.2288
vn -1.0000 -0.0000 -0.0003
vn -0.9242 -0.0000 0.3820
vn -1.0000 -0.0000 -0.0039
vn -0.5006 0.7071 0.4994
vn -0.7079 -0.0000 0.7063
vn -0.7063 0.7079 -0.0028
vn -0.9236 -0.0000 -0.3833
vn -0.7089 -0.0000 -0.7053
vn -0.4982 0.7079 0.5007
vn -0.7053 -0.0000 0.7089
vn -0.2287 0.8024 0.5512
vn -0.3833 -0.0000 0.9236
vn 0.0423 0.9982 -0.0424
vn 0.1619 0.9733 -0.1624
vn 0.0264 0.9976 -0.0636
vn 0.0909 0.9715 -0.2191
vn -0.0027 0.7079 0.7063
vn -0.0039 -0.0000 1.0000
vn 0.0002 0.9982 -0.0599
vn 0.0007 0.9734 -0.2293
vn -0.0001 0.7071 0.7071
vn -0.0002 -0.0000 1.0000
vn -0.0000 0.9982 -0.0598
vn 0.2272 0.8040 0.5495
vn 0.3821 -0.0000 0.9241
vn 0.4994 0.7071 0.5006
vn 0.7063 -0.0000 0.7079
vn 0.5007 0.7079 0.4982
vn 0.7088 -0.0000 0.7054
vn -0.0422 0.9982 -0.0423
vn 0.9236 -0.0000 0.3833
vn -0.0264 0.9976 -0.0638
vn -0.0424 0.9982 -0.0423
vn 0.5511 0.8025 0.2288
vn 0.7063 0.7079 0.0027
vn 1.0000 -0.0000 0.0038
vn 0.7071 0.7071 0.0001
vn 1.0000 -0.0000 0.0002
vn -0.0599 0.9982 -0.0002
vn -0.0636 0.9976 -0.0264
vn 0.5495 0.8040 -0.2272
vn 0.9241 -0.0000 -0.3821
vn -0.0598 0.9982 -0.0000
vn -0.2293 0.9733 -0.0007
vn -0.1624 0.9733 -0.1619
vn -0.2191 0.9715 -0.0909
vn -0.5553 0.8316 -0.0016
vn -0.1620 0.9733 -0.1624
vn -0.3933 0.8316 -0.3921
vn -0.2293 0.9733 -0.0001
vn -0.0638 0.9976 0.0264
vn -0.0423 0.9982 0.0422
vn -0.2195 0.9714 0.0907
vn 0.5006 0.7071 -0.4994
vn 0.7080 -0.0000 -0.7063
vn 0.4982 0.7079 -0.5007
vn 0.7053 -0.0000 -0.7089
vn -0.1624 0.9733 0.1620
vn 0.2287 0.8024 -0.5512
vn 0.3833 -0.0000 -0.9236
vn -0.0423 0.9982 0.0424
vn -0.1619 0.9733 0.1624
vn 0.0027 0.7079 -0.7063
vn 0.0038 -0.0000 -1.0000
vn -0.0264 0.9976 0.0636
vn -0.0002 0.9982 0.0599
vn 0.0002 0.7071 -0.7071
vn 0.0002 -0.0000 -1.0000
vn -0.2271 0.8040 -0.5495
vn -0.3820 -0.0000 -0.9241
vn -0.0000 0.9982 0.0598
vn -0.0007 0.9734 0.2293
vn -0.4994 0.7071 -0.5006
vn -0.7063 -0.0000 -0.7079
vn 0.0422 0.9982 0.0423
vn -0.5007 0.7079 -0.4982
vn 0.0424 0.9982 0.0423
vn 0.0264 0.9976 0.0638
vn -0.0001 0.9733 0.2293
vn -0.0017 0.8316 0.5553
vn -0.0909 0.9715 0.2191
vn -0.2176 0.8232 0.5244
vn -0.3921 0.8316 0.3933
vn -0.3666 0.8545 0.3679
vn -0.3932 0.8316 0.3923
vn -0.3682 0.8541 0.3673
vn -0.5251 0.8229 0.2171
vn -0.5554 0.8316 -0.0001
vn -0.4068 0.8979 0.1681
vn -0.5200 0.8541 -0.0001
vn -0.2180 0.9718 0.0901
vn -0.2545 0.9671 -0.0001
vn -0.5194 0.8545 -0.0017
vn -0.5244 0.8232 -0.2176
vn -0.4456 0.8761 0.1842
vn -0.4663 0.8846 -0.0001
vn -0.8729 0.3283 0.3608
vn -0.8500 -0.3925 0.3513
vn -0.9363 0.3511 -0.0002
vn -0.9195 -0.3931 -0.0002
vn -0.5098 -0.8341 0.2108
vn -0.3650 -0.8568 0.3642
vn -0.9364 0.3510 -0.0028
vn -0.4663 0.8846 -0.0013
vn -0.2543 0.9671 -0.0008
vn -0.4070 0.8977 -0.1689
vn -0.2178 0.9718 -0.0904
vn -0.4449 0.8763 -0.1847
vn -0.1801 0.9671 -0.1795
vn -0.3679 0.8546 -0.3666
vn -0.8723 0.3286 -0.3620
vn -0.3301 0.8846 -0.3293
vn -0.1798 0.9671 -0.1802
vn -0.3673 0.8541 -0.3682
vn -0.3923 0.8316 -0.3932
vn -0.6632 0.3510 -0.6610
vn -0.3293 0.8846 -0.3301
vn -0.0908 0.9714 -0.2195
vn -0.2171 0.8229 -0.5251
vn 0.0001 0.9733 -0.2293
vn 0.0001 0.8316 -0.5554
vn 0.0017 0.8316 -0.5553
vn 0.0001 0.8542 -0.5200
vn -0.1682 0.8979 -0.4068
vn 0.2176 0.8232 -0.5243
vn 0.0017 0.8546 -0.5194
vn 0.0001 0.9671 -0.2545
vn -0.0901 0.9718 -0.2180
vn 0.3666 0.8545 -0.3679
vn 0.1690 0.8976 -0.4070
vn 0.1795 0.9671 -0.1801
vn 0.0008 0.9671 -0.2543
vn 0.0904 0.9718 -0.2178
vn 0.3293 0.8846 -0.3302
vn 0.1847 0.8763 -0.4449
vn 0.0013 0.8846 -0.4663
vn 0.3621 0.3286 -0.8723
vn 0.0001 0.8846 -0.4663
vn 0.0029 0.3510 -0.9364
vn 0.3525 -0.3928 -0.8494
vn 0.0027 -0.3932 -0.9194
vn -0.1842 0.8761 -0.4456
vn 0.0002 0.3510 -0.9364
vn 0.0002 -0.3931 -0.9195
vn 0.0014 -0.8567 -0.5157
vn -0.3609 0.3283 -0.8729
vn -0.6613 0.3510 -0.6629
vn -0.3514 -0.3925 -0.8500
vn -0.6494 -0.3931 -0.6510
vn -0.2107 -0.8341 -0.5098
vn 0.0001 -0.8568 -0.5156
vn 0.0023 -0.6338 -0.7735
vn 0.0002 -0.6332 -0.7740
vn -0.2618 -0.7282 -0.6334
vn 0.0002 -0.0029 -1.0000
vn -0.3642 -0.8568 -0.3650
vn -0.3820 -0.0031 -0.9242
vn -0.3028 -0.6093 -0.7328
vn -0.7063 -0.0029 -0.7079
vn -0.5198 -0.6770 -0.5211
vn -0.0751 -0.9943 -0.0756
vn -0.5466 -0.6332 -0.5479
vn -0.3652 -0.8567 -0.3642
vn -0.5478 -0.6338 -0.5461
vn -0.7083 -0.0029 -0.7059
vn -0.5207 -0.6777 -0.5192
vn -0.0716 -0.9947 -0.0732
vn -0.0878 -0.9955 -0.0364
vn -0.6511 -0.3933 -0.6491
vn -0.6341 -0.7271 -0.2632
vn -0.5090 -0.8345 -0.2112
vn -0.8494 -0.3928 -0.3525
vn -0.9194 -0.3933 -0.0027
vn -0.5158 -0.8567 -0.0014
vn -0.5156 -0.8568 -0.0001
vn -0.7735 -0.6338 -0.0023
vn -0.6333 -0.7282 0.2618
vn -0.7740 -0.6332 -0.0002
vn -1.0000 -0.0029 -0.0031
vn -0.9236 -0.0033 -0.3833
vn -0.7314 -0.6106 -0.3036
vn -0.7353 -0.6777 -0.0020
vn -0.1023 -0.9948 0.0011
vn -0.1041 -0.9946 0.0004
vn -0.7351 -0.6780 -0.0000
vn -0.0887 -0.9953 0.0378
vn -1.0000 -0.0031 -0.0002
vn -0.7324 -0.6099 0.3027
vn -0.9241 -0.0033 0.3821
vn -0.7079 -0.0029 0.7063
vn -0.5206 -0.6777 0.5194
vn -0.0737 -0.9945 0.0739
vn -0.5479 -0.6332 0.5467
vn -0.5461 -0.6338 0.5478
vn -0.5189 -0.6783 0.5201
vn -0.0725 -0.9950 0.0692
vn -0.0000 1.0000 -0.0000
vn 0.7079 0.7063 0.0027
vn 0.7163 0.6313 0.2973
vn 0.5018 0.7063 0.4993
vn 0.4995 0.7071 0.5006
vn 0.2966 0.6304 0.7174
vn 0.3820 -0.0000 0.9241
vn -0.0002 0.7071 0.7071
vn -0.0027 0.7063 0.7079
vn -0.2595 0.6501 0.7142
vn -0.3895 0.0188 0.9208
vn -0.4973 0.7062 0.5040
vn -0.7054 -0.0000 0.7089
vn -0.5015 0.7070 0.4986
vn -0.9231 0.0068 0.3844
vn -0.7167 0.6379 0.2818
vn -0.7079 0.7063 -0.0028
vn -0.7162 0.6314 -0.2973
vn -0.5018 0.7063 -0.4993
vn -0.7062 -0.0000 -0.7080
vn -0.2965 0.6304 -0.7174
vn -0.3820 -0.0000 -0.9242
vn 0.0027 0.7063 -0.7079
vn 0.2972 0.6314 -0.7163
vn 0.4993 0.7063 -0.5018
vn 0.7054 -0.0000 -0.7088
vn 0.7174 0.6304 -0.2966
vn 0.9241 -0.0000 -0.3820
vn 1.0000 -0.0000 -0.0000
vn -0.7063 -0.0000 -0.7080
vn -0.7088 -0.0000 -0.7054
vn -0.9236 -0.0000 -0.3834
vn -1.0000 -0.0000 -0.0004
vn -1.0000 -0.0000 -0.0001
vn 0.9236 -0.0000 0.3834
vn 1.0000 -0.0000 0.0039
vn 1.0000 -0.0000 0.0004
vn 1.0000 -0.0000 0.0001
vn -0.0001 -0.9340 0.3574
vn -0.0002 -0.4697 0.8828
vn -0.0048 -0.4695 0.8829
vn -0.0006 -0.9914 0.1311
vn -0.0000 -0.9913 0.1313
vn 0.0465 -0.9926 0.1122
vn -0.0017 -0.9339 0.3575
vn -0.0465 -0.9926 0.1123
vn -0.1459 -0.9245 0.3521
vn -0.2516 -0.9339 0.2540
vn -0.0923 -0.9914 0.0931
vn -0.2549 -0.9338 0.2509
vn -0.0932 -0.9914 0.0919
vn -0.6210 -0.4696 0.6276
vn -0.1122 -0.9926 0.0465
vn -0.3432 -0.4428 0.8283
vn -0.6305 -0.4694 0.6181
vn -0.3512 -0.9249 0.1455
vn -0.3577 -0.9338 0.0029
vn -0.1309 -0.9914 0.0009
vn -0.8829 -0.4695 0.0087
vn -0.8280 -0.4437 0.3429
vn -0.9079 0.1853 0.3760
vn -0.9835 0.1809 0.0094
vn -0.7021 0.1810 0.6887
vn -0.7793 0.5371 0.3228
vn -0.8479 0.5301 0.0079
vn -0.6918 0.1808 0.6991
vn -0.6051 0.5302 0.5939
vn -0.5985 0.7618 0.2479
vn -0.6627 0.7488 0.0059
vn -0.5966 0.5297 0.6029
vn -0.4728 0.7488 0.4645
vn -0.4541 0.8709 0.1881
vn -0.5019 0.8649 0.0043
vn -0.7231 0.6225 0.2994
vn -0.8393 0.5436 0.0072
vn -0.3579 0.8649 0.3519
vn -0.3534 0.8646 0.3570
vn -0.7256 0.6190 0.3006
vn -0.7266 0.6870 0.0068
vn -0.5986 0.5436 0.5884
vn -0.5781 0.7800 0.2396
vn -0.7236 0.6901 0.0064
vn -0.9215 -0.0006 0.3884
vn -1.0000 -0.0011 0.0043
vn -0.5160 0.6904 0.5070
vn -0.7057 -0.0000 0.7085
vn -0.5186 0.6870 0.5090
vn -0.7213 -0.0009 0.6926
vn -0.5907 0.5428 0.5970
vn -0.5103 0.6879 0.5161
vn -0.5091 0.6896 0.5150
vn -0.2384 0.7823 0.5755
vn -0.4015 -0.0012 0.9158
vn 0.0007 -0.0002 1.0000
vn -0.3010 0.6177 0.7266
vn -0.0041 0.6896 0.7242
vn -0.2990 0.6241 0.7219
vn -0.0041 0.6879 0.7258
vn -0.0002 0.6884 0.7254
vn -0.0075 -0.0000 1.0000
vn 0.3732 -0.0000 0.9277
vn -0.0044 0.5428 0.8399
vn -0.0001 0.6889 0.7248
vn 0.2371 0.7852 0.5721
vn 0.5129 0.6885 0.5128
vn 0.7052 -0.0000 0.7090
vn 0.7000 -0.0005 0.7141
vn 0.5150 0.6896 0.5091
vn 0.5755 0.7823 0.2384
vn 0.9239 -0.0012 0.3827
vn 0.5161 0.6879 0.5103
vn 0.9999 -0.0005 -0.0100
vn 0.5126 0.6890 0.5124
vn 0.7266 0.6177 0.3010
vn 0.3015 0.6159 0.7278
vn 0.7242 0.6896 0.0041
vn 0.7235 0.6903 -0.0063
vn 0.9999 -0.0000 0.0117
vn 0.7258 0.6879 0.0041
vn 0.7267 0.6870 -0.0068
vn 0.8399 0.5428 0.0044
vn 0.8393 0.5436 -0.0072
vn 0.7219 0.6241 0.2990
vn 0.5024 0.8647 0.0025
vn 0.5019 0.8649 -0.0043
vn 0.5970 0.5428 0.5907
vn 0.3570 0.8647 0.3534
vn 0.5945 0.5417 0.5942
vn 0.4544 0.8707 0.1881
vn 0.6632 0.7485 0.0034
vn 0.6628 0.7488 -0.0058
vn 0.4713 0.7485 0.4666
vn 0.8482 0.5297 0.0044
vn 0.8479 0.5301 -0.0079
vn 0.5989 0.7615 0.2481
vn 0.9835 0.1808 0.0052
vn 0.9834 0.1810 -0.0094
vn 0.7795 0.5368 0.3229
vn 0.6029 0.5297 0.5966
vn 0.4694 0.7481 0.4691
vn 0.9079 0.1854 0.3761
vn 0.8829 -0.4696 0.0047
vn 0.8830 -0.4694 -0.0087
vn 0.3577 -0.9338 -0.0029
vn 0.8284 -0.4428 0.3431
vn 0.6991 0.1809 0.6917
vn 0.6277 -0.4695 0.6209
vn 0.6956 0.1808 0.6953
vn 0.3522 -0.9245 0.1458
vn 0.3575 -0.9339 0.0017
vn 0.1311 -0.9914 0.0006
vn 0.1309 -0.9914 -0.0009
vn 0.1122 -0.9926 0.0465
vn 0.2540 -0.9339 0.2516
vn 0.0931 -0.9914 0.0923
vn 0.2528 -0.9340 0.2526
vn 0.0929 -0.9913 0.0928
vn 0.6244 -0.4696 0.6241
vn 0.1463 -0.9241 0.3531
vn 0.3432 -0.4420 0.8288
vn 0.3761 0.1853 0.9079
vn -0.0002 0.1807 0.9835
vn 0.3229 0.5366 0.7796
vn -0.0052 0.1809 0.9835
vn 0.6001 0.5293 0.5998
vn -0.0002 0.5293 0.8484
vn -0.3760 0.1853 0.9079
vn 0.2481 0.7612 0.5991
vn -0.3229 0.5368 0.7795
vn -0.0044 0.5297 0.8482
vn -0.0002 0.7481 0.6636
vn -0.2480 0.7615 0.5989
vn -0.0033 0.7485 0.6632
vn 0.1883 0.8707 0.4544
vn -0.4666 0.7485 0.4713
vn -0.1882 0.8707 0.4544
vn -0.0025 0.8646 0.5024
vn -0.0001 0.8644 0.5029
vn -0.0002 0.5417 0.8406
vn 0.2983 0.6264 0.7202
vn 0.3557 0.8644 0.3555
vn -0.6277 -0.4695 -0.6209
vn -0.6244 -0.4696 -0.6242
vn -0.2528 -0.9340 -0.2526
vn -0.6956 0.1808 -0.6953
vn -0.1463 -0.9241 -0.3531
vn -0.3432 -0.4419 -0.8288
vn -0.3760 0.1853 -0.9079
vn 0.0002 -0.4697 -0.8828
vn 0.0001 -0.9340 -0.3574
vn -0.0465 -0.9926 -0.1122
vn -0.0929 -0.9913 -0.0928
vn -0.0931 -0.9914 -0.0923
vn -0.0000 -0.9913 -0.1313
vn 0.0006 -0.9914 -0.1311
vn -0.2540 -0.9339 -0.2516
vn -0.1122 -0.9926 -0.0465
vn 0.0017 -0.9339 -0.3575
vn 0.0465 -0.9926 -0.1122
vn 0.0048 -0.4696 -0.8829
vn 0.1458 -0.9245 -0.3522
vn 0.2516 -0.9339 -0.2540
vn 0.0923 -0.9914 -0.0931
vn 0.2549 -0.9338 -0.2509
vn 0.0932 -0.9914 -0.0919
vn 0.6209 -0.4695 -0.6278
vn 0.1122 -0.9926 -0.0465
vn 0.3431 -0.4428 -0.8284
vn 0.6305 -0.4694 -0.6182
vn 0.3512 -0.9249 -0.1455
vn 0.8829 -0.4694 -0.0087
vn 0.8280 -0.4436 -0.3430
vn 0.9078 0.1853 -0.3761
vn 0.7021 0.1810 -0.6887
vn 0.7793 0.5371 -0.3228
vn 0.6917 0.1810 -0.6991
vn 0.6052 0.5301 -0.5940
vn 0.5985 0.7618 -0.2479
vn 0.6627 0.7489 -0.0058
vn 0.5966 0.5297 -0.6029
vn 0.4728 0.7488 -0.4645
vn 0.4541 0.8709 -0.1881
vn 0.7231 0.6224 -0.2995
vn 0.3579 0.8649 -0.3519
vn 0.3534 0.8646 -0.3570
vn 0.7256 0.6190 -0.3006
vn 0.7266 0.6870 -0.0068
vn 0.5986 0.5437 -0.5883
vn 0.5781 0.7800 -0.2396
vn 0.7235 0.6902 -0.0063
vn 0.9276 -0.0000 -0.3736
vn 0.5160 0.6904 -0.5070
vn 0.7057 -0.0000 -0.7085
vn 0.5185 0.6870 -0.5090
vn 0.7214 -0.0009 -0.6925
vn 0.5907 0.5428 -0.5970
vn 0.5102 0.6879 -0.5162
vn 0.5092 0.6896 -0.5150
vn 0.2384 0.7823 -0.5755
vn 0.4016 -0.0012 -0.9158
vn -0.0007 -0.0002 -1.0000
vn 0.3009 0.6177 -0.7266
vn 0.0041 0.6896 -0.7242
vn 0.2990 0.6240 -0.7219
vn 0.0042 0.6879 -0.7258
vn 0.0003 0.6883 -0.7254
vn 0.0076 -0.0000 -1.0000
vn -0.3732 -0.0000 -0.9277
vn 0.0045 0.5427 -0.8399
vn 0.0001 0.6890 -0.7248
vn -0.2371 0.7852 -0.5720
vn -0.5130 0.6885 -0.5127
vn -0.7052 -0.0000 -0.7090
vn -0.7000 -0.0005 -0.7142
vn -0.5150 0.6896 -0.5091
vn -0.5755 0.7823 -0.2384
vn -0.9239 -0.0012 -0.3827
vn -0.5162 0.6879 -0.5103
vn -1.0000 -0.0007 0.0099
vn -0.5126 0.6890 -0.5124
vn -0.7266 0.6177 -0.3009
vn -0.3015 0.6159 -0.7278
vn -0.7242 0.6896 -0.0041
vn -0.7235 0.6903 0.0064
vn -0.7258 0.6879 -0.0042
vn -0.7267 0.6870 0.0068
vn -0.8399 0.5428 -0.0044
vn -0.8393 0.5437 0.0072
vn -0.7219 0.6241 -0.2990
vn -0.5024 0.8646 -0.0026
vn -0.5970 0.5427 -0.5908
vn -0.3571 0.8647 -0.3534
vn -0.5945 0.5417 -0.5942
vn -0.4544 0.8707 -0.1882
vn -0.6632 0.7485 -0.0034
vn -0.4713 0.7485 -0.4665
vn -0.8481 0.5298 -0.0043
vn -0.5989 0.7615 -0.2481
vn -0.9835 0.1809 -0.0051
vn -0.7795 0.5368 -0.3228
vn -0.6028 0.5297 -0.5967
vn -0.4694 0.7481 -0.4691
vn -0.9079 0.1852 -0.3761
vn -0.8829 -0.4696 -0.0048
vn -0.8284 -0.4428 -0.3431
vn -0.6991 0.1809 -0.6918
vn -0.3521 -0.9245 -0.1459
vn -0.3575 -0.9339 -0.0017
vn -0.1311 -0.9914 -0.0006
vn -0.1309 -0.9914 0.0008
vn -0.6001 0.5293 -0.5998
vn -0.3229 0.5366 -0.7796
vn -0.2481 0.7613 -0.5991
vn 0.0002 0.1807 -0.9835
vn 0.0002 0.5293 -0.8484
vn 0.0052 0.1809 -0.9835
vn 0.3761 0.1853 -0.9078
vn 0.3229 0.5368 -0.7795
vn 0.0044 0.5297 -0.8482
vn 0.0002 0.7481 -0.6636
vn 0.2481 0.7614 -0.5989
vn 0.0033 0.7485 -0.6632
vn 0.4666 0.7485 -0.4713
vn 0.1882 0.8707 -0.4544
vn 0.0025 0.8646 -0.5024
vn 0.0001 0.8643 -0.5029
vn 0.0002 0.5417 -0.8406
vn -0.2983 0.6264 -0.7202
vn -0.1882 0.8707 -0.4545
vn -0.3557 0.8644 -0.3555
vn -0.0039 0.0033 1.0000
vn -0.3833 0.0036 0.9236
vn -0.0003 0.0033 1.0000
vn -0.0039 0.3903 0.9207
vn -0.7053 0.0034 0.7089
vn -0.6492 0.3904 0.6528
vn -0.7079 0.0034 0.7063
vn -0.9241 -0.0000 0.3821
vn -0.3552 0.3765 0.8556
vn -0.6518 0.3903 0.6503
vn -0.2581 0.7394 0.6218
vn -0.4950 0.7123 0.4976
vn -0.0028 0.7123 0.7018
vn -0.9241 0.0037 0.3821
vn -1.0000 0.0034 -0.0000
vn -1.0000 -0.0000 -0.0000
vn -0.9207 0.3903 -0.0000
vn -0.8563 0.3760 0.3540
vn -0.6223 0.7393 0.2572
vn -0.7027 0.7115 -0.0001
vn -0.4972 0.7118 0.4961
vn -0.7313 0.6113 0.3024
vn -0.8292 0.5589 -0.0002
vn -0.9004 0.2255 0.3722
vn -0.9799 0.1997 -0.0003
vn -0.7680 -0.6404 0.0001
vn -0.5870 0.5589 0.5857
vn -0.6264 -0.7352 0.2589
vn -0.5005 -0.8657 -0.0001
vn -0.6937 0.1997 0.6921
vn -0.4952 -0.8443 0.2047
vn -0.9395 -0.3426 -0.0002
vn -0.5437 -0.6404 0.5425
vn -0.3543 -0.8657 0.3535
vn -0.8709 -0.3345 0.3600
vn -0.9789 0.2042 -0.0001
vn -0.6651 -0.3426 0.6635
vn -0.9039 0.2081 0.3736
vn -0.6930 0.2042 0.6914
vn -0.7498 0.5846 0.3099
vn -0.8142 0.5806 -0.0002
vn -0.7201 0.6268 0.2976
vn -0.8203 0.5719 -0.0002
vn -0.5764 0.5806 0.5750
vn -0.6903 0.2043 0.6941
vn -0.5741 0.5809 0.5771
vn -0.9217 0.0728 0.3810
vn -0.9981 0.0624 -0.0003
vn -0.8281 -0.5606 -0.0002
vn -0.5807 0.5719 0.5794
vn -0.5780 0.5726 0.5814
vn -0.7065 0.0625 0.7050
vn -0.7206 -0.6261 0.2979
vn -0.3883 -0.9215 -0.0001
vn -0.7038 0.0627 0.7077
vn -0.5862 -0.5605 0.5849
vn -0.2896 -0.9496 0.1197
vn -0.4812 -0.8766 -0.0001
vn -0.2749 -0.9215 0.2742
vn -0.5835 -0.5612 0.5870
vn -0.2731 -0.9219 0.2747
vn -0.3407 -0.8766 0.3399
vn -0.4796 -0.8548 0.1982
vn -0.8623 -0.5064 -0.0002
vn -0.7927 -0.5141 0.3277
vn -0.8689 -0.4950 -0.0002
vn -0.6105 -0.5064 0.6090
vn -0.3397 -0.8765 0.3411
vn -0.6151 -0.4951 0.6136
vn -0.7757 -0.5435 0.3207
vn -0.4747 -0.8802 -0.0001
vn -0.6082 -0.5067 0.6111
vn -0.3360 -0.8802 0.3352
vn -0.3480 -0.9264 0.1438
vn -0.4955 -0.8686 -0.0001
vn -0.5011 -0.8402 0.2072
vn -0.8707 -0.4919 -0.0002
vn -0.3507 -0.8686 0.3499
vn -0.7968 -0.5066 0.3294
vn -0.9268 -0.3756 -0.0001
vn -0.8463 -0.4016 0.3498
vn -0.6561 -0.3756 0.6545
vn -0.6164 -0.4919 0.6149
vn -0.3499 -0.8685 0.3511
vn -0.6143 -0.4922 0.6167
vn -0.6538 -0.3760 0.6566
vn -0.3305 -0.5068 0.7962
vn -0.3510 -0.4017 0.8458
vn -0.0033 -0.3760 0.9266
vn -0.2076 -0.8407 0.5001
vn -0.0030 -0.4922 0.8705
vn -0.0002 -0.4919 0.8707
vn -0.0002 -0.3756 0.9268
vn -0.0016 -0.8685 0.4957
vn 0.3294 -0.5065 0.7968
vn 0.3498 -0.4017 0.8463
vn 0.6545 -0.3756 0.6561
vn -0.0001 -0.8686 0.4954
vn 0.2072 -0.8402 0.5012
vn 0.6149 -0.4919 0.6164
vn 0.6167 -0.4922 0.6143
vn 0.6566 -0.3760 0.6538
vn 0.3499 -0.8686 0.3507
vn 0.3511 -0.8685 0.3499
vn 0.7962 -0.5068 0.3305
vn 0.8458 -0.4018 0.3510
vn 0.9266 -0.3760 0.0033
vn 0.5001 -0.8407 0.2076
vn 0.8705 -0.4922 0.0030
vn 0.8707 -0.4919 0.0002
vn 0.9268 -0.3756 0.0004
vn 0.4955 -0.8686 0.0001
vn 0.4958 -0.8685 0.0015
vn 0.4746 -0.8802 0.0001
vn 0.3488 -0.9260 0.1448
vn 0.4737 -0.8807 0.0019
vn 0.8689 -0.4950 0.0002
vn 0.3357 -0.8807 0.3341
vn 0.8686 -0.4956 0.0031
vn 0.7754 -0.5433 0.3219
vn 0.8623 -0.5064 0.0002
vn 0.3352 -0.8802 0.3360
vn 0.6154 -0.4956 0.6129
vn 0.7921 -0.5144 0.3287
vn 0.8621 -0.5067 0.0032
vn 0.4812 -0.8766 0.0001
vn 0.1439 -0.9264 0.3480
vn -0.0001 -0.8802 0.4746
vn 0.3207 -0.5435 0.7757
vn 0.6137 -0.4951 0.6151
vn -0.0002 -0.4950 0.8689
vn -0.0019 -0.8807 0.4737
vn -0.1448 -0.9259 0.3489
vn -0.3341 -0.8807 0.3358
vn -0.3218 -0.5433 0.7754
vn -0.6129 -0.4956 0.6155
vn -0.3287 -0.5144 0.7921
vn -0.0031 -0.4956 0.8686
vn -0.1986 -0.8553 0.4785
vn -0.0033 -0.5067 0.8621
vn -0.0002 -0.5064 0.8623
vn 0.3277 -0.5141 0.7927
vn -0.1204 -0.9494 0.2902
vn -0.0017 -0.8765 0.4814
vn -0.0001 -0.8766 0.4812
vn -0.2992 -0.6251 0.7209
vn -0.0017 -0.9219 0.3874
vn -0.0001 -0.9215 0.3883
vn 0.1983 -0.8548 0.4796
vn 0.1197 -0.9496 0.2896
vn -0.0002 -0.5605 0.8281
vn 0.2978 -0.6262 0.7206
vn 0.6090 -0.5064 0.6104
vn 0.3399 -0.8766 0.3407
vn 0.2743 -0.9215 0.2749
vn 0.6110 -0.5067 0.6082
vn 0.3411 -0.8765 0.3397
vn 0.4785 -0.8553 0.1986
vn 0.2747 -0.9219 0.2731
vn 0.2902 -0.9494 0.1204
vn 0.4814 -0.8765 0.0017
vn 0.3874 -0.9219 0.0017
vn 0.3883 -0.9215 0.0001
vn 0.8281 -0.5605 0.0002
vn 0.7209 -0.6251 0.2993
vn 0.8276 -0.5613 0.0036
vn 0.9980 0.0627 0.0040
vn 0.9980 0.0625 0.0002
vn 0.8203 0.5719 0.0002
vn 0.9212 0.0729 0.3823
vn 0.8198 0.5727 0.0035
vn 0.8141 0.5807 0.0002
vn 0.5870 -0.5612 0.5836
vn 0.5849 -0.5606 0.5863
vn 0.7049 0.0625 0.7065
vn 0.3810 0.0728 0.9217
vn 0.7077 0.0628 0.7038
vn 0.5793 0.5720 0.5807
vn 0.5814 0.5727 0.5780
vn 0.7200 0.6263 0.2988
vn -0.0002 0.0624 0.9980
vn 0.8140 0.5809 0.0033
vn 0.5771 0.5809 0.5740
vn 0.9789 0.2043 0.0040
vn 0.9789 0.2043 0.0002
vn 0.7492 0.5849 0.3109
vn 0.9395 -0.3426 0.0002
vn 0.5750 0.5806 0.5764
vn 0.6941 0.2043 0.6903
vn 0.9034 0.2081 0.3749
vn 0.8704 -0.3344 0.3613
vn 0.9396 -0.3424 0.0040
vn 0.5009 -0.8655 0.0018
vn 0.5005 -0.8657 0.0001
vn 0.7679 -0.6405 0.0002
vn 0.6914 0.2043 0.6930
vn 0.4946 -0.8445 0.2053
vn 0.7673 -0.6413 0.0033
vn 0.9799 0.1996 0.0002
vn 0.6278 -0.7335 0.2605
vn 0.9798 0.1999 0.0042
vn 0.8288 0.5596 0.0036
vn 0.8292 0.5589 0.0002
vn 0.8999 0.2251 0.3735
vn 0.7022 0.7120 0.0002
vn 0.7018 0.7124 0.0028
vn 0.9207 0.3903 0.0002
vn 0.9207 0.3903 0.0039
vn 1.0000 0.0034 0.0004
vn 0.7313 0.6108 0.3035
vn 0.6218 0.7394 0.2581
vn 0.5878 0.5596 0.5843
vn 0.8556 0.3766 0.3552
vn 0.4975 0.7124 0.4950
vn 0.6528 0.3904 0.6492
vn 0.9236 0.0037 0.3833
vn 1.0000 0.0033 0.0038
vn 1.0000 -0.0000 -0.0001
vn 0.7089 0.0034 0.7053
vn 0.7089 -0.0000 0.7053
vn 0.7063 0.0034 0.7079
vn 0.6503 0.3903 0.6518
vn 0.3820 0.0037 0.9241
vn 0.3540 0.3761 0.8563
vn -0.0002 0.3903 0.9207
vn -0.0002 0.7119 0.7023
vn 0.2572 0.7394 0.6223
vn 0.4961 0.7118 0.4972
vn 0.3023 0.6114 0.7313
vn 0.5857 0.5589 0.5870
vn 0.6948 0.2000 0.6908
vn 0.6921 0.1995 0.6937
vn 0.5441 -0.6413 0.5410
vn 0.3722 0.2254 0.9004
vn 0.5424 -0.6405 0.5437
vn 0.3550 -0.8655 0.3534
vn -0.0002 0.5589 0.8292
vn -0.0036 0.5596 0.8288
vn -0.0002 0.1997 0.9799
vn -0.0002 -0.6404 0.7680
vn -0.0042 0.1999 0.9798
vn -0.3035 0.6108 0.7313
vn -0.3735 0.2251 0.8999
vn -0.5843 0.5595 0.5878
vn -0.6909 0.1999 0.6948
vn -0.5410 -0.6413 0.5441
vn -0.0033 -0.6414 0.7672
vn -0.2606 -0.7334 0.6278
vn -0.3535 -0.8655 0.3550
vn -0.0018 -0.8655 0.5009
vn -0.2053 -0.8445 0.4947
vn -0.6626 -0.3423 0.6662
vn -0.3613 -0.3344 0.8704
vn -0.0039 -0.3424 0.9396
vn -0.3749 0.2082 0.9034
vn -0.3109 0.5849 0.7491
vn -0.0040 0.2043 0.9789
vn -0.0002 -0.3426 0.9395
vn -0.2988 0.6264 0.7200
vn -0.0033 0.5808 0.8140
vn -0.0002 0.5806 0.8142
vn -0.3823 0.0729 0.9212
vn -0.0035 0.5727 0.8198
vn -0.0036 -0.5612 0.8277
vn -0.0041 0.0627 0.9980
vn -0.0002 0.5719 0.8203
vn 0.2976 0.6268 0.7201
vn 0.3099 0.5846 0.7498
vn -0.0002 0.2042 0.9789
vn 0.3737 0.2081 0.9039
vn 0.3600 -0.3344 0.8709
vn 0.6635 -0.3426 0.6651
vn 0.2047 -0.8443 0.4953
vn -0.0001 -0.8657 0.5005
vn 0.2589 -0.7352 0.6264
vn 0.3535 -0.8657 0.3544
vn 0.6662 -0.3424 0.6626
vn -0.7089 0.0033 -0.7053
vn -0.7063 0.0033 -0.7079
vn -0.3821 -0.0000 -0.9241
vn -0.6528 0.3903 -0.6492
vn -0.9236 0.0036 -0.3834
vn -1.0000 0.0034 -0.0040
vn -1.0000 -0.0000 -0.0040
vn -1.0000 0.0034 -0.0004
vn -0.9206 0.3904 -0.0039
vn -0.9207 0.3903 -0.0002
vn -0.8556 0.3765 -0.3552
vn -0.7018 0.7124 -0.0028
vn -0.7023 0.7118 -0.0002
vn -0.6218 0.7395 -0.2581
vn -0.8288 0.5596 -0.0036
vn -0.7313 0.6108 -0.3035
vn -0.9798 0.1998 -0.0041
vn -0.4976 0.7123 -0.4950
vn -0.6503 0.3903 -0.6518
vn -0.7672 -0.6414 -0.0033
vn -0.7679 -0.6405 -0.0002
vn -0.8999 0.2251 -0.3735
vn -0.5010 -0.8655 -0.0018
vn -0.6278 -0.7334 -0.2607
vn -0.9396 -0.3424 -0.0038
vn -0.4946 -0.8445 -0.2053
vn -0.9789 0.2043 -0.0040
vn -0.9789 0.2042 -0.0002
vn -0.8704 -0.3344 -0.3612
vn -0.9034 0.2082 -0.3749
vn -0.6661 -0.3424 -0.6626
vn -0.6940 0.2043 -0.6903
vn -0.7492 0.5849 -0.3109
vn -0.8140 0.5809 -0.0033
vn -0.8198 0.5726 -0.0035
vn -0.7200 0.6264 -0.2988
vn -0.5771 0.5809 -0.5741
vn -0.9980 0.0627 -0.0041
vn -0.9211 0.0728 -0.3823
vn -0.8277 -0.5612 -0.0036
vn -0.3874 -0.9219 -0.0017
vn -0.7209 -0.6251 -0.2992
vn -0.4814 -0.8765 -0.0017
vn -0.5813 0.5727 -0.5780
vn -0.2902 -0.9494 -0.1204
vn -0.8621 -0.5067 -0.0033
vn -0.4785 -0.8553 -0.1985
vn -0.2747 -0.9219 -0.2731
vn -0.8686 -0.4956 -0.0031
vn -0.7920 -0.5144 -0.3287
vn -0.3412 -0.8765 -0.3397
vn -0.6111 -0.5067 -0.6081
vn -0.4737 -0.8807 -0.0019
vn -0.4746 -0.8802 -0.0001
vn -0.7755 -0.5432 -0.3218
vn -0.6155 -0.4956 -0.6128
vn -0.4957 -0.8685 -0.0016
vn -0.3489 -0.9259 -0.1448
vn -0.3358 -0.8807 -0.3341
vn -0.3352 -0.8802 -0.3360
vn -0.3512 -0.8685 -0.3499
vn -0.5001 -0.8407 -0.2075
vn -0.8705 -0.4922 -0.0030
vn -0.9266 -0.3760 -0.0033
vn -0.9268 -0.3756 -0.0004
vn -0.7962 -0.5068 -0.3304
vn -0.8458 -0.4018 -0.3511
vn -0.6566 -0.3760 -0.6538
vn -0.6168 -0.4922 -0.6142
vn -0.6545 -0.3756 -0.6561
vn -0.6149 -0.4919 -0.6164
vn -0.3499 -0.8686 -0.3508
vn -0.3294 -0.5065 -0.7968
vn -0.3499 -0.4017 -0.8463
vn 0.0002 -0.3756 -0.9268
vn -0.2071 -0.8402 -0.5012
vn 0.0002 -0.4919 -0.8707
vn 0.0033 -0.3760 -0.9266
vn -0.1439 -0.9264 -0.3481
vn 0.0001 -0.8686 -0.4955
vn 0.0030 -0.4922 -0.8705
vn 0.3304 -0.5068 -0.7962
vn 0.3510 -0.4018 -0.8458
vn 0.6538 -0.3760 -0.6566
vn 0.6143 -0.4922 -0.6168
vn 0.6561 -0.3756 -0.6545
vn 0.2076 -0.8407 -0.5001
vn 0.0016 -0.8685 -0.4957
vn 0.0001 -0.8802 -0.4746
vn 0.1448 -0.9259 -0.3489
vn 0.3499 -0.8685 -0.3512
vn 0.0019 -0.8807 -0.4737
vn -0.3207 -0.5435 -0.7757
vn 0.0002 -0.4950 -0.8689
vn -0.6137 -0.4951 -0.6151
vn -0.3277 -0.5141 -0.7927
vn -0.6090 -0.5064 -0.6104
vn -0.3399 -0.8766 -0.3407
vn -0.1983 -0.8548 -0.4796
vn 0.0002 -0.5064 -0.8623
vn 0.0001 -0.8766 -0.4812
vn -0.1197 -0.9496 -0.2897
vn -0.2742 -0.9216 -0.2749
vn 0.0031 -0.4956 -0.8685
vn 0.0033 -0.5067 -0.8621
vn 0.3218 -0.5433 -0.7754
vn 0.3287 -0.5144 -0.7920
vn 0.3341 -0.8807 -0.3358
vn 0.6128 -0.4956 -0.6155
vn 0.3360 -0.8802 -0.3352
vn 0.3507 -0.8686 -0.3499
vn 0.6082 -0.5067 -0.6110
vn 0.6164 -0.4919 -0.6149
vn 0.6151 -0.4950 -0.6137
vn 0.7968 -0.5065 -0.3294
vn 0.8463 -0.4017 -0.3499
vn 0.9268 -0.3757 -0.0000
vn 0.5012 -0.8402 -0.2072
vn 0.4954 -0.8687 0.0001
vn 0.3481 -0.9264 -0.1439
vn 0.4747 -0.8802 0.0001
vn 0.7758 -0.5434 -0.3207
vn 0.7927 -0.5141 -0.3277
vn 0.6104 -0.5064 -0.6090
vn 0.4795 -0.8548 -0.1983
vn 0.2897 -0.9496 -0.1197
vn 0.3407 -0.8766 -0.3399
vn 0.3397 -0.8765 -0.3411
vn 0.7205 -0.6262 -0.2978
vn 0.2749 -0.9216 -0.2742
vn 0.2731 -0.9219 -0.2747
vn 0.1986 -0.8553 -0.4785
vn 0.5863 -0.5605 -0.5849
vn 0.0017 -0.8765 -0.4815
vn 0.1205 -0.9494 -0.2902
vn 0.0017 -0.9219 -0.3874
vn 0.2992 -0.6251 -0.7209
vn 0.5836 -0.5612 -0.5870
vn 0.0001 -0.9215 -0.3883
vn 0.0036 -0.5612 -0.8276
vn -0.2978 -0.6262 -0.7206
vn 0.0002 -0.5605 -0.8281
vn 0.3823 0.0729 -0.9211
vn 0.0041 0.0627 -0.9980
vn 0.0003 0.0625 -0.9980
vn -0.5849 -0.5605 -0.5863
vn -0.3810 0.0728 -0.9217
vn -0.5869 -0.5612 -0.5835
vn -0.7049 0.0625 -0.7066
vn -0.7076 0.0627 -0.7038
vn -0.5794 0.5719 -0.5808
vn -0.5750 0.5806 -0.5764
vn -0.2976 0.6268 -0.7201
vn -0.6914 0.2043 -0.6930
vn -0.3099 0.5846 -0.7498
vn 0.0002 0.5719 -0.8203
vn 0.0002 0.5807 -0.8141
vn 0.0035 0.5726 -0.8198
vn -0.3736 0.2081 -0.9039
vn 0.0033 0.5809 -0.8140
vn 0.0002 0.2043 -0.9789
vn -0.3600 -0.3344 -0.8709
vn -0.6635 -0.3426 -0.6651
vn 0.0040 0.2043 -0.9789
vn 0.0002 -0.3426 -0.9395
vn -0.2047 -0.8443 -0.4953
vn -0.3535 -0.8657 -0.3544
vn -0.3550 -0.8655 -0.3535
vn -0.5441 -0.6413 -0.5410
vn -0.5425 -0.6404 -0.5437
vn -0.2590 -0.7352 -0.6264
vn 0.0001 -0.8657 -0.5006
vn -0.3722 0.2255 -0.9004
vn -0.6920 0.1997 -0.6937
vn -0.6948 0.1999 -0.6909
vn -0.5857 0.5589 -0.5871
vn -0.5878 0.5595 -0.5844
vn -0.4960 0.7119 -0.4972
vn -0.3023 0.6114 -0.7313
vn -0.2572 0.7394 -0.6222
vn -0.3540 0.3760 -0.8563
vn -0.3821 0.0036 -0.9241
vn 0.0002 0.3903 -0.9207
vn 0.0002 0.0033 -1.0000
vn 0.0039 -0.0000 -1.0000
vn 0.0039 0.0034 -1.0000
vn 0.0038 0.3904 -0.9207
vn 0.3833 0.0036 -0.9236
vn 0.7053 0.0033 -0.7089
vn 0.7080 -0.0000 -0.7062
vn 0.3550 0.3765 -0.8557
vn 0.7080 0.0033 -0.7063
vn 0.6492 0.3903 -0.6528
vn 0.9242 -0.0000 -0.3820
vn 0.2580 0.7394 -0.6218
vn 0.6518 0.3903 -0.6502
vn 0.0028 0.7123 -0.7018
vn 0.4949 0.7124 -0.4976
vn 0.3035 0.6108 -0.7313
vn 0.0002 0.7119 -0.7023
vn 0.0036 0.5596 -0.8288
vn 0.0002 0.5589 -0.8292
vn 0.0002 0.1997 -0.9799
vn 0.0042 0.1999 -0.9798
vn 0.3735 0.2251 -0.8999
vn 0.0033 -0.6414 -0.7672
vn 0.0002 -0.6405 -0.7680
vn 0.0018 -0.8655 -0.5009
vn 0.0039 -0.3424 -0.9395
vn 0.2606 -0.7334 -0.6278
vn 0.2054 -0.8445 -0.4947
vn 0.3613 -0.3344 -0.8705
vn 0.3750 0.2082 -0.9033
vn 0.3109 0.5849 -0.7491
vn 0.6903 0.2043 -0.6940
vn 0.6626 -0.3423 -0.6662
vn 0.3535 -0.8655 -0.3550
vn 0.5409 -0.6414 -0.5441
vn 0.3544 -0.8657 -0.3536
vn 0.5437 -0.6405 -0.5424
vn 0.6909 0.1999 -0.6948
vn 0.6937 0.1996 -0.6920
vn 0.6651 -0.3425 -0.6636
vn 0.5843 0.5596 -0.5877
vn 0.5870 0.5589 -0.5857
vn 0.4972 0.7119 -0.4960
vn 0.9003 0.2255 -0.3722
vn 0.7313 0.6114 -0.3023
vn 0.6223 0.7393 -0.2572
vn 0.8563 0.3760 -0.3540
vn 0.7023 0.7118 0.0002
vn 0.9207 0.3903 -0.0001
vn 0.7680 -0.6404 -0.0003
vn 0.9241 0.0036 -0.3820
vn 1.0000 0.0034 -0.0000
vn 0.6264 -0.7352 -0.2590
vn 0.4953 -0.8442 -0.2047
vn 0.8709 -0.3344 -0.3600
vn 0.6930 0.2043 -0.6914
vn 0.9039 0.2081 -0.3737
vn 0.7498 0.5846 -0.3099
vn 0.5741 0.5808 -0.5771
vn 0.5764 0.5806 -0.5750
vn 0.7200 0.6268 -0.2977
vn 0.2988 0.6264 -0.7200
vn 0.5780 0.5726 -0.5814
vn 0.7038 0.0628 -0.7076
vn 0.5807 0.5719 -0.5794
vn 0.7066 0.0625 -0.7049
vn 0.9217 0.0728 -0.3810
vn -0.0022 -0.6771 0.7359
vn -0.3039 -0.6104 0.7315
vn -0.0009 -0.9945 0.1043
vn 0.5207 -0.6777 0.5192
vn 0.7083 -0.0029 0.7059
vn 0.1023 -0.9947 0.0013
vn 0.5467 -0.6332 0.5479
vn 0.2618 -0.7282 0.6333
vn -0.0031 -0.0030 1.0000
vn 0.6494 -0.3931 0.6509
vn -0.3833 -0.0030 0.9236
vn -0.0014 -0.8568 0.5157
vn -0.3642 -0.8567 0.3652
vn -0.0002 0.3510 0.9364
vn 0.6632 0.3510 0.6610
vn -0.1847 0.8763 0.4449
vn -0.6509 -0.3931 0.6494
vn -0.1689 0.8976 0.4071
vn -0.6629 0.3511 0.6613
vn 0.1682 0.8979 0.4068
vn -0.0001 0.8542 0.5200
vn -0.0017 0.8546 0.5194
vn 0.8723 0.3286 0.3621
vn 0.8494 -0.3928 0.3526
vn 0.6511 -0.3932 0.6491
vn 0.9241 -0.0031 -0.3820
vn 0.5205 -0.6777 -0.5194
vn 0.5479 -0.6332 -0.5466
vn 0.5189 -0.6784 -0.5201
vn 0.3833 -0.0031 -0.9236
vn 0.5460 -0.6338 -0.5479
vn 0.2113 -0.8345 -0.5090
vn 0.8729 0.3283 -0.3608
vn 0.2179 0.9718 -0.0901
vn -0.7089 -0.0000 -0.7054
vn -0.2288 0.8024 0.5512
vn -0.2294 0.9733 -0.0001
vn -0.1619 0.9734 0.1624
vn 0.0003 -0.0000 -1.0000
vn -0.0007 0.9733 0.2293
vn -0.0001 0.9733 0.2294
vn -0.0016 0.8316 0.5553
vn -0.5200 0.8542 -0.0001
vn -0.8500 -0.3925 0.3514
vn -0.3679 0.8545 -0.3666
vn 0.0017 0.8316 -0.5554
vn 0.0001 0.8541 -0.5200
vn 0.2176 0.8232 -0.5244
vn 0.0017 0.8545 -0.5194
vn 0.3666 0.8546 -0.3679
vn 0.1690 0.8976 -0.4071
vn 0.0904 0.9718 -0.2179
vn 0.3621 0.3287 -0.8723
vn -0.3820 -0.0031 -0.9241
vn -0.3029 -0.6093 -0.7328
vn -0.9236 -0.0033 -0.3834
vn 0.5017 0.7063 0.4993
vn -0.4973 0.7061 0.5040
vn 0.7054 -0.0000 -0.7089
vn 0.7079 -0.0000 -0.7063
vn -0.7054 -0.0000 0.7088
vn -0.3834 -0.0000 0.9236
vn -0.0048 -0.4696 0.8829
vn -0.3432 -0.4428 0.8284
vn -0.8280 -0.4437 0.3428
vn -0.5967 0.5297 0.6028
vn -0.5985 0.5436 0.5884
vn -0.7236 0.6902 0.0064
vn -0.2383 0.7823 0.5755
vn -0.3010 0.6177 0.7265
vn -0.2991 0.6241 0.7219
vn -0.0076 -0.0000 1.0000
vn -0.0045 0.5428 0.8399
vn -0.0002 0.6890 0.7248
vn 0.7000 -0.0005 0.7142
vn 0.5755 0.7823 0.2383
vn 0.7266 0.6177 0.3009
vn 0.5024 0.8646 0.0025
vn 0.9079 0.1853 0.3761
vn 0.6957 0.1807 0.6953
vn 0.1309 -0.9914 -0.0008
vn 0.6244 -0.4697 0.6241
vn 0.3432 -0.4420 0.8287
vn 0.3229 0.5367 0.7796
vn 0.6000 0.5293 0.5998
vn -0.0002 0.5294 0.8484
vn -0.3761 0.1853 0.9079
vn 0.2481 0.7613 0.5991
vn -0.0044 0.5297 0.8481
vn -0.3435 -0.4418 -0.8288
vn 0.6209 -0.4695 -0.6277
vn 0.3431 -0.4429 -0.8283
vn 0.6917 0.1809 -0.6991
vn 0.6627 0.7488 -0.0058
vn 0.4728 0.7488 -0.4644
vn 0.9276 -0.0000 -0.3737
vn 0.5185 0.6870 -0.5091
vn 0.5907 0.5427 -0.5971
vn 0.5103 0.6879 -0.5162
vn 0.2383 0.7823 -0.5755
vn 0.0041 0.6879 -0.7258
vn 0.0075 -0.0000 -1.0000
vn 0.0045 0.5428 -0.8399
vn -0.2371 0.7852 -0.5721
vn -0.5129 0.6885 -0.5127
vn -0.5126 0.6889 -0.5124
vn -0.3015 0.6160 -0.7278
vn -0.7267 0.6869 0.0068
vn -0.3571 0.8646 -0.3534
vn -0.8482 0.5297 -0.0043
vn -0.5989 0.7615 -0.2480
vn -0.6028 0.5297 -0.5966
vn -0.4693 0.7481 -0.4691
vn -0.9079 0.1852 -0.3760
vn -0.6000 0.5293 -0.5999
vn 0.3762 0.1852 -0.9079
vn 0.3228 0.5368 -0.7795
vn 0.0044 0.5295 -0.8483
vn 0.0033 0.7484 -0.6632
vn 0.1882 0.8707 -0.4543
vn 0.0003 0.5417 -0.8406
vn -0.2982 0.6264 -0.7202
vn -0.3557 0.8643 -0.3555
vn -0.0039 0.0034 1.0000
vn -0.3833 0.0037 0.9236
vn -0.0002 0.0033 1.0000
vn -0.0038 0.3903 0.9207
vn -0.9241 0.0036 0.3821
vn -0.9004 0.2254 0.3722
vn -0.5871 0.5589 0.5857
vn -0.3543 -0.8658 0.3535
vn -0.9039 0.2081 0.3737
vn -0.6930 0.2043 0.6914
vn -0.9980 0.0624 -0.0003
vn -0.5807 0.5720 0.5793
vn -0.5780 0.5727 0.5814
vn -0.7065 0.0625 0.7049
vn -0.7205 -0.6262 0.2979
vn -0.5835 -0.5613 0.5870
vn -0.3480 -0.9264 0.1439
vn -0.8464 -0.4016 0.3498
vn -0.0015 -0.8685 0.4957
vn 0.3511 -0.8685 0.3500
vn 0.8458 -0.4017 0.3510
vn 0.9268 -0.3755 -0.0002
vn 0.3488 -0.9259 0.1448
vn 0.3358 -0.8807 0.3341
vn 0.7920 -0.5144 0.3287
vn 0.1439 -0.9264 0.3481
vn 0.3207 -0.5435 0.7758
vn -0.0002 -0.4951 0.8689
vn -0.3218 -0.5432 0.7754
vn -0.0032 -0.5067 0.8621
vn -0.1205 -0.9494 0.2902
vn -0.0001 -0.9216 0.3883
vn 0.1198 -0.9496 0.2896
vn 0.2979 -0.6262 0.7206
vn 0.6090 -0.5064 0.6105
vn 0.2742 -0.9215 0.2749
vn 0.4815 -0.8765 0.0017
vn 0.5848 -0.5606 0.5863
vn 0.7076 0.0628 0.7038
vn 0.5793 0.5719 0.5807
vn 0.5814 0.5726 0.5780
vn 0.7200 0.6263 0.2989
vn -0.0002 0.0625 0.9980
vn 0.4947 -0.8445 0.2054
vn 0.7313 0.6109 0.3035
vn 0.5878 0.5596 0.5842
vn 0.4975 0.7123 0.4950
vn 0.7088 0.0033 0.7054
vn 0.6502 0.3903 0.6518
vn 0.2572 0.7393 0.6222
vn 0.4960 0.7118 0.4972
vn 0.3024 0.6114 0.7313
vn 0.5857 0.5589 0.5871
vn 0.3722 0.2255 0.9004
vn 0.3550 -0.8655 0.3535
vn -0.0003 0.1996 0.9799
vn -0.0002 -0.6405 0.7679
vn -0.2606 -0.7334 0.6279
vn -0.3534 -0.8655 0.3550
vn -0.2053 -0.8445 0.4946
vn -0.6626 -0.3424 0.6662
vn -0.3612 -0.3344 0.8704
vn -0.0039 -0.3424 0.9395
vn -0.3749 0.2081 0.9034
vn -0.3109 0.5849 0.7492
vn -0.0002 -0.3425 0.9395
vn -0.0033 0.5809 0.8140
vn -0.0036 0.5726 0.8198
vn -0.0042 0.0627 0.9980
vn 0.2047 -0.8442 0.4953
vn 0.2590 -0.7351 0.6265
vn -0.7089 0.0034 -0.7053
vn -0.6528 0.3904 -0.6492
vn -0.8557 0.3765 -0.3551
vn -0.7023 0.7119 -0.0002
vn -0.5006 -0.8657 -0.0001
vn -0.6278 -0.7334 -0.2606
vn -0.8704 -0.3345 -0.3612
vn -0.6940 0.2044 -0.6903
vn -0.9212 0.0728 -0.3823
vn -0.5814 0.5727 -0.5780
vn -0.4785 -0.8554 -0.1986
vn -0.3411 -0.8765 -0.3397
vn -0.3511 -0.8685 -0.3499
vn -0.6546 -0.3756 -0.6561
vn 0.0001 -0.8686 -0.4954
vn 0.6561 -0.3757 -0.6545
vn 0.3499 -0.8685 -0.3511
vn 0.0019 -0.8807 -0.4736
vn -0.3207 -0.5435 -0.7758
vn -0.1982 -0.8548 -0.4796
vn 0.3218 -0.5432 -0.7754
vn 0.3288 -0.5144 -0.7920
vn 0.6129 -0.4956 -0.6155
vn 0.4796 -0.8548 -0.1982
vn 0.2749 -0.9215 -0.2742
vn 0.0017 -0.8765 -0.4814
vn 0.5835 -0.5612 -0.5869
vn 0.0036 -0.5612 -0.8277
vn -0.2978 -0.6261 -0.7206
vn 0.3824 0.0729 -0.9211
vn 0.0041 0.0628 -0.9980
vn -0.5869 -0.5613 -0.5835
vn -0.5793 0.5719 -0.5808
vn -0.2977 0.6268 -0.7201
vn -0.3100 0.5846 -0.7498
vn 0.0002 0.5806 -0.8142
vn 0.0035 0.5727 -0.8198
vn 0.0033 0.5808 -0.8140
vn 0.0002 0.2042 -0.9789
vn -0.3535 -0.8657 -0.3543
vn -0.3550 -0.8655 -0.3534
vn -0.5424 -0.6404 -0.5437
vn -0.2590 -0.7352 -0.6265
vn 0.0001 -0.8657 -0.5005
vn -0.6921 0.1997 -0.6937
vn -0.5857 0.5589 -0.5870
vn -0.3023 0.6113 -0.7313
vn -0.3539 0.3761 -0.8563
vn -0.3820 0.0036 -0.9241
vn 0.0003 0.0033 -1.0000
vn 0.7053 0.0034 -0.7089
vn 0.7080 0.0034 -0.7063
vn 0.6492 0.3904 -0.6528
vn 0.4950 0.7124 -0.4976
vn 0.0002 0.1996 -0.9799
vn 0.0033 -0.6413 -0.7673
vn 0.0018 -0.8655 -0.5010
vn 0.0039 -0.3424 -0.9396
vn 0.2605 -0.7335 -0.6278
vn 0.3613 -0.3344 -0.8704
vn 0.3750 0.2082 -0.9034
vn 0.3109 0.5849 -0.7492
vn 0.6904 0.2043 -0.6940
vn 0.5409 -0.6413 -0.5441
vn 0.3544 -0.8657 -0.3535
vn 0.5437 -0.6404 -0.5424
vn 0.6908 0.1999 -0.6948
vn 0.5843 0.5596 -0.5878
vn 0.5871 0.5589 -0.5857
vn 0.9004 0.2255 -0.3722
vn 0.6223 0.7394 -0.2572
vn 0.7027 0.7115 0.0001
vn 0.6265 -0.7352 -0.2589
vn 0.9039 0.2081 -0.3736
vn 0.7498 0.5846 -0.3100
vn 0.5741 0.5809 -0.5771
vn 0.5780 0.5727 -0.5813
vn 0.7038 0.0627 -0.7076
vn 0.9217 0.0728 -0.3811
vn -0.3038 -0.6105 0.7314
vn 0.3820 -0.0031 0.9242
vn 0.5206 -0.6778 0.5192
vn 0.7083 -0.0030 0.7059
vn 0.7315 -0.6106 0.3036
vn 0.7353 -0.6778 0.0020
vn 1.0000 -0.0029 0.0031
vn 0.5478 -0.6338 0.5461
vn 0.3652 -0.8567 0.3642
vn -0.3834 -0.0031 0.9236
vn -0.3620 0.3287 0.8723
vn 0.3301 0.8846 0.3293
vn 0.2178 0.9718 0.0904
vn 0.4070 0.8976 0.1689
vn 0.5194 0.8545 0.0017
vn 0.5553 0.8316 0.0017
vn 0.8494 -0.3928 0.3525
vn 0.6512 -0.3933 0.6491
vn 0.9194 -0.3933 0.0027
vn 0.5157 -0.8567 0.0014
vn 0.7735 -0.6338 0.0023
vn 1.0000 -0.0030 0.0002
vn 0.7324 -0.6099 -0.3026
vn 0.9241 -0.0032 -0.3820
vn 0.5206 -0.6777 -0.5194
vn 0.5479 -0.6332 -0.5467
vn 0.3038 -0.6106 -0.7313
vn 0.3834 -0.0032 -0.9236
vn 0.5461 -0.6338 -0.5478
vn 0.3642 -0.8567 -0.3652
vn 0.9364 0.3511 0.0002
vn 0.4068 0.8979 -0.1682
vn -0.5495 0.8040 0.2272
vn -0.7071 0.7071 -0.0001
vn -1.0000 -0.0000 -0.0002
vn -1.0000 -0.0000 -0.0038
vn -0.7080 -0.0000 0.7062
vn -0.7063 0.7079 -0.0027
vn -0.2288 0.8024 0.5511
vn 0.7063 -0.0000 0.7080
vn 0.5511 0.8024 0.2288
vn -0.1624 0.9734 -0.1619
vn -0.3933 0.8316 -0.3920
vn 0.2288 0.8024 -0.5512
vn 0.3834 -0.0000 -0.9236
vn -0.2272 0.8040 -0.5495
vn -0.5194 0.8546 -0.0016
vn -0.9364 0.3510 -0.0002
vn -0.5098 -0.8341 0.2107
vn -0.9364 0.3510 -0.0029
vn -0.4071 0.8976 -0.1690
vn -0.8723 0.3287 -0.3621
vn -0.3302 0.8846 -0.3293
vn -0.1681 0.8979 -0.4068
vn -0.6613 0.3511 -0.6629
vn -0.2108 -0.8341 -0.5098
vn -0.3028 -0.6094 -0.7328
vn -0.3651 -0.8567 -0.3642
vn -0.5479 -0.6338 -0.5460
vn -0.7083 -0.0028 -0.7059
vn -0.5208 -0.6776 -0.5192
vn -0.5090 -0.8345 -0.2113
vn -0.8494 -0.3927 -0.3526
vn -0.5157 -0.8568 -0.0014
vn -0.7735 -0.6338 -0.0024
vn -0.6334 -0.7282 0.2618
vn -0.7739 -0.6333 -0.0002
vn -0.9236 -0.0031 -0.3834
vn -0.7315 -0.6105 -0.3036
vn -0.7352 -0.6779 -0.0000
vn -1.0000 -0.0029 -0.0003
vn -0.7325 -0.6099 0.3026
vn -0.9242 -0.0032 0.3820
vn -0.5479 -0.6332 0.5466
vn -0.5189 -0.6783 0.5202
vn 0.7071 0.7071 0.0002
vn 0.7079 0.7063 0.0028
vn -0.7080 -0.0000 0.7063
vn -0.7167 0.6379 0.2819
vn -0.7079 0.7063 -0.0027
vn -0.2966 0.6304 -0.7174
vn 0.2973 0.6314 -0.7162
vn 0.7174 0.6304 -0.2965
vn 0.3820 -0.0000 0.9242
vn 0.7062 -0.0000 0.7080
vn -0.1459 -0.9245 0.3522
vn -0.6209 -0.4695 0.6277
vn -0.3431 -0.4428 0.8284
vn -0.8829 -0.4694 0.0087
vn -0.9834 0.1810 0.0094
vn -0.7793 0.5371 0.3227
vn -0.6918 0.1809 0.6991
vn -0.6052 0.5301 0.5939
vn -0.7231 0.6225 0.2996
vn -0.7256 0.6190 0.3005
vn -0.5985 0.5437 0.5884
vn -0.9214 -0.0006 0.3886
vn -0.7056 -0.0000 0.7086
vn -0.5186 0.6870 0.5091
vn -0.7214 -0.0009 0.6926
vn -0.5907 0.5428 0.5971
vn -0.5092 0.6896 0.5150
vn -0.4016 -0.0012 0.9158
vn -0.3009 0.6177 0.7266
vn -0.2990 0.6240 0.7219
vn 0.3731 -0.0000 0.9278
vn 0.6999 -0.0005 0.7142
vn 0.5150 0.6896 0.5092
vn 0.9238 -0.0012 0.3828
vn 0.7258 0.6879 0.0042
vn 0.7267 0.6869 -0.0068
vn 0.8393 0.5437 -0.0072
vn 0.4543 0.8707 0.1881
vn 0.6632 0.7485 0.0033
vn 0.6627 0.7488 -0.0059
vn 0.9835 0.1809 0.0052
vn 0.6028 0.5298 0.5966
vn 0.9079 0.1852 0.3760
vn 0.8829 -0.4695 0.0049
vn 0.8283 -0.4428 0.3431
vn 0.6991 0.1809 0.6918
vn 0.6277 -0.4696 0.6209
vn 0.3521 -0.9245 0.1458
vn 0.2528 -0.9339 0.2527
vn 0.3433 -0.4421 0.8287
vn 0.2482 0.7613 0.5991
vn -0.0044 0.5298 0.8481
vn -0.0033 0.7485 0.6631
vn 0.1882 0.8706 0.4545
vn -0.4666 0.7484 0.4713
vn -0.0001 0.8643 0.5029
vn -0.6277 -0.4696 -0.6209
vn -0.6245 -0.4696 -0.6241
vn -0.2528 -0.9340 -0.2527
vn -0.1463 -0.9241 -0.3532
vn -0.3433 -0.4420 -0.8287
vn -0.3761 0.1853 -0.9079
vn 0.0465 -0.9926 -0.1123
vn 0.1459 -0.9245 -0.3522
vn 0.6209 -0.4696 -0.6277
vn 0.6305 -0.4695 -0.6182
vn 0.1309 -0.9914 -0.0010
vn 0.8279 -0.4438 -0.3430
vn 0.9079 0.1853 -0.3761
vn 0.7020 0.1810 -0.6888
vn 0.7793 0.5372 -0.3228
vn 0.6918 0.1808 -0.6991
vn 0.6052 0.5301 -0.5939
vn 0.4728 0.7489 -0.4644
vn 0.3534 0.8647 -0.3570
vn 0.7256 0.6190 -0.3007
vn 0.5986 0.5437 -0.5884
vn 0.5782 0.7800 -0.2396
vn 0.9274 -0.0000 -0.3740
vn 0.5161 0.6904 -0.5070
vn 0.7055 -0.0000 -0.7087
vn 0.7213 -0.0009 -0.6926
vn 0.5907 0.5428 -0.5971
vn 0.5092 0.6896 -0.5149
vn 0.2384 0.7823 -0.5754
vn 0.4015 -0.0012 -0.9159
vn -0.3731 -0.0000 -0.9278
vn -0.5129 0.6885 -0.5128
vn -0.7052 -0.0000 -0.7091
vn -0.5149 0.6896 -0.5092
vn -0.5754 0.7823 -0.2384
vn -0.9238 -0.0012 -0.3828
vn -0.5161 0.6879 -0.5103
vn -1.0000 -0.0007 0.0098
vn -0.7266 0.6177 -0.3010
vn -0.8392 0.5437 0.0072
vn -0.5024 0.8647 -0.0025
vn -0.5970 0.5428 -0.5907
vn -0.3570 0.8647 -0.3534
vn -0.4713 0.7484 -0.4666
vn -0.8482 0.5297 -0.0044
vn -0.9835 0.1809 -0.0052
vn -0.6028 0.5298 -0.5966
vn -0.4694 0.7481 -0.4690
vn -0.9079 0.1853 -0.3760
vn -0.8829 -0.4695 -0.0049
vn -0.8284 -0.4428 -0.3432
vn -0.6991 0.1809 -0.6917
vn -0.1310 -0.9914 0.0007
vn -0.2482 0.7613 -0.5990
vn 0.3761 0.1852 -0.9079
vn 0.0045 0.5294 -0.8484
vn 0.2481 0.7615 -0.5988
vn 0.0033 0.7485 -0.6631
vn -0.2983 0.6264 -0.7201
vn -0.1882 0.8706 -0.4545
vn -0.7079 0.0033 0.7063
vn -0.3551 0.3765 0.8556
vn -0.6518 0.3902 0.6503
vn -1.0000 0.0033 -0.0001
vn -0.8563 0.3760 0.3541
vn -0.7024 0.7118 -0.0002
vn -0.4972 0.7118 0.4960
vn -0.7313 0.6114 0.3023
vn -0.9799 0.1996 -0.0002
vn -0.6264 -0.7352 0.2590
vn -0.4953 -0.8443 0.2047
vn -0.5437 -0.6404 0.5424
vn -0.8709 -0.3344 0.3600
vn -0.7498 0.5846 0.3100
vn -0.7200 0.6268 0.2977
vn -0.6903 0.2044 0.6941
vn -0.9980 0.0625 -0.0002
vn -0.7066 0.0625 0.7049
vn -0.7205 -0.6262 0.2978
vn -0.7038 0.0627 0.7076
vn -0.5862 -0.5606 0.5849
vn -0.2897 -0.9496 0.1198
vn -0.6151 -0.4950 0.6137
vn -0.6082 -0.5067 0.6110
vn -0.4954 -0.8687 -0.0001
vn -0.5012 -0.8402 0.2072
vn -0.7968 -0.5065 0.3294
vn -0.9268 -0.3756 -0.0002
vn -0.8463 -0.4017 0.3498
vn -0.6143 -0.4922 0.6168
vn 0.3294 -0.5066 0.7968
vn -0.0001 -0.8686 0.4955
vn 0.6149 -0.4919 0.6163
vn 0.3512 -0.8685 0.3499
vn 0.7962 -0.5068 0.3304
vn 0.8705 -0.4922 0.0029
vn 0.4957 -0.8685 0.0016
vn 0.3489 -0.9259 0.1448
vn 0.8685 -0.4956 0.0031
vn 0.8621 -0.5067 0.0033
vn 0.6137 -0.4950 0.6151
vn -0.3287 -0.5144 0.7920
vn 0.3277 -0.5140 0.7927
vn -0.0002 -0.5606 0.8281
vn 0.2978 -0.6261 0.7206
vn 0.2742 -0.9216 0.2748
vn 0.6111 -0.5067 0.6082
vn 0.2902 -0.9494 0.1205
vn 0.8281 -0.5606 0.0002
vn 0.7209 -0.6251 0.2992
vn 0.8277 -0.5612 0.0036
vn 0.9980 0.0628 0.0042
vn 0.9211 0.0729 0.3824
vn 0.8198 0.5727 0.0036
vn 0.8142 0.5806 0.0002
vn 0.5870 -0.5612 0.5835
vn 0.5848 -0.5605 0.5863
vn 0.7049 0.0624 0.7065
vn 0.7076 0.0627 0.7038
vn 0.5794 0.5719 0.5807
vn 0.5813 0.5726 0.5780
vn 0.5771 0.5809 0.5741
vn 0.9789 0.2042 0.0002
vn 0.6940 0.2043 0.6903
vn 0.9034 0.2082 0.3749
vn 0.9396 -0.3424 0.0039
vn 0.4947 -0.8445 0.2053
vn 0.7672 -0.6414 0.0033
vn 0.6278 -0.7335 0.2606
vn 0.7023 0.7119 0.0002
vn 0.7018 0.7123 0.0028
vn 0.9207 0.3903 0.0038
vn 0.8556 0.3765 0.3551
vn 1.0000 0.0034 0.0039
vn 0.7063 0.0033 0.7079
vn 0.3820 0.0036 0.9241
vn 0.2572 0.7394 0.6222
vn 0.4960 0.7119 0.4972
vn 0.5856 0.5589 0.5871
vn 0.6948 0.1999 0.6908
vn 0.6920 0.1997 0.6937
vn 0.5441 -0.6414 0.5409
vn -0.3036 0.6108 0.7313
vn -0.6908 0.1999 0.6949
vn -0.5409 -0.6413 0.5441
vn -0.6625 -0.3424 0.6662
vn -0.3750 0.2081 0.9034
vn -0.2988 0.6263 0.7200
vn -0.3824 0.0729 0.9211
vn -0.0036 0.5727 0.8198
vn -0.0042 0.0628 0.9980
vn 0.2977 0.6268 0.7201
vn 0.2048 -0.8442 0.4953
vn 0.2590 -0.7352 0.6265
vn -0.7063 0.0034 -0.7079
vn -0.9236 0.0036 -0.3833
vn -1.0000 0.0034 -0.0039
vn -1.0000 0.0033 -0.0004
vn -1.0000 -0.0000 0.0001
vn -0.8556 0.3766 -0.3551
vn -0.7018 0.7123 -0.0028
vn -0.6218 0.7394 -0.2581
vn -0.7313 0.6108 -0.3036
vn -0.9798 0.1999 -0.0041
vn -0.7673 -0.6413 -0.0033
vn -0.8999 0.2252 -0.3735
vn -0.5009 -0.8655 -0.0018
vn -0.6279 -0.7334 -0.2606
vn -0.9396 -0.3424 -0.0039
vn -0.8704 -0.3344 -0.3613
vn -0.9034 0.2081 -0.3749
vn -0.6662 -0.3424 -0.6626
vn -0.6941 0.2043 -0.6903
vn -0.7492 0.5849 -0.3110
vn -0.5770 0.5809 -0.5741
vn -0.9211 0.0729 -0.3823
vn -0.8276 -0.5612 -0.0036
vn -0.2902 -0.9494 -0.1205
vn -0.8621 -0.5067 -0.0032
vn -0.4785 -0.8553 -0.1986
vn -0.7754 -0.5433 -0.3218
vn -0.6155 -0.4956 -0.6129
vn -0.3488 -0.9259 -0.1448
vn -0.5001 -0.8407 -0.2076
vn -0.8705 -0.4922 -0.0029
vn -0.9268 -0.3756 0.0001
vn -0.6168 -0.4922 -0.6143
vn -0.3499 -0.8686 -0.3507
vn -0.2072 -0.8402 -0.5012
vn -0.3207 -0.5434 -0.7758
vn -0.6137 -0.4950 -0.6151
vn -0.6090 -0.5064 -0.6105
vn -0.1197 -0.9496 -0.2896
vn 0.3219 -0.5432 -0.7754
vn 0.3507 -0.8686 -0.3500
vn 0.6151 -0.4951 -0.6137
vn 0.8463 -0.4017 -0.3498
vn 0.9268 -0.3756 0.0001
vn 0.7758 -0.5435 -0.3206
vn 0.6105 -0.5064 -0.6090
vn 0.2896 -0.9496 -0.1197
vn 0.7205 -0.6262 -0.2979
vn 0.5862 -0.5605 -0.5849
vn 0.1205 -0.9493 -0.2902
vn 0.5835 -0.5612 -0.5870
vn -0.5870 -0.5612 -0.5835
vn -0.5794 0.5719 -0.5807
vn -0.3737 0.2081 -0.9039
vn -0.3601 -0.3344 -0.8709
vn -0.6636 -0.3426 -0.6651
vn -0.2048 -0.8443 -0.4953
vn -0.5424 -0.6405 -0.5437
vn 0.0001 -0.8658 -0.5005
vn -0.3722 0.2254 -0.9003
vn -0.6921 0.1996 -0.6936
vn -0.6948 0.2000 -0.6909
vn -0.5878 0.5596 -0.5843
vn -0.3023 0.6113 -0.7314
vn -0.3820 0.0036 -0.9242
vn 0.0038 0.3904 -0.9206
vn 0.3551 0.3765 -0.8557
vn 0.7080 0.0034 -0.7062
vn 0.2581 0.7394 -0.6218
vn 0.4950 0.7123 -0.4975
vn 0.3036 0.6108 -0.7313
vn 0.0039 -0.3423 -0.9396
vn 0.2606 -0.7335 -0.6278
vn 0.2053 -0.8445 -0.4947
vn 0.3612 -0.3344 -0.8705
vn 0.3749 0.2081 -0.9034
vn 0.6903 0.2043 -0.6941
vn 0.6625 -0.3424 -0.6662
vn 0.3534 -0.8655 -0.3550
vn 0.5410 -0.6413 -0.5441
vn 0.3543 -0.8657 -0.3535
vn 0.6908 0.1999 -0.6949
vn 0.6651 -0.3426 -0.6635
vn 0.9004 0.2254 -0.3722
vn 0.7313 0.6114 -0.3024
vn 0.6222 0.7394 -0.2572
vn 0.9207 0.3903 -0.0000
vn 0.9242 0.0037 -0.3820
vn 1.0000 0.0034 0.0001
vn 0.4953 -0.8443 -0.2047
vn 0.9789 0.2042 0.0001
vn 0.7201 0.6268 -0.2977
vn 0.7065 0.0625 -0.7049
vn -0.0003 -0.6777 0.7354
vn -0.0002 -0.0030 1.0000
vn 0.9236 -0.0032 0.3833
vn -0.3833 -0.0032 0.9236
vn 0.3513 -0.3925 0.8500
vn 0.3608 0.3283 0.8729
vn 0.3294 0.8846 0.3301
vn -0.3293 0.8846 0.3301
vn 0.4070 0.8977 0.1690
vn 0.5243 0.8232 0.2177
vn 0.1624 0.9733 0.1619
vn 0.6512 -0.3932 0.6491
vn 0.7325 -0.6099 -0.3026
vn 0.3038 -0.6105 -0.7314
vn 0.3834 -0.0031 -0.9236
vn 0.3650 -0.8568 -0.3641
vn 0.2113 -0.8344 -0.5090
vn 0.2293 0.9734 0.0007
vn 0.0007 0.9733 -0.2293
vn 0.2287 0.8024 -0.5511
vn -0.4068 0.8979 0.1682
vn -0.8729 0.3283 0.3609
vn -0.3294 0.8846 -0.3301
vn 0.1689 0.8977 -0.4070
vn 0.3525 -0.3927 -0.8494
vn -0.5478 -0.6338 -0.5460
vn -0.9236 -0.0031 -0.3833
vn -0.3896 0.0188 0.9208
vn -0.5016 0.7070 0.4986
vn -0.3431 -0.4428 0.8283
vn -0.6305 -0.4694 0.6182
vn -0.1308 -0.9914 0.0010
vn -0.7231 0.6224 0.2995
vn -0.5986 0.5437 0.5884
vn 0.3732 -0.0000 0.9278
vn 0.7051 -0.0000 0.7091
vn 0.5754 0.7823 0.2384
vn 0.9079 0.1853 0.3760
vn 0.8283 -0.4428 0.3432
vn 0.6277 -0.4695 0.6210
vn 0.1310 -0.9914 -0.0007
vn 0.2528 -0.9340 0.2527
vn 0.3433 -0.4420 0.8287
vn -0.0002 0.1808 0.9835
vn -0.2481 0.7615 0.5988
vn -0.6244 -0.4696 -0.6241
vn -0.3433 -0.4419 -0.8288
vn 0.0002 -0.4696 -0.8829
vn 0.8280 -0.4437 -0.3429
vn 0.6918 0.1809 -0.6991
vn 0.5966 0.5297 -0.6028
vn 0.7231 0.6225 -0.2995
vn 0.5103 0.6879 -0.5161
vn 0.4015 -0.0012 -0.9158
vn 0.3010 0.6177 -0.7266
vn 0.0001 0.6889 -0.7248
vn -0.4543 0.8707 -0.1881
vn -0.7795 0.5368 -0.3229
vn -0.9079 0.1853 -0.3761
vn -0.2482 0.7613 -0.5991
vn 0.0002 0.1808 -0.9835
vn 0.3761 0.1853 -0.9079
vn -0.0003 0.0034 1.0000
vn -0.6492 0.3903 0.6528
vn -0.7027 0.7115 -0.0002
vn -0.4953 -0.8442 0.2048
vn -0.5437 -0.6405 0.5424
vn -0.3543 -0.8657 0.3536
vn -0.6651 -0.3426 0.6636
vn -0.7201 0.6268 0.2977
vn -0.5863 -0.5605 0.5849
vn -0.2896 -0.9496 0.1198
vn -0.3508 -0.8686 0.3499
vn -0.6561 -0.3756 0.6546
vn -0.3510 -0.4018 0.8458
vn 0.9268 -0.3756 -0.0001
vn 0.7754 -0.5433 0.3218
vn 0.6155 -0.4956 0.6129
vn -0.0031 -0.4956 0.8685
vn -0.0017 -0.8765 0.4815
vn 0.6111 -0.5067 0.6081
vn 0.8198 0.5726 0.0036
vn 0.5849 -0.5605 0.5863
vn 0.5813 0.5727 0.5780
vn 0.6914 0.2042 0.6930
vn 0.9236 0.0036 0.3833
vn 0.3540 0.3760 0.8563
vn 0.2572 0.7393 0.6223
vn 0.4961 0.7119 0.4972
vn 0.5441 -0.6413 0.5409
vn -0.0002 0.5589 0.8293
vn -0.5843 0.5596 0.5878
vn -0.3823 0.0729 0.9211
vn -0.0041 0.0628 0.9980
vn 0.3601 -0.3344 0.8709
vn 0.2048 -0.8443 0.4953
vn 0.2590 -0.7352 0.6264
vn 0.3535 -0.8657 0.3543
vn -0.7062 0.0034 -0.7080
vn -0.7022 0.7120 -0.0002
vn -0.6502 0.3903 -0.6518
vn -0.7754 -0.5432 -0.3219
vn -0.3294 -0.5066 -0.7968
vn 0.3305 -0.5068 -0.7962
vn 0.0031 -0.4956 -0.8686
vn 0.3219 -0.5433 -0.7754
vn 0.6082 -0.5067 -0.6111
vn 0.7758 -0.5435 -0.3207
vn 0.4796 -0.8548 -0.1983
vn 0.3823 0.0729 -0.9212
vn -0.7049 0.0624 -0.7066
vn -0.7076 0.0628 -0.7038
vn -0.6914 0.2042 -0.6930
vn -0.2048 -0.8442 -0.4953
vn -0.2590 -0.7353 -0.6264
vn -0.3722 0.2254 -0.9004
vn -0.6921 0.1996 -0.6937
vn 0.3834 0.0036 -0.9236
vn 0.3551 0.3765 -0.8556
vn 0.3749 0.2082 -0.9034
vn 0.6626 -0.3424 -0.6662
vn 0.9242 0.0036 -0.3820
vn 0.5780 0.5727 -0.5814
vt 0.175400 0.022100
vt 0.167500 0.022200
vt 0.164200 0.014300
vt 0.172400 0.014300
vt 0.369800 0.022000
vt 0.372800 0.014200
vt 0.380800 0.014200
vt 0.367300 0.028600
vt 0.377500 0.022000
vt 0.383000 0.027500
vt 0.386400 0.019800
vt 0.374800 0.028600
vt 0.380100 0.033900
vt 0.520600 0.164800
vt 0.528200 0.161300
vt 0.534000 0.167200
vt 0.514100 0.167700
vt 0.526200 0.170400
vt 0.526200 0.178400
vt 0.534100 0.175400
vt 0.519600 0.173200
vt 0.526300 0.372800
vt 0.534100 0.375800
vt 0.519600 0.181000
vt 0.534100 0.383800
vt 0.500600 0.181100
vt 0.495500 0.176000
vt 0.371800 0.052500
vt 0.470000 0.187400
vt 0.366900 0.047700
vt 0.360500 0.078100
vt 0.360000 0.047700
vt 0.178000 0.028700
vt 0.350000 0.073800
vt 0.356100 0.073800
vt 0.357300 0.085100
vt 0.185300 0.047700
vt 0.170200 0.028700
vt 0.178100 0.047800
vt 0.164700 0.034200
vt 0.195300 0.073800
vt 0.198000 0.081000
vt 0.188900 0.073900
vt 0.184400 0.078300
vt 0.347300 0.080900
vt 0.353200 0.080900
vt 0.346400 0.083100
vt 0.198800 0.083100
vt 0.352300 0.083100
vt 0.191900 0.081000
vt 0.187500 0.085300
vt 0.356400 0.087200
vt 0.349600 0.089500
vt 0.344000 0.089500
vt 0.353600 0.093500
vt 0.192800 0.083200
vt 0.460900 0.191500
vt 0.188500 0.087400
vt 0.195400 0.089600
vt 0.201300 0.089500
vt 0.082100 0.191000
vt 0.191300 0.093700
vt 0.199100 0.098300
vt 0.204700 0.098300
vt 0.195100 0.102300
vt 0.199700 0.099700
vt 0.099100 0.198500
vt 0.340600 0.098300
vt 0.090500 0.194700
vt 0.084200 0.191900
vt 0.346000 0.098300
vt 0.349800 0.102100
vt 0.345400 0.099700
vt 0.340100 0.099700
vt 0.205200 0.099700
vt 0.343800 0.103600
vt 0.338600 0.103600
vt 0.349200 0.103400
vt 0.338900 0.115500
vt 0.347500 0.107300
vt 0.440800 0.200400
vt 0.342300 0.118900
vt 0.444700 0.198700
vt 0.446100 0.198100
vt 0.454600 0.194300
vt 0.450000 0.202100
vt 0.448600 0.202600
vt 0.444600 0.204300
vt 0.450000 0.207600
vt 0.448600 0.208200
vt 0.444700 0.209700
vt 0.450100 0.343600
vt 0.432800 0.209200
vt 0.429200 0.205600
vt 0.458800 0.204300
vt 0.458800 0.198400
vt 0.465200 0.195800
vt 0.465200 0.201800
vt 0.467300 0.194900
vt 0.463000 0.190500
vt 0.474500 0.191900
vt 0.467300 0.201000
vt 0.474500 0.198300
vt 0.500600 0.188300
vt 0.467400 0.350300
vt 0.474600 0.353000
vt 0.500700 0.363000
vt 0.519700 0.370300
vt 0.500700 0.369900
vt 0.474600 0.359100
vt 0.526300 0.380500
vt 0.519700 0.377800
vt 0.520900 0.385900
vt 0.514400 0.383100
vt 0.528600 0.389400
vt 0.495800 0.374800
vt 0.383600 0.523500
vt 0.387000 0.531200
vt 0.381100 0.537000
vt 0.380700 0.517100
vt 0.377900 0.529200
vt 0.369900 0.529200
vt 0.372900 0.537100
vt 0.375200 0.522600
vt 0.175500 0.529300
vt 0.172500 0.537100
vt 0.367400 0.522600
vt 0.164600 0.537100
vt 0.367300 0.503600
vt 0.372400 0.498500
vt 0.360900 0.473000
vt 0.470200 0.363400
vt 0.463200 0.360300
vt 0.356400 0.477500
vt 0.467400 0.356200
vt 0.357800 0.466000
vt 0.465200 0.349400
vt 0.465200 0.355300
vt 0.458800 0.347000
vt 0.458800 0.352600
vt 0.461100 0.359400
vt 0.450100 0.349000
vt 0.454900 0.356600
vt 0.356900 0.463900
vt 0.446300 0.352800
vt 0.448700 0.348400
vt 0.448700 0.343100
vt 0.444700 0.346800
vt 0.444700 0.341600
vt 0.444900 0.352200
vt 0.432900 0.341900
vt 0.432900 0.337000
vt 0.441000 0.350500
vt 0.347900 0.443800
vt 0.429400 0.345300
vt 0.407500 0.331400
vt 0.432800 0.214300
vt 0.407500 0.327300
vt 0.404600 0.334300
vt 0.407400 0.219700
vt 0.403800 0.329900
vt 0.407400 0.224000
vt 0.403800 0.325900
vt 0.403800 0.221200
vt 0.401300 0.324900
vt 0.401300 0.328800
vt 0.401300 0.226400
vt 0.401000 0.332700
vt 0.398500 0.331600
vt 0.403800 0.225400
vt 0.401200 0.222300
vt 0.398400 0.219400
vt 0.330000 0.403900
vt 0.328900 0.401400
vt 0.327100 0.406800
vt 0.326000 0.404200
vt 0.331600 0.407400
vt 0.342700 0.432200
vt 0.328600 0.410400
vt 0.339100 0.435800
vt 0.322900 0.406800
vt 0.322000 0.404200
vt 0.324300 0.410400
vt 0.334100 0.435800
vt 0.222400 0.406800
vt 0.223400 0.404300
vt 0.221000 0.410500
vt 0.218400 0.406800
vt 0.219500 0.404300
vt 0.215600 0.404000
vt 0.216700 0.401500
vt 0.144500 0.333000
vt 0.147000 0.331900
vt 0.214100 0.407600
vt 0.144100 0.329000
vt 0.216900 0.410500
vt 0.140900 0.334600
vt 0.141600 0.330100
vt 0.141500 0.325900
vt 0.144100 0.325000
vt 0.141500 0.225400
vt 0.144000 0.226400
vt 0.137900 0.327300
vt 0.137900 0.331600
vt 0.141500 0.221400
vt 0.144000 0.222500
vt 0.137900 0.224000
vt 0.112500 0.337100
vt 0.116100 0.345700
vt 0.112600 0.342100
vt 0.100700 0.341600
vt 0.203000 0.432400
vt 0.104500 0.350900
vt 0.112500 0.214300
vt 0.137900 0.219900
vt 0.140800 0.217100
vt 0.112500 0.209400
vt 0.144300 0.218600
vt 0.146800 0.219700
vt 0.215300 0.147500
vt 0.216400 0.150000
vt 0.115900 0.206000
vt 0.218300 0.144600
vt 0.219300 0.147100
vt 0.213700 0.143900
vt 0.202600 0.119100
vt 0.222400 0.144500
vt 0.223400 0.147100
vt 0.216800 0.140900
vt 0.221000 0.140900
vt 0.322900 0.144500
vt 0.322000 0.147000
vt 0.326900 0.144500
vt 0.325800 0.147000
vt 0.324300 0.140900
vt 0.211300 0.115500
vt 0.329700 0.147300
vt 0.328600 0.149800
vt 0.331300 0.143700
vt 0.400900 0.218300
vt 0.404400 0.216700
vt 0.328400 0.140900
vt 0.334000 0.115500
vt 0.206700 0.103700
vt 0.206200 0.115500
vt 0.201300 0.103700
vt 0.197500 0.107500
vt 0.195700 0.103600
vt 0.104300 0.200800
vt 0.100400 0.199100
vt 0.100600 0.204500
vt 0.100600 0.209700
vt 0.096700 0.202900
vt 0.096700 0.208200
vt 0.095300 0.202300
vt 0.095300 0.207700
vt 0.096700 0.343100
vt 0.100700 0.347000
vt 0.086500 0.198700
vt 0.086500 0.204300
vt 0.080100 0.196100
vt 0.077900 0.195200
vt 0.080100 0.201900
vt 0.077900 0.201100
vt 0.070800 0.192200
vt 0.075100 0.187900
vt 0.080200 0.349500
vt 0.086600 0.347000
vt 0.095300 0.343700
vt 0.096800 0.348700
vt 0.095400 0.349300
vt 0.086600 0.352900
vt 0.099300 0.353200
vt 0.100700 0.352600
vt 0.080200 0.355500
vt 0.090700 0.357000
vt 0.195500 0.449300
vt 0.196100 0.447900
vt 0.197900 0.444000
vt 0.084500 0.359800
vt 0.191700 0.457900
vt 0.206400 0.435900
vt 0.201500 0.447700
vt 0.211300 0.435900
vt 0.206800 0.447700
vt 0.338600 0.447700
vt 0.205200 0.451700
vt 0.199900 0.451700
vt 0.344000 0.447600
vt 0.340100 0.451600
vt 0.204700 0.453100
vt 0.199300 0.453100
vt 0.349600 0.447700
vt 0.345700 0.451600
vt 0.350200 0.449100
vt 0.340700 0.453000
vt 0.346300 0.453000
vt 0.354100 0.457600
vt 0.349900 0.461700
vt 0.344100 0.461800
vt 0.352600 0.468100
vt 0.201300 0.461800
vt 0.346500 0.468200
vt 0.353500 0.470300
vt 0.347300 0.470300
vt 0.195700 0.461800
vt 0.198900 0.468200
vt 0.198100 0.470400
vt 0.350100 0.477500
vt 0.193100 0.468200
vt 0.188900 0.464100
vt 0.192200 0.470400
vt 0.188000 0.466200
vt 0.189200 0.477600
vt 0.195300 0.477600
vt 0.360100 0.503600
vt 0.185300 0.503700
vt 0.178400 0.503700
vt 0.178000 0.522700
vt 0.184900 0.473200
vt 0.170500 0.522700
vt 0.167800 0.529300
vt 0.165300 0.517400
vt 0.162400 0.523900
vt 0.159000 0.531500
vt 0.173500 0.498800
vt 0.075300 0.363900
vt 0.049800 0.375300
vt 0.031200 0.383700
vt 0.024800 0.386500
vt 0.017100 0.390000
vt 0.011300 0.384100
vt 0.082300 0.360800
vt 0.044800 0.370200
vt 0.070900 0.359400
vt 0.078000 0.356400
vt 0.078000 0.350300
vt 0.070800 0.353100
vt 0.070800 0.198300
vt 0.044700 0.363100
vt 0.044700 0.181400
vt 0.044700 0.187300
vt 0.025700 0.370400
vt 0.025800 0.378100
vt 0.019200 0.380900
vt 0.019100 0.372900
vt 0.011300 0.375900
vt 0.011200 0.171400
vt 0.019000 0.174600
vt 0.011200 0.167600
vt 0.025600 0.177200
vt 0.019000 0.170800
vt 0.025600 0.173500
vt 0.030900 0.168200
vt 0.024500 0.165400
vt 0.016800 0.162000
vt 0.049500 0.176500
vt 0.173000 0.052800
vt 0.161800 0.027800
vt 0.158400 0.020100
vt 0.153400 0.226400
vt 0.274900 0.279600
vt 0.153500 0.325000
vt 0.223100 0.156700
vt 0.223300 0.394700
vt 0.149600 0.228600
vt 0.149700 0.322700
vt 0.148300 0.228100
vt 0.148400 0.323200
vt 0.148300 0.224300
vt 0.149700 0.326600
vt 0.148400 0.327200
vt 0.152400 0.329400
vt 0.151200 0.329900
vt 0.219100 0.395900
vt 0.218500 0.397200
vt 0.221700 0.398500
vt 0.221200 0.399800
vt 0.225400 0.398500
vt 0.224900 0.399800
vt 0.321900 0.394600
vt 0.319600 0.398500
vt 0.320100 0.399800
vt 0.323300 0.398500
vt 0.324000 0.399700
vt 0.326200 0.395700
vt 0.326800 0.397000
vt 0.391600 0.325300
vt 0.392700 0.329100
vt 0.394000 0.329600
vt 0.396600 0.327000
vt 0.395300 0.326400
vt 0.396600 0.323200
vt 0.395300 0.322700
vt 0.391500 0.226300
vt 0.395300 0.228600
vt 0.396600 0.228100
vt 0.395300 0.224700
vt 0.396600 0.224200
vt 0.321700 0.156600
vt 0.392600 0.221900
vt 0.393800 0.221400
vt 0.325900 0.155400
vt 0.326500 0.154200
vt 0.323300 0.152800
vt 0.323800 0.151500
vt 0.319600 0.152800
vt 0.320100 0.151500
vt 0.225400 0.152800
vt 0.224900 0.151600
vt 0.221500 0.152900
vt 0.221000 0.151600
vt 0.218800 0.155600
vt 0.218200 0.154300
vt 0.152300 0.222200
vt 0.151000 0.221700
vt 0.149600 0.224900
vt 0.672300 0.147700
vt 0.565600 0.147700
vt 0.565600 0.152200
vt 0.672300 0.143100
vt 0.672300 0.152200
vt 0.565600 0.143100
vt 0.565600 0.275000
vt 0.672300 0.020300
vt 0.672300 0.275000
vt 0.565600 0.020300
vt 0.565600 0.279400
vt 0.672300 0.015900
vt 0.672300 0.279400
vt 0.565600 0.015900
vt 0.672300 0.011500
vt 0.565600 0.011500
vt 0.565600 0.283800
vt 0.672300 0.283800
vt 0.565600 0.406600
vt 0.672300 0.406600
vt 0.565600 0.411200
vt 0.672300 0.411200
vt 0.565600 0.415800
vt 0.672300 0.415800
vt 0.565600 0.538600
vt 0.672300 0.538600
vt 0.949200 0.506200
vt 0.924100 0.506200
vt 0.924100 0.278900
vt 0.992600 0.279000
vt 0.992600 0.506300
vt 0.992600 0.510000
vt 0.949200 0.279000
vt 0.992600 0.275100
vt 0.949200 0.275100
vt 0.949200 0.271200
vt 0.992600 0.271200
vt 0.949200 0.043900
vt 0.992600 0.043900
vt 0.924100 0.271200
vt 0.992600 0.039900
vt 0.924100 0.275100
vt 0.924100 0.043900
vt 0.949200 0.039900
vt 0.949200 0.035900
vt 0.992600 0.035900
vt 0.924100 0.035900
vt 0.924100 0.039900
vt 0.916800 0.039900
vt 0.916800 0.035900
vt 0.916800 0.043900
vt 0.909700 0.039900
vt 0.909700 0.035900
vt 0.916800 0.271200
vt 0.909700 0.043900
vt 0.896100 0.039900
vt 0.896100 0.035900
vt 0.909700 0.271200
vt 0.896100 0.043900
vt 0.875000 0.039900
vt 0.875000 0.035900
vt 0.861700 0.039900
vt 0.861700 0.035900
vt 0.875000 0.043900
vt 0.875000 0.271200
vt 0.851600 0.039900
vt 0.851600 0.035900
vt 0.861700 0.043900
vt 0.843900 0.039900
vt 0.843900 0.035900
vt 0.716800 0.039900
vt 0.716800 0.035900
vt 0.843900 0.043900
vt 0.716800 0.043900
vt 0.851600 0.043900
vt 0.716800 0.271200
vt 0.861700 0.271200
vt 0.851600 0.271200
vt 0.843900 0.271200
vt 0.843900 0.275100
vt 0.716800 0.275100
vt 0.716800 0.279000
vt 0.851600 0.275100
vt 0.843900 0.279000
vt 0.861700 0.275100
vt 0.851600 0.279000
vt 0.843900 0.506300
vt 0.716800 0.506300
vt 0.716800 0.510000
vt 0.861700 0.279000
vt 0.851600 0.506300
vt 0.843900 0.510000
vt 0.843900 0.513700
vt 0.716800 0.513700
vt 0.716800 0.740800
vt 0.843900 0.740800
vt 0.843900 0.744700
vt 0.716800 0.744700
vt 0.851600 0.740800
vt 0.716800 0.748600
vt 0.851600 0.513700
vt 0.851600 0.744700
vt 0.851600 0.510000
vt 0.843900 0.748600
vt 0.843900 0.975800
vt 0.716800 0.975800
vt 0.851600 0.748600
vt 0.851600 0.975800
vt 0.861700 0.748600
vt 0.861700 0.975800
vt 0.861700 0.744700
vt 0.875000 0.748600
vt 0.875000 0.975800
vt 0.861700 0.740800
vt 0.875000 0.740900
vt 0.861700 0.513700
vt 0.875000 0.744800
vt 0.896100 0.748700
vt 0.896100 0.975800
vt 0.896100 0.740900
vt 0.909700 0.748700
vt 0.909700 0.975800
vt 0.896100 0.744800
vt 0.916800 0.748700
vt 0.916800 0.975800
vt 0.909700 0.744800
vt 0.909700 0.740900
vt 0.896100 0.513700
vt 0.916800 0.744800
vt 0.924100 0.748700
vt 0.924100 0.975800
vt 0.949200 0.975800
vt 0.924100 0.744800
vt 0.916800 0.740900
vt 0.924100 0.740900
vt 0.916800 0.513700
vt 0.949200 0.744800
vt 0.949200 0.748600
vt 0.992600 0.748600
vt 0.992600 0.975800
vt 0.992600 0.744700
vt 0.949200 0.740900
vt 0.992600 0.740800
vt 0.949200 0.513700
vt 0.992600 0.513700
vt 0.924100 0.513700
vt 0.949200 0.510000
vt 0.924100 0.510000
vt 0.916800 0.510000
vt 0.916800 0.506200
vt 0.909700 0.510000
vt 0.916800 0.278900
vt 0.909700 0.513700
vt 0.909700 0.506200
vt 0.916800 0.275100
vt 0.896100 0.510000
vt 0.909700 0.275100
vt 0.909700 0.278900
vt 0.896100 0.506200
vt 0.896100 0.275100
vt 0.896100 0.278900
vt 0.875000 0.510000
vt 0.896100 0.271200
vt 0.875000 0.275100
vt 0.875000 0.279000
vt 0.875000 0.506200
vt 0.861700 0.506300
vt 0.861700 0.510000
vt 0.875000 0.513700
vt 0.191500 0.698200
vt 0.185600 0.698200
vt 0.185600 0.549200
vt 0.191500 0.549200
vt 0.349200 0.698200
vt 0.349200 0.549200
vt 0.354800 0.549200
vt 0.191500 0.706800
vt 0.179700 0.698200
vt 0.179700 0.549200
vt 0.022000 0.549200
vt 0.179700 0.706800
vt 0.022000 0.698200
vt 0.016400 0.549200
vt 0.185600 0.706800
vt 0.022000 0.706800
vt 0.185600 0.712200
vt 0.179700 0.712200
vt 0.191500 0.712200
vt 0.016400 0.698200
vt 0.010700 0.698200
vt 0.010700 0.549200
vt 0.010700 0.706800
vt 0.016400 0.706800
vt 0.016400 0.712200
vt 0.010700 0.712200
vt 0.022000 0.712200
vt 0.016400 0.751600
vt 0.010800 0.751600
vt 0.016400 0.758400
vt 0.010800 0.758400
vt 0.010800 0.764300
vt 0.022000 0.751600
vt 0.016400 0.764300
vt 0.010700 0.790500
vt 0.022000 0.758400
vt 0.016400 0.790500
vt 0.010700 0.792100
vt 0.022000 0.764300
vt 0.022000 0.790500
vt 0.016400 0.792100
vt 0.010700 0.802200
vt 0.022000 0.792100
vt 0.016400 0.802200
vt 0.022000 0.802200
vt 0.016400 0.820100
vt 0.010700 0.820100
vt 0.016400 0.837100
vt 0.010800 0.837100
vt 0.022000 0.820100
vt 0.179700 0.802200
vt 0.179700 0.820100
vt 0.016400 0.856800
vt 0.010800 0.856800
vt 0.010800 0.862800
vt 0.022000 0.837100
vt 0.179700 0.837100
vt 0.022000 0.856800
vt 0.016400 0.862800
vt 0.010700 0.904500
vt 0.179700 0.856800
vt 0.022000 0.862800
vt 0.016400 0.904500
vt 0.010700 0.912400
vt 0.022000 0.904500
vt 0.179700 0.862800
vt 0.179700 0.904500
vt 0.022000 0.912400
vt 0.016400 0.912400
vt 0.010700 0.925300
vt 0.016400 0.925300
vt 0.010700 0.946600
vt 0.022000 0.925300
vt 0.179700 0.912400
vt 0.022000 0.946600
vt 0.016400 0.946600
vt 0.010700 0.953100
vt 0.179700 0.925300
vt 0.022000 0.953100
vt 0.016400 0.953100
vt 0.010700 0.955400
vt 0.016400 0.955400
vt 0.010700 0.975900
vt 0.022000 0.955400
vt 0.016400 0.975900
vt 0.010700 0.988700
vt 0.016400 0.988700
vt 0.022000 0.988700
vt 0.022000 0.975900
vt 0.179700 0.955400
vt 0.179700 0.975900
vt 0.179700 0.988700
vt 0.185600 0.975900
vt 0.185600 0.988700
vt 0.191500 0.988700
vt 0.185600 0.955400
vt 0.191500 0.975900
vt 0.349200 0.975900
vt 0.349200 0.988700
vt 0.191500 0.955400
vt 0.354800 0.975900
vt 0.354800 0.988700
vt 0.360400 0.988700
vt 0.349200 0.955400
vt 0.354800 0.955400
vt 0.360400 0.975900
vt 0.518200 0.975900
vt 0.518200 0.988700
vt 0.360400 0.955400
vt 0.518200 0.955400
vt 0.524000 0.975900
vt 0.524000 0.988700
vt 0.529900 0.988700
vt 0.524000 0.955400
vt 0.529900 0.975900
vt 0.687600 0.975900
vt 0.687600 0.988700
vt 0.687600 0.955400
vt 0.529900 0.955400
vt 0.687600 0.953100
vt 0.524000 0.953100
vt 0.529900 0.953100
vt 0.687600 0.946600
vt 0.518200 0.953100
vt 0.529900 0.946600
vt 0.524000 0.946600
vt 0.687600 0.925300
vt 0.360400 0.953100
vt 0.518200 0.946600
vt 0.524000 0.925300
vt 0.529900 0.925300
vt 0.687600 0.912400
vt 0.354800 0.953100
vt 0.349200 0.953100
vt 0.354800 0.946600
vt 0.360400 0.946600
vt 0.349200 0.946600
vt 0.191500 0.953100
vt 0.185600 0.953100
vt 0.179700 0.953100
vt 0.185600 0.946600
vt 0.179700 0.946600
vt 0.185600 0.925300
vt 0.191500 0.946600
vt 0.185600 0.912400
vt 0.191500 0.925300
vt 0.349200 0.925300
vt 0.354800 0.925300
vt 0.185600 0.904500
vt 0.191500 0.912400
vt 0.349200 0.912400
vt 0.185600 0.862800
vt 0.191500 0.904500
vt 0.349200 0.904500
vt 0.354800 0.912400
vt 0.354800 0.904500
vt 0.349200 0.862800
vt 0.354800 0.862800
vt 0.360400 0.925300
vt 0.360400 0.912400
vt 0.360400 0.904500
vt 0.518100 0.925300
vt 0.518100 0.912400
vt 0.524000 0.912400
vt 0.518100 0.904500
vt 0.524000 0.904500
vt 0.529900 0.912400
vt 0.529900 0.904500
vt 0.687600 0.904500
vt 0.687600 0.862800
vt 0.524000 0.862800
vt 0.529900 0.862800
vt 0.529900 0.856800
vt 0.687600 0.856800
vt 0.687600 0.837100
vt 0.524000 0.856800
vt 0.529900 0.837100
vt 0.687600 0.820100
vt 0.518100 0.862800
vt 0.360400 0.862800
vt 0.360400 0.856800
vt 0.354800 0.856800
vt 0.518100 0.856800
vt 0.360400 0.837100
vt 0.518100 0.837100
vt 0.524000 0.837100
vt 0.349200 0.856800
vt 0.529900 0.820100
vt 0.518100 0.820100
vt 0.529900 0.802200
vt 0.687600 0.802200
vt 0.524000 0.820100
vt 0.687600 0.792100
vt 0.360400 0.820100
vt 0.518100 0.802200
vt 0.524000 0.802200
vt 0.524000 0.792100
vt 0.529900 0.792100
vt 0.529900 0.790500
vt 0.687600 0.790500
vt 0.687600 0.764300
vt 0.360400 0.802200
vt 0.524000 0.790500
vt 0.529900 0.764300
vt 0.687600 0.758400
vt 0.524000 0.764300
vt 0.529900 0.758400
vt 0.529900 0.751600
vt 0.687600 0.751600
vt 0.524000 0.758400
vt 0.687600 0.712200
vt 0.529900 0.712200
vt 0.687600 0.706800
vt 0.529900 0.706800
vt 0.687600 0.698200
vt 0.524000 0.751600
vt 0.524000 0.712200
vt 0.518100 0.751600
vt 0.524000 0.706800
vt 0.518100 0.712200
vt 0.518100 0.706800
vt 0.524000 0.698200
vt 0.529900 0.698200
vt 0.529900 0.549200
vt 0.687600 0.549200
vt 0.524000 0.549200
vt 0.518100 0.698200
vt 0.518100 0.549200
vt 0.360400 0.549200
vt 0.360400 0.698200
vt 0.360400 0.706800
vt 0.354800 0.698200
vt 0.354800 0.706800
vt 0.349200 0.706800
vt 0.349200 0.712200
vt 0.354800 0.712200
vt 0.360400 0.712200
vt 0.354800 0.751600
vt 0.360400 0.751600
vt 0.518100 0.758400
vt 0.360400 0.758400
vt 0.518100 0.764300
vt 0.354800 0.758400
vt 0.360400 0.764300
vt 0.518100 0.790500
vt 0.349200 0.751600
vt 0.191500 0.751600
vt 0.349200 0.758400
vt 0.349200 0.764300
vt 0.191500 0.758400
vt 0.185600 0.751600
vt 0.185600 0.758400
vt 0.179700 0.751600
vt 0.179700 0.758400
vt 0.179700 0.764300
vt 0.191500 0.764300
vt 0.185600 0.764300
vt 0.179700 0.790500
vt 0.191500 0.790500
vt 0.185600 0.790500
vt 0.179700 0.792100
vt 0.185600 0.792100
vt 0.191500 0.792100
vt 0.185600 0.802200
vt 0.185600 0.820100
vt 0.191500 0.802200
vt 0.349200 0.792100
vt 0.185600 0.837100
vt 0.191500 0.820100
vt 0.349200 0.820100
vt 0.185600 0.856800
vt 0.191500 0.837100
vt 0.191500 0.862800
vt 0.191500 0.856800
vt 0.349200 0.837100
vt 0.354800 0.837100
vt 0.354800 0.820100
vt 0.349200 0.802200
vt 0.354800 0.802200
vt 0.354800 0.792100
vt 0.360400 0.792100
vt 0.354800 0.790500
vt 0.349200 0.790500
vt 0.354800 0.764300
vt 0.360400 0.790500
vt 0.518100 0.792100
s 1
f 1/1/1 2/2/2 3/3/3
f 1/1/1 3/3/3 4/4/4
f 4/4/4 5/5/5 1/1/1
f 4/4/4 6/6/6 5/5/5
f 7/7/7 5/5/5 6/6/6
f 8/8/8 1/1/1 5/5/5
f 7/7/7 9/9/9 5/5/5
f 9/9/9 8/8/8 5/5/5
f 10/10/10 9/9/9 7/7/7
f 10/10/10 7/7/7 11/11/11
f 9/9/9 12/12/12 8/8/8
f 9/9/9 10/10/10 13/13/13
f 9/9/9 13/13/13 12/12/12
f 11/11/11 14/14/14 10/10/10
f 11/11/11 15/15/15 14/14/14
f 16/16/16 14/14/14 15/15/15
f 10/10/10 14/14/14 17/17/17
f 10/10/10 17/17/17 13/13/13
f 16/16/16 18/18/18 14/14/14
f 18/18/18 17/17/17 14/14/14
f 19/19/19 18/18/18 16/16/16
f 19/19/19 16/16/16 20/20/20
f 18/18/18 21/21/21 17/17/17
f 20/20/20 22/22/22 19/19/19
f 20/20/20 23/23/23 22/22/22
f 18/18/18 19/19/19 24/24/24
f 18/18/18 24/24/24 21/21/21
f 22/22/22 24/24/24 19/19/19
f 25/25/25 22/22/22 23/23/23
f 17/17/17 21/21/21 26/26/26
f 24/24/24 26/26/26 21/21/21
f 27/27/27 13/13/13 17/17/17
f 17/17/17 26/26/26 27/27/27
f 27/27/27 28/28/28 13/13/13
f 28/28/28 27/27/27 29/29/29
f 26/26/26 29/29/29 27/27/27
f 13/13/13 28/28/28 30/30/30
f 13/13/13 30/30/30 12/12/12
f 8/8/8 12/12/12 30/30/30
f 31/31/31 30/30/30 28/28/28
f 28/28/28 29/29/29 31/31/31
f 8/8/8 30/30/30 32/32/32
f 33/33/33 8/8/8 32/32/32
f 8/8/8 33/33/33 1/1/1
f 30/30/30 34/34/34 32/32/32
f 31/31/31 35/35/35 30/30/30
f 30/30/30 35/35/35 34/34/34
f 36/36/36 31/31/31 29/29/29
f 35/35/35 31/31/31 36/36/36
f 2/2/2 1/1/1 33/33/33
f 33/33/33 32/32/32 37/37/37
f 37/37/37 32/32/32 34/34/34
f 2/2/2 33/33/33 38/38/38
f 33/33/33 37/37/37 39/39/39
f 33/33/33 39/39/39 38/38/38
f 2/2/2 38/38/38 40/40/40
f 40/40/40 38/38/38 39/39/39
f 37/37/37 34/34/34 41/41/41
f 41/41/41 39/39/39 37/37/37
f 42/42/42 41/41/41 34/34/34
f 41/41/41 43/43/43 39/39/39
f 43/43/43 41/41/41 42/42/42
f 39/39/39 43/43/43 44/44/44
f 35/35/35 45/45/45 34/34/34
f 42/42/42 34/34/34 45/45/45
f 35/35/35 46/46/46 45/45/45
f 47/47/47 42/42/42 45/45/45
f 46/46/46 47/47/47 45/45/45
f 35/35/35 36/36/36 46/46/46
f 47/47/47 48/48/48 42/42/42
f 46/46/46 49/49/49 47/47/47
f 43/43/43 42/42/42 50/50/50
f 50/50/50 42/42/42 48/48/48
f 43/43/43 50/50/50 51/51/51
f 43/43/43 51/51/51 44/44/44
f 46/46/46 52/52/52 49/49/49
f 46/46/46 36/36/36 52/52/52
f 53/53/53 47/47/47 49/49/49
f 52/52/52 53/53/53 49/49/49
f 53/53/53 54/54/54 47/47/47
f 48/48/48 47/47/47 54/54/54
f 52/52/52 55/55/55 53/53/53
f 50/50/50 48/48/48 56/56/56
f 57/57/57 52/52/52 36/36/36
f 57/57/57 55/55/55 52/52/52
f 50/50/50 56/56/56 58/58/58
f 50/50/50 58/58/58 51/51/51
f 48/48/48 59/59/59 56/56/56
f 59/59/59 58/58/58 56/56/56
f 48/48/48 60/60/60 59/59/59
f 48/48/48 54/54/54 60/60/60
f 58/58/58 61/61/61 51/51/51
f 61/61/61 44/44/44 51/51/51
f 59/59/59 62/62/62 58/58/58
f 60/60/60 63/63/63 59/59/59
f 63/63/63 62/62/62 59/59/59
f 60/60/60 64/64/64 63/63/63
f 64/64/64 60/60/60 54/54/54
f 63/63/63 65/65/65 62/62/62
f 66/66/66 65/65/65 63/63/63
f 64/64/64 66/66/66 63/63/63
f 67/67/67 62/62/62 65/65/65
f 64/64/64 54/54/54 68/68/68
f 58/58/58 62/62/62 69/69/69
f 67/67/67 69/69/69 62/62/62
f 58/58/58 69/69/69 70/70/70
f 58/58/58 70/70/70 61/61/61
f 71/71/71 68/68/68 54/54/54
f 71/71/71 54/54/54 53/53/53
f 55/55/55 71/71/71 53/53/53
f 55/55/55 72/72/72 71/71/71
f 73/73/73 68/68/68 71/71/71
f 72/72/72 73/73/73 71/71/71
f 73/73/73 74/74/74 68/68/68
f 74/74/74 64/64/64 68/68/68
f 74/74/74 75/75/75 64/64/64
f 64/64/64 75/75/75 66/66/66
f 76/76/76 74/74/74 73/73/73
f 77/77/77 75/75/75 74/74/74
f 76/76/76 77/77/77 74/74/74
f 78/78/78 76/76/76 73/73/73
f 72/72/72 78/78/78 73/73/73
f 79/79/79 77/77/77 76/76/76
f 78/78/78 80/80/80 76/76/76
f 80/80/80 79/79/79 76/76/76
f 81/81/81 80/80/80 78/78/78
f 80/80/80 82/82/82 79/79/79
f 82/82/82 80/80/80 81/81/81
f 83/83/83 78/78/78 72/72/72
f 81/81/81 78/78/78 83/83/83
f 83/83/83 72/72/72 84/84/84
f 72/72/72 85/85/85 84/84/84
f 72/72/72 55/55/55 85/85/85
f 57/57/57 85/85/85 55/55/55
f 86/86/86 84/84/84 85/85/85
f 87/87/87 83/83/83 84/84/84
f 87/87/87 84/84/84 86/86/86
f 88/88/88 83/83/83 87/87/87
f 88/88/88 81/81/81 83/83/83
f 89/89/89 87/87/87 86/86/86
f 90/90/90 88/88/88 87/87/87
f 89/89/89 90/90/90 87/87/87
f 90/90/90 91/91/91 88/88/88
f 90/90/90 89/89/89 92/92/92
f 93/93/93 81/81/81 88/88/88
f 91/91/91 93/93/93 88/88/88
f 93/93/93 94/94/94 81/81/81
f 82/82/82 81/81/81 94/94/94
f 95/95/95 89/89/89 86/86/86
f 92/92/92 89/89/89 95/95/95
f 86/86/86 85/85/85 96/96/96
f 95/95/95 86/86/86 96/96/96
f 96/96/96 85/85/85 57/57/57
f 96/96/96 57/57/57 97/97/97
f 98/98/98 95/95/95 96/96/96
f 98/98/98 96/96/96 97/97/97
f 99/99/99 97/97/97 57/57/57
f 99/99/99 98/98/98 97/97/97
f 99/99/99 57/57/57 100/100/100
f 57/57/57 36/36/36 100/100/100
f 36/36/36 29/29/29 100/100/100
f 101/101/101 100/100/100 29/29/29
f 101/101/101 99/99/99 100/100/100
f 26/26/26 101/101/101 29/29/29
f 101/101/101 102/102/102 99/99/99
f 99/99/99 102/102/102 98/98/98
f 103/103/103 101/101/101 26/26/26
f 101/101/101 103/103/103 102/102/102
f 103/103/103 26/26/26 104/104/104
f 24/24/24 104/104/104 26/26/26
f 105/105/105 102/102/102 103/103/103
f 98/98/98 102/102/102 105/105/105
f 104/104/104 106/106/106 103/103/103
f 105/105/105 103/103/103 106/106/106
f 24/24/24 107/107/107 104/104/104
f 104/104/104 107/107/107 106/106/106
f 24/24/24 108/108/108 107/107/107
f 22/22/22 108/108/108 24/24/24
f 109/109/109 106/106/106 107/107/107
f 108/108/108 109/109/109 107/107/107
f 110/110/110 105/105/105 106/106/106
f 109/109/109 110/110/110 106/106/106
f 111/111/111 108/108/108 22/22/22
f 25/25/25 111/111/111 22/22/22
f 111/111/111 112/112/112 108/108/108
f 108/108/108 112/112/112 109/109/109
f 113/113/113 111/111/111 25/25/25
f 111/111/111 114/114/114 112/112/112
f 114/114/114 109/109/109 112/112/112
f 111/111/111 113/113/113 114/114/114
f 113/113/113 25/25/25 115/115/115
f 114/114/114 116/116/116 109/109/109
f 115/115/115 117/117/117 113/113/113
f 115/115/115 118/118/118 117/117/117
f 119/119/119 117/117/117 118/118/118
f 113/113/113 117/117/117 120/120/120
f 113/113/113 120/120/120 114/114/114
f 119/119/119 121/121/121 117/117/117
f 121/121/121 120/120/120 117/117/117
f 122/122/122 121/121/121 119/119/119
f 122/122/122 119/119/119 123/123/123
f 121/121/121 124/124/124 120/120/120
f 123/123/123 125/125/125 122/122/122
f 123/123/123 126/126/126 125/125/125
f 121/121/121 122/122/122 127/127/127
f 121/121/121 127/127/127 124/124/124
f 125/125/125 127/127/127 122/122/122
f 128/128/128 125/125/125 126/126/126
f 120/120/120 124/124/124 129/129/129
f 127/127/127 129/129/129 124/124/124
f 130/130/130 114/114/114 120/120/120
f 120/120/120 129/129/129 130/130/130
f 130/130/130 116/116/116 114/114/114
f 116/116/116 130/130/130 131/131/131
f 129/129/129 131/131/131 130/130/130
f 116/116/116 131/131/131 132/132/132
f 132/132/132 109/109/109 116/116/116
f 132/132/132 110/110/110 109/109/109
f 133/133/133 132/132/132 131/131/131
f 110/110/110 132/132/132 133/133/133
f 129/129/129 134/134/134 131/131/131
f 110/110/110 133/133/133 135/135/135
f 110/110/110 135/135/135 105/105/105
f 133/133/133 131/131/131 136/136/136
f 134/134/134 136/136/136 131/131/131
f 135/135/135 137/137/137 105/105/105
f 98/98/98 105/105/105 137/137/137
f 135/135/135 138/138/138 137/137/137
f 98/98/98 137/137/137 139/139/139
f 98/98/98 139/139/139 95/95/95
f 92/92/92 95/95/95 139/139/139
f 140/140/140 139/139/139 137/137/137
f 140/140/140 137/137/137 138/138/138
f 135/135/135 141/141/141 138/138/138
f 141/141/141 140/140/140 138/138/138
f 135/135/135 133/133/133 141/141/141
f 142/142/142 139/139/139 140/140/140
f 142/142/142 92/92/92 139/139/139
f 141/141/141 143/143/143 140/140/140
f 143/143/143 142/142/142 140/140/140
f 144/144/144 141/141/141 133/133/133
f 144/144/144 143/143/143 141/141/141
f 144/144/144 133/133/133 136/136/136
f 143/143/143 145/145/145 142/142/142
f 146/146/146 92/92/92 142/142/142
f 145/145/145 146/146/146 142/142/142
f 146/146/146 147/147/147 92/92/92
f 90/90/90 92/92/92 147/147/147
f 91/91/91 90/90/90 147/147/147
f 148/148/148 147/147/147 146/146/146
f 91/91/91 147/147/147 149/149/149
f 148/148/148 149/149/149 147/147/147
f 150/150/150 148/148/148 146/146/146
f 145/145/145 150/150/150 146/146/146
f 151/151/151 149/149/149 148/148/148
f 152/152/152 91/91/91 149/149/149
f 151/151/151 152/152/152 149/149/149
f 150/150/150 153/153/153 148/148/148
f 153/153/153 151/151/151 148/148/148
f 154/154/154 153/153/153 150/150/150
f 153/153/153 155/155/155 151/151/151
f 155/155/155 153/153/153 154/154/154
f 156/156/156 152/152/152 151/151/151
f 155/155/155 156/156/156 151/151/151
f 152/152/152 157/157/157 91/91/91
f 91/91/91 157/157/157 93/93/93
f 156/156/156 158/158/158 152/152/152
f 157/157/157 152/152/152 158/158/158
f 155/155/155 159/159/159 156/156/156
f 157/157/157 160/160/160 93/93/93
f 160/160/160 94/94/94 93/93/93
f 161/161/161 158/158/158 156/156/156
f 159/159/159 161/161/161 156/156/156
f 157/157/157 158/158/158 162/162/162
f 157/157/157 162/162/162 160/160/160
f 162/162/162 158/158/158 163/163/163
f 161/161/161 163/163/163 158/158/158
f 162/162/162 164/164/164 160/160/160
f 165/165/165 163/163/163 161/161/161
f 165/165/165 161/161/161 166/166/166
f 167/167/167 163/163/163 165/165/165
f 166/166/166 161/161/161 168/168/168
f 159/159/159 168/168/168 161/161/161
f 166/166/166 168/168/168 169/169/169
f 162/162/162 163/163/163 170/170/170
f 167/167/167 170/170/170 163/163/163
f 162/162/162 170/170/170 164/164/164
f 170/170/170 167/167/167 171/171/171
f 170/170/170 171/171/171 164/164/164
f 172/172/172 164/164/164 171/171/171
f 169/169/169 168/168/168 173/173/173
f 159/159/159 173/173/173 168/168/168
f 169/169/169 173/173/173 174/174/174
f 174/174/174 173/173/173 175/175/175
f 174/174/174 175/175/175 176/176/176
f 159/159/159 177/177/177 173/173/173
f 175/175/175 173/173/173 177/177/177
f 178/178/178 177/177/177 159/159/159
f 178/178/178 159/159/159 155/155/155
f 155/155/155 154/154/154 178/178/178
f 179/179/179 177/177/177 178/178/178
f 175/175/175 177/177/177 179/179/179
f 180/180/180 178/178/178 154/154/154
f 179/179/179 178/178/178 180/180/180
f 176/176/176 175/175/175 181/181/181
f 176/176/176 181/181/181 182/182/182
f 183/183/183 175/175/175 179/179/179
f 183/183/183 181/181/181 175/175/175
f 184/184/184 179/179/179 180/180/180
f 184/184/184 183/183/183 179/179/179
f 182/182/182 181/181/181 185/185/185
f 183/183/183 185/185/185 181/181/181
f 182/182/182 185/185/185 186/186/186
f 184/184/184 187/187/187 183/183/183
f 183/183/183 187/187/187 185/185/185
f 186/186/186 185/185/185 188/188/188
f 188/188/188 185/185/185 187/187/187
f 186/186/186 188/188/188 189/189/189
f 189/189/189 188/188/188 190/190/190
f 189/189/189 190/190/190 191/191/191
f 191/191/191 190/190/190 192/192/192
f 191/191/191 192/192/192 193/193/193
f 194/194/194 190/190/190 188/188/188
f 194/194/194 192/192/192 190/190/190
f 192/192/192 195/195/195 193/193/193
f 194/194/194 188/188/188 196/196/196
f 188/188/188 187/187/187 196/196/196
f 194/194/194 197/197/197 192/192/192
f 192/192/192 198/198/198 195/195/195
f 198/198/198 192/192/192 197/197/197
f 199/199/199 195/195/195 198/198/198
f 199/199/199 200/200/200 195/195/195
f 200/200/200 199/199/199 201/201/201
f 200/200/200 201/201/201 202/202/202
f 203/203/203 199/199/199 198/198/198
f 203/203/203 201/201/201 199/199/199
f 198/198/198 197/197/197 204/204/204
f 203/203/203 198/198/198 204/204/204
f 202/202/202 201/201/201 205/205/205
f 202/202/202 205/205/205 206/206/206
f 203/203/203 207/207/207 201/201/201
f 205/205/205 201/201/201 207/207/207
f 208/208/208 203/203/203 204/204/204
f 208/208/208 207/207/207 203/203/203
f 204/204/204 197/197/197 209/209/209
f 209/209/209 197/197/197 194/194/194
f 208/208/208 204/204/204 210/210/210
f 204/204/204 209/209/209 210/210/210
f 211/211/211 208/208/208 210/210/210
f 209/209/209 194/194/194 212/212/212
f 212/212/212 194/194/194 196/196/196
f 210/210/210 209/209/209 213/213/213
f 212/212/212 213/213/213 209/209/209
f 208/208/208 214/214/214 207/207/207
f 214/214/214 208/208/208 211/211/211
f 215/215/215 207/207/207 214/214/214
f 205/205/205 207/207/207 215/215/215
f 216/216/216 205/205/205 215/215/215
f 215/215/215 214/214/214 217/217/217
f 216/216/216 218/218/218 205/205/205
f 206/206/206 205/205/205 218/218/218
f 206/206/206 218/218/218 219/219/219
f 219/219/219 218/218/218 220/220/220
f 216/216/216 220/220/220 218/218/218
f 219/219/219 220/220/220 221/221/221
f 222/222/222 216/216/216 215/215/215
f 222/222/222 215/215/215 217/217/217
f 221/221/221 220/220/220 223/223/223
f 221/221/221 223/223/223 224/224/224
f 216/216/216 225/225/225 220/220/220
f 223/223/223 220/220/220 225/225/225
f 226/226/226 216/216/216 222/222/222
f 226/226/226 225/225/225 216/216/216
f 224/224/224 223/223/223 227/227/227
f 224/224/224 227/227/227 228/228/228
f 223/223/223 225/225/225 229/229/229
f 229/229/229 225/225/225 226/226/226
f 230/230/230 227/227/227 223/223/223
f 230/230/230 223/223/223 229/229/229
f 228/228/228 227/227/227 231/231/231
f 230/230/230 231/231/231 227/227/227
f 228/228/228 231/231/231 232/232/232
f 232/232/232 231/231/231 233/233/233
f 232/232/232 233/233/233 234/234/234
f 230/230/230 235/235/235 231/231/231
f 233/233/233 231/231/231 235/235/235
f 236/236/236 230/230/230 229/229/229
f 236/236/236 235/235/235 230/230/230
f 234/234/234 233/233/233 237/237/237
f 234/234/234 237/237/237 238/238/238
f 239/239/239 237/237/237 233/233/233
f 238/238/238 237/237/237 240/240/240
f 239/239/239 240/240/240 237/237/237
f 238/238/238 240/240/240 172/172/172
f 172/172/172 240/240/240 164/164/164
f 164/164/164 240/240/240 241/241/241
f 239/239/239 241/241/241 240/240/240
f 164/164/164 241/241/241 160/160/160
f 160/160/160 241/241/241 94/94/94
f 94/94/94 241/241/241 239/239/239
f 94/94/94 239/239/239 82/82/82
f 239/239/239 233/233/233 242/242/242
f 82/82/82 239/239/239 242/242/242
f 233/233/233 235/235/235 242/242/242
f 82/82/82 242/242/242 79/79/79
f 242/242/242 235/235/235 243/243/243
f 242/242/242 243/243/243 79/79/79
f 236/236/236 243/243/243 235/235/235
f 79/79/79 243/243/243 77/77/77
f 243/243/243 244/244/244 77/77/77
f 243/243/243 236/236/236 244/244/244
f 77/77/77 244/244/244 75/75/75
f 244/244/244 236/236/236 245/245/245
f 236/236/236 229/229/229 245/245/245
f 229/229/229 226/226/226 245/245/245
f 75/75/75 244/244/244 246/246/246
f 244/244/244 245/245/245 246/246/246
f 75/75/75 246/246/246 66/66/66
f 245/245/245 226/226/226 247/247/247
f 245/245/245 247/247/247 246/246/246
f 222/222/222 247/247/247 226/226/226
f 246/246/246 248/248/248 66/66/66
f 246/246/246 247/247/247 248/248/248
f 66/66/66 248/248/248 65/65/65
f 248/248/248 67/67/67 65/65/65
f 222/222/222 249/249/249 247/247/247
f 249/249/249 222/222/222 217/217/217
f 247/247/247 250/250/250 248/248/248
f 247/247/247 249/249/249 250/250/250
f 248/248/248 250/250/250 67/67/67
f 249/249/249 217/217/217 251/251/251
f 250/250/250 249/249/249 251/251/251
f 217/217/217 252/252/252 251/251/251
f 217/217/217 214/214/214 252/252/252
f 250/250/250 251/251/251 253/253/253
f 67/67/67 250/250/250 253/253/253
f 214/214/214 211/211/211 252/252/252
f 251/251/251 252/252/252 254/254/254
f 251/251/251 254/254/254 253/253/253
f 211/211/211 254/254/254 252/252/252
f 67/67/67 253/253/253 255/255/255
f 69/69/69 67/67/67 255/255/255
f 253/253/253 254/254/254 256/256/256
f 253/253/253 256/256/256 255/255/255
f 211/211/211 257/257/257 254/254/254
f 257/257/257 256/256/256 254/254/254
f 257/257/257 211/211/211 258/258/258
f 211/211/211 210/210/210 258/258/258
f 210/210/210 213/213/213 258/258/258
f 69/69/69 255/255/255 259/259/259
f 70/70/70 69/69/69 259/259/259
f 255/255/255 256/256/256 260/260/260
f 255/255/255 260/260/260 259/259/259
f 70/70/70 259/259/259 261/261/261
f 262/262/262 70/70/70 261/261/261
f 259/259/259 263/263/263 261/261/261
f 259/259/259 260/260/260 263/263/263
f 262/262/262 261/261/261 263/263/263
f 262/262/262 61/61/61 70/70/70
f 262/262/262 263/263/263 264/264/264
f 265/265/265 61/61/61 262/262/262
f 265/265/265 262/262/262 264/264/264
f 265/265/265 266/266/266 61/61/61
f 61/61/61 266/266/266 44/44/44
f 267/267/267 263/263/263 260/260/260
f 267/267/267 264/264/264 263/263/263
f 256/256/256 268/268/268 260/260/260
f 267/267/267 260/260/260 268/268/268
f 256/256/256 269/269/269 268/268/268
f 257/257/257 269/269/269 256/256/256
f 269/269/269 257/257/257 270/270/270
f 257/257/257 258/258/258 270/270/270
f 268/268/268 269/269/269 271/271/271
f 269/269/269 270/270/270 271/271/271
f 268/268/268 271/271/271 272/272/272
f 267/267/267 268/268/268 272/272/272
f 270/270/270 273/273/273 271/271/271
f 258/258/258 274/274/274 270/270/270
f 270/270/270 274/274/274 273/273/273
f 258/258/258 213/213/213 274/274/274
f 267/267/267 272/272/272 275/275/275
f 271/271/271 273/273/273 276/276/276
f 271/271/271 276/276/276 272/272/272
f 274/274/274 277/277/277 273/273/273
f 277/277/277 276/276/276 273/273/273
f 213/213/213 278/278/278 274/274/274
f 274/274/274 278/278/278 277/277/277
f 213/213/213 279/279/279 278/278/278
f 212/212/212 279/279/279 213/213/213
f 272/272/272 276/276/276 280/280/280
f 272/272/272 280/280/280 275/275/275
f 277/277/277 281/281/281 276/276/276
f 280/280/280 276/276/276 281/281/281
f 279/279/279 212/212/212 282/282/282
f 212/212/212 196/196/196 282/282/282
f 279/279/279 282/282/282 283/283/283
f 278/278/278 279/279/279 283/283/283
f 196/196/196 284/284/284 282/282/282
f 196/196/196 187/187/187 284/284/284
f 184/184/184 284/284/284 187/187/187
f 282/282/282 284/284/284 285/285/285
f 282/282/282 285/285/285 283/283/283
f 284/284/284 184/184/184 286/286/286
f 284/284/284 286/286/286 285/285/285
f 286/286/286 184/184/184 180/180/180
f 283/283/283 285/285/285 287/287/287
f 286/286/286 287/287/287 285/285/285
f 278/278/278 283/283/283 288/288/288
f 283/283/283 287/287/287 288/288/288
f 277/277/277 278/278/278 288/288/288
f 286/286/286 180/180/180 289/289/289
f 180/180/180 154/154/154 289/289/289
f 286/286/286 290/290/290 287/287/287
f 290/290/290 286/286/286 289/289/289
f 288/288/288 287/287/287 291/291/291
f 290/290/290 291/291/291 287/287/287
f 277/277/277 288/288/288 292/292/292
f 288/288/288 291/291/291 292/292/292
f 281/281/281 277/277/277 292/292/292
f 289/289/289 154/154/154 293/293/293
f 154/154/154 150/150/150 293/293/293
f 293/293/293 150/150/150 145/145/145
f 289/289/289 293/293/293 294/294/294
f 290/290/290 289/289/289 294/294/294
f 293/293/293 145/145/145 295/295/295
f 294/294/294 293/293/293 295/295/295
f 296/296/296 290/290/290 294/294/294
f 290/290/290 296/296/296 291/291/291
f 294/294/294 295/295/295 297/297/297
f 296/296/296 294/294/294 297/297/297
f 145/145/145 298/298/298 295/295/295
f 297/297/297 295/295/295 298/298/298
f 145/145/145 143/143/143 298/298/298
f 144/144/144 298/298/298 143/143/143
f 297/297/297 298/298/298 299/299/299
f 299/299/299 298/298/298 144/144/144
f 300/300/300 296/296/296 297/297/297
f 300/300/300 297/297/297 299/299/299
f 291/291/291 296/296/296 300/300/300
f 299/299/299 144/144/144 301/301/301
f 291/291/291 300/300/300 302/302/302
f 303/303/303 300/300/300 299/299/299
f 303/303/303 299/299/299 301/301/301
f 303/303/303 302/302/302 300/300/300
f 292/292/292 291/291/291 302/302/302
f 304/304/304 301/301/301 144/144/144
f 304/304/304 303/303/303 301/301/301
f 304/304/304 144/144/144 136/136/136
f 134/134/134 304/304/304 136/136/136
f 304/304/304 305/305/305 303/303/303
f 134/134/134 305/305/305 304/304/304
f 292/292/292 302/302/302 306/306/306
f 281/281/281 292/292/292 306/306/306
f 303/303/303 307/307/307 302/302/302
f 306/306/306 302/302/302 307/307/307
f 303/303/303 305/305/305 308/308/308
f 303/303/303 308/308/308 307/307/307
f 134/134/134 309/309/309 305/305/305
f 308/308/308 305/305/305 309/309/309
f 309/309/309 134/134/134 129/129/129
f 306/306/306 307/307/307 310/310/310
f 311/311/311 281/281/281 306/306/306
f 311/311/311 306/306/306 310/310/310
f 280/280/280 281/281/281 311/311/311
f 312/312/312 310/310/310 307/307/307
f 312/312/312 311/311/311 310/310/310
f 312/312/312 307/307/307 308/308/308
f 312/312/312 313/313/313 311/311/311
f 280/280/280 311/311/311 313/313/313
f 314/314/314 312/312/312 308/308/308
f 314/314/314 313/313/313 312/312/312
f 314/314/314 308/308/308 315/315/315
f 308/308/308 309/309/309 315/315/315
f 309/309/309 129/129/129 316/316/316
f 316/316/316 315/315/315 309/309/309
f 127/127/127 316/316/316 129/129/129
f 316/316/316 317/317/317 315/315/315
f 127/127/127 317/317/317 316/316/316
f 318/318/318 314/314/314 315/315/315
f 318/318/318 315/315/315 317/317/317
f 127/127/127 319/319/319 317/317/317
f 319/319/319 318/318/318 317/317/317
f 125/125/125 319/319/319 127/127/127
f 320/320/320 314/314/314 318/318/318
f 314/314/314 320/320/320 313/313/313
f 319/319/319 321/321/321 318/318/318
f 322/322/322 319/319/319 125/125/125
f 322/322/322 321/321/321 319/319/319
f 128/128/128 322/322/322 125/125/125
f 323/323/323 318/318/318 321/321/321
f 322/322/322 323/323/323 321/321/321
f 324/324/324 322/322/322 128/128/128
f 322/322/322 324/324/324 323/323/323
f 324/324/324 128/128/128 325/325/325
f 320/320/320 318/318/318 326/326/326
f 323/323/323 326/326/326 318/318/318
f 326/326/326 327/327/327 320/320/320
f 313/313/313 320/320/320 327/327/327
f 328/328/328 326/326/326 323/323/323
f 326/326/326 328/328/328 327/327/327
f 324/324/324 329/329/329 323/323/323
f 328/328/328 323/323/323 329/329/329
f 325/325/325 330/330/330 324/324/324
f 324/324/324 330/330/330 329/329/329
f 325/325/325 331/331/331 330/330/330
f 332/332/332 330/330/330 331/331/331
f 313/313/313 327/327/327 333/333/333
f 280/280/280 313/313/313 333/333/333
f 334/334/334 327/327/327 328/328/328
f 329/329/329 334/334/334 328/328/328
f 335/335/335 333/333/333 327/327/327
f 334/334/334 335/335/335 327/327/327
f 336/336/336 280/280/280 333/333/333
f 335/335/335 336/336/336 333/333/333
f 336/336/336 275/275/275 280/280/280
f 336/336/336 267/267/267 275/275/275
f 336/336/336 337/337/337 267/267/267
f 335/335/335 337/337/337 336/336/336
f 267/267/267 337/337/337 264/264/264
f 335/335/335 338/338/338 337/337/337
f 264/264/264 337/337/337 338/338/338
f 338/338/338 335/335/335 334/334/334
f 264/264/264 338/338/338 339/339/339
f 265/265/265 264/264/264 339/339/339
f 338/338/338 334/334/334 340/340/340
f 340/340/340 339/339/339 338/338/338
f 341/341/341 265/265/265 339/339/339
f 266/266/266 265/265/265 341/341/341
f 340/340/340 342/342/342 339/339/339
f 341/341/341 339/339/339 342/342/342
f 343/343/343 340/340/340 334/334/334
f 343/343/343 342/342/342 340/340/340
f 343/343/343 334/334/334 344/344/344
f 329/329/329 344/344/344 334/334/334
f 345/345/345 344/344/344 329/329/329
f 345/345/345 343/343/343 344/344/344
f 345/345/345 329/329/329 330/330/330
f 332/332/332 345/345/345 330/330/330
f 346/346/346 345/345/345 332/332/332
f 345/345/345 346/346/346 343/343/343
f 346/346/346 332/332/332 347/347/347
f 346/346/346 347/347/347 348/348/348
f 346/346/346 348/348/348 349/349/349
f 349/349/349 343/343/343 346/346/346
f 350/350/350 349/349/349 348/348/348
f 343/343/343 351/351/351 342/342/342
f 349/349/349 351/351/351 343/343/343
f 351/351/351 341/341/341 342/342/342
f 350/350/350 352/352/352 349/349/349
f 352/352/352 351/351/351 349/349/349
f 351/351/351 353/353/353 341/341/341
f 352/352/352 353/353/353 351/351/351
f 341/341/341 353/353/353 354/354/354
f 354/354/354 353/353/353 352/352/352
f 350/350/350 355/355/355 352/352/352
f 354/354/354 352/352/352 355/355/355
f 350/350/350 356/356/356 355/355/355
f 341/341/341 354/354/354 357/357/357
f 266/266/266 341/341/341 357/357/357
f 357/357/357 44/44/44 266/266/266
f 357/357/357 358/358/358 44/44/44
f 358/358/358 357/357/357 354/354/354
f 39/39/39 44/44/44 358/358/358
f 40/40/40 39/39/39 358/358/358
f 358/358/358 354/354/354 40/40/40
f 355/355/355 40/40/40 354/354/354
f 356/356/356 359/359/359 355/355/355
f 355/355/355 359/359/359 40/40/40
f 356/356/356 360/360/360 359/359/359
f 2/2/2 40/40/40 359/359/359
f 3/3/3 359/359/359 360/360/360
f 3/3/3 2/2/2 359/359/359
s 0
f 361/361/361 362/362/361 363/363/361
f 361/361/361 364/364/361 362/362/361
f 363/363/361 362/362/361 365/365/361
s 1
f 363/363/361 366/366/201 361/361/361
f 363/363/361 367/367/362 366/366/201
f 367/367/362 368/368/202 366/366/201
f 367/367/362 369/369/200 368/368/202
f 366/366/201 368/368/202 370/370/206
f 371/371/363 369/369/200 367/367/362
f 363/363/361 371/371/363 367/367/362
f 371/371/363 372/372/195 369/369/200
f 363/363/361 373/373/364 371/371/363
f 373/373/364 372/372/195 371/371/363
f 365/365/361 373/373/364 363/363/361
f 373/373/364 374/374/193 372/372/195
f 375/375/365 374/374/193 373/373/364
f 365/365/361 375/375/365 373/373/364
f 375/375/365 376/376/191 374/374/193
f 377/377/366 376/376/191 375/375/365
f 365/365/361 377/377/366 375/375/365
f 377/377/366 378/378/367 376/376/191
f 379/379/368 378/378/367 377/377/366
f 365/365/361 379/379/368 377/377/366
f 379/379/368 380/380/186 378/378/367
f 381/381/361 379/379/368 365/365/361
f 382/382/369 380/380/186 379/379/368
f 381/381/361 382/382/369 379/379/368
f 382/382/369 383/383/182 380/380/186
f 384/384/370 383/383/182 382/382/369
f 381/381/361 384/384/370 382/382/369
f 384/384/370 385/385/371 383/383/182
s 0
f 362/362/361 381/381/361 365/365/361
s 1
f 386/386/372 385/385/371 384/384/370
f 381/381/361 386/386/372 384/384/370
f 386/386/372 387/387/373 385/385/371
f 388/388/361 386/386/372 381/381/361
s 0
f 362/362/361 388/388/361 381/381/361
s 1
f 389/389/374 387/387/373 386/386/372
f 388/388/361 389/389/374 386/386/372
f 389/389/374 390/390/169 387/387/373
f 389/389/374 391/391/375 390/390/169
f 389/389/374 392/392/376 391/391/375
f 388/388/361 392/392/376 389/389/374
f 392/392/376 393/393/165 391/391/375
f 388/388/361 394/394/163 392/392/376
f 392/392/376 394/394/163 393/393/165
s 0
f 388/388/361 362/362/361 395/395/361
s 1
f 395/395/361 394/394/163 388/388/361
f 396/396/377 393/393/165 394/394/163
f 395/395/361 396/396/377 394/394/163
f 396/396/377 397/397/167 393/393/165
f 397/397/167 396/396/377 398/398/378
f 395/395/361 398/398/378 396/396/377
f 397/397/167 398/398/378 399/399/171
s 0
f 362/362/361 400/400/361 395/395/361
s 1
f 395/395/361 401/401/379 398/398/378
f 401/401/379 399/399/171 398/398/378
f 400/400/361 401/401/379 395/395/361
f 401/401/379 402/402/172 399/399/171
f 403/403/237 402/402/172 401/401/379
f 400/400/361 403/403/237 401/401/379
f 403/403/237 404/404/380 402/402/172
s 0
f 362/362/361 364/364/361 400/400/361
s 1
f 405/405/381 404/404/380 403/403/237
f 400/400/361 405/405/381 403/403/237
f 405/405/381 406/406/382 404/404/380
f 400/400/361 407/407/231 405/405/381
f 407/407/231 406/406/382 405/405/381
f 364/364/361 407/407/231 400/400/361
f 407/407/231 408/408/232 406/406/382
f 409/409/383 408/408/232 407/407/231
f 364/364/361 409/409/383 407/407/231
f 409/409/383 410/410/228 408/408/232
f 411/411/384 410/410/228 409/409/383
f 364/364/361 411/411/384 409/409/383
f 411/411/384 412/412/224 410/410/228
f 364/364/361 413/413/385 411/411/384
f 413/413/385 412/412/224 411/411/384
f 361/361/361 413/413/385 364/364/361
f 413/413/385 414/414/386 412/412/224
f 415/415/218 414/414/386 413/413/385
f 361/361/361 415/415/218 413/413/385
f 415/415/218 416/416/219 414/414/386
f 361/361/361 417/417/387 415/415/218
f 417/417/387 416/416/219 415/415/218
f 361/361/361 366/366/201 417/417/387
f 417/417/387 370/370/206 416/416/219
f 366/366/201 370/370/206 417/417/387
f 418/418/224 419/419/224 420/420/228
f 421/421/221 419/419/224 418/418/224
f 418/418/224 420/420/228 422/422/228
f 421/421/221 423/423/221 419/419/224
f 422/422/228 420/420/228 424/424/232
f 425/425/219 423/423/221 421/421/221
f 422/422/228 424/424/232 426/426/232
f 425/425/219 427/427/219 423/423/221
f 426/426/232 424/424/232 428/428/382
f 429/429/388 427/427/219 425/425/219
f 426/426/232 428/428/382 430/430/382
f 429/429/388 431/431/388 427/427/219
f 432/432/389 431/431/388 429/429/388
f 432/432/389 433/433/389 431/431/388
f 430/430/382 428/428/382 434/434/380
f 430/430/382 434/434/380 435/435/390
f 435/435/390 434/434/380 436/436/172
f 435/435/390 436/436/172 437/437/391
f 437/437/391 436/436/172 438/438/392
f 437/437/391 438/438/392 439/439/392
f 440/440/167 439/439/392 438/438/392
f 440/440/167 441/441/167 439/439/392
f 441/441/167 440/440/167 442/442/393
f 441/441/167 442/442/393 443/443/393
f 444/432/394 445/433/394 446/431/166
f 444/432/394 446/431/166 447/429/375
f 447/429/375 446/431/166 448/427/169
f 447/429/375 448/427/169 449/425/169
f 449/425/169 448/427/169 450/423/373
f 449/425/169 450/423/373 451/421/174
f 451/421/174 450/423/373 452/419/176
f 451/421/174 452/419/176 453/418/371
f 453/418/371 452/419/176 454/420/182
f 453/418/371 454/420/182 455/422/182
f 455/422/182 454/420/182 456/424/186
f 455/422/182 456/424/186 457/426/186
f 457/426/186 456/424/186 458/428/189
f 457/426/186 458/428/189 459/430/189
f 459/430/189 458/428/189 460/434/191
f 459/430/189 460/434/191 461/435/191
f 461/435/191 460/434/191 462/436/193
f 461/435/191 462/436/193 463/437/193
f 464/438/395 463/437/193 462/436/193
f 464/438/395 465/439/195 463/437/193
f 464/438/395 466/441/396 465/439/195
f 464/438/395 467/440/396 466/441/396
f 466/441/396 467/440/396 468/442/397
f 466/441/396 468/442/397 469/443/398
f 470/444/399 471/445/400 472/446/401
f 473/447/402 474/448/403 470/444/399
f 470/444/399 474/448/403 475/449/404
f 473/447/402 470/444/399 476/450/405
f 477/451/406 473/447/402 476/450/405
f 470/444/399 472/446/401 476/450/405
f 477/451/406 476/450/405 478/452/407
f 478/452/407 476/450/405 472/446/401
f 477/451/406 478/452/407 479/453/408
f 477/451/406 479/453/408 480/454/409
f 481/455/410 480/454/409 479/453/408
f 481/455/410 482/456/411 480/454/409
f 478/452/407 483/457/412 479/453/408
f 483/457/412 481/455/410 479/453/408
f 481/455/410 484/458/413 482/456/411
f 478/452/407 485/459/414 483/457/412
f 478/452/407 472/446/401 485/459/414
f 483/457/412 486/460/415 481/455/410
f 481/455/410 487/461/416 484/458/413
f 486/460/415 487/461/416 481/455/410
f 488/462/417 484/458/413 487/461/416
f 488/462/417 489/463/418 484/458/413
f 490/464/419 488/462/417 487/461/416
f 490/464/419 487/461/416 491/465/420
f 486/460/415 491/465/420 487/461/416
f 490/464/419 491/465/420 492/466/421
f 492/466/421 491/465/420 486/460/415
f 490/464/419 492/466/421 493/467/422
f 483/457/412 494/468/423 486/460/415
f 492/466/421 486/460/415 494/468/423
f 493/467/422 492/466/421 495/469/424
f 495/469/424 492/466/421 494/468/423
f 493/467/422 495/469/424 496/470/425
f 483/457/412 497/471/426 494/468/423
f 485/459/414 497/471/426 483/457/412
f 495/469/424 494/468/423 498/472/427
f 499/473/428 496/470/425 495/469/424
f 499/473/428 495/469/424 498/472/427
f 499/473/428 500/474/429 496/470/425
f 494/468/423 501/475/430 498/472/427
f 494/468/423 497/471/426 501/475/430
f 499/473/428 498/472/427 502/476/431
f 502/476/431 498/472/427 501/475/430
f 500/474/429 499/473/428 503/477/432
f 503/477/432 499/473/428 502/476/431
f 500/474/429 503/477/432 504/478/433
f 505/479/434 504/478/433 503/477/432
f 505/479/434 506/480/435 504/478/433
f 503/477/432 502/476/431 507/481/436
f 505/479/434 503/477/432 507/481/436
f 502/476/431 508/482/437 507/481/436
f 506/480/435 505/479/434 509/483/438
f 506/480/435 509/483/438 510/484/439
f 505/479/434 507/481/436 511/485/440
f 509/483/438 505/479/434 511/485/440
f 508/482/437 511/485/440 507/481/436
f 512/486/441 510/484/439 509/483/438
f 512/486/441 513/487/442 510/484/439
f 513/487/442 512/486/441 514/488/443
f 513/487/442 514/488/443 515/489/444
f 514/488/443 512/486/441 516/490/445
f 514/488/443 516/490/445 517/491/446
f 512/486/441 509/483/438 518/492/447
f 509/483/438 511/485/440 518/492/447
f 512/486/441 518/492/447 516/490/445
f 516/490/445 519/493/448 517/491/446
f 518/492/447 511/485/440 520/494/449
f 508/482/437 520/494/449 511/485/440
f 521/495/450 516/490/445 518/492/447
f 518/492/447 520/494/449 521/495/450
f 516/490/445 522/496/451 519/493/448
f 521/495/450 522/496/451 516/490/445
f 523/497/452 519/493/448 522/496/451
f 521/495/450 523/497/452 522/496/451
f 523/497/452 524/498/453 519/493/448
f 525/499/454 524/498/453 523/497/452
f 521/495/450 526/500/455 523/497/452
f 525/499/454 523/497/452 527/501/456
f 528/502/457 521/495/450 520/494/449
f 528/502/457 526/500/455 521/495/450
f 508/482/437 528/502/457 520/494/449
f 529/503/458 523/497/452 526/500/455
f 529/503/458 527/501/456 523/497/452
f 529/503/458 526/500/455 528/502/457
f 525/499/454 527/501/456 530/504/459
f 530/504/459 527/501/456 529/503/458
f 525/499/454 530/504/459 531/505/460
f 530/504/459 532/506/461 531/505/460
f 529/503/458 528/502/457 533/507/462
f 530/504/459 529/503/458 534/508/463
f 533/507/462 534/508/463 529/503/458
f 530/504/459 535/509/464 532/506/461
f 535/509/464 530/504/459 534/508/463
f 532/506/461 535/509/464 536/510/465
f 532/506/461 536/510/465 537/511/466
f 536/510/465 538/512/467 537/511/466
f 536/510/465 539/513/468 538/512/467
f 540/514/469 538/512/467 539/513/468
f 540/514/469 541/515/470 538/512/467
f 542/516/471 539/513/468 536/510/465
f 542/516/471 540/514/469 539/513/468
f 543/517/472 541/515/470 540/514/469
f 542/516/471 536/510/465 544/518/473
f 535/509/464 544/518/473 536/510/465
f 542/516/471 545/519/474 540/514/469
f 535/509/464 546/520/475 544/518/473
f 535/509/464 534/508/463 546/520/475
f 543/517/472 540/514/469 547/521/476
f 543/517/472 547/521/476 548/522/477
f 543/517/472 548/522/477 549/523/478
f 550/524/479 547/521/476 540/514/469
f 548/522/477 547/521/476 550/524/479
f 550/524/479 540/514/469 545/519/474
f 548/522/477 550/524/479 551/525/480
f 552/526/481 551/525/480 550/524/479
f 552/526/481 553/527/482 551/525/480
f 550/524/479 545/519/474 554/528/483
f 550/524/479 554/528/483 552/526/481
f 554/528/483 545/519/474 542/516/471
f 553/527/482 552/526/481 555/529/484
f 555/529/484 552/526/481 554/528/483
f 553/527/482 555/529/484 556/530/485
f 554/528/483 542/516/471 557/531/486
f 544/518/473 557/531/486 542/516/471
f 558/532/487 554/528/483 557/531/486
f 544/518/473 559/533/488 557/531/486
f 558/532/487 557/531/486 559/533/488
f 546/520/475 559/533/488 544/518/473
f 555/529/484 554/528/483 560/534/489
f 558/532/487 560/534/489 554/528/483
f 561/535/490 556/530/485 555/529/484
f 560/534/489 561/535/490 555/529/484
f 561/535/490 562/536/491 556/530/485
f 563/537/492 560/534/489 558/532/487
f 564/538/493 562/536/491 561/535/490
f 564/538/493 565/539/494 562/536/491
f 560/534/489 566/540/495 561/535/490
f 564/538/493 561/535/490 566/540/495
f 563/537/492 566/540/495 560/534/489
f 567/541/496 565/539/494 564/538/493
f 567/541/496 568/542/497 565/539/494
f 564/538/493 566/540/495 569/543/498
f 569/543/498 567/541/496 564/538/493
f 570/544/499 566/540/495 563/537/492
f 570/544/499 569/543/498 566/540/495
f 571/545/500 563/537/492 558/532/487
f 571/545/500 570/544/499 563/537/492
f 569/543/498 572/546/501 567/541/496
f 568/542/497 567/541/496 573/547/502
f 568/542/497 573/547/502 574/548/503
f 575/549/504 574/548/503 573/547/502
f 567/541/496 576/550/505 573/547/502
f 567/541/496 572/546/501 576/550/505
f 577/551/506 572/546/501 569/543/498
f 576/550/505 572/546/501 577/551/506
f 577/551/506 569/543/498 570/544/499
f 576/550/505 577/551/506 578/552/507
f 579/553/508 577/551/506 570/544/499
f 578/552/507 577/551/506 579/553/508
f 580/554/509 573/547/502 576/550/505
f 580/554/509 576/550/505 578/552/507
f 580/554/509 581/555/510 573/547/502
f 575/549/504 573/547/502 581/555/510
f 582/556/511 575/549/504 581/555/510
f 582/556/511 583/557/512 575/549/504
f 584/558/513 582/556/511 581/555/510
f 584/558/513 581/555/510 580/554/509
f 584/558/513 580/554/509 585/559/514
f 580/554/509 578/552/507 585/559/514
f 584/558/513 585/559/514 586/560/515
f 587/561/516 586/560/515 585/559/514
f 578/552/507 587/561/516 585/559/514
f 587/561/516 588/562/517 586/560/515
f 587/561/516 475/449/404 588/562/517
f 578/552/507 589/563/518 587/561/516
f 587/561/516 590/564/519 475/449/404
f 589/563/518 590/564/519 587/561/516
f 470/444/399 475/449/404 590/564/519
f 578/552/507 579/553/508 589/563/518
f 471/445/400 470/444/399 590/564/519
f 589/563/518 591/565/520 590/564/519
f 471/445/400 590/564/519 591/565/520
f 592/566/521 591/565/520 589/563/518
f 471/445/400 591/565/520 592/566/521
f 592/566/521 589/563/518 579/553/508
f 471/445/400 592/566/521 593/567/522
f 593/567/522 472/446/401 471/445/400
f 594/568/523 592/566/521 579/553/508
f 593/567/522 592/566/521 594/568/523
f 593/567/522 595/569/524 472/446/401
f 594/568/523 579/553/508 596/570/525
f 579/553/508 570/544/499 596/570/525
f 593/567/522 594/568/523 597/571/526
f 595/569/524 593/567/522 597/571/526
f 595/569/524 485/459/414 472/446/401
f 571/545/500 596/570/525 570/544/499
f 595/569/524 598/572/527 485/459/414
f 485/459/414 598/572/527 497/471/426
f 599/573/528 594/568/523 596/570/525
f 599/573/528 596/570/525 571/545/500
f 599/573/528 597/571/526 594/568/523
f 497/471/426 598/572/527 600/574/529
f 600/574/529 598/572/527 595/569/524
f 497/471/426 600/574/529 501/475/430
f 595/569/524 597/571/526 601/575/530
f 600/574/529 595/569/524 601/575/530
f 599/573/528 602/576/531 597/571/526
f 601/575/530 597/571/526 602/576/531
f 601/575/530 603/577/532 600/574/529
f 501/475/430 600/574/529 603/577/532
f 601/575/530 602/576/531 604/578/533
f 601/575/530 604/578/533 603/577/532
f 602/576/531 599/573/528 605/579/534
f 605/579/534 599/573/528 571/545/500
f 501/475/430 603/577/532 606/580/535
f 502/476/431 501/475/430 606/580/535
f 502/476/431 606/580/535 508/482/437
f 606/580/535 603/577/532 607/581/536
f 606/580/535 607/581/536 508/482/437
f 607/581/536 603/577/532 604/578/533
f 508/482/437 607/581/536 528/502/457
f 608/582/537 528/502/457 607/581/536
f 607/581/536 604/578/533 608/582/537
f 608/582/537 533/507/462 528/502/457
f 604/578/533 602/576/531 609/583/538
f 604/578/533 609/583/538 608/582/537
f 602/576/531 605/579/534 609/583/538
f 610/584/539 533/507/462 608/582/537
f 610/584/539 608/582/537 609/583/538
f 533/507/462 610/584/539 534/508/463
f 610/584/539 546/520/475 534/508/463
f 611/585/540 610/584/539 609/583/538
f 610/584/539 611/585/540 546/520/475
f 611/585/540 609/583/538 605/579/534
f 546/520/475 611/585/540 559/533/488
f 611/585/540 605/579/534 612/586/541
f 611/585/540 612/586/541 559/533/488
f 605/579/534 571/545/500 612/586/541
f 558/532/487 559/533/488 612/586/541
f 571/545/500 558/532/487 612/586/541
f 613/552/542 614/563/543 615/561/544
f 613/552/542 616/553/545 614/563/543
f 617/564/546 615/561/544 614/563/543
f 617/564/546 614/563/543 618/565/547
f 614/563/543 619/566/548 618/565/547
f 614/563/543 616/553/545 619/566/548
f 617/564/546 618/565/547 620/445/549
f 619/566/548 620/445/549 618/565/547
f 617/564/546 620/445/549 621/444/550
f 622/449/551 615/561/544 617/564/546
f 622/449/551 617/564/546 621/444/550
f 622/449/551 623/562/552 615/561/544
f 615/561/544 623/562/552 624/560/553
f 622/449/551 621/444/550 625/448/554
f 626/447/555 625/448/554 621/444/550
f 615/561/544 624/560/553 627/559/556
f 613/552/542 615/561/544 627/559/556
f 628/558/557 627/559/556 624/560/553
f 626/447/555 621/444/550 629/450/558
f 630/451/559 626/447/555 629/450/558
f 621/444/550 631/446/560 629/450/558
f 621/444/550 620/445/549 631/446/560
f 630/451/559 629/450/558 632/452/561
f 632/452/561 629/450/558 631/446/560
f 630/451/559 632/452/561 633/453/562
f 630/451/559 633/453/562 634/454/563
f 635/455/564 634/454/563 633/453/562
f 635/455/564 636/456/565 634/454/563
f 632/452/561 637/457/566 633/453/562
f 637/457/566 635/455/564 633/453/562
f 635/455/564 638/458/567 636/456/565
f 632/452/561 639/459/568 637/457/566
f 632/452/561 631/446/560 639/459/568
f 637/457/566 640/460/569 635/455/564
f 635/455/564 641/461/570 638/458/567
f 640/460/569 641/461/570 635/455/564
f 642/462/504 638/458/567 641/461/570
f 642/462/504 643/463/512 638/458/567
f 644/464/571 642/462/504 641/461/570
f 644/464/571 641/461/570 645/465/572
f 640/460/569 645/465/572 641/461/570
f 644/464/571 645/465/572 646/466/573
f 646/466/573 645/465/572 640/460/569
f 644/464/571 646/466/573 647/467/497
f 637/457/566 648/468/574 640/460/569
f 646/466/573 640/460/569 648/468/574
f 647/467/497 646/466/573 649/469/575
f 649/469/575 646/466/573 648/468/574
f 647/467/497 649/469/575 650/470/494
f 637/457/566 651/471/576 648/468/574
f 639/459/568 651/471/576 637/457/566
f 649/469/575 648/468/574 652/472/577
f 653/473/578 650/470/494 649/469/575
f 653/473/578 649/469/575 652/472/577
f 653/473/578 654/474/579 650/470/494
f 648/468/574 655/475/580 652/472/577
f 648/468/574 651/471/576 655/475/580
f 653/473/578 652/472/577 656/476/581
f 656/476/581 652/472/577 655/475/580
f 654/474/579 653/473/578 657/477/582
f 657/477/582 653/473/578 656/476/581
f 654/474/579 657/477/582 658/478/485
f 659/479/583 658/478/485 657/477/582
f 659/479/583 660/480/482 658/478/485
f 657/477/582 656/476/581 661/481/584
f 659/479/583 657/477/582 661/481/584
f 656/476/581 662/482/585 661/481/584
f 660/480/482 659/479/583 663/483/586
f 660/480/482 663/483/586 664/484/587
f 659/479/583 661/481/584 665/485/588
f 663/483/586 659/479/583 665/485/588
f 662/482/585 665/485/588 661/481/584
f 666/486/589 664/484/587 663/483/586
f 666/486/589 667/487/590 664/484/587
f 667/487/590 666/486/589 668/488/591
f 667/487/590 668/488/591 669/489/478
f 668/488/591 666/486/589 670/490/592
f 668/488/591 670/490/592 671/491/593
f 666/486/589 663/483/586 672/492/594
f 663/483/586 665/485/588 672/492/594
f 666/486/589 672/492/594 670/490/592
f 670/490/592 673/493/595 671/491/593
f 672/492/594 665/485/588 674/494/596
f 662/482/585 674/494/596 665/485/588
f 675/495/597 670/490/592 672/492/594
f 672/492/594 674/494/596 675/495/597
f 670/490/592 676/496/598 673/493/595
f 675/495/597 676/496/598 670/490/592
f 677/497/599 673/493/595 676/496/598
f 675/495/597 677/497/599 676/496/598
f 677/497/599 678/498/600 673/493/595
f 679/499/601 678/498/600 677/497/599
f 675/495/597 680/500/602 677/497/599
f 679/499/601 677/497/599 681/501/603
f 682/502/604 675/495/597 674/494/596
f 682/502/604 680/500/602 675/495/597
f 662/482/585 682/502/604 674/494/596
f 683/503/605 677/497/599 680/500/602
f 683/503/605 681/501/603 677/497/599
f 683/503/605 680/500/602 682/502/604
f 679/499/601 681/501/603 684/504/606
f 684/504/606 681/501/603 683/503/605
f 679/499/601 684/504/606 685/505/607
f 686/506/608 685/505/607 684/504/606
f 683/503/605 682/502/604 687/507/609
f 684/504/606 683/503/605 688/508/610
f 687/507/609 688/508/610 683/503/605
f 686/506/608 684/504/606 689/509/611
f 689/509/611 684/504/606 688/508/610
f 690/510/612 686/506/608 689/509/611
f 690/510/612 691/511/613 686/506/608
f 690/510/612 692/512/614 691/511/613
f 690/510/612 693/513/615 692/512/614
f 694/514/616 692/512/614 693/513/615
f 694/514/616 695/515/617 692/512/614
f 696/516/618 693/513/615 690/510/612
f 696/516/618 694/514/616 693/513/615
f 697/517/619 695/515/617 694/514/616
f 696/516/618 690/510/612 698/518/620
f 689/509/611 698/518/620 690/510/612
f 696/516/618 699/519/621 694/514/616
f 689/509/611 700/520/622 698/518/620
f 689/509/611 688/508/610 700/520/622
f 697/517/619 694/514/616 701/521/623
f 697/517/619 701/521/623 702/522/624
f 697/517/619 702/522/624 703/523/444
f 704/524/625 701/521/623 694/514/616
f 702/522/624 701/521/623 704/524/625
f 704/524/625 694/514/616 699/519/621
f 702/522/624 704/524/625 705/525/626
f 706/526/627 705/525/626 704/524/625
f 706/526/627 707/527/628 705/525/626
f 704/524/625 699/519/621 708/528/629
f 704/524/625 708/528/629 706/526/627
f 708/528/629 699/519/621 696/516/618
f 707/527/628 706/526/627 709/529/630
f 709/529/630 706/526/627 708/528/629
f 707/527/628 709/529/630 710/530/433
f 708/528/629 696/516/618 711/531/631
f 698/518/620 711/531/631 696/516/618
f 712/532/632 708/528/629 711/531/631
f 698/518/620 713/533/633 711/531/631
f 712/532/632 711/531/631 713/533/633
f 713/533/633 698/518/620 700/520/622
f 709/529/630 708/528/629 714/534/634
f 712/532/632 714/534/634 708/528/629
f 715/535/635 710/530/433 709/529/630
f 714/534/634 715/535/635 709/529/630
f 715/535/635 716/536/429 710/530/433
f 717/537/636 714/534/634 712/532/632
f 718/538/637 716/536/429 715/535/635
f 718/538/637 719/539/425 716/536/429
f 714/534/634 720/540/638 715/535/635
f 718/538/637 715/535/635 720/540/638
f 717/537/636 720/540/638 714/534/634
f 721/541/639 719/539/425 718/538/637
f 721/541/639 722/542/422 719/539/425
f 718/538/637 720/540/638 723/543/640
f 723/543/640 721/541/639 718/538/637
f 724/544/641 720/540/638 717/537/636
f 724/544/641 723/543/640 720/540/638
f 725/545/642 717/537/636 712/532/632
f 725/545/642 724/544/641 717/537/636
f 723/543/640 726/546/643 721/541/639
f 722/542/422 721/541/639 727/547/644
f 722/542/422 727/547/644 728/548/419
f 729/549/417 728/548/419 727/547/644
f 721/541/639 730/550/645 727/547/644
f 721/541/639 726/546/643 730/550/645
f 731/551/646 726/546/643 723/543/640
f 730/550/645 726/546/643 731/551/646
f 731/551/646 723/543/640 724/544/641
f 730/550/645 731/551/646 613/552/542
f 616/553/545 731/551/646 724/544/641
f 613/552/542 731/551/646 616/553/545
f 732/554/647 730/550/645 613/552/542
f 732/554/647 727/547/644 730/550/645
f 732/554/647 613/552/542 627/559/556
f 628/558/557 732/554/647 627/559/556
f 732/554/647 733/555/648 727/547/644
f 628/558/557 733/555/648 732/554/647
f 729/549/417 727/547/644 733/555/648
f 628/558/557 734/556/649 733/555/648
f 734/556/649 729/549/417 733/555/648
f 734/556/649 735/557/650 729/549/417
f 616/553/545 724/544/641 736/570/651
f 725/545/642 736/570/651 724/544/641
f 737/568/652 616/553/545 736/570/651
f 737/568/652 619/566/548 616/553/545
f 738/573/653 736/570/651 725/545/642
f 738/573/653 737/568/652 736/570/651
f 739/567/654 619/566/548 737/568/652
f 619/566/548 739/567/654 620/445/549
f 739/567/654 631/446/560 620/445/549
f 739/567/654 737/568/652 740/571/655
f 738/573/653 740/571/655 737/568/652
f 739/567/654 741/569/656 631/446/560
f 741/569/656 739/567/654 740/571/655
f 741/569/656 639/459/568 631/446/560
f 741/569/656 742/572/657 639/459/568
f 639/459/568 742/572/657 651/471/576
f 651/471/576 742/572/657 743/574/658
f 743/574/658 742/572/657 741/569/656
f 651/471/576 743/574/658 655/475/580
f 741/569/656 740/571/655 744/575/659
f 743/574/658 741/569/656 744/575/659
f 744/575/659 740/571/655 745/576/660
f 738/573/653 745/576/660 740/571/655
f 744/575/659 746/577/661 743/574/658
f 655/475/580 743/574/658 746/577/661
f 744/575/659 745/576/660 747/578/662
f 744/575/659 747/578/662 746/577/661
f 655/475/580 746/577/661 748/580/663
f 656/476/581 655/475/580 748/580/663
f 656/476/581 748/580/663 662/482/585
f 748/580/663 746/577/661 749/581/664
f 748/580/663 749/581/664 662/482/585
f 749/581/664 746/577/661 747/578/662
f 662/482/585 749/581/664 682/502/604
f 750/582/665 682/502/604 749/581/664
f 749/581/664 747/578/662 750/582/665
f 750/582/665 687/507/609 682/502/604
f 747/578/662 751/583/666 750/582/665
f 747/578/662 745/576/660 751/583/666
f 752/584/667 687/507/609 750/582/665
f 752/584/667 750/582/665 751/583/666
f 687/507/609 752/584/667 688/508/610
f 700/520/622 688/508/610 752/584/667
f 700/520/622 752/584/667 753/585/668
f 753/585/668 752/584/667 751/583/666
f 713/533/633 700/520/622 753/585/668
f 745/576/660 754/579/669 751/583/666
f 753/585/668 751/583/666 754/579/669
f 745/576/660 738/573/653 754/579/669
f 754/579/669 738/573/653 725/545/642
f 753/585/668 754/579/669 755/586/670
f 753/585/668 755/586/670 713/533/633
f 754/579/669 725/545/642 755/586/670
f 712/532/632 713/533/633 755/586/670
f 725/545/642 712/532/632 755/586/670
f 756/587/671 757/588/672 758/589/176
f 756/587/671 758/589/176 759/590/182
f 759/590/182 760/591/673 756/587/671
f 759/590/182 761/592/186 760/591/673
f 760/591/673 761/592/186 762/593/189
f 763/594/674 756/587/671 760/591/673
f 763/594/674 757/588/672 756/587/671
f 764/595/675 758/589/176 757/588/672
f 764/595/675 765/596/174 758/589/176
f 766/597/169 765/596/174 764/595/675
f 767/598/676 764/595/675 757/588/672
f 766/597/169 764/595/675 768/599/677
f 767/598/676 768/599/677 764/595/675
f 768/599/677 769/600/678 766/597/169
f 767/598/676 757/588/672 770/601/679
f 763/594/674 770/601/679 757/588/672
f 767/598/676 771/602/680 768/599/677
f 772/603/681 767/598/676 770/601/679
f 763/594/674 772/603/681 770/601/679
f 772/603/681 773/604/682 767/598/676
f 771/602/680 767/598/676 773/604/682
f 763/594/674 774/605/683 772/603/681
f 768/599/677 775/606/684 769/600/678
f 771/602/680 775/606/684 768/599/677
f 776/607/685 769/600/678 775/606/684
f 776/607/685 777/608/686 769/600/678
f 778/609/687 776/607/685 775/606/684
f 778/609/687 775/606/684 779/610/688
f 771/602/680 779/610/688 775/606/684
f 780/611/689 778/609/687 779/610/688
f 771/602/680 780/611/689 779/610/688
f 780/611/689 781/612/690 778/609/687
f 771/602/680 782/613/691 780/611/689
f 771/602/680 773/604/682 782/613/691
f 783/614/692 781/612/690 780/611/689
f 782/613/691 783/614/692 780/611/689
f 783/614/692 784/615/693 781/612/690
f 784/615/693 783/614/692 785/616/694
f 784/615/693 785/616/694 786/617/695
f 787/618/696 786/617/695 785/616/694
f 782/613/691 788/619/697 783/614/692
f 785/616/694 783/614/692 788/619/697
f 787/618/696 785/616/694 789/620/698
f 789/620/698 790/621/699 787/618/696
f 785/616/694 788/619/697 791/622/700
f 789/620/698 792/623/701 790/621/699
f 793/624/702 790/621/699 792/623/701
f 794/625/703 789/620/698 785/616/694
f 794/625/703 785/616/694 791/622/700
f 789/620/698 795/626/704 792/623/701
f 789/620/698 794/625/703 795/626/704
f 793/624/702 792/623/701 796/627/705
f 797/628/706 793/624/702 796/627/705
f 792/623/701 795/626/704 798/629/707
f 792/623/701 798/629/707 796/627/705
f 797/628/706 796/627/705 799/630/708
f 800/631/709 796/627/705 798/629/707
f 800/631/709 799/630/708 796/627/705
f 797/628/706 799/630/708 801/632/710
f 801/632/710 799/630/708 800/631/709
f 797/628/706 801/632/710 802/633/711
f 803/634/712 802/633/711 801/632/710
f 803/634/712 804/635/713 802/633/711
f 801/632/710 800/631/709 805/636/714
f 805/636/714 803/634/712 801/632/710
f 798/629/707 806/637/715 800/631/709
f 800/631/709 807/638/716 805/636/714
f 800/631/709 806/637/715 807/638/716
f 808/639/717 804/635/713 803/634/712
f 808/639/717 809/640/718 804/635/713
f 810/641/719 809/640/718 808/639/717
f 805/636/714 811/642/720 803/634/712
f 811/642/720 808/639/717 803/634/712
f 805/636/714 812/643/721 811/642/720
f 805/636/714 807/638/716 812/643/721
f 811/642/720 813/644/722 808/639/717
f 810/641/719 808/639/717 814/645/723
f 814/645/723 815/646/724 810/641/719
f 811/642/720 812/643/721 816/647/725
f 811/642/720 816/647/725 813/644/722
f 808/639/717 817/648/726 814/645/723
f 808/639/717 813/644/722 817/648/726
f 814/645/723 818/649/727 815/646/724
f 818/649/727 819/650/728 815/646/724
f 814/645/723 817/648/726 820/651/729
f 814/645/723 820/651/729 818/649/727
f 813/644/722 821/652/730 817/648/726
f 813/644/722 816/647/725 821/652/730
f 817/648/726 822/653/731 820/651/729
f 817/648/726 821/652/730 822/653/731
f 818/649/727 820/651/729 823/654/732
f 822/653/731 823/654/732 820/651/729
f 818/649/727 824/655/733 819/650/728
f 818/649/727 823/654/732 824/655/733
f 824/655/733 825/656/734 819/650/728
f 824/655/733 826/657/735 825/656/734
f 826/657/735 827/658/736 825/656/734
f 828/659/737 824/655/733 823/654/732
f 828/659/737 826/657/735 824/655/733
f 828/659/737 823/654/732 829/660/738
f 822/653/731 829/660/738 823/654/732
f 830/661/739 826/657/735 828/659/737
f 826/657/735 831/662/740 827/658/736
f 830/661/739 831/662/740 826/657/735
f 831/662/740 832/663/741 827/658/736
f 830/661/739 828/659/737 833/664/742
f 828/659/737 829/660/738 833/664/742
f 831/662/740 830/661/739 834/665/743
f 831/662/740 835/666/744 832/663/741
f 831/662/740 834/665/743 835/666/744
f 835/666/744 836/667/745 832/663/741
f 835/666/744 837/668/746 836/667/745
f 838/669/747 836/667/745 837/668/746
f 835/666/744 839/670/748 837/668/746
f 835/666/744 834/665/743 839/670/748
f 838/669/747 837/668/746 840/671/749
f 841/672/750 838/669/747 840/671/749
f 841/672/750 840/671/749 842/673/751
f 840/671/749 843/674/752 842/673/751
f 844/675/753 840/671/749 837/668/746
f 840/671/749 844/675/753 843/674/752
f 844/675/753 837/668/746 839/670/748
f 844/675/753 839/670/748 845/676/754
f 845/676/754 839/670/748 834/665/743
f 843/674/752 844/675/753 846/677/755
f 844/675/753 845/676/754 846/677/755
f 843/674/752 846/677/755 847/678/756
f 847/678/756 846/677/755 848/679/757
f 847/678/756 848/679/757 849/680/758
f 848/679/757 850/681/759 849/680/758
f 846/677/755 851/682/760 848/679/757
f 846/677/755 845/676/754 851/682/760
f 848/679/757 852/683/761 850/681/759
f 852/683/761 848/679/757 851/682/760
f 853/684/762 850/681/759 852/683/761
f 853/684/762 854/685/763 850/681/759
f 852/683/761 851/682/760 855/686/764
f 854/685/763 853/684/762 856/687/765
f 854/685/763 856/687/765 857/688/766
f 856/687/765 858/689/767 857/688/766
f 859/690/768 853/684/762 852/683/761
f 859/690/768 852/683/761 855/686/764
f 853/684/762 860/691/769 856/687/765
f 853/684/762 859/690/768 860/691/769
f 856/687/765 861/692/770 858/689/767
f 861/692/770 856/687/765 860/691/769
f 858/689/767 861/692/770 862/693/771
f 858/689/767 862/693/771 863/694/772
f 861/692/770 860/691/769 864/695/773
f 861/692/770 865/696/774 862/693/771
f 861/692/770 864/695/773 865/696/774
f 863/694/772 862/693/771 866/697/775
f 863/694/772 866/697/775 867/698/776
f 866/697/775 868/699/777 867/698/776
f 862/693/771 869/700/778 866/697/775
f 862/693/771 865/696/774 869/700/778
f 866/697/775 870/701/779 868/699/777
f 870/701/779 866/697/775 869/700/778
f 871/702/780 868/699/777 870/701/779
f 871/702/780 872/703/781 868/699/777
f 873/704/782 871/702/780 870/701/779
f 873/704/782 870/701/779 874/705/783
f 870/701/779 869/700/778 874/705/783
f 874/705/783 875/706/784 873/704/782
f 876/707/785 874/705/783 869/700/778
f 876/707/785 869/700/778 865/696/774
f 874/705/783 877/708/786 875/706/784
f 876/707/785 877/708/786 874/705/783
f 877/708/786 878/709/787 875/706/784
f 876/707/785 865/696/774 879/710/788
f 877/708/786 880/711/789 878/709/787
f 881/712/790 877/708/786 876/707/785
f 881/712/790 876/707/785 879/710/788
f 881/712/790 880/711/789 877/708/786
f 880/711/789 882/713/791 878/709/787
f 865/696/774 883/714/792 879/710/788
f 865/696/774 864/695/773 883/714/792
f 881/712/790 879/710/788 884/715/793
f 883/714/792 884/715/793 879/710/788
f 880/711/789 881/712/790 885/716/794
f 885/716/794 881/712/790 884/715/793
f 880/711/789 886/717/795 882/713/791
f 880/711/789 885/716/794 886/717/795
f 886/717/795 887/718/796 882/713/791
f 888/719/797 883/714/792 864/695/773
f 888/719/797 864/695/773 860/691/769
f 888/719/797 860/691/769 859/690/768
f 888/719/797 859/690/768 889/720/798
f 855/686/764 889/720/798 859/690/768
f 890/721/799 883/714/792 888/719/797
f 890/721/799 888/719/797 889/720/798
f 890/721/799 891/722/800 883/714/792
f 883/714/792 891/722/800 884/715/793
f 890/721/799 889/720/798 892/723/801
f 855/686/764 893/724/802 889/720/798
f 893/724/802 892/723/801 889/720/798
f 894/725/803 893/724/802 855/686/764
f 894/725/803 855/686/764 851/682/760
f 894/725/803 851/682/760 845/676/754
f 894/725/803 845/676/754 895/726/804
f 845/676/754 834/665/743 895/726/804
f 896/727/805 893/724/802 894/725/803
f 896/727/805 894/725/803 895/726/804
f 834/665/743 897/728/806 895/726/804
f 896/727/805 895/726/804 897/728/806
f 834/665/743 830/661/739 897/728/806
f 830/661/739 833/664/742 897/728/806
f 898/729/807 896/727/805 897/728/806
f 898/729/807 897/728/806 833/664/742
f 896/727/805 899/730/808 893/724/802
f 899/730/808 896/727/805 898/729/807
f 893/724/802 899/730/808 892/723/801
f 900/731/809 898/729/807 833/664/742
f 900/731/809 833/664/742 829/660/738
f 899/730/808 898/729/807 901/732/810
f 901/732/810 898/729/807 900/731/809
f 899/730/808 902/733/811 892/723/801
f 899/730/808 901/732/810 902/733/811
f 903/734/812 892/723/801 902/733/811
f 903/734/812 890/721/799 892/723/801
f 891/722/800 890/721/799 903/734/812
f 904/735/813 900/731/809 829/660/738
f 904/735/813 829/660/738 822/653/731
f 901/732/810 900/731/809 905/736/814
f 904/735/813 905/736/814 900/731/809
f 901/732/810 905/736/814 906/737/815
f 901/732/810 906/737/815 902/733/811
f 907/738/816 904/735/813 822/653/731
f 907/738/816 822/653/731 821/652/730
f 904/735/813 908/739/817 905/736/814
f 907/738/816 908/739/817 904/735/813
f 909/740/818 906/737/815 905/736/814
f 909/740/818 905/736/814 908/739/817
f 910/741/819 902/733/811 906/737/815
f 910/741/819 903/734/812 902/733/811
f 911/742/820 906/737/815 909/740/818
f 911/742/820 910/741/819 906/737/815
f 912/743/821 909/740/818 908/739/817
f 913/744/822 911/742/820 909/740/818
f 913/744/822 909/740/818 912/743/821
f 914/745/823 903/734/812 910/741/819
f 891/722/800 903/734/812 914/745/823
f 911/742/820 915/746/824 910/741/819
f 914/745/823 910/741/819 915/746/824
f 913/744/822 916/747/825 911/742/820
f 911/742/820 916/747/825 915/746/824
f 891/722/800 914/745/823 917/748/826
f 891/722/800 917/748/826 884/715/793
f 885/716/794 884/715/793 917/748/826
f 914/745/823 918/749/827 917/748/826
f 914/745/823 915/746/824 918/749/827
f 919/750/828 885/716/794 917/748/826
f 919/750/828 917/748/826 918/749/827
f 886/717/795 885/716/794 919/750/828
f 920/751/829 918/749/827 915/746/824
f 920/751/829 915/746/824 916/747/825
f 921/752/830 919/750/828 918/749/827
f 921/752/830 918/749/827 920/751/829
f 886/717/795 919/750/828 922/753/831
f 921/752/830 922/753/831 919/750/828
f 886/717/795 922/753/831 887/718/796
f 923/754/832 887/718/796 922/753/831
f 921/752/830 923/754/832 922/753/831
f 923/754/832 924/755/833 887/718/796
f 925/756/834 924/755/833 923/754/832
f 926/757/835 923/754/832 921/752/830
f 926/757/835 921/752/830 920/751/829
f 925/756/834 923/754/832 927/758/836
f 926/757/835 927/758/836 923/754/832
f 928/759/837 925/756/834 927/758/836
f 928/759/837 929/760/838 925/756/834
f 930/761/839 929/760/838 928/759/837
f 931/762/840 928/759/837 927/758/836
f 931/762/840 927/758/836 926/757/835
f 930/761/839 928/759/837 932/763/841
f 932/763/841 928/759/837 931/762/840
f 933/764/842 930/761/839 932/763/841
f 926/757/835 920/751/829 934/765/843
f 934/765/843 931/762/840 926/757/835
f 935/766/844 934/765/843 920/751/829
f 935/766/844 920/751/829 916/747/825
f 913/744/822 935/766/844 916/747/825
f 936/767/845 934/765/843 935/766/844
f 937/768/846 935/766/844 913/744/822
f 937/768/846 936/767/845 935/766/844
f 934/765/843 938/769/847 931/762/840
f 936/767/845 938/769/847 934/765/843
f 912/743/821 937/768/846 913/744/822
f 939/770/848 938/769/847 936/767/845
f 939/770/848 936/767/845 937/768/846
f 931/762/840 938/769/847 940/771/849
f 939/770/848 940/771/849 938/769/847
f 931/762/840 940/771/849 941/772/850
f 932/763/841 931/762/840 941/772/850
f 912/743/821 942/773/851 937/768/846
f 943/774/852 932/763/841 941/772/850
f 933/764/842 932/763/841 943/774/852
f 941/772/850 940/771/849 944/775/853
f 945/776/854 933/764/842 943/774/852
f 945/776/854 946/777/855 933/764/842
f 943/774/852 941/772/850 947/778/856
f 947/778/856 945/776/854 943/774/852
f 941/772/850 944/775/853 947/778/856
f 948/779/857 946/777/855 945/776/854
f 949/780/858 944/775/853 940/771/849
f 949/780/858 940/771/849 939/770/848
f 950/781/859 947/778/856 944/775/853
f 947/778/856 951/782/860 945/776/854
f 950/781/859 951/782/860 947/778/856
f 945/776/854 951/782/860 952/783/861
f 950/781/859 952/783/861 951/782/860
f 948/779/857 945/776/854 953/784/862
f 945/776/854 952/783/861 953/784/862
f 954/785/863 948/779/857 953/784/862
f 954/785/863 955/786/864 948/779/857
f 956/787/865 955/786/864 954/785/863
f 957/788/866 950/781/859 944/775/853
f 957/788/866 944/775/853 949/780/858
f 958/789/867 954/785/863 953/784/862
f 958/789/867 953/784/862 952/783/861
f 956/787/865 954/785/863 959/790/868
f 960/791/869 956/787/865 959/790/868
f 961/792/870 954/785/863 958/789/867
f 961/792/870 959/790/868 954/785/863
f 960/791/869 959/790/868 962/793/871
f 963/794/872 960/791/869 962/793/871
f 963/794/872 964/795/873 960/791/869
f 959/790/868 965/796/874 962/793/871
f 959/790/868 961/792/870 965/796/874
f 965/796/874 963/794/872 962/793/871
f 963/794/872 966/797/875 964/795/873
f 963/794/872 967/798/876 966/797/875
f 968/799/877 966/797/875 967/798/876
f 968/799/877 967/798/876 969/800/878
f 969/800/878 970/801/879 968/799/877
f 967/798/876 963/794/872 971/802/880
f 965/796/874 971/802/880 963/794/872
f 967/798/876 971/802/880 972/803/881
f 969/800/878 967/798/876 972/803/881
f 973/804/882 971/802/880 965/796/874
f 969/800/878 972/803/881 974/805/883
f 971/802/880 975/806/884 972/803/881
f 971/802/880 973/804/882 975/806/884
f 972/803/881 976/807/885 974/805/883
f 972/803/881 975/806/884 976/807/885
f 969/800/878 974/805/883 977/808/886
f 976/807/885 977/808/886 974/805/883
f 969/800/878 977/808/886 978/809/887
f 969/800/878 978/809/887 970/801/879
f 979/810/396 970/801/879 978/809/887
f 979/810/396 980/811/888 970/801/879
f 978/809/887 981/812/195 979/810/396
f 978/809/887 977/808/886 981/812/195
f 982/813/889 981/812/195 977/808/886
f 976/807/885 982/813/889 977/808/886
f 982/813/889 983/814/890 981/812/195
f 984/815/191 983/814/890 982/813/889
f 984/815/191 982/813/889 985/816/891
f 976/807/885 985/816/891 982/813/889
f 985/816/891 762/593/189 984/815/191
f 976/807/885 986/817/892 985/816/891
f 986/817/892 976/807/885 975/806/884
f 985/816/891 987/818/893 762/593/189
f 986/817/892 987/818/893 985/816/891
f 760/591/673 762/593/189 987/818/893
f 986/817/892 988/819/894 987/818/893
f 989/820/895 760/591/673 987/818/893
f 989/820/895 987/818/893 988/819/894
f 763/594/674 760/591/673 989/820/895
f 763/594/674 989/820/895 990/821/896
f 991/822/897 989/820/895 988/819/894
f 986/817/892 991/822/897 988/819/894
f 991/822/897 990/821/896 989/820/895
f 763/594/674 990/821/896 774/605/683
f 986/817/892 992/823/898 991/822/897
f 986/817/892 975/806/884 992/823/898
f 973/804/882 992/823/898 975/806/884
f 992/823/898 993/824/899 991/822/897
f 993/824/899 990/821/896 991/822/897
f 973/804/882 994/825/900 992/823/898
f 992/823/898 994/825/900 993/824/899
f 994/825/900 973/804/882 995/826/901
f 973/804/882 965/796/874 995/826/901
f 994/825/900 995/826/901 996/827/902
f 997/828/903 995/826/901 965/796/874
f 996/827/902 995/826/901 997/828/903
f 997/828/903 965/796/874 961/792/870
f 998/829/904 994/825/900 996/827/902
f 998/829/904 993/824/899 994/825/900
f 996/827/902 997/828/903 999/830/905
f 999/830/905 998/829/904 996/827/902
f 961/792/870 1000/831/906 997/828/903
f 999/830/905 997/828/903 1000/831/906
f 961/792/870 958/789/867 1000/831/906
f 993/824/899 1001/832/907 990/821/896
f 1001/832/907 993/824/899 998/829/904
f 1002/833/908 990/821/896 1001/832/907
f 1002/833/908 774/605/683 990/821/896
f 1001/832/907 998/829/904 1003/834/909
f 1002/833/908 1001/832/907 1003/834/909
f 1004/835/910 1003/834/909 998/829/904
f 1002/833/908 1003/834/909 1005/836/911
f 1005/836/911 1003/834/909 1004/835/910
f 774/605/683 1002/833/908 1006/837/912
f 774/605/683 1006/837/912 772/603/681
f 1006/837/912 773/604/682 772/603/681
f 1007/838/913 1006/837/912 1002/833/908
f 1007/838/913 1002/833/908 1005/836/911
f 1006/837/912 1008/839/914 773/604/682
f 1008/839/914 1006/837/912 1007/838/913
f 1008/839/914 782/613/691 773/604/682
f 1008/839/914 788/619/697 782/613/691
f 788/619/697 1008/839/914 1009/840/915
f 1008/839/914 1007/838/913 1009/840/915
f 788/619/697 1009/840/915 791/622/700
f 791/622/700 1009/840/915 1010/841/916
f 1010/841/916 1009/840/915 1007/838/913
f 791/622/700 1010/841/916 794/625/703
f 1011/842/917 1007/838/913 1005/836/911
f 1005/836/911 1004/835/910 1011/842/917
f 1010/841/916 1007/838/913 1012/843/918
f 1011/842/917 1012/843/918 1007/838/913
f 794/625/703 1010/841/916 1013/844/919
f 1012/843/918 1013/844/919 1010/841/916
f 794/625/703 1013/844/919 795/626/704
f 1012/843/918 1011/842/917 1014/845/920
f 1004/835/910 1014/845/920 1011/842/917
f 1012/843/918 1015/846/921 1013/844/919
f 1012/843/918 1014/845/920 1015/846/921
f 795/626/704 1013/844/919 1016/847/922
f 1016/847/922 1013/844/919 1015/846/921
f 795/626/704 1016/847/922 798/629/707
f 798/629/707 1016/847/922 806/637/715
f 1016/847/922 1015/846/921 1017/848/923
f 806/637/715 1016/847/922 1017/848/923
f 1015/846/921 1018/849/924 1017/848/923
f 1015/846/921 1014/845/920 1018/849/924
f 806/637/715 1017/848/923 1019/850/925
f 806/637/715 1019/850/925 1020/851/926
f 1021/852/927 1019/850/925 1017/848/923
f 1021/852/927 1017/848/923 1018/849/924
f 1020/851/926 1019/850/925 1021/852/927
f 806/637/715 1020/851/926 807/638/716
f 1014/845/920 1022/853/928 1018/849/924
f 1022/853/928 1021/852/927 1018/849/924
f 1023/854/929 807/638/716 1020/851/926
f 1023/854/929 812/643/721 807/638/716
f 1020/851/926 1021/852/927 1024/855/930
f 1024/855/930 1023/854/929 1020/851/926
f 1021/852/927 1025/856/931 1024/855/930
f 1026/857/932 812/643/721 1023/854/929
f 1026/857/932 816/647/725 812/643/721
f 821/652/730 816/647/725 1026/857/932
f 1024/855/930 1027/858/933 1023/854/929
f 1027/858/933 1026/857/932 1023/854/929
f 1025/856/931 1027/858/933 1024/855/930
f 821/652/730 1026/857/932 907/738/816
f 1026/857/932 1028/859/934 907/738/816
f 907/738/816 1028/859/934 908/739/817
f 912/743/821 908/739/817 1028/859/934
f 1026/857/932 1029/860/935 1028/859/934
f 1029/860/935 912/743/821 1028/859/934
f 1027/858/933 1029/860/935 1026/857/932
f 1029/860/935 942/773/851 912/743/821
f 1030/861/936 1029/860/935 1027/858/933
f 1030/861/936 942/773/851 1029/860/935
f 1025/856/931 1030/861/936 1027/858/933
f 937/768/846 942/773/851 1030/861/936
f 937/768/846 1030/861/936 1031/862/937
f 1031/862/937 1030/861/936 1025/856/931
f 939/770/848 937/768/846 1031/862/937
f 949/780/858 939/770/848 1031/862/937
f 949/780/858 1031/862/937 1032/863/938
f 1031/862/937 1025/856/931 1032/863/938
f 1032/863/938 957/788/866 949/780/858
f 1033/864/939 1032/863/938 1025/856/931
f 1021/852/927 1033/864/939 1025/856/931
f 1032/863/938 1034/865/940 957/788/866
f 1033/864/939 1034/865/940 1032/863/938
f 1022/853/928 1033/864/939 1021/852/927
f 1033/864/939 1035/866/941 1034/865/940
f 1033/864/939 1022/853/928 1035/866/941
f 957/788/866 1034/865/940 1035/866/941
f 957/788/866 1035/866/941 1036/867/942
f 1036/867/942 950/781/859 957/788/866
f 1022/853/928 1037/868/943 1035/866/941
f 1037/868/943 1036/867/942 1035/866/941
f 1022/853/928 1038/869/944 1037/868/943
f 1014/845/920 1038/869/944 1022/853/928
f 1004/835/910 1038/869/944 1014/845/920
f 1039/870/945 1038/869/944 1004/835/910
f 1039/870/945 1037/868/943 1038/869/944
f 1004/835/910 998/829/904 1039/870/945
f 999/830/905 1039/870/945 998/829/904
f 1039/870/945 1040/871/946 1037/868/943
f 1039/870/945 999/830/905 1040/871/946
f 1037/868/943 1040/871/946 1036/867/942
f 999/830/905 1000/831/906 1040/871/946
f 1040/871/946 1041/872/947 1036/867/942
f 1040/871/946 1000/831/906 1041/872/947
f 1036/867/942 1041/872/947 950/781/859
f 1041/872/947 1000/831/906 958/789/867
f 950/781/859 1041/872/947 952/783/861
f 1041/872/947 958/789/867 952/783/861
f 1042/813/948 1043/814/172 1044/812/392
f 1045/815/238 1043/814/172 1042/813/948
f 1045/815/238 1042/813/948 1046/816/949
f 1046/816/949 1047/593/950 1045/815/238
f 1048/807/951 1046/816/949 1042/813/948
f 1042/813/948 1044/812/392 1049/808/952
f 1048/807/951 1042/813/948 1049/808/952
f 1050/809/953 1049/808/952 1044/812/392
f 1050/809/953 1044/812/392 1051/810/954
f 1051/810/954 1052/801/955 1050/809/953
f 1051/810/954 1053/811/393 1052/801/955
f 1054/800/956 1050/809/953 1052/801/955
f 1054/800/956 1049/808/952 1050/809/953
f 1054/800/956 1052/801/955 1055/799/957
f 1054/800/956 1056/805/958 1049/808/952
f 1048/807/951 1049/808/952 1056/805/958
f 1055/799/957 1057/798/959 1054/800/956
f 1055/799/957 1058/797/960 1057/798/959
f 1054/800/956 1059/803/961 1056/805/958
f 1059/803/961 1048/807/951 1056/805/958
f 1054/800/956 1057/798/959 1059/803/961
f 1060/794/962 1057/798/959 1058/797/960
f 1060/794/962 1058/797/960 1061/795/693
f 1060/794/962 1061/795/693 1062/791/695
f 1057/798/959 1060/794/962 1063/802/963
f 1057/798/959 1063/802/963 1059/803/961
f 1060/794/962 1062/791/695 1064/793/964
f 1059/803/961 1065/806/965 1048/807/951
f 1063/802/963 1065/806/965 1059/803/961
f 1066/817/966 1048/807/951 1065/806/965
f 1048/807/951 1066/817/966 1046/816/949
f 1062/791/695 1067/790/967 1064/793/964
f 1062/791/695 1068/787/968 1067/790/967
f 1069/796/969 1060/794/962 1064/793/964
f 1069/796/969 1063/802/963 1060/794/962
f 1067/790/967 1069/796/969 1064/793/964
f 1068/787/968 1070/785/970 1067/790/967
f 1068/787/968 1071/786/699 1070/785/970
f 1070/785/970 1071/786/699 1072/779/702
f 1073/792/971 1067/790/967 1070/785/970
f 1067/790/967 1073/792/971 1069/796/969
f 1070/785/970 1072/779/702 1074/784/972
f 1073/792/971 1070/785/970 1075/789/973
f 1075/789/973 1070/785/970 1074/784/972
f 1072/779/702 1076/776/974 1074/784/972
f 1072/779/702 1077/777/975 1076/776/974
f 1076/776/974 1077/777/975 1078/764/711
f 1075/789/973 1074/784/972 1079/783/976
f 1076/776/974 1079/783/976 1074/784/972
f 1076/776/974 1080/782/977 1079/783/976
f 1081/872/978 1075/789/973 1079/783/976
f 1082/781/979 1079/783/976 1080/782/977
f 1082/781/979 1081/872/978 1079/783/976
f 1083/778/980 1080/782/977 1076/776/974
f 1082/781/979 1080/782/977 1083/778/980
f 1076/776/974 1078/764/711 1084/774/981
f 1083/778/980 1076/776/974 1084/774/981
f 1078/764/711 1085/763/982 1084/774/981
f 1078/764/711 1086/761/713 1085/763/982
f 1084/774/981 1087/772/983 1083/778/980
f 1084/774/981 1085/763/982 1087/772/983
f 1082/781/979 1083/778/980 1088/775/984
f 1087/772/983 1088/775/984 1083/778/980
f 1086/761/713 1089/759/985 1085/763/982
f 1086/761/713 1090/760/718 1089/759/985
f 1089/759/985 1090/760/718 1091/756/719
f 1085/763/982 1089/759/985 1092/762/986
f 1085/763/982 1092/762/986 1087/772/983
f 1089/759/985 1091/756/719 1093/758/987
f 1092/762/986 1089/759/985 1093/758/987
f 1091/756/719 1094/754/988 1093/758/987
f 1091/756/719 1095/755/724 1094/754/988
f 1094/754/988 1095/755/724 1096/718/728
f 1097/757/989 1093/758/987 1094/754/988
f 1092/762/986 1093/758/987 1097/757/989
f 1094/754/988 1096/718/728 1098/753/990
f 1092/762/986 1099/771/991 1087/772/983
f 1087/772/983 1099/771/991 1088/775/984
f 1097/757/989 1094/754/988 1100/752/992
f 1100/752/992 1094/754/988 1098/753/990
f 1101/717/993 1098/753/990 1096/718/728
f 1101/717/993 1096/718/728 1102/713/734
f 1100/752/992 1098/753/990 1103/750/994
f 1101/717/993 1103/750/994 1098/753/990
f 1097/757/989 1100/752/992 1104/751/995
f 1105/711/996 1101/717/993 1102/713/734
f 1105/711/996 1102/713/734 1106/709/736
f 1101/717/993 1107/716/997 1103/750/994
f 1105/711/996 1107/716/997 1101/717/993
f 1100/752/992 1103/750/994 1108/749/998
f 1100/752/992 1108/749/998 1104/751/995
f 1103/750/994 1107/716/997 1109/748/999
f 1103/750/994 1109/748/999 1108/749/998
f 1110/708/1000 1105/711/996 1106/709/736
f 1110/708/1000 1106/709/736 1111/706/1001
f 1105/711/996 1112/712/1002 1107/716/997
f 1112/712/1002 1105/711/996 1110/708/1000
f 1107/716/997 1113/715/1003 1109/748/999
f 1107/716/997 1112/712/1002 1113/715/1003
f 1114/705/1004 1110/708/1000 1111/706/1001
f 1114/705/1004 1111/706/1001 1115/704/745
f 1112/712/1002 1110/708/1000 1116/707/1005
f 1116/707/1005 1110/708/1000 1114/705/1004
f 1112/712/1002 1117/710/1006 1113/715/1003
f 1112/712/1002 1116/707/1005 1117/710/1006
f 1118/714/1007 1113/715/1003 1117/710/1006
f 1116/707/1005 1119/696/1008 1117/710/1006
f 1119/696/1008 1118/714/1007 1117/710/1006
f 1116/707/1005 1114/705/1004 1120/700/1009
f 1116/707/1005 1120/700/1009 1119/696/1008
f 1115/704/745 1121/701/1010 1114/705/1004
f 1121/701/1010 1120/700/1009 1114/705/1004
f 1115/704/745 1122/702/747 1121/701/1010
f 1122/702/747 1123/699/1011 1121/701/1010
f 1122/702/747 1124/703/1012 1123/699/1011
f 1125/697/1013 1121/701/1010 1123/699/1011
f 1121/701/1010 1125/697/1013 1120/700/1009
f 1125/697/1013 1123/699/1011 1126/698/1014
f 1127/694/1015 1125/697/1013 1126/698/1014
f 1128/693/1016 1120/700/1009 1125/697/1013
f 1127/694/1015 1128/693/1016 1125/697/1013
f 1128/693/1016 1119/696/1008 1120/700/1009
f 1129/689/1017 1128/693/1016 1127/694/1015
f 1130/692/1018 1119/696/1008 1128/693/1016
f 1129/689/1017 1130/692/1018 1128/693/1016
f 1130/692/1018 1131/695/1019 1119/696/1008
f 1119/696/1008 1131/695/1019 1118/714/1007
f 1132/687/1020 1130/692/1018 1129/689/1017
f 1132/687/1020 1129/689/1017 1133/688/1021
f 1134/685/1022 1132/687/1020 1133/688/1021
f 1130/692/1018 1132/687/1020 1135/691/1023
f 1130/692/1018 1135/691/1023 1131/695/1019
f 1134/685/1022 1136/684/1024 1132/687/1020
f 1136/684/1024 1135/691/1023 1132/687/1020
f 1136/684/1024 1134/685/1022 1137/681/1025
f 1138/719/1026 1131/695/1019 1135/691/1023
f 1138/719/1026 1118/714/1007 1131/695/1019
f 1136/684/1024 1139/690/1027 1135/691/1023
f 1138/719/1026 1135/691/1023 1139/690/1027
f 1136/684/1024 1137/681/1025 1140/683/1028
f 1139/690/1027 1136/684/1024 1140/683/1028
f 1141/679/1029 1140/683/1028 1137/681/1025
f 1141/679/1029 1137/681/1025 1142/680/1030
f 1143/678/1031 1141/679/1029 1142/680/1030
f 1143/678/1031 1144/677/1032 1141/679/1029
f 1145/674/1033 1144/677/1032 1143/678/1031
f 1140/683/1028 1141/679/1029 1146/682/1034
f 1144/677/1032 1146/682/1034 1141/679/1029
f 1139/690/1027 1140/683/1028 1147/686/1035
f 1140/683/1028 1146/682/1034 1147/686/1035
f 1147/686/1035 1148/720/1036 1139/690/1027
f 1138/719/1026 1139/690/1027 1148/720/1036
f 1149/725/1037 1147/686/1035 1146/682/1034
f 1144/677/1032 1150/676/1038 1146/682/1034
f 1149/725/1037 1146/682/1034 1150/676/1038
f 1147/686/1035 1151/724/1039 1148/720/1036
f 1149/725/1037 1151/724/1039 1147/686/1035
f 1152/721/1040 1138/719/1026 1148/720/1036
f 1152/721/1040 1118/714/1007 1138/719/1026
f 1151/724/1039 1153/723/1041 1148/720/1036
f 1152/721/1040 1148/720/1036 1153/723/1041
f 1152/721/1040 1154/722/1042 1118/714/1007
f 1118/714/1007 1154/722/1042 1113/715/1003
f 1154/722/1042 1109/748/999 1113/715/1003
f 1154/722/1042 1152/721/1040 1155/734/1043
f 1155/734/1043 1152/721/1040 1153/723/1041
f 1154/722/1042 1156/745/1044 1109/748/999
f 1154/722/1042 1155/734/1043 1156/745/1044
f 1156/745/1044 1108/749/998 1109/748/999
f 1156/745/1044 1157/746/1045 1108/749/998
f 1156/745/1044 1155/734/1043 1158/741/1046
f 1156/745/1044 1158/741/1046 1157/746/1045
f 1104/751/995 1108/749/998 1157/746/1045
f 1158/741/1046 1155/734/1043 1159/733/1047
f 1155/734/1043 1153/723/1041 1159/733/1047
f 1158/741/1046 1159/733/1047 1160/737/1048
f 1161/742/1049 1157/746/1045 1158/741/1046
f 1161/742/1049 1158/741/1046 1160/737/1048
f 1104/751/995 1157/746/1045 1162/747/1050
f 1161/742/1049 1162/747/1050 1157/746/1045
f 1163/730/1051 1159/733/1047 1153/723/1041
f 1151/724/1039 1163/730/1051 1153/723/1041
f 1163/730/1051 1164/732/1052 1159/733/1047
f 1164/732/1052 1160/737/1048 1159/733/1047
f 1165/727/1053 1163/730/1051 1151/724/1039
f 1165/727/1053 1151/724/1039 1149/725/1037
f 1163/730/1051 1166/729/1054 1164/732/1052
f 1163/730/1051 1165/727/1053 1166/729/1054
f 1165/727/1053 1149/725/1037 1167/726/1055
f 1149/725/1037 1150/676/1038 1167/726/1055
f 1166/729/1054 1165/727/1053 1168/728/1056
f 1165/727/1053 1167/726/1055 1168/728/1056
f 1150/676/1038 1169/665/1057 1167/726/1055
f 1169/665/1057 1168/728/1056 1167/726/1055
f 1150/676/1038 1170/670/1058 1169/665/1057
f 1166/729/1054 1168/728/1056 1171/664/1059
f 1172/675/1060 1170/670/1058 1150/676/1038
f 1172/675/1060 1150/676/1038 1144/677/1032
f 1145/674/1033 1172/675/1060 1144/677/1032
f 1169/665/1057 1173/661/1061 1168/728/1056
f 1173/661/1061 1171/664/1059 1168/728/1056
f 1174/671/1062 1172/675/1060 1145/674/1033
f 1174/671/1062 1145/674/1033 1175/673/1063
f 1176/672/1064 1174/671/1062 1175/673/1063
f 1176/672/1064 1177/669/780 1174/671/1062
f 1172/675/1060 1174/671/1062 1178/668/1065
f 1177/669/780 1178/668/1065 1174/671/1062
f 1172/675/1060 1178/668/1065 1170/670/1058
f 1177/669/780 1179/667/1066 1178/668/1065
f 1180/666/1067 1170/670/1058 1178/668/1065
f 1180/666/1067 1178/668/1065 1179/667/1066
f 1180/666/1067 1169/665/1057 1170/670/1058
f 1180/666/1067 1179/667/1066 1181/663/1068
f 1182/662/1069 1169/665/1057 1180/666/1067
f 1182/662/1069 1180/666/1067 1181/663/1068
f 1182/662/1069 1173/661/1061 1169/665/1057
f 1182/662/1069 1181/663/1068 1183/658/787
f 1184/657/1070 1182/662/1069 1183/658/787
f 1173/661/1061 1182/662/1069 1184/657/1070
f 1184/657/1070 1183/658/787 1185/656/791
f 1173/661/1061 1184/657/1070 1186/659/1071
f 1173/661/1061 1186/659/1071 1171/664/1059
f 1187/655/1072 1184/657/1070 1185/656/791
f 1186/659/1071 1184/657/1070 1187/655/1072
f 1187/655/1072 1185/656/791 1188/650/796
f 1189/649/1073 1187/655/1072 1188/650/796
f 1189/649/1073 1188/650/796 1190/646/833
f 1186/659/1071 1187/655/1072 1191/654/1074
f 1189/649/1073 1191/654/1074 1187/655/1072
f 1186/659/1071 1192/660/1075 1171/664/1059
f 1186/659/1071 1191/654/1074 1192/660/1075
f 1193/645/1076 1189/649/1073 1190/646/833
f 1193/645/1076 1190/646/833 1194/641/834
f 1189/649/1073 1195/651/1077 1191/654/1074
f 1193/645/1076 1195/651/1077 1189/649/1073
f 1196/653/1078 1192/660/1075 1191/654/1074
f 1196/653/1078 1191/654/1074 1195/651/1077
f 1197/731/1079 1171/664/1059 1192/660/1075
f 1197/731/1079 1166/729/1054 1171/664/1059
f 1164/732/1052 1166/729/1054 1197/731/1079
f 1193/645/1076 1198/648/1080 1195/651/1077
f 1198/648/1080 1196/653/1078 1195/651/1077
f 1164/732/1052 1197/731/1079 1199/736/1081
f 1164/732/1052 1199/736/1081 1160/737/1048
f 1200/735/1082 1197/731/1079 1192/660/1075
f 1200/735/1082 1199/736/1081 1197/731/1079
f 1200/735/1082 1192/660/1075 1196/653/1078
f 1201/739/1083 1160/737/1048 1199/736/1081
f 1200/735/1082 1201/739/1083 1199/736/1081
f 1202/738/1084 1200/735/1082 1196/653/1078
f 1202/738/1084 1201/739/1083 1200/735/1082
f 1202/738/1084 1196/653/1078 1203/652/1085
f 1198/648/1080 1203/652/1085 1196/653/1078
f 1201/739/1083 1204/740/1086 1160/737/1048
f 1161/742/1049 1160/737/1048 1204/740/1086
f 1202/738/1084 1205/859/1087 1201/739/1083
f 1206/744/1088 1161/742/1049 1204/740/1086
f 1207/743/1089 1204/740/1086 1201/739/1083
f 1207/743/1089 1201/739/1083 1205/859/1087
f 1206/744/1088 1204/740/1086 1207/743/1089
f 1206/744/1088 1162/747/1050 1161/742/1049
f 1208/857/1090 1205/859/1087 1202/738/1084
f 1203/652/1085 1208/857/1090 1202/738/1084
f 1209/860/1091 1207/743/1089 1205/859/1087
f 1208/857/1090 1209/860/1091 1205/859/1087
f 1209/860/1091 1210/773/1092 1207/743/1089
f 1206/744/1088 1211/766/1093 1162/747/1050
f 1211/766/1093 1104/751/995 1162/747/1050
f 1207/743/1089 1212/768/1094 1206/744/1088
f 1212/768/1094 1211/766/1093 1206/744/1088
f 1207/743/1089 1210/773/1092 1212/768/1094
f 1211/766/1093 1213/765/1095 1104/751/995
f 1097/757/989 1104/751/995 1213/765/1095
f 1213/765/1095 1092/762/986 1097/757/989
f 1214/767/1096 1213/765/1095 1211/766/1093
f 1212/768/1094 1214/767/1096 1211/766/1093
f 1213/765/1095 1215/769/1097 1092/762/986
f 1214/767/1096 1215/769/1097 1213/765/1095
f 1092/762/986 1215/769/1097 1099/771/991
f 1216/770/1098 1215/769/1097 1214/767/1096
f 1216/770/1098 1099/771/991 1215/769/1097
f 1216/770/1098 1214/767/1096 1212/768/1094
f 1217/780/1099 1099/771/991 1216/770/1098
f 1217/780/1099 1088/775/984 1099/771/991
f 1216/770/1098 1212/768/1094 1218/862/1100
f 1217/780/1099 1216/770/1098 1218/862/1100
f 1219/788/1101 1088/775/984 1217/780/1099
f 1219/788/1101 1082/781/979 1088/775/984
f 1217/780/1099 1218/862/1100 1220/863/1102
f 1220/863/1102 1219/788/1101 1217/780/1099
f 1212/768/1094 1221/861/1103 1218/862/1100
f 1212/768/1094 1210/773/1092 1221/861/1103
f 1221/861/1103 1210/773/1092 1209/860/1091
f 1218/862/1100 1221/861/1103 1222/856/1104
f 1218/862/1100 1222/856/1104 1220/863/1102
f 1221/861/1103 1209/860/1091 1223/858/1105
f 1222/856/1104 1221/861/1103 1223/858/1105
f 1223/858/1105 1209/860/1091 1208/857/1090
f 1220/863/1102 1224/865/1106 1219/788/1101
f 1222/856/1104 1223/858/1105 1225/855/1107
f 1226/864/1108 1224/865/1106 1220/863/1102
f 1226/864/1108 1220/863/1102 1222/856/1104
f 1219/788/1101 1224/865/1106 1227/866/1109
f 1226/864/1108 1227/866/1109 1224/865/1106
f 1219/788/1101 1227/866/1109 1228/867/1110
f 1228/867/1110 1082/781/979 1219/788/1101
f 1228/867/1110 1081/872/978 1082/781/979
f 1229/852/1111 1226/864/1108 1222/856/1104
f 1229/852/1111 1222/856/1104 1225/855/1107
f 1226/864/1108 1230/853/1112 1227/866/1109
f 1230/853/1112 1226/864/1108 1229/852/1111
f 1231/868/1113 1228/867/1110 1227/866/1109
f 1230/853/1112 1231/868/1113 1227/866/1109
f 1232/871/1114 1081/872/978 1228/867/1110
f 1231/868/1113 1232/871/1114 1228/867/1110
f 1232/871/1114 1233/831/1115 1081/872/978
f 1081/872/978 1233/831/1115 1075/789/973
f 1073/792/971 1075/789/973 1233/831/1115
f 1073/792/971 1233/831/1115 1234/828/1116
f 1234/828/1116 1069/796/969 1073/792/971
f 1235/830/1117 1233/831/1115 1232/871/1114
f 1235/830/1117 1234/828/1116 1233/831/1115
f 1236/870/1118 1232/871/1114 1231/868/1113
f 1236/870/1118 1235/830/1117 1232/871/1114
f 1236/870/1118 1231/868/1113 1237/869/1119
f 1230/853/1112 1237/869/1119 1231/868/1113
f 1235/830/1117 1236/870/1118 1238/829/1120
f 1239/827/1121 1234/828/1116 1235/830/1117
f 1235/830/1117 1238/829/1120 1239/827/1121
f 1239/827/1121 1240/826/1122 1234/828/1116
f 1234/828/1116 1240/826/1122 1069/796/969
f 1241/825/1123 1240/826/1122 1239/827/1121
f 1238/829/1120 1241/825/1123 1239/827/1121
f 1242/804/1124 1069/796/969 1240/826/1122
f 1241/825/1123 1242/804/1124 1240/826/1122
f 1242/804/1124 1063/802/963 1069/796/969
f 1063/802/963 1242/804/1124 1065/806/965
f 1242/804/1124 1243/823/1125 1065/806/965
f 1242/804/1124 1241/825/1123 1243/823/1125
f 1066/817/966 1065/806/965 1243/823/1125
f 1243/823/1125 1241/825/1123 1244/824/1126
f 1238/829/1120 1244/824/1126 1241/825/1123
f 1066/817/966 1243/823/1125 1245/822/1127
f 1243/823/1125 1244/824/1126 1245/822/1127
f 1066/817/966 1245/822/1127 1246/819/1128
f 1066/817/966 1246/819/1128 1247/818/1129
f 1066/817/966 1247/818/1129 1046/816/949
f 1046/816/949 1247/818/1129 1047/593/950
f 1248/820/1130 1247/818/1129 1246/819/1128
f 1245/822/1127 1248/820/1130 1246/819/1128
f 1249/591/1131 1047/593/950 1247/818/1129
f 1248/820/1130 1249/591/1131 1247/818/1129
f 1249/591/1131 1250/592/232 1047/593/950
f 1251/590/1132 1250/592/232 1249/591/1131
f 1251/590/1132 1249/591/1131 1252/587/1133
f 1252/587/1133 1253/589/224 1251/590/1132
f 1254/594/1134 1252/587/1133 1249/591/1131
f 1254/594/1134 1249/591/1131 1248/820/1130
f 1252/587/1133 1255/588/1135 1253/589/224
f 1254/594/1134 1255/588/1135 1252/587/1133
f 1256/595/1136 1253/589/224 1255/588/1135
f 1256/595/1136 1257/596/221 1253/589/224
f 1258/597/1137 1257/596/221 1256/595/1136
f 1254/594/1134 1259/601/1138 1255/588/1135
f 1258/597/1137 1256/595/1136 1260/599/1139
f 1261/598/1140 1256/595/1136 1255/588/1135
f 1261/598/1140 1255/588/1135 1259/601/1138
f 1261/598/1140 1260/599/1139 1256/595/1136
f 1260/599/1139 1262/600/1141 1258/597/1137
f 1263/603/1142 1261/598/1140 1259/601/1138
f 1254/594/1134 1263/603/1142 1259/601/1138
f 1261/598/1140 1264/602/1143 1260/599/1139
f 1254/594/1134 1265/605/1144 1263/603/1142
f 1248/820/1130 1265/605/1144 1254/594/1134
f 1263/603/1142 1266/604/1145 1261/598/1140
f 1264/602/1143 1261/598/1140 1266/604/1145
f 1265/605/1144 1267/837/1146 1263/603/1142
f 1267/837/1146 1266/604/1145 1263/603/1142
f 1248/820/1130 1268/821/1147 1265/605/1144
f 1245/822/1127 1268/821/1147 1248/820/1130
f 1244/824/1126 1268/821/1147 1245/822/1127
f 1269/833/1148 1265/605/1144 1268/821/1147
f 1265/605/1144 1269/833/1148 1267/837/1146
f 1244/824/1126 1270/832/1149 1268/821/1147
f 1269/833/1148 1268/821/1147 1270/832/1149
f 1270/832/1149 1244/824/1126 1238/829/1120
f 1269/833/1148 1270/832/1149 1271/834/1150
f 1270/832/1149 1238/829/1120 1271/834/1150
f 1269/833/1148 1271/834/1150 1272/836/1151
f 1273/838/1152 1267/837/1146 1269/833/1148
f 1273/838/1152 1269/833/1148 1272/836/1151
f 1271/834/1150 1274/842/1153 1272/836/1151
f 1274/842/1153 1273/838/1152 1272/836/1151
f 1275/835/1154 1271/834/1150 1238/829/1120
f 1271/834/1150 1275/835/1154 1274/842/1153
f 1275/835/1154 1238/829/1120 1236/870/1118
f 1236/870/1118 1237/869/1119 1275/835/1154
f 1275/835/1154 1237/869/1119 1276/845/1155
f 1275/835/1154 1276/845/1155 1274/842/1153
f 1276/845/1155 1237/869/1119 1230/853/1112
f 1276/845/1155 1230/853/1112 1277/849/1156
f 1230/853/1112 1229/852/1111 1277/849/1156
f 1278/843/1157 1274/842/1153 1276/845/1155
f 1274/842/1153 1278/843/1157 1273/838/1152
f 1279/846/1158 1276/845/1155 1277/849/1156
f 1278/843/1157 1276/845/1155 1279/846/1158
f 1229/852/1111 1280/848/1159 1277/849/1156
f 1279/846/1158 1277/849/1156 1280/848/1159
f 1229/852/1111 1281/850/1160 1280/848/1159
f 1282/851/1161 1281/850/1160 1229/852/1111
f 1282/851/1161 1229/852/1111 1225/855/1107
f 1283/637/1162 1280/848/1159 1281/850/1160
f 1283/637/1162 1281/850/1160 1282/851/1161
f 1284/847/1163 1279/846/1158 1280/848/1159
f 1283/637/1162 1284/847/1163 1280/848/1159
f 1278/843/1157 1279/846/1158 1285/844/1164
f 1284/847/1163 1285/844/1164 1279/846/1158
f 1278/843/1157 1285/844/1164 1286/841/1165
f 1286/841/1165 1273/838/1152 1278/843/1157
f 1287/626/1166 1285/844/1164 1284/847/1163
f 1288/625/1167 1286/841/1165 1285/844/1164
f 1288/625/1167 1285/844/1164 1287/626/1166
f 1286/841/1165 1289/840/1168 1273/838/1152
f 1290/622/1169 1286/841/1165 1288/625/1167
f 1290/622/1169 1289/840/1168 1286/841/1165
f 1287/626/1166 1284/847/1163 1291/629/1170
f 1291/629/1170 1284/847/1163 1283/637/1162
f 1292/839/1171 1273/838/1152 1289/840/1168
f 1292/839/1171 1267/837/1146 1273/838/1152
f 1267/837/1146 1292/839/1171 1266/604/1145
f 1293/619/1172 1292/839/1171 1289/840/1168
f 1293/619/1172 1289/840/1168 1290/622/1169
f 1292/839/1171 1294/613/1173 1266/604/1145
f 1292/839/1171 1293/619/1172 1294/613/1173
f 1264/602/1143 1266/604/1145 1294/613/1173
f 1295/616/1174 1293/619/1172 1290/622/1169
f 1288/625/1167 1295/616/1174 1290/622/1169
f 1294/613/1173 1293/619/1172 1296/614/1175
f 1295/616/1174 1296/614/1175 1293/619/1172
f 1264/602/1143 1294/613/1173 1297/611/1176
f 1294/613/1173 1296/614/1175 1297/611/1176
f 1264/602/1143 1297/611/1176 1298/610/1177
f 1296/614/1175 1299/612/1178 1297/611/1176
f 1296/614/1175 1300/615/873 1299/612/1178
f 1300/615/873 1296/614/1175 1295/616/1174
f 1297/611/1176 1299/612/1178 1301/609/1179
f 1297/611/1176 1301/609/1179 1298/610/1177
f 1300/615/873 1295/616/1174 1302/617/869
f 1303/618/1180 1302/617/869 1295/616/1174
f 1264/602/1143 1298/610/1177 1304/606/1181
f 1301/609/1179 1304/606/1181 1298/610/1177
f 1264/602/1143 1304/606/1181 1260/599/1139
f 1301/609/1179 1305/607/1182 1304/606/1181
f 1260/599/1139 1304/606/1181 1262/600/1141
f 1305/607/1182 1262/600/1141 1304/606/1181
f 1305/607/1182 1306/608/389 1262/600/1141
f 1303/618/1180 1295/616/1174 1307/620/1183
f 1288/625/1167 1307/620/1183 1295/616/1174
f 1307/620/1183 1308/621/864 1303/618/1180
f 1307/620/1183 1288/625/1167 1287/626/1166
f 1307/620/1183 1309/623/1184 1308/621/864
f 1307/620/1183 1287/626/1166 1309/623/1184
f 1310/624/857 1308/621/864 1309/623/1184
f 1309/623/1184 1287/626/1166 1291/629/1170
f 1310/624/857 1309/623/1184 1311/627/1185
f 1309/623/1184 1291/629/1170 1311/627/1185
f 1312/628/855 1310/624/857 1311/627/1185
f 1313/631/1186 1311/627/1185 1291/629/1170
f 1312/628/855 1311/627/1185 1314/630/1187
f 1313/631/1186 1314/630/1187 1311/627/1185
f 1291/629/1170 1283/637/1162 1313/631/1186
f 1312/628/855 1314/630/1187 1315/632/1188
f 1315/632/1188 1314/630/1187 1313/631/1186
f 1312/628/855 1315/632/1188 1316/633/842
f 1313/631/1186 1283/637/1162 1317/638/1189
f 1283/637/1162 1282/851/1161 1317/638/1189
f 1315/632/1188 1313/631/1186 1318/636/1190
f 1313/631/1186 1317/638/1189 1318/636/1190
f 1319/634/1191 1316/633/842 1315/632/1188
f 1318/636/1190 1319/634/1191 1315/632/1188
f 1319/634/1191 1320/635/839 1316/633/842
f 1321/854/1192 1317/638/1189 1282/851/1161
f 1225/855/1107 1321/854/1192 1282/851/1161
f 1225/855/1107 1223/858/1105 1321/854/1192
f 1223/858/1105 1208/857/1090 1321/854/1192
f 1321/854/1192 1322/643/1193 1317/638/1189
f 1208/857/1090 1322/643/1193 1321/854/1192
f 1318/636/1190 1317/638/1189 1322/643/1193
f 1208/857/1090 1323/647/1194 1322/643/1193
f 1203/652/1085 1323/647/1194 1208/857/1090
f 1318/636/1190 1322/643/1193 1324/642/1195
f 1324/642/1195 1322/643/1193 1323/647/1194
f 1318/636/1190 1324/642/1195 1319/634/1191
f 1325/644/1196 1323/647/1194 1203/652/1085
f 1324/642/1195 1323/647/1194 1325/644/1196
f 1325/644/1196 1203/652/1085 1198/648/1080
f 1324/642/1195 1326/639/1197 1319/634/1191
f 1324/642/1195 1325/644/1196 1326/639/1197
f 1326/639/1197 1325/644/1196 1198/648/1080
f 1326/639/1197 1320/635/839 1319/634/1191
f 1326/639/1197 1198/648/1080 1193/645/1076
f 1326/639/1197 1327/640/838 1320/635/839
f 1194/641/834 1326/639/1197 1193/645/1076
f 1194/641/834 1327/640/838 1326/639/1197
f 1328/1/1198 1329/2/1199 1330/3/3
f 1328/1/1198 1330/3/3 1331/4/4
f 1331/4/4 1332/5/5 1328/1/1198
f 1331/4/4 1333/6/1200 1332/5/5
f 1334/7/7 1332/5/5 1333/6/1200
f 1335/8/8 1328/1/1198 1332/5/5
f 1334/7/7 1336/9/9 1332/5/5
f 1336/9/9 1335/8/8 1332/5/5
f 1337/10/10 1336/9/9 1334/7/7
f 1337/10/10 1334/7/7 1338/11/11
f 1336/9/9 1339/12/12 1335/8/8
f 1336/9/9 1337/10/10 1340/13/13
f 1336/9/9 1340/13/13 1339/12/12
f 1338/11/11 1341/14/1201 1337/10/10
f 1338/11/11 1342/15/15 1341/14/1201
f 1343/16/16 1341/14/1201 1342/15/15
f 1337/10/10 1341/14/1201 1344/17/1202
f 1337/10/10 1344/17/1202 1340/13/13
f 1343/16/16 1345/18/18 1341/14/1201
f 1345/18/18 1344/17/1202 1341/14/1201
f 1346/19/19 1345/18/18 1343/16/16
f 1346/19/19 1343/16/16 1347/20/20
f 1345/18/18 1348/21/21 1344/17/1202
f 1347/20/20 1349/22/22 1346/19/19
f 1347/20/20 1350/23/1203 1349/22/22
f 1345/18/18 1346/19/19 1351/24/24
f 1345/18/18 1351/24/24 1348/21/21
f 1349/22/22 1351/24/24 1346/19/19
f 1352/25/25 1349/22/22 1350/23/1203
f 1344/17/1202 1348/21/21 1353/26/26
f 1351/24/24 1353/26/26 1348/21/21
f 1354/27/27 1340/13/13 1344/17/1202
f 1344/17/1202 1353/26/26 1354/27/27
f 1354/27/27 1355/28/1204 1340/13/13
f 1355/28/1204 1354/27/27 1356/29/29
f 1353/26/26 1356/29/29 1354/27/27
f 1340/13/13 1355/28/1204 1357/30/1205
f 1340/13/13 1357/30/1205 1339/12/12
f 1335/8/8 1339/12/12 1357/30/1205
f 1358/31/31 1357/30/1205 1355/28/1204
f 1355/28/1204 1356/29/29 1358/31/31
f 1335/8/8 1357/30/1205 1359/32/32
f 1360/33/1206 1335/8/8 1359/32/32
f 1335/8/8 1360/33/1206 1328/1/1198
f 1357/30/1205 1361/34/34 1359/32/32
f 1358/31/31 1362/35/35 1357/30/1205
f 1357/30/1205 1362/35/35 1361/34/34
f 1363/36/1207 1358/31/31 1356/29/29
f 1362/35/35 1358/31/31 1363/36/1207
f 1329/2/1199 1328/1/1198 1360/33/1206
f 1360/33/1206 1359/32/32 1364/37/37
f 1364/37/37 1359/32/32 1361/34/34
f 1329/2/1199 1360/33/1206 1365/38/1208
f 1360/33/1206 1364/37/37 1366/39/39
f 1360/33/1206 1366/39/39 1365/38/1208
f 1329/2/1199 1365/38/1208 1367/40/40
f 1367/40/40 1365/38/1208 1366/39/39
f 1364/37/37 1361/34/34 1368/41/1209
f 1368/41/1209 1366/39/39 1364/37/37
f 1369/42/42 1368/41/1209 1361/34/34
f 1368/41/1209 1370/43/43 1366/39/39
f 1370/43/43 1368/41/1209 1369/42/42
f 1366/39/39 1370/43/43 1371/44/1210
f 1362/35/35 1372/45/45 1361/34/34
f 1369/42/42 1361/34/34 1372/45/45
f 1362/35/35 1373/46/46 1372/45/45
f 1374/47/1211 1369/42/42 1372/45/45
f 1373/46/46 1374/47/1211 1372/45/45
f 1362/35/35 1363/36/1207 1373/46/46
f 1374/47/1211 1375/48/48 1369/42/42
f 1373/46/46 1376/49/49 1374/47/1211
f 1370/43/43 1369/42/42 1377/50/50
f 1377/50/50 1369/42/42 1375/48/48
f 1370/43/43 1377/50/50 1378/51/51
f 1370/43/43 1378/51/51 1371/44/1210
f 1373/46/46 1379/52/52 1376/49/49
f 1373/46/46 1363/36/1207 1379/52/52
f 1380/53/53 1374/47/1211 1376/49/49
f 1379/52/52 1380/53/53 1376/49/49
f 1380/53/53 1381/54/54 1374/47/1211
f 1375/48/48 1374/47/1211 1381/54/54
f 1379/52/52 1382/55/55 1380/53/53
f 1377/50/50 1375/48/48 1383/56/56
f 1384/57/1212 1379/52/52 1363/36/1207
f 1384/57/1212 1382/55/55 1379/52/52
f 1377/50/50 1383/56/56 1385/58/58
f 1377/50/50 1385/58/58 1378/51/51
f 1375/48/48 1386/59/1213 1383/56/56
f 1386/59/1213 1385/58/58 1383/56/56
f 1375/48/48 1387/60/60 1386/59/1213
f 1375/48/48 1381/54/54 1387/60/60
f 1385/58/58 1388/61/1214 1378/51/51
f 1388/61/1214 1371/44/1210 1378/51/51
f 1386/59/1213 1389/62/62 1385/58/58
f 1387/60/60 1390/63/63 1386/59/1213
f 1390/63/63 1389/62/62 1386/59/1213
f 1387/60/60 1391/64/64 1390/63/63
f 1391/64/64 1387/60/60 1381/54/54
f 1390/63/63 1392/65/65 1389/62/62
f 1393/66/1215 1392/65/65 1390/63/63
f 1391/64/64 1393/66/1215 1390/63/63
f 1394/67/67 1389/62/62 1392/65/65
f 1391/64/64 1381/54/54 1395/68/68
f 1385/58/58 1389/62/62 1396/69/69
f 1394/67/67 1396/69/69 1389/62/62
f 1385/58/58 1396/69/69 1397/70/1216
f 1385/58/58 1397/70/1216 1388/61/1214
f 1398/71/71 1395/68/68 1381/54/54
f 1398/71/71 1381/54/54 1380/53/53
f 1382/55/55 1398/71/71 1380/53/53
f 1382/55/55 1399/72/72 1398/71/71
f 1400/73/1217 1395/68/68 1398/71/71
f 1399/72/72 1400/73/1217 1398/71/71
f 1400/73/1217 1401/74/1218 1395/68/68
f 1401/74/1218 1391/64/64 1395/68/68
f 1401/74/1218 1402/75/1219 1391/64/64
f 1391/64/64 1402/75/1219 1393/66/1215
f 1403/76/76 1401/74/1218 1400/73/1217
f 1404/77/77 1402/75/1219 1401/74/1218
f 1403/76/76 1404/77/77 1401/74/1218
f 1405/78/78 1403/76/76 1400/73/1217
f 1399/72/72 1405/78/78 1400/73/1217
f 1406/79/79 1404/77/77 1403/76/76
f 1405/78/78 1407/80/80 1403/76/76
f 1407/80/80 1406/79/79 1403/76/76
f 1408/81/81 1407/80/80 1405/78/78
f 1407/80/80 1409/82/82 1406/79/79
f 1409/82/82 1407/80/80 1408/81/81
f 1410/83/83 1405/78/78 1399/72/72
f 1408/81/81 1405/78/78 1410/83/83
f 1410/83/83 1399/72/72 1411/84/84
f 1399/72/72 1412/85/85 1411/84/84
f 1399/72/72 1382/55/55 1412/85/85
f 1384/57/1212 1412/85/85 1382/55/55
f 1413/86/86 1411/84/84 1412/85/85
f 1414/87/87 1410/83/83 1411/84/84
f 1414/87/87 1411/84/84 1413/86/86
f 1415/88/88 1410/83/83 1414/87/87
f 1415/88/88 1408/81/81 1410/83/83
f 1416/89/89 1414/87/87 1413/86/86
f 1417/90/90 1415/88/88 1414/87/87
f 1416/89/89 1417/90/90 1414/87/87
f 1417/90/90 1418/91/91 1415/88/88
f 1417/90/90 1416/89/89 1419/92/92
f 1420/93/93 1408/81/81 1415/88/88
f 1418/91/91 1420/93/93 1415/88/88
f 1420/93/93 1421/94/94 1408/81/81
f 1409/82/82 1408/81/81 1421/94/94
f 1422/95/95 1416/89/89 1413/86/86
f 1419/92/92 1416/89/89 1422/95/95
f 1413/86/86 1412/85/85 1423/96/96
f 1422/95/95 1413/86/86 1423/96/96
f 1423/96/96 1412/85/85 1384/57/1212
f 1423/96/96 1384/57/1212 1424/97/1220
f 1425/98/98 1422/95/95 1423/96/96
f 1425/98/98 1423/96/96 1424/97/1220
f 1426/99/1221 1424/97/1220 1384/57/1212
f 1426/99/1221 1425/98/98 1424/97/1220
f 1426/99/1221 1384/57/1212 1427/100/1222
f 1384/57/1212 1363/36/1207 1427/100/1222
f 1363/36/1207 1356/29/29 1427/100/1222
f 1428/101/101 1427/100/1222 1356/29/29
f 1428/101/101 1426/99/1221 1427/100/1222
f 1353/26/26 1428/101/101 1356/29/29
f 1428/101/101 1429/102/102 1426/99/1221
f 1426/99/1221 1429/102/102 1425/98/98
f 1430/103/103 1428/101/101 1353/26/26
f 1428/101/101 1430/103/103 1429/102/102
f 1430/103/103 1353/26/26 1431/104/104
f 1351/24/24 1431/104/104 1353/26/26
f 1432/105/105 1429/102/102 1430/103/103
f 1425/98/98 1429/102/102 1432/105/105
f 1431/104/104 1433/106/106 1430/103/103
f 1432/105/105 1430/103/103 1433/106/106
f 1351/24/24 1434/107/107 1431/104/104
f 1431/104/104 1434/107/107 1433/106/106
f 1351/24/24 1435/108/108 1434/107/107
f 1349/22/22 1435/108/108 1351/24/24
f 1436/109/109 1433/106/106 1434/107/107
f 1435/108/108 1436/109/109 1434/107/107
f 1437/110/110 1432/105/105 1433/106/106
f 1436/109/109 1437/110/110 1433/106/106
f 1438/111/111 1435/108/108 1349/22/22
f 1352/25/25 1438/111/111 1349/22/22
f 1438/111/111 1439/112/1223 1435/108/108
f 1435/108/108 1439/112/1223 1436/109/109
f 1440/113/1224 1438/111/111 1352/25/25
f 1438/111/111 1441/114/114 1439/112/1223
f 1441/114/114 1436/109/109 1439/112/1223
f 1438/111/111 1440/113/1224 1441/114/114
f 1440/113/1224 1352/25/25 1442/115/115
f 1441/114/114 1443/116/1225 1436/109/109
f 1442/115/115 1444/117/1226 1440/113/1224
f 1442/115/115 1445/118/118 1444/117/1226
f 1446/119/119 1444/117/1226 1445/118/118
f 1440/113/1224 1444/117/1226 1447/120/120
f 1440/113/1224 1447/120/120 1441/114/114
f 1446/119/119 1448/121/121 1444/117/1226
f 1448/121/121 1447/120/120 1444/117/1226
f 1449/122/122 1448/121/121 1446/119/119
f 1449/122/122 1446/119/119 1450/123/123
f 1448/121/121 1451/124/1227 1447/120/120
f 1450/123/123 1452/125/125 1449/122/122
f 1450/123/123 1453/126/126 1452/125/125
f 1448/121/121 1449/122/122 1454/127/127
f 1448/121/121 1454/127/127 1451/124/1227
f 1452/125/125 1454/127/127 1449/122/122
f 1455/128/128 1452/125/125 1453/126/126
f 1447/120/120 1451/124/1227 1456/129/129
f 1454/127/127 1456/129/129 1451/124/1227
f 1457/130/1228 1441/114/114 1447/120/120
f 1447/120/120 1456/129/129 1457/130/1228
f 1457/130/1228 1443/116/1225 1441/114/114
f 1443/116/1225 1457/130/1228 1458/131/131
f 1456/129/129 1458/131/131 1457/130/1228
f 1443/116/1225 1458/131/131 1459/132/132
f 1459/132/132 1436/109/109 1443/116/1225
f 1459/132/132 1437/110/110 1436/109/109
f 1460/133/133 1459/132/132 1458/131/131
f 1437/110/110 1459/132/132 1460/133/133
f 1456/129/129 1461/134/1229 1458/131/131
f 1437/110/110 1460/133/133 1462/135/135
f 1437/110/110 1462/135/135 1432/105/105
f 1460/133/133 1458/131/131 1463/136/136
f 1461/134/1229 1463/136/136 1458/131/131
f 1462/135/135 1464/137/137 1432/105/105
f 1425/98/98 1432/105/105 1464/137/137
f 1462/135/135 1465/138/1230 1464/137/137
f 1425/98/98 1464/137/137 1466/139/139
f 1425/98/98 1466/139/139 1422/95/95
f 1419/92/92 1422/95/95 1466/139/139
f 1467/140/140 1466/139/139 1464/137/137
f 1467/140/140 1464/137/137 1465/138/1230
f 1462/135/135 1468/141/141 1465/138/1230
f 1468/141/141 1467/140/140 1465/138/1230
f 1462/135/135 1460/133/133 1468/141/141
f 1469/142/1231 1466/139/139 1467/140/140
f 1469/142/1231 1419/92/92 1466/139/139
f 1468/141/141 1470/143/143 1467/140/140
f 1470/143/143 1469/142/1231 1467/140/140
f 1471/144/144 1468/141/141 1460/133/133
f 1471/144/144 1470/143/143 1468/141/141
f 1471/144/144 1460/133/133 1463/136/136
f 1470/143/143 1472/145/145 1469/142/1231
f 1473/146/146 1419/92/92 1469/142/1231
f 1472/145/145 1473/146/146 1469/142/1231
f 1473/146/146 1474/147/147 1419/92/92
f 1417/90/90 1419/92/92 1474/147/147
f 1418/91/91 1417/90/90 1474/147/147
f 1475/148/148 1474/147/147 1473/146/146
f 1418/91/91 1474/147/147 1476/149/149
f 1475/148/148 1476/149/149 1474/147/147
f 1477/150/150 1475/148/148 1473/146/146
f 1472/145/145 1477/150/150 1473/146/146
f 1478/151/151 1476/149/149 1475/148/148
f 1479/152/152 1418/91/91 1476/149/149
f 1478/151/151 1479/152/152 1476/149/149
f 1477/150/150 1480/153/153 1475/148/148
f 1480/153/153 1478/151/151 1475/148/148
f 1481/154/154 1480/153/153 1477/150/150
f 1480/153/153 1482/155/155 1478/151/151
f 1482/155/155 1480/153/153 1481/154/154
f 1483/156/156 1479/152/152 1478/151/151
f 1482/155/155 1483/156/156 1478/151/151
f 1479/152/152 1484/157/157 1418/91/91
f 1418/91/91 1484/157/157 1420/93/93
f 1483/156/156 1485/158/158 1479/152/152
f 1484/157/157 1479/152/152 1485/158/158
f 1482/155/155 1486/159/159 1483/156/156
f 1484/157/157 1487/160/160 1420/93/93
f 1487/160/160 1421/94/94 1420/93/93
f 1488/161/161 1485/158/158 1483/156/156
f 1486/159/159 1488/161/161 1483/156/156
f 1484/157/157 1485/158/158 1489/162/162
f 1484/157/157 1489/162/162 1487/160/160
f 1489/162/162 1485/158/158 1490/163/163
f 1488/161/161 1490/163/163 1485/158/158
f 1489/162/162 1491/164/164 1487/160/160
f 1492/165/165 1490/163/163 1488/161/161
f 1492/165/165 1488/161/161 1493/166/166
f 1494/167/167 1490/163/163 1492/165/165
f 1493/166/166 1488/161/161 1495/168/168
f 1486/159/159 1495/168/168 1488/161/161
f 1493/166/166 1495/168/168 1496/169/169
f 1489/162/162 1490/163/163 1497/170/170
f 1494/167/167 1497/170/170 1490/163/163
f 1489/162/162 1497/170/170 1491/164/164
f 1497/170/170 1494/167/167 1498/171/392
f 1497/170/170 1498/171/392 1491/164/164
f 1499/172/1232 1491/164/164 1498/171/392
f 1496/169/169 1495/168/168 1500/173/173
f 1486/159/159 1500/173/173 1495/168/168
f 1496/169/169 1500/173/173 1501/174/174
f 1501/174/174 1500/173/173 1502/175/1233
f 1501/174/174 1502/175/1233 1503/176/176
f 1486/159/159 1504/177/177 1500/173/173
f 1502/175/1233 1500/173/173 1504/177/177
f 1505/178/178 1504/177/177 1486/159/159
f 1505/178/178 1486/159/159 1482/155/155
f 1482/155/155 1481/154/154 1505/178/178
f 1506/179/179 1504/177/177 1505/178/178
f 1502/175/1233 1504/177/177 1506/179/179
f 1507/180/180 1505/178/178 1481/154/154
f 1506/179/179 1505/178/178 1507/180/180
f 1503/176/176 1502/175/1233 1508/181/181
f 1503/176/176 1508/181/181 1509/182/182
f 1510/183/183 1502/175/1233 1506/179/179
f 1510/183/183 1508/181/181 1502/175/1233
f 1511/184/184 1506/179/179 1507/180/180
f 1511/184/184 1510/183/183 1506/179/179
f 1509/182/182 1508/181/181 1512/185/368
f 1510/183/183 1512/185/368 1508/181/181
f 1509/182/182 1512/185/368 1513/186/186
f 1511/184/184 1514/187/187 1510/183/183
f 1510/183/183 1514/187/187 1512/185/368
f 1513/186/186 1512/185/368 1515/188/188
f 1515/188/188 1512/185/368 1514/187/187
f 1513/186/186 1515/188/188 1516/189/189
f 1516/189/189 1515/188/188 1517/190/190
f 1516/189/189 1517/190/190 1518/191/191
f 1518/191/191 1517/190/190 1519/192/192
f 1518/191/191 1519/192/192 1520/193/193
f 1521/194/194 1517/190/190 1515/188/188
f 1521/194/194 1519/192/192 1517/190/190
f 1519/192/192 1522/195/195 1520/193/193
f 1521/194/194 1515/188/188 1523/196/196
f 1515/188/188 1514/187/187 1523/196/196
f 1521/194/194 1524/197/197 1519/192/192
f 1519/192/192 1525/198/198 1522/195/195
f 1525/198/198 1519/192/192 1524/197/197
f 1526/199/199 1522/195/195 1525/198/198
f 1526/199/199 1527/200/200 1522/195/195
f 1527/200/200 1526/199/199 1528/201/201
f 1527/200/200 1528/201/201 1529/202/202
f 1530/203/203 1526/199/199 1525/198/198
f 1530/203/203 1528/201/201 1526/199/199
f 1525/198/198 1524/197/197 1531/204/204
f 1530/203/203 1525/198/198 1531/204/204
f 1529/202/202 1528/201/201 1532/205/205
f 1529/202/202 1532/205/205 1533/206/206
f 1530/203/203 1534/207/207 1528/201/201
f 1532/205/205 1528/201/201 1534/207/207
f 1535/208/208 1530/203/203 1531/204/204
f 1535/208/208 1534/207/207 1530/203/203
f 1531/204/204 1524/197/197 1536/209/209
f 1536/209/209 1524/197/197 1521/194/194
f 1535/208/208 1531/204/204 1537/210/210
f 1531/204/204 1536/209/209 1537/210/210
f 1538/211/211 1535/208/208 1537/210/210
f 1536/209/209 1521/194/194 1539/212/212
f 1539/212/212 1521/194/194 1523/196/196
f 1537/210/210 1536/209/209 1540/213/213
f 1539/212/212 1540/213/213 1536/209/209
f 1535/208/208 1541/214/1234 1534/207/207
f 1541/214/1234 1535/208/208 1538/211/211
f 1542/215/215 1534/207/207 1541/214/1234
f 1532/205/205 1534/207/207 1542/215/215
f 1543/216/216 1532/205/205 1542/215/215
f 1542/215/215 1541/214/1234 1544/217/217
f 1543/216/216 1545/218/218 1532/205/205
f 1533/206/206 1532/205/205 1545/218/218
f 1533/206/206 1545/218/218 1546/219/219
f 1546/219/219 1545/218/218 1547/220/220
f 1543/216/216 1547/220/220 1545/218/218
f 1546/219/219 1547/220/220 1548/221/221
f 1549/222/222 1543/216/216 1542/215/215
f 1549/222/222 1542/215/215 1544/217/217
f 1548/221/221 1547/220/220 1550/223/223
f 1548/221/221 1550/223/223 1551/224/224
f 1543/216/216 1552/225/225 1547/220/220
f 1550/223/223 1547/220/220 1552/225/225
f 1553/226/1235 1543/216/216 1549/222/222
f 1553/226/1235 1552/225/225 1543/216/216
f 1551/224/224 1550/223/223 1554/227/227
f 1551/224/224 1554/227/227 1555/228/1132
f 1550/223/223 1552/225/225 1556/229/229
f 1556/229/229 1552/225/225 1553/226/1235
f 1557/230/230 1554/227/227 1550/223/223
f 1557/230/230 1550/223/223 1556/229/229
f 1555/228/1132 1554/227/227 1558/231/231
f 1557/230/230 1558/231/231 1554/227/227
f 1555/228/1132 1558/231/231 1559/232/1236
f 1559/232/1236 1558/231/231 1560/233/233
f 1559/232/1236 1560/233/233 1561/234/382
f 1557/230/230 1562/235/235 1558/231/231
f 1560/233/233 1558/231/231 1562/235/235
f 1563/236/1237 1557/230/230 1556/229/229
f 1563/236/1237 1562/235/235 1557/230/230
f 1561/234/382 1560/233/233 1564/237/237
f 1561/234/382 1564/237/237 1565/238/238
f 1566/239/239 1564/237/237 1560/233/233
f 1565/238/238 1564/237/237 1567/240/240
f 1566/239/239 1567/240/240 1564/237/237
f 1565/238/238 1567/240/240 1499/172/1232
f 1499/172/1232 1567/240/240 1491/164/164
f 1491/164/164 1567/240/240 1568/241/241
f 1566/239/239 1568/241/241 1567/240/240
f 1491/164/164 1568/241/241 1487/160/160
f 1487/160/160 1568/241/241 1421/94/94
f 1421/94/94 1568/241/241 1566/239/239
f 1421/94/94 1566/239/239 1409/82/82
f 1566/239/239 1560/233/233 1569/242/242
f 1409/82/82 1566/239/239 1569/242/242
f 1560/233/233 1562/235/235 1569/242/242
f 1409/82/82 1569/242/242 1406/79/79
f 1569/242/242 1562/235/235 1570/243/1238
f 1569/242/242 1570/243/1238 1406/79/79
f 1563/236/1237 1570/243/1238 1562/235/235
f 1406/79/79 1570/243/1238 1404/77/77
f 1570/243/1238 1571/244/1239 1404/77/77
f 1570/243/1238 1563/236/1237 1571/244/1239
f 1404/77/77 1571/244/1239 1402/75/1219
f 1571/244/1239 1563/236/1237 1572/245/245
f 1563/236/1237 1556/229/229 1572/245/245
f 1556/229/229 1553/226/1235 1572/245/245
f 1402/75/1219 1571/244/1239 1573/246/246
f 1571/244/1239 1572/245/245 1573/246/246
f 1402/75/1219 1573/246/246 1393/66/1215
f 1572/245/245 1553/226/1235 1574/247/247
f 1572/245/245 1574/247/247 1573/246/246
f 1549/222/222 1574/247/247 1553/226/1235
f 1573/246/246 1575/248/248 1393/66/1215
f 1573/246/246 1574/247/247 1575/248/248
f 1393/66/1215 1575/248/248 1392/65/65
f 1575/248/248 1394/67/67 1392/65/65
f 1549/222/222 1576/249/249 1574/247/247
f 1576/249/249 1549/222/222 1544/217/217
f 1574/247/247 1577/250/250 1575/248/248
f 1574/247/247 1576/249/249 1577/250/250
f 1575/248/248 1577/250/250 1394/67/67
f 1576/249/249 1544/217/217 1578/251/251
f 1577/250/250 1576/249/249 1578/251/251
f 1544/217/217 1579/252/252 1578/251/251
f 1544/217/217 1541/214/1234 1579/252/252
f 1577/250/250 1578/251/251 1580/253/253
f 1394/67/67 1577/250/250 1580/253/253
f 1541/214/1234 1538/211/211 1579/252/252
f 1578/251/251 1579/252/252 1581/254/1240
f 1578/251/251 1581/254/1240 1580/253/253
f 1538/211/211 1581/254/1240 1579/252/252
f 1394/67/67 1580/253/253 1582/255/255
f 1396/69/69 1394/67/67 1582/255/255
f 1580/253/253 1581/254/1240 1583/256/256
f 1580/253/253 1583/256/256 1582/255/255
f 1538/211/211 1584/257/257 1581/254/1240
f 1584/257/257 1583/256/256 1581/254/1240
f 1584/257/257 1538/211/211 1585/258/258
f 1538/211/211 1537/210/210 1585/258/258
f 1537/210/210 1540/213/213 1585/258/258
f 1396/69/69 1582/255/255 1586/259/259
f 1397/70/1216 1396/69/69 1586/259/259
f 1582/255/255 1583/256/256 1587/260/260
f 1582/255/255 1587/260/260 1586/259/259
f 1397/70/1216 1586/259/259 1588/261/261
f 1589/262/1241 1397/70/1216 1588/261/261
f 1586/259/259 1590/263/263 1588/261/261
f 1586/259/259 1587/260/260 1590/263/263
f 1589/262/1241 1588/261/261 1590/263/263
f 1589/262/1241 1388/61/1214 1397/70/1216
f 1589/262/1241 1590/263/263 1591/264/264
f 1592/265/265 1388/61/1214 1589/262/1241
f 1592/265/265 1589/262/1241 1591/264/264
f 1592/265/265 1593/266/266 1388/61/1214
f 1388/61/1214 1593/266/266 1371/44/1210
f 1594/267/267 1590/263/263 1587/260/260
f 1594/267/267 1591/264/264 1590/263/263
f 1583/256/256 1595/268/268 1587/260/260
f 1594/267/267 1587/260/260 1595/268/268
f 1583/256/256 1596/269/269 1595/268/268
f 1584/257/257 1596/269/269 1583/256/256
f 1596/269/269 1584/257/257 1597/270/270
f 1584/257/257 1585/258/258 1597/270/270
f 1595/268/268 1596/269/269 1598/271/271
f 1596/269/269 1597/270/270 1598/271/271
f 1595/268/268 1598/271/271 1599/272/272
f 1594/267/267 1595/268/268 1599/272/272
f 1597/270/270 1600/273/273 1598/271/271
f 1585/258/258 1601/274/1242 1597/270/270
f 1597/270/270 1601/274/1242 1600/273/273
f 1585/258/258 1540/213/213 1601/274/1242
f 1594/267/267 1599/272/272 1602/275/275
f 1598/271/271 1600/273/273 1603/276/276
f 1598/271/271 1603/276/276 1599/272/272
f 1601/274/1242 1604/277/277 1600/273/273
f 1604/277/277 1603/276/276 1600/273/273
f 1540/213/213 1605/278/278 1601/274/1242
f 1601/274/1242 1605/278/278 1604/277/277
f 1540/213/213 1606/279/279 1605/278/278
f 1539/212/212 1606/279/279 1540/213/213
f 1599/272/272 1603/276/276 1607/280/280
f 1599/272/272 1607/280/280 1602/275/275
f 1604/277/277 1608/281/281 1603/276/276
f 1607/280/280 1603/276/276 1608/281/281
f 1606/279/279 1539/212/212 1609/282/282
f 1539/212/212 1523/196/196 1609/282/282
f 1606/279/279 1609/282/282 1610/283/283
f 1605/278/278 1606/279/279 1610/283/283
f 1523/196/196 1611/284/284 1609/282/282
f 1523/196/196 1514/187/187 1611/284/284
f 1511/184/184 1611/284/284 1514/187/187
f 1609/282/282 1611/284/284 1612/285/285
f 1609/282/282 1612/285/285 1610/283/283
f 1611/284/284 1511/184/184 1613/286/1243
f 1611/284/284 1613/286/1243 1612/285/285
f 1613/286/1243 1511/184/184 1507/180/180
f 1610/283/283 1612/285/285 1614/287/1244
f 1613/286/1243 1614/287/1244 1612/285/285
f 1605/278/278 1610/283/283 1615/288/288
f 1610/283/283 1614/287/1244 1615/288/288
f 1604/277/277 1605/278/278 1615/288/288
f 1613/286/1243 1507/180/180 1616/289/1245
f 1507/180/180 1481/154/154 1616/289/1245
f 1613/286/1243 1617/290/1246 1614/287/1244
f 1617/290/1246 1613/286/1243 1616/289/1245
f 1615/288/288 1614/287/1244 1618/291/291
f 1617/290/1246 1618/291/291 1614/287/1244
f 1604/277/277 1615/288/288 1619/292/292
f 1615/288/288 1618/291/291 1619/292/292
f 1608/281/281 1604/277/277 1619/292/292
f 1616/289/1245 1481/154/154 1620/293/1247
f 1481/154/154 1477/150/150 1620/293/1247
f 1620/293/1247 1477/150/150 1472/145/145
f 1616/289/1245 1620/293/1247 1621/294/1248
f 1617/290/1246 1616/289/1245 1621/294/1248
f 1620/293/1247 1472/145/145 1622/295/295
f 1621/294/1248 1620/293/1247 1622/295/295
f 1623/296/296 1617/290/1246 1621/294/1248
f 1617/290/1246 1623/296/296 1618/291/291
f 1621/294/1248 1622/295/295 1624/297/1249
f 1623/296/296 1621/294/1248 1624/297/1249
f 1472/145/145 1625/298/298 1622/295/295
f 1624/297/1249 1622/295/295 1625/298/298
f 1472/145/145 1470/143/143 1625/298/298
f 1471/144/144 1625/298/298 1470/143/143
f 1624/297/1249 1625/298/298 1626/299/299
f 1626/299/299 1625/298/298 1471/144/144
f 1627/300/300 1623/296/296 1624/297/1249
f 1627/300/300 1624/297/1249 1626/299/299
f 1618/291/291 1623/296/296 1627/300/300
f 1626/299/299 1471/144/144 1628/301/1250
f 1618/291/291 1627/300/300 1629/302/302
f 1630/303/303 1627/300/300 1626/299/299
f 1630/303/303 1626/299/299 1628/301/1250
f 1630/303/303 1629/302/302 1627/300/300
f 1619/292/292 1618/291/291 1629/302/302
f 1631/304/304 1628/301/1250 1471/144/144
f 1631/304/304 1630/303/303 1628/301/1250
f 1631/304/304 1471/144/144 1463/136/136
f 1461/134/1229 1631/304/304 1463/136/136
f 1631/304/304 1632/305/305 1630/303/303
f 1461/134/1229 1632/305/305 1631/304/304
f 1619/292/292 1629/302/302 1633/306/306
f 1608/281/281 1619/292/292 1633/306/306
f 1630/303/303 1634/307/307 1629/302/302
f 1633/306/306 1629/302/302 1634/307/307
f 1630/303/303 1632/305/305 1635/308/308
f 1630/303/303 1635/308/308 1634/307/307
f 1461/134/1229 1636/309/309 1632/305/305
f 1635/308/308 1632/305/305 1636/309/309
f 1636/309/309 1461/134/1229 1456/129/129
f 1633/306/306 1634/307/307 1637/310/310
f 1638/311/311 1608/281/281 1633/306/306
f 1638/311/311 1633/306/306 1637/310/310
f 1607/280/280 1608/281/281 1638/311/311
f 1639/312/312 1637/310/310 1634/307/307
f 1639/312/312 1638/311/311 1637/310/310
f 1639/312/312 1634/307/307 1635/308/308
f 1639/312/312 1640/313/313 1638/311/311
f 1607/280/280 1638/311/311 1640/313/313
f 1641/314/314 1639/312/312 1635/308/308
f 1641/314/314 1640/313/313 1639/312/312
f 1641/314/314 1635/308/308 1642/315/315
f 1635/308/308 1636/309/309 1642/315/315
f 1636/309/309 1456/129/129 1643/316/316
f 1643/316/316 1642/315/315 1636/309/309
f 1454/127/127 1643/316/316 1456/129/129
f 1643/316/316 1644/317/317 1642/315/315
f 1454/127/127 1644/317/317 1643/316/316
f 1645/318/318 1641/314/314 1642/315/315
f 1645/318/318 1642/315/315 1644/317/317
f 1454/127/127 1646/319/319 1644/317/317
f 1646/319/319 1645/318/318 1644/317/317
f 1452/125/125 1646/319/319 1454/127/127
f 1647/320/320 1641/314/314 1645/318/318
f 1641/314/314 1647/320/320 1640/313/313
f 1646/319/319 1648/321/1251 1645/318/318
f 1649/322/1252 1646/319/319 1452/125/125
f 1649/322/1252 1648/321/1251 1646/319/319
f 1455/128/128 1649/322/1252 1452/125/125
f 1650/323/323 1645/318/318 1648/321/1251
f 1649/322/1252 1650/323/323 1648/321/1251
f 1651/324/324 1649/322/1252 1455/128/128
f 1649/322/1252 1651/324/324 1650/323/323
f 1651/324/324 1455/128/128 1652/325/325
f 1647/320/320 1645/318/318 1653/326/326
f 1650/323/323 1653/326/326 1645/318/318
f 1653/326/326 1654/327/327 1647/320/320
f 1640/313/313 1647/320/320 1654/327/327
f 1655/328/328 1653/326/326 1650/323/323
f 1653/326/326 1655/328/328 1654/327/327
f 1651/324/324 1656/329/329 1650/323/323
f 1655/328/328 1650/323/323 1656/329/329
f 1652/325/325 1657/330/330 1651/324/324
f 1651/324/324 1657/330/330 1656/329/329
f 1652/325/325 1658/331/331 1657/330/330
f 1659/332/332 1657/330/330 1658/331/331
f 1640/313/313 1654/327/327 1660/333/333
f 1607/280/280 1640/313/313 1660/333/333
f 1661/334/334 1654/327/327 1655/328/328
f 1656/329/329 1661/334/334 1655/328/328
f 1662/335/335 1660/333/333 1654/327/327
f 1661/334/334 1662/335/335 1654/327/327
f 1663/336/336 1607/280/280 1660/333/333
f 1662/335/335 1663/336/336 1660/333/333
f 1663/336/336 1602/275/275 1607/280/280
f 1663/336/336 1594/267/267 1602/275/275
f 1663/336/336 1664/337/337 1594/267/267
f 1662/335/335 1664/337/337 1663/336/336
f 1594/267/267 1664/337/337 1591/264/264
f 1662/335/335 1665/338/338 1664/337/337
f 1591/264/264 1664/337/337 1665/338/338
f 1665/338/338 1662/335/335 1661/334/334
f 1591/264/264 1665/338/338 1666/339/339
f 1592/265/265 1591/264/264 1666/339/339
f 1665/338/338 1661/334/334 1667/340/340
f 1667/340/340 1666/339/339 1665/338/338
f 1668/341/341 1592/265/265 1666/339/339
f 1593/266/266 1592/265/265 1668/341/341
f 1667/340/340 1669/342/342 1666/339/339
f 1668/341/341 1666/339/339 1669/342/342
f 1670/343/343 1667/340/340 1661/334/334
f 1670/343/343 1669/342/342 1667/340/340
f 1670/343/343 1661/334/334 1671/344/1253
f 1656/329/329 1671/344/1253 1661/334/334
f 1672/345/345 1671/344/1253 1656/329/329
f 1672/345/345 1670/343/343 1671/344/1253
f 1672/345/345 1656/329/329 1657/330/330
f 1659/332/332 1672/345/345 1657/330/330
f 1673/346/346 1672/345/345 1659/332/332
f 1672/345/345 1673/346/346 1670/343/343
f 1673/346/346 1659/332/332 1674/347/347
f 1673/346/346 1674/347/347 1675/348/348
f 1673/346/346 1675/348/348 1676/349/349
f 1676/349/349 1670/343/343 1673/346/346
f 1677/350/350 1676/349/349 1675/348/348
f 1670/343/343 1678/351/351 1669/342/342
f 1676/349/349 1678/351/351 1670/343/343
f 1678/351/351 1668/341/341 1669/342/342
f 1677/350/350 1679/352/352 1676/349/349
f 1679/352/352 1678/351/351 1676/349/349
f 1678/351/351 1680/353/353 1668/341/341
f 1679/352/352 1680/353/353 1678/351/351
f 1668/341/341 1680/353/353 1681/354/354
f 1681/354/354 1680/353/353 1679/352/352
f 1677/350/350 1682/355/355 1679/352/352
f 1681/354/354 1679/352/352 1682/355/355
f 1677/350/350 1683/356/356 1682/355/355
f 1668/341/341 1681/354/354 1684/357/357
f 1593/266/266 1668/341/341 1684/357/357
f 1684/357/357 1371/44/1210 1593/266/266
f 1684/357/357 1685/358/358 1371/44/1210
f 1685/358/358 1684/357/357 1681/354/354
f 1366/39/39 1371/44/1210 1685/358/358
f 1367/40/40 1366/39/39 1685/358/358
f 1685/358/358 1681/354/354 1367/40/40
f 1682/355/355 1367/40/40 1681/354/354
f 1683/356/356 1686/359/359 1682/355/355
f 1682/355/355 1686/359/359 1367/40/40
f 1683/356/356 1687/360/360 1686/359/359
f 1329/2/1199 1367/40/40 1686/359/359
f 1330/3/3 1686/359/359 1687/360/360
f 1330/3/3 1329/2/1199 1686/359/359
s 0
f 1688/361/361 1689/362/361 1690/363/361
f 1688/361/361 1691/364/361 1689/362/361
f 1690/363/361 1689/362/361 1692/365/361
s 1
f 1690/363/361 1693/366/201 1688/361/361
f 1690/363/361 1694/367/362 1693/366/201
f 1694/367/362 1695/368/202 1693/366/201
f 1694/367/362 1696/369/200 1695/368/202
f 1693/366/201 1695/368/202 1697/370/206
f 1698/371/363 1696/369/200 1694/367/362
f 1690/363/361 1698/371/363 1694/367/362
f 1698/371/363 1699/372/195 1696/369/200
f 1690/363/361 1700/373/1254 1698/371/363
f 1700/373/1254 1699/372/195 1698/371/363
f 1692/365/361 1700/373/1254 1690/363/361
f 1700/373/1254 1701/374/193 1699/372/195
f 1702/375/365 1701/374/193 1700/373/1254
f 1692/365/361 1702/375/365 1700/373/1254
f 1702/375/365 1703/376/191 1701/374/193
f 1704/377/366 1703/376/191 1702/375/365
f 1692/365/361 1704/377/366 1702/375/365
f 1704/377/366 1705/378/367 1703/376/191
f 1706/379/368 1705/378/367 1704/377/366
f 1692/365/361 1706/379/368 1704/377/366
f 1706/379/368 1707/380/186 1705/378/367
f 1708/381/361 1706/379/368 1692/365/361
f 1709/382/369 1707/380/186 1706/379/368
f 1708/381/361 1709/382/369 1706/379/368
f 1709/382/369 1710/383/182 1707/380/186
f 1711/384/370 1710/383/182 1709/382/369
f 1708/381/361 1711/384/370 1709/382/369
f 1711/384/370 1712/385/371 1710/383/182
s 0
f 1689/362/361 1708/381/361 1692/365/361
s 1
f 1713/386/1255 1712/385/371 1711/384/370
f 1708/381/361 1713/386/1255 1711/384/370
f 1713/386/1255 1714/387/373 1712/385/371
f 1715/388/361 1713/386/1255 1708/381/361
s 0
f 1689/362/361 1715/388/361 1708/381/361
s 1
f 1716/389/374 1714/387/373 1713/386/1255
f 1715/388/361 1716/389/374 1713/386/1255
f 1716/389/374 1717/390/169 1714/387/373
f 1716/389/374 1718/391/375 1717/390/169
f 1716/389/374 1719/392/376 1718/391/375
f 1715/388/361 1719/392/376 1716/389/374
f 1719/392/376 1720/393/165 1718/391/375
f 1715/388/361 1721/394/163 1719/392/376
f 1719/392/376 1721/394/163 1720/393/165
s 0
f 1715/388/361 1689/362/361 1722/395/361
s 1
f 1722/395/361 1721/394/163 1715/388/361
f 1723/396/377 1720/393/165 1721/394/163
f 1722/395/361 1723/396/377 1721/394/163
f 1723/396/377 1724/397/167 1720/393/165
f 1724/397/167 1723/396/377 1725/398/378
f 1722/395/361 1725/398/378 1723/396/377
f 1724/397/167 1725/398/378 1726/399/171
s 0
f 1689/362/361 1727/400/361 1722/395/361
s 1
f 1722/395/361 1728/401/379 1725/398/378
f 1728/401/379 1726/399/171 1725/398/378
f 1727/400/361 1728/401/379 1722/395/361
f 1728/401/379 1729/402/172 1726/399/171
f 1730/403/237 1729/402/172 1728/401/379
f 1727/400/361 1730/403/237 1728/401/379
f 1730/403/237 1731/404/380 1729/402/172
s 0
f 1689/362/361 1691/364/361 1727/400/361
s 1
f 1732/405/381 1731/404/380 1730/403/237
f 1727/400/361 1732/405/381 1730/403/237
f 1732/405/381 1733/406/382 1731/404/380
f 1727/400/361 1734/407/231 1732/405/381
f 1734/407/231 1733/406/382 1732/405/381
f 1691/364/361 1734/407/231 1727/400/361
f 1734/407/231 1735/408/232 1733/406/382
f 1736/409/383 1735/408/232 1734/407/231
f 1691/364/361 1736/409/383 1734/407/231
f 1736/409/383 1737/410/1132 1735/408/232
f 1738/411/384 1737/410/1132 1736/409/383
f 1691/364/361 1738/411/384 1736/409/383
f 1738/411/384 1739/412/224 1737/410/1132
f 1691/364/361 1740/413/385 1738/411/384
f 1740/413/385 1739/412/224 1738/411/384
f 1688/361/361 1740/413/385 1691/364/361
f 1740/413/385 1741/414/1256 1739/412/224
f 1742/415/218 1741/414/1256 1740/413/385
f 1688/361/361 1742/415/218 1740/413/385
f 1742/415/218 1743/416/1257 1741/414/1256
f 1688/361/361 1744/417/387 1742/415/218
f 1744/417/387 1743/416/1257 1742/415/218
f 1688/361/361 1693/366/201 1744/417/387
f 1744/417/387 1697/370/206 1743/416/1257
f 1693/366/201 1697/370/206 1744/417/387
f 1745/418/224 1746/419/224 1747/420/1132
f 1748/421/221 1746/419/224 1745/418/224
f 1745/418/224 1747/420/1132 1749/422/1132
f 1748/421/221 1750/423/221 1746/419/224
f 1749/422/1132 1747/420/1132 1751/424/1236
f 1752/425/219 1750/423/221 1748/421/221
f 1749/422/1132 1751/424/1236 1753/426/232
f 1752/425/219 1754/427/219 1750/423/221
f 1753/426/232 1751/424/1236 1755/428/382
f 1756/429/206 1754/427/219 1752/425/219
f 1753/426/232 1755/428/382 1757/430/382
f 1756/429/206 1758/431/388 1754/427/219
f 1759/432/389 1758/431/388 1756/429/206
f 1759/432/389 1760/433/389 1758/431/388
f 1757/430/382 1755/428/382 1761/434/238
f 1757/430/382 1761/434/238 1762/435/390
f 1762/435/390 1761/434/238 1763/436/1232
f 1762/435/390 1763/436/1232 1764/437/391
f 1764/437/391 1763/436/1232 1765/438/392
f 1764/437/391 1765/438/392 1766/439/392
f 1767/440/167 1766/439/392 1765/438/392
f 1767/440/167 1768/441/167 1766/439/392
f 1768/441/167 1767/440/167 1769/442/393
f 1768/441/167 1769/442/393 1770/443/393
f 1771/432/394 1772/433/394 1773/431/166
f 1771/432/394 1773/431/166 1774/429/375
f 1774/429/375 1773/431/166 1775/427/169
f 1774/429/375 1775/427/169 1776/425/169
f 1776/425/169 1775/427/169 1777/423/1258
f 1776/425/169 1777/423/1258 1778/421/174
f 1778/421/174 1777/423/1258 1779/419/1259
f 1778/421/174 1779/419/1259 1780/418/371
f 1780/418/371 1779/419/1259 1781/420/182
f 1780/418/371 1781/420/182 1782/422/182
f 1782/422/182 1781/420/182 1783/424/186
f 1782/422/182 1783/424/186 1784/426/186
f 1784/426/186 1783/424/186 1785/428/189
f 1784/426/186 1785/428/189 1786/430/189
f 1786/430/189 1785/428/189 1787/434/191
f 1786/430/189 1787/434/191 1788/435/191
f 1788/435/191 1787/434/191 1789/436/193
f 1788/435/191 1789/436/193 1790/437/193
f 1791/438/395 1790/437/193 1789/436/193
f 1791/438/395 1792/439/195 1790/437/193
f 1791/438/395 1793/441/396 1792/439/195
f 1791/438/395 1794/440/396 1793/441/396
f 1793/441/396 1794/440/396 1795/442/397
f 1793/441/396 1795/442/397 1796/443/398
f 1797/444/399 1798/445/400 1799/446/1260
f 1800/447/402 1801/448/403 1797/444/399
f 1797/444/399 1801/448/403 1802/449/404
f 1800/447/402 1797/444/399 1803/450/405
f 1804/451/406 1800/447/402 1803/450/405
f 1797/444/399 1799/446/1260 1803/450/405
f 1804/451/406 1803/450/405 1805/452/407
f 1805/452/407 1803/450/405 1799/446/1260
f 1804/451/406 1805/452/407 1806/453/408
f 1804/451/406 1806/453/408 1807/454/409
f 1808/455/410 1807/454/409 1806/453/408
f 1808/455/410 1809/456/411 1807/454/409
f 1805/452/407 1810/457/412 1806/453/408
f 1810/457/412 1808/455/410 1806/453/408
f 1808/455/410 1811/458/413 1809/456/411
f 1805/452/407 1812/459/1261 1810/457/412
f 1805/452/407 1799/446/1260 1812/459/1261
f 1810/457/412 1813/460/415 1808/455/410
f 1808/455/410 1814/461/416 1811/458/413
f 1813/460/415 1814/461/416 1808/455/410
f 1815/462/417 1811/458/413 1814/461/416
f 1815/462/417 1816/463/418 1811/458/413
f 1817/464/419 1815/462/417 1814/461/416
f 1817/464/419 1814/461/416 1818/465/1262
f 1813/460/415 1818/465/1262 1814/461/416
f 1817/464/419 1818/465/1262 1819/466/421
f 1819/466/421 1818/465/1262 1813/460/415
f 1817/464/419 1819/466/421 1820/467/422
f 1810/457/412 1821/468/423 1813/460/415
f 1819/466/421 1813/460/415 1821/468/423
f 1820/467/422 1819/466/421 1822/469/424
f 1822/469/424 1819/466/421 1821/468/423
f 1820/467/422 1822/469/424 1823/470/425
f 1810/457/412 1824/471/426 1821/468/423
f 1812/459/1261 1824/471/426 1810/457/412
f 1822/469/424 1821/468/423 1825/472/427
f 1826/473/428 1823/470/425 1822/469/424
f 1826/473/428 1822/469/424 1825/472/427
f 1826/473/428 1827/474/429 1823/470/425
f 1821/468/423 1828/475/1263 1825/472/427
f 1821/468/423 1824/471/426 1828/475/1263
f 1826/473/428 1825/472/427 1829/476/431
f 1829/476/431 1825/472/427 1828/475/1263
f 1827/474/429 1826/473/428 1830/477/432
f 1830/477/432 1826/473/428 1829/476/431
f 1827/474/429 1830/477/432 1831/478/433
f 1832/479/434 1831/478/433 1830/477/432
f 1832/479/434 1833/480/435 1831/478/433
f 1830/477/432 1829/476/431 1834/481/436
f 1832/479/434 1830/477/432 1834/481/436
f 1829/476/431 1835/482/437 1834/481/436
f 1833/480/435 1832/479/434 1836/483/438
f 1833/480/435 1836/483/438 1837/484/439
f 1832/479/434 1834/481/436 1838/485/1264
f 1836/483/438 1832/479/434 1838/485/1264
f 1835/482/437 1838/485/1264 1834/481/436
f 1839/486/441 1837/484/439 1836/483/438
f 1839/486/441 1840/487/1265 1837/484/439
f 1840/487/1265 1839/486/441 1841/488/443
f 1840/487/1265 1841/488/443 1842/489/444
f 1841/488/443 1839/486/441 1843/490/445
f 1841/488/443 1843/490/445 1844/491/446
f 1839/486/441 1836/483/438 1845/492/447
f 1836/483/438 1838/485/1264 1845/492/447
f 1839/486/441 1845/492/447 1843/490/445
f 1843/490/445 1846/493/448 1844/491/446
f 1845/492/447 1838/485/1264 1847/494/449
f 1835/482/437 1847/494/449 1838/485/1264
f 1848/495/450 1843/490/445 1845/492/447
f 1845/492/447 1847/494/449 1848/495/450
f 1843/490/445 1849/496/451 1846/493/448
f 1848/495/450 1849/496/451 1843/490/445
f 1850/497/1266 1846/493/448 1849/496/451
f 1848/495/450 1850/497/1266 1849/496/451
f 1850/497/1266 1851/498/453 1846/493/448
f 1852/499/454 1851/498/453 1850/497/1266
f 1848/495/450 1853/500/1267 1850/497/1266
f 1852/499/454 1850/497/1266 1854/501/456
f 1855/502/1268 1848/495/450 1847/494/449
f 1855/502/1268 1853/500/1267 1848/495/450
f 1835/482/437 1855/502/1268 1847/494/449
f 1856/503/458 1850/497/1266 1853/500/1267
f 1856/503/458 1854/501/456 1850/497/1266
f 1856/503/458 1853/500/1267 1855/502/1268
f 1852/499/454 1854/501/456 1857/504/459
f 1857/504/459 1854/501/456 1856/503/458
f 1852/499/454 1857/504/459 1858/505/1269
f 1857/504/459 1859/506/461 1858/505/1269
f 1856/503/458 1855/502/1268 1860/507/1270
f 1857/504/459 1856/503/458 1861/508/1271
f 1860/507/1270 1861/508/1271 1856/503/458
f 1857/504/459 1862/509/464 1859/506/461
f 1862/509/464 1857/504/459 1861/508/1271
f 1859/506/461 1862/509/464 1863/510/465
f 1859/506/461 1863/510/465 1864/511/466
f 1863/510/465 1865/512/1272 1864/511/466
f 1863/510/465 1866/513/468 1865/512/1272
f 1867/514/1273 1865/512/1272 1866/513/468
f 1867/514/1273 1868/515/470 1865/512/1272
f 1869/516/471 1866/513/468 1863/510/465
f 1869/516/471 1867/514/1273 1866/513/468
f 1870/517/472 1868/515/470 1867/514/1273
f 1869/516/471 1863/510/465 1871/518/473
f 1862/509/464 1871/518/473 1863/510/465
f 1869/516/471 1872/519/1274 1867/514/1273
f 1862/509/464 1873/520/475 1871/518/473
f 1862/509/464 1861/508/1271 1873/520/475
f 1870/517/472 1867/514/1273 1874/521/476
f 1870/517/472 1874/521/476 1875/522/477
f 1870/517/472 1875/522/477 1876/523/478
f 1877/524/479 1874/521/476 1867/514/1273
f 1875/522/477 1874/521/476 1877/524/479
f 1877/524/479 1867/514/1273 1872/519/1274
f 1875/522/477 1877/524/479 1878/525/480
f 1879/526/481 1878/525/480 1877/524/479
f 1879/526/481 1880/527/482 1878/525/480
f 1877/524/479 1872/519/1274 1881/528/483
f 1877/524/479 1881/528/483 1879/526/481
f 1881/528/483 1872/519/1274 1869/516/471
f 1880/527/482 1879/526/481 1882/529/1275
f 1882/529/1275 1879/526/481 1881/528/483
f 1880/527/482 1882/529/1275 1883/530/485
f 1881/528/483 1869/516/471 1884/531/486
f 1871/518/473 1884/531/486 1869/516/471
f 1885/532/487 1881/528/483 1884/531/486
f 1871/518/473 1886/533/488 1884/531/486
f 1885/532/487 1884/531/486 1886/533/488
f 1873/520/475 1886/533/488 1871/518/473
f 1882/529/1275 1881/528/483 1887/534/489
f 1885/532/487 1887/534/489 1881/528/483
f 1888/535/490 1883/530/485 1882/529/1275
f 1887/534/489 1888/535/490 1882/529/1275
f 1888/535/490 1889/536/491 1883/530/485
f 1890/537/492 1887/534/489 1885/532/487
f 1891/538/493 1889/536/491 1888/535/490
f 1891/538/493 1892/539/494 1889/536/491
f 1887/534/489 1893/540/495 1888/535/490
f 1891/538/493 1888/535/490 1893/540/495
f 1890/537/492 1893/540/495 1887/534/489
f 1894/541/496 1892/539/494 1891/538/493
f 1894/541/496 1895/542/497 1892/539/494
f 1891/538/493 1893/540/495 1896/543/498
f 1896/543/498 1894/541/496 1891/538/493
f 1897/544/499 1893/540/495 1890/537/492
f 1897/544/499 1896/543/498 1893/540/495
f 1898/545/500 1890/537/492 1885/532/487
f 1898/545/500 1897/544/499 1890/537/492
f 1896/543/498 1899/546/1276 1894/541/496
f 1895/542/497 1894/541/496 1900/547/502
f 1895/542/497 1900/547/502 1901/548/503
f 1902/549/504 1901/548/503 1900/547/502
f 1894/541/496 1903/550/505 1900/547/502
f 1894/541/496 1899/546/1276 1903/550/505
f 1904/551/506 1899/546/1276 1896/543/498
f 1903/550/505 1899/546/1276 1904/551/506
f 1904/551/506 1896/543/498 1897/544/499
f 1903/550/505 1904/551/506 1905/552/507
f 1906/553/1277 1904/551/506 1897/544/499
f 1905/552/507 1904/551/506 1906/553/1277
f 1907/554/509 1900/547/502 1903/550/505
f 1907/554/509 1903/550/505 1905/552/507
f 1907/554/509 1908/555/510 1900/547/502
f 1902/549/504 1900/547/502 1908/555/510
f 1909/556/511 1902/549/504 1908/555/510
f 1909/556/511 1910/557/1278 1902/549/504
f 1911/558/513 1909/556/511 1908/555/510
f 1911/558/513 1908/555/510 1907/554/509
f 1911/558/513 1907/554/509 1912/559/514
f 1907/554/509 1905/552/507 1912/559/514
f 1911/558/513 1912/559/514 1913/560/515
f 1914/561/516 1913/560/515 1912/559/514
f 1905/552/507 1914/561/516 1912/559/514
f 1914/561/516 1915/562/517 1913/560/515
f 1914/561/516 1802/449/404 1915/562/517
f 1905/552/507 1916/563/1279 1914/561/516
f 1914/561/516 1917/564/519 1802/449/404
f 1916/563/1279 1917/564/519 1914/561/516
f 1797/444/399 1802/449/404 1917/564/519
f 1905/552/507 1906/553/1277 1916/563/1279
f 1798/445/400 1797/444/399 1917/564/519
f 1916/563/1279 1918/565/1280 1917/564/519
f 1798/445/400 1917/564/519 1918/565/1280
f 1919/566/521 1918/565/1280 1916/563/1279
f 1798/445/400 1918/565/1280 1919/566/521
f 1919/566/521 1916/563/1279 1906/553/1277
f 1798/445/400 1919/566/521 1920/567/522
f 1920/567/522 1799/446/1260 1798/445/400
f 1921/568/1281 1919/566/521 1906/553/1277
f 1920/567/522 1919/566/521 1921/568/1281
f 1920/567/522 1922/569/524 1799/446/1260
f 1921/568/1281 1906/553/1277 1923/570/1282
f 1906/553/1277 1897/544/499 1923/570/1282
f 1920/567/522 1921/568/1281 1924/571/1283
f 1922/569/524 1920/567/522 1924/571/1283
f 1922/569/524 1812/459/1261 1799/446/1260
f 1898/545/500 1923/570/1282 1897/544/499
f 1922/569/524 1925/572/1284 1812/459/1261
f 1812/459/1261 1925/572/1284 1824/471/426
f 1926/573/1285 1921/568/1281 1923/570/1282
f 1926/573/1285 1923/570/1282 1898/545/500
f 1926/573/1285 1924/571/1283 1921/568/1281
f 1824/471/426 1925/572/1284 1927/574/529
f 1927/574/529 1925/572/1284 1922/569/524
f 1824/471/426 1927/574/529 1828/475/1263
f 1922/569/524 1924/571/1283 1928/575/1286
f 1927/574/529 1922/569/524 1928/575/1286
f 1926/573/1285 1929/576/531 1924/571/1283
f 1928/575/1286 1924/571/1283 1929/576/531
f 1928/575/1286 1930/577/532 1927/574/529
f 1828/475/1263 1927/574/529 1930/577/532
f 1928/575/1286 1929/576/531 1931/578/533
f 1928/575/1286 1931/578/533 1930/577/532
f 1929/576/531 1926/573/1285 1932/579/534
f 1932/579/534 1926/573/1285 1898/545/500
f 1828/475/1263 1930/577/532 1933/580/535
f 1829/476/431 1828/475/1263 1933/580/535
f 1829/476/431 1933/580/535 1835/482/437
f 1933/580/535 1930/577/532 1934/581/536
f 1933/580/535 1934/581/536 1835/482/437
f 1934/581/536 1930/577/532 1931/578/533
f 1835/482/437 1934/581/536 1855/502/1268
f 1935/582/537 1855/502/1268 1934/581/536
f 1934/581/536 1931/578/533 1935/582/537
f 1935/582/537 1860/507/1270 1855/502/1268
f 1931/578/533 1929/576/531 1936/583/538
f 1931/578/533 1936/583/538 1935/582/537
f 1929/576/531 1932/579/534 1936/583/538
f 1937/584/539 1860/507/1270 1935/582/537
f 1937/584/539 1935/582/537 1936/583/538
f 1860/507/1270 1937/584/539 1861/508/1271
f 1937/584/539 1873/520/475 1861/508/1271
f 1938/585/540 1937/584/539 1936/583/538
f 1937/584/539 1938/585/540 1873/520/475
f 1938/585/540 1936/583/538 1932/579/534
f 1873/520/475 1938/585/540 1886/533/488
f 1938/585/540 1932/579/534 1939/586/541
f 1938/585/540 1939/586/541 1886/533/488
f 1932/579/534 1898/545/500 1939/586/541
f 1885/532/487 1886/533/488 1939/586/541
f 1898/545/500 1885/532/487 1939/586/541
f 1940/552/542 1941/563/543 1942/561/544
f 1940/552/542 1943/553/545 1941/563/543
f 1944/564/546 1942/561/544 1941/563/543
f 1944/564/546 1941/563/543 1945/565/1287
f 1941/563/543 1946/566/548 1945/565/1287
f 1941/563/543 1943/553/545 1946/566/548
f 1944/564/546 1945/565/1287 1947/445/549
f 1946/566/548 1947/445/549 1945/565/1287
f 1944/564/546 1947/445/549 1948/444/550
f 1949/449/551 1942/561/544 1944/564/546
f 1949/449/551 1944/564/546 1948/444/550
f 1949/449/551 1950/562/552 1942/561/544
f 1942/561/544 1950/562/552 1951/560/553
f 1949/449/551 1948/444/550 1952/448/554
f 1953/447/555 1952/448/554 1948/444/550
f 1942/561/544 1951/560/553 1954/559/556
f 1940/552/542 1942/561/544 1954/559/556
f 1955/558/557 1954/559/556 1951/560/553
f 1953/447/555 1948/444/550 1956/450/558
f 1957/451/559 1953/447/555 1956/450/558
f 1948/444/550 1958/446/560 1956/450/558
f 1948/444/550 1947/445/549 1958/446/560
f 1957/451/559 1956/450/558 1959/452/561
f 1959/452/561 1956/450/558 1958/446/560
f 1957/451/559 1959/452/561 1960/453/562
f 1957/451/559 1960/453/562 1961/454/563
f 1962/455/564 1961/454/563 1960/453/562
f 1962/455/564 1963/456/565 1961/454/563
f 1959/452/561 1964/457/1288 1960/453/562
f 1964/457/1288 1962/455/564 1960/453/562
f 1962/455/564 1965/458/567 1963/456/565
f 1959/452/561 1966/459/1289 1964/457/1288
f 1959/452/561 1958/446/560 1966/459/1289
f 1964/457/1288 1967/460/569 1962/455/564
f 1962/455/564 1968/461/570 1965/458/567
f 1967/460/569 1968/461/570 1962/455/564
f 1969/462/504 1965/458/567 1968/461/570
f 1969/462/504 1970/463/512 1965/458/567
f 1971/464/503 1969/462/504 1968/461/570
f 1971/464/503 1968/461/570 1972/465/572
f 1967/460/569 1972/465/572 1968/461/570
f 1971/464/503 1972/465/572 1973/466/573
f 1973/466/573 1972/465/572 1967/460/569
f 1971/464/503 1973/466/573 1974/467/497
f 1964/457/1288 1975/468/574 1967/460/569
f 1973/466/573 1967/460/569 1975/468/574
f 1974/467/497 1973/466/573 1976/469/575
f 1976/469/575 1973/466/573 1975/468/574
f 1974/467/497 1976/469/575 1977/470/494
f 1964/457/1288 1978/471/1290 1975/468/574
f 1966/459/1289 1978/471/1290 1964/457/1288
f 1976/469/575 1975/468/574 1979/472/577
f 1980/473/578 1977/470/494 1976/469/575
f 1980/473/578 1976/469/575 1979/472/577
f 1980/473/578 1981/474/1291 1977/470/494
f 1975/468/574 1982/475/580 1979/472/577
f 1975/468/574 1978/471/1290 1982/475/580
f 1980/473/578 1979/472/577 1983/476/1292
f 1983/476/1292 1979/472/577 1982/475/580
f 1981/474/1291 1980/473/578 1984/477/582
f 1984/477/582 1980/473/578 1983/476/1292
f 1981/474/1291 1984/477/582 1985/478/485
f 1986/479/583 1985/478/485 1984/477/582
f 1986/479/583 1987/480/482 1985/478/485
f 1984/477/582 1983/476/1292 1988/481/584
f 1986/479/583 1984/477/582 1988/481/584
f 1983/476/1292 1989/482/585 1988/481/584
f 1987/480/482 1986/479/583 1990/483/586
f 1987/480/482 1990/483/586 1991/484/587
f 1986/479/583 1988/481/584 1992/485/588
f 1990/483/586 1986/479/583 1992/485/588
f 1989/482/585 1992/485/588 1988/481/584
f 1993/486/589 1991/484/587 1990/483/586
f 1993/486/589 1994/487/590 1991/484/587
f 1994/487/590 1993/486/589 1995/488/1293
f 1994/487/590 1995/488/1293 1996/489/478
f 1995/488/1293 1993/486/589 1997/490/592
f 1995/488/1293 1997/490/592 1998/491/593
f 1993/486/589 1990/483/586 1999/492/1294
f 1990/483/586 1992/485/588 1999/492/1294
f 1993/486/589 1999/492/1294 1997/490/592
f 1997/490/592 2000/493/595 1998/491/593
f 1999/492/1294 1992/485/588 2001/494/1295
f 1989/482/585 2001/494/1295 1992/485/588
f 2002/495/1296 1997/490/592 1999/492/1294
f 1999/492/1294 2001/494/1295 2002/495/1296
f 1997/490/592 2003/496/598 2000/493/595
f 2002/495/1296 2003/496/598 1997/490/592
f 2004/497/1297 2000/493/595 2003/496/598
f 2002/495/1296 2004/497/1297 2003/496/598
f 2004/497/1297 2005/498/600 2000/493/595
f 2006/499/601 2005/498/600 2004/497/1297
f 2002/495/1296 2007/500/602 2004/497/1297
f 2006/499/601 2004/497/1297 2008/501/603
f 2009/502/604 2002/495/1296 2001/494/1295
f 2009/502/604 2007/500/602 2002/495/1296
f 1989/482/585 2009/502/604 2001/494/1295
f 2010/503/1298 2004/497/1297 2007/500/602
f 2010/503/1298 2008/501/603 2004/497/1297
f 2010/503/1298 2007/500/602 2009/502/604
f 2006/499/601 2008/501/603 2011/504/606
f 2011/504/606 2008/501/603 2010/503/1298
f 2006/499/601 2011/504/606 2012/505/1299
f 2013/506/608 2012/505/1299 2011/504/606
f 2010/503/1298 2009/502/604 2014/507/1300
f 2011/504/606 2010/503/1298 2015/508/610
f 2014/507/1300 2015/508/610 2010/503/1298
f 2013/506/608 2011/504/606 2016/509/1301
f 2016/509/1301 2011/504/606 2015/508/610
f 2017/510/1302 2013/506/608 2016/509/1301
f 2017/510/1302 2018/511/613 2013/506/608
f 2017/510/1302 2019/512/614 2018/511/613
f 2017/510/1302 2020/513/615 2019/512/614
f 2021/514/616 2019/512/614 2020/513/615
f 2021/514/616 2022/515/617 2019/512/614
f 2023/516/618 2020/513/615 2017/510/1302
f 2023/516/618 2021/514/616 2020/513/615
f 2024/517/619 2022/515/617 2021/514/616
f 2023/516/618 2017/510/1302 2025/518/1303
f 2016/509/1301 2025/518/1303 2017/510/1302
f 2023/516/618 2026/519/621 2021/514/616
f 2016/509/1301 2027/520/1304 2025/518/1303
f 2016/509/1301 2015/508/610 2027/520/1304
f 2024/517/619 2021/514/616 2028/521/623
f 2024/517/619 2028/521/623 2029/522/1265
f 2024/517/619 2029/522/1265 2030/523/444
f 2031/524/625 2028/521/623 2021/514/616
f 2029/522/1265 2028/521/623 2031/524/625
f 2031/524/625 2021/514/616 2026/519/621
f 2029/522/1265 2031/524/625 2032/525/1305
f 2033/526/627 2032/525/1305 2031/524/625
f 2033/526/627 2034/527/628 2032/525/1305
f 2031/524/625 2026/519/621 2035/528/629
f 2031/524/625 2035/528/629 2033/526/627
f 2035/528/629 2026/519/621 2023/516/618
f 2034/527/628 2033/526/627 2036/529/630
f 2036/529/630 2033/526/627 2035/528/629
f 2034/527/628 2036/529/630 2037/530/433
f 2035/528/629 2023/516/618 2038/531/631
f 2025/518/1303 2038/531/631 2023/516/618
f 2039/532/1306 2035/528/629 2038/531/631
f 2025/518/1303 2040/533/633 2038/531/631
f 2039/532/1306 2038/531/631 2040/533/633
f 2040/533/633 2025/518/1303 2027/520/1304
f 2036/529/630 2035/528/629 2041/534/634
f 2039/532/1306 2041/534/634 2035/528/629
f 2042/535/635 2037/530/433 2036/529/630
f 2041/534/634 2042/535/635 2036/529/630
f 2042/535/635 2043/536/429 2037/530/433
f 2044/537/636 2041/534/634 2039/532/1306
f 2045/538/1307 2043/536/429 2042/535/635
f 2045/538/1307 2046/539/425 2043/536/429
f 2041/534/634 2047/540/1308 2042/535/635
f 2045/538/1307 2042/535/635 2047/540/1308
f 2044/537/636 2047/540/1308 2041/534/634
f 2048/541/639 2046/539/425 2045/538/1307
f 2048/541/639 2049/542/422 2046/539/425
f 2045/538/1307 2047/540/1308 2050/543/640
f 2050/543/640 2048/541/639 2045/538/1307
f 2051/544/1309 2047/540/1308 2044/537/636
f 2051/544/1309 2050/543/640 2047/540/1308
f 2052/545/1310 2044/537/636 2039/532/1306
f 2052/545/1310 2051/544/1309 2044/537/636
f 2050/543/640 2053/546/1311 2048/541/639
f 2049/542/422 2048/541/639 2054/547/644
f 2049/542/422 2054/547/644 2055/548/419
f 2056/549/417 2055/548/419 2054/547/644
f 2048/541/639 2057/550/645 2054/547/644
f 2048/541/639 2053/546/1311 2057/550/645
f 2058/551/646 2053/546/1311 2050/543/640
f 2057/550/645 2053/546/1311 2058/551/646
f 2058/551/646 2050/543/640 2051/544/1309
f 2057/550/645 2058/551/646 1940/552/542
f 1943/553/545 2058/551/646 2051/544/1309
f 1940/552/542 2058/551/646 1943/553/545
f 2059/554/647 2057/550/645 1940/552/542
f 2059/554/647 2054/547/644 2057/550/645
f 2059/554/647 1940/552/542 1954/559/556
f 1955/558/557 2059/554/647 1954/559/556
f 2059/554/647 2060/555/648 2054/547/644
f 1955/558/557 2060/555/648 2059/554/647
f 2056/549/417 2054/547/644 2060/555/648
f 1955/558/557 2061/556/649 2060/555/648
f 2061/556/649 2056/549/417 2060/555/648
f 2061/556/649 2062/557/650 2056/549/417
f 1943/553/545 2051/544/1309 2063/570/1312
f 2052/545/1310 2063/570/1312 2051/544/1309
f 2064/568/652 1943/553/545 2063/570/1312
f 2064/568/652 1946/566/548 1943/553/545
f 2065/573/653 2063/570/1312 2052/545/1310
f 2065/573/653 2064/568/652 2063/570/1312
f 2066/567/654 1946/566/548 2064/568/652
f 1946/566/548 2066/567/654 1947/445/549
f 2066/567/654 1958/446/560 1947/445/549
f 2066/567/654 2064/568/652 2067/571/655
f 2065/573/653 2067/571/655 2064/568/652
f 2066/567/654 2068/569/656 1958/446/560
f 2068/569/656 2066/567/654 2067/571/655
f 2068/569/656 1966/459/1289 1958/446/560
f 2068/569/656 2069/572/1313 1966/459/1289
f 1966/459/1289 2069/572/1313 1978/471/1290
f 1978/471/1290 2069/572/1313 2070/574/1314
f 2070/574/1314 2069/572/1313 2068/569/656
f 1978/471/1290 2070/574/1314 1982/475/580
f 2068/569/656 2067/571/655 2071/575/1315
f 2070/574/1314 2068/569/656 2071/575/1315
f 2071/575/1315 2067/571/655 2072/576/660
f 2065/573/653 2072/576/660 2067/571/655
f 2071/575/1315 2073/577/661 2070/574/1314
f 1982/475/580 2070/574/1314 2073/577/661
f 2071/575/1315 2072/576/660 2074/578/1316
f 2071/575/1315 2074/578/1316 2073/577/661
f 1982/475/580 2073/577/661 2075/580/663
f 1983/476/1292 1982/475/580 2075/580/663
f 1983/476/1292 2075/580/663 1989/482/585
f 2075/580/663 2073/577/661 2076/581/1317
f 2075/580/663 2076/581/1317 1989/482/585
f 2076/581/1317 2073/577/661 2074/578/1316
f 1989/482/585 2076/581/1317 2009/502/604
f 2077/582/665 2009/502/604 2076/581/1317
f 2076/581/1317 2074/578/1316 2077/582/665
f 2077/582/665 2014/507/1300 2009/502/604
f 2074/578/1316 2078/583/666 2077/582/665
f 2074/578/1316 2072/576/660 2078/583/666
f 2079/584/1318 2014/507/1300 2077/582/665
f 2079/584/1318 2077/582/665 2078/583/666
f 2014/507/1300 2079/584/1318 2015/508/610
f 2027/520/1304 2015/508/610 2079/584/1318
f 2027/520/1304 2079/584/1318 2080/585/1319
f 2080/585/1319 2079/584/1318 2078/583/666
f 2040/533/633 2027/520/1304 2080/585/1319
f 2072/576/660 2081/579/669 2078/583/666
f 2080/585/1319 2078/583/666 2081/579/669
f 2072/576/660 2065/573/653 2081/579/669
f 2081/579/669 2065/573/653 2052/545/1310
f 2080/585/1319 2081/579/669 2082/586/1320
f 2080/585/1319 2082/586/1320 2040/533/633
f 2081/579/669 2052/545/1310 2082/586/1320
f 2039/532/1306 2040/533/633 2082/586/1320
f 2052/545/1310 2039/532/1306 2082/586/1320
f 2083/587/1321 2084/588/1322 2085/589/176
f 2083/587/1321 2085/589/176 2086/590/182
f 2086/590/182 2087/591/1323 2083/587/1321
f 2086/590/182 2088/592/186 2087/591/1323
f 2087/591/1323 2088/592/186 2089/593/189
f 2090/594/1324 2083/587/1321 2087/591/1323
f 2090/594/1324 2084/588/1322 2083/587/1321
f 2091/595/675 2085/589/176 2084/588/1322
f 2091/595/675 2092/596/174 2085/589/176
f 2093/597/169 2092/596/174 2091/595/675
f 2094/598/676 2091/595/675 2084/588/1322
f 2093/597/169 2091/595/675 2095/599/677
f 2094/598/676 2095/599/677 2091/595/675
f 2095/599/677 2096/600/678 2093/597/169
f 2094/598/676 2084/588/1322 2097/601/679
f 2090/594/1324 2097/601/679 2084/588/1322
f 2094/598/676 2098/602/680 2095/599/677
f 2099/603/681 2094/598/676 2097/601/679
f 2090/594/1324 2099/603/681 2097/601/679
f 2099/603/681 2100/604/682 2094/598/676
f 2098/602/680 2094/598/676 2100/604/682
f 2090/594/1324 2101/605/683 2099/603/681
f 2095/599/677 2102/606/1325 2096/600/678
f 2098/602/680 2102/606/1325 2095/599/677
f 2103/607/685 2096/600/678 2102/606/1325
f 2103/607/685 2104/608/686 2096/600/678
f 2105/609/687 2103/607/685 2102/606/1325
f 2105/609/687 2102/606/1325 2106/610/688
f 2098/602/680 2106/610/688 2102/606/1325
f 2107/611/689 2105/609/687 2106/610/688
f 2098/602/680 2107/611/689 2106/610/688
f 2107/611/689 2108/612/690 2105/609/687
f 2098/602/680 2109/613/691 2107/611/689
f 2098/602/680 2100/604/682 2109/613/691
f 2110/614/692 2108/612/690 2107/611/689
f 2109/613/691 2110/614/692 2107/611/689
f 2110/614/692 2111/615/693 2108/612/690
f 2111/615/693 2110/614/692 2112/616/1326
f 2111/615/693 2112/616/1326 2113/617/695
f 2114/618/696 2113/617/695 2112/616/1326
f 2109/613/691 2115/619/1327 2110/614/692
f 2112/616/1326 2110/614/692 2115/619/1327
f 2114/618/696 2112/616/1326 2116/620/698
f 2116/620/698 2117/621/699 2114/618/696
f 2112/616/1326 2115/619/1327 2118/622/700
f 2116/620/698 2119/623/701 2117/621/699
f 2120/624/702 2117/621/699 2119/623/701
f 2121/625/703 2116/620/698 2112/616/1326
f 2121/625/703 2112/616/1326 2118/622/700
f 2116/620/698 2122/626/1328 2119/623/701
f 2116/620/698 2121/625/703 2122/626/1328
f 2120/624/702 2119/623/701 2123/627/705
f 2124/628/706 2120/624/702 2123/627/705
f 2119/623/701 2122/626/1328 2125/629/707
f 2119/623/701 2125/629/707 2123/627/705
f 2124/628/706 2123/627/705 2126/630/1329
f 2127/631/1330 2123/627/705 2125/629/707
f 2127/631/1330 2126/630/1329 2123/627/705
f 2124/628/706 2126/630/1329 2128/632/710
f 2128/632/710 2126/630/1329 2127/631/1330
f 2124/628/706 2128/632/710 2129/633/711
f 2130/634/712 2129/633/711 2128/632/710
f 2130/634/712 2131/635/713 2129/633/711
f 2128/632/710 2127/631/1330 2132/636/714
f 2132/636/714 2130/634/712 2128/632/710
f 2125/629/707 2133/637/715 2127/631/1330
f 2127/631/1330 2134/638/716 2132/636/714
f 2127/631/1330 2133/637/715 2134/638/716
f 2135/639/717 2131/635/713 2130/634/712
f 2135/639/717 2136/640/1331 2131/635/713
f 2137/641/719 2136/640/1331 2135/639/717
f 2132/636/714 2138/642/1332 2130/634/712
f 2138/642/1332 2135/639/717 2130/634/712
f 2132/636/714 2139/643/1333 2138/642/1332
f 2132/636/714 2134/638/716 2139/643/1333
f 2138/642/1332 2140/644/1334 2135/639/717
f 2137/641/719 2135/639/717 2141/645/1335
f 2141/645/1335 2142/646/724 2137/641/719
f 2138/642/1332 2139/643/1333 2143/647/725
f 2138/642/1332 2143/647/725 2140/644/1334
f 2135/639/717 2144/648/726 2141/645/1335
f 2135/639/717 2140/644/1334 2144/648/726
f 2141/645/1335 2145/649/727 2142/646/724
f 2145/649/727 2146/650/728 2142/646/724
f 2141/645/1335 2144/648/726 2147/651/729
f 2141/645/1335 2147/651/729 2145/649/727
f 2140/644/1334 2148/652/1336 2144/648/726
f 2140/644/1334 2143/647/725 2148/652/1336
f 2144/648/726 2149/653/731 2147/651/729
f 2144/648/726 2148/652/1336 2149/653/731
f 2145/649/727 2147/651/729 2150/654/732
f 2149/653/731 2150/654/732 2147/651/729
f 2145/649/727 2151/655/733 2146/650/728
f 2145/649/727 2150/654/732 2151/655/733
f 2151/655/733 2152/656/734 2146/650/728
f 2151/655/733 2153/657/735 2152/656/734
f 2153/657/735 2154/658/736 2152/656/734
f 2155/659/737 2151/655/733 2150/654/732
f 2155/659/737 2153/657/735 2151/655/733
f 2155/659/737 2150/654/732 2156/660/738
f 2149/653/731 2156/660/738 2150/654/732
f 2157/661/739 2153/657/735 2155/659/737
f 2153/657/735 2158/662/740 2154/658/736
f 2157/661/739 2158/662/740 2153/657/735
f 2158/662/740 2159/663/741 2154/658/736
f 2157/661/739 2155/659/737 2160/664/742
f 2155/659/737 2156/660/738 2160/664/742
f 2158/662/740 2157/661/739 2161/665/743
f 2158/662/740 2162/666/1337 2159/663/741
f 2158/662/740 2161/665/743 2162/666/1337
f 2162/666/1337 2163/667/745 2159/663/741
f 2162/666/1337 2164/668/746 2163/667/745
f 2165/669/747 2163/667/745 2164/668/746
f 2162/666/1337 2166/670/748 2164/668/746
f 2162/666/1337 2161/665/743 2166/670/748
f 2165/669/747 2164/668/746 2167/671/749
f 2168/672/750 2165/669/747 2167/671/749
f 2168/672/750 2167/671/749 2169/673/1338
f 2167/671/749 2170/674/752 2169/673/1338
f 2171/675/753 2167/671/749 2164/668/746
f 2167/671/749 2171/675/753 2170/674/752
f 2171/675/753 2164/668/746 2166/670/748
f 2171/675/753 2166/670/748 2172/676/754
f 2172/676/754 2166/670/748 2161/665/743
f 2170/674/752 2171/675/753 2173/677/755
f 2171/675/753 2172/676/754 2173/677/755
f 2170/674/752 2173/677/755 2174/678/756
f 2174/678/756 2173/677/755 2175/679/757
f 2174/678/756 2175/679/757 2176/680/758
f 2175/679/757 2177/681/759 2176/680/758
f 2173/677/755 2178/682/760 2175/679/757
f 2173/677/755 2172/676/754 2178/682/760
f 2175/679/757 2179/683/761 2177/681/759
f 2179/683/761 2175/679/757 2178/682/760
f 2180/684/762 2177/681/759 2179/683/761
f 2180/684/762 2181/685/763 2177/681/759
f 2179/683/761 2178/682/760 2182/686/1339
f 2181/685/763 2180/684/762 2183/687/765
f 2181/685/763 2183/687/765 2184/688/766
f 2183/687/765 2185/689/767 2184/688/766
f 2186/690/768 2180/684/762 2179/683/761
f 2186/690/768 2179/683/761 2182/686/1339
f 2180/684/762 2187/691/769 2183/687/765
f 2180/684/762 2186/690/768 2187/691/769
f 2183/687/765 2188/692/770 2185/689/767
f 2188/692/770 2183/687/765 2187/691/769
f 2185/689/767 2188/692/770 2189/693/771
f 2185/689/767 2189/693/771 2190/694/772
f 2188/692/770 2187/691/769 2191/695/773
f 2188/692/770 2192/696/1340 2189/693/771
f 2188/692/770 2191/695/773 2192/696/1340
f 2190/694/772 2189/693/771 2193/697/775
f 2190/694/772 2193/697/775 2194/698/1341
f 2193/697/775 2195/699/777 2194/698/1341
f 2189/693/771 2196/700/778 2193/697/775
f 2189/693/771 2192/696/1340 2196/700/778
f 2193/697/775 2197/701/779 2195/699/777
f 2197/701/779 2193/697/775 2196/700/778
f 2198/702/780 2195/699/777 2197/701/779
f 2198/702/780 2199/703/1342 2195/699/777
f 2200/704/782 2198/702/780 2197/701/779
f 2200/704/782 2197/701/779 2201/705/783
f 2197/701/779 2196/700/778 2201/705/783
f 2201/705/783 2202/706/784 2200/704/782
f 2203/707/1343 2201/705/783 2196/700/778
f 2203/707/1343 2196/700/778 2192/696/1340
f 2201/705/783 2204/708/786 2202/706/784
f 2203/707/1343 2204/708/786 2201/705/783
f 2204/708/786 2205/709/787 2202/706/784
f 2203/707/1343 2192/696/1340 2206/710/1344
f 2204/708/786 2207/711/789 2205/709/787
f 2208/712/790 2204/708/786 2203/707/1343
f 2208/712/790 2203/707/1343 2206/710/1344
f 2208/712/790 2207/711/789 2204/708/786
f 2207/711/789 2209/713/791 2205/709/787
f 2192/696/1340 2210/714/792 2206/710/1344
f 2192/696/1340 2191/695/773 2210/714/792
f 2208/712/790 2206/710/1344 2211/715/793
f 2210/714/792 2211/715/793 2206/710/1344
f 2207/711/789 2208/712/790 2212/716/1345
f 2212/716/1345 2208/712/790 2211/715/793
f 2207/711/789 2213/717/795 2209/713/791
f 2207/711/789 2212/716/1345 2213/717/795
f 2213/717/795 2214/718/796 2209/713/791
f 2215/719/1346 2210/714/792 2191/695/773
f 2215/719/1346 2191/695/773 2187/691/769
f 2215/719/1346 2187/691/769 2186/690/768
f 2215/719/1346 2186/690/768 2216/720/798
f 2182/686/1339 2216/720/798 2186/690/768
f 2217/721/1347 2210/714/792 2215/719/1346
f 2217/721/1347 2215/719/1346 2216/720/798
f 2217/721/1347 2218/722/800 2210/714/792
f 2210/714/792 2218/722/800 2211/715/793
f 2217/721/1347 2216/720/798 2219/723/1348
f 2182/686/1339 2220/724/802 2216/720/798
f 2220/724/802 2219/723/1348 2216/720/798
f 2221/725/803 2220/724/802 2182/686/1339
f 2221/725/803 2182/686/1339 2178/682/760
f 2221/725/803 2178/682/760 2172/676/754
f 2221/725/803 2172/676/754 2222/726/804
f 2172/676/754 2161/665/743 2222/726/804
f 2223/727/1349 2220/724/802 2221/725/803
f 2223/727/1349 2221/725/803 2222/726/804
f 2161/665/743 2224/728/806 2222/726/804
f 2223/727/1349 2222/726/804 2224/728/806
f 2161/665/743 2157/661/739 2224/728/806
f 2157/661/739 2160/664/742 2224/728/806
f 2225/729/807 2223/727/1349 2224/728/806
f 2225/729/807 2224/728/806 2160/664/742
f 2223/727/1349 2226/730/808 2220/724/802
f 2226/730/808 2223/727/1349 2225/729/807
f 2220/724/802 2226/730/808 2219/723/1348
f 2227/731/809 2225/729/807 2160/664/742
f 2227/731/809 2160/664/742 2156/660/738
f 2226/730/808 2225/729/807 2228/732/1350
f 2228/732/1350 2225/729/807 2227/731/809
f 2226/730/808 2229/733/811 2219/723/1348
f 2226/730/808 2228/732/1350 2229/733/811
f 2230/734/812 2219/723/1348 2229/733/811
f 2230/734/812 2217/721/1347 2219/723/1348
f 2218/722/800 2217/721/1347 2230/734/812
f 2231/735/1351 2227/731/809 2156/660/738
f 2231/735/1351 2156/660/738 2149/653/731
f 2228/732/1350 2227/731/809 2232/736/814
f 2231/735/1351 2232/736/814 2227/731/809
f 2228/732/1350 2232/736/814 2233/737/815
f 2228/732/1350 2233/737/815 2229/733/811
f 2234/738/816 2231/735/1351 2149/653/731
f 2234/738/816 2149/653/731 2148/652/1336
f 2231/735/1351 2235/739/817 2232/736/814
f 2234/738/816 2235/739/817 2231/735/1351
f 2236/740/1352 2233/737/815 2232/736/814
f 2236/740/1352 2232/736/814 2235/739/817
f 2237/741/819 2229/733/811 2233/737/815
f 2237/741/819 2230/734/812 2229/733/811
f 2238/742/1353 2233/737/815 2236/740/1352
f 2238/742/1353 2237/741/819 2233/737/815
f 2239/743/821 2236/740/1352 2235/739/817
f 2240/744/1354 2238/742/1353 2236/740/1352
f 2240/744/1354 2236/740/1352 2239/743/821
f 2241/745/1355 2230/734/812 2237/741/819
f 2218/722/800 2230/734/812 2241/745/1355
f 2238/742/1353 2242/746/824 2237/741/819
f 2241/745/1355 2237/741/819 2242/746/824
f 2240/744/1354 2243/747/1356 2238/742/1353
f 2238/742/1353 2243/747/1356 2242/746/824
f 2218/722/800 2241/745/1355 2244/748/826
f 2218/722/800 2244/748/826 2211/715/793
f 2212/716/1345 2211/715/793 2244/748/826
f 2241/745/1355 2245/749/827 2244/748/826
f 2241/745/1355 2242/746/824 2245/749/827
f 2246/750/828 2212/716/1345 2244/748/826
f 2246/750/828 2244/748/826 2245/749/827
f 2213/717/795 2212/716/1345 2246/750/828
f 2247/751/829 2245/749/827 2242/746/824
f 2247/751/829 2242/746/824 2243/747/1356
f 2248/752/830 2246/750/828 2245/749/827
f 2248/752/830 2245/749/827 2247/751/829
f 2213/717/795 2246/750/828 2249/753/1357
f 2248/752/830 2249/753/1357 2246/750/828
f 2213/717/795 2249/753/1357 2214/718/796
f 2250/754/832 2214/718/796 2249/753/1357
f 2248/752/830 2250/754/832 2249/753/1357
f 2250/754/832 2251/755/833 2214/718/796
f 2252/756/834 2251/755/833 2250/754/832
f 2253/757/835 2250/754/832 2248/752/830
f 2253/757/835 2248/752/830 2247/751/829
f 2252/756/834 2250/754/832 2254/758/836
f 2253/757/835 2254/758/836 2250/754/832
f 2255/759/837 2252/756/834 2254/758/836
f 2255/759/837 2256/760/838 2252/756/834
f 2257/761/839 2256/760/838 2255/759/837
f 2258/762/840 2255/759/837 2254/758/836
f 2258/762/840 2254/758/836 2253/757/835
f 2257/761/839 2255/759/837 2259/763/841
f 2259/763/841 2255/759/837 2258/762/840
f 2260/764/842 2257/761/839 2259/763/841
f 2253/757/835 2247/751/829 2261/765/843
f 2261/765/843 2258/762/840 2253/757/835
f 2262/766/1358 2261/765/843 2247/751/829
f 2262/766/1358 2247/751/829 2243/747/1356
f 2240/744/1354 2262/766/1358 2243/747/1356
f 2263/767/845 2261/765/843 2262/766/1358
f 2264/768/846 2262/766/1358 2240/744/1354
f 2264/768/846 2263/767/845 2262/766/1358
f 2261/765/843 2265/769/1359 2258/762/840
f 2263/767/845 2265/769/1359 2261/765/843
f 2239/743/821 2264/768/846 2240/744/1354
f 2266/770/1360 2265/769/1359 2263/767/845
f 2266/770/1360 2263/767/845 2264/768/846
f 2258/762/840 2265/769/1359 2267/771/1361
f 2266/770/1360 2267/771/1361 2265/769/1359
f 2258/762/840 2267/771/1361 2268/772/1362
f 2259/763/841 2258/762/840 2268/772/1362
f 2239/743/821 2269/773/1363 2264/768/846
f 2270/774/852 2259/763/841 2268/772/1362
f 2260/764/842 2259/763/841 2270/774/852
f 2268/772/1362 2267/771/1361 2271/775/853
f 2272/776/854 2260/764/842 2270/774/852
f 2272/776/854 2273/777/855 2260/764/842
f 2270/774/852 2268/772/1362 2274/778/856
f 2274/778/856 2272/776/854 2270/774/852
f 2268/772/1362 2271/775/853 2274/778/856
f 2275/779/857 2273/777/855 2272/776/854
f 2276/780/858 2271/775/853 2267/771/1361
f 2276/780/858 2267/771/1361 2266/770/1360
f 2277/781/859 2274/778/856 2271/775/853
f 2274/778/856 2278/782/860 2272/776/854
f 2277/781/859 2278/782/860 2274/778/856
f 2272/776/854 2278/782/860 2279/783/861
f 2277/781/859 2279/783/861 2278/782/860
f 2275/779/857 2272/776/854 2280/784/862
f 2272/776/854 2279/783/861 2280/784/862
f 2281/785/863 2275/779/857 2280/784/862
f 2281/785/863 2282/786/864 2275/779/857
f 2283/787/865 2282/786/864 2281/785/863
f 2284/788/866 2277/781/859 2271/775/853
f 2284/788/866 2271/775/853 2276/780/858
f 2285/789/1364 2281/785/863 2280/784/862
f 2285/789/1364 2280/784/862 2279/783/861
f 2283/787/865 2281/785/863 2286/790/868
f 2287/791/869 2283/787/865 2286/790/868
f 2288/792/870 2281/785/863 2285/789/1364
f 2288/792/870 2286/790/868 2281/785/863
f 2287/791/869 2286/790/868 2289/793/871
f 2290/794/872 2287/791/869 2289/793/871
f 2290/794/872 2291/795/873 2287/791/869
f 2286/790/868 2292/796/874 2289/793/871
f 2286/790/868 2288/792/870 2292/796/874
f 2292/796/874 2290/794/872 2289/793/871
f 2290/794/872 2293/797/875 2291/795/873
f 2290/794/872 2294/798/876 2293/797/875
f 2295/799/877 2293/797/875 2294/798/876
f 2295/799/877 2294/798/876 2296/800/878
f 2296/800/878 2297/801/879 2295/799/877
f 2294/798/876 2290/794/872 2298/802/1365
f 2292/796/874 2298/802/1365 2290/794/872
f 2294/798/876 2298/802/1365 2299/803/881
f 2296/800/878 2294/798/876 2299/803/881
f 2300/804/1366 2298/802/1365 2292/796/874
f 2296/800/878 2299/803/881 2301/805/883
f 2298/802/1365 2302/806/1367 2299/803/881
f 2298/802/1365 2300/804/1366 2302/806/1367
f 2299/803/881 2303/807/885 2301/805/883
f 2299/803/881 2302/806/1367 2303/807/885
f 2296/800/878 2301/805/883 2304/808/886
f 2303/807/885 2304/808/886 2301/805/883
f 2296/800/878 2304/808/886 2305/809/887
f 2296/800/878 2305/809/887 2297/801/879
f 2306/810/396 2297/801/879 2305/809/887
f 2306/810/396 2307/811/888 2297/801/879
f 2305/809/887 2308/812/195 2306/810/396
f 2305/809/887 2304/808/886 2308/812/195
f 2309/813/1368 2308/812/195 2304/808/886
f 2303/807/885 2309/813/1368 2304/808/886
f 2309/813/1368 2310/814/193 2308/812/195
f 2311/815/191 2310/814/193 2309/813/1368
f 2311/815/191 2309/813/1368 2312/816/891
f 2303/807/885 2312/816/891 2309/813/1368
f 2312/816/891 2089/593/189 2311/815/191
f 2303/807/885 2313/817/1369 2312/816/891
f 2313/817/1369 2303/807/885 2302/806/1367
f 2312/816/891 2314/818/893 2089/593/189
f 2313/817/1369 2314/818/893 2312/816/891
f 2087/591/1323 2089/593/189 2314/818/893
f 2313/817/1369 2315/819/894 2314/818/893
f 2316/820/895 2087/591/1323 2314/818/893
f 2316/820/895 2314/818/893 2315/819/894
f 2090/594/1324 2087/591/1323 2316/820/895
f 2090/594/1324 2316/820/895 2317/821/896
f 2318/822/1370 2316/820/895 2315/819/894
f 2313/817/1369 2318/822/1370 2315/819/894
f 2318/822/1370 2317/821/896 2316/820/895
f 2090/594/1324 2317/821/896 2101/605/683
f 2313/817/1369 2319/823/1371 2318/822/1370
f 2313/817/1369 2302/806/1367 2319/823/1371
f 2300/804/1366 2319/823/1371 2302/806/1367
f 2319/823/1371 2320/824/1372 2318/822/1370
f 2320/824/1372 2317/821/896 2318/822/1370
f 2300/804/1366 2321/825/1373 2319/823/1371
f 2319/823/1371 2321/825/1373 2320/824/1372
f 2321/825/1373 2300/804/1366 2322/826/901
f 2300/804/1366 2292/796/874 2322/826/901
f 2321/825/1373 2322/826/901 2323/827/902
f 2324/828/903 2322/826/901 2292/796/874
f 2323/827/902 2322/826/901 2324/828/903
f 2324/828/903 2292/796/874 2288/792/870
f 2325/829/1374 2321/825/1373 2323/827/902
f 2325/829/1374 2320/824/1372 2321/825/1373
f 2323/827/902 2324/828/903 2326/830/905
f 2326/830/905 2325/829/1374 2323/827/902
f 2288/792/870 2327/831/1375 2324/828/903
f 2326/830/905 2324/828/903 2327/831/1375
f 2288/792/870 2285/789/1364 2327/831/1375
f 2320/824/1372 2328/832/907 2317/821/896
f 2328/832/907 2320/824/1372 2325/829/1374
f 2329/833/908 2317/821/896 2328/832/907
f 2329/833/908 2101/605/683 2317/821/896
f 2328/832/907 2325/829/1374 2330/834/1376
f 2329/833/908 2328/832/907 2330/834/1376
f 2331/835/1377 2330/834/1376 2325/829/1374
f 2329/833/908 2330/834/1376 2332/836/911
f 2332/836/911 2330/834/1376 2331/835/1377
f 2101/605/683 2329/833/908 2333/837/912
f 2101/605/683 2333/837/912 2099/603/681
f 2333/837/912 2100/604/682 2099/603/681
f 2334/838/913 2333/837/912 2329/833/908
f 2334/838/913 2329/833/908 2332/836/911
f 2333/837/912 2335/839/914 2100/604/682
f 2335/839/914 2333/837/912 2334/838/913
f 2335/839/914 2109/613/691 2100/604/682
f 2335/839/914 2115/619/1327 2109/613/691
f 2115/619/1327 2335/839/914 2336/840/915
f 2335/839/914 2334/838/913 2336/840/915
f 2115/619/1327 2336/840/915 2118/622/700
f 2118/622/700 2336/840/915 2337/841/916
f 2337/841/916 2336/840/915 2334/838/913
f 2118/622/700 2337/841/916 2121/625/703
f 2338/842/917 2334/838/913 2332/836/911
f 2332/836/911 2331/835/1377 2338/842/917
f 2337/841/916 2334/838/913 2339/843/1378
f 2338/842/917 2339/843/1378 2334/838/913
f 2121/625/703 2337/841/916 2340/844/1379
f 2339/843/1378 2340/844/1379 2337/841/916
f 2121/625/703 2340/844/1379 2122/626/1328
f 2339/843/1378 2338/842/917 2341/845/920
f 2331/835/1377 2341/845/920 2338/842/917
f 2339/843/1378 2342/846/1380 2340/844/1379
f 2339/843/1378 2341/845/920 2342/846/1380
f 2122/626/1328 2340/844/1379 2343/847/1381
f 2343/847/1381 2340/844/1379 2342/846/1380
f 2122/626/1328 2343/847/1381 2125/629/707
f 2125/629/707 2343/847/1381 2133/637/715
f 2343/847/1381 2342/846/1380 2344/848/1382
f 2133/637/715 2343/847/1381 2344/848/1382
f 2342/846/1380 2345/849/1383 2344/848/1382
f 2342/846/1380 2341/845/920 2345/849/1383
f 2133/637/715 2344/848/1382 2346/850/1384
f 2133/637/715 2346/850/1384 2347/851/1385
f 2348/852/927 2346/850/1384 2344/848/1382
f 2348/852/927 2344/848/1382 2345/849/1383
f 2347/851/1385 2346/850/1384 2348/852/927
f 2133/637/715 2347/851/1385 2134/638/716
f 2341/845/920 2349/853/1386 2345/849/1383
f 2349/853/1386 2348/852/927 2345/849/1383
f 2350/854/929 2134/638/716 2347/851/1385
f 2350/854/929 2139/643/1333 2134/638/716
f 2347/851/1385 2348/852/927 2351/855/1387
f 2351/855/1387 2350/854/929 2347/851/1385
f 2348/852/927 2352/856/931 2351/855/1387
f 2353/857/932 2139/643/1333 2350/854/929
f 2353/857/932 2143/647/725 2139/643/1333
f 2148/652/1336 2143/647/725 2353/857/932
f 2351/855/1387 2354/858/1388 2350/854/929
f 2354/858/1388 2353/857/932 2350/854/929
f 2352/856/931 2354/858/1388 2351/855/1387
f 2148/652/1336 2353/857/932 2234/738/816
f 2353/857/932 2355/859/934 2234/738/816
f 2234/738/816 2355/859/934 2235/739/817
f 2239/743/821 2235/739/817 2355/859/934
f 2353/857/932 2356/860/1389 2355/859/934
f 2356/860/1389 2239/743/821 2355/859/934
f 2354/858/1388 2356/860/1389 2353/857/932
f 2356/860/1389 2269/773/1363 2239/743/821
f 2357/861/936 2356/860/1389 2354/858/1388
f 2357/861/936 2269/773/1363 2356/860/1389
f 2352/856/931 2357/861/936 2354/858/1388
f 2264/768/846 2269/773/1363 2357/861/936
f 2264/768/846 2357/861/936 2358/862/937
f 2358/862/937 2357/861/936 2352/856/931
f 2266/770/1360 2264/768/846 2358/862/937
f 2276/780/858 2266/770/1360 2358/862/937
f 2276/780/858 2358/862/937 2359/863/938
f 2358/862/937 2352/856/931 2359/863/938
f 2359/863/938 2284/788/866 2276/780/858
f 2360/864/939 2359/863/938 2352/856/931
f 2348/852/927 2360/864/939 2352/856/931
f 2359/863/938 2361/865/940 2284/788/866
f 2360/864/939 2361/865/940 2359/863/938
f 2349/853/1386 2360/864/939 2348/852/927
f 2360/864/939 2362/866/941 2361/865/940
f 2360/864/939 2349/853/1386 2362/866/941
f 2284/788/866 2361/865/940 2362/866/941
f 2284/788/866 2362/866/941 2363/867/942
f 2363/867/942 2277/781/859 2284/788/866
f 2349/853/1386 2364/868/1390 2362/866/941
f 2364/868/1390 2363/867/942 2362/866/941
f 2349/853/1386 2365/869/944 2364/868/1390
f 2341/845/920 2365/869/944 2349/853/1386
f 2331/835/1377 2365/869/944 2341/845/920
f 2366/870/1391 2365/869/944 2331/835/1377
f 2366/870/1391 2364/868/1390 2365/869/944
f 2331/835/1377 2325/829/1374 2366/870/1391
f 2326/830/905 2366/870/1391 2325/829/1374
f 2366/870/1391 2367/871/946 2364/868/1390
f 2366/870/1391 2326/830/905 2367/871/946
f 2364/868/1390 2367/871/946 2363/867/942
f 2326/830/905 2327/831/1375 2367/871/946
f 2367/871/946 2368/872/947 2363/867/942
f 2367/871/946 2327/831/1375 2368/872/947
f 2363/867/942 2368/872/947 2277/781/859
f 2368/872/947 2327/831/1375 2285/789/1364
f 2277/781/859 2368/872/947 2279/783/861
f 2368/872/947 2285/789/1364 2279/783/861
f 2369/813/1392 2370/814/172 2371/812/171
f 2372/815/238 2370/814/172 2369/813/1392
f 2372/815/238 2369/813/1392 2373/816/949
f 2373/816/949 2374/593/950 2372/815/238
f 2375/807/1393 2373/816/949 2369/813/1392
f 2369/813/1392 2371/812/171 2376/808/952
f 2375/807/1393 2369/813/1392 2376/808/952
f 2377/809/953 2376/808/952 2371/812/171
f 2377/809/953 2371/812/171 2378/810/954
f 2378/810/954 2379/801/955 2377/809/953
f 2378/810/954 2380/811/393 2379/801/955
f 2381/800/956 2377/809/953 2379/801/955
f 2381/800/956 2376/808/952 2377/809/953
f 2381/800/956 2379/801/955 2382/799/957
f 2381/800/956 2383/805/1394 2376/808/952
f 2375/807/1393 2376/808/952 2383/805/1394
f 2382/799/957 2384/798/959 2381/800/956
f 2382/799/957 2385/797/1395 2384/798/959
f 2381/800/956 2386/803/961 2383/805/1394
f 2386/803/961 2375/807/1393 2383/805/1394
f 2381/800/956 2384/798/959 2386/803/961
f 2387/794/962 2384/798/959 2385/797/1395
f 2387/794/962 2385/797/1395 2388/795/693
f 2387/794/962 2388/795/693 2389/791/695
f 2384/798/959 2387/794/962 2390/802/963
f 2384/798/959 2390/802/963 2386/803/961
f 2387/794/962 2389/791/695 2391/793/964
f 2386/803/961 2392/806/965 2375/807/1393
f 2390/802/963 2392/806/965 2386/803/961
f 2393/817/966 2375/807/1393 2392/806/965
f 2375/807/1393 2393/817/966 2373/816/949
f 2389/791/695 2394/790/967 2391/793/964
f 2389/791/695 2395/787/968 2394/790/967
f 2396/796/969 2387/794/962 2391/793/964
f 2396/796/969 2390/802/963 2387/794/962
f 2394/790/967 2396/796/969 2391/793/964
f 2395/787/968 2397/785/970 2394/790/967
f 2395/787/968 2398/786/1396 2397/785/970
f 2397/785/970 2398/786/1396 2399/779/702
f 2400/792/1397 2394/790/967 2397/785/970
f 2394/790/967 2400/792/1397 2396/796/969
f 2397/785/970 2399/779/702 2401/784/972
f 2400/792/1397 2397/785/970 2402/789/973
f 2402/789/973 2397/785/970 2401/784/972
f 2399/779/702 2403/776/974 2401/784/972
f 2399/779/702 2404/777/975 2403/776/974
f 2403/776/974 2404/777/975 2405/764/711
f 2402/789/973 2401/784/972 2406/783/1398
f 2403/776/974 2406/783/1398 2401/784/972
f 2403/776/974 2407/782/977 2406/783/1398
f 2408/872/978 2402/789/973 2406/783/1398
f 2409/781/1399 2406/783/1398 2407/782/977
f 2409/781/1399 2408/872/978 2406/783/1398
f 2410/778/980 2407/782/977 2403/776/974
f 2409/781/1399 2407/782/977 2410/778/980
f 2403/776/974 2405/764/711 2411/774/981
f 2410/778/980 2403/776/974 2411/774/981
f 2405/764/711 2412/763/982 2411/774/981
f 2405/764/711 2413/761/713 2412/763/982
f 2411/774/981 2414/772/983 2410/778/980
f 2411/774/981 2412/763/982 2414/772/983
f 2409/781/1399 2410/778/980 2415/775/984
f 2414/772/983 2415/775/984 2410/778/980
f 2413/761/713 2416/759/985 2412/763/982
f 2413/761/713 2417/760/718 2416/759/985
f 2416/759/985 2417/760/718 2418/756/719
f 2412/763/982 2416/759/985 2419/762/1400
f 2412/763/982 2419/762/1400 2414/772/983
f 2416/759/985 2418/756/719 2420/758/987
f 2419/762/1400 2416/759/985 2420/758/987
f 2418/756/719 2421/754/988 2420/758/987
f 2418/756/719 2422/755/724 2421/754/988
f 2421/754/988 2422/755/724 2423/718/728
f 2424/757/989 2420/758/987 2421/754/988
f 2419/762/1400 2420/758/987 2424/757/989
f 2421/754/988 2423/718/728 2425/753/990
f 2419/762/1400 2426/771/1401 2414/772/983
f 2414/772/983 2426/771/1401 2415/775/984
f 2424/757/989 2421/754/988 2427/752/992
f 2427/752/992 2421/754/988 2425/753/990
f 2428/717/993 2425/753/990 2423/718/728
f 2428/717/993 2423/718/728 2429/713/734
f 2427/752/992 2425/753/990 2430/750/1402
f 2428/717/993 2430/750/1402 2425/753/990
f 2424/757/989 2427/752/992 2431/751/995
f 2432/711/996 2428/717/993 2429/713/734
f 2432/711/996 2429/713/734 2433/709/736
f 2428/717/993 2434/716/997 2430/750/1402
f 2432/711/996 2434/716/997 2428/717/993
f 2427/752/992 2430/750/1402 2435/749/1403
f 2427/752/992 2435/749/1403 2431/751/995
f 2430/750/1402 2434/716/997 2436/748/999
f 2430/750/1402 2436/748/999 2435/749/1403
f 2437/708/1000 2432/711/996 2433/709/736
f 2437/708/1000 2433/709/736 2438/706/1001
f 2432/711/996 2439/712/1002 2434/716/997
f 2439/712/1002 2432/711/996 2437/708/1000
f 2434/716/997 2440/715/1003 2436/748/999
f 2434/716/997 2439/712/1002 2440/715/1003
f 2441/705/1004 2437/708/1000 2438/706/1001
f 2441/705/1004 2438/706/1001 2442/704/745
f 2439/712/1002 2437/708/1000 2443/707/1005
f 2443/707/1005 2437/708/1000 2441/705/1004
f 2439/712/1002 2444/710/1006 2440/715/1003
f 2439/712/1002 2443/707/1005 2444/710/1006
f 2445/714/1007 2440/715/1003 2444/710/1006
f 2443/707/1005 2446/696/1404 2444/710/1006
f 2446/696/1404 2445/714/1007 2444/710/1006
f 2443/707/1005 2441/705/1004 2447/700/1009
f 2443/707/1005 2447/700/1009 2446/696/1404
f 2442/704/745 2448/701/1010 2441/705/1004
f 2448/701/1010 2447/700/1009 2441/705/1004
f 2442/704/745 2449/702/747 2448/701/1010
f 2449/702/747 2450/699/1011 2448/701/1010
f 2449/702/747 2451/703/1012 2450/699/1011
f 2452/697/1013 2448/701/1010 2450/699/1011
f 2448/701/1010 2452/697/1013 2447/700/1009
f 2452/697/1013 2450/699/1011 2453/698/1014
f 2454/694/1015 2452/697/1013 2453/698/1014
f 2455/693/1016 2447/700/1009 2452/697/1013
f 2454/694/1015 2455/693/1016 2452/697/1013
f 2455/693/1016 2446/696/1404 2447/700/1009
f 2456/689/1405 2455/693/1016 2454/694/1015
f 2457/692/1018 2446/696/1404 2455/693/1016
f 2456/689/1405 2457/692/1018 2455/693/1016
f 2457/692/1018 2458/695/1019 2446/696/1404
f 2446/696/1404 2458/695/1019 2445/714/1007
f 2459/687/1020 2457/692/1018 2456/689/1405
f 2459/687/1020 2456/689/1405 2460/688/1021
f 2461/685/1022 2459/687/1020 2460/688/1021
f 2457/692/1018 2459/687/1020 2462/691/1023
f 2457/692/1018 2462/691/1023 2458/695/1019
f 2461/685/1022 2463/684/1024 2459/687/1020
f 2463/684/1024 2462/691/1023 2459/687/1020
f 2463/684/1024 2461/685/1022 2464/681/1025
f 2465/719/1026 2458/695/1019 2462/691/1023
f 2465/719/1026 2445/714/1007 2458/695/1019
f 2463/684/1024 2466/690/1406 2462/691/1023
f 2465/719/1026 2462/691/1023 2466/690/1406
f 2463/684/1024 2464/681/1025 2467/683/1028
f 2466/690/1406 2463/684/1024 2467/683/1028
f 2468/679/1029 2467/683/1028 2464/681/1025
f 2468/679/1029 2464/681/1025 2469/680/1030
f 2470/678/1031 2468/679/1029 2469/680/1030
f 2470/678/1031 2471/677/1032 2468/679/1029
f 2472/674/1407 2471/677/1032 2470/678/1031
f 2467/683/1028 2468/679/1029 2473/682/1034
f 2471/677/1032 2473/682/1034 2468/679/1029
f 2466/690/1406 2467/683/1028 2474/686/1035
f 2467/683/1028 2473/682/1034 2474/686/1035
f 2474/686/1035 2475/720/1036 2466/690/1406
f 2465/719/1026 2466/690/1406 2475/720/1036
f 2476/725/1037 2474/686/1035 2473/682/1034
f 2471/677/1032 2477/676/1408 2473/682/1034
f 2476/725/1037 2473/682/1034 2477/676/1408
f 2474/686/1035 2478/724/1409 2475/720/1036
f 2476/725/1037 2478/724/1409 2474/686/1035
f 2479/721/1410 2465/719/1026 2475/720/1036
f 2479/721/1410 2445/714/1007 2465/719/1026
f 2478/724/1409 2480/723/1041 2475/720/1036
f 2479/721/1410 2475/720/1036 2480/723/1041
f 2479/721/1410 2481/722/1042 2445/714/1007
f 2445/714/1007 2481/722/1042 2440/715/1003
f 2481/722/1042 2436/748/999 2440/715/1003
f 2481/722/1042 2479/721/1410 2482/734/1043
f 2482/734/1043 2479/721/1410 2480/723/1041
f 2481/722/1042 2483/745/1044 2436/748/999
f 2481/722/1042 2482/734/1043 2483/745/1044
f 2483/745/1044 2435/749/1403 2436/748/999
f 2483/745/1044 2484/746/1045 2435/749/1403
f 2483/745/1044 2482/734/1043 2485/741/1411
f 2483/745/1044 2485/741/1411 2484/746/1045
f 2431/751/995 2435/749/1403 2484/746/1045
f 2485/741/1411 2482/734/1043 2486/733/1047
f 2482/734/1043 2480/723/1041 2486/733/1047
f 2485/741/1411 2486/733/1047 2487/737/1048
f 2488/742/1049 2484/746/1045 2485/741/1411
f 2488/742/1049 2485/741/1411 2487/737/1048
f 2431/751/995 2484/746/1045 2489/747/1050
f 2488/742/1049 2489/747/1050 2484/746/1045
f 2490/730/1051 2486/733/1047 2480/723/1041
f 2478/724/1409 2490/730/1051 2480/723/1041
f 2490/730/1051 2491/732/1052 2486/733/1047
f 2491/732/1052 2487/737/1048 2486/733/1047
f 2492/727/1412 2490/730/1051 2478/724/1409
f 2492/727/1412 2478/724/1409 2476/725/1037
f 2490/730/1051 2493/729/1413 2491/732/1052
f 2490/730/1051 2492/727/1412 2493/729/1413
f 2492/727/1412 2476/725/1037 2494/726/1055
f 2476/725/1037 2477/676/1408 2494/726/1055
f 2493/729/1413 2492/727/1412 2495/728/1414
f 2492/727/1412 2494/726/1055 2495/728/1414
f 2477/676/1408 2496/665/1057 2494/726/1055
f 2496/665/1057 2495/728/1414 2494/726/1055
f 2477/676/1408 2497/670/1058 2496/665/1057
f 2493/729/1413 2495/728/1414 2498/664/1059
f 2499/675/1060 2497/670/1058 2477/676/1408
f 2499/675/1060 2477/676/1408 2471/677/1032
f 2472/674/1407 2499/675/1060 2471/677/1032
f 2496/665/1057 2500/661/1061 2495/728/1414
f 2500/661/1061 2498/664/1059 2495/728/1414
f 2501/671/1062 2499/675/1060 2472/674/1407
f 2501/671/1062 2472/674/1407 2502/673/1063
f 2503/672/1064 2501/671/1062 2502/673/1063
f 2503/672/1064 2504/669/780 2501/671/1062
f 2499/675/1060 2501/671/1062 2505/668/1065
f 2504/669/780 2505/668/1065 2501/671/1062
f 2499/675/1060 2505/668/1065 2497/670/1058
f 2504/669/780 2506/667/1066 2505/668/1065
f 2507/666/1067 2497/670/1058 2505/668/1065
f 2507/666/1067 2505/668/1065 2506/667/1066
f 2507/666/1067 2496/665/1057 2497/670/1058
f 2507/666/1067 2506/667/1066 2508/663/1068
f 2509/662/1069 2496/665/1057 2507/666/1067
f 2509/662/1069 2507/666/1067 2508/663/1068
f 2509/662/1069 2500/661/1061 2496/665/1057
f 2509/662/1069 2508/663/1068 2510/658/787
f 2511/657/1070 2509/662/1069 2510/658/787
f 2500/661/1061 2509/662/1069 2511/657/1070
f 2511/657/1070 2510/658/787 2512/656/791
f 2500/661/1061 2511/657/1070 2513/659/1071
f 2500/661/1061 2513/659/1071 2498/664/1059
f 2514/655/1415 2511/657/1070 2512/656/791
f 2513/659/1071 2511/657/1070 2514/655/1415
f 2514/655/1415 2512/656/791 2515/650/796
f 2516/649/1073 2514/655/1415 2515/650/796
f 2516/649/1073 2515/650/796 2517/646/833
f 2513/659/1071 2514/655/1415 2518/654/1074
f 2516/649/1073 2518/654/1074 2514/655/1415
f 2513/659/1071 2519/660/1075 2498/664/1059
f 2513/659/1071 2518/654/1074 2519/660/1075
f 2520/645/1076 2516/649/1073 2517/646/833
f 2520/645/1076 2517/646/833 2521/641/834
f 2516/649/1073 2522/651/1416 2518/654/1074
f 2520/645/1076 2522/651/1416 2516/649/1073
f 2523/653/1078 2519/660/1075 2518/654/1074
f 2523/653/1078 2518/654/1074 2522/651/1416
f 2524/731/1079 2498/664/1059 2519/660/1075
f 2524/731/1079 2493/729/1413 2498/664/1059
f 2491/732/1052 2493/729/1413 2524/731/1079
f 2520/645/1076 2525/648/1080 2522/651/1416
f 2525/648/1080 2523/653/1078 2522/651/1416
f 2491/732/1052 2524/731/1079 2526/736/1417
f 2491/732/1052 2526/736/1417 2487/737/1048
f 2527/735/1082 2524/731/1079 2519/660/1075
f 2527/735/1082 2526/736/1417 2524/731/1079
f 2527/735/1082 2519/660/1075 2523/653/1078
f 2528/739/1083 2487/737/1048 2526/736/1417
f 2527/735/1082 2528/739/1083 2526/736/1417
f 2529/738/1084 2527/735/1082 2523/653/1078
f 2529/738/1084 2528/739/1083 2527/735/1082
f 2529/738/1084 2523/653/1078 2530/652/1418
f 2525/648/1080 2530/652/1418 2523/653/1078
f 2528/739/1083 2531/740/1086 2487/737/1048
f 2488/742/1049 2487/737/1048 2531/740/1086
f 2529/738/1084 2532/859/1419 2528/739/1083
f 2533/744/1420 2488/742/1049 2531/740/1086
f 2534/743/1089 2531/740/1086 2528/739/1083
f 2534/743/1089 2528/739/1083 2532/859/1419
f 2533/744/1420 2531/740/1086 2534/743/1089
f 2533/744/1420 2489/747/1050 2488/742/1049
f 2535/857/1421 2532/859/1419 2529/738/1084
f 2530/652/1418 2535/857/1421 2529/738/1084
f 2536/860/1422 2534/743/1089 2532/859/1419
f 2535/857/1421 2536/860/1422 2532/859/1419
f 2536/860/1422 2537/773/1092 2534/743/1089
f 2533/744/1420 2538/766/1093 2489/747/1050
f 2538/766/1093 2431/751/995 2489/747/1050
f 2534/743/1089 2539/768/1094 2533/744/1420
f 2539/768/1094 2538/766/1093 2533/744/1420
f 2534/743/1089 2537/773/1092 2539/768/1094
f 2538/766/1093 2540/765/1423 2431/751/995
f 2424/757/989 2431/751/995 2540/765/1423
f 2540/765/1423 2419/762/1400 2424/757/989
f 2541/767/1096 2540/765/1423 2538/766/1093
f 2539/768/1094 2541/767/1096 2538/766/1093
f 2540/765/1423 2542/769/1097 2419/762/1400
f 2541/767/1096 2542/769/1097 2540/765/1423
f 2419/762/1400 2542/769/1097 2426/771/1401
f 2543/770/1424 2542/769/1097 2541/767/1096
f 2543/770/1424 2426/771/1401 2542/769/1097
f 2543/770/1424 2541/767/1096 2539/768/1094
f 2544/780/1099 2426/771/1401 2543/770/1424
f 2544/780/1099 2415/775/984 2426/771/1401
f 2543/770/1424 2539/768/1094 2545/862/1425
f 2544/780/1099 2543/770/1424 2545/862/1425
f 2546/788/1101 2415/775/984 2544/780/1099
f 2546/788/1101 2409/781/1399 2415/775/984
f 2544/780/1099 2545/862/1425 2547/863/1426
f 2547/863/1426 2546/788/1101 2544/780/1099
f 2539/768/1094 2548/861/1103 2545/862/1425
f 2539/768/1094 2537/773/1092 2548/861/1103
f 2548/861/1103 2537/773/1092 2536/860/1422
f 2545/862/1425 2548/861/1103 2549/856/1427
f 2545/862/1425 2549/856/1427 2547/863/1426
f 2548/861/1103 2536/860/1422 2550/858/1428
f 2549/856/1427 2548/861/1103 2550/858/1428
f 2550/858/1428 2536/860/1422 2535/857/1421
f 2547/863/1426 2551/865/1106 2546/788/1101
f 2549/856/1427 2550/858/1428 2552/855/1429
f 2553/864/1430 2551/865/1106 2547/863/1426
f 2553/864/1430 2547/863/1426 2549/856/1427
f 2546/788/1101 2551/865/1106 2554/866/1109
f 2553/864/1430 2554/866/1109 2551/865/1106
f 2546/788/1101 2554/866/1109 2555/867/1110
f 2555/867/1110 2409/781/1399 2546/788/1101
f 2555/867/1110 2408/872/978 2409/781/1399
f 2556/852/1111 2553/864/1430 2549/856/1427
f 2556/852/1111 2549/856/1427 2552/855/1429
f 2553/864/1430 2557/853/1112 2554/866/1109
f 2557/853/1112 2553/864/1430 2556/852/1111
f 2558/868/1113 2555/867/1110 2554/866/1109
f 2557/853/1112 2558/868/1113 2554/866/1109
f 2559/871/1431 2408/872/978 2555/867/1110
f 2558/868/1113 2559/871/1431 2555/867/1110
f 2559/871/1431 2560/831/1432 2408/872/978
f 2408/872/978 2560/831/1432 2402/789/973
f 2400/792/1397 2402/789/973 2560/831/1432
f 2400/792/1397 2560/831/1432 2561/828/1116
f 2561/828/1116 2396/796/969 2400/792/1397
f 2562/830/1433 2560/831/1432 2559/871/1431
f 2562/830/1433 2561/828/1116 2560/831/1432
f 2563/870/1434 2559/871/1431 2558/868/1113
f 2563/870/1434 2562/830/1433 2559/871/1431
f 2563/870/1434 2558/868/1113 2564/869/1435
f 2557/853/1112 2564/869/1435 2558/868/1113
f 2562/830/1433 2563/870/1434 2565/829/1120
f 2566/827/1436 2561/828/1116 2562/830/1433
f 2562/830/1433 2565/829/1120 2566/827/1436
f 2566/827/1436 2567/826/1122 2561/828/1116
f 2561/828/1116 2567/826/1122 2396/796/969
f 2568/825/1437 2567/826/1122 2566/827/1436
f 2565/829/1120 2568/825/1437 2566/827/1436
f 2569/804/1124 2396/796/969 2567/826/1122
f 2568/825/1437 2569/804/1124 2567/826/1122
f 2569/804/1124 2390/802/963 2396/796/969
f 2390/802/963 2569/804/1124 2392/806/965
f 2569/804/1124 2570/823/1125 2392/806/965
f 2569/804/1124 2568/825/1437 2570/823/1125
f 2393/817/966 2392/806/965 2570/823/1125
f 2570/823/1125 2568/825/1437 2571/824/1438
f 2565/829/1120 2571/824/1438 2568/825/1437
f 2393/817/966 2570/823/1125 2572/822/1127
f 2570/823/1125 2571/824/1438 2572/822/1127
f 2393/817/966 2572/822/1127 2573/819/1439
f 2393/817/966 2573/819/1439 2574/818/1440
f 2393/817/966 2574/818/1440 2373/816/949
f 2373/816/949 2574/818/1440 2374/593/950
f 2575/820/1130 2574/818/1440 2573/819/1439
f 2572/822/1127 2575/820/1130 2573/819/1439
f 2576/591/1441 2374/593/950 2574/818/1440
f 2575/820/1130 2576/591/1441 2574/818/1440
f 2576/591/1441 2577/592/232 2374/593/950
f 2578/590/1132 2577/592/232 2576/591/1441
f 2578/590/1132 2576/591/1441 2579/587/1133
f 2579/587/1133 2580/589/224 2578/590/1132
f 2581/594/1134 2579/587/1133 2576/591/1441
f 2581/594/1134 2576/591/1441 2575/820/1130
f 2579/587/1133 2582/588/1135 2580/589/224
f 2581/594/1134 2582/588/1135 2579/587/1133
f 2583/595/1442 2580/589/224 2582/588/1135
f 2583/595/1442 2584/596/221 2580/589/224
f 2585/597/1137 2584/596/221 2583/595/1442
f 2581/594/1134 2586/601/1138 2582/588/1135
f 2585/597/1137 2583/595/1442 2587/599/1443
f 2588/598/1444 2583/595/1442 2582/588/1135
f 2588/598/1444 2582/588/1135 2586/601/1138
f 2588/598/1444 2587/599/1443 2583/595/1442
f 2587/599/1443 2589/600/1141 2585/597/1137
f 2590/603/1142 2588/598/1444 2586/601/1138
f 2581/594/1134 2590/603/1142 2586/601/1138
f 2588/598/1444 2591/602/1143 2587/599/1443
f 2581/594/1134 2592/605/1144 2590/603/1142
f 2575/820/1130 2592/605/1144 2581/594/1134
f 2590/603/1142 2593/604/1445 2588/598/1444
f 2591/602/1143 2588/598/1444 2593/604/1445
f 2592/605/1144 2594/837/1146 2590/603/1142
f 2594/837/1146 2593/604/1445 2590/603/1142
f 2575/820/1130 2595/821/1147 2592/605/1144
f 2572/822/1127 2595/821/1147 2575/820/1130
f 2571/824/1438 2595/821/1147 2572/822/1127
f 2596/833/1148 2592/605/1144 2595/821/1147
f 2592/605/1144 2596/833/1148 2594/837/1146
f 2571/824/1438 2597/832/1149 2595/821/1147
f 2596/833/1148 2595/821/1147 2597/832/1149
f 2597/832/1149 2571/824/1438 2565/829/1120
f 2596/833/1148 2597/832/1149 2598/834/1446
f 2597/832/1149 2565/829/1120 2598/834/1446
f 2596/833/1148 2598/834/1446 2599/836/1151
f 2600/838/1152 2594/837/1146 2596/833/1148
f 2600/838/1152 2596/833/1148 2599/836/1151
f 2598/834/1446 2601/842/1447 2599/836/1151
f 2601/842/1447 2600/838/1152 2599/836/1151
f 2602/835/1154 2598/834/1446 2565/829/1120
f 2598/834/1446 2602/835/1154 2601/842/1447
f 2602/835/1154 2565/829/1120 2563/870/1434
f 2563/870/1434 2564/869/1435 2602/835/1154
f 2602/835/1154 2564/869/1435 2603/845/1448
f 2602/835/1154 2603/845/1448 2601/842/1447
f 2603/845/1448 2564/869/1435 2557/853/1112
f 2603/845/1448 2557/853/1112 2604/849/1449
f 2557/853/1112 2556/852/1111 2604/849/1449
f 2605/843/1450 2601/842/1447 2603/845/1448
f 2601/842/1447 2605/843/1450 2600/838/1152
f 2606/846/1158 2603/845/1448 2604/849/1449
f 2605/843/1450 2603/845/1448 2606/846/1158
f 2556/852/1111 2607/848/1451 2604/849/1449
f 2606/846/1158 2604/849/1449 2607/848/1451
f 2556/852/1111 2608/850/1452 2607/848/1451
f 2609/851/1453 2608/850/1452 2556/852/1111
f 2609/851/1453 2556/852/1111 2552/855/1429
f 2610/637/1454 2607/848/1451 2608/850/1452
f 2610/637/1454 2608/850/1452 2609/851/1453
f 2611/847/1163 2606/846/1158 2607/848/1451
f 2610/637/1454 2611/847/1163 2607/848/1451
f 2605/843/1450 2606/846/1158 2612/844/1164
f 2611/847/1163 2612/844/1164 2606/846/1158
f 2605/843/1450 2612/844/1164 2613/841/1455
f 2613/841/1455 2600/838/1152 2605/843/1450
f 2614/626/1456 2612/844/1164 2611/847/1163
f 2615/625/1457 2613/841/1455 2612/844/1164
f 2615/625/1457 2612/844/1164 2614/626/1456
f 2613/841/1455 2616/840/1458 2600/838/1152
f 2617/622/1169 2613/841/1455 2615/625/1457
f 2617/622/1169 2616/840/1458 2613/841/1455
f 2614/626/1456 2611/847/1163 2618/629/1170
f 2618/629/1170 2611/847/1163 2610/637/1454
f 2619/839/1459 2600/838/1152 2616/840/1458
f 2619/839/1459 2594/837/1146 2600/838/1152
f 2594/837/1146 2619/839/1459 2593/604/1445
f 2620/619/1460 2619/839/1459 2616/840/1458
f 2620/619/1460 2616/840/1458 2617/622/1169
f 2619/839/1459 2621/613/1173 2593/604/1445
f 2619/839/1459 2620/619/1460 2621/613/1173
f 2591/602/1143 2593/604/1445 2621/613/1173
f 2622/616/1461 2620/619/1460 2617/622/1169
f 2615/625/1457 2622/616/1461 2617/622/1169
f 2621/613/1173 2620/619/1460 2623/614/1175
f 2622/616/1461 2623/614/1175 2620/619/1460
f 2591/602/1143 2621/613/1173 2624/611/1462
f 2621/613/1173 2623/614/1175 2624/611/1462
f 2591/602/1143 2624/611/1462 2625/610/1177
f 2623/614/1175 2626/612/1463 2624/611/1462
f 2623/614/1175 2627/615/873 2626/612/1463
f 2627/615/873 2623/614/1175 2622/616/1461
f 2624/611/1462 2626/612/1463 2628/609/1179
f 2624/611/1462 2628/609/1179 2625/610/1177
f 2627/615/873 2622/616/1461 2629/617/869
f 2630/618/1180 2629/617/869 2622/616/1461
f 2591/602/1143 2625/610/1177 2631/606/1181
f 2628/609/1179 2631/606/1181 2625/610/1177
f 2591/602/1143 2631/606/1181 2587/599/1443
f 2628/609/1179 2632/607/1182 2631/606/1181
f 2587/599/1443 2631/606/1181 2589/600/1141
f 2632/607/1182 2589/600/1141 2631/606/1181
f 2632/607/1182 2633/608/389 2589/600/1141
f 2630/618/1180 2622/616/1461 2634/620/1464
f 2615/625/1457 2634/620/1464 2622/616/1461
f 2634/620/1464 2635/621/864 2630/618/1180
f 2634/620/1464 2615/625/1457 2614/626/1456
f 2634/620/1464 2636/623/1184 2635/621/864
f 2634/620/1464 2614/626/1456 2636/623/1184
f 2637/624/857 2635/621/864 2636/623/1184
f 2636/623/1184 2614/626/1456 2618/629/1170
f 2637/624/857 2636/623/1184 2638/627/1185
f 2636/623/1184 2618/629/1170 2638/627/1185
f 2639/628/855 2637/624/857 2638/627/1185
f 2640/631/1186 2638/627/1185 2618/629/1170
f 2639/628/855 2638/627/1185 2641/630/1465
f 2640/631/1186 2641/630/1465 2638/627/1185
f 2618/629/1170 2610/637/1454 2640/631/1186
f 2639/628/855 2641/630/1465 2642/632/1466
f 2642/632/1466 2641/630/1465 2640/631/1186
f 2639/628/855 2642/632/1466 2643/633/842
f 2640/631/1186 2610/637/1454 2644/638/1467
f 2610/637/1454 2609/851/1453 2644/638/1467
f 2642/632/1466 2640/631/1186 2645/636/1190
f 2640/631/1186 2644/638/1467 2645/636/1190
f 2646/634/1191 2643/633/842 2642/632/1466
f 2645/636/1190 2646/634/1191 2642/632/1466
f 2646/634/1191 2647/635/839 2643/633/842
f 2648/854/1192 2644/638/1467 2609/851/1453
f 2552/855/1429 2648/854/1192 2609/851/1453
f 2552/855/1429 2550/858/1428 2648/854/1192
f 2550/858/1428 2535/857/1421 2648/854/1192
f 2648/854/1192 2649/643/1468 2644/638/1467
f 2535/857/1421 2649/643/1468 2648/854/1192
f 2645/636/1190 2644/638/1467 2649/643/1468
f 2535/857/1421 2650/647/1469 2649/643/1468
f 2530/652/1418 2650/647/1469 2535/857/1421
f 2645/636/1190 2649/643/1468 2651/642/1195
f 2651/642/1195 2649/643/1468 2650/647/1469
f 2645/636/1190 2651/642/1195 2646/634/1191
f 2652/644/1196 2650/647/1469 2530/652/1418
f 2651/642/1195 2650/647/1469 2652/644/1196
f 2652/644/1196 2530/652/1418 2525/648/1080
f 2651/642/1195 2653/639/1470 2646/634/1191
f 2651/642/1195 2652/644/1196 2653/639/1470
f 2653/639/1470 2652/644/1196 2525/648/1080
f 2653/639/1470 2647/635/839 2646/634/1191
f 2653/639/1470 2525/648/1080 2520/645/1076
f 2653/639/1470 2654/640/838 2647/635/839
f 2521/641/834 2653/639/1470 2520/645/1076
f 2521/641/834 2654/640/838 2653/639/1470
f 2655/1/1198 2656/2/1471 2657/3/3
f 2655/1/1198 2657/3/3 2658/4/4
f 2658/4/4 2659/5/5 2655/1/1198
f 2658/4/4 2660/6/6 2659/5/5
f 2661/7/7 2659/5/5 2660/6/6
f 2662/8/8 2655/1/1198 2659/5/5
f 2661/7/7 2663/9/9 2659/5/5
f 2663/9/9 2662/8/8 2659/5/5
f 2664/10/10 2663/9/9 2661/7/7
f 2664/10/10 2661/7/7 2665/11/11
f 2663/9/9 2666/12/1472 2662/8/8
f 2663/9/9 2664/10/10 2667/13/13
f 2663/9/9 2667/13/13 2666/12/1472
f 2665/11/11 2668/14/1473 2664/10/10
f 2665/11/11 2669/15/15 2668/14/1473
f 2670/16/16 2668/14/1473 2669/15/15
f 2664/10/10 2668/14/1473 2671/17/1474
f 2664/10/10 2671/17/1474 2667/13/13
f 2670/16/16 2672/18/1475 2668/14/1473
f 2672/18/1475 2671/17/1474 2668/14/1473
f 2673/19/1476 2672/18/1475 2670/16/16
f 2673/19/1476 2670/16/16 2674/20/20
f 2672/18/1475 2675/21/21 2671/17/1474
f 2674/20/20 2676/22/22 2673/19/1476
f 2674/20/20 2677/23/1203 2676/22/22
f 2672/18/1475 2673/19/1476 2678/24/1477
f 2672/18/1475 2678/24/1477 2675/21/21
f 2676/22/22 2678/24/1477 2673/19/1476
f 2679/25/25 2676/22/22 2677/23/1203
f 2671/17/1474 2675/21/21 2680/26/26
f 2678/24/1477 2680/26/26 2675/21/21
f 2681/27/1478 2667/13/13 2671/17/1474
f 2671/17/1474 2680/26/26 2681/27/1478
f 2681/27/1478 2682/28/28 2667/13/13
f 2682/28/28 2681/27/1478 2683/29/1479
f 2680/26/26 2683/29/1479 2681/27/1478
f 2667/13/13 2682/28/28 2684/30/30
f 2667/13/13 2684/30/30 2666/12/1472
f 2662/8/8 2666/12/1472 2684/30/30
f 2685/31/31 2684/30/30 2682/28/28
f 2682/28/28 2683/29/1479 2685/31/31
f 2662/8/8 2684/30/30 2686/32/32
f 2687/33/1206 2662/8/8 2686/32/32
f 2662/8/8 2687/33/1206 2655/1/1198
f 2684/30/30 2688/34/34 2686/32/32
f 2685/31/31 2689/35/35 2684/30/30
f 2684/30/30 2689/35/35 2688/34/34
f 2690/36/1207 2685/31/31 2683/29/1479
f 2689/35/35 2685/31/31 2690/36/1207
f 2656/2/1471 2655/1/1198 2687/33/1206
f 2687/33/1206 2686/32/32 2691/37/37
f 2691/37/37 2686/32/32 2688/34/34
f 2656/2/1471 2687/33/1206 2692/38/1480
f 2687/33/1206 2691/37/37 2693/39/39
f 2687/33/1206 2693/39/39 2692/38/1480
f 2656/2/1471 2692/38/1480 2694/40/40
f 2694/40/40 2692/38/1480 2693/39/39
f 2691/37/37 2688/34/34 2695/41/41
f 2695/41/41 2693/39/39 2691/37/37
f 2696/42/42 2695/41/41 2688/34/34
f 2695/41/41 2697/43/43 2693/39/39
f 2697/43/43 2695/41/41 2696/42/42
f 2693/39/39 2697/43/43 2698/44/1210
f 2689/35/35 2699/45/45 2688/34/34
f 2696/42/42 2688/34/34 2699/45/45
f 2689/35/35 2700/46/46 2699/45/45
f 2701/47/47 2696/42/42 2699/45/45
f 2700/46/46 2701/47/47 2699/45/45
f 2689/35/35 2690/36/1207 2700/46/46
f 2701/47/47 2702/48/48 2696/42/42
f 2700/46/46 2703/49/49 2701/47/47
f 2697/43/43 2696/42/42 2704/50/50
f 2704/50/50 2696/42/42 2702/48/48
f 2697/43/43 2704/50/50 2705/51/51
f 2697/43/43 2705/51/51 2698/44/1210
f 2700/46/46 2706/52/52 2703/49/49
f 2700/46/46 2690/36/1207 2706/52/52
f 2707/53/53 2701/47/47 2703/49/49
f 2706/52/52 2707/53/53 2703/49/49
f 2707/53/53 2708/54/54 2701/47/47
f 2702/48/48 2701/47/47 2708/54/54
f 2706/52/52 2709/55/55 2707/53/53
f 2704/50/50 2702/48/48 2710/56/1481
f 2711/57/1212 2706/52/52 2690/36/1207
f 2711/57/1212 2709/55/55 2706/52/52
f 2704/50/50 2710/56/1481 2712/58/58
f 2704/50/50 2712/58/58 2705/51/51
f 2702/48/48 2713/59/1213 2710/56/1481
f 2713/59/1213 2712/58/58 2710/56/1481
f 2702/48/48 2714/60/60 2713/59/1213
f 2702/48/48 2708/54/54 2714/60/60
f 2712/58/58 2715/61/1214 2705/51/51
f 2715/61/1214 2698/44/1210 2705/51/51
f 2713/59/1213 2716/62/62 2712/58/58
f 2714/60/60 2717/63/63 2713/59/1213
f 2717/63/63 2716/62/62 2713/59/1213
f 2714/60/60 2718/64/64 2717/63/63
f 2718/64/64 2714/60/60 2708/54/54
f 2717/63/63 2719/65/65 2716/62/62
f 2720/66/1215 2719/65/65 2717/63/63
f 2718/64/64 2720/66/1215 2717/63/63
f 2721/67/67 2716/62/62 2719/65/65
f 2718/64/64 2708/54/54 2722/68/68
f 2712/58/58 2716/62/62 2723/69/69
f 2721/67/67 2723/69/69 2716/62/62
f 2712/58/58 2723/69/69 2724/70/1216
f 2712/58/58 2724/70/1216 2715/61/1214
f 2725/71/71 2722/68/68 2708/54/54
f 2725/71/71 2708/54/54 2707/53/53
f 2709/55/55 2725/71/71 2707/53/53
f 2709/55/55 2726/72/72 2725/71/71
f 2727/73/1217 2722/68/68 2725/71/71
f 2726/72/72 2727/73/1217 2725/71/71
f 2727/73/1217 2728/74/1218 2722/68/68
f 2728/74/1218 2718/64/64 2722/68/68
f 2728/74/1218 2729/75/75 2718/64/64
f 2718/64/64 2729/75/75 2720/66/1215
f 2730/76/76 2728/74/1218 2727/73/1217
f 2731/77/77 2729/75/75 2728/74/1218
f 2730/76/76 2731/77/77 2728/74/1218
f 2732/78/78 2730/76/76 2727/73/1217
f 2726/72/72 2732/78/78 2727/73/1217
f 2733/79/79 2731/77/77 2730/76/76
f 2732/78/78 2734/80/80 2730/76/76
f 2734/80/80 2733/79/79 2730/76/76
f 2735/81/81 2734/80/80 2732/78/78
f 2734/80/80 2736/82/82 2733/79/79
f 2736/82/82 2734/80/80 2735/81/81
f 2737/83/83 2732/78/78 2726/72/72
f 2735/81/81 2732/78/78 2737/83/83
f 2737/83/83 2726/72/72 2738/84/84
f 2726/72/72 2739/85/1482 2738/84/84
f 2726/72/72 2709/55/55 2739/85/1482
f 2711/57/1212 2739/85/1482 2709/55/55
f 2740/86/1483 2738/84/84 2739/85/1482
f 2741/87/1484 2737/83/83 2738/84/84
f 2741/87/1484 2738/84/84 2740/86/1483
f 2742/88/88 2737/83/83 2741/87/1484
f 2742/88/88 2735/81/81 2737/83/83
f 2743/89/89 2741/87/1484 2740/86/1483
f 2744/90/1485 2742/88/88 2741/87/1484
f 2743/89/89 2744/90/1485 2741/87/1484
f 2744/90/1485 2745/91/1486 2742/88/88
f 2744/90/1485 2743/89/89 2746/92/92
f 2747/93/93 2735/81/81 2742/88/88
f 2745/91/1486 2747/93/93 2742/88/88
f 2747/93/93 2748/94/94 2735/81/81
f 2736/82/82 2735/81/81 2748/94/94
f 2749/95/95 2743/89/89 2740/86/1483
f 2746/92/92 2743/89/89 2749/95/95
f 2740/86/1483 2739/85/1482 2750/96/96
f 2749/95/95 2740/86/1483 2750/96/96
f 2750/96/96 2739/85/1482 2711/57/1212
f 2750/96/96 2711/57/1212 2751/97/97
f 2752/98/98 2749/95/95 2750/96/96
f 2752/98/98 2750/96/96 2751/97/97
f 2753/99/1487 2751/97/97 2711/57/1212
f 2753/99/1487 2752/98/98 2751/97/97
f 2753/99/1487 2711/57/1212 2754/100/1488
f 2711/57/1212 2690/36/1207 2754/100/1488
f 2690/36/1207 2683/29/1479 2754/100/1488
f 2755/101/101 2754/100/1488 2683/29/1479
f 2755/101/101 2753/99/1487 2754/100/1488
f 2680/26/26 2755/101/101 2683/29/1479
f 2755/101/101 2756/102/1489 2753/99/1487
f 2753/99/1487 2756/102/1489 2752/98/98
f 2757/103/1490 2755/101/101 2680/26/26
f 2755/101/101 2757/103/1490 2756/102/1489
f 2757/103/1490 2680/26/26 2758/104/1491
f 2678/24/1477 2758/104/1491 2680/26/26
f 2759/105/105 2756/102/1489 2757/103/1490
f 2752/98/98 2756/102/1489 2759/105/105
f 2758/104/1491 2760/106/106 2757/103/1490
f 2759/105/105 2757/103/1490 2760/106/106
f 2678/24/1477 2761/107/107 2758/104/1491
f 2758/104/1491 2761/107/107 2760/106/106
f 2678/24/1477 2762/108/1492 2761/107/107
f 2676/22/22 2762/108/1492 2678/24/1477
f 2763/109/109 2760/106/106 2761/107/107
f 2762/108/1492 2763/109/109 2761/107/107
f 2764/110/110 2759/105/105 2760/106/106
f 2763/109/109 2764/110/110 2760/106/106
f 2765/111/1493 2762/108/1492 2676/22/22
f 2679/25/25 2765/111/1493 2676/22/22
f 2765/111/1493 2766/112/1494 2762/108/1492
f 2762/108/1492 2766/112/1494 2763/109/109
f 2767/113/1495 2765/111/1493 2679/25/25
f 2765/111/1493 2768/114/114 2766/112/1494
f 2768/114/114 2763/109/109 2766/112/1494
f 2765/111/1493 2767/113/1495 2768/114/114
f 2767/113/1495 2679/25/25 2769/115/115
f 2768/114/114 2770/116/1496 2763/109/109
f 2769/115/115 2771/117/1226 2767/113/1495
f 2769/115/115 2772/118/118 2771/117/1226
f 2773/119/119 2771/117/1226 2772/118/118
f 2767/113/1495 2771/117/1226 2774/120/120
f 2767/113/1495 2774/120/120 2768/114/114
f 2773/119/119 2775/121/1497 2771/117/1226
f 2775/121/1497 2774/120/120 2771/117/1226
f 2776/122/122 2775/121/1497 2773/119/119
f 2776/122/122 2773/119/119 2777/123/123
f 2775/121/1497 2778/124/1498 2774/120/120
f 2777/123/123 2779/125/125 2776/122/122
f 2777/123/123 2780/126/126 2779/125/125
f 2775/121/1497 2776/122/122 2781/127/127
f 2775/121/1497 2781/127/127 2778/124/1498
f 2779/125/125 2781/127/127 2776/122/122
f 2782/128/128 2779/125/125 2780/126/126
f 2774/120/120 2778/124/1498 2783/129/129
f 2781/127/127 2783/129/129 2778/124/1498
f 2784/130/1499 2768/114/114 2774/120/120
f 2774/120/120 2783/129/129 2784/130/1499
f 2784/130/1499 2770/116/1496 2768/114/114
f 2770/116/1496 2784/130/1499 2785/131/1500
f 2783/129/129 2785/131/1500 2784/130/1499
f 2770/116/1496 2785/131/1500 2786/132/132
f 2786/132/132 2763/109/109 2770/116/1496
f 2786/132/132 2764/110/110 2763/109/109
f 2787/133/133 2786/132/132 2785/131/1500
f 2764/110/110 2786/132/132 2787/133/133
f 2783/129/129 2788/134/1229 2785/131/1500
f 2764/110/110 2787/133/133 2789/135/135
f 2764/110/110 2789/135/135 2759/105/105
f 2787/133/133 2785/131/1500 2790/136/136
f 2788/134/1229 2790/136/136 2785/131/1500
f 2789/135/135 2791/137/1501 2759/105/105
f 2752/98/98 2759/105/105 2791/137/1501
f 2789/135/135 2792/138/1230 2791/137/1501
f 2752/98/98 2791/137/1501 2793/139/139
f 2752/98/98 2793/139/139 2749/95/95
f 2746/92/92 2749/95/95 2793/139/139
f 2794/140/140 2793/139/139 2791/137/1501
f 2794/140/140 2791/137/1501 2792/138/1230
f 2789/135/135 2795/141/141 2792/138/1230
f 2795/141/141 2794/140/140 2792/138/1230
f 2789/135/135 2787/133/133 2795/141/141
f 2796/142/142 2793/139/139 2794/140/140
f 2796/142/142 2746/92/92 2793/139/139
f 2795/141/141 2797/143/143 2794/140/140
f 2797/143/143 2796/142/142 2794/140/140
f 2798/144/144 2795/141/141 2787/133/133
f 2798/144/144 2797/143/143 2795/141/141
f 2798/144/144 2787/133/133 2790/136/136
f 2797/143/143 2799/145/145 2796/142/142
f 2800/146/1502 2746/92/92 2796/142/142
f 2799/145/145 2800/146/1502 2796/142/142
f 2800/146/1502 2801/147/147 2746/92/92
f 2744/90/1485 2746/92/92 2801/147/147
f 2745/91/1486 2744/90/1485 2801/147/147
f 2802/148/148 2801/147/147 2800/146/1502
f 2745/91/1486 2801/147/147 2803/149/149
f 2802/148/148 2803/149/149 2801/147/147
f 2804/150/150 2802/148/148 2800/146/1502
f 2799/145/145 2804/150/150 2800/146/1502
f 2805/151/151 2803/149/149 2802/148/148
f 2806/152/152 2745/91/1486 2803/149/149
f 2805/151/151 2806/152/152 2803/149/149
f 2804/150/150 2807/153/153 2802/148/148
f 2807/153/153 2805/151/151 2802/148/148
f 2808/154/154 2807/153/153 2804/150/150
f 2807/153/153 2809/155/155 2805/151/151
f 2809/155/155 2807/153/153 2808/154/154
f 2810/156/156 2806/152/152 2805/151/151
f 2809/155/155 2810/156/156 2805/151/151
f 2806/152/152 2811/157/157 2745/91/1486
f 2745/91/1486 2811/157/157 2747/93/93
f 2810/156/156 2812/158/158 2806/152/152
f 2811/157/157 2806/152/152 2812/158/158
f 2809/155/155 2813/159/159 2810/156/156
f 2811/157/157 2814/160/160 2747/93/93
f 2814/160/160 2748/94/94 2747/93/93
f 2815/161/1503 2812/158/158 2810/156/156
f 2813/159/159 2815/161/1503 2810/156/156
f 2811/157/157 2812/158/158 2816/162/162
f 2811/157/157 2816/162/162 2814/160/160
f 2816/162/162 2812/158/158 2817/163/1504
f 2815/161/1503 2817/163/1504 2812/158/158
f 2816/162/162 2818/164/164 2814/160/160
f 2819/165/1505 2817/163/1504 2815/161/1503
f 2819/165/1505 2815/161/1503 2820/166/166
f 2821/167/1506 2817/163/1504 2819/165/1505
f 2820/166/166 2815/161/1503 2822/168/168
f 2813/159/159 2822/168/168 2815/161/1503
f 2820/166/166 2822/168/168 2823/169/1507
f 2816/162/162 2817/163/1504 2824/170/1508
f 2821/167/1506 2824/170/1508 2817/163/1504
f 2816/162/162 2824/170/1508 2818/164/164
f 2824/170/1508 2821/167/1506 2825/171/171
f 2824/170/1508 2825/171/171 2818/164/164
f 2826/172/391 2818/164/164 2825/171/171
f 2823/169/1507 2822/168/168 2827/173/173
f 2813/159/159 2827/173/173 2822/168/168
f 2823/169/1507 2827/173/173 2828/174/1258
f 2828/174/1258 2827/173/173 2829/175/1509
f 2828/174/1258 2829/175/1509 2830/176/176
f 2813/159/159 2831/177/177 2827/173/173
f 2829/175/1509 2827/173/173 2831/177/177
f 2832/178/178 2831/177/177 2813/159/159
f 2832/178/178 2813/159/159 2809/155/155
f 2809/155/155 2808/154/154 2832/178/178
f 2833/179/179 2831/177/177 2832/178/178
f 2829/175/1509 2831/177/177 2833/179/179
f 2834/180/180 2832/178/178 2808/154/154
f 2833/179/179 2832/178/178 2834/180/180
f 2830/176/176 2829/175/1509 2835/181/181
f 2830/176/176 2835/181/181 2836/182/182
f 2837/183/183 2829/175/1509 2833/179/179
f 2837/183/183 2835/181/181 2829/175/1509
f 2838/184/184 2833/179/179 2834/180/180
f 2838/184/184 2837/183/183 2833/179/179
f 2836/182/182 2835/181/181 2839/185/368
f 2837/183/183 2839/185/368 2835/181/181
f 2836/182/182 2839/185/368 2840/186/186
f 2838/184/184 2841/187/187 2837/183/183
f 2837/183/183 2841/187/187 2839/185/368
f 2840/186/186 2839/185/368 2842/188/188
f 2842/188/188 2839/185/368 2841/187/187
f 2840/186/186 2842/188/188 2843/189/367
f 2843/189/367 2842/188/188 2844/190/190
f 2843/189/367 2844/190/190 2845/191/1510
f 2845/191/1510 2844/190/190 2846/192/192
f 2845/191/1510 2846/192/192 2847/193/193
f 2848/194/194 2844/190/190 2842/188/188
f 2848/194/194 2846/192/192 2844/190/190
f 2846/192/192 2849/195/395 2847/193/193
f 2848/194/194 2842/188/188 2850/196/196
f 2842/188/188 2841/187/187 2850/196/196
f 2848/194/194 2851/197/197 2846/192/192
f 2846/192/192 2852/198/1511 2849/195/395
f 2852/198/1511 2846/192/192 2851/197/197
f 2853/199/199 2849/195/395 2852/198/1511
f 2853/199/199 2854/200/200 2849/195/395
f 2854/200/200 2853/199/199 2855/201/201
f 2854/200/200 2855/201/201 2856/202/202
f 2857/203/203 2853/199/199 2852/198/1511
f 2857/203/203 2855/201/201 2853/199/199
f 2852/198/1511 2851/197/197 2858/204/204
f 2857/203/203 2852/198/1511 2858/204/204
f 2856/202/202 2855/201/201 2859/205/205
f 2856/202/202 2859/205/205 2860/206/388
f 2857/203/203 2861/207/207 2855/201/201
f 2859/205/205 2855/201/201 2861/207/207
f 2862/208/208 2857/203/203 2858/204/204
f 2862/208/208 2861/207/207 2857/203/203
f 2858/204/204 2851/197/197 2863/209/1512
f 2863/209/1512 2851/197/197 2848/194/194
f 2862/208/208 2858/204/204 2864/210/210
f 2858/204/204 2863/209/1512 2864/210/210
f 2865/211/211 2862/208/208 2864/210/210
f 2863/209/1512 2848/194/194 2866/212/212
f 2866/212/212 2848/194/194 2850/196/196
f 2864/210/210 2863/209/1512 2867/213/1513
f 2866/212/212 2867/213/1513 2863/209/1512
f 2862/208/208 2868/214/214 2861/207/207
f 2868/214/214 2862/208/208 2865/211/211
f 2869/215/215 2861/207/207 2868/214/214
f 2859/205/205 2861/207/207 2869/215/215
f 2870/216/216 2859/205/205 2869/215/215
f 2869/215/215 2868/214/214 2871/217/217
f 2870/216/216 2872/218/218 2859/205/205
f 2860/206/388 2859/205/205 2872/218/218
f 2860/206/388 2872/218/218 2873/219/219
f 2873/219/219 2872/218/218 2874/220/220
f 2870/216/216 2874/220/220 2872/218/218
f 2873/219/219 2874/220/220 2875/221/1256
f 2876/222/222 2870/216/216 2869/215/215
f 2876/222/222 2869/215/215 2871/217/217
f 2875/221/1256 2874/220/220 2877/223/1514
f 2875/221/1256 2877/223/1514 2878/224/1515
f 2870/216/216 2879/225/225 2874/220/220
f 2877/223/1514 2874/220/220 2879/225/225
f 2880/226/1235 2870/216/216 2876/222/222
f 2880/226/1235 2879/225/225 2870/216/216
f 2878/224/1515 2877/223/1514 2881/227/227
f 2878/224/1515 2881/227/227 2882/228/1132
f 2877/223/1514 2879/225/225 2883/229/229
f 2883/229/229 2879/225/225 2880/226/1235
f 2884/230/230 2881/227/227 2877/223/1514
f 2884/230/230 2877/223/1514 2883/229/229
f 2882/228/1132 2881/227/227 2885/231/231
f 2884/230/230 2885/231/231 2881/227/227
f 2882/228/1132 2885/231/231 2886/232/1236
f 2886/232/1236 2885/231/231 2887/233/1516
f 2886/232/1236 2887/233/1516 2888/234/234
f 2884/230/230 2889/235/235 2885/231/231
f 2887/233/1516 2885/231/231 2889/235/235
f 2890/236/1237 2884/230/230 2883/229/229
f 2890/236/1237 2889/235/235 2884/230/230
f 2888/234/234 2887/233/1516 2891/237/237
f 2888/234/234 2891/237/237 2892/238/238
f 2893/239/239 2891/237/237 2887/233/1516
f 2892/238/238 2891/237/237 2894/240/240
f 2893/239/239 2894/240/240 2891/237/237
f 2892/238/238 2894/240/240 2826/172/391
f 2826/172/391 2894/240/240 2818/164/164
f 2818/164/164 2894/240/240 2895/241/241
f 2893/239/239 2895/241/241 2894/240/240
f 2818/164/164 2895/241/241 2814/160/160
f 2814/160/160 2895/241/241 2748/94/94
f 2748/94/94 2895/241/241 2893/239/239
f 2748/94/94 2893/239/239 2736/82/82
f 2893/239/239 2887/233/1516 2896/242/242
f 2736/82/82 2893/239/239 2896/242/242
f 2887/233/1516 2889/235/235 2896/242/242
f 2736/82/82 2896/242/242 2733/79/79
f 2896/242/242 2889/235/235 2897/243/243
f 2896/242/242 2897/243/243 2733/79/79
f 2890/236/1237 2897/243/243 2889/235/235
f 2733/79/79 2897/243/243 2731/77/77
f 2897/243/243 2898/244/1239 2731/77/77
f 2897/243/243 2890/236/1237 2898/244/1239
f 2731/77/77 2898/244/1239 2729/75/75
f 2898/244/1239 2890/236/1237 2899/245/245
f 2890/236/1237 2883/229/229 2899/245/245
f 2883/229/229 2880/226/1235 2899/245/245
f 2729/75/75 2898/244/1239 2900/246/246
f 2898/244/1239 2899/245/245 2900/246/246
f 2729/75/75 2900/246/246 2720/66/1215
f 2899/245/245 2880/226/1235 2901/247/247
f 2899/245/245 2901/247/247 2900/246/246
f 2876/222/222 2901/247/247 2880/226/1235
f 2900/246/246 2902/248/248 2720/66/1215
f 2900/246/246 2901/247/247 2902/248/248
f 2720/66/1215 2902/248/248 2719/65/65
f 2902/248/248 2721/67/67 2719/65/65
f 2876/222/222 2903/249/249 2901/247/247
f 2903/249/249 2876/222/222 2871/217/217
f 2901/247/247 2904/250/250 2902/248/248
f 2901/247/247 2903/249/249 2904/250/250
f 2902/248/248 2904/250/250 2721/67/67
f 2903/249/249 2871/217/217 2905/251/251
f 2904/250/250 2903/249/249 2905/251/251
f 2871/217/217 2906/252/252 2905/251/251
f 2871/217/217 2868/214/214 2906/252/252
f 2904/250/250 2905/251/251 2907/253/253
f 2721/67/67 2904/250/250 2907/253/253
f 2868/214/214 2865/211/211 2906/252/252
f 2905/251/251 2906/252/252 2908/254/254
f 2905/251/251 2908/254/254 2907/253/253
f 2865/211/211 2908/254/254 2906/252/252
f 2721/67/67 2907/253/253 2909/255/255
f 2723/69/69 2721/67/67 2909/255/255
f 2907/253/253 2908/254/254 2910/256/256
f 2907/253/253 2910/256/256 2909/255/255
f 2865/211/211 2911/257/1517 2908/254/254
f 2911/257/1517 2910/256/256 2908/254/254
f 2911/257/1517 2865/211/211 2912/258/258
f 2865/211/211 2864/210/210 2912/258/258
f 2864/210/210 2867/213/1513 2912/258/258
f 2723/69/69 2909/255/255 2913/259/259
f 2724/70/1216 2723/69/69 2913/259/259
f 2909/255/255 2910/256/256 2914/260/260
f 2909/255/255 2914/260/260 2913/259/259
f 2724/70/1216 2913/259/259 2915/261/261
f 2916/262/1241 2724/70/1216 2915/261/261
f 2913/259/259 2917/263/1518 2915/261/261
f 2913/259/259 2914/260/260 2917/263/1518
f 2916/262/1241 2915/261/261 2917/263/1518
f 2916/262/1241 2715/61/1214 2724/70/1216
f 2916/262/1241 2917/263/1518 2918/264/264
f 2919/265/1519 2715/61/1214 2916/262/1241
f 2919/265/1519 2916/262/1241 2918/264/264
f 2919/265/1519 2920/266/266 2715/61/1214
f 2715/61/1214 2920/266/266 2698/44/1210
f 2921/267/1520 2917/263/1518 2914/260/260
f 2921/267/1520 2918/264/264 2917/263/1518
f 2910/256/256 2922/268/268 2914/260/260
f 2921/267/1520 2914/260/260 2922/268/268
f 2910/256/256 2923/269/269 2922/268/268
f 2911/257/1517 2923/269/269 2910/256/256
f 2923/269/269 2911/257/1517 2924/270/1521
f 2911/257/1517 2912/258/258 2924/270/1521
f 2922/268/268 2923/269/269 2925/271/271
f 2923/269/269 2924/270/1521 2925/271/271
f 2922/268/268 2925/271/271 2926/272/272
f 2921/267/1520 2922/268/268 2926/272/272
f 2924/270/1521 2927/273/273 2925/271/271
f 2912/258/258 2928/274/1242 2924/270/1521
f 2924/270/1521 2928/274/1242 2927/273/273
f 2912/258/258 2867/213/1513 2928/274/1242
f 2921/267/1520 2926/272/272 2929/275/1522
f 2925/271/271 2927/273/273 2930/276/1523
f 2925/271/271 2930/276/1523 2926/272/272
f 2928/274/1242 2931/277/277 2927/273/273
f 2931/277/277 2930/276/1523 2927/273/273
f 2867/213/1513 2932/278/278 2928/274/1242
f 2928/274/1242 2932/278/278 2931/277/277
f 2867/213/1513 2933/279/279 2932/278/278
f 2866/212/212 2933/279/279 2867/213/1513
f 2926/272/272 2930/276/1523 2934/280/280
f 2926/272/272 2934/280/280 2929/275/1522
f 2931/277/277 2935/281/281 2930/276/1523
f 2934/280/280 2930/276/1523 2935/281/281
f 2933/279/279 2866/212/212 2936/282/282
f 2866/212/212 2850/196/196 2936/282/282
f 2933/279/279 2936/282/282 2937/283/283
f 2932/278/278 2933/279/279 2937/283/283
f 2850/196/196 2938/284/284 2936/282/282
f 2850/196/196 2841/187/187 2938/284/284
f 2838/184/184 2938/284/284 2841/187/187
f 2936/282/282 2938/284/284 2939/285/285
f 2936/282/282 2939/285/285 2937/283/283
f 2938/284/284 2838/184/184 2940/286/1243
f 2938/284/284 2940/286/1243 2939/285/285
f 2940/286/1243 2838/184/184 2834/180/180
f 2937/283/283 2939/285/285 2941/287/1244
f 2940/286/1243 2941/287/1244 2939/285/285
f 2932/278/278 2937/283/283 2942/288/1524
f 2937/283/283 2941/287/1244 2942/288/1524
f 2931/277/277 2932/278/278 2942/288/1524
f 2940/286/1243 2834/180/180 2943/289/1245
f 2834/180/180 2808/154/154 2943/289/1245
f 2940/286/1243 2944/290/1246 2941/287/1244
f 2944/290/1246 2940/286/1243 2943/289/1245
f 2942/288/1524 2941/287/1244 2945/291/291
f 2944/290/1246 2945/291/291 2941/287/1244
f 2931/277/277 2942/288/1524 2946/292/292
f 2942/288/1524 2945/291/291 2946/292/292
f 2935/281/281 2931/277/277 2946/292/292
f 2943/289/1245 2808/154/154 2947/293/1247
f 2808/154/154 2804/150/150 2947/293/1247
f 2947/293/1247 2804/150/150 2799/145/145
f 2943/289/1245 2947/293/1247 2948/294/1248
f 2944/290/1246 2943/289/1245 2948/294/1248
f 2947/293/1247 2799/145/145 2949/295/295
f 2948/294/1248 2947/293/1247 2949/295/295
f 2950/296/296 2944/290/1246 2948/294/1248
f 2944/290/1246 2950/296/296 2945/291/291
f 2948/294/1248 2949/295/295 2951/297/297
f 2950/296/296 2948/294/1248 2951/297/297
f 2799/145/145 2952/298/298 2949/295/295
f 2951/297/297 2949/295/295 2952/298/298
f 2799/145/145 2797/143/143 2952/298/298
f 2798/144/144 2952/298/298 2797/143/143
f 2951/297/297 2952/298/298 2953/299/299
f 2953/299/299 2952/298/298 2798/144/144
f 2954/300/300 2950/296/296 2951/297/297
f 2954/300/300 2951/297/297 2953/299/299
f 2945/291/291 2950/296/296 2954/300/300
f 2953/299/299 2798/144/144 2955/301/1250
f 2945/291/291 2954/300/300 2956/302/302
f 2957/303/303 2954/300/300 2953/299/299
f 2957/303/303 2953/299/299 2955/301/1250
f 2957/303/303 2956/302/302 2954/300/300
f 2946/292/292 2945/291/291 2956/302/302
f 2958/304/304 2955/301/1250 2798/144/144
f 2958/304/304 2957/303/303 2955/301/1250
f 2958/304/304 2798/144/144 2790/136/136
f 2788/134/1229 2958/304/304 2790/136/136
f 2958/304/304 2959/305/305 2957/303/303
f 2788/134/1229 2959/305/305 2958/304/304
f 2946/292/292 2956/302/302 2960/306/306
f 2935/281/281 2946/292/292 2960/306/306
f 2957/303/303 2961/307/307 2956/302/302
f 2960/306/306 2956/302/302 2961/307/307
f 2957/303/303 2959/305/305 2962/308/308
f 2957/303/303 2962/308/308 2961/307/307
f 2788/134/1229 2963/309/309 2959/305/305
f 2962/308/308 2959/305/305 2963/309/309
f 2963/309/309 2788/134/1229 2783/129/129
f 2960/306/306 2961/307/307 2964/310/310
f 2965/311/1525 2935/281/281 2960/306/306
f 2965/311/1525 2960/306/306 2964/310/310
f 2934/280/280 2935/281/281 2965/311/1525
f 2966/312/312 2964/310/310 2961/307/307
f 2966/312/312 2965/311/1525 2964/310/310
f 2966/312/312 2961/307/307 2962/308/308
f 2966/312/312 2967/313/313 2965/311/1525
f 2934/280/280 2965/311/1525 2967/313/313
f 2968/314/1526 2966/312/312 2962/308/308
f 2968/314/1526 2967/313/313 2966/312/312
f 2968/314/1526 2962/308/308 2969/315/315
f 2962/308/308 2963/309/309 2969/315/315
f 2963/309/309 2783/129/129 2970/316/316
f 2970/316/316 2969/315/315 2963/309/309
f 2781/127/127 2970/316/316 2783/129/129
f 2970/316/316 2971/317/317 2969/315/315
f 2781/127/127 2971/317/317 2970/316/316
f 2972/318/318 2968/314/1526 2969/315/315
f 2972/318/318 2969/315/315 2971/317/317
f 2781/127/127 2973/319/319 2971/317/317
f 2973/319/319 2972/318/318 2971/317/317
f 2779/125/125 2973/319/319 2781/127/127
f 2974/320/320 2968/314/1526 2972/318/318
f 2968/314/1526 2974/320/320 2967/313/313
f 2973/319/319 2975/321/1251 2972/318/318
f 2976/322/1527 2973/319/319 2779/125/125
f 2976/322/1527 2975/321/1251 2973/319/319
f 2782/128/128 2976/322/1527 2779/125/125
f 2977/323/323 2972/318/318 2975/321/1251
f 2976/322/1527 2977/323/323 2975/321/1251
f 2978/324/324 2976/322/1527 2782/128/128
f 2976/322/1527 2978/324/324 2977/323/323
f 2978/324/324 2782/128/128 2979/325/325
f 2974/320/320 2972/318/318 2980/326/326
f 2977/323/323 2980/326/326 2972/318/318
f 2980/326/326 2981/327/1528 2974/320/320
f 2967/313/313 2974/320/320 2981/327/1528
f 2982/328/1529 2980/326/326 2977/323/323
f 2980/326/326 2982/328/1529 2981/327/1528
f 2978/324/324 2983/329/1530 2977/323/323
f 2982/328/1529 2977/323/323 2983/329/1530
f 2979/325/325 2984/330/1531 2978/324/324
f 2978/324/324 2984/330/1531 2983/329/1530
f 2979/325/325 2985/331/331 2984/330/1531
f 2986/332/332 2984/330/1531 2985/331/331
f 2967/313/313 2981/327/1528 2987/333/333
f 2934/280/280 2967/313/313 2987/333/333
f 2988/334/334 2981/327/1528 2982/328/1529
f 2983/329/1530 2988/334/334 2982/328/1529
f 2989/335/1532 2987/333/333 2981/327/1528
f 2988/334/334 2989/335/1532 2981/327/1528
f 2990/336/1533 2934/280/280 2987/333/333
f 2989/335/1532 2990/336/1533 2987/333/333
f 2990/336/1533 2929/275/1522 2934/280/280
f 2990/336/1533 2921/267/1520 2929/275/1522
f 2990/336/1533 2991/337/337 2921/267/1520
f 2989/335/1532 2991/337/337 2990/336/1533
f 2921/267/1520 2991/337/337 2918/264/264
f 2989/335/1532 2992/338/1534 2991/337/337
f 2918/264/264 2991/337/337 2992/338/1534
f 2992/338/1534 2989/335/1532 2988/334/334
f 2918/264/264 2992/338/1534 2993/339/339
f 2919/265/1519 2918/264/264 2993/339/339
f 2992/338/1534 2988/334/334 2994/340/1535
f 2994/340/1535 2993/339/339 2992/338/1534
f 2995/341/1536 2919/265/1519 2993/339/339
f 2920/266/266 2919/265/1519 2995/341/1536
f 2994/340/1535 2996/342/1537 2993/339/339
f 2995/341/1536 2993/339/339 2996/342/1537
f 2997/343/343 2994/340/1535 2988/334/334
f 2997/343/343 2996/342/1537 2994/340/1535
f 2997/343/343 2988/334/334 2998/344/1538
f 2983/329/1530 2998/344/1538 2988/334/334
f 2999/345/1539 2998/344/1538 2983/329/1530
f 2999/345/1539 2997/343/343 2998/344/1538
f 2999/345/1539 2983/329/1530 2984/330/1531
f 2986/332/332 2999/345/1539 2984/330/1531
f 3000/346/346 2999/345/1539 2986/332/332
f 2999/345/1539 3000/346/346 2997/343/343
f 3000/346/346 2986/332/332 3001/347/347
f 3000/346/346 3001/347/347 3002/348/348
f 3000/346/346 3002/348/348 3003/349/1540
f 3003/349/1540 2997/343/343 3000/346/346
f 3004/350/350 3003/349/1540 3002/348/348
f 2997/343/343 3005/351/1541 2996/342/1537
f 3003/349/1540 3005/351/1541 2997/343/343
f 3005/351/1541 2995/341/1536 2996/342/1537
f 3004/350/350 3006/352/1542 3003/349/1540
f 3006/352/1542 3005/351/1541 3003/349/1540
f 3005/351/1541 3007/353/1543 2995/341/1536
f 3006/352/1542 3007/353/1543 3005/351/1541
f 2995/341/1536 3007/353/1543 3008/354/354
f 3008/354/354 3007/353/1543 3006/352/1542
f 3004/350/350 3009/355/355 3006/352/1542
f 3008/354/354 3006/352/1542 3009/355/355
f 3004/350/350 3010/356/356 3009/355/355
f 2995/341/1536 3008/354/354 3011/357/1544
f 2920/266/266 2995/341/1536 3011/357/1544
f 3011/357/1544 2698/44/1210 2920/266/266
f 3011/357/1544 3012/358/358 2698/44/1210
f 3012/358/358 3011/357/1544 3008/354/354
f 2693/39/39 2698/44/1210 3012/358/358
f 2694/40/40 2693/39/39 3012/358/358
f 3012/358/358 3008/354/354 2694/40/40
f 3009/355/355 2694/40/40 3008/354/354
f 3010/356/356 3013/359/1545 3009/355/355
f 3009/355/355 3013/359/1545 2694/40/40
f 3010/356/356 3014/360/360 3013/359/1545
f 2656/2/1471 2694/40/40 3013/359/1545
f 2657/3/3 3013/359/1545 3014/360/360
f 2657/3/3 2656/2/1471 3013/359/1545
s 0
f 3015/361/361 3016/362/361 3017/363/361
f 3015/361/361 3018/364/361 3016/362/361
f 3017/363/361 3016/362/361 3019/365/361
s 1
f 3017/363/361 3020/366/1546 3015/361/361
f 3017/363/361 3021/367/1547 3020/366/1546
f 3021/367/1547 3022/368/202 3020/366/1546
f 3021/367/1547 3023/369/396 3022/368/202
f 3020/366/1546 3022/368/202 3024/370/206
f 3025/371/363 3023/369/396 3021/367/1547
f 3017/363/361 3025/371/363 3021/367/1547
f 3025/371/363 3026/372/195 3023/369/396
f 3017/363/361 3027/373/364 3025/371/363
f 3027/373/364 3026/372/195 3025/371/363
f 3019/365/361 3027/373/364 3017/363/361
f 3027/373/364 3028/374/193 3026/372/195
f 3029/375/190 3028/374/193 3027/373/364
f 3019/365/361 3029/375/190 3027/373/364
f 3029/375/190 3030/376/191 3028/374/193
f 3031/377/366 3030/376/191 3029/375/190
f 3019/365/361 3031/377/366 3029/375/190
f 3031/377/366 3032/378/367 3030/376/191
f 3033/379/368 3032/378/367 3031/377/366
f 3019/365/361 3033/379/368 3031/377/366
f 3033/379/368 3034/380/186 3032/378/367
f 3035/381/361 3033/379/368 3019/365/361
f 3036/382/369 3034/380/186 3033/379/368
f 3035/381/361 3036/382/369 3033/379/368
f 3036/382/369 3037/383/182 3034/380/186
f 3038/384/370 3037/383/182 3036/382/369
f 3035/381/361 3038/384/370 3036/382/369
f 3038/384/370 3039/385/371 3037/383/182
s 0
f 3016/362/361 3035/381/361 3019/365/361
s 1
f 3040/386/372 3039/385/371 3038/384/370
f 3035/381/361 3040/386/372 3038/384/370
f 3040/386/372 3041/387/1258 3039/385/371
f 3042/388/361 3040/386/372 3035/381/361
s 0
f 3016/362/361 3042/388/361 3035/381/361
s 1
f 3043/389/374 3041/387/1258 3040/386/372
f 3042/388/361 3043/389/374 3040/386/372
f 3043/389/374 3044/390/1548 3041/387/1258
f 3043/389/374 3045/391/375 3044/390/1548
f 3043/389/374 3046/392/1549 3045/391/375
f 3042/388/361 3046/392/1549 3043/389/374
f 3046/392/1549 3047/393/1505 3045/391/375
f 3042/388/361 3048/394/1504 3046/392/1549
f 3046/392/1549 3048/394/1504 3047/393/1505
s 0
f 3042/388/361 3016/362/361 3049/395/361
s 1
f 3049/395/361 3048/394/1504 3042/388/361
f 3050/396/1550 3047/393/1505 3048/394/1504
f 3049/395/361 3050/396/1550 3048/394/1504
f 3050/396/1550 3051/397/167 3047/393/1505
f 3051/397/167 3050/396/1550 3052/398/378
f 3049/395/361 3052/398/378 3050/396/1550
f 3051/397/167 3052/398/378 3053/399/171
s 0
f 3016/362/361 3054/400/361 3049/395/361
s 1
f 3049/395/361 3055/401/379 3052/398/378
f 3055/401/379 3053/399/171 3052/398/378
f 3054/400/361 3055/401/379 3049/395/361
f 3055/401/379 3056/402/172 3053/399/171
f 3057/403/237 3056/402/172 3055/401/379
f 3054/400/361 3057/403/237 3055/401/379
f 3057/403/237 3058/404/380 3056/402/172
s 0
f 3016/362/361 3018/364/361 3054/400/361
s 1
f 3059/405/1551 3058/404/380 3057/403/237
f 3054/400/361 3059/405/1551 3057/403/237
f 3059/405/1551 3060/406/234 3058/404/380
f 3054/400/361 3061/407/231 3059/405/1551
f 3061/407/231 3060/406/234 3059/405/1551
f 3018/364/361 3061/407/231 3054/400/361
f 3061/407/231 3062/408/232 3060/406/234
f 3063/409/383 3062/408/232 3061/407/231
f 3018/364/361 3063/409/383 3061/407/231
f 3063/409/383 3064/410/1132 3062/408/232
f 3065/411/1552 3064/410/1132 3063/409/383
f 3018/364/361 3065/411/1552 3063/409/383
f 3065/411/1552 3066/412/224 3064/410/1132
f 3018/364/361 3067/413/385 3065/411/1552
f 3067/413/385 3066/412/224 3065/411/1552
f 3015/361/361 3067/413/385 3018/364/361
f 3067/413/385 3068/414/221 3066/412/224
f 3069/415/218 3068/414/221 3067/413/385
f 3015/361/361 3069/415/218 3067/413/385
f 3069/415/218 3070/416/1257 3068/414/221
f 3015/361/361 3071/417/1553 3069/415/218
f 3071/417/1553 3070/416/1257 3069/415/218
f 3015/361/361 3020/366/1546 3071/417/1553
f 3071/417/1553 3024/370/206 3070/416/1257
f 3020/366/1546 3024/370/206 3071/417/1553
f 3072/418/1515 3073/419/224 3074/420/1132
f 3075/421/386 3073/419/224 3072/418/1515
f 3072/418/1515 3074/420/1132 3076/422/1132
f 3075/421/386 3077/423/221 3073/419/224
f 3076/422/1132 3074/420/1132 3078/424/1236
f 3079/425/219 3077/423/221 3075/421/386
f 3076/422/1132 3078/424/1236 3080/426/232
f 3079/425/219 3081/427/1257 3077/423/221
f 3080/426/232 3078/424/1236 3082/428/234
f 3083/429/1141 3081/427/1257 3079/425/219
f 3080/426/232 3082/428/234 3084/430/382
f 3083/429/1141 3085/431/206 3081/427/1257
f 3086/432/398 3085/431/206 3083/429/1141
f 3086/432/398 3087/433/389 3085/431/206
f 3084/430/382 3082/428/234 3088/434/238
f 3084/430/382 3088/434/238 3089/435/380
f 3089/435/380 3088/434/238 3090/436/1232
f 3089/435/380 3090/436/1232 3091/437/172
f 3091/437/172 3090/436/1232 3092/438/392
f 3091/437/172 3092/438/392 3093/439/171
f 3094/440/167 3093/439/171 3092/438/392
f 3094/440/167 3095/441/167 3093/439/171
f 3095/441/167 3094/440/167 3096/442/393
f 3095/441/167 3096/442/393 3097/443/394
f 3098/432/394 3099/433/686 3100/431/678
f 3098/432/394 3100/431/678 3101/429/375
f 3101/429/375 3100/431/678 3102/427/169
f 3101/429/375 3102/427/169 3103/425/1548
f 3103/425/1548 3102/427/169 3104/423/1258
f 3103/425/1548 3104/423/1258 3105/421/1258
f 3105/421/1258 3104/423/1258 3106/419/1259
f 3105/421/1258 3106/419/1259 3107/418/371
f 3107/418/371 3106/419/1259 3108/420/182
f 3107/418/371 3108/420/182 3109/422/182
f 3109/422/182 3108/420/182 3110/424/186
f 3109/422/182 3110/424/186 3111/426/186
f 3111/426/186 3110/424/186 3112/428/189
f 3111/426/186 3112/428/189 3113/430/1554
f 3113/430/1554 3112/428/189 3114/434/191
f 3113/430/1554 3114/434/191 3115/435/1555
f 3115/435/1555 3114/434/191 3116/436/193
f 3115/435/1555 3116/436/193 3117/437/890
f 3118/438/395 3117/437/890 3116/436/193
f 3118/438/395 3119/439/195 3117/437/890
f 3118/438/395 3120/441/396 3119/439/195
f 3118/438/395 3121/440/396 3120/441/396
f 3120/441/396 3121/440/396 3122/442/397
f 3120/441/396 3122/442/397 3123/443/398
f 3124/444/399 3125/445/400 3126/446/1260
f 3127/447/402 3128/448/403 3124/444/399
f 3124/444/399 3128/448/403 3129/449/404
f 3127/447/402 3124/444/399 3130/450/405
f 3131/451/406 3127/447/402 3130/450/405
f 3124/444/399 3126/446/1260 3130/450/405
f 3131/451/406 3130/450/405 3132/452/1556
f 3132/452/1556 3130/450/405 3126/446/1260
f 3131/451/406 3132/452/1556 3133/453/408
f 3131/451/406 3133/453/408 3134/454/409
f 3135/455/410 3134/454/409 3133/453/408
f 3135/455/410 3136/456/411 3134/454/409
f 3132/452/1556 3137/457/1557 3133/453/408
f 3137/457/1557 3135/455/410 3133/453/408
f 3135/455/410 3138/458/413 3136/456/411
f 3132/452/1556 3139/459/1558 3137/457/1557
f 3132/452/1556 3126/446/1260 3139/459/1558
f 3137/457/1557 3140/460/415 3135/455/410
f 3135/455/410 3141/461/416 3138/458/413
f 3140/460/415 3141/461/416 3135/455/410
f 3142/462/417 3138/458/413 3141/461/416
f 3142/462/417 3143/463/418 3138/458/413
f 3144/464/1559 3142/462/417 3141/461/416
f 3144/464/1559 3141/461/416 3145/465/420
f 3140/460/415 3145/465/420 3141/461/416
f 3144/464/1559 3145/465/420 3146/466/421
f 3146/466/421 3145/465/420 3140/460/415
f 3144/464/1559 3146/466/421 3147/467/1560
f 3137/457/1557 3148/468/423 3140/460/415
f 3146/466/421 3140/460/415 3148/468/423
f 3147/467/1560 3146/466/421 3149/469/1561
f 3149/469/1561 3146/466/421 3148/468/423
f 3147/467/1560 3149/469/1561 3150/470/425
f 3137/457/1557 3151/471/1562 3148/468/423
f 3139/459/1558 3151/471/1562 3137/457/1557
f 3149/469/1561 3148/468/423 3152/472/1563
f 3153/473/428 3150/470/425 3149/469/1561
f 3153/473/428 3149/469/1561 3152/472/1563
f 3153/473/428 3154/474/429 3150/470/425
f 3148/468/423 3155/475/1263 3152/472/1563
f 3148/468/423 3151/471/1562 3155/475/1263
f 3153/473/428 3152/472/1563 3156/476/431
f 3156/476/431 3152/472/1563 3155/475/1263
f 3154/474/429 3153/473/428 3157/477/432
f 3157/477/432 3153/473/428 3156/476/431
f 3154/474/429 3157/477/432 3158/478/433
f 3159/479/1564 3158/478/433 3157/477/432
f 3159/479/1564 3160/480/435 3158/478/433
f 3157/477/432 3156/476/431 3161/481/436
f 3159/479/1564 3157/477/432 3161/481/436
f 3156/476/431 3162/482/437 3161/481/436
f 3160/480/435 3159/479/1564 3163/483/1565
f 3160/480/435 3163/483/1565 3164/484/439
f 3159/479/1564 3161/481/436 3165/485/1566
f 3163/483/1565 3159/479/1564 3165/485/1566
f 3162/482/437 3165/485/1566 3161/481/436
f 3166/486/441 3164/484/439 3163/483/1565
f 3166/486/441 3167/487/442 3164/484/439
f 3167/487/442 3166/486/441 3168/488/1567
f 3167/487/442 3168/488/1567 3169/489/444
f 3168/488/1567 3166/486/441 3170/490/445
f 3168/488/1567 3170/490/445 3171/491/1568
f 3166/486/441 3163/483/1565 3172/492/1569
f 3163/483/1565 3165/485/1566 3172/492/1569
f 3166/486/441 3172/492/1569 3170/490/445
f 3170/490/445 3173/493/1570 3171/491/1568
f 3172/492/1569 3165/485/1566 3174/494/1571
f 3162/482/437 3174/494/1571 3165/485/1566
f 3175/495/450 3170/490/445 3172/492/1569
f 3172/492/1569 3174/494/1571 3175/495/450
f 3170/490/445 3176/496/1572 3173/493/1570
f 3175/495/450 3176/496/1572 3170/490/445
f 3177/497/452 3173/493/1570 3176/496/1572
f 3175/495/450 3177/497/452 3176/496/1572
f 3177/497/452 3178/498/1573 3173/493/1570
f 3179/499/454 3178/498/1573 3177/497/452
f 3175/495/450 3180/500/1574 3177/497/452
f 3179/499/454 3177/497/452 3181/501/456
f 3182/502/1575 3175/495/450 3174/494/1571
f 3182/502/1575 3180/500/1574 3175/495/450
f 3162/482/437 3182/502/1575 3174/494/1571
f 3183/503/458 3177/497/452 3180/500/1574
f 3183/503/458 3181/501/456 3177/497/452
f 3183/503/458 3180/500/1574 3182/502/1575
f 3179/499/454 3181/501/456 3184/504/459
f 3184/504/459 3181/501/456 3183/503/458
f 3179/499/454 3184/504/459 3185/505/1269
f 3184/504/459 3186/506/1576 3185/505/1269
f 3183/503/458 3182/502/1575 3187/507/1270
f 3184/504/459 3183/503/458 3188/508/1271
f 3187/507/1270 3188/508/1271 3183/503/458
f 3184/504/459 3189/509/464 3186/506/1576
f 3189/509/464 3184/504/459 3188/508/1271
f 3186/506/1576 3189/509/464 3190/510/465
f 3186/506/1576 3190/510/465 3191/511/466
f 3190/510/465 3192/512/1577 3191/511/466
f 3190/510/465 3193/513/1578 3192/512/1577
f 3194/514/469 3192/512/1577 3193/513/1578
f 3194/514/469 3195/515/1579 3192/512/1577
f 3196/516/471 3193/513/1578 3190/510/465
f 3196/516/471 3194/514/469 3193/513/1578
f 3197/517/472 3195/515/1579 3194/514/469
f 3196/516/471 3190/510/465 3198/518/473
f 3189/509/464 3198/518/473 3190/510/465
f 3196/516/471 3199/519/474 3194/514/469
f 3189/509/464 3200/520/475 3198/518/473
f 3189/509/464 3188/508/1271 3200/520/475
f 3197/517/472 3194/514/469 3201/521/476
f 3197/517/472 3201/521/476 3202/522/477
f 3197/517/472 3202/522/477 3203/523/478
f 3204/524/1580 3201/521/476 3194/514/469
f 3202/522/477 3201/521/476 3204/524/1580
f 3204/524/1580 3194/514/469 3199/519/474
f 3202/522/477 3204/524/1580 3205/525/1581
f 3206/526/481 3205/525/1581 3204/524/1580
f 3206/526/481 3207/527/1582 3205/525/1581
f 3204/524/1580 3199/519/474 3208/528/483
f 3204/524/1580 3208/528/483 3206/526/481
f 3208/528/483 3199/519/474 3196/516/471
f 3207/527/1582 3206/526/481 3209/529/484
f 3209/529/484 3206/526/481 3208/528/483
f 3207/527/1582 3209/529/484 3210/530/485
f 3208/528/483 3196/516/471 3211/531/486
f 3198/518/473 3211/531/486 3196/516/471
f 3212/532/487 3208/528/483 3211/531/486
f 3198/518/473 3213/533/488 3211/531/486
f 3212/532/487 3211/531/486 3213/533/488
f 3200/520/475 3213/533/488 3198/518/473
f 3209/529/484 3208/528/483 3214/534/1583
f 3212/532/487 3214/534/1583 3208/528/483
f 3215/535/1584 3210/530/485 3209/529/484
f 3214/534/1583 3215/535/1584 3209/529/484
f 3215/535/1584 3216/536/1585 3210/530/485
f 3217/537/492 3214/534/1583 3212/532/487
f 3218/538/493 3216/536/1585 3215/535/1584
f 3218/538/493 3219/539/494 3216/536/1585
f 3214/534/1583 3220/540/495 3215/535/1584
f 3218/538/493 3215/535/1584 3220/540/495
f 3217/537/492 3220/540/495 3214/534/1583
f 3221/541/1586 3219/539/494 3218/538/493
f 3221/541/1586 3222/542/497 3219/539/494
f 3218/538/493 3220/540/495 3223/543/498
f 3223/543/498 3221/541/1586 3218/538/493
f 3224/544/1587 3220/540/495 3217/537/492
f 3224/544/1587 3223/543/498 3220/540/495
f 3225/545/500 3217/537/492 3212/532/487
f 3225/545/500 3224/544/1587 3217/537/492
f 3223/543/498 3226/546/1588 3221/541/1586
f 3222/542/497 3221/541/1586 3227/547/1589
f 3222/542/497 3227/547/1589 3228/548/571
f 3229/549/504 3228/548/571 3227/547/1589
f 3221/541/1586 3230/550/1590 3227/547/1589
f 3221/541/1586 3226/546/1588 3230/550/1590
f 3231/551/1591 3226/546/1588 3223/543/498
f 3230/550/1590 3226/546/1588 3231/551/1591
f 3231/551/1591 3223/543/498 3224/544/1587
f 3230/550/1590 3231/551/1591 3232/552/1592
f 3233/553/508 3231/551/1591 3224/544/1587
f 3232/552/1592 3231/551/1591 3233/553/508
f 3234/554/1593 3227/547/1589 3230/550/1590
f 3234/554/1593 3230/550/1590 3232/552/1592
f 3234/554/1593 3235/555/510 3227/547/1589
f 3229/549/504 3227/547/1589 3235/555/510
f 3236/556/511 3229/549/504 3235/555/510
f 3236/556/511 3237/557/1278 3229/549/504
f 3238/558/513 3236/556/511 3235/555/510
f 3238/558/513 3235/555/510 3234/554/1593
f 3238/558/513 3234/554/1593 3239/559/514
f 3234/554/1593 3232/552/1592 3239/559/514
f 3238/558/513 3239/559/514 3240/560/515
f 3241/561/1594 3240/560/515 3239/559/514
f 3232/552/1592 3241/561/1594 3239/559/514
f 3241/561/1594 3242/562/517 3240/560/515
f 3241/561/1594 3129/449/404 3242/562/517
f 3232/552/1592 3243/563/1279 3241/561/1594
f 3241/561/1594 3244/564/519 3129/449/404
f 3243/563/1279 3244/564/519 3241/561/1594
f 3124/444/399 3129/449/404 3244/564/519
f 3232/552/1592 3233/553/508 3243/563/1279
f 3125/445/400 3124/444/399 3244/564/519
f 3243/563/1279 3245/565/1595 3244/564/519
f 3125/445/400 3244/564/519 3245/565/1595
f 3246/566/521 3245/565/1595 3243/563/1279
f 3125/445/400 3245/565/1595 3246/566/521
f 3246/566/521 3243/563/1279 3233/553/508
f 3125/445/400 3246/566/521 3247/567/522
f 3247/567/522 3126/446/1260 3125/445/400
f 3248/568/523 3246/566/521 3233/553/508
f 3247/567/522 3246/566/521 3248/568/523
f 3247/567/522 3249/569/524 3126/446/1260
f 3248/568/523 3233/553/508 3250/570/1282
f 3233/553/508 3224/544/1587 3250/570/1282
f 3247/567/522 3248/568/523 3251/571/1283
f 3249/569/524 3247/567/522 3251/571/1283
f 3249/569/524 3139/459/1558 3126/446/1260
f 3225/545/500 3250/570/1282 3224/544/1587
f 3249/569/524 3252/572/1284 3139/459/1558
f 3139/459/1558 3252/572/1284 3151/471/1562
f 3253/573/1596 3248/568/523 3250/570/1282
f 3253/573/1596 3250/570/1282 3225/545/500
f 3253/573/1596 3251/571/1283 3248/568/523
f 3151/471/1562 3252/572/1284 3254/574/529
f 3254/574/529 3252/572/1284 3249/569/524
f 3151/471/1562 3254/574/529 3155/475/1263
f 3249/569/524 3251/571/1283 3255/575/1597
f 3254/574/529 3249/569/524 3255/575/1597
f 3253/573/1596 3256/576/531 3251/571/1283
f 3255/575/1597 3251/571/1283 3256/576/531
f 3255/575/1597 3257/577/532 3254/574/529
f 3155/475/1263 3254/574/529 3257/577/532
f 3255/575/1597 3256/576/531 3258/578/1598
f 3255/575/1597 3258/578/1598 3257/577/532
f 3256/576/531 3253/573/1596 3259/579/1599
f 3259/579/1599 3253/573/1596 3225/545/500
f 3155/475/1263 3257/577/532 3260/580/1600
f 3156/476/431 3155/475/1263 3260/580/1600
f 3156/476/431 3260/580/1600 3162/482/437
f 3260/580/1600 3257/577/532 3261/581/536
f 3260/580/1600 3261/581/536 3162/482/437
f 3261/581/536 3257/577/532 3258/578/1598
f 3162/482/437 3261/581/536 3182/502/1575
f 3262/582/537 3182/502/1575 3261/581/536
f 3261/581/536 3258/578/1598 3262/582/537
f 3262/582/537 3187/507/1270 3182/502/1575
f 3258/578/1598 3256/576/531 3263/583/1601
f 3258/578/1598 3263/583/1601 3262/582/537
f 3256/576/531 3259/579/1599 3263/583/1601
f 3264/584/539 3187/507/1270 3262/582/537
f 3264/584/539 3262/582/537 3263/583/1601
f 3187/507/1270 3264/584/539 3188/508/1271
f 3264/584/539 3200/520/475 3188/508/1271
f 3265/585/540 3264/584/539 3263/583/1601
f 3264/584/539 3265/585/540 3200/520/475
f 3265/585/540 3263/583/1601 3259/579/1599
f 3200/520/475 3265/585/540 3213/533/488
f 3265/585/540 3259/579/1599 3266/586/541
f 3265/585/540 3266/586/541 3213/533/488
f 3259/579/1599 3225/545/500 3266/586/541
f 3212/532/487 3213/533/488 3266/586/541
f 3225/545/500 3212/532/487 3266/586/541
f 3267/552/1602 3268/563/1603 3269/561/1604
f 3267/552/1602 3270/553/545 3268/563/1603
f 3271/564/1605 3269/561/1604 3268/563/1603
f 3271/564/1605 3268/563/1603 3272/565/1606
f 3268/563/1603 3273/566/1607 3272/565/1606
f 3268/563/1603 3270/553/545 3273/566/1607
f 3271/564/1605 3272/565/1606 3274/445/549
f 3273/566/1607 3274/445/549 3272/565/1606
f 3271/564/1605 3274/445/549 3275/444/550
f 3276/449/551 3269/561/1604 3271/564/1605
f 3276/449/551 3271/564/1605 3275/444/550
f 3276/449/551 3277/562/552 3269/561/1604
f 3269/561/1604 3277/562/552 3278/560/553
f 3276/449/551 3275/444/550 3279/448/554
f 3280/447/555 3279/448/554 3275/444/550
f 3269/561/1604 3278/560/553 3281/559/556
f 3267/552/1602 3269/561/1604 3281/559/556
f 3282/558/557 3281/559/556 3278/560/553
f 3280/447/555 3275/444/550 3283/450/558
f 3284/451/1608 3280/447/555 3283/450/558
f 3275/444/550 3285/446/560 3283/450/558
f 3275/444/550 3274/445/549 3285/446/560
f 3284/451/1608 3283/450/558 3286/452/1609
f 3286/452/1609 3283/450/558 3285/446/560
f 3284/451/1608 3286/452/1609 3287/453/562
f 3284/451/1608 3287/453/562 3288/454/563
f 3289/455/564 3288/454/563 3287/453/562
f 3289/455/564 3290/456/565 3288/454/563
f 3286/452/1609 3291/457/1610 3287/453/562
f 3291/457/1610 3289/455/564 3287/453/562
f 3289/455/564 3292/458/567 3290/456/565
f 3286/452/1609 3293/459/1289 3291/457/1610
f 3286/452/1609 3285/446/560 3293/459/1289
f 3291/457/1610 3294/460/1611 3289/455/564
f 3289/455/564 3295/461/570 3292/458/567
f 3294/460/1611 3295/461/570 3289/455/564
f 3296/462/504 3292/458/567 3295/461/570
f 3296/462/504 3297/463/1612 3292/458/567
f 3298/464/571 3296/462/504 3295/461/570
f 3298/464/571 3295/461/570 3299/465/1613
f 3294/460/1611 3299/465/1613 3295/461/570
f 3298/464/571 3299/465/1613 3300/466/1614
f 3300/466/1614 3299/465/1613 3294/460/1611
f 3298/464/571 3300/466/1614 3301/467/497
f 3291/457/1610 3302/468/1615 3294/460/1611
f 3300/466/1614 3294/460/1611 3302/468/1615
f 3301/467/497 3300/466/1614 3303/469/1616
f 3303/469/1616 3300/466/1614 3302/468/1615
f 3301/467/497 3303/469/1616 3304/470/494
f 3291/457/1610 3305/471/1617 3302/468/1615
f 3293/459/1289 3305/471/1617 3291/457/1610
f 3303/469/1616 3302/468/1615 3306/472/1618
f 3307/473/578 3304/470/494 3303/469/1616
f 3307/473/578 3303/469/1616 3306/472/1618
f 3307/473/578 3308/474/1585 3304/470/494
f 3302/468/1615 3309/475/580 3306/472/1618
f 3302/468/1615 3305/471/1617 3309/475/580
f 3307/473/578 3306/472/1618 3310/476/1619
f 3310/476/1619 3306/472/1618 3309/475/580
f 3308/474/1585 3307/473/578 3311/477/582
f 3311/477/582 3307/473/578 3310/476/1619
f 3308/474/1585 3311/477/582 3312/478/485
f 3313/479/583 3312/478/485 3311/477/582
f 3313/479/583 3314/480/482 3312/478/485
f 3311/477/582 3310/476/1619 3315/481/584
f 3313/479/583 3311/477/582 3315/481/584
f 3310/476/1619 3316/482/1620 3315/481/584
f 3314/480/482 3313/479/583 3317/483/1621
f 3314/480/482 3317/483/1621 3318/484/587
f 3313/479/583 3315/481/584 3319/485/1622
f 3317/483/1621 3313/479/583 3319/485/1622
f 3316/482/1620 3319/485/1622 3315/481/584
f 3320/486/1623 3318/484/587 3317/483/1621
f 3320/486/1623 3321/487/590 3318/484/587
f 3321/487/590 3320/486/1623 3322/488/1624
f 3321/487/590 3322/488/1624 3323/489/478
f 3322/488/1624 3320/486/1623 3324/490/1625
f 3322/488/1624 3324/490/1625 3325/491/1626
f 3320/486/1623 3317/483/1621 3326/492/1294
f 3317/483/1621 3319/485/1622 3326/492/1294
f 3320/486/1623 3326/492/1294 3324/490/1625
f 3324/490/1625 3327/493/1627 3325/491/1626
f 3326/492/1294 3319/485/1622 3328/494/1628
f 3316/482/1620 3328/494/1628 3319/485/1622
f 3329/495/1296 3324/490/1625 3326/492/1294
f 3326/492/1294 3328/494/1628 3329/495/1296
f 3324/490/1625 3330/496/1629 3327/493/1627
f 3329/495/1296 3330/496/1629 3324/490/1625
f 3331/497/1630 3327/493/1627 3330/496/1629
f 3329/495/1296 3331/497/1630 3330/496/1629
f 3331/497/1630 3332/498/1631 3327/493/1627
f 3333/499/601 3332/498/1631 3331/497/1630
f 3329/495/1296 3334/500/602 3331/497/1630
f 3333/499/601 3331/497/1630 3335/501/603
f 3336/502/604 3329/495/1296 3328/494/1628
f 3336/502/604 3334/500/602 3329/495/1296
f 3316/482/1620 3336/502/604 3328/494/1628
f 3337/503/1298 3331/497/1630 3334/500/602
f 3337/503/1298 3335/501/603 3331/497/1630
f 3337/503/1298 3334/500/602 3336/502/604
f 3333/499/601 3335/501/603 3338/504/606
f 3338/504/606 3335/501/603 3337/503/1298
f 3333/499/601 3338/504/606 3339/505/1299
f 3340/506/1632 3339/505/1299 3338/504/606
f 3337/503/1298 3336/502/604 3341/507/609
f 3338/504/606 3337/503/1298 3342/508/610
f 3341/507/609 3342/508/610 3337/503/1298
f 3340/506/1632 3338/504/606 3343/509/1301
f 3343/509/1301 3338/504/606 3342/508/610
f 3344/510/1633 3340/506/1632 3343/509/1301
f 3344/510/1633 3345/511/1634 3340/506/1632
f 3344/510/1633 3346/512/614 3345/511/1634
f 3344/510/1633 3347/513/1635 3346/512/614
f 3348/514/1636 3346/512/614 3347/513/1635
f 3348/514/1636 3349/515/1637 3346/512/614
f 3350/516/1638 3347/513/1635 3344/510/1633
f 3350/516/1638 3348/514/1636 3347/513/1635
f 3351/517/1639 3349/515/1637 3348/514/1636
f 3350/516/1638 3344/510/1633 3352/518/1303
f 3343/509/1301 3352/518/1303 3344/510/1633
f 3350/516/1638 3353/519/1640 3348/514/1636
f 3343/509/1301 3354/520/622 3352/518/1303
f 3343/509/1301 3342/508/610 3354/520/622
f 3351/517/1639 3348/514/1636 3355/521/623
f 3351/517/1639 3355/521/623 3356/522/1265
f 3351/517/1639 3356/522/1265 3357/523/444
f 3358/524/625 3355/521/623 3348/514/1636
f 3356/522/1265 3355/521/623 3358/524/625
f 3358/524/625 3348/514/1636 3353/519/1640
f 3356/522/1265 3358/524/625 3359/525/1305
f 3360/526/627 3359/525/1305 3358/524/625
f 3360/526/627 3361/527/1641 3359/525/1305
f 3358/524/625 3353/519/1640 3362/528/629
f 3358/524/625 3362/528/629 3360/526/627
f 3362/528/629 3353/519/1640 3350/516/1638
f 3361/527/1641 3360/526/627 3363/529/1642
f 3363/529/1642 3360/526/627 3362/528/629
f 3361/527/1641 3363/529/1642 3364/530/433
f 3362/528/629 3350/516/1638 3365/531/1643
f 3352/518/1303 3365/531/1643 3350/516/1638
f 3366/532/1644 3362/528/629 3365/531/1643
f 3352/518/1303 3367/533/633 3365/531/1643
f 3366/532/1644 3365/531/1643 3367/533/633
f 3367/533/633 3352/518/1303 3354/520/622
f 3363/529/1642 3362/528/629 3368/534/634
f 3366/532/1644 3368/534/634 3362/528/629
f 3369/535/635 3364/530/433 3363/529/1642
f 3368/534/634 3369/535/635 3363/529/1642
f 3369/535/635 3370/536/429 3364/530/433
f 3371/537/1645 3368/534/634 3366/532/1644
f 3372/538/1646 3370/536/429 3369/535/635
f 3372/538/1646 3373/539/425 3370/536/429
f 3368/534/634 3374/540/638 3369/535/635
f 3372/538/1646 3369/535/635 3374/540/638
f 3371/537/1645 3374/540/638 3368/534/634
f 3375/541/1647 3373/539/425 3372/538/1646
f 3375/541/1647 3376/542/1560 3373/539/425
f 3372/538/1646 3374/540/638 3377/543/640
f 3377/543/640 3375/541/1647 3372/538/1646
f 3378/544/1648 3374/540/638 3371/537/1645
f 3378/544/1648 3377/543/640 3374/540/638
f 3379/545/1649 3371/537/1645 3366/532/1644
f 3379/545/1649 3378/544/1648 3371/537/1645
f 3377/543/640 3380/546/1650 3375/541/1647
f 3376/542/1560 3375/541/1647 3381/547/1651
f 3376/542/1560 3381/547/1651 3382/548/1559
f 3383/549/417 3382/548/1559 3381/547/1651
f 3375/541/1647 3384/550/1652 3381/547/1651
f 3375/541/1647 3380/546/1650 3384/550/1652
f 3385/551/1653 3380/546/1650 3377/543/640
f 3384/550/1652 3380/546/1650 3385/551/1653
f 3385/551/1653 3377/543/640 3378/544/1648
f 3384/550/1652 3385/551/1653 3267/552/1602
f 3270/553/545 3385/551/1653 3378/544/1648
f 3267/552/1602 3385/551/1653 3270/553/545
f 3386/554/647 3384/550/1652 3267/552/1602
f 3386/554/647 3381/547/1651 3384/550/1652
f 3386/554/647 3267/552/1602 3281/559/556
f 3282/558/557 3386/554/647 3281/559/556
f 3386/554/647 3387/555/648 3381/547/1651
f 3282/558/557 3387/555/648 3386/554/647
f 3383/549/417 3381/547/1651 3387/555/648
f 3282/558/557 3388/556/649 3387/555/648
f 3388/556/649 3383/549/417 3387/555/648
f 3388/556/649 3389/557/1654 3383/549/417
f 3270/553/545 3378/544/1648 3390/570/1312
f 3379/545/1649 3390/570/1312 3378/544/1648
f 3391/568/652 3270/553/545 3390/570/1312
f 3391/568/652 3273/566/1607 3270/553/545
f 3392/573/1655 3390/570/1312 3379/545/1649
f 3392/573/1655 3391/568/652 3390/570/1312
f 3393/567/654 3273/566/1607 3391/568/652
f 3273/566/1607 3393/567/654 3274/445/549
f 3393/567/654 3285/446/560 3274/445/549
f 3393/567/654 3391/568/652 3394/571/655
f 3392/573/1655 3394/571/655 3391/568/652
f 3393/567/654 3395/569/656 3285/446/560
f 3395/569/656 3393/567/654 3394/571/655
f 3395/569/656 3293/459/1289 3285/446/560
f 3395/569/656 3396/572/1656 3293/459/1289
f 3293/459/1289 3396/572/1656 3305/471/1617
f 3305/471/1617 3396/572/1656 3397/574/658
f 3397/574/658 3396/572/1656 3395/569/656
f 3305/471/1617 3397/574/658 3309/475/580
f 3395/569/656 3394/571/655 3398/575/1657
f 3397/574/658 3395/569/656 3398/575/1657
f 3398/575/1657 3394/571/655 3399/576/660
f 3392/573/1655 3399/576/660 3394/571/655
f 3398/575/1657 3400/577/1658 3397/574/658
f 3309/475/580 3397/574/658 3400/577/1658
f 3398/575/1657 3399/576/660 3401/578/1659
f 3398/575/1657 3401/578/1659 3400/577/1658
f 3309/475/580 3400/577/1658 3402/580/663
f 3310/476/1619 3309/475/580 3402/580/663
f 3310/476/1619 3402/580/663 3316/482/1620
f 3402/580/663 3400/577/1658 3403/581/1317
f 3402/580/663 3403/581/1317 3316/482/1620
f 3403/581/1317 3400/577/1658 3401/578/1659
f 3316/482/1620 3403/581/1317 3336/502/604
f 3404/582/665 3336/502/604 3403/581/1317
f 3403/581/1317 3401/578/1659 3404/582/665
f 3404/582/665 3341/507/609 3336/502/604
f 3401/578/1659 3405/583/666 3404/582/665
f 3401/578/1659 3399/576/660 3405/583/666
f 3406/584/1318 3341/507/609 3404/582/665
f 3406/584/1318 3404/582/665 3405/583/666
f 3341/507/609 3406/584/1318 3342/508/610
f 3354/520/622 3342/508/610 3406/584/1318
f 3354/520/622 3406/584/1318 3407/585/1660
f 3407/585/1660 3406/584/1318 3405/583/666
f 3367/533/633 3354/520/622 3407/585/1660
f 3399/576/660 3408/579/1661 3405/583/666
f 3407/585/1660 3405/583/666 3408/579/1661
f 3399/576/660 3392/573/1655 3408/579/1661
f 3408/579/1661 3392/573/1655 3379/545/1649
f 3407/585/1660 3408/579/1661 3409/586/1320
f 3407/585/1660 3409/586/1320 3367/533/633
f 3408/579/1661 3379/545/1649 3409/586/1320
f 3366/532/1644 3367/533/633 3409/586/1320
f 3379/545/1649 3366/532/1644 3409/586/1320
f 3410/587/1321 3411/588/1322 3412/589/176
f 3410/587/1321 3412/589/176 3413/590/182
f 3413/590/182 3414/591/1323 3410/587/1321
f 3413/590/182 3415/592/186 3414/591/1323
f 3414/591/1323 3415/592/186 3416/593/189
f 3417/594/1324 3410/587/1321 3414/591/1323
f 3417/594/1324 3411/588/1322 3410/587/1321
f 3418/595/675 3412/589/176 3411/588/1322
f 3418/595/675 3419/596/174 3412/589/176
f 3420/597/1507 3419/596/174 3418/595/675
f 3421/598/676 3418/595/675 3411/588/1322
f 3420/597/1507 3418/595/675 3422/599/1662
f 3421/598/676 3422/599/1662 3418/595/675
f 3422/599/1662 3423/600/166 3420/597/1507
f 3421/598/676 3411/588/1322 3424/601/1663
f 3417/594/1324 3424/601/1663 3411/588/1322
f 3421/598/676 3425/602/1664 3422/599/1662
f 3426/603/681 3421/598/676 3424/601/1663
f 3417/594/1324 3426/603/681 3424/601/1663
f 3426/603/681 3427/604/682 3421/598/676
f 3425/602/1664 3421/598/676 3427/604/682
f 3417/594/1324 3428/605/683 3426/603/681
f 3422/599/1662 3429/606/1325 3423/600/166
f 3425/602/1664 3429/606/1325 3422/599/1662
f 3430/607/1665 3423/600/166 3429/606/1325
f 3430/607/1665 3431/608/686 3423/600/166
f 3432/609/687 3430/607/1665 3429/606/1325
f 3432/609/687 3429/606/1325 3433/610/1666
f 3425/602/1664 3433/610/1666 3429/606/1325
f 3434/611/689 3432/609/687 3433/610/1666
f 3425/602/1664 3434/611/689 3433/610/1666
f 3434/611/689 3435/612/1667 3432/609/687
f 3425/602/1664 3436/613/1668 3434/611/689
f 3425/602/1664 3427/604/682 3436/613/1668
f 3437/614/1669 3435/612/1667 3434/611/689
f 3436/613/1668 3437/614/1669 3434/611/689
f 3437/614/1669 3438/615/693 3435/612/1667
f 3438/615/693 3437/614/1669 3439/616/694
f 3438/615/693 3439/616/694 3440/617/1670
f 3441/618/696 3440/617/1670 3439/616/694
f 3436/613/1668 3442/619/697 3437/614/1669
f 3439/616/694 3437/614/1669 3442/619/697
f 3441/618/696 3439/616/694 3443/620/1671
f 3443/620/1671 3444/621/699 3441/618/696
f 3439/616/694 3442/619/697 3445/622/700
f 3443/620/1671 3446/623/1672 3444/621/699
f 3447/624/702 3444/621/699 3446/623/1672
f 3448/625/1673 3443/620/1671 3439/616/694
f 3448/625/1673 3439/616/694 3445/622/700
f 3443/620/1671 3449/626/704 3446/623/1672
f 3443/620/1671 3448/625/1673 3449/626/704
f 3447/624/702 3446/623/1672 3450/627/1674
f 3451/628/706 3447/624/702 3450/627/1674
f 3446/623/1672 3449/626/704 3452/629/707
f 3446/623/1672 3452/629/707 3450/627/1674
f 3451/628/706 3450/627/1674 3453/630/1329
f 3454/631/1330 3450/627/1674 3452/629/707
f 3454/631/1330 3453/630/1329 3450/627/1674
f 3451/628/706 3453/630/1329 3455/632/1675
f 3455/632/1675 3453/630/1329 3454/631/1330
f 3451/628/706 3455/632/1675 3456/633/711
f 3457/634/1676 3456/633/711 3455/632/1675
f 3457/634/1676 3458/635/713 3456/633/711
f 3455/632/1675 3454/631/1330 3459/636/714
f 3459/636/714 3457/634/1676 3455/632/1675
f 3452/629/707 3460/637/1677 3454/631/1330
f 3454/631/1330 3461/638/716 3459/636/714
f 3454/631/1330 3460/637/1677 3461/638/716
f 3462/639/717 3458/635/713 3457/634/1676
f 3462/639/717 3463/640/1678 3458/635/713
f 3464/641/719 3463/640/1678 3462/639/717
f 3459/636/714 3465/642/720 3457/634/1676
f 3465/642/720 3462/639/717 3457/634/1676
f 3459/636/714 3466/643/1333 3465/642/720
f 3459/636/714 3461/638/716 3466/643/1333
f 3465/642/720 3467/644/1679 3462/639/717
f 3464/641/719 3462/639/717 3468/645/1680
f 3468/645/1680 3469/646/724 3464/641/719
f 3465/642/720 3466/643/1333 3470/647/1681
f 3465/642/720 3470/647/1681 3467/644/1679
f 3462/639/717 3471/648/1682 3468/645/1680
f 3462/639/717 3467/644/1679 3471/648/1682
f 3468/645/1680 3472/649/1683 3469/646/724
f 3472/649/1683 3473/650/728 3469/646/724
f 3468/645/1680 3471/648/1682 3474/651/729
f 3468/645/1680 3474/651/729 3472/649/1683
f 3467/644/1679 3475/652/1336 3471/648/1682
f 3467/644/1679 3470/647/1681 3475/652/1336
f 3471/648/1682 3476/653/731 3474/651/729
f 3471/648/1682 3475/652/1336 3476/653/731
f 3472/649/1683 3474/651/729 3477/654/732
f 3476/653/731 3477/654/732 3474/651/729
f 3472/649/1683 3478/655/733 3473/650/728
f 3472/649/1683 3477/654/732 3478/655/733
f 3478/655/733 3479/656/734 3473/650/728
f 3478/655/733 3480/657/735 3479/656/734
f 3480/657/735 3481/658/736 3479/656/734
f 3482/659/737 3478/655/733 3477/654/732
f 3482/659/737 3480/657/735 3478/655/733
f 3482/659/737 3477/654/732 3483/660/738
f 3476/653/731 3483/660/738 3477/654/732
f 3484/661/1684 3480/657/735 3482/659/737
f 3480/657/735 3485/662/740 3481/658/736
f 3484/661/1684 3485/662/740 3480/657/735
f 3485/662/740 3486/663/741 3481/658/736
f 3484/661/1684 3482/659/737 3487/664/1685
f 3482/659/737 3483/660/738 3487/664/1685
f 3485/662/740 3484/661/1684 3488/665/743
f 3485/662/740 3489/666/1337 3486/663/741
f 3485/662/740 3488/665/743 3489/666/1337
f 3489/666/1337 3490/667/1686 3486/663/741
f 3489/666/1337 3491/668/1687 3490/667/1686
f 3492/669/747 3490/667/1686 3491/668/1687
f 3489/666/1337 3493/670/748 3491/668/1687
f 3489/666/1337 3488/665/743 3493/670/748
f 3492/669/747 3491/668/1687 3494/671/1688
f 3495/672/1689 3492/669/747 3494/671/1688
f 3495/672/1689 3494/671/1688 3496/673/1690
f 3494/671/1688 3497/674/752 3496/673/1690
f 3498/675/753 3494/671/1688 3491/668/1687
f 3494/671/1688 3498/675/753 3497/674/752
f 3498/675/753 3491/668/1687 3493/670/748
f 3498/675/753 3493/670/748 3499/676/754
f 3499/676/754 3493/670/748 3488/665/743
f 3497/674/752 3498/675/753 3500/677/1691
f 3498/675/753 3499/676/754 3500/677/1691
f 3497/674/752 3500/677/1691 3501/678/756
f 3501/678/756 3500/677/1691 3502/679/757
f 3501/678/756 3502/679/757 3503/680/758
f 3502/679/757 3504/681/759 3503/680/758
f 3500/677/1691 3505/682/760 3502/679/757
f 3500/677/1691 3499/676/754 3505/682/760
f 3502/679/757 3506/683/761 3504/681/759
f 3506/683/761 3502/679/757 3505/682/760
f 3507/684/762 3504/681/759 3506/683/761
f 3507/684/762 3508/685/763 3504/681/759
f 3506/683/761 3505/682/760 3509/686/1339
f 3508/685/763 3507/684/762 3510/687/1692
f 3508/685/763 3510/687/1692 3511/688/766
f 3510/687/1692 3512/689/767 3511/688/766
f 3513/690/1693 3507/684/762 3506/683/761
f 3513/690/1693 3506/683/761 3509/686/1339
f 3507/684/762 3514/691/769 3510/687/1692
f 3507/684/762 3513/690/1693 3514/691/769
f 3510/687/1692 3515/692/1694 3512/689/767
f 3515/692/1694 3510/687/1692 3514/691/769
f 3512/689/767 3515/692/1694 3516/693/771
f 3512/689/767 3516/693/771 3517/694/772
f 3515/692/1694 3514/691/769 3518/695/773
f 3515/692/1694 3519/696/1695 3516/693/771
f 3515/692/1694 3518/695/773 3519/696/1695
f 3517/694/772 3516/693/771 3520/697/1696
f 3517/694/772 3520/697/1696 3521/698/776
f 3520/697/1696 3522/699/777 3521/698/776
f 3516/693/771 3523/700/778 3520/697/1696
f 3516/693/771 3519/696/1695 3523/700/778
f 3520/697/1696 3524/701/1697 3522/699/777
f 3524/701/1697 3520/697/1696 3523/700/778
f 3525/702/780 3522/699/777 3524/701/1697
f 3525/702/780 3526/703/781 3522/699/777
f 3527/704/782 3525/702/780 3524/701/1697
f 3527/704/782 3524/701/1697 3528/705/1698
f 3524/701/1697 3523/700/778 3528/705/1698
f 3528/705/1698 3529/706/784 3527/704/782
f 3530/707/1699 3528/705/1698 3523/700/778
f 3530/707/1699 3523/700/778 3519/696/1695
f 3528/705/1698 3531/708/786 3529/706/784
f 3530/707/1699 3531/708/786 3528/705/1698
f 3531/708/786 3532/709/787 3529/706/784
f 3530/707/1699 3519/696/1695 3533/710/1344
f 3531/708/786 3534/711/1700 3532/709/787
f 3535/712/790 3531/708/786 3530/707/1699
f 3535/712/790 3530/707/1699 3533/710/1344
f 3535/712/790 3534/711/1700 3531/708/786
f 3534/711/1700 3536/713/791 3532/709/787
f 3519/696/1695 3537/714/792 3533/710/1344
f 3519/696/1695 3518/695/773 3537/714/792
f 3535/712/790 3533/710/1344 3538/715/793
f 3537/714/792 3538/715/793 3533/710/1344
f 3534/711/1700 3535/712/790 3539/716/1345
f 3539/716/1345 3535/712/790 3538/715/793
f 3534/711/1700 3540/717/1701 3536/713/791
f 3534/711/1700 3539/716/1345 3540/717/1701
f 3540/717/1701 3541/718/796 3536/713/791
f 3542/719/1346 3537/714/792 3518/695/773
f 3542/719/1346 3518/695/773 3514/691/769
f 3542/719/1346 3514/691/769 3513/690/1693
f 3542/719/1346 3513/690/1693 3543/720/798
f 3509/686/1339 3543/720/798 3513/690/1693
f 3544/721/1347 3537/714/792 3542/719/1346
f 3544/721/1347 3542/719/1346 3543/720/798
f 3544/721/1347 3545/722/1702 3537/714/792
f 3537/714/792 3545/722/1702 3538/715/793
f 3544/721/1347 3543/720/798 3546/723/1348
f 3509/686/1339 3547/724/802 3543/720/798
f 3547/724/802 3546/723/1348 3543/720/798
f 3548/725/803 3547/724/802 3509/686/1339
f 3548/725/803 3509/686/1339 3505/682/760
f 3548/725/803 3505/682/760 3499/676/754
f 3548/725/803 3499/676/754 3549/726/804
f 3499/676/754 3488/665/743 3549/726/804
f 3550/727/1349 3547/724/802 3548/725/803
f 3550/727/1349 3548/725/803 3549/726/804
f 3488/665/743 3551/728/806 3549/726/804
f 3550/727/1349 3549/726/804 3551/728/806
f 3488/665/743 3484/661/1684 3551/728/806
f 3484/661/1684 3487/664/1685 3551/728/806
f 3552/729/1703 3550/727/1349 3551/728/806
f 3552/729/1703 3551/728/806 3487/664/1685
f 3550/727/1349 3553/730/808 3547/724/802
f 3553/730/808 3550/727/1349 3552/729/1703
f 3547/724/802 3553/730/808 3546/723/1348
f 3554/731/809 3552/729/1703 3487/664/1685
f 3554/731/809 3487/664/1685 3483/660/738
f 3553/730/808 3552/729/1703 3555/732/1350
f 3555/732/1350 3552/729/1703 3554/731/809
f 3553/730/808 3556/733/811 3546/723/1348
f 3553/730/808 3555/732/1350 3556/733/811
f 3557/734/1704 3546/723/1348 3556/733/811
f 3557/734/1704 3544/721/1347 3546/723/1348
f 3545/722/1702 3544/721/1347 3557/734/1704
f 3558/735/813 3554/731/809 3483/660/738
f 3558/735/813 3483/660/738 3476/653/731
f 3555/732/1350 3554/731/809 3559/736/814
f 3558/735/813 3559/736/814 3554/731/809
f 3555/732/1350 3559/736/814 3560/737/815
f 3555/732/1350 3560/737/815 3556/733/811
f 3561/738/816 3558/735/813 3476/653/731
f 3561/738/816 3476/653/731 3475/652/1336
f 3558/735/813 3562/739/817 3559/736/814
f 3561/738/816 3562/739/817 3558/735/813
f 3563/740/818 3560/737/815 3559/736/814
f 3563/740/818 3559/736/814 3562/739/817
f 3564/741/819 3556/733/811 3560/737/815
f 3564/741/819 3557/734/1704 3556/733/811
f 3565/742/820 3560/737/815 3563/740/818
f 3565/742/820 3564/741/819 3560/737/815
f 3566/743/1705 3563/740/818 3562/739/817
f 3567/744/1706 3565/742/820 3563/740/818
f 3567/744/1706 3563/740/818 3566/743/1705
f 3568/745/823 3557/734/1704 3564/741/819
f 3545/722/1702 3557/734/1704 3568/745/823
f 3565/742/820 3569/746/824 3564/741/819
f 3568/745/823 3564/741/819 3569/746/824
f 3567/744/1706 3570/747/1707 3565/742/820
f 3565/742/820 3570/747/1707 3569/746/824
f 3545/722/1702 3568/745/823 3571/748/1708
f 3545/722/1702 3571/748/1708 3538/715/793
f 3539/716/1345 3538/715/793 3571/748/1708
f 3568/745/823 3572/749/827 3571/748/1708
f 3568/745/823 3569/746/824 3572/749/827
f 3573/750/828 3539/716/1345 3571/748/1708
f 3573/750/828 3571/748/1708 3572/749/827
f 3540/717/1701 3539/716/1345 3573/750/828
f 3574/751/829 3572/749/827 3569/746/824
f 3574/751/829 3569/746/824 3570/747/1707
f 3575/752/1709 3573/750/828 3572/749/827
f 3575/752/1709 3572/749/827 3574/751/829
f 3540/717/1701 3573/750/828 3576/753/1357
f 3575/752/1709 3576/753/1357 3573/750/828
f 3540/717/1701 3576/753/1357 3541/718/796
f 3577/754/832 3541/718/796 3576/753/1357
f 3575/752/1709 3577/754/832 3576/753/1357
f 3577/754/832 3578/755/833 3541/718/796
f 3579/756/1710 3578/755/833 3577/754/832
f 3580/757/1711 3577/754/832 3575/752/1709
f 3580/757/1711 3575/752/1709 3574/751/829
f 3579/756/1710 3577/754/832 3581/758/1712
f 3580/757/1711 3581/758/1712 3577/754/832
f 3582/759/1713 3579/756/1710 3581/758/1712
f 3582/759/1713 3583/760/838 3579/756/1710
f 3584/761/839 3583/760/838 3582/759/1713
f 3585/762/1714 3582/759/1713 3581/758/1712
f 3585/762/1714 3581/758/1712 3580/757/1711
f 3584/761/839 3582/759/1713 3586/763/1715
f 3586/763/1715 3582/759/1713 3585/762/1714
f 3587/764/1716 3584/761/839 3586/763/1715
f 3580/757/1711 3574/751/829 3588/765/1717
f 3588/765/1717 3585/762/1714 3580/757/1711
f 3589/766/1718 3588/765/1717 3574/751/829
f 3589/766/1718 3574/751/829 3570/747/1707
f 3567/744/1706 3589/766/1718 3570/747/1707
f 3590/767/1719 3588/765/1717 3589/766/1718
f 3591/768/846 3589/766/1718 3567/744/1706
f 3591/768/846 3590/767/1719 3589/766/1718
f 3588/765/1717 3592/769/1720 3585/762/1714
f 3590/767/1719 3592/769/1720 3588/765/1717
f 3566/743/1705 3591/768/846 3567/744/1706
f 3593/770/1721 3592/769/1720 3590/767/1719
f 3593/770/1721 3590/767/1719 3591/768/846
f 3585/762/1714 3592/769/1720 3594/771/1722
f 3593/770/1721 3594/771/1722 3592/769/1720
f 3585/762/1714 3594/771/1722 3595/772/1362
f 3586/763/1715 3585/762/1714 3595/772/1362
f 3566/743/1705 3596/773/851 3591/768/846
f 3597/774/852 3586/763/1715 3595/772/1362
f 3587/764/1716 3586/763/1715 3597/774/852
f 3595/772/1362 3594/771/1722 3598/775/1723
f 3599/776/854 3587/764/1716 3597/774/852
f 3599/776/854 3600/777/1724 3587/764/1716
f 3597/774/852 3595/772/1362 3601/778/856
f 3601/778/856 3599/776/854 3597/774/852
f 3595/772/1362 3598/775/1723 3601/778/856
f 3602/779/857 3600/777/1724 3599/776/854
f 3603/780/858 3598/775/1723 3594/771/1722
f 3603/780/858 3594/771/1722 3593/770/1721
f 3604/781/1725 3601/778/856 3598/775/1723
f 3601/778/856 3605/782/1726 3599/776/854
f 3604/781/1725 3605/782/1726 3601/778/856
f 3599/776/854 3605/782/1726 3606/783/861
f 3604/781/1725 3606/783/861 3605/782/1726
f 3602/779/857 3599/776/854 3607/784/1727
f 3599/776/854 3606/783/861 3607/784/1727
f 3608/785/863 3602/779/857 3607/784/1727
f 3608/785/863 3609/786/864 3602/779/857
f 3610/787/865 3609/786/864 3608/785/863
f 3611/788/866 3604/781/1725 3598/775/1723
f 3611/788/866 3598/775/1723 3603/780/858
f 3612/789/1728 3608/785/863 3607/784/1727
f 3612/789/1728 3607/784/1727 3606/783/861
f 3610/787/865 3608/785/863 3613/790/1729
f 3614/791/869 3610/787/865 3613/790/1729
f 3615/792/1730 3608/785/863 3612/789/1728
f 3615/792/1730 3613/790/1729 3608/785/863
f 3614/791/869 3613/790/1729 3616/793/871
f 3617/794/872 3614/791/869 3616/793/871
f 3617/794/872 3618/795/873 3614/791/869
f 3613/790/1729 3619/796/874 3616/793/871
f 3613/790/1729 3615/792/1730 3619/796/874
f 3619/796/874 3617/794/872 3616/793/871
f 3617/794/872 3620/797/1731 3618/795/873
f 3617/794/872 3621/798/1732 3620/797/1731
f 3622/799/877 3620/797/1731 3621/798/1732
f 3622/799/877 3621/798/1732 3623/800/1733
f 3623/800/1733 3624/801/879 3622/799/877
f 3621/798/1732 3617/794/872 3625/802/880
f 3619/796/874 3625/802/880 3617/794/872
f 3621/798/1732 3625/802/880 3626/803/881
f 3623/800/1733 3621/798/1732 3626/803/881
f 3627/804/882 3625/802/880 3619/796/874
f 3623/800/1733 3626/803/881 3628/805/1734
f 3625/802/880 3629/806/1367 3626/803/881
f 3625/802/880 3627/804/882 3629/806/1367
f 3626/803/881 3630/807/885 3628/805/1734
f 3626/803/881 3629/806/1367 3630/807/885
f 3623/800/1733 3628/805/1734 3631/808/886
f 3630/807/885 3631/808/886 3628/805/1734
f 3623/800/1733 3631/808/886 3632/809/1735
f 3623/800/1733 3632/809/1735 3624/801/879
f 3633/810/396 3624/801/879 3632/809/1735
f 3633/810/396 3634/811/888 3624/801/879
f 3632/809/1735 3635/812/195 3633/810/396
f 3632/809/1735 3631/808/886 3635/812/195
f 3636/813/889 3635/812/195 3631/808/886
f 3630/807/885 3636/813/889 3631/808/886
f 3636/813/889 3637/814/890 3635/812/195
f 3638/815/191 3637/814/890 3636/813/889
f 3638/815/191 3636/813/889 3639/816/1736
f 3630/807/885 3639/816/1736 3636/813/889
f 3639/816/1736 3416/593/189 3638/815/191
f 3630/807/885 3640/817/1369 3639/816/1736
f 3640/817/1369 3630/807/885 3629/806/1367
f 3639/816/1736 3641/818/1737 3416/593/189
f 3640/817/1369 3641/818/1737 3639/816/1736
f 3414/591/1323 3416/593/189 3641/818/1737
f 3640/817/1369 3642/819/894 3641/818/1737
f 3643/820/895 3414/591/1323 3641/818/1737
f 3643/820/895 3641/818/1737 3642/819/894
f 3417/594/1324 3414/591/1323 3643/820/895
f 3417/594/1324 3643/820/895 3644/821/896
f 3645/822/1738 3643/820/895 3642/819/894
f 3640/817/1369 3645/822/1738 3642/819/894
f 3645/822/1738 3644/821/896 3643/820/895
f 3417/594/1324 3644/821/896 3428/605/683
f 3640/817/1369 3646/823/1739 3645/822/1738
f 3640/817/1369 3629/806/1367 3646/823/1739
f 3627/804/882 3646/823/1739 3629/806/1367
f 3646/823/1739 3647/824/899 3645/822/1738
f 3647/824/899 3644/821/896 3645/822/1738
f 3627/804/882 3648/825/1740 3646/823/1739
f 3646/823/1739 3648/825/1740 3647/824/899
f 3648/825/1740 3627/804/882 3649/826/1741
f 3627/804/882 3619/796/874 3649/826/1741
f 3648/825/1740 3649/826/1741 3650/827/1742
f 3651/828/1743 3649/826/1741 3619/796/874
f 3650/827/1742 3649/826/1741 3651/828/1743
f 3651/828/1743 3619/796/874 3615/792/1730
f 3652/829/1374 3648/825/1740 3650/827/1742
f 3652/829/1374 3647/824/899 3648/825/1740
f 3650/827/1742 3651/828/1743 3653/830/905
f 3653/830/905 3652/829/1374 3650/827/1742
f 3615/792/1730 3654/831/906 3651/828/1743
f 3653/830/905 3651/828/1743 3654/831/906
f 3615/792/1730 3612/789/1728 3654/831/906
f 3647/824/899 3655/832/907 3644/821/896
f 3655/832/907 3647/824/899 3652/829/1374
f 3656/833/908 3644/821/896 3655/832/907
f 3656/833/908 3428/605/683 3644/821/896
f 3655/832/907 3652/829/1374 3657/834/1376
f 3656/833/908 3655/832/907 3657/834/1376
f 3658/835/1377 3657/834/1376 3652/829/1374
f 3656/833/908 3657/834/1376 3659/836/911
f 3659/836/911 3657/834/1376 3658/835/1377
f 3428/605/683 3656/833/908 3660/837/1744
f 3428/605/683 3660/837/1744 3426/603/681
f 3660/837/1744 3427/604/682 3426/603/681
f 3661/838/913 3660/837/1744 3656/833/908
f 3661/838/913 3656/833/908 3659/836/911
f 3660/837/1744 3662/839/914 3427/604/682
f 3662/839/914 3660/837/1744 3661/838/913
f 3662/839/914 3436/613/1668 3427/604/682
f 3662/839/914 3442/619/697 3436/613/1668
f 3442/619/697 3662/839/914 3663/840/1745
f 3662/839/914 3661/838/913 3663/840/1745
f 3442/619/697 3663/840/1745 3445/622/700
f 3445/622/700 3663/840/1745 3664/841/1746
f 3664/841/1746 3663/840/1745 3661/838/913
f 3445/622/700 3664/841/1746 3448/625/1673
f 3665/842/917 3661/838/913 3659/836/911
f 3659/836/911 3658/835/1377 3665/842/917
f 3664/841/1746 3661/838/913 3666/843/1378
f 3665/842/917 3666/843/1378 3661/838/913
f 3448/625/1673 3664/841/1746 3667/844/1379
f 3666/843/1378 3667/844/1379 3664/841/1746
f 3448/625/1673 3667/844/1379 3449/626/704
f 3666/843/1378 3665/842/917 3668/845/920
f 3658/835/1377 3668/845/920 3665/842/917
f 3666/843/1378 3669/846/921 3667/844/1379
f 3666/843/1378 3668/845/920 3669/846/921
f 3449/626/704 3667/844/1379 3670/847/1747
f 3670/847/1747 3667/844/1379 3669/846/921
f 3449/626/704 3670/847/1747 3452/629/707
f 3452/629/707 3670/847/1747 3460/637/1677
f 3670/847/1747 3669/846/921 3671/848/923
f 3460/637/1677 3670/847/1747 3671/848/923
f 3669/846/921 3672/849/924 3671/848/923
f 3669/846/921 3668/845/920 3672/849/924
f 3460/637/1677 3671/848/923 3673/850/1748
f 3460/637/1677 3673/850/1748 3674/851/926
f 3675/852/927 3673/850/1748 3671/848/923
f 3675/852/927 3671/848/923 3672/849/924
f 3674/851/926 3673/850/1748 3675/852/927
f 3460/637/1677 3674/851/926 3461/638/716
f 3668/845/920 3676/853/928 3672/849/924
f 3676/853/928 3675/852/927 3672/849/924
f 3677/854/1749 3461/638/716 3674/851/926
f 3677/854/1749 3466/643/1333 3461/638/716
f 3674/851/926 3675/852/927 3678/855/1387
f 3678/855/1387 3677/854/1749 3674/851/926
f 3675/852/927 3679/856/931 3678/855/1387
f 3680/857/1750 3466/643/1333 3677/854/1749
f 3680/857/1750 3470/647/1681 3466/643/1333
f 3475/652/1336 3470/647/1681 3680/857/1750
f 3678/855/1387 3681/858/1751 3677/854/1749
f 3681/858/1751 3680/857/1750 3677/854/1749
f 3679/856/931 3681/858/1751 3678/855/1387
f 3475/652/1336 3680/857/1750 3561/738/816
f 3680/857/1750 3682/859/934 3561/738/816
f 3561/738/816 3682/859/934 3562/739/817
f 3566/743/1705 3562/739/817 3682/859/934
f 3680/857/1750 3683/860/1752 3682/859/934
f 3683/860/1752 3566/743/1705 3682/859/934
f 3681/858/1751 3683/860/1752 3680/857/1750
f 3683/860/1752 3596/773/851 3566/743/1705
f 3684/861/936 3683/860/1752 3681/858/1751
f 3684/861/936 3596/773/851 3683/860/1752
f 3679/856/931 3684/861/936 3681/858/1751
f 3591/768/846 3596/773/851 3684/861/936
f 3591/768/846 3684/861/936 3685/862/1753
f 3685/862/1753 3684/861/936 3679/856/931
f 3593/770/1721 3591/768/846 3685/862/1753
f 3603/780/858 3593/770/1721 3685/862/1753
f 3603/780/858 3685/862/1753 3686/863/938
f 3685/862/1753 3679/856/931 3686/863/938
f 3686/863/938 3611/788/866 3603/780/858
f 3687/864/939 3686/863/938 3679/856/931
f 3675/852/927 3687/864/939 3679/856/931
f 3686/863/938 3688/865/940 3611/788/866
f 3687/864/939 3688/865/940 3686/863/938
f 3676/853/928 3687/864/939 3675/852/927
f 3687/864/939 3689/866/941 3688/865/940
f 3687/864/939 3676/853/928 3689/866/941
f 3611/788/866 3688/865/940 3689/866/941
f 3611/788/866 3689/866/941 3690/867/942
f 3690/867/942 3604/781/1725 3611/788/866
f 3676/853/928 3691/868/1754 3689/866/941
f 3691/868/1754 3690/867/942 3689/866/941
f 3676/853/928 3692/869/944 3691/868/1754
f 3668/845/920 3692/869/944 3676/853/928
f 3658/835/1377 3692/869/944 3668/845/920
f 3693/870/1755 3692/869/944 3658/835/1377
f 3693/870/1755 3691/868/1754 3692/869/944
f 3658/835/1377 3652/829/1374 3693/870/1755
f 3653/830/905 3693/870/1755 3652/829/1374
f 3693/870/1755 3694/871/946 3691/868/1754
f 3693/870/1755 3653/830/905 3694/871/946
f 3691/868/1754 3694/871/946 3690/867/942
f 3653/830/905 3654/831/906 3694/871/946
f 3694/871/946 3695/872/947 3690/867/942
f 3694/871/946 3654/831/906 3695/872/947
f 3690/867/942 3695/872/947 3604/781/1725
f 3695/872/947 3654/831/906 3612/789/1728
f 3604/781/1725 3695/872/947 3606/783/861
f 3695/872/947 3612/789/1728 3606/783/861
f 3696/813/1392 3697/814/172 3698/812/171
f 3699/815/238 3697/814/172 3696/813/1392
f 3699/815/238 3696/813/1392 3700/816/1756
f 3700/816/1756 3701/593/950 3699/815/238
f 3702/807/1393 3700/816/1756 3696/813/1392
f 3696/813/1392 3698/812/171 3703/808/1757
f 3702/807/1393 3696/813/1392 3703/808/1757
f 3704/809/1758 3703/808/1757 3698/812/171
f 3704/809/1758 3698/812/171 3705/810/954
f 3705/810/954 3706/801/1759 3704/809/1758
f 3705/810/954 3707/811/1760 3706/801/1759
f 3708/800/956 3704/809/1758 3706/801/1759
f 3708/800/956 3703/808/1757 3704/809/1758
f 3708/800/956 3706/801/1759 3709/799/957
f 3708/800/956 3710/805/1761 3703/808/1757
f 3702/807/1393 3703/808/1757 3710/805/1761
f 3709/799/957 3711/798/1762 3708/800/956
f 3709/799/957 3712/797/1667 3711/798/1762
f 3708/800/956 3713/803/1763 3710/805/1761
f 3713/803/1763 3702/807/1393 3710/805/1761
f 3708/800/956 3711/798/1762 3713/803/1763
f 3714/794/962 3711/798/1762 3712/797/1667
f 3714/794/962 3712/797/1667 3715/795/693
f 3714/794/962 3715/795/693 3716/791/1670
f 3711/798/1762 3714/794/962 3717/802/1764
f 3711/798/1762 3717/802/1764 3713/803/1763
f 3714/794/962 3716/791/1670 3718/793/1765
f 3713/803/1763 3719/806/965 3702/807/1393
f 3717/802/1764 3719/806/965 3713/803/1763
f 3720/817/966 3702/807/1393 3719/806/965
f 3702/807/1393 3720/817/966 3700/816/1756
f 3716/791/1670 3721/790/1766 3718/793/1765
f 3716/791/1670 3722/787/968 3721/790/1766
f 3723/796/1767 3714/794/962 3718/793/1765
f 3723/796/1767 3717/802/1764 3714/794/962
f 3721/790/1766 3723/796/1767 3718/793/1765
f 3722/787/968 3724/785/1768 3721/790/1766
f 3722/787/968 3725/786/1396 3724/785/1768
f 3724/785/1768 3725/786/1396 3726/779/702
f 3727/792/1769 3721/790/1766 3724/785/1768
f 3721/790/1766 3727/792/1769 3723/796/1767
f 3724/785/1768 3726/779/702 3728/784/1770
f 3727/792/1769 3724/785/1768 3729/789/973
f 3729/789/973 3724/785/1768 3728/784/1770
f 3726/779/702 3730/776/974 3728/784/1770
f 3726/779/702 3731/777/975 3730/776/974
f 3730/776/974 3731/777/975 3732/764/711
f 3729/789/973 3728/784/1770 3733/783/1771
f 3730/776/974 3733/783/1771 3728/784/1770
f 3730/776/974 3734/782/1772 3733/783/1771
f 3735/872/1773 3729/789/973 3733/783/1771
f 3736/781/1774 3733/783/1771 3734/782/1772
f 3736/781/1774 3735/872/1773 3733/783/1771
f 3737/778/1775 3734/782/1772 3730/776/974
f 3736/781/1774 3734/782/1772 3737/778/1775
f 3730/776/974 3732/764/711 3738/774/981
f 3737/778/1775 3730/776/974 3738/774/981
f 3732/764/711 3739/763/982 3738/774/981
f 3732/764/711 3740/761/713 3739/763/982
f 3738/774/981 3741/772/983 3737/778/1775
f 3738/774/981 3739/763/982 3741/772/983
f 3736/781/1774 3737/778/1775 3742/775/1776
f 3741/772/983 3742/775/1776 3737/778/1775
f 3740/761/713 3743/759/985 3739/763/982
f 3740/761/713 3744/760/1678 3743/759/985
f 3743/759/985 3744/760/1678 3745/756/719
f 3739/763/982 3743/759/985 3746/762/1777
f 3739/763/982 3746/762/1777 3741/772/983
f 3743/759/985 3745/756/719 3747/758/1778
f 3746/762/1777 3743/759/985 3747/758/1778
f 3745/756/719 3748/754/988 3747/758/1778
f 3745/756/719 3749/755/724 3748/754/988
f 3748/754/988 3749/755/724 3750/718/728
f 3751/757/989 3747/758/1778 3748/754/988
f 3746/762/1777 3747/758/1778 3751/757/989
f 3748/754/988 3750/718/728 3752/753/990
f 3746/762/1777 3753/771/1401 3741/772/983
f 3741/772/983 3753/771/1401 3742/775/1776
f 3751/757/989 3748/754/988 3754/752/1779
f 3754/752/1779 3748/754/988 3752/753/990
f 3755/717/1780 3752/753/990 3750/718/728
f 3755/717/1780 3750/718/728 3756/713/734
f 3754/752/1779 3752/753/990 3757/750/1781
f 3755/717/1780 3757/750/1781 3752/753/990
f 3751/757/989 3754/752/1779 3758/751/995
f 3759/711/996 3755/717/1780 3756/713/734
f 3759/711/996 3756/713/734 3760/709/736
f 3755/717/1780 3761/716/997 3757/750/1781
f 3759/711/996 3761/716/997 3755/717/1780
f 3754/752/1779 3757/750/1781 3762/749/1403
f 3754/752/1779 3762/749/1403 3758/751/995
f 3757/750/1781 3761/716/997 3763/748/999
f 3757/750/1781 3763/748/999 3762/749/1403
f 3764/708/1000 3759/711/996 3760/709/736
f 3764/708/1000 3760/709/736 3765/706/1001
f 3759/711/996 3766/712/1782 3761/716/997
f 3766/712/1782 3759/711/996 3764/708/1000
f 3761/716/997 3767/715/1783 3763/748/999
f 3761/716/997 3766/712/1782 3767/715/1783
f 3768/705/1004 3764/708/1000 3765/706/1001
f 3768/705/1004 3765/706/1001 3769/704/745
f 3766/712/1782 3764/708/1000 3770/707/1784
f 3770/707/1784 3764/708/1000 3768/705/1004
f 3766/712/1782 3771/710/1006 3767/715/1783
f 3766/712/1782 3770/707/1784 3771/710/1006
f 3772/714/1007 3767/715/1783 3771/710/1006
f 3770/707/1784 3773/696/1404 3771/710/1006
f 3773/696/1404 3772/714/1007 3771/710/1006
f 3770/707/1784 3768/705/1004 3774/700/1785
f 3770/707/1784 3774/700/1785 3773/696/1404
f 3769/704/745 3775/701/1786 3768/705/1004
f 3775/701/1786 3774/700/1785 3768/705/1004
f 3769/704/745 3776/702/747 3775/701/1786
f 3776/702/747 3777/699/1011 3775/701/1786
f 3776/702/747 3778/703/1787 3777/699/1011
f 3779/697/1013 3775/701/1786 3777/699/1011
f 3775/701/1786 3779/697/1013 3774/700/1785
f 3779/697/1013 3777/699/1011 3780/698/1014
f 3781/694/1015 3779/697/1013 3780/698/1014
f 3782/693/1788 3774/700/1785 3779/697/1013
f 3781/694/1015 3782/693/1788 3779/697/1013
f 3782/693/1788 3773/696/1404 3774/700/1785
f 3783/689/1405 3782/693/1788 3781/694/1015
f 3784/692/1018 3773/696/1404 3782/693/1788
f 3783/689/1405 3784/692/1018 3782/693/1788
f 3784/692/1018 3785/695/1789 3773/696/1404
f 3773/696/1404 3785/695/1789 3772/714/1007
f 3786/687/1020 3784/692/1018 3783/689/1405
f 3786/687/1020 3783/689/1405 3787/688/1021
f 3788/685/1022 3786/687/1020 3787/688/1021
f 3784/692/1018 3786/687/1020 3789/691/1790
f 3784/692/1018 3789/691/1790 3785/695/1789
f 3788/685/1022 3790/684/1024 3786/687/1020
f 3790/684/1024 3789/691/1790 3786/687/1020
f 3790/684/1024 3788/685/1022 3791/681/1025
f 3792/719/1026 3785/695/1789 3789/691/1790
f 3792/719/1026 3772/714/1007 3785/695/1789
f 3790/684/1024 3793/690/1406 3789/691/1790
f 3792/719/1026 3789/691/1790 3793/690/1406
f 3790/684/1024 3791/681/1025 3794/683/1028
f 3793/690/1406 3790/684/1024 3794/683/1028
f 3795/679/1029 3794/683/1028 3791/681/1025
f 3795/679/1029 3791/681/1025 3796/680/1030
f 3797/678/1031 3795/679/1029 3796/680/1030
f 3797/678/1031 3798/677/1032 3795/679/1029
f 3799/674/1033 3798/677/1032 3797/678/1031
f 3794/683/1028 3795/679/1029 3800/682/1034
f 3798/677/1032 3800/682/1034 3795/679/1029
f 3793/690/1406 3794/683/1028 3801/686/1035
f 3794/683/1028 3800/682/1034 3801/686/1035
f 3801/686/1035 3802/720/1036 3793/690/1406
f 3792/719/1026 3793/690/1406 3802/720/1036
f 3803/725/1037 3801/686/1035 3800/682/1034
f 3798/677/1032 3804/676/1408 3800/682/1034
f 3803/725/1037 3800/682/1034 3804/676/1408
f 3801/686/1035 3805/724/1409 3802/720/1036
f 3803/725/1037 3805/724/1409 3801/686/1035
f 3806/721/1791 3792/719/1026 3802/720/1036
f 3806/721/1791 3772/714/1007 3792/719/1026
f 3805/724/1409 3807/723/1041 3802/720/1036
f 3806/721/1791 3802/720/1036 3807/723/1041
f 3806/721/1791 3808/722/1792 3772/714/1007
f 3772/714/1007 3808/722/1792 3767/715/1783
f 3808/722/1792 3763/748/999 3767/715/1783
f 3808/722/1792 3806/721/1791 3809/734/1043
f 3809/734/1043 3806/721/1791 3807/723/1041
f 3808/722/1792 3810/745/1793 3763/748/999
f 3808/722/1792 3809/734/1043 3810/745/1793
f 3810/745/1793 3762/749/1403 3763/748/999
f 3810/745/1793 3811/746/1045 3762/749/1403
f 3810/745/1793 3809/734/1043 3812/741/1411
f 3810/745/1793 3812/741/1411 3811/746/1045
f 3758/751/995 3762/749/1403 3811/746/1045
f 3812/741/1411 3809/734/1043 3813/733/1047
f 3809/734/1043 3807/723/1041 3813/733/1047
f 3812/741/1411 3813/733/1047 3814/737/1048
f 3815/742/1794 3811/746/1045 3812/741/1411
f 3815/742/1794 3812/741/1411 3814/737/1048
f 3758/751/995 3811/746/1045 3816/747/1050
f 3815/742/1794 3816/747/1050 3811/746/1045
f 3817/730/1051 3813/733/1047 3807/723/1041
f 3805/724/1409 3817/730/1051 3807/723/1041
f 3817/730/1051 3818/732/1052 3813/733/1047
f 3818/732/1052 3814/737/1048 3813/733/1047
f 3819/727/1795 3817/730/1051 3805/724/1409
f 3819/727/1795 3805/724/1409 3803/725/1037
f 3817/730/1051 3820/729/1054 3818/732/1052
f 3817/730/1051 3819/727/1795 3820/729/1054
f 3819/727/1795 3803/725/1037 3821/726/1055
f 3803/725/1037 3804/676/1408 3821/726/1055
f 3820/729/1054 3819/727/1795 3822/728/1414
f 3819/727/1795 3821/726/1055 3822/728/1414
f 3804/676/1408 3823/665/1057 3821/726/1055
f 3823/665/1057 3822/728/1414 3821/726/1055
f 3804/676/1408 3824/670/1796 3823/665/1057
f 3820/729/1054 3822/728/1414 3825/664/1059
f 3826/675/1060 3824/670/1796 3804/676/1408
f 3826/675/1060 3804/676/1408 3798/677/1032
f 3799/674/1033 3826/675/1060 3798/677/1032
f 3823/665/1057 3827/661/1797 3822/728/1414
f 3827/661/1797 3825/664/1059 3822/728/1414
f 3828/671/1062 3826/675/1060 3799/674/1033
f 3828/671/1062 3799/674/1033 3829/673/1798
f 3830/672/1799 3828/671/1062 3829/673/1798
f 3830/672/1799 3831/669/780 3828/671/1062
f 3826/675/1060 3828/671/1062 3832/668/1065
f 3831/669/780 3832/668/1065 3828/671/1062
f 3826/675/1060 3832/668/1065 3824/670/1796
f 3831/669/780 3833/667/1066 3832/668/1065
f 3834/666/1067 3824/670/1796 3832/668/1065
f 3834/666/1067 3832/668/1065 3833/667/1066
f 3834/666/1067 3823/665/1057 3824/670/1796
f 3834/666/1067 3833/667/1066 3835/663/784
f 3836/662/1800 3823/665/1057 3834/666/1067
f 3836/662/1800 3834/666/1067 3835/663/784
f 3836/662/1800 3827/661/1797 3823/665/1057
f 3836/662/1800 3835/663/784 3837/658/787
f 3838/657/1070 3836/662/1800 3837/658/787
f 3827/661/1797 3836/662/1800 3838/657/1070
f 3838/657/1070 3837/658/787 3839/656/791
f 3827/661/1797 3838/657/1070 3840/659/1801
f 3827/661/1797 3840/659/1801 3825/664/1059
f 3841/655/1415 3838/657/1070 3839/656/791
f 3840/659/1801 3838/657/1070 3841/655/1415
f 3841/655/1415 3839/656/791 3842/650/796
f 3843/649/1802 3841/655/1415 3842/650/796
f 3843/649/1802 3842/650/796 3844/646/833
f 3840/659/1801 3841/655/1415 3845/654/1074
f 3843/649/1802 3845/654/1074 3841/655/1415
f 3840/659/1801 3846/660/1075 3825/664/1059
f 3840/659/1801 3845/654/1074 3846/660/1075
f 3847/645/1803 3843/649/1802 3844/646/833
f 3847/645/1803 3844/646/833 3848/641/1710
f 3843/649/1802 3849/651/1416 3845/654/1074
f 3847/645/1803 3849/651/1416 3843/649/1802
f 3850/653/1078 3846/660/1075 3845/654/1074
f 3850/653/1078 3845/654/1074 3849/651/1416
f 3851/731/1079 3825/664/1059 3846/660/1075
f 3851/731/1079 3820/729/1054 3825/664/1059
f 3818/732/1052 3820/729/1054 3851/731/1079
f 3847/645/1803 3852/648/1804 3849/651/1416
f 3852/648/1804 3850/653/1078 3849/651/1416
f 3818/732/1052 3851/731/1079 3853/736/1417
f 3818/732/1052 3853/736/1417 3814/737/1048
f 3854/735/1805 3851/731/1079 3846/660/1075
f 3854/735/1805 3853/736/1417 3851/731/1079
f 3854/735/1805 3846/660/1075 3850/653/1078
f 3855/739/1083 3814/737/1048 3853/736/1417
f 3854/735/1805 3855/739/1083 3853/736/1417
f 3856/738/1084 3854/735/1805 3850/653/1078
f 3856/738/1084 3855/739/1083 3854/735/1805
f 3856/738/1084 3850/653/1078 3857/652/1806
f 3852/648/1804 3857/652/1806 3850/653/1078
f 3855/739/1083 3858/740/1086 3814/737/1048
f 3815/742/1794 3814/737/1048 3858/740/1086
f 3856/738/1084 3859/859/1419 3855/739/1083
f 3860/744/1420 3815/742/1794 3858/740/1086
f 3861/743/1089 3858/740/1086 3855/739/1083
f 3861/743/1089 3855/739/1083 3859/859/1419
f 3860/744/1420 3858/740/1086 3861/743/1089
f 3860/744/1420 3816/747/1050 3815/742/1794
f 3862/857/1090 3859/859/1419 3856/738/1084
f 3857/652/1806 3862/857/1090 3856/738/1084
f 3863/860/1422 3861/743/1089 3859/859/1419
f 3862/857/1090 3863/860/1422 3859/859/1419
f 3863/860/1422 3864/773/1092 3861/743/1089
f 3860/744/1420 3865/766/1093 3816/747/1050
f 3865/766/1093 3758/751/995 3816/747/1050
f 3861/743/1089 3866/768/1094 3860/744/1420
f 3866/768/1094 3865/766/1093 3860/744/1420
f 3861/743/1089 3864/773/1092 3866/768/1094
f 3865/766/1093 3867/765/1807 3758/751/995
f 3751/757/989 3758/751/995 3867/765/1807
f 3867/765/1807 3746/762/1777 3751/757/989
f 3868/767/1096 3867/765/1807 3865/766/1093
f 3866/768/1094 3868/767/1096 3865/766/1093
f 3867/765/1807 3869/769/1097 3746/762/1777
f 3868/767/1096 3869/769/1097 3867/765/1807
f 3746/762/1777 3869/769/1097 3753/771/1401
f 3870/770/1808 3869/769/1097 3868/767/1096
f 3870/770/1808 3753/771/1401 3869/769/1097
f 3870/770/1808 3868/767/1096 3866/768/1094
f 3871/780/1099 3753/771/1401 3870/770/1808
f 3871/780/1099 3742/775/1776 3753/771/1401
f 3870/770/1808 3866/768/1094 3872/862/1425
f 3871/780/1099 3870/770/1808 3872/862/1425
f 3873/788/1101 3742/775/1776 3871/780/1099
f 3873/788/1101 3736/781/1774 3742/775/1776
f 3871/780/1099 3872/862/1425 3874/863/1426
f 3874/863/1426 3873/788/1101 3871/780/1099
f 3866/768/1094 3875/861/1103 3872/862/1425
f 3866/768/1094 3864/773/1092 3875/861/1103
f 3875/861/1103 3864/773/1092 3863/860/1422
f 3872/862/1425 3875/861/1103 3876/856/1427
f 3872/862/1425 3876/856/1427 3874/863/1426
f 3875/861/1103 3863/860/1422 3877/858/1105
f 3876/856/1427 3875/861/1103 3877/858/1105
f 3877/858/1105 3863/860/1422 3862/857/1090
f 3874/863/1426 3878/865/1809 3873/788/1101
f 3876/856/1427 3877/858/1105 3879/855/1429
f 3880/864/1430 3878/865/1809 3874/863/1426
f 3880/864/1430 3874/863/1426 3876/856/1427
f 3873/788/1101 3878/865/1809 3881/866/1810
f 3880/864/1430 3881/866/1810 3878/865/1809
f 3873/788/1101 3881/866/1810 3882/867/1811
f 3882/867/1811 3736/781/1774 3873/788/1101
f 3882/867/1811 3735/872/1773 3736/781/1774
f 3883/852/1111 3880/864/1430 3876/856/1427
f 3883/852/1111 3876/856/1427 3879/855/1429
f 3880/864/1430 3884/853/1112 3881/866/1810
f 3884/853/1112 3880/864/1430 3883/852/1111
f 3885/868/1812 3882/867/1811 3881/866/1810
f 3884/853/1112 3885/868/1812 3881/866/1810
f 3886/871/1431 3735/872/1773 3882/867/1811
f 3885/868/1812 3886/871/1431 3882/867/1811
f 3886/871/1431 3887/831/1432 3735/872/1773
f 3735/872/1773 3887/831/1432 3729/789/973
f 3727/792/1769 3729/789/973 3887/831/1432
f 3727/792/1769 3887/831/1432 3888/828/1116
f 3888/828/1116 3723/796/1767 3727/792/1769
f 3889/830/1813 3887/831/1432 3886/871/1431
f 3889/830/1813 3888/828/1116 3887/831/1432
f 3890/870/1118 3886/871/1431 3885/868/1812
f 3890/870/1118 3889/830/1813 3886/871/1431
f 3890/870/1118 3885/868/1812 3891/869/1814
f 3884/853/1112 3891/869/1814 3885/868/1812
f 3889/830/1813 3890/870/1118 3892/829/1815
f 3893/827/1816 3888/828/1116 3889/830/1813
f 3889/830/1813 3892/829/1815 3893/827/1816
f 3893/827/1816 3894/826/1817 3888/828/1116
f 3888/828/1116 3894/826/1817 3723/796/1767
f 3895/825/1437 3894/826/1817 3893/827/1816
f 3892/829/1815 3895/825/1437 3893/827/1816
f 3896/804/1818 3723/796/1767 3894/826/1817
f 3895/825/1437 3896/804/1818 3894/826/1817
f 3896/804/1818 3717/802/1764 3723/796/1767
f 3717/802/1764 3896/804/1818 3719/806/965
f 3896/804/1818 3897/823/1125 3719/806/965
f 3896/804/1818 3895/825/1437 3897/823/1125
f 3720/817/966 3719/806/965 3897/823/1125
f 3897/823/1125 3895/825/1437 3898/824/1819
f 3892/829/1815 3898/824/1819 3895/825/1437
f 3720/817/966 3897/823/1125 3899/822/1127
f 3897/823/1125 3898/824/1819 3899/822/1127
f 3720/817/966 3899/822/1127 3900/819/1128
f 3720/817/966 3900/819/1128 3901/818/1820
f 3720/817/966 3901/818/1820 3700/816/1756
f 3700/816/1756 3901/818/1820 3701/593/950
f 3902/820/1130 3901/818/1820 3900/819/1128
f 3899/822/1127 3902/820/1130 3900/819/1128
f 3903/591/1441 3701/593/950 3901/818/1820
f 3902/820/1130 3903/591/1441 3901/818/1820
f 3903/591/1441 3904/592/232 3701/593/950
f 3905/590/1132 3904/592/232 3903/591/1441
f 3905/590/1132 3903/591/1441 3906/587/1133
f 3906/587/1133 3907/589/224 3905/590/1132
f 3908/594/1821 3906/587/1133 3903/591/1441
f 3908/594/1821 3903/591/1441 3902/820/1130
f 3906/587/1133 3909/588/1135 3907/589/224
f 3908/594/1821 3909/588/1135 3906/587/1133
f 3910/595/1442 3907/589/224 3909/588/1135
f 3910/595/1442 3911/596/221 3907/589/224
f 3912/597/1257 3911/596/221 3910/595/1442
f 3908/594/1821 3913/601/1822 3909/588/1135
f 3912/597/1257 3910/595/1442 3914/599/1823
f 3915/598/1444 3910/595/1442 3909/588/1135
f 3915/598/1444 3909/588/1135 3913/601/1822
f 3915/598/1444 3914/599/1823 3910/595/1442
f 3914/599/1823 3916/600/206 3912/597/1257
f 3917/603/1824 3915/598/1444 3913/601/1822
f 3908/594/1821 3917/603/1824 3913/601/1822
f 3915/598/1444 3918/602/1143 3914/599/1823
f 3908/594/1821 3919/605/1144 3917/603/1824
f 3902/820/1130 3919/605/1144 3908/594/1821
f 3917/603/1824 3920/604/1825 3915/598/1444
f 3918/602/1143 3915/598/1444 3920/604/1825
f 3919/605/1144 3921/837/1826 3917/603/1824
f 3921/837/1826 3920/604/1825 3917/603/1824
f 3902/820/1130 3922/821/1147 3919/605/1144
f 3899/822/1127 3922/821/1147 3902/820/1130
f 3898/824/1819 3922/821/1147 3899/822/1127
f 3923/833/1148 3919/605/1144 3922/821/1147
f 3919/605/1144 3923/833/1148 3921/837/1826
f 3898/824/1819 3924/832/1149 3922/821/1147
f 3923/833/1148 3922/821/1147 3924/832/1149
f 3924/832/1149 3898/824/1819 3892/829/1815
f 3923/833/1148 3924/832/1149 3925/834/1446
f 3924/832/1149 3892/829/1815 3925/834/1446
f 3923/833/1148 3925/834/1446 3926/836/1151
f 3927/838/1152 3921/837/1826 3923/833/1148
f 3927/838/1152 3923/833/1148 3926/836/1151
f 3925/834/1446 3928/842/1447 3926/836/1151
f 3928/842/1447 3927/838/1152 3926/836/1151
f 3929/835/1154 3925/834/1446 3892/829/1815
f 3925/834/1446 3929/835/1154 3928/842/1447
f 3929/835/1154 3892/829/1815 3890/870/1118
f 3890/870/1118 3891/869/1814 3929/835/1154
f 3929/835/1154 3891/869/1814 3930/845/1448
f 3929/835/1154 3930/845/1448 3928/842/1447
f 3930/845/1448 3891/869/1814 3884/853/1112
f 3930/845/1448 3884/853/1112 3931/849/1827
f 3884/853/1112 3883/852/1111 3931/849/1827
f 3932/843/1828 3928/842/1447 3930/845/1448
f 3928/842/1447 3932/843/1828 3927/838/1152
f 3933/846/1829 3930/845/1448 3931/849/1827
f 3932/843/1828 3930/845/1448 3933/846/1829
f 3883/852/1111 3934/848/1830 3931/849/1827
f 3933/846/1829 3931/849/1827 3934/848/1830
f 3883/852/1111 3935/850/1831 3934/848/1830
f 3936/851/1453 3935/850/1831 3883/852/1111
f 3936/851/1453 3883/852/1111 3879/855/1429
f 3937/637/1832 3934/848/1830 3935/850/1831
f 3937/637/1832 3935/850/1831 3936/851/1453
f 3938/847/1833 3933/846/1829 3934/848/1830
f 3937/637/1832 3938/847/1833 3934/848/1830
f 3932/843/1828 3933/846/1829 3939/844/1834
f 3938/847/1833 3939/844/1834 3933/846/1829
f 3932/843/1828 3939/844/1834 3940/841/1835
f 3940/841/1835 3927/838/1152 3932/843/1828
f 3941/626/1836 3939/844/1834 3938/847/1833
f 3942/625/1167 3940/841/1835 3939/844/1834
f 3942/625/1167 3939/844/1834 3941/626/1836
f 3940/841/1835 3943/840/1837 3927/838/1152
f 3944/622/1169 3940/841/1835 3942/625/1167
f 3944/622/1169 3943/840/1837 3940/841/1835
f 3941/626/1836 3938/847/1833 3945/629/1838
f 3945/629/1838 3938/847/1833 3937/637/1832
f 3946/839/1459 3927/838/1152 3943/840/1837
f 3946/839/1459 3921/837/1826 3927/838/1152
f 3921/837/1826 3946/839/1459 3920/604/1825
f 3947/619/1460 3946/839/1459 3943/840/1837
f 3947/619/1460 3943/840/1837 3944/622/1169
f 3946/839/1459 3948/613/1173 3920/604/1825
f 3946/839/1459 3947/619/1460 3948/613/1173
f 3918/602/1143 3920/604/1825 3948/613/1173
f 3949/616/1839 3947/619/1460 3944/622/1169
f 3942/625/1167 3949/616/1839 3944/622/1169
f 3948/613/1173 3947/619/1460 3950/614/1840
f 3949/616/1839 3950/614/1840 3947/619/1460
f 3918/602/1143 3948/613/1173 3951/611/1841
f 3948/613/1173 3950/614/1840 3951/611/1841
f 3918/602/1143 3951/611/1841 3952/610/1177
f 3950/614/1840 3953/612/875 3951/611/1841
f 3950/614/1840 3954/615/873 3953/612/875
f 3954/615/873 3950/614/1840 3949/616/1839
f 3951/611/1841 3953/612/875 3955/609/1842
f 3951/611/1841 3955/609/1842 3952/610/1177
f 3954/615/873 3949/616/1839 3956/617/869
f 3957/618/1180 3956/617/869 3949/616/1839
f 3918/602/1143 3952/610/1177 3958/606/1843
f 3955/609/1842 3958/606/1843 3952/610/1177
f 3918/602/1143 3958/606/1843 3914/599/1823
f 3955/609/1842 3959/607/1844 3958/606/1843
f 3914/599/1823 3958/606/1843 3916/600/206
f 3959/607/1844 3916/600/206 3958/606/1843
f 3959/607/1844 3960/608/389 3916/600/206
f 3957/618/1180 3949/616/1839 3961/620/1183
f 3942/625/1167 3961/620/1183 3949/616/1839
f 3961/620/1183 3962/621/864 3957/618/1180
f 3961/620/1183 3942/625/1167 3941/626/1836
f 3961/620/1183 3963/623/1845 3962/621/864
f 3961/620/1183 3941/626/1836 3963/623/1845
f 3964/624/857 3962/621/864 3963/623/1845
f 3963/623/1845 3941/626/1836 3945/629/1838
f 3964/624/857 3963/623/1845 3965/627/1185
f 3963/623/1845 3945/629/1838 3965/627/1185
f 3966/628/1846 3964/624/857 3965/627/1185
f 3967/631/1186 3965/627/1185 3945/629/1838
f 3966/628/1846 3965/627/1185 3968/630/1187
f 3967/631/1186 3968/630/1187 3965/627/1185
f 3945/629/1838 3937/637/1832 3967/631/1186
f 3966/628/1846 3968/630/1187 3969/632/1466
f 3969/632/1466 3968/630/1187 3967/631/1186
f 3966/628/1846 3969/632/1466 3970/633/1716
f 3967/631/1186 3937/637/1832 3971/638/1467
f 3937/637/1832 3936/851/1453 3971/638/1467
f 3969/632/1466 3967/631/1186 3972/636/1190
f 3967/631/1186 3971/638/1467 3972/636/1190
f 3973/634/1847 3970/633/1716 3969/632/1466
f 3972/636/1190 3973/634/1847 3969/632/1466
f 3973/634/1847 3974/635/839 3970/633/1716
f 3975/854/1192 3971/638/1467 3936/851/1453
f 3879/855/1429 3975/854/1192 3936/851/1453
f 3879/855/1429 3877/858/1105 3975/854/1192
f 3877/858/1105 3862/857/1090 3975/854/1192
f 3975/854/1192 3976/643/1468 3971/638/1467
f 3862/857/1090 3976/643/1468 3975/854/1192
f 3972/636/1190 3971/638/1467 3976/643/1468
f 3862/857/1090 3977/647/1469 3976/643/1468
f 3857/652/1806 3977/647/1469 3862/857/1090
f 3972/636/1190 3976/643/1468 3978/642/1195
f 3978/642/1195 3976/643/1468 3977/647/1469
f 3972/636/1190 3978/642/1195 3973/634/1847
f 3979/644/1848 3977/647/1469 3857/652/1806
f 3978/642/1195 3977/647/1469 3979/644/1848
f 3979/644/1848 3857/652/1806 3852/648/1804
f 3978/642/1195 3980/639/1197 3973/634/1847
f 3978/642/1195 3979/644/1848 3980/639/1197
f 3980/639/1197 3979/644/1848 3852/648/1804
f 3980/639/1197 3974/635/839 3973/634/1847
f 3980/639/1197 3852/648/1804 3847/645/1803
f 3980/639/1197 3981/640/838 3974/635/839
f 3848/641/1710 3980/639/1197 3847/645/1803
f 3848/641/1710 3981/640/838 3980/639/1197
f 3982/1/1 3983/2/1471 3984/3/3
f 3982/1/1 3984/3/3 3985/4/4
f 3985/4/4 3986/5/1849 3982/1/1
f 3985/4/4 3987/6/6 3986/5/1849
f 3988/7/7 3986/5/1849 3987/6/6
f 3989/8/1850 3982/1/1 3986/5/1849
f 3988/7/7 3990/9/9 3986/5/1849
f 3990/9/9 3989/8/1850 3986/5/1849
f 3991/10/10 3990/9/9 3988/7/7
f 3991/10/10 3988/7/7 3992/11/11
f 3990/9/9 3993/12/1472 3989/8/1850
f 3990/9/9 3991/10/10 3994/13/13
f 3990/9/9 3994/13/13 3993/12/1472
f 3992/11/11 3995/14/1201 3991/10/10
f 3992/11/11 3996/15/15 3995/14/1201
f 3997/16/16 3995/14/1201 3996/15/15
f 3991/10/10 3995/14/1201 3998/17/1202
f 3991/10/10 3998/17/1202 3994/13/13
f 3997/16/16 3999/18/1475 3995/14/1201
f 3999/18/1475 3998/17/1202 3995/14/1201
f 4000/19/1476 3999/18/1475 3997/16/16
f 4000/19/1476 3997/16/16 4001/20/20
f 3999/18/1475 4002/21/1851 3998/17/1202
f 4001/20/20 4003/22/22 4000/19/1476
f 4001/20/20 4004/23/23 4003/22/22
f 3999/18/1475 4000/19/1476 4005/24/1477
f 3999/18/1475 4005/24/1477 4002/21/1851
f 4003/22/22 4005/24/1477 4000/19/1476
f 4006/25/25 4003/22/22 4004/23/23
f 3998/17/1202 4002/21/1851 4007/26/26
f 4005/24/1477 4007/26/26 4002/21/1851
f 4008/27/1478 3994/13/13 3998/17/1202
f 3998/17/1202 4007/26/26 4008/27/1478
f 4008/27/1478 4009/28/28 3994/13/13
f 4009/28/28 4008/27/1478 4010/29/1479
f 4007/26/26 4010/29/1479 4008/27/1478
f 3994/13/13 4009/28/28 4011/30/30
f 3994/13/13 4011/30/30 3993/12/1472
f 3989/8/1850 3993/12/1472 4011/30/30
f 4012/31/31 4011/30/30 4009/28/28
f 4009/28/28 4010/29/1479 4012/31/31
f 3989/8/1850 4011/30/30 4013/32/32
f 4014/33/33 3989/8/1850 4013/32/32
f 3989/8/1850 4014/33/33 3982/1/1
f 4011/30/30 4015/34/34 4013/32/32
f 4012/31/31 4016/35/35 4011/30/30
f 4011/30/30 4016/35/35 4015/34/34
f 4017/36/36 4012/31/31 4010/29/1479
f 4016/35/35 4012/31/31 4017/36/36
f 3983/2/1471 3982/1/1 4014/33/33
f 4014/33/33 4013/32/32 4018/37/37
f 4018/37/37 4013/32/32 4015/34/34
f 3983/2/1471 4014/33/33 4019/38/1852
f 4014/33/33 4018/37/37 4020/39/39
f 4014/33/33 4020/39/39 4019/38/1852
f 3983/2/1471 4019/38/1852 4021/40/40
f 4021/40/40 4019/38/1852 4020/39/39
f 4018/37/37 4015/34/34 4022/41/41
f 4022/41/41 4020/39/39 4018/37/37
f 4023/42/42 4022/41/41 4015/34/34
f 4022/41/41 4024/43/43 4020/39/39
f 4024/43/43 4022/41/41 4023/42/42
f 4020/39/39 4024/43/43 4025/44/44
f 4016/35/35 4026/45/45 4015/34/34
f 4023/42/42 4015/34/34 4026/45/45
f 4016/35/35 4027/46/1853 4026/45/45
f 4028/47/1211 4023/42/42 4026/45/45
f 4027/46/1853 4028/47/1211 4026/45/45
f 4016/35/35 4017/36/36 4027/46/1853
f 4028/47/1211 4029/48/48 4023/42/42
f 4027/46/1853 4030/49/1854 4028/47/1211
f 4024/43/43 4023/42/42 4031/50/50
f 4031/50/50 4023/42/42 4029/48/48
f 4024/43/43 4031/50/50 4032/51/51
f 4024/43/43 4032/51/51 4025/44/44
f 4027/46/1853 4033/52/52 4030/49/1854
f 4027/46/1853 4017/36/36 4033/52/52
f 4034/53/53 4028/47/1211 4030/49/1854
f 4033/52/52 4034/53/53 4030/49/1854
f 4034/53/53 4035/54/54 4028/47/1211
f 4029/48/48 4028/47/1211 4035/54/54
f 4033/52/52 4036/55/1855 4034/53/53
f 4031/50/50 4029/48/48 4037/56/56
f 4038/57/1212 4033/52/52 4017/36/36
f 4038/57/1212 4036/55/1855 4033/52/52
f 4031/50/50 4037/56/56 4039/58/58
f 4031/50/50 4039/58/58 4032/51/51
f 4029/48/48 4040/59/1213 4037/56/56
f 4040/59/1213 4039/58/58 4037/56/56
f 4029/48/48 4041/60/60 4040/59/1213
f 4029/48/48 4035/54/54 4041/60/60
f 4039/58/58 4042/61/1214 4032/51/51
f 4042/61/1214 4025/44/44 4032/51/51
f 4040/59/1213 4043/62/1856 4039/58/58
f 4041/60/60 4044/63/63 4040/59/1213
f 4044/63/63 4043/62/1856 4040/59/1213
f 4041/60/60 4045/64/64 4044/63/63
f 4045/64/64 4041/60/60 4035/54/54
f 4044/63/63 4046/65/65 4043/62/1856
f 4047/66/1215 4046/65/65 4044/63/63
f 4045/64/64 4047/66/1215 4044/63/63
f 4048/67/67 4043/62/1856 4046/65/65
f 4045/64/64 4035/54/54 4049/68/68
f 4039/58/58 4043/62/1856 4050/69/69
f 4048/67/67 4050/69/69 4043/62/1856
f 4039/58/58 4050/69/69 4051/70/70
f 4039/58/58 4051/70/70 4042/61/1214
f 4052/71/71 4049/68/68 4035/54/54
f 4052/71/71 4035/54/54 4034/53/53
f 4036/55/1855 4052/71/71 4034/53/53
f 4036/55/1855 4053/72/72 4052/71/71
f 4054/73/1217 4049/68/68 4052/71/71
f 4053/72/72 4054/73/1217 4052/71/71
f 4054/73/1217 4055/74/74 4049/68/68
f 4055/74/74 4045/64/64 4049/68/68
f 4055/74/74 4056/75/75 4045/64/64
f 4045/64/64 4056/75/75 4047/66/1215
f 4057/76/76 4055/74/74 4054/73/1217
f 4058/77/77 4056/75/75 4055/74/74
f 4057/76/76 4058/77/77 4055/74/74
f 4059/78/78 4057/76/76 4054/73/1217
f 4053/72/72 4059/78/78 4054/73/1217
f 4060/79/79 4058/77/77 4057/76/76
f 4059/78/78 4061/80/80 4057/76/76
f 4061/80/80 4060/79/79 4057/76/76
f 4062/81/81 4061/80/80 4059/78/78
f 4061/80/80 4063/82/82 4060/79/79
f 4063/82/82 4061/80/80 4062/81/81
f 4064/83/83 4059/78/78 4053/72/72
f 4062/81/81 4059/78/78 4064/83/83
f 4064/83/83 4053/72/72 4065/84/84
f 4053/72/72 4066/85/85 4065/84/84
f 4053/72/72 4036/55/1855 4066/85/85
f 4038/57/1212 4066/85/85 4036/55/1855
f 4067/86/1483 4065/84/84 4066/85/85
f 4068/87/1857 4064/83/83 4065/84/84
f 4068/87/1857 4065/84/84 4067/86/1483
f 4069/88/1858 4064/83/83 4068/87/1857
f 4069/88/1858 4062/81/81 4064/83/83
f 4070/89/89 4068/87/1857 4067/86/1483
f 4071/90/1485 4069/88/1858 4068/87/1857
f 4070/89/89 4071/90/1485 4068/87/1857
f 4071/90/1485 4072/91/1486 4069/88/1858
f 4071/90/1485 4070/89/89 4073/92/92
f 4074/93/93 4062/81/81 4069/88/1858
f 4072/91/1486 4074/93/93 4069/88/1858
f 4074/93/93 4075/94/1859 4062/81/81
f 4063/82/82 4062/81/81 4075/94/1859
f 4076/95/95 4070/89/89 4067/86/1483
f 4073/92/92 4070/89/89 4076/95/95
f 4067/86/1483 4066/85/85 4077/96/96
f 4076/95/95 4067/86/1483 4077/96/96
f 4077/96/96 4066/85/85 4038/57/1212
f 4077/96/96 4038/57/1212 4078/97/97
f 4079/98/98 4076/95/95 4077/96/96
f 4079/98/98 4077/96/96 4078/97/97
f 4080/99/1487 4078/97/97 4038/57/1212
f 4080/99/1487 4079/98/98 4078/97/97
f 4080/99/1487 4038/57/1212 4081/100/1860
f 4038/57/1212 4017/36/36 4081/100/1860
f 4017/36/36 4010/29/1479 4081/100/1860
f 4082/101/101 4081/100/1860 4010/29/1479
f 4082/101/101 4080/99/1487 4081/100/1860
f 4007/26/26 4082/101/101 4010/29/1479
f 4082/101/101 4083/102/1489 4080/99/1487
f 4080/99/1487 4083/102/1489 4079/98/98
f 4084/103/103 4082/101/101 4007/26/26
f 4082/101/101 4084/103/103 4083/102/1489
f 4084/103/103 4007/26/26 4085/104/1491
f 4005/24/1477 4085/104/1491 4007/26/26
f 4086/105/105 4083/102/1489 4084/103/103
f 4079/98/98 4083/102/1489 4086/105/105
f 4085/104/1491 4087/106/106 4084/103/103
f 4086/105/105 4084/103/103 4087/106/106
f 4005/24/1477 4088/107/107 4085/104/1491
f 4085/104/1491 4088/107/107 4087/106/106
f 4005/24/1477 4089/108/1492 4088/107/107
f 4003/22/22 4089/108/1492 4005/24/1477
f 4090/109/109 4087/106/106 4088/107/107
f 4089/108/1492 4090/109/109 4088/107/107
f 4091/110/110 4086/105/105 4087/106/106
f 4090/109/109 4091/110/110 4087/106/106
f 4092/111/1861 4089/108/1492 4003/22/22
f 4006/25/25 4092/111/1861 4003/22/22
f 4092/111/1861 4093/112/1494 4089/108/1492
f 4089/108/1492 4093/112/1494 4090/109/109
f 4094/113/113 4092/111/1861 4006/25/25
f 4092/111/1861 4095/114/114 4093/112/1494
f 4095/114/114 4090/109/109 4093/112/1494
f 4092/111/1861 4094/113/113 4095/114/114
f 4094/113/113 4006/25/25 4096/115/115
f 4095/114/114 4097/116/1496 4090/109/109
f 4096/115/115 4098/117/117 4094/113/113
f 4096/115/115 4099/118/118 4098/117/117
f 4100/119/119 4098/117/117 4099/118/118
f 4094/113/113 4098/117/117 4101/120/120
f 4094/113/113 4101/120/120 4095/114/114
f 4100/119/119 4102/121/1862 4098/117/117
f 4102/121/1862 4101/120/120 4098/117/117
f 4103/122/122 4102/121/1862 4100/119/119
f 4103/122/122 4100/119/119 4104/123/123
f 4102/121/1862 4105/124/1863 4101/120/120
f 4104/123/123 4106/125/125 4103/122/122
f 4104/123/123 4107/126/126 4106/125/125
f 4102/121/1862 4103/122/122 4108/127/127
f 4102/121/1862 4108/127/127 4105/124/1863
f 4106/125/125 4108/127/127 4103/122/122
f 4109/128/128 4106/125/125 4107/126/126
f 4101/120/120 4105/124/1863 4110/129/129
f 4108/127/127 4110/129/129 4105/124/1863
f 4111/130/1499 4095/114/114 4101/120/120
f 4101/120/120 4110/129/129 4111/130/1499
f 4111/130/1499 4097/116/1496 4095/114/114
f 4097/116/1496 4111/130/1499 4112/131/1500
f 4110/129/129 4112/131/1500 4111/130/1499
f 4097/116/1496 4112/131/1500 4113/132/1864
f 4113/132/1864 4090/109/109 4097/116/1496
f 4113/132/1864 4091/110/110 4090/109/109
f 4114/133/133 4113/132/1864 4112/131/1500
f 4091/110/110 4113/132/1864 4114/133/133
f 4110/129/129 4115/134/1865 4112/131/1500
f 4091/110/110 4114/133/133 4116/135/135
f 4091/110/110 4116/135/135 4086/105/105
f 4114/133/133 4112/131/1500 4117/136/136
f 4115/134/1865 4117/136/136 4112/131/1500
f 4116/135/135 4118/137/1501 4086/105/105
f 4079/98/98 4086/105/105 4118/137/1501
f 4116/135/135 4119/138/1230 4118/137/1501
f 4079/98/98 4118/137/1501 4120/139/139
f 4079/98/98 4120/139/139 4076/95/95
f 4073/92/92 4076/95/95 4120/139/139
f 4121/140/140 4120/139/139 4118/137/1501
f 4121/140/140 4118/137/1501 4119/138/1230
f 4116/135/135 4122/141/141 4119/138/1230
f 4122/141/141 4121/140/140 4119/138/1230
f 4116/135/135 4114/133/133 4122/141/141
f 4123/142/142 4120/139/139 4121/140/140
f 4123/142/142 4073/92/92 4120/139/139
f 4122/141/141 4124/143/143 4121/140/140
f 4124/143/143 4123/142/142 4121/140/140
f 4125/144/144 4122/141/141 4114/133/133
f 4125/144/144 4124/143/143 4122/141/141
f 4125/144/144 4114/133/133 4117/136/136
f 4124/143/143 4126/145/145 4123/142/142
f 4127/146/1502 4073/92/92 4123/142/142
f 4126/145/145 4127/146/1502 4123/142/142
f 4127/146/1502 4128/147/147 4073/92/92
f 4071/90/1485 4073/92/92 4128/147/147
f 4072/91/1486 4071/90/1485 4128/147/147
f 4129/148/148 4128/147/147 4127/146/1502
f 4072/91/1486 4128/147/147 4130/149/149
f 4129/148/148 4130/149/149 4128/147/147
f 4131/150/150 4129/148/148 4127/146/1502
f 4126/145/145 4131/150/150 4127/146/1502
f 4132/151/151 4130/149/149 4129/148/148
f 4133/152/152 4072/91/1486 4130/149/149
f 4132/151/151 4133/152/152 4130/149/149
f 4131/150/150 4134/153/153 4129/148/148
f 4134/153/153 4132/151/151 4129/148/148
f 4135/154/154 4134/153/153 4131/150/150
f 4134/153/153 4136/155/155 4132/151/151
f 4136/155/155 4134/153/153 4135/154/154
f 4137/156/156 4133/152/152 4132/151/151
f 4136/155/155 4137/156/156 4132/151/151
f 4133/152/152 4138/157/1866 4072/91/1486
f 4072/91/1486 4138/157/1866 4074/93/93
f 4137/156/156 4139/158/158 4133/152/152
f 4138/157/1866 4133/152/152 4139/158/158
f 4136/155/155 4140/159/159 4137/156/156
f 4138/157/1866 4141/160/160 4074/93/93
f 4141/160/160 4075/94/1859 4074/93/93
f 4142/161/1503 4139/158/158 4137/156/156
f 4140/159/159 4142/161/1503 4137/156/156
f 4138/157/1866 4139/158/158 4143/162/162
f 4138/157/1866 4143/162/162 4141/160/160
f 4143/162/162 4139/158/158 4144/163/1504
f 4142/161/1503 4144/163/1504 4139/158/158
f 4143/162/162 4145/164/164 4141/160/160
f 4146/165/1505 4144/163/1504 4142/161/1503
f 4146/165/1505 4142/161/1503 4147/166/166
f 4148/167/1506 4144/163/1504 4146/165/1505
f 4147/166/166 4142/161/1503 4149/168/168
f 4140/159/159 4149/168/168 4142/161/1503
f 4147/166/166 4149/168/168 4150/169/1548
f 4143/162/162 4144/163/1504 4151/170/1508
f 4148/167/1506 4151/170/1508 4144/163/1504
f 4143/162/162 4151/170/1508 4145/164/164
f 4151/170/1508 4148/167/1506 4152/171/171
f 4151/170/1508 4152/171/171 4145/164/164
f 4153/172/172 4145/164/164 4152/171/171
f 4150/169/1548 4149/168/168 4154/173/173
f 4140/159/159 4154/173/173 4149/168/168
f 4150/169/1548 4154/173/173 4155/174/1258
f 4155/174/1258 4154/173/173 4156/175/1509
f 4155/174/1258 4156/175/1509 4157/176/176
f 4140/159/159 4158/177/177 4154/173/173
f 4156/175/1509 4154/173/173 4158/177/177
f 4159/178/178 4158/177/177 4140/159/159
f 4159/178/178 4140/159/159 4136/155/155
f 4136/155/155 4135/154/154 4159/178/178
f 4160/179/179 4158/177/177 4159/178/178
f 4156/175/1509 4158/177/177 4160/179/179
f 4161/180/180 4159/178/178 4135/154/154
f 4160/179/179 4159/178/178 4161/180/180
f 4157/176/176 4156/175/1509 4162/181/181
f 4157/176/176 4162/181/181 4163/182/182
f 4164/183/183 4156/175/1509 4160/179/179
f 4164/183/183 4162/181/181 4156/175/1509
f 4165/184/1867 4160/179/179 4161/180/180
f 4165/184/1867 4164/183/183 4160/179/179
f 4163/182/182 4162/181/181 4166/185/185
f 4164/183/183 4166/185/185 4162/181/181
f 4163/182/182 4166/185/185 4167/186/186
f 4165/184/1867 4168/187/187 4164/183/183
f 4164/183/183 4168/187/187 4166/185/185
f 4167/186/186 4166/185/185 4169/188/188
f 4169/188/188 4166/185/185 4168/187/187
f 4167/186/186 4169/188/188 4170/189/189
f 4170/189/189 4169/188/188 4171/190/190
f 4170/189/189 4171/190/190 4172/191/1555
f 4172/191/1555 4171/190/190 4173/192/192
f 4172/191/1555 4173/192/192 4174/193/193
f 4175/194/194 4171/190/190 4169/188/188
f 4175/194/194 4173/192/192 4171/190/190
f 4173/192/192 4176/195/395 4174/193/193
f 4175/194/194 4169/188/188 4177/196/196
f 4169/188/188 4168/187/187 4177/196/196
f 4175/194/194 4178/197/197 4173/192/192
f 4173/192/192 4179/198/1511 4176/195/395
f 4179/198/1511 4173/192/192 4178/197/197
f 4180/199/199 4176/195/395 4179/198/1511
f 4180/199/199 4181/200/200 4176/195/395
f 4181/200/200 4180/199/199 4182/201/201
f 4181/200/200 4182/201/201 4183/202/202
f 4184/203/203 4180/199/199 4179/198/1511
f 4184/203/203 4182/201/201 4180/199/199
f 4179/198/1511 4178/197/197 4185/204/204
f 4184/203/203 4179/198/1511 4185/204/204
f 4183/202/202 4182/201/201 4186/205/205
f 4183/202/202 4186/205/205 4187/206/1141
f 4184/203/203 4188/207/207 4182/201/201
f 4186/205/205 4182/201/201 4188/207/207
f 4189/208/208 4184/203/203 4185/204/204
f 4189/208/208 4188/207/207 4184/203/203
f 4185/204/204 4178/197/197 4190/209/209
f 4190/209/209 4178/197/197 4175/194/194
f 4189/208/208 4185/204/204 4191/210/210
f 4185/204/204 4190/209/209 4191/210/210
f 4192/211/211 4189/208/208 4191/210/210
f 4190/209/209 4175/194/194 4193/212/212
f 4193/212/212 4175/194/194 4177/196/196
f 4191/210/210 4190/209/209 4194/213/213
f 4193/212/212 4194/213/213 4190/209/209
f 4189/208/208 4195/214/214 4188/207/207
f 4195/214/214 4189/208/208 4192/211/211
f 4196/215/215 4188/207/207 4195/214/214
f 4186/205/205 4188/207/207 4196/215/215
f 4197/216/216 4186/205/205 4196/215/215
f 4196/215/215 4195/214/214 4198/217/217
f 4197/216/216 4199/218/218 4186/205/205
f 4187/206/1141 4186/205/205 4199/218/218
f 4187/206/1141 4199/218/218 4200/219/219
f 4200/219/219 4199/218/218 4201/220/220
f 4197/216/216 4201/220/220 4199/218/218
f 4200/219/219 4201/220/220 4202/221/386
f 4203/222/222 4197/216/216 4196/215/215
f 4203/222/222 4196/215/215 4198/217/217
f 4202/221/386 4201/220/220 4204/223/1868
f 4202/221/386 4204/223/1868 4205/224/224
f 4197/216/216 4206/225/225 4201/220/220
f 4204/223/1868 4201/220/220 4206/225/225
f 4207/226/1235 4197/216/216 4203/222/222
f 4207/226/1235 4206/225/225 4197/216/216
f 4205/224/224 4204/223/1868 4208/227/227
f 4205/224/224 4208/227/227 4209/228/228
f 4204/223/1868 4206/225/225 4210/229/229
f 4210/229/229 4206/225/225 4207/226/1235
f 4211/230/230 4208/227/227 4204/223/1868
f 4211/230/230 4204/223/1868 4210/229/229
f 4209/228/228 4208/227/227 4212/231/231
f 4211/230/230 4212/231/231 4208/227/227
f 4209/228/228 4212/231/231 4213/232/232
f 4213/232/232 4212/231/231 4214/233/1516
f 4213/232/232 4214/233/1516 4215/234/234
f 4211/230/230 4216/235/235 4212/231/231
f 4214/233/1516 4212/231/231 4216/235/235
f 4217/236/1237 4211/230/230 4210/229/229
f 4217/236/1237 4216/235/235 4211/230/230
f 4215/234/234 4214/233/1516 4218/237/237
f 4215/234/234 4218/237/237 4219/238/380
f 4220/239/239 4218/237/237 4214/233/1516
f 4219/238/380 4218/237/237 4221/240/240
f 4220/239/239 4221/240/240 4218/237/237
f 4219/238/380 4221/240/240 4153/172/172
f 4153/172/172 4221/240/240 4145/164/164
f 4145/164/164 4221/240/240 4222/241/241
f 4220/239/239 4222/241/241 4221/240/240
f 4145/164/164 4222/241/241 4141/160/160
f 4141/160/160 4222/241/241 4075/94/1859
f 4075/94/1859 4222/241/241 4220/239/239
f 4075/94/1859 4220/239/239 4063/82/82
f 4220/239/239 4214/233/1516 4223/242/242
f 4063/82/82 4220/239/239 4223/242/242
f 4214/233/1516 4216/235/235 4223/242/242
f 4063/82/82 4223/242/242 4060/79/79
f 4223/242/242 4216/235/235 4224/243/243
f 4223/242/242 4224/243/243 4060/79/79
f 4217/236/1237 4224/243/243 4216/235/235
f 4060/79/79 4224/243/243 4058/77/77
f 4224/243/243 4225/244/244 4058/77/77
f 4224/243/243 4217/236/1237 4225/244/244
f 4058/77/77 4225/244/244 4056/75/75
f 4225/244/244 4217/236/1237 4226/245/245
f 4217/236/1237 4210/229/229 4226/245/245
f 4210/229/229 4207/226/1235 4226/245/245
f 4056/75/75 4225/244/244 4227/246/246
f 4225/244/244 4226/245/245 4227/246/246
f 4056/75/75 4227/246/246 4047/66/1215
f 4226/245/245 4207/226/1235 4228/247/247
f 4226/245/245 4228/247/247 4227/246/246
f 4203/222/222 4228/247/247 4207/226/1235
f 4227/246/246 4229/248/248 4047/66/1215
f 4227/246/246 4228/247/247 4229/248/248
f 4047/66/1215 4229/248/248 4046/65/65
f 4229/248/248 4048/67/67 4046/65/65
f 4203/222/222 4230/249/249 4228/247/247
f 4230/249/249 4203/222/222 4198/217/217
f 4228/247/247 4231/250/250 4229/248/248
f 4228/247/247 4230/249/249 4231/250/250
f 4229/248/248 4231/250/250 4048/67/67
f 4230/249/249 4198/217/217 4232/251/251
f 4231/250/250 4230/249/249 4232/251/251
f 4198/217/217 4233/252/252 4232/251/251
f 4198/217/217 4195/214/214 4233/252/252
f 4231/250/250 4232/251/251 4234/253/1869
f 4048/67/67 4231/250/250 4234/253/1869
f 4195/214/214 4192/211/211 4233/252/252
f 4232/251/251 4233/252/252 4235/254/254
f 4232/251/251 4235/254/254 4234/253/1869
f 4192/211/211 4235/254/254 4233/252/252
f 4048/67/67 4234/253/1869 4236/255/255
f 4050/69/69 4048/67/67 4236/255/255
f 4234/253/1869 4235/254/254 4237/256/256
f 4234/253/1869 4237/256/256 4236/255/255
f 4192/211/211 4238/257/1517 4235/254/254
f 4238/257/1517 4237/256/256 4235/254/254
f 4238/257/1517 4192/211/211 4239/258/258
f 4192/211/211 4191/210/210 4239/258/258
f 4191/210/210 4194/213/213 4239/258/258
f 4050/69/69 4236/255/255 4240/259/259
f 4051/70/70 4050/69/69 4240/259/259
f 4236/255/255 4237/256/256 4241/260/260
f 4236/255/255 4241/260/260 4240/259/259
f 4051/70/70 4240/259/259 4242/261/1870
f 4243/262/1241 4051/70/70 4242/261/1870
f 4240/259/259 4244/263/1518 4242/261/1870
f 4240/259/259 4241/260/260 4244/263/1518
f 4243/262/1241 4242/261/1870 4244/263/1518
f 4243/262/1241 4042/61/1214 4051/70/70
f 4243/262/1241 4244/263/1518 4245/264/264
f 4246/265/1519 4042/61/1214 4243/262/1241
f 4246/265/1519 4243/262/1241 4245/264/264
f 4246/265/1519 4247/266/266 4042/61/1214
f 4042/61/1214 4247/266/266 4025/44/44
f 4248/267/1520 4244/263/1518 4241/260/260
f 4248/267/1520 4245/264/264 4244/263/1518
f 4237/256/256 4249/268/268 4241/260/260
f 4248/267/1520 4241/260/260 4249/268/268
f 4237/256/256 4250/269/269 4249/268/268
f 4238/257/1517 4250/269/269 4237/256/256
f 4250/269/269 4238/257/1517 4251/270/1521
f 4238/257/1517 4239/258/258 4251/270/1521
f 4249/268/268 4250/269/269 4252/271/271
f 4250/269/269 4251/270/1521 4252/271/271
f 4249/268/268 4252/271/271 4253/272/272
f 4248/267/1520 4249/268/268 4253/272/272
f 4251/270/1521 4254/273/273 4252/271/271
f 4239/258/258 4255/274/1242 4251/270/1521
f 4251/270/1521 4255/274/1242 4254/273/273
f 4239/258/258 4194/213/213 4255/274/1242
f 4248/267/1520 4253/272/272 4256/275/1522
f 4252/271/271 4254/273/273 4257/276/1523
f 4252/271/271 4257/276/1523 4253/272/272
f 4255/274/1242 4258/277/277 4254/273/273
f 4258/277/277 4257/276/1523 4254/273/273
f 4194/213/213 4259/278/278 4255/274/1242
f 4255/274/1242 4259/278/278 4258/277/277
f 4194/213/213 4260/279/279 4259/278/278
f 4193/212/212 4260/279/279 4194/213/213
f 4253/272/272 4257/276/1523 4261/280/280
f 4253/272/272 4261/280/280 4256/275/1522
f 4258/277/277 4262/281/1871 4257/276/1523
f 4261/280/280 4257/276/1523 4262/281/1871
f 4260/279/279 4193/212/212 4263/282/282
f 4193/212/212 4177/196/196 4263/282/282
f 4260/279/279 4263/282/282 4264/283/283
f 4259/278/278 4260/279/279 4264/283/283
f 4177/196/196 4265/284/284 4263/282/282
f 4177/196/196 4168/187/187 4265/284/284
f 4165/184/1867 4265/284/284 4168/187/187
f 4263/282/282 4265/284/284 4266/285/285
f 4263/282/282 4266/285/285 4264/283/283
f 4265/284/284 4165/184/1867 4267/286/286
f 4265/284/284 4267/286/286 4266/285/285
f 4267/286/286 4165/184/1867 4161/180/180
f 4264/283/283 4266/285/285 4268/287/287
f 4267/286/286 4268/287/287 4266/285/285
f 4259/278/278 4264/283/283 4269/288/288
f 4264/283/283 4268/287/287 4269/288/288
f 4258/277/277 4259/278/278 4269/288/288
f 4267/286/286 4161/180/180 4270/289/1245
f 4161/180/180 4135/154/154 4270/289/1245
f 4267/286/286 4271/290/290 4268/287/287
f 4271/290/290 4267/286/286 4270/289/1245
f 4269/288/288 4268/287/287 4272/291/291
f 4271/290/290 4272/291/291 4268/287/287
f 4258/277/277 4269/288/288 4273/292/292
f 4269/288/288 4272/291/291 4273/292/292
f 4262/281/1871 4258/277/277 4273/292/292
f 4270/289/1245 4135/154/154 4274/293/293
f 4135/154/154 4131/150/150 4274/293/293
f 4274/293/293 4131/150/150 4126/145/145
f 4270/289/1245 4274/293/293 4275/294/1872
f 4271/290/290 4270/289/1245 4275/294/1872
f 4274/293/293 4126/145/145 4276/295/295
f 4275/294/1872 4274/293/293 4276/295/295
f 4277/296/296 4271/290/290 4275/294/1872
f 4271/290/290 4277/296/296 4272/291/291
f 4275/294/1872 4276/295/295 4278/297/297
f 4277/296/296 4275/294/1872 4278/297/297
f 4126/145/145 4279/298/298 4276/295/295
f 4278/297/297 4276/295/295 4279/298/298
f 4126/145/145 4124/143/143 4279/298/298
f 4125/144/144 4279/298/298 4124/143/143
f 4278/297/297 4279/298/298 4280/299/299
f 4280/299/299 4279/298/298 4125/144/144
f 4281/300/300 4277/296/296 4278/297/297
f 4281/300/300 4278/297/297 4280/299/299
f 4272/291/291 4277/296/296 4281/300/300
f 4280/299/299 4125/144/144 4282/301/301
f 4272/291/291 4281/300/300 4283/302/302
f 4284/303/303 4281/300/300 4280/299/299
f 4284/303/303 4280/299/299 4282/301/301
f 4284/303/303 4283/302/302 4281/300/300
f 4273/292/292 4272/291/291 4283/302/302
f 4285/304/1873 4282/301/301 4125/144/144
f 4285/304/1873 4284/303/303 4282/301/301
f 4285/304/1873 4125/144/144 4117/136/136
f 4115/134/1865 4285/304/1873 4117/136/136
f 4285/304/1873 4286/305/305 4284/303/303
f 4115/134/1865 4286/305/305 4285/304/1873
f 4273/292/292 4283/302/302 4287/306/306
f 4262/281/1871 4273/292/292 4287/306/306
f 4284/303/303 4288/307/307 4283/302/302
f 4287/306/306 4283/302/302 4288/307/307
f 4284/303/303 4286/305/305 4289/308/308
f 4284/303/303 4289/308/308 4288/307/307
f 4115/134/1865 4290/309/309 4286/305/305
f 4289/308/308 4286/305/305 4290/309/309
f 4290/309/309 4115/134/1865 4110/129/129
f 4287/306/306 4288/307/307 4291/310/310
f 4292/311/1525 4262/281/1871 4287/306/306
f 4292/311/1525 4287/306/306 4291/310/310
f 4261/280/280 4262/281/1871 4292/311/1525
f 4293/312/312 4291/310/310 4288/307/307
f 4293/312/312 4292/311/1525 4291/310/310
f 4293/312/312 4288/307/307 4289/308/308
f 4293/312/312 4294/313/313 4292/311/1525
f 4261/280/280 4292/311/1525 4294/313/313
f 4295/314/1526 4293/312/312 4289/308/308
f 4295/314/1526 4294/313/313 4293/312/312
f 4295/314/1526 4289/308/308 4296/315/315
f 4289/308/308 4290/309/309 4296/315/315
f 4290/309/309 4110/129/129 4297/316/316
f 4297/316/316 4296/315/315 4290/309/309
f 4108/127/127 4297/316/316 4110/129/129
f 4297/316/316 4298/317/317 4296/315/315
f 4108/127/127 4298/317/317 4297/316/316
f 4299/318/318 4295/314/1526 4296/315/315
f 4299/318/318 4296/315/315 4298/317/317
f 4108/127/127 4300/319/319 4298/317/317
f 4300/319/319 4299/318/318 4298/317/317
f 4106/125/125 4300/319/319 4108/127/127
f 4301/320/320 4295/314/1526 4299/318/318
f 4295/314/1526 4301/320/320 4294/313/313
f 4300/319/319 4302/321/1251 4299/318/318
f 4303/322/1527 4300/319/319 4106/125/125
f 4303/322/1527 4302/321/1251 4300/319/319
f 4109/128/128 4303/322/1527 4106/125/125
f 4304/323/323 4299/318/318 4302/321/1251
f 4303/322/1527 4304/323/323 4302/321/1251
f 4305/324/324 4303/322/1527 4109/128/128
f 4303/322/1527 4305/324/324 4304/323/323
f 4305/324/324 4109/128/128 4306/325/325
f 4301/320/320 4299/318/318 4307/326/326
f 4304/323/323 4307/326/326 4299/318/318
f 4307/326/326 4308/327/1528 4301/320/320
f 4294/313/313 4301/320/320 4308/327/1528
f 4309/328/1874 4307/326/326 4304/323/323
f 4307/326/326 4309/328/1874 4308/327/1528
f 4305/324/324 4310/329/329 4304/323/323
f 4309/328/1874 4304/323/323 4310/329/329
f 4306/325/325 4311/330/1531 4305/324/324
f 4305/324/324 4311/330/1531 4310/329/329
f 4306/325/325 4312/331/331 4311/330/1531
f 4313/332/332 4311/330/1531 4312/331/331
f 4294/313/313 4308/327/1528 4314/333/333
f 4261/280/280 4294/313/313 4314/333/333
f 4315/334/334 4308/327/1528 4309/328/1874
f 4310/329/329 4315/334/334 4309/328/1874
f 4316/335/1532 4314/333/333 4308/327/1528
f 4315/334/334 4316/335/1532 4308/327/1528
f 4317/336/1533 4261/280/280 4314/333/333
f 4316/335/1532 4317/336/1533 4314/333/333
f 4317/336/1533 4256/275/1522 4261/280/280
f 4317/336/1533 4248/267/1520 4256/275/1522
f 4317/336/1533 4318/337/337 4248/267/1520
f 4316/335/1532 4318/337/337 4317/336/1533
f 4248/267/1520 4318/337/337 4245/264/264
f 4316/335/1532 4319/338/1534 4318/337/337
f 4245/264/264 4318/337/337 4319/338/1534
f 4319/338/1534 4316/335/1532 4315/334/334
f 4245/264/264 4319/338/1534 4320/339/339
f 4246/265/1519 4245/264/264 4320/339/339
f 4319/338/1534 4315/334/334 4321/340/1535
f 4321/340/1535 4320/339/339 4319/338/1534
f 4322/341/1536 4246/265/1519 4320/339/339
f 4247/266/266 4246/265/1519 4322/341/1536
f 4321/340/1535 4323/342/1537 4320/339/339
f 4322/341/1536 4320/339/339 4323/342/1537
f 4324/343/343 4321/340/1535 4315/334/334
f 4324/343/343 4323/342/1537 4321/340/1535
f 4324/343/343 4315/334/334 4325/344/1875
f 4310/329/329 4325/344/1875 4315/334/334
f 4326/345/1539 4325/344/1875 4310/329/329
f 4326/345/1539 4324/343/343 4325/344/1875
f 4326/345/1539 4310/329/329 4311/330/1531
f 4313/332/332 4326/345/1539 4311/330/1531
f 4327/346/346 4326/345/1539 4313/332/332
f 4326/345/1539 4327/346/346 4324/343/343
f 4327/346/346 4313/332/332 4328/347/347
f 4327/346/346 4328/347/347 4329/348/348
f 4327/346/346 4329/348/348 4330/349/1540
f 4330/349/1540 4324/343/343 4327/346/346
f 4331/350/350 4330/349/1540 4329/348/348
f 4324/343/343 4332/351/1541 4323/342/1537
f 4330/349/1540 4332/351/1541 4324/343/343
f 4332/351/1541 4322/341/1536 4323/342/1537
f 4331/350/350 4333/352/1542 4330/349/1540
f 4333/352/1542 4332/351/1541 4330/349/1540
f 4332/351/1541 4334/353/1543 4322/341/1536
f 4333/352/1542 4334/353/1543 4332/351/1541
f 4322/341/1536 4334/353/1543 4335/354/354
f 4335/354/354 4334/353/1543 4333/352/1542
f 4331/350/350 4336/355/355 4333/352/1542
f 4335/354/354 4333/352/1542 4336/355/355
f 4331/350/350 4337/356/356 4336/355/355
f 4322/341/1536 4335/354/354 4338/357/1544
f 4247/266/266 4322/341/1536 4338/357/1544
f 4338/357/1544 4025/44/44 4247/266/266
f 4338/357/1544 4339/358/358 4025/44/44
f 4339/358/358 4338/357/1544 4335/354/354
f 4020/39/39 4025/44/44 4339/358/358
f 4021/40/40 4020/39/39 4339/358/358
f 4339/358/358 4335/354/354 4021/40/40
f 4336/355/355 4021/40/40 4335/354/354
f 4337/356/356 4340/359/1545 4336/355/355
f 4336/355/355 4340/359/1545 4021/40/40
f 4337/356/356 4341/360/360 4340/359/1545
f 3983/2/1471 4021/40/40 4340/359/1545
f 3984/3/3 4340/359/1545 4341/360/360
f 3984/3/3 3983/2/1471 4340/359/1545
s 0
f 4342/361/361 4343/362/361 4344/363/361
f 4342/361/361 4345/364/361 4343/362/361
f 4344/363/361 4343/362/361 4346/365/361
s 1
f 4344/363/361 4347/366/1546 4342/361/361
f 4344/363/361 4348/367/1547 4347/366/1546
f 4348/367/1547 4349/368/202 4347/366/1546
f 4348/367/1547 4350/369/396 4349/368/202
f 4347/366/1546 4349/368/202 4351/370/388
f 4352/371/363 4350/369/396 4348/367/1547
f 4344/363/361 4352/371/363 4348/367/1547
f 4352/371/363 4353/372/195 4350/369/396
f 4344/363/361 4354/373/364 4352/371/363
f 4354/373/364 4353/372/195 4352/371/363
f 4346/365/361 4354/373/364 4344/363/361
f 4354/373/364 4355/374/193 4353/372/195
f 4356/375/190 4355/374/193 4354/373/364
f 4346/365/361 4356/375/190 4354/373/364
f 4356/375/190 4357/376/191 4355/374/193
f 4358/377/366 4357/376/191 4356/375/190
f 4346/365/361 4358/377/366 4356/375/190
f 4358/377/366 4359/378/367 4357/376/191
f 4360/379/368 4359/378/367 4358/377/366
f 4346/365/361 4360/379/368 4358/377/366
f 4360/379/368 4361/380/186 4359/378/367
f 4362/381/361 4360/379/368 4346/365/361
f 4363/382/369 4361/380/186 4360/379/368
f 4362/381/361 4363/382/369 4360/379/368
f 4363/382/369 4364/383/182 4361/380/186
f 4365/384/370 4364/383/182 4363/382/369
f 4362/381/361 4365/384/370 4363/382/369
f 4365/384/370 4366/385/1876 4364/383/182
s 0
f 4343/362/361 4362/381/361 4346/365/361
s 1
f 4367/386/372 4366/385/1876 4365/384/370
f 4362/381/361 4367/386/372 4365/384/370
f 4367/386/372 4368/387/1258 4366/385/1876
f 4369/388/361 4367/386/372 4362/381/361
s 0
f 4343/362/361 4369/388/361 4362/381/361
s 1
f 4370/389/1877 4368/387/1258 4367/386/372
f 4369/388/361 4370/389/1877 4367/386/372
f 4370/389/1877 4371/390/1507 4368/387/1258
f 4370/389/1877 4372/391/375 4371/390/1507
f 4370/389/1877 4373/392/1549 4372/391/375
f 4369/388/361 4373/392/1549 4370/389/1877
f 4373/392/1549 4374/393/1505 4372/391/375
f 4369/388/361 4375/394/1504 4373/392/1549
f 4373/392/1549 4375/394/1504 4374/393/1505
s 0
f 4369/388/361 4343/362/361 4376/395/361
s 1
f 4376/395/361 4375/394/1504 4369/388/361
f 4377/396/1550 4374/393/1505 4375/394/1504
f 4376/395/361 4377/396/1550 4375/394/1504
f 4377/396/1550 4378/397/167 4374/393/1505
f 4378/397/167 4377/396/1550 4379/398/378
f 4376/395/361 4379/398/378 4377/396/1550
f 4378/397/167 4379/398/378 4380/399/171
s 0
f 4343/362/361 4381/400/361 4376/395/361
s 1
f 4376/395/361 4382/401/379 4379/398/378
f 4382/401/379 4380/399/171 4379/398/378
f 4381/400/361 4382/401/379 4376/395/361
f 4382/401/379 4383/402/172 4380/399/171
f 4384/403/237 4383/402/172 4382/401/379
f 4381/400/361 4384/403/237 4382/401/379
f 4384/403/237 4385/404/380 4383/402/172
s 0
f 4343/362/361 4345/364/361 4381/400/361
s 1
f 4386/405/1551 4385/404/380 4384/403/237
f 4381/400/361 4386/405/1551 4384/403/237
f 4386/405/1551 4387/406/234 4385/404/380
f 4381/400/361 4388/407/231 4386/405/1551
f 4388/407/231 4387/406/234 4386/405/1551
f 4345/364/361 4388/407/231 4381/400/361
f 4388/407/231 4389/408/232 4387/406/234
f 4390/409/383 4389/408/232 4388/407/231
f 4345/364/361 4390/409/383 4388/407/231
f 4390/409/383 4391/410/228 4389/408/232
f 4392/411/1552 4391/410/228 4390/409/383
f 4345/364/361 4392/411/1552 4390/409/383
f 4392/411/1552 4393/412/224 4391/410/228
f 4345/364/361 4394/413/385 4392/411/1552
f 4394/413/385 4393/412/224 4392/411/1552
f 4342/361/361 4394/413/385 4345/364/361
f 4394/413/385 4395/414/221 4393/412/224
f 4396/415/218 4395/414/221 4394/413/385
f 4342/361/361 4396/415/218 4394/413/385
f 4396/415/218 4397/416/1257 4395/414/221
f 4342/361/361 4398/417/1553 4396/415/218
f 4398/417/1553 4397/416/1257 4396/415/218
f 4342/361/361 4347/366/1546 4398/417/1553
f 4398/417/1553 4351/370/388 4397/416/1257
f 4347/366/1546 4351/370/388 4398/417/1553
f 4399/418/1515 4400/419/224 4401/420/228
f 4402/421/386 4400/419/224 4399/418/1515
f 4399/418/1515 4401/420/228 4403/422/228
f 4402/421/386 4404/423/221 4400/419/224
f 4403/422/228 4401/420/228 4405/424/232
f 4406/425/219 4404/423/221 4402/421/386
f 4403/422/228 4405/424/232 4407/426/232
f 4406/425/219 4408/427/1257 4404/423/221
f 4407/426/232 4405/424/232 4409/428/950
f 4410/429/1141 4408/427/1257 4406/425/219
f 4407/426/232 4409/428/950 4411/430/382
f 4410/429/1141 4412/431/206 4408/427/1257
f 4413/432/398 4412/431/206 4410/429/1141
f 4413/432/398 4414/433/389 4412/431/206
f 4411/430/382 4409/428/950 4415/434/238
f 4411/430/382 4415/434/238 4416/435/380
f 4416/435/380 4415/434/238 4417/436/172
f 4416/435/380 4417/436/172 4418/437/172
f 4418/437/172 4417/436/172 4419/438/392
f 4418/437/172 4419/438/392 4420/439/171
f 4421/440/167 4420/439/171 4419/438/392
f 4421/440/167 4422/441/167 4420/439/171
f 4422/441/167 4421/440/167 4423/442/393
f 4422/441/167 4423/442/393 4424/443/394
f 4425/432/394 4426/433/686 4427/431/678
f 4425/432/394 4427/431/678 4428/429/375
f 4428/429/375 4427/431/678 4429/427/169
f 4428/429/375 4429/427/169 4430/425/1507
f 4430/425/1507 4429/427/169 4431/423/373
f 4430/425/1507 4431/423/373 4432/421/1258
f 4432/421/1258 4431/423/373 4433/419/176
f 4432/421/1258 4433/419/176 4434/418/1876
f 4434/418/1876 4433/419/176 4435/420/182
f 4434/418/1876 4435/420/182 4436/422/182
f 4436/422/182 4435/420/182 4437/424/186
f 4436/422/182 4437/424/186 4438/426/186
f 4438/426/186 4437/424/186 4439/428/189
f 4438/426/186 4439/428/189 4440/430/1554
f 4440/430/1554 4439/428/189 4441/434/191
f 4440/430/1554 4441/434/191 4442/435/1555
f 4442/435/1555 4441/434/191 4443/436/193
f 4442/435/1555 4443/436/193 4444/437/890
f 4445/438/395 4444/437/890 4443/436/193
f 4445/438/395 4446/439/195 4444/437/890
f 4445/438/395 4447/441/396 4446/439/195
f 4445/438/395 4448/440/396 4447/441/396
f 4447/441/396 4448/440/396 4449/442/397
f 4447/441/396 4449/442/397 4450/443/398
f 4451/444/399 4452/445/400 4453/446/1260
f 4454/447/402 4455/448/403 4451/444/399
f 4451/444/399 4455/448/403 4456/449/404
f 4454/447/402 4451/444/399 4457/450/405
f 4458/451/406 4454/447/402 4457/450/405
f 4451/444/399 4453/446/1260 4457/450/405
f 4458/451/406 4457/450/405 4459/452/1556
f 4459/452/1556 4457/450/405 4453/446/1260
f 4458/451/406 4459/452/1556 4460/453/408
f 4458/451/406 4460/453/408 4461/454/409
f 4462/455/410 4461/454/409 4460/453/408
f 4462/455/410 4463/456/411 4461/454/409
f 4459/452/1556 4464/457/1557 4460/453/408
f 4464/457/1557 4462/455/410 4460/453/408
f 4462/455/410 4465/458/413 4463/456/411
f 4459/452/1556 4466/459/1878 4464/457/1557
f 4459/452/1556 4453/446/1260 4466/459/1878
f 4464/457/1557 4467/460/1879 4462/455/410
f 4462/455/410 4468/461/416 4465/458/413
f 4467/460/1879 4468/461/416 4462/455/410
f 4469/462/417 4465/458/413 4468/461/416
f 4469/462/417 4470/463/1880 4465/458/413
f 4471/464/1559 4469/462/417 4468/461/416
f 4471/464/1559 4468/461/416 4472/465/420
f 4467/460/1879 4472/465/420 4468/461/416
f 4471/464/1559 4472/465/420 4473/466/421
f 4473/466/421 4472/465/420 4467/460/1879
f 4471/464/1559 4473/466/421 4474/467/1560
f 4464/457/1557 4475/468/423 4467/460/1879
f 4473/466/421 4467/460/1879 4475/468/423
f 4474/467/1560 4473/466/421 4476/469/424
f 4476/469/424 4473/466/421 4475/468/423
f 4474/467/1560 4476/469/424 4477/470/425
f 4464/457/1557 4478/471/1562 4475/468/423
f 4466/459/1878 4478/471/1562 4464/457/1557
f 4476/469/424 4475/468/423 4479/472/1563
f 4480/473/428 4477/470/425 4476/469/424
f 4480/473/428 4476/469/424 4479/472/1563
f 4480/473/428 4481/474/429 4477/470/425
f 4475/468/423 4482/475/430 4479/472/1563
f 4475/468/423 4478/471/1562 4482/475/430
f 4480/473/428 4479/472/1563 4483/476/431
f 4483/476/431 4479/472/1563 4482/475/430
f 4481/474/429 4480/473/428 4484/477/432
f 4484/477/432 4480/473/428 4483/476/431
f 4481/474/429 4484/477/432 4485/478/433
f 4486/479/1881 4485/478/433 4484/477/432
f 4486/479/1881 4487/480/435 4485/478/433
f 4484/477/432 4483/476/431 4488/481/436
f 4486/479/1881 4484/477/432 4488/481/436
f 4483/476/431 4489/482/437 4488/481/436
f 4487/480/435 4486/479/1881 4490/483/1565
f 4487/480/435 4490/483/1565 4491/484/439
f 4486/479/1881 4488/481/436 4492/485/1882
f 4490/483/1565 4486/479/1881 4492/485/1882
f 4489/482/437 4492/485/1882 4488/481/436
f 4493/486/441 4491/484/439 4490/483/1565
f 4493/486/441 4494/487/442 4491/484/439
f 4494/487/442 4493/486/441 4495/488/1567
f 4494/487/442 4495/488/1567 4496/489/444
f 4495/488/1567 4493/486/441 4497/490/445
f 4495/488/1567 4497/490/445 4498/491/1568
f 4493/486/441 4490/483/1565 4499/492/1569
f 4490/483/1565 4492/485/1882 4499/492/1569
f 4493/486/441 4499/492/1569 4497/490/445
f 4497/490/445 4500/493/1570 4498/491/1568
f 4499/492/1569 4492/485/1882 4501/494/1571
f 4489/482/437 4501/494/1571 4492/485/1882
f 4502/495/450 4497/490/445 4499/492/1569
f 4499/492/1569 4501/494/1571 4502/495/450
f 4497/490/445 4503/496/1572 4500/493/1570
f 4502/495/450 4503/496/1572 4497/490/445
f 4504/497/452 4500/493/1570 4503/496/1572
f 4502/495/450 4504/497/452 4503/496/1572
f 4504/497/452 4505/498/1573 4500/493/1570
f 4506/499/454 4505/498/1573 4504/497/452
f 4502/495/450 4507/500/1574 4504/497/452
f 4506/499/454 4504/497/452 4508/501/456
f 4509/502/457 4502/495/450 4501/494/1571
f 4509/502/457 4507/500/1574 4502/495/450
f 4489/482/437 4509/502/457 4501/494/1571
f 4510/503/458 4504/497/452 4507/500/1574
f 4510/503/458 4508/501/456 4504/497/452
f 4510/503/458 4507/500/1574 4509/502/457
f 4506/499/454 4508/501/456 4511/504/459
f 4511/504/459 4508/501/456 4510/503/458
f 4506/499/454 4511/504/459 4512/505/460
f 4511/504/459 4513/506/1883 4512/505/460
f 4510/503/458 4509/502/457 4514/507/462
f 4511/504/459 4510/503/458 4515/508/463
f 4514/507/462 4515/508/463 4510/503/458
f 4511/504/459 4516/509/464 4513/506/1883
f 4516/509/464 4511/504/459 4515/508/463
f 4513/506/1883 4516/509/464 4517/510/465
f 4513/506/1883 4517/510/465 4518/511/1884
f 4517/510/465 4519/512/1577 4518/511/1884
f 4517/510/465 4520/513/1578 4519/512/1577
f 4521/514/1885 4519/512/1577 4520/513/1578
f 4521/514/1885 4522/515/470 4519/512/1577
f 4523/516/471 4520/513/1578 4517/510/465
f 4523/516/471 4521/514/1885 4520/513/1578
f 4524/517/472 4522/515/470 4521/514/1885
f 4523/516/471 4517/510/465 4525/518/473
f 4516/509/464 4525/518/473 4517/510/465
f 4523/516/471 4526/519/474 4521/514/1885
f 4516/509/464 4527/520/475 4525/518/473
f 4516/509/464 4515/508/463 4527/520/475
f 4524/517/472 4521/514/1885 4528/521/476
f 4524/517/472 4528/521/476 4529/522/477
f 4524/517/472 4529/522/477 4530/523/478
f 4531/524/1580 4528/521/476 4521/514/1885
f 4529/522/477 4528/521/476 4531/524/1580
f 4531/524/1580 4521/514/1885 4526/519/474
f 4529/522/477 4531/524/1580 4532/525/1581
f 4533/526/481 4532/525/1581 4531/524/1580
f 4533/526/481 4534/527/1582 4532/525/1581
f 4531/524/1580 4526/519/474 4535/528/483
f 4531/524/1580 4535/528/483 4533/526/481
f 4535/528/483 4526/519/474 4523/516/471
f 4534/527/1582 4533/526/481 4536/529/484
f 4536/529/484 4533/526/481 4535/528/483
f 4534/527/1582 4536/529/484 4537/530/485
f 4535/528/483 4523/516/471 4538/531/486
f 4525/518/473 4538/531/486 4523/516/471
f 4539/532/487 4535/528/483 4538/531/486
f 4525/518/473 4540/533/488 4538/531/486
f 4539/532/487 4538/531/486 4540/533/488
f 4527/520/475 4540/533/488 4525/518/473
f 4536/529/484 4535/528/483 4541/534/489
f 4539/532/487 4541/534/489 4535/528/483
f 4542/535/1584 4537/530/485 4536/529/484
f 4541/534/489 4542/535/1584 4536/529/484
f 4542/535/1584 4543/536/1585 4537/530/485
f 4544/537/492 4541/534/489 4539/532/487
f 4545/538/493 4543/536/1585 4542/535/1584
f 4545/538/493 4546/539/494 4543/536/1585
f 4541/534/489 4547/540/495 4542/535/1584
f 4545/538/493 4542/535/1584 4547/540/495
f 4544/537/492 4547/540/495 4541/534/489
f 4548/541/1586 4546/539/494 4545/538/493
f 4548/541/1586 4549/542/497 4546/539/494
f 4545/538/493 4547/540/495 4550/543/498
f 4550/543/498 4548/541/1586 4545/538/493
f 4551/544/1587 4547/540/495 4544/537/492
f 4551/544/1587 4550/543/498 4547/540/495
f 4552/545/500 4544/537/492 4539/532/487
f 4552/545/500 4551/544/1587 4544/537/492
f 4550/543/498 4553/546/1886 4548/541/1586
f 4549/542/497 4548/541/1586 4554/547/1589
f 4549/542/497 4554/547/1589 4555/548/571
f 4556/549/504 4555/548/571 4554/547/1589
f 4548/541/1586 4557/550/1887 4554/547/1589
f 4548/541/1586 4553/546/1886 4557/550/1887
f 4558/551/1591 4553/546/1886 4550/543/498
f 4557/550/1887 4553/546/1886 4558/551/1591
f 4558/551/1591 4550/543/498 4551/544/1587
f 4557/550/1887 4558/551/1591 4559/552/1888
f 4560/553/508 4558/551/1591 4551/544/1587
f 4559/552/1888 4558/551/1591 4560/553/508
f 4561/554/1593 4554/547/1589 4557/550/1887
f 4561/554/1593 4557/550/1887 4559/552/1888
f 4561/554/1593 4562/555/510 4554/547/1589
f 4556/549/504 4554/547/1589 4562/555/510
f 4563/556/511 4556/549/504 4562/555/510
f 4563/556/511 4564/557/1889 4556/549/504
f 4565/558/513 4563/556/511 4562/555/510
f 4565/558/513 4562/555/510 4561/554/1593
f 4565/558/513 4561/554/1593 4566/559/514
f 4561/554/1593 4559/552/1888 4566/559/514
f 4565/558/513 4566/559/514 4567/560/515
f 4568/561/1890 4567/560/515 4566/559/514
f 4559/552/1888 4568/561/1890 4566/559/514
f 4568/561/1890 4569/562/517 4567/560/515
f 4568/561/1890 4456/449/404 4569/562/517
f 4559/552/1888 4570/563/518 4568/561/1890
f 4568/561/1890 4571/564/519 4456/449/404
f 4570/563/518 4571/564/519 4568/561/1890
f 4451/444/399 4456/449/404 4571/564/519
f 4559/552/1888 4560/553/508 4570/563/518
f 4452/445/400 4451/444/399 4571/564/519
f 4570/563/518 4572/565/1891 4571/564/519
f 4452/445/400 4571/564/519 4572/565/1891
f 4573/566/521 4572/565/1891 4570/563/518
f 4452/445/400 4572/565/1891 4573/566/521
f 4573/566/521 4570/563/518 4560/553/508
f 4452/445/400 4573/566/521 4574/567/1892
f 4574/567/1892 4453/446/1260 4452/445/400
f 4575/568/523 4573/566/521 4560/553/508
f 4574/567/1892 4573/566/521 4575/568/523
f 4574/567/1892 4576/569/524 4453/446/1260
f 4575/568/523 4560/553/508 4577/570/1282
f 4560/553/508 4551/544/1587 4577/570/1282
f 4574/567/1892 4575/568/523 4578/571/1283
f 4576/569/524 4574/567/1892 4578/571/1283
f 4576/569/524 4466/459/1878 4453/446/1260
f 4552/545/500 4577/570/1282 4551/544/1587
f 4576/569/524 4579/572/1284 4466/459/1878
f 4466/459/1878 4579/572/1284 4478/471/1562
f 4580/573/1285 4575/568/523 4577/570/1282
f 4580/573/1285 4577/570/1282 4552/545/500
f 4580/573/1285 4578/571/1283 4575/568/523
f 4478/471/1562 4579/572/1284 4581/574/529
f 4581/574/529 4579/572/1284 4576/569/524
f 4478/471/1562 4581/574/529 4482/475/430
f 4576/569/524 4578/571/1283 4582/575/530
f 4581/574/529 4576/569/524 4582/575/530
f 4580/573/1285 4583/576/531 4578/571/1283
f 4582/575/530 4578/571/1283 4583/576/531
f 4582/575/530 4584/577/1893 4581/574/529
f 4482/475/430 4581/574/529 4584/577/1893
f 4582/575/530 4583/576/531 4585/578/1598
f 4582/575/530 4585/578/1598 4584/577/1893
f 4583/576/531 4580/573/1285 4586/579/1599
f 4586/579/1599 4580/573/1285 4552/545/500
f 4482/475/430 4584/577/1893 4587/580/535
f 4483/476/431 4482/475/430 4587/580/535
f 4483/476/431 4587/580/535 4489/482/437
f 4587/580/535 4584/577/1893 4588/581/536
f 4587/580/535 4588/581/536 4489/482/437
f 4588/581/536 4584/577/1893 4585/578/1598
f 4489/482/437 4588/581/536 4509/502/457
f 4589/582/537 4509/502/457 4588/581/536
f 4588/581/536 4585/578/1598 4589/582/537
f 4589/582/537 4514/507/462 4509/502/457
f 4585/578/1598 4583/576/531 4590/583/1601
f 4585/578/1598 4590/583/1601 4589/582/537
f 4583/576/531 4586/579/1599 4590/583/1601
f 4591/584/539 4514/507/462 4589/582/537
f 4591/584/539 4589/582/537 4590/583/1601
f 4514/507/462 4591/584/539 4515/508/463
f 4591/584/539 4527/520/475 4515/508/463
f 4592/585/540 4591/584/539 4590/583/1601
f 4591/584/539 4592/585/540 4527/520/475
f 4592/585/540 4590/583/1601 4586/579/1599
f 4527/520/475 4592/585/540 4540/533/488
f 4592/585/540 4586/579/1599 4593/586/541
f 4592/585/540 4593/586/541 4540/533/488
f 4586/579/1599 4552/545/500 4593/586/541
f 4539/532/487 4540/533/488 4593/586/541
f 4552/545/500 4539/532/487 4593/586/541
f 4594/552/542 4595/563/1894 4596/561/1604
f 4594/552/542 4597/553/545 4595/563/1894
f 4598/564/546 4596/561/1604 4595/563/1894
f 4598/564/546 4595/563/1894 4599/565/1895
f 4595/563/1894 4600/566/1607 4599/565/1895
f 4595/563/1894 4597/553/545 4600/566/1607
f 4598/564/546 4599/565/1895 4601/445/1896
f 4600/566/1607 4601/445/1896 4599/565/1895
f 4598/564/546 4601/445/1896 4602/444/550
f 4603/449/551 4596/561/1604 4598/564/546
f 4603/449/551 4598/564/546 4602/444/550
f 4603/449/551 4604/562/552 4596/561/1604
f 4596/561/1604 4604/562/552 4605/560/553
f 4603/449/551 4602/444/550 4606/448/554
f 4607/447/555 4606/448/554 4602/444/550
f 4596/561/1604 4605/560/553 4608/559/556
f 4594/552/542 4596/561/1604 4608/559/556
f 4609/558/557 4608/559/556 4605/560/553
f 4607/447/555 4602/444/550 4610/450/558
f 4611/451/1608 4607/447/555 4610/450/558
f 4602/444/550 4612/446/560 4610/450/558
f 4602/444/550 4601/445/1896 4612/446/560
f 4611/451/1608 4610/450/558 4613/452/1609
f 4613/452/1609 4610/450/558 4612/446/560
f 4611/451/1608 4613/452/1609 4614/453/562
f 4611/451/1608 4614/453/562 4615/454/563
f 4616/455/564 4615/454/563 4614/453/562
f 4616/455/564 4617/456/565 4615/454/563
f 4613/452/1609 4618/457/1288 4614/453/562
f 4618/457/1288 4616/455/564 4614/453/562
f 4616/455/564 4619/458/567 4617/456/565
f 4613/452/1609 4620/459/568 4618/457/1288
f 4613/452/1609 4612/446/560 4620/459/568
f 4618/457/1288 4621/460/569 4616/455/564
f 4616/455/564 4622/461/570 4619/458/567
f 4621/460/569 4622/461/570 4616/455/564
f 4623/462/504 4619/458/567 4622/461/570
f 4623/462/504 4624/463/512 4619/458/567
f 4625/464/571 4623/462/504 4622/461/570
f 4625/464/571 4622/461/570 4626/465/1897
f 4621/460/569 4626/465/1897 4622/461/570
f 4625/464/571 4626/465/1897 4627/466/1614
f 4627/466/1614 4626/465/1897 4621/460/569
f 4625/464/571 4627/466/1614 4628/467/497
f 4618/457/1288 4629/468/1615 4621/460/569
f 4627/466/1614 4621/460/569 4629/468/1615
f 4628/467/497 4627/466/1614 4630/469/1616
f 4630/469/1616 4627/466/1614 4629/468/1615
f 4628/467/497 4630/469/1616 4631/470/494
f 4618/457/1288 4632/471/1898 4629/468/1615
f 4620/459/568 4632/471/1898 4618/457/1288
f 4630/469/1616 4629/468/1615 4633/472/1618
f 4634/473/578 4631/470/494 4630/469/1616
f 4634/473/578 4630/469/1616 4633/472/1618
f 4634/473/578 4635/474/1585 4631/470/494
f 4629/468/1615 4636/475/1899 4633/472/1618
f 4629/468/1615 4632/471/1898 4636/475/1899
f 4634/473/578 4633/472/1618 4637/476/1292
f 4637/476/1292 4633/472/1618 4636/475/1899
f 4635/474/1585 4634/473/578 4638/477/582
f 4638/477/582 4634/473/578 4637/476/1292
f 4635/474/1585 4638/477/582 4639/478/485
f 4640/479/1900 4639/478/485 4638/477/582
f 4640/479/1900 4641/480/482 4639/478/485
f 4638/477/582 4637/476/1292 4642/481/584
f 4640/479/1900 4638/477/582 4642/481/584
f 4637/476/1292 4643/482/1620 4642/481/584
f 4641/480/482 4640/479/1900 4644/483/586
f 4641/480/482 4644/483/586 4645/484/587
f 4640/479/1900 4642/481/584 4646/485/588
f 4644/483/586 4640/479/1900 4646/485/588
f 4643/482/1620 4646/485/588 4642/481/584
f 4647/486/1623 4645/484/587 4644/483/586
f 4647/486/1623 4648/487/590 4645/484/587
f 4648/487/590 4647/486/1623 4649/488/1624
f 4648/487/590 4649/488/1624 4650/489/478
f 4649/488/1624 4647/486/1623 4651/490/1625
f 4649/488/1624 4651/490/1625 4652/491/1626
f 4647/486/1623 4644/483/586 4653/492/1294
f 4644/483/586 4646/485/588 4653/492/1294
f 4647/486/1623 4653/492/1294 4651/490/1625
f 4651/490/1625 4654/493/1627 4652/491/1626
f 4653/492/1294 4646/485/588 4655/494/1628
f 4643/482/1620 4655/494/1628 4646/485/588
f 4656/495/1901 4651/490/1625 4653/492/1294
f 4653/492/1294 4655/494/1628 4656/495/1901
f 4651/490/1625 4657/496/1629 4654/493/1627
f 4656/495/1901 4657/496/1629 4651/490/1625
f 4658/497/599 4654/493/1627 4657/496/1629
f 4656/495/1901 4658/497/599 4657/496/1629
f 4658/497/599 4659/498/1902 4654/493/1627
f 4660/499/601 4659/498/1902 4658/497/599
f 4656/495/1901 4661/500/1903 4658/497/599
f 4660/499/601 4658/497/599 4662/501/603
f 4663/502/604 4656/495/1901 4655/494/1628
f 4663/502/604 4661/500/1903 4656/495/1901
f 4643/482/1620 4663/502/604 4655/494/1628
f 4664/503/605 4658/497/599 4661/500/1903
f 4664/503/605 4662/501/603 4658/497/599
f 4664/503/605 4661/500/1903 4663/502/604
f 4660/499/601 4662/501/603 4665/504/606
f 4665/504/606 4662/501/603 4664/503/605
f 4660/499/601 4665/504/606 4666/505/607
f 4667/506/1632 4666/505/607 4665/504/606
f 4664/503/605 4663/502/604 4668/507/609
f 4665/504/606 4664/503/605 4669/508/1904
f 4668/507/609 4669/508/1904 4664/503/605
f 4667/506/1632 4665/504/606 4670/509/1301
f 4670/509/1301 4665/504/606 4669/508/1904
f 4671/510/1302 4667/506/1632 4670/509/1301
f 4671/510/1302 4672/511/613 4667/506/1632
f 4671/510/1302 4673/512/614 4672/511/613
f 4671/510/1302 4674/513/1635 4673/512/614
f 4675/514/1636 4673/512/614 4674/513/1635
f 4675/514/1636 4676/515/1637 4673/512/614
f 4677/516/1638 4674/513/1635 4671/510/1302
f 4677/516/1638 4675/514/1636 4674/513/1635
f 4678/517/1639 4676/515/1637 4675/514/1636
f 4677/516/1638 4671/510/1302 4679/518/620
f 4670/509/1301 4679/518/620 4671/510/1302
f 4677/516/1638 4680/519/1640 4675/514/1636
f 4670/509/1301 4681/520/622 4679/518/620
f 4670/509/1301 4669/508/1904 4681/520/622
f 4678/517/1639 4675/514/1636 4682/521/623
f 4678/517/1639 4682/521/623 4683/522/1265
f 4678/517/1639 4683/522/1265 4684/523/444
f 4685/524/625 4682/521/623 4675/514/1636
f 4683/522/1265 4682/521/623 4685/524/625
f 4685/524/625 4675/514/1636 4680/519/1640
f 4683/522/1265 4685/524/625 4686/525/626
f 4687/526/627 4686/525/626 4685/524/625
f 4687/526/627 4688/527/628 4686/525/626
f 4685/524/625 4680/519/1640 4689/528/629
f 4685/524/625 4689/528/629 4687/526/627
f 4689/528/629 4680/519/1640 4677/516/1638
f 4688/527/628 4687/526/627 4690/529/1642
f 4690/529/1642 4687/526/627 4689/528/629
f 4688/527/628 4690/529/1642 4691/530/433
f 4689/528/629 4677/516/1638 4692/531/1643
f 4679/518/620 4692/531/1643 4677/516/1638
f 4693/532/1644 4689/528/629 4692/531/1643
f 4679/518/620 4694/533/633 4692/531/1643
f 4693/532/1644 4692/531/1643 4694/533/633
f 4694/533/633 4679/518/620 4681/520/622
f 4690/529/1642 4689/528/629 4695/534/1905
f 4693/532/1644 4695/534/1905 4689/528/629
f 4696/535/635 4691/530/433 4690/529/1642
f 4695/534/1905 4696/535/635 4690/529/1642
f 4696/535/635 4697/536/429 4691/530/433
f 4698/537/1645 4695/534/1905 4693/532/1644
f 4699/538/1646 4697/536/429 4696/535/635
f 4699/538/1646 4700/539/425 4697/536/429
f 4695/534/1905 4701/540/638 4696/535/635
f 4699/538/1646 4696/535/635 4701/540/638
f 4698/537/1645 4701/540/638 4695/534/1905
f 4702/541/1647 4700/539/425 4699/538/1646
f 4702/541/1647 4703/542/1560 4700/539/425
f 4699/538/1646 4701/540/638 4704/543/1906
f 4704/543/1906 4702/541/1647 4699/538/1646
f 4705/544/1309 4701/540/638 4698/537/1645
f 4705/544/1309 4704/543/1906 4701/540/638
f 4706/545/642 4698/537/1645 4693/532/1644
f 4706/545/642 4705/544/1309 4698/537/1645
f 4704/543/1906 4707/546/1907 4702/541/1647
f 4703/542/1560 4702/541/1647 4708/547/1651
f 4703/542/1560 4708/547/1651 4709/548/1559
f 4710/549/417 4709/548/1559 4708/547/1651
f 4702/541/1647 4711/550/1652 4708/547/1651
f 4702/541/1647 4707/546/1907 4711/550/1652
f 4712/551/646 4707/546/1907 4704/543/1906
f 4711/550/1652 4707/546/1907 4712/551/646
f 4712/551/646 4704/543/1906 4705/544/1309
f 4711/550/1652 4712/551/646 4594/552/542
f 4597/553/545 4712/551/646 4705/544/1309
f 4594/552/542 4712/551/646 4597/553/545
f 4713/554/647 4711/550/1652 4594/552/542
f 4713/554/647 4708/547/1651 4711/550/1652
f 4713/554/647 4594/552/542 4608/559/556
f 4609/558/557 4713/554/647 4608/559/556
f 4713/554/647 4714/555/648 4708/547/1651
f 4609/558/557 4714/555/648 4713/554/647
f 4710/549/417 4708/547/1651 4714/555/648
f 4609/558/557 4715/556/649 4714/555/648
f 4715/556/649 4710/549/417 4714/555/648
f 4715/556/649 4716/557/650 4710/549/417
f 4597/553/545 4705/544/1309 4717/570/651
f 4706/545/642 4717/570/651 4705/544/1309
f 4718/568/652 4597/553/545 4717/570/651
f 4718/568/652 4600/566/1607 4597/553/545
f 4719/573/1908 4717/570/651 4706/545/642
f 4719/573/1908 4718/568/652 4717/570/651
f 4720/567/1909 4600/566/1607 4718/568/652
f 4600/566/1607 4720/567/1909 4601/445/1896
f 4720/567/1909 4612/446/560 4601/445/1896
f 4720/567/1909 4718/568/652 4721/571/655
f 4719/573/1908 4721/571/655 4718/568/652
f 4720/567/1909 4722/569/656 4612/446/560
f 4722/569/656 4720/567/1909 4721/571/655
f 4722/569/656 4620/459/568 4612/446/560
f 4722/569/656 4723/572/1910 4620/459/568
f 4620/459/568 4723/572/1910 4632/471/1898
f 4632/471/1898 4723/572/1910 4724/574/658
f 4724/574/658 4723/572/1910 4722/569/656
f 4632/471/1898 4724/574/658 4636/475/1899
f 4722/569/656 4721/571/655 4725/575/659
f 4724/574/658 4722/569/656 4725/575/659
f 4725/575/659 4721/571/655 4726/576/660
f 4719/573/1908 4726/576/660 4721/571/655
f 4725/575/659 4727/577/1658 4724/574/658
f 4636/475/1899 4724/574/658 4727/577/1658
f 4725/575/659 4726/576/660 4728/578/1659
f 4725/575/659 4728/578/1659 4727/577/1658
f 4636/475/1899 4727/577/1658 4729/580/663
f 4637/476/1292 4636/475/1899 4729/580/663
f 4637/476/1292 4729/580/663 4643/482/1620
f 4729/580/663 4727/577/1658 4730/581/664
f 4729/580/663 4730/581/664 4643/482/1620
f 4730/581/664 4727/577/1658 4728/578/1659
f 4643/482/1620 4730/581/664 4663/502/604
f 4731/582/665 4663/502/604 4730/581/664
f 4730/581/664 4728/578/1659 4731/582/665
f 4731/582/665 4668/507/609 4663/502/604
f 4728/578/1659 4732/583/666 4731/582/665
f 4728/578/1659 4726/576/660 4732/583/666
f 4733/584/667 4668/507/609 4731/582/665
f 4733/584/667 4731/582/665 4732/583/666
f 4668/507/609 4733/584/667 4669/508/1904
f 4681/520/622 4669/508/1904 4733/584/667
f 4681/520/622 4733/584/667 4734/585/668
f 4734/585/668 4733/584/667 4732/583/666
f 4694/533/633 4681/520/622 4734/585/668
f 4726/576/660 4735/579/1661 4732/583/666
f 4734/585/668 4732/583/666 4735/579/1661
f 4726/576/660 4719/573/1908 4735/579/1661
f 4735/579/1661 4719/573/1908 4706/545/642
f 4734/585/668 4735/579/1661 4736/586/1320
f 4734/585/668 4736/586/1320 4694/533/633
f 4735/579/1661 4706/545/642 4736/586/1320
f 4693/532/1644 4694/533/633 4736/586/1320
f 4706/545/642 4693/532/1644 4736/586/1320
f 4737/587/671 4738/588/672 4739/589/176
f 4737/587/671 4739/589/176 4740/590/182
f 4740/590/182 4741/591/1911 4737/587/671
f 4740/590/182 4742/592/186 4741/591/1911
f 4741/591/1911 4742/592/186 4743/593/189
f 4744/594/674 4737/587/671 4741/591/1911
f 4744/594/674 4738/588/672 4737/587/671
f 4745/595/675 4739/589/176 4738/588/672
f 4745/595/675 4746/596/174 4739/589/176
f 4747/597/1507 4746/596/174 4745/595/675
f 4748/598/1912 4745/595/675 4738/588/672
f 4747/597/1507 4745/595/675 4749/599/677
f 4748/598/1912 4749/599/677 4745/595/675
f 4749/599/677 4750/600/166 4747/597/1507
f 4748/598/1912 4738/588/672 4751/601/1663
f 4744/594/674 4751/601/1663 4738/588/672
f 4748/598/1912 4752/602/680 4749/599/677
f 4753/603/681 4748/598/1912 4751/601/1663
f 4744/594/674 4753/603/681 4751/601/1663
f 4753/603/681 4754/604/682 4748/598/1912
f 4752/602/680 4748/598/1912 4754/604/682
f 4744/594/674 4755/605/683 4753/603/681
f 4749/599/677 4756/606/1325 4750/600/166
f 4752/602/680 4756/606/1325 4749/599/677
f 4757/607/1665 4750/600/166 4756/606/1325
f 4757/607/1665 4758/608/686 4750/600/166
f 4759/609/687 4757/607/1665 4756/606/1325
f 4759/609/687 4756/606/1325 4760/610/1666
f 4752/602/680 4760/610/1666 4756/606/1325
f 4761/611/689 4759/609/687 4760/610/1666
f 4752/602/680 4761/611/689 4760/610/1666
f 4761/611/689 4762/612/1913 4759/609/687
f 4752/602/680 4763/613/1668 4761/611/689
f 4752/602/680 4754/604/682 4763/613/1668
f 4764/614/1669 4762/612/1913 4761/611/689
f 4763/613/1668 4764/614/1669 4761/611/689
f 4764/614/1669 4765/615/693 4762/612/1913
f 4765/615/693 4764/614/1669 4766/616/694
f 4765/615/693 4766/616/694 4767/617/1670
f 4768/618/696 4767/617/1670 4766/616/694
f 4763/613/1668 4769/619/697 4764/614/1669
f 4766/616/694 4764/614/1669 4769/619/697
f 4768/618/696 4766/616/694 4770/620/1671
f 4770/620/1671 4771/621/699 4768/618/696
f 4766/616/694 4769/619/697 4772/622/700
f 4770/620/1671 4773/623/1914 4771/621/699
f 4774/624/702 4771/621/699 4773/623/1914
f 4775/625/1915 4770/620/1671 4766/616/694
f 4775/625/1915 4766/616/694 4772/622/700
f 4770/620/1671 4776/626/1916 4773/623/1914
f 4770/620/1671 4775/625/1915 4776/626/1916
f 4774/624/702 4773/623/1914 4777/627/1674
f 4778/628/706 4774/624/702 4777/627/1674
f 4773/623/1914 4776/626/1916 4779/629/1917
f 4773/623/1914 4779/629/1917 4777/627/1674
f 4778/628/706 4777/627/1674 4780/630/1329
f 4781/631/709 4777/627/1674 4779/629/1917
f 4781/631/709 4780/630/1329 4777/627/1674
f 4778/628/706 4780/630/1329 4782/632/1675
f 4782/632/1675 4780/630/1329 4781/631/709
f 4778/628/706 4782/632/1675 4783/633/711
f 4784/634/1918 4783/633/711 4782/632/1675
f 4784/634/1918 4785/635/713 4783/633/711
f 4782/632/1675 4781/631/709 4786/636/714
f 4786/636/714 4784/634/1918 4782/632/1675
f 4779/629/1917 4787/637/715 4781/631/709
f 4781/631/709 4788/638/716 4786/636/714
f 4781/631/709 4787/637/715 4788/638/716
f 4789/639/717 4785/635/713 4784/634/1918
f 4789/639/717 4790/640/1678 4785/635/713
f 4791/641/719 4790/640/1678 4789/639/717
f 4786/636/714 4792/642/720 4784/634/1918
f 4792/642/720 4789/639/717 4784/634/1918
f 4786/636/714 4793/643/721 4792/642/720
f 4786/636/714 4788/638/716 4793/643/721
f 4792/642/720 4794/644/1334 4789/639/717
f 4791/641/719 4789/639/717 4795/645/1680
f 4795/645/1680 4796/646/724 4791/641/719
f 4792/642/720 4793/643/721 4797/647/1681
f 4792/642/720 4797/647/1681 4794/644/1334
f 4789/639/717 4798/648/1919 4795/645/1680
f 4789/639/717 4794/644/1334 4798/648/1919
f 4795/645/1680 4799/649/1920 4796/646/724
f 4799/649/1920 4800/650/728 4796/646/724
f 4795/645/1680 4798/648/1919 4801/651/729
f 4795/645/1680 4801/651/729 4799/649/1920
f 4794/644/1334 4802/652/730 4798/648/1919
f 4794/644/1334 4797/647/1681 4802/652/730
f 4798/648/1919 4803/653/731 4801/651/729
f 4798/648/1919 4802/652/730 4803/653/731
f 4799/649/1920 4801/651/729 4804/654/732
f 4803/653/731 4804/654/732 4801/651/729
f 4799/649/1920 4805/655/733 4800/650/728
f 4799/649/1920 4804/654/732 4805/655/733
f 4805/655/733 4806/656/734 4800/650/728
f 4805/655/733 4807/657/735 4806/656/734
f 4807/657/735 4808/658/736 4806/656/734
f 4809/659/737 4805/655/733 4804/654/732
f 4809/659/737 4807/657/735 4805/655/733
f 4809/659/737 4804/654/732 4810/660/738
f 4803/653/731 4810/660/738 4804/654/732
f 4811/661/1684 4807/657/735 4809/659/737
f 4807/657/735 4812/662/740 4808/658/736
f 4811/661/1684 4812/662/740 4807/657/735
f 4812/662/740 4813/663/741 4808/658/736
f 4811/661/1684 4809/659/737 4814/664/742
f 4809/659/737 4810/660/738 4814/664/742
f 4812/662/740 4811/661/1684 4815/665/743
f 4812/662/740 4816/666/1337 4813/663/741
f 4812/662/740 4815/665/743 4816/666/1337
f 4816/666/1337 4817/667/1686 4813/663/741
f 4816/666/1337 4818/668/1687 4817/667/1686
f 4819/669/747 4817/667/1686 4818/668/1687
f 4816/666/1337 4820/670/1921 4818/668/1687
f 4816/666/1337 4815/665/743 4820/670/1921
f 4819/669/747 4818/668/1687 4821/671/1688
f 4822/672/1689 4819/669/747 4821/671/1688
f 4822/672/1689 4821/671/1688 4823/673/1690
f 4821/671/1688 4824/674/1922 4823/673/1690
f 4825/675/753 4821/671/1688 4818/668/1687
f 4821/671/1688 4825/675/753 4824/674/1922
f 4825/675/753 4818/668/1687 4820/670/1921
f 4825/675/753 4820/670/1921 4826/676/754
f 4826/676/754 4820/670/1921 4815/665/743
f 4824/674/1922 4825/675/753 4827/677/1691
f 4825/675/753 4826/676/754 4827/677/1691
f 4824/674/1922 4827/677/1691 4828/678/756
f 4828/678/756 4827/677/1691 4829/679/757
f 4828/678/756 4829/679/757 4830/680/1923
f 4829/679/757 4831/681/759 4830/680/1923
f 4827/677/1691 4832/682/760 4829/679/757
f 4827/677/1691 4826/676/754 4832/682/760
f 4829/679/757 4833/683/761 4831/681/759
f 4833/683/761 4829/679/757 4832/682/760
f 4834/684/762 4831/681/759 4833/683/761
f 4834/684/762 4835/685/763 4831/681/759
f 4833/683/761 4832/682/760 4836/686/764
f 4835/685/763 4834/684/762 4837/687/1692
f 4835/685/763 4837/687/1692 4838/688/766
f 4837/687/1692 4839/689/767 4838/688/766
f 4840/690/1693 4834/684/762 4833/683/761
f 4840/690/1693 4833/683/761 4836/686/764
f 4834/684/762 4841/691/769 4837/687/1692
f 4834/684/762 4840/690/1693 4841/691/769
f 4837/687/1692 4842/692/1694 4839/689/767
f 4842/692/1694 4837/687/1692 4841/691/769
f 4839/689/767 4842/692/1694 4843/693/771
f 4839/689/767 4843/693/771 4844/694/772
f 4842/692/1694 4841/691/769 4845/695/773
f 4842/692/1694 4846/696/1695 4843/693/771
f 4842/692/1694 4845/695/773 4846/696/1695
f 4844/694/772 4843/693/771 4847/697/1696
f 4844/694/772 4847/697/1696 4848/698/776
f 4847/697/1696 4849/699/777 4848/698/776
f 4843/693/771 4850/700/778 4847/697/1696
f 4843/693/771 4846/696/1695 4850/700/778
f 4847/697/1696 4851/701/1697 4849/699/777
f 4851/701/1697 4847/697/1696 4850/700/778
f 4852/702/780 4849/699/777 4851/701/1697
f 4852/702/780 4853/703/1924 4849/699/777
f 4854/704/782 4852/702/780 4851/701/1697
f 4854/704/782 4851/701/1697 4855/705/1698
f 4851/701/1697 4850/700/778 4855/705/1698
f 4855/705/1698 4856/706/784 4854/704/782
f 4857/707/1699 4855/705/1698 4850/700/778
f 4857/707/1699 4850/700/778 4846/696/1695
f 4855/705/1698 4858/708/786 4856/706/784
f 4857/707/1699 4858/708/786 4855/705/1698
f 4858/708/786 4859/709/787 4856/706/784
f 4857/707/1699 4846/696/1695 4860/710/1344
f 4858/708/786 4861/711/1700 4859/709/787
f 4862/712/1925 4858/708/786 4857/707/1699
f 4862/712/1925 4857/707/1699 4860/710/1344
f 4862/712/1925 4861/711/1700 4858/708/786
f 4861/711/1700 4863/713/791 4859/709/787
f 4846/696/1695 4864/714/792 4860/710/1344
f 4846/696/1695 4845/695/773 4864/714/792
f 4862/712/1925 4860/710/1344 4865/715/1926
f 4864/714/792 4865/715/1926 4860/710/1344
f 4861/711/1700 4862/712/1925 4866/716/1345
f 4866/716/1345 4862/712/1925 4865/715/1926
f 4861/711/1700 4867/717/1701 4863/713/791
f 4861/711/1700 4866/716/1345 4867/717/1701
f 4867/717/1701 4868/718/796 4863/713/791
f 4869/719/1346 4864/714/792 4845/695/773
f 4869/719/1346 4845/695/773 4841/691/769
f 4869/719/1346 4841/691/769 4840/690/1693
f 4869/719/1346 4840/690/1693 4870/720/798
f 4836/686/764 4870/720/798 4840/690/1693
f 4871/721/1347 4864/714/792 4869/719/1346
f 4871/721/1347 4869/719/1346 4870/720/798
f 4871/721/1347 4872/722/800 4864/714/792
f 4864/714/792 4872/722/800 4865/715/1926
f 4871/721/1347 4870/720/798 4873/723/801
f 4836/686/764 4874/724/802 4870/720/798
f 4874/724/802 4873/723/801 4870/720/798
f 4875/725/803 4874/724/802 4836/686/764
f 4875/725/803 4836/686/764 4832/682/760
f 4875/725/803 4832/682/760 4826/676/754
f 4875/725/803 4826/676/754 4876/726/804
f 4826/676/754 4815/665/743 4876/726/804
f 4877/727/805 4874/724/802 4875/725/803
f 4877/727/805 4875/725/803 4876/726/804
f 4815/665/743 4878/728/806 4876/726/804
f 4877/727/805 4876/726/804 4878/728/806
f 4815/665/743 4811/661/1684 4878/728/806
f 4811/661/1684 4814/664/742 4878/728/806
f 4879/729/1703 4877/727/805 4878/728/806
f 4879/729/1703 4878/728/806 4814/664/742
f 4877/727/805 4880/730/1927 4874/724/802
f 4880/730/1927 4877/727/805 4879/729/1703
f 4874/724/802 4880/730/1927 4873/723/801
f 4881/731/809 4879/729/1703 4814/664/742
f 4881/731/809 4814/664/742 4810/660/738
f 4880/730/1927 4879/729/1703 4882/732/810
f 4882/732/810 4879/729/1703 4881/731/809
f 4880/730/1927 4883/733/811 4873/723/801
f 4880/730/1927 4882/732/810 4883/733/811
f 4884/734/812 4873/723/801 4883/733/811
f 4884/734/812 4871/721/1347 4873/723/801
f 4872/722/800 4871/721/1347 4884/734/812
f 4885/735/813 4881/731/809 4810/660/738
f 4885/735/813 4810/660/738 4803/653/731
f 4882/732/810 4881/731/809 4886/736/1928
f 4885/735/813 4886/736/1928 4881/731/809
f 4882/732/810 4886/736/1928 4887/737/815
f 4882/732/810 4887/737/815 4883/733/811
f 4888/738/816 4885/735/813 4803/653/731
f 4888/738/816 4803/653/731 4802/652/730
f 4885/735/813 4889/739/817 4886/736/1928
f 4888/738/816 4889/739/817 4885/735/813
f 4890/740/818 4887/737/815 4886/736/1928
f 4890/740/818 4886/736/1928 4889/739/817
f 4891/741/819 4883/733/811 4887/737/815
f 4891/741/819 4884/734/812 4883/733/811
f 4892/742/820 4887/737/815 4890/740/818
f 4892/742/820 4891/741/819 4887/737/815
f 4893/743/1705 4890/740/818 4889/739/817
f 4894/744/1706 4892/742/820 4890/740/818
f 4894/744/1706 4890/740/818 4893/743/1705
f 4895/745/823 4884/734/812 4891/741/819
f 4872/722/800 4884/734/812 4895/745/823
f 4892/742/820 4896/746/824 4891/741/819
f 4895/745/823 4891/741/819 4896/746/824
f 4894/744/1706 4897/747/1707 4892/742/820
f 4892/742/820 4897/747/1707 4896/746/824
f 4872/722/800 4895/745/823 4898/748/1929
f 4872/722/800 4898/748/1929 4865/715/1926
f 4866/716/1345 4865/715/1926 4898/748/1929
f 4895/745/823 4899/749/827 4898/748/1929
f 4895/745/823 4896/746/824 4899/749/827
f 4900/750/828 4866/716/1345 4898/748/1929
f 4900/750/828 4898/748/1929 4899/749/827
f 4867/717/1701 4866/716/1345 4900/750/828
f 4901/751/829 4899/749/827 4896/746/824
f 4901/751/829 4896/746/824 4897/747/1707
f 4902/752/1709 4900/750/828 4899/749/827
f 4902/752/1709 4899/749/827 4901/751/829
f 4867/717/1701 4900/750/828 4903/753/1357
f 4902/752/1709 4903/753/1357 4900/750/828
f 4867/717/1701 4903/753/1357 4868/718/796
f 4904/754/832 4868/718/796 4903/753/1357
f 4902/752/1709 4904/754/832 4903/753/1357
f 4904/754/832 4905/755/833 4868/718/796
f 4906/756/1710 4905/755/833 4904/754/832
f 4907/757/1711 4904/754/832 4902/752/1709
f 4907/757/1711 4902/752/1709 4901/751/829
f 4906/756/1710 4904/754/832 4908/758/1712
f 4907/757/1711 4908/758/1712 4904/754/832
f 4909/759/1713 4906/756/1710 4908/758/1712
f 4909/759/1713 4910/760/838 4906/756/1710
f 4911/761/839 4910/760/838 4909/759/1713
f 4912/762/1714 4909/759/1713 4908/758/1712
f 4912/762/1714 4908/758/1712 4907/757/1711
f 4911/761/839 4909/759/1713 4913/763/1930
f 4913/763/1930 4909/759/1713 4912/762/1714
f 4914/764/1716 4911/761/839 4913/763/1930
f 4907/757/1711 4901/751/829 4915/765/1717
f 4915/765/1717 4912/762/1714 4907/757/1711
f 4916/766/1931 4915/765/1717 4901/751/829
f 4916/766/1931 4901/751/829 4897/747/1707
f 4894/744/1706 4916/766/1931 4897/747/1707
f 4917/767/845 4915/765/1717 4916/766/1931
f 4918/768/846 4916/766/1931 4894/744/1706
f 4918/768/846 4917/767/845 4916/766/1931
f 4915/765/1717 4919/769/1720 4912/762/1714
f 4917/767/845 4919/769/1720 4915/765/1717
f 4893/743/1705 4918/768/846 4894/744/1706
f 4920/770/1721 4919/769/1720 4917/767/845
f 4920/770/1721 4917/767/845 4918/768/846
f 4912/762/1714 4919/769/1720 4921/771/1932
f 4920/770/1721 4921/771/1932 4919/769/1720
f 4912/762/1714 4921/771/1932 4922/772/850
f 4913/763/1930 4912/762/1714 4922/772/850
f 4893/743/1705 4923/773/851 4918/768/846
f 4924/774/852 4913/763/1930 4922/772/850
f 4914/764/1716 4913/763/1930 4924/774/852
f 4922/772/850 4921/771/1932 4925/775/1723
f 4926/776/854 4914/764/1716 4924/774/852
f 4926/776/854 4927/777/1724 4914/764/1716
f 4924/774/852 4922/772/850 4928/778/856
f 4928/778/856 4926/776/854 4924/774/852
f 4922/772/850 4925/775/1723 4928/778/856
f 4929/779/857 4927/777/1724 4926/776/854
f 4930/780/858 4925/775/1723 4921/771/1932
f 4930/780/858 4921/771/1932 4920/770/1721
f 4931/781/859 4928/778/856 4925/775/1723
f 4928/778/856 4932/782/860 4926/776/854
f 4931/781/859 4932/782/860 4928/778/856
f 4926/776/854 4932/782/860 4933/783/861
f 4931/781/859 4933/783/861 4932/782/860
f 4929/779/857 4926/776/854 4934/784/1727
f 4926/776/854 4933/783/861 4934/784/1727
f 4935/785/863 4929/779/857 4934/784/1727
f 4935/785/863 4936/786/864 4929/779/857
f 4937/787/865 4936/786/864 4935/785/863
f 4938/788/1933 4931/781/859 4925/775/1723
f 4938/788/1933 4925/775/1723 4930/780/858
f 4939/789/867 4935/785/863 4934/784/1727
f 4939/789/867 4934/784/1727 4933/783/861
f 4937/787/865 4935/785/863 4940/790/1729
f 4941/791/869 4937/787/865 4940/790/1729
f 4942/792/1730 4935/785/863 4939/789/867
f 4942/792/1730 4940/790/1729 4935/785/863
f 4941/791/869 4940/790/1729 4943/793/871
f 4944/794/872 4941/791/869 4943/793/871
f 4944/794/872 4945/795/873 4941/791/869
f 4940/790/1729 4946/796/874 4943/793/871
f 4940/790/1729 4942/792/1730 4946/796/874
f 4946/796/874 4944/794/872 4943/793/871
f 4944/794/872 4947/797/1731 4945/795/873
f 4944/794/872 4948/798/1732 4947/797/1731
f 4949/799/877 4947/797/1731 4948/798/1732
f 4949/799/877 4948/798/1732 4950/800/1733
f 4950/800/1733 4951/801/879 4949/799/877
f 4948/798/1732 4944/794/872 4952/802/880
f 4946/796/874 4952/802/880 4944/794/872
f 4948/798/1732 4952/802/880 4953/803/881
f 4950/800/1733 4948/798/1732 4953/803/881
f 4954/804/882 4952/802/880 4946/796/874
f 4950/800/1733 4953/803/881 4955/805/1734
f 4952/802/880 4956/806/884 4953/803/881
f 4952/802/880 4954/804/882 4956/806/884
f 4953/803/881 4957/807/885 4955/805/1734
f 4953/803/881 4956/806/884 4957/807/885
f 4950/800/1733 4955/805/1734 4958/808/1934
f 4957/807/885 4958/808/1934 4955/805/1734
f 4950/800/1733 4958/808/1934 4959/809/1735
f 4950/800/1733 4959/809/1735 4951/801/879
f 4960/810/396 4951/801/879 4959/809/1735
f 4960/810/396 4961/811/888 4951/801/879
f 4959/809/1735 4962/812/195 4960/810/396
f 4959/809/1735 4958/808/1934 4962/812/195
f 4963/813/889 4962/812/195 4958/808/1934
f 4957/807/885 4963/813/889 4958/808/1934
f 4963/813/889 4964/814/890 4962/812/195
f 4965/815/191 4964/814/890 4963/813/889
f 4965/815/191 4963/813/889 4966/816/891
f 4957/807/885 4966/816/891 4963/813/889
f 4966/816/891 4743/593/189 4965/815/191
f 4957/807/885 4967/817/892 4966/816/891
f 4967/817/892 4957/807/885 4956/806/884
f 4966/816/891 4968/818/893 4743/593/189
f 4967/817/892 4968/818/893 4966/816/891
f 4741/591/1911 4743/593/189 4968/818/893
f 4967/817/892 4969/819/1935 4968/818/893
f 4970/820/895 4741/591/1911 4968/818/893
f 4970/820/895 4968/818/893 4969/819/1935
f 4744/594/674 4741/591/1911 4970/820/895
f 4744/594/674 4970/820/895 4971/821/896
f 4972/822/1936 4970/820/895 4969/819/1935
f 4967/817/892 4972/822/1936 4969/819/1935
f 4972/822/1936 4971/821/896 4970/820/895
f 4744/594/674 4971/821/896 4755/605/683
f 4967/817/892 4973/823/1937 4972/822/1936
f 4967/817/892 4956/806/884 4973/823/1937
f 4954/804/882 4973/823/1937 4956/806/884
f 4973/823/1937 4974/824/899 4972/822/1936
f 4974/824/899 4971/821/896 4972/822/1936
f 4954/804/882 4975/825/1740 4973/823/1937
f 4973/823/1937 4975/825/1740 4974/824/899
f 4975/825/1740 4954/804/882 4976/826/1741
f 4954/804/882 4946/796/874 4976/826/1741
f 4975/825/1740 4976/826/1741 4977/827/1742
f 4978/828/1938 4976/826/1741 4946/796/874
f 4977/827/1742 4976/826/1741 4978/828/1938
f 4978/828/1938 4946/796/874 4942/792/1730
f 4979/829/1374 4975/825/1740 4977/827/1742
f 4979/829/1374 4974/824/899 4975/825/1740
f 4977/827/1742 4978/828/1938 4980/830/905
f 4980/830/905 4979/829/1374 4977/827/1742
f 4942/792/1730 4981/831/906 4978/828/1938
f 4980/830/905 4978/828/1938 4981/831/906
f 4942/792/1730 4939/789/867 4981/831/906
f 4974/824/899 4982/832/1939 4971/821/896
f 4982/832/1939 4974/824/899 4979/829/1374
f 4983/833/908 4971/821/896 4982/832/1939
f 4983/833/908 4755/605/683 4971/821/896
f 4982/832/1939 4979/829/1374 4984/834/909
f 4983/833/908 4982/832/1939 4984/834/909
f 4985/835/910 4984/834/909 4979/829/1374
f 4983/833/908 4984/834/909 4986/836/911
f 4986/836/911 4984/834/909 4985/835/910
f 4755/605/683 4983/833/908 4987/837/912
f 4755/605/683 4987/837/912 4753/603/681
f 4987/837/912 4754/604/682 4753/603/681
f 4988/838/913 4987/837/912 4983/833/908
f 4988/838/913 4983/833/908 4986/836/911
f 4987/837/912 4989/839/1940 4754/604/682
f 4989/839/1940 4987/837/912 4988/838/913
f 4989/839/1940 4763/613/1668 4754/604/682
f 4989/839/1940 4769/619/697 4763/613/1668
f 4769/619/697 4989/839/1940 4990/840/1745
f 4989/839/1940 4988/838/913 4990/840/1745
f 4769/619/697 4990/840/1745 4772/622/700
f 4772/622/700 4990/840/1745 4991/841/1746
f 4991/841/1746 4990/840/1745 4988/838/913
f 4772/622/700 4991/841/1746 4775/625/1915
f 4992/842/917 4988/838/913 4986/836/911
f 4986/836/911 4985/835/910 4992/842/917
f 4991/841/1746 4988/838/913 4993/843/918
f 4992/842/917 4993/843/918 4988/838/913
f 4775/625/1915 4991/841/1746 4994/844/1379
f 4993/843/918 4994/844/1379 4991/841/1746
f 4775/625/1915 4994/844/1379 4776/626/1916
f 4993/843/918 4992/842/917 4995/845/920
f 4985/835/910 4995/845/920 4992/842/917
f 4993/843/918 4996/846/921 4994/844/1379
f 4993/843/918 4995/845/920 4996/846/921
f 4776/626/1916 4994/844/1379 4997/847/1381
f 4997/847/1381 4994/844/1379 4996/846/921
f 4776/626/1916 4997/847/1381 4779/629/1917
f 4779/629/1917 4997/847/1381 4787/637/715
f 4997/847/1381 4996/846/921 4998/848/923
f 4787/637/715 4997/847/1381 4998/848/923
f 4996/846/921 4999/849/924 4998/848/923
f 4996/846/921 4995/845/920 4999/849/924
f 4787/637/715 4998/848/923 5000/850/925
f 4787/637/715 5000/850/925 5001/851/926
f 5002/852/927 5000/850/925 4998/848/923
f 5002/852/927 4998/848/923 4999/849/924
f 5001/851/926 5000/850/925 5002/852/927
f 4787/637/715 5001/851/926 4788/638/716
f 4995/845/920 5003/853/928 4999/849/924
f 5003/853/928 5002/852/927 4999/849/924
f 5004/854/1749 4788/638/716 5001/851/926
f 5004/854/1749 4793/643/721 4788/638/716
f 5001/851/926 5002/852/927 5005/855/1387
f 5005/855/1387 5004/854/1749 5001/851/926
f 5002/852/927 5006/856/931 5005/855/1387
f 5007/857/1941 4793/643/721 5004/854/1749
f 5007/857/1941 4797/647/1681 4793/643/721
f 4802/652/730 4797/647/1681 5007/857/1941
f 5005/855/1387 5008/858/933 5004/854/1749
f 5008/858/933 5007/857/1941 5004/854/1749
f 5006/856/931 5008/858/933 5005/855/1387
f 4802/652/730 5007/857/1941 4888/738/816
f 5007/857/1941 5009/859/934 4888/738/816
f 4888/738/816 5009/859/934 4889/739/817
f 4893/743/1705 4889/739/817 5009/859/934
f 5007/857/1941 5010/860/1942 5009/859/934
f 5010/860/1942 4893/743/1705 5009/859/934
f 5008/858/933 5010/860/1942 5007/857/1941
f 5010/860/1942 4923/773/851 4893/743/1705
f 5011/861/936 5010/860/1942 5008/858/933
f 5011/861/936 4923/773/851 5010/860/1942
f 5006/856/931 5011/861/936 5008/858/933
f 4918/768/846 4923/773/851 5011/861/936
f 4918/768/846 5011/861/936 5012/862/937
f 5012/862/937 5011/861/936 5006/856/931
f 4920/770/1721 4918/768/846 5012/862/937
f 4930/780/858 4920/770/1721 5012/862/937
f 4930/780/858 5012/862/937 5013/863/938
f 5012/862/937 5006/856/931 5013/863/938
f 5013/863/938 4938/788/1933 4930/780/858
f 5014/864/939 5013/863/938 5006/856/931
f 5002/852/927 5014/864/939 5006/856/931
f 5013/863/938 5015/865/940 4938/788/1933
f 5014/864/939 5015/865/940 5013/863/938
f 5003/853/928 5014/864/939 5002/852/927
f 5014/864/939 5016/866/1943 5015/865/940
f 5014/864/939 5003/853/928 5016/866/1943
f 4938/788/1933 5015/865/940 5016/866/1943
f 4938/788/1933 5016/866/1943 5017/867/942
f 5017/867/942 4931/781/859 4938/788/1933
f 5003/853/928 5018/868/1944 5016/866/1943
f 5018/868/1944 5017/867/942 5016/866/1943
f 5003/853/928 5019/869/944 5018/868/1944
f 4995/845/920 5019/869/944 5003/853/928
f 4985/835/910 5019/869/944 4995/845/920
f 5020/870/1945 5019/869/944 4985/835/910
f 5020/870/1945 5018/868/1944 5019/869/944
f 4985/835/910 4979/829/1374 5020/870/1945
f 4980/830/905 5020/870/1945 4979/829/1374
f 5020/870/1945 5021/871/1946 5018/868/1944
f 5020/870/1945 4980/830/905 5021/871/1946
f 5018/868/1944 5021/871/1946 5017/867/942
f 4980/830/905 4981/831/906 5021/871/1946
f 5021/871/1946 5022/872/947 5017/867/942
f 5021/871/1946 4981/831/906 5022/872/947
f 5017/867/942 5022/872/947 4931/781/859
f 5022/872/947 4981/831/906 4939/789/867
f 4931/781/859 5022/872/947 4933/783/861
f 5022/872/947 4939/789/867 4933/783/861
f 5023/813/948 5024/814/172 5025/812/392
f 5026/815/238 5024/814/172 5023/813/948
f 5026/815/238 5023/813/948 5027/816/1947
f 5027/816/1947 5028/593/950 5026/815/238
f 5029/807/951 5027/816/1947 5023/813/948
f 5023/813/948 5025/812/392 5030/808/952
f 5029/807/951 5023/813/948 5030/808/952
f 5031/809/1758 5030/808/952 5025/812/392
f 5031/809/1758 5025/812/392 5032/810/954
f 5032/810/954 5033/801/1759 5031/809/1758
f 5032/810/954 5034/811/393 5033/801/1759
f 5035/800/956 5031/809/1758 5033/801/1759
f 5035/800/956 5030/808/952 5031/809/1758
f 5035/800/956 5033/801/1759 5036/799/957
f 5035/800/956 5037/805/1761 5030/808/952
f 5029/807/951 5030/808/952 5037/805/1761
f 5036/799/957 5038/798/959 5035/800/956
f 5036/799/957 5039/797/1948 5038/798/959
f 5035/800/956 5040/803/1763 5037/805/1761
f 5040/803/1763 5029/807/951 5037/805/1761
f 5035/800/956 5038/798/959 5040/803/1763
f 5041/794/962 5038/798/959 5039/797/1948
f 5041/794/962 5039/797/1948 5042/795/693
f 5041/794/962 5042/795/693 5043/791/1670
f 5038/798/959 5041/794/962 5044/802/963
f 5038/798/959 5044/802/963 5040/803/1763
f 5041/794/962 5043/791/1670 5045/793/1765
f 5040/803/1763 5046/806/965 5029/807/951
f 5044/802/963 5046/806/965 5040/803/1763
f 5047/817/1949 5029/807/951 5046/806/965
f 5029/807/951 5047/817/1949 5027/816/1947
f 5043/791/1670 5048/790/1766 5045/793/1765
f 5043/791/1670 5049/787/968 5048/790/1766
f 5050/796/969 5041/794/962 5045/793/1765
f 5050/796/969 5044/802/963 5041/794/962
f 5048/790/1766 5050/796/969 5045/793/1765
f 5049/787/968 5051/785/1768 5048/790/1766
f 5049/787/968 5052/786/699 5051/785/1768
f 5051/785/1768 5052/786/699 5053/779/702
f 5054/792/1769 5048/790/1766 5051/785/1768
f 5048/790/1766 5054/792/1769 5050/796/969
f 5051/785/1768 5053/779/702 5055/784/1770
f 5054/792/1769 5051/785/1768 5056/789/973
f 5056/789/973 5051/785/1768 5055/784/1770
f 5053/779/702 5057/776/974 5055/784/1770
f 5053/779/702 5058/777/975 5057/776/974
f 5057/776/974 5058/777/975 5059/764/711
f 5056/789/973 5055/784/1770 5060/783/1771
f 5057/776/974 5060/783/1771 5055/784/1770
f 5057/776/974 5061/782/1772 5060/783/1771
f 5062/872/1773 5056/789/973 5060/783/1771
f 5063/781/1774 5060/783/1771 5061/782/1772
f 5063/781/1774 5062/872/1773 5060/783/1771
f 5064/778/1775 5061/782/1772 5057/776/974
f 5063/781/1774 5061/782/1772 5064/778/1775
f 5057/776/974 5059/764/711 5065/774/981
f 5064/778/1775 5057/776/974 5065/774/981
f 5059/764/711 5066/763/982 5065/774/981
f 5059/764/711 5067/761/713 5066/763/982
f 5065/774/981 5068/772/983 5064/778/1775
f 5065/774/981 5066/763/982 5068/772/983
f 5063/781/1774 5064/778/1775 5069/775/984
f 5068/772/983 5069/775/984 5064/778/1775
f 5067/761/713 5070/759/985 5066/763/982
f 5067/761/713 5071/760/1678 5070/759/985
f 5070/759/985 5071/760/1678 5072/756/719
f 5066/763/982 5070/759/985 5073/762/1777
f 5066/763/982 5073/762/1777 5068/772/983
f 5070/759/985 5072/756/719 5074/758/1778
f 5073/762/1777 5070/759/985 5074/758/1778
f 5072/756/719 5075/754/988 5074/758/1778
f 5072/756/719 5076/755/724 5075/754/988
f 5075/754/988 5076/755/724 5077/718/728
f 5078/757/989 5074/758/1778 5075/754/988
f 5073/762/1777 5074/758/1778 5078/757/989
f 5075/754/988 5077/718/728 5079/753/990
f 5073/762/1777 5080/771/1401 5068/772/983
f 5068/772/983 5080/771/1401 5069/775/984
f 5078/757/989 5075/754/988 5081/752/1779
f 5081/752/1779 5075/754/988 5079/753/990
f 5082/717/1780 5079/753/990 5077/718/728
f 5082/717/1780 5077/718/728 5083/713/734
f 5081/752/1779 5079/753/990 5084/750/1781
f 5082/717/1780 5084/750/1781 5079/753/990
f 5078/757/989 5081/752/1779 5085/751/995
f 5086/711/996 5082/717/1780 5083/713/734
f 5086/711/996 5083/713/734 5087/709/736
f 5082/717/1780 5088/716/997 5084/750/1781
f 5086/711/996 5088/716/997 5082/717/1780
f 5081/752/1779 5084/750/1781 5089/749/1403
f 5081/752/1779 5089/749/1403 5085/751/995
f 5084/750/1781 5088/716/997 5090/748/999
f 5084/750/1781 5090/748/999 5089/749/1403
f 5091/708/1000 5086/711/996 5087/709/736
f 5091/708/1000 5087/709/736 5092/706/1001
f 5086/711/996 5093/712/1950 5088/716/997
f 5093/712/1950 5086/711/996 5091/708/1000
f 5088/716/997 5094/715/1783 5090/748/999
f 5088/716/997 5093/712/1950 5094/715/1783
f 5095/705/1004 5091/708/1000 5092/706/1001
f 5095/705/1004 5092/706/1001 5096/704/745
f 5093/712/1950 5091/708/1000 5097/707/1784
f 5097/707/1784 5091/708/1000 5095/705/1004
f 5093/712/1950 5098/710/1006 5094/715/1783
f 5093/712/1950 5097/707/1784 5098/710/1006
f 5099/714/1007 5094/715/1783 5098/710/1006
f 5097/707/1784 5100/696/1008 5098/710/1006
f 5100/696/1008 5099/714/1007 5098/710/1006
f 5097/707/1784 5095/705/1004 5101/700/1785
f 5097/707/1784 5101/700/1785 5100/696/1008
f 5096/704/745 5102/701/1786 5095/705/1004
f 5102/701/1786 5101/700/1785 5095/705/1004
f 5096/704/745 5103/702/747 5102/701/1786
f 5103/702/747 5104/699/1011 5102/701/1786
f 5103/702/747 5105/703/1012 5104/699/1011
f 5106/697/1013 5102/701/1786 5104/699/1011
f 5102/701/1786 5106/697/1013 5101/700/1785
f 5106/697/1013 5104/699/1011 5107/698/1014
f 5108/694/1015 5106/697/1013 5107/698/1014
f 5109/693/1788 5101/700/1785 5106/697/1013
f 5108/694/1015 5109/693/1788 5106/697/1013
f 5109/693/1788 5100/696/1008 5101/700/1785
f 5110/689/1405 5109/693/1788 5108/694/1015
f 5111/692/1018 5100/696/1008 5109/693/1788
f 5110/689/1405 5111/692/1018 5109/693/1788
f 5111/692/1018 5112/695/1789 5100/696/1008
f 5100/696/1008 5112/695/1789 5099/714/1007
f 5113/687/1951 5111/692/1018 5110/689/1405
f 5113/687/1951 5110/689/1405 5114/688/1021
f 5115/685/1022 5113/687/1951 5114/688/1021
f 5111/692/1018 5113/687/1951 5116/691/1790
f 5111/692/1018 5116/691/1790 5112/695/1789
f 5115/685/1022 5117/684/1024 5113/687/1951
f 5117/684/1024 5116/691/1790 5113/687/1951
f 5117/684/1024 5115/685/1022 5118/681/1025
f 5119/719/1026 5112/695/1789 5116/691/1790
f 5119/719/1026 5099/714/1007 5112/695/1789
f 5117/684/1024 5120/690/1027 5116/691/1790
f 5119/719/1026 5116/691/1790 5120/690/1027
f 5117/684/1024 5118/681/1025 5121/683/1028
f 5120/690/1027 5117/684/1024 5121/683/1028
f 5122/679/1952 5121/683/1028 5118/681/1025
f 5122/679/1952 5118/681/1025 5123/680/1030
f 5124/678/1031 5122/679/1952 5123/680/1030
f 5124/678/1031 5125/677/1032 5122/679/1952
f 5126/674/1033 5125/677/1032 5124/678/1031
f 5121/683/1028 5122/679/1952 5127/682/1034
f 5125/677/1032 5127/682/1034 5122/679/1952
f 5120/690/1027 5121/683/1028 5128/686/1035
f 5121/683/1028 5127/682/1034 5128/686/1035
f 5128/686/1035 5129/720/1036 5120/690/1027
f 5119/719/1026 5120/690/1027 5129/720/1036
f 5130/725/1037 5128/686/1035 5127/682/1034
f 5125/677/1032 5131/676/1408 5127/682/1034
f 5130/725/1037 5127/682/1034 5131/676/1408
f 5128/686/1035 5132/724/1039 5129/720/1036
f 5130/725/1037 5132/724/1039 5128/686/1035
f 5133/721/1410 5119/719/1026 5129/720/1036
f 5133/721/1410 5099/714/1007 5119/719/1026
f 5132/724/1039 5134/723/1041 5129/720/1036
f 5133/721/1410 5129/720/1036 5134/723/1041
f 5133/721/1410 5135/722/1042 5099/714/1007
f 5099/714/1007 5135/722/1042 5094/715/1783
f 5135/722/1042 5090/748/999 5094/715/1783
f 5135/722/1042 5133/721/1410 5136/734/1043
f 5136/734/1043 5133/721/1410 5134/723/1041
f 5135/722/1042 5137/745/1793 5090/748/999
f 5135/722/1042 5136/734/1043 5137/745/1793
f 5137/745/1793 5089/749/1403 5090/748/999
f 5137/745/1793 5138/746/1045 5089/749/1403
f 5137/745/1793 5136/734/1043 5139/741/1411
f 5137/745/1793 5139/741/1411 5138/746/1045
f 5085/751/995 5089/749/1403 5138/746/1045
f 5139/741/1411 5136/734/1043 5140/733/1047
f 5136/734/1043 5134/723/1041 5140/733/1047
f 5139/741/1411 5140/733/1047 5141/737/1048
f 5142/742/1794 5138/746/1045 5139/741/1411
f 5142/742/1794 5139/741/1411 5141/737/1048
f 5085/751/995 5138/746/1045 5143/747/1050
f 5142/742/1794 5143/747/1050 5138/746/1045
f 5144/730/1953 5140/733/1047 5134/723/1041
f 5132/724/1039 5144/730/1953 5134/723/1041
f 5144/730/1953 5145/732/1052 5140/733/1047
f 5145/732/1052 5141/737/1048 5140/733/1047
f 5146/727/1954 5144/730/1953 5132/724/1039
f 5146/727/1954 5132/724/1039 5130/725/1037
f 5144/730/1953 5147/729/1054 5145/732/1052
f 5144/730/1953 5146/727/1954 5147/729/1054
f 5146/727/1954 5130/725/1037 5148/726/1055
f 5130/725/1037 5131/676/1408 5148/726/1055
f 5147/729/1054 5146/727/1954 5149/728/1414
f 5146/727/1954 5148/726/1055 5149/728/1414
f 5131/676/1408 5150/665/1057 5148/726/1055
f 5150/665/1057 5149/728/1414 5148/726/1055
f 5131/676/1408 5151/670/1796 5150/665/1057
f 5147/729/1054 5149/728/1414 5152/664/1955
f 5153/675/1060 5151/670/1796 5131/676/1408
f 5153/675/1060 5131/676/1408 5125/677/1032
f 5126/674/1033 5153/675/1060 5125/677/1032
f 5150/665/1057 5154/661/1797 5149/728/1414
f 5154/661/1797 5152/664/1955 5149/728/1414
f 5155/671/1062 5153/675/1060 5126/674/1033
f 5155/671/1062 5126/674/1033 5156/673/1798
f 5157/672/1799 5155/671/1062 5156/673/1798
f 5157/672/1799 5158/669/780 5155/671/1062
f 5153/675/1060 5155/671/1062 5159/668/1065
f 5158/669/780 5159/668/1065 5155/671/1062
f 5153/675/1060 5159/668/1065 5151/670/1796
f 5158/669/780 5160/667/1066 5159/668/1065
f 5161/666/1067 5151/670/1796 5159/668/1065
f 5161/666/1067 5159/668/1065 5160/667/1066
f 5161/666/1067 5150/665/1057 5151/670/1796
f 5161/666/1067 5160/667/1066 5162/663/784
f 5163/662/1956 5150/665/1057 5161/666/1067
f 5163/662/1956 5161/666/1067 5162/663/784
f 5163/662/1956 5154/661/1797 5150/665/1057
f 5163/662/1956 5162/663/784 5164/658/787
f 5165/657/1070 5163/662/1956 5164/658/787
f 5154/661/1797 5163/662/1956 5165/657/1070
f 5165/657/1070 5164/658/787 5166/656/791
f 5154/661/1797 5165/657/1070 5167/659/1801
f 5154/661/1797 5167/659/1801 5152/664/1955
f 5168/655/1957 5165/657/1070 5166/656/791
f 5167/659/1801 5165/657/1070 5168/655/1957
f 5168/655/1957 5166/656/791 5169/650/796
f 5170/649/1802 5168/655/1957 5169/650/796
f 5170/649/1802 5169/650/796 5171/646/833
f 5167/659/1801 5168/655/1957 5172/654/1074
f 5170/649/1802 5172/654/1074 5168/655/1957
f 5167/659/1801 5173/660/1075 5152/664/1955
f 5167/659/1801 5172/654/1074 5173/660/1075
f 5174/645/1803 5170/649/1802 5171/646/833
f 5174/645/1803 5171/646/833 5175/641/1710
f 5170/649/1802 5176/651/1416 5172/654/1074
f 5174/645/1803 5176/651/1416 5170/649/1802
f 5177/653/1078 5173/660/1075 5172/654/1074
f 5177/653/1078 5172/654/1074 5176/651/1416
f 5178/731/1079 5152/664/1955 5173/660/1075
f 5178/731/1079 5147/729/1054 5152/664/1955
f 5145/732/1052 5147/729/1054 5178/731/1079
f 5174/645/1803 5179/648/1080 5176/651/1416
f 5179/648/1080 5177/653/1078 5176/651/1416
f 5145/732/1052 5178/731/1079 5180/736/1081
f 5145/732/1052 5180/736/1081 5141/737/1048
f 5181/735/1805 5178/731/1079 5173/660/1075
f 5181/735/1805 5180/736/1081 5178/731/1079
f 5181/735/1805 5173/660/1075 5177/653/1078
f 5182/739/1083 5141/737/1048 5180/736/1081
f 5181/735/1805 5182/739/1083 5180/736/1081
f 5183/738/1084 5181/735/1805 5177/653/1078
f 5183/738/1084 5182/739/1083 5181/735/1805
f 5183/738/1084 5177/653/1078 5184/652/1806
f 5179/648/1080 5184/652/1806 5177/653/1078
f 5182/739/1083 5185/740/1086 5141/737/1048
f 5142/742/1794 5141/737/1048 5185/740/1086
f 5183/738/1084 5186/859/1087 5182/739/1083
f 5187/744/1088 5142/742/1794 5185/740/1086
f 5188/743/1089 5185/740/1086 5182/739/1083
f 5188/743/1089 5182/739/1083 5186/859/1087
f 5187/744/1088 5185/740/1086 5188/743/1089
f 5187/744/1088 5143/747/1050 5142/742/1794
f 5189/857/1958 5186/859/1087 5183/738/1084
f 5184/652/1806 5189/857/1958 5183/738/1084
f 5190/860/1091 5188/743/1089 5186/859/1087
f 5189/857/1958 5190/860/1091 5186/859/1087
f 5190/860/1091 5191/773/1092 5188/743/1089
f 5187/744/1088 5192/766/1093 5143/747/1050
f 5192/766/1093 5085/751/995 5143/747/1050
f 5188/743/1089 5193/768/1094 5187/744/1088
f 5193/768/1094 5192/766/1093 5187/744/1088
f 5188/743/1089 5191/773/1092 5193/768/1094
f 5192/766/1093 5194/765/1807 5085/751/995
f 5078/757/989 5085/751/995 5194/765/1807
f 5194/765/1807 5073/762/1777 5078/757/989
f 5195/767/1959 5194/765/1807 5192/766/1093
f 5193/768/1094 5195/767/1959 5192/766/1093
f 5194/765/1807 5196/769/1960 5073/762/1777
f 5195/767/1959 5196/769/1960 5194/765/1807
f 5073/762/1777 5196/769/1960 5080/771/1401
f 5197/770/1808 5196/769/1960 5195/767/1959
f 5197/770/1808 5080/771/1401 5196/769/1960
f 5197/770/1808 5195/767/1959 5193/768/1094
f 5198/780/1099 5080/771/1401 5197/770/1808
f 5198/780/1099 5069/775/984 5080/771/1401
f 5197/770/1808 5193/768/1094 5199/862/1425
f 5198/780/1099 5197/770/1808 5199/862/1425
f 5200/788/1961 5069/775/984 5198/780/1099
f 5200/788/1961 5063/781/1774 5069/775/984
f 5198/780/1099 5199/862/1425 5201/863/1102
f 5201/863/1102 5200/788/1961 5198/780/1099
f 5193/768/1094 5202/861/1103 5199/862/1425
f 5193/768/1094 5191/773/1092 5202/861/1103
f 5202/861/1103 5191/773/1092 5190/860/1091
f 5199/862/1425 5202/861/1103 5203/856/1427
f 5199/862/1425 5203/856/1427 5201/863/1102
f 5202/861/1103 5190/860/1091 5204/858/1105
f 5203/856/1427 5202/861/1103 5204/858/1105
f 5204/858/1105 5190/860/1091 5189/857/1958
f 5201/863/1102 5205/865/1809 5200/788/1961
f 5203/856/1427 5204/858/1105 5206/855/1107
f 5207/864/1108 5205/865/1809 5201/863/1102
f 5207/864/1108 5201/863/1102 5203/856/1427
f 5200/788/1961 5205/865/1809 5208/866/1109
f 5207/864/1108 5208/866/1109 5205/865/1809
f 5200/788/1961 5208/866/1109 5209/867/1811
f 5209/867/1811 5063/781/1774 5200/788/1961
f 5209/867/1811 5062/872/1773 5063/781/1774
f 5210/852/1111 5207/864/1108 5203/856/1427
f 5210/852/1111 5203/856/1427 5206/855/1107
f 5207/864/1108 5211/853/1112 5208/866/1109
f 5211/853/1112 5207/864/1108 5210/852/1111
f 5212/868/1962 5209/867/1811 5208/866/1109
f 5211/853/1112 5212/868/1962 5208/866/1109
f 5213/871/1431 5062/872/1773 5209/867/1811
f 5212/868/1962 5213/871/1431 5209/867/1811
f 5213/871/1431 5214/831/1432 5062/872/1773
f 5062/872/1773 5214/831/1432 5056/789/973
f 5054/792/1769 5056/789/973 5214/831/1432
f 5054/792/1769 5214/831/1432 5215/828/1116
f 5215/828/1116 5050/796/969 5054/792/1769
f 5216/830/1813 5214/831/1432 5213/871/1431
f 5216/830/1813 5215/828/1116 5214/831/1432
f 5217/870/1963 5213/871/1431 5212/868/1962
f 5217/870/1963 5216/830/1813 5213/871/1431
f 5217/870/1963 5212/868/1962 5218/869/1435
f 5211/853/1112 5218/869/1435 5212/868/1962
f 5216/830/1813 5217/870/1963 5219/829/1964
f 5220/827/1965 5215/828/1116 5216/830/1813
f 5216/830/1813 5219/829/1964 5220/827/1965
f 5220/827/1965 5221/826/1122 5215/828/1116
f 5215/828/1116 5221/826/1122 5050/796/969
f 5222/825/1437 5221/826/1122 5220/827/1965
f 5219/829/1964 5222/825/1437 5220/827/1965
f 5223/804/1818 5050/796/969 5221/826/1122
f 5222/825/1437 5223/804/1818 5221/826/1122
f 5223/804/1818 5044/802/963 5050/796/969
f 5044/802/963 5223/804/1818 5046/806/965
f 5223/804/1818 5224/823/1125 5046/806/965
f 5223/804/1818 5222/825/1437 5224/823/1125
f 5047/817/1949 5046/806/965 5224/823/1125
f 5224/823/1125 5222/825/1437 5225/824/1126
f 5219/829/1964 5225/824/1126 5222/825/1437
f 5047/817/1949 5224/823/1125 5226/822/1127
f 5224/823/1125 5225/824/1126 5226/822/1127
f 5047/817/1949 5226/822/1127 5227/819/1128
f 5047/817/1949 5227/819/1128 5228/818/1440
f 5047/817/1949 5228/818/1440 5027/816/1947
f 5027/816/1947 5228/818/1440 5028/593/950
f 5229/820/1130 5228/818/1440 5227/819/1128
f 5226/822/1127 5229/820/1130 5227/819/1128
f 5230/591/1131 5028/593/950 5228/818/1440
f 5229/820/1130 5230/591/1131 5228/818/1440
f 5230/591/1131 5231/592/232 5028/593/950
f 5232/590/1132 5231/592/232 5230/591/1131
f 5232/590/1132 5230/591/1131 5233/587/1133
f 5233/587/1133 5234/589/224 5232/590/1132
f 5235/594/1134 5233/587/1133 5230/591/1131
f 5235/594/1134 5230/591/1131 5229/820/1130
f 5233/587/1133 5236/588/1966 5234/589/224
f 5235/594/1134 5236/588/1966 5233/587/1133
f 5237/595/1442 5234/589/224 5236/588/1966
f 5237/595/1442 5238/596/221 5234/589/224
f 5239/597/1257 5238/596/221 5237/595/1442
f 5235/594/1134 5240/601/1967 5236/588/1966
f 5239/597/1257 5237/595/1442 5241/599/1823
f 5242/598/1444 5237/595/1442 5236/588/1966
f 5242/598/1444 5236/588/1966 5240/601/1967
f 5242/598/1444 5241/599/1823 5237/595/1442
f 5241/599/1823 5243/600/206 5239/597/1257
f 5244/603/1824 5242/598/1444 5240/601/1967
f 5235/594/1134 5244/603/1824 5240/601/1967
f 5242/598/1444 5245/602/1143 5241/599/1823
f 5235/594/1134 5246/605/1144 5244/603/1824
f 5229/820/1130 5246/605/1144 5235/594/1134
f 5244/603/1824 5247/604/1825 5242/598/1444
f 5245/602/1143 5242/598/1444 5247/604/1825
f 5246/605/1144 5248/837/1826 5244/603/1824
f 5248/837/1826 5247/604/1825 5244/603/1824
f 5229/820/1130 5249/821/1147 5246/605/1144
f 5226/822/1127 5249/821/1147 5229/820/1130
f 5225/824/1126 5249/821/1147 5226/822/1127
f 5250/833/1148 5246/605/1144 5249/821/1147
f 5246/605/1144 5250/833/1148 5248/837/1826
f 5225/824/1126 5251/832/1149 5249/821/1147
f 5250/833/1148 5249/821/1147 5251/832/1149
f 5251/832/1149 5225/824/1126 5219/829/1964
f 5250/833/1148 5251/832/1149 5252/834/1150
f 5251/832/1149 5219/829/1964 5252/834/1150
f 5250/833/1148 5252/834/1150 5253/836/1151
f 5254/838/1152 5248/837/1826 5250/833/1148
f 5254/838/1152 5250/833/1148 5253/836/1151
f 5252/834/1150 5255/842/1153 5253/836/1151
f 5255/842/1153 5254/838/1152 5253/836/1151
f 5256/835/1154 5252/834/1150 5219/829/1964
f 5252/834/1150 5256/835/1154 5255/842/1153
f 5256/835/1154 5219/829/1964 5217/870/1963
f 5217/870/1963 5218/869/1435 5256/835/1154
f 5256/835/1154 5218/869/1435 5257/845/1155
f 5256/835/1154 5257/845/1155 5255/842/1153
f 5257/845/1155 5218/869/1435 5211/853/1112
f 5257/845/1155 5211/853/1112 5258/849/1449
f 5211/853/1112 5210/852/1111 5258/849/1449
f 5259/843/1828 5255/842/1153 5257/845/1155
f 5255/842/1153 5259/843/1828 5254/838/1152
f 5260/846/1829 5257/845/1155 5258/849/1449
f 5259/843/1828 5257/845/1155 5260/846/1829
f 5210/852/1111 5261/848/1830 5258/849/1449
f 5260/846/1829 5258/849/1449 5261/848/1830
f 5210/852/1111 5262/850/1968 5261/848/1830
f 5263/851/1453 5262/850/1968 5210/852/1111
f 5263/851/1453 5210/852/1111 5206/855/1107
f 5264/637/1832 5261/848/1830 5262/850/1968
f 5264/637/1832 5262/850/1968 5263/851/1453
f 5265/847/1969 5260/846/1829 5261/848/1830
f 5264/637/1832 5265/847/1969 5261/848/1830
f 5259/843/1828 5260/846/1829 5266/844/1164
f 5265/847/1969 5266/844/1164 5260/846/1829
f 5259/843/1828 5266/844/1164 5267/841/1835
f 5267/841/1835 5254/838/1152 5259/843/1828
f 5268/626/1836 5266/844/1164 5265/847/1969
f 5269/625/1167 5267/841/1835 5266/844/1164
f 5269/625/1167 5266/844/1164 5268/626/1836
f 5267/841/1835 5270/840/1837 5254/838/1152
f 5271/622/1169 5267/841/1835 5269/625/1167
f 5271/622/1169 5270/840/1837 5267/841/1835
f 5268/626/1836 5265/847/1969 5272/629/1838
f 5272/629/1838 5265/847/1969 5264/637/1832
f 5273/839/1459 5254/838/1152 5270/840/1837
f 5273/839/1459 5248/837/1826 5254/838/1152
f 5248/837/1826 5273/839/1459 5247/604/1825
f 5274/619/1172 5273/839/1459 5270/840/1837
f 5274/619/1172 5270/840/1837 5271/622/1169
f 5273/839/1459 5275/613/1173 5247/604/1825
f 5273/839/1459 5274/619/1172 5275/613/1173
f 5245/602/1143 5247/604/1825 5275/613/1173
f 5276/616/1839 5274/619/1172 5271/622/1169
f 5269/625/1167 5276/616/1839 5271/622/1169
f 5275/613/1173 5274/619/1172 5277/614/1840
f 5276/616/1839 5277/614/1840 5274/619/1172
f 5245/602/1143 5275/613/1173 5278/611/1841
f 5275/613/1173 5277/614/1840 5278/611/1841
f 5245/602/1143 5278/611/1841 5279/610/1177
f 5277/614/1840 5280/612/1463 5278/611/1841
f 5277/614/1840 5281/615/873 5280/612/1463
f 5281/615/873 5277/614/1840 5276/616/1839
f 5278/611/1841 5280/612/1463 5282/609/1842
f 5278/611/1841 5282/609/1842 5279/610/1177
f 5281/615/873 5276/616/1839 5283/617/869
f 5284/618/1180 5283/617/869 5276/616/1839
f 5245/602/1143 5279/610/1177 5285/606/1970
f 5282/609/1842 5285/606/1970 5279/610/1177
f 5245/602/1143 5285/606/1970 5241/599/1823
f 5282/609/1842 5286/607/1844 5285/606/1970
f 5241/599/1823 5285/606/1970 5243/600/206
f 5286/607/1844 5243/600/206 5285/606/1970
f 5286/607/1844 5287/608/389 5243/600/206
f 5284/618/1180 5276/616/1839 5288/620/1183
f 5269/625/1167 5288/620/1183 5276/616/1839
f 5288/620/1183 5289/621/864 5284/618/1180
f 5288/620/1183 5269/625/1167 5268/626/1836
f 5288/620/1183 5290/623/1845 5289/621/864
f 5288/620/1183 5268/626/1836 5290/623/1845
f 5291/624/857 5289/621/864 5290/623/1845
f 5290/623/1845 5268/626/1836 5272/629/1838
f 5291/624/857 5290/623/1845 5292/627/1185
f 5290/623/1845 5272/629/1838 5292/627/1185
f 5293/628/1846 5291/624/857 5292/627/1185
f 5294/631/1186 5292/627/1185 5272/629/1838
f 5293/628/1846 5292/627/1185 5295/630/1187
f 5294/631/1186 5295/630/1187 5292/627/1185
f 5272/629/1838 5264/637/1832 5294/631/1186
f 5293/628/1846 5295/630/1187 5296/632/1188
f 5296/632/1188 5295/630/1187 5294/631/1186
f 5293/628/1846 5296/632/1188 5297/633/1716
f 5294/631/1186 5264/637/1832 5298/638/1189
f 5264/637/1832 5263/851/1453 5298/638/1189
f 5296/632/1188 5294/631/1186 5299/636/1190
f 5294/631/1186 5298/638/1189 5299/636/1190
f 5300/634/1847 5297/633/1716 5296/632/1188
f 5299/636/1190 5300/634/1847 5296/632/1188
f 5300/634/1847 5301/635/839 5297/633/1716
f 5302/854/1192 5298/638/1189 5263/851/1453
f 5206/855/1107 5302/854/1192 5263/851/1453
f 5206/855/1107 5204/858/1105 5302/854/1192
f 5204/858/1105 5189/857/1958 5302/854/1192
f 5302/854/1192 5303/643/1971 5298/638/1189
f 5189/857/1958 5303/643/1971 5302/854/1192
f 5299/636/1190 5298/638/1189 5303/643/1971
f 5189/857/1958 5304/647/1194 5303/643/1971
f 5184/652/1806 5304/647/1194 5189/857/1958
f 5299/636/1190 5303/643/1971 5305/642/1195
f 5305/642/1195 5303/643/1971 5304/647/1194
f 5299/636/1190 5305/642/1195 5300/634/1847
f 5306/644/1848 5304/647/1194 5184/652/1806
f 5305/642/1195 5304/647/1194 5306/644/1848
f 5306/644/1848 5184/652/1806 5179/648/1080
f 5305/642/1195 5307/639/1197 5300/634/1847
f 5305/642/1195 5306/644/1848 5307/639/1197
f 5307/639/1197 5306/644/1848 5179/648/1080
f 5307/639/1197 5301/635/839 5300/634/1847
f 5307/639/1197 5179/648/1080 5174/645/1803
f 5307/639/1197 5308/640/838 5301/635/839
f 5175/641/1710 5307/639/1197 5174/645/1803
f 5175/641/1710 5308/640/838 5307/639/1197
