# Blender 5.1.2
# www.blender.org
o Sponza_lion_face
v 1298.968628 258.602509 -2.846200
v 1298.968750 258.636688 -8.682600
v 1293.785767 257.450500 -7.874200
v 1298.967773 257.457001 -1.237300
v 1291.460693 255.900696 -14.357700
v 1287.625732 253.920197 -10.503500
v 1289.549805 255.950607 -12.487500
v 1295.607544 259.447906 -12.935200
v 1298.969238 260.941101 -8.879600
v 1298.969116 261.459808 -13.463500
v 1292.631592 256.125214 -16.254400
v 1286.820190 253.225006 -18.655800
v 1292.036499 257.209015 -18.286301
v 1294.392212 261.311707 -17.801800
v 1298.969238 263.833801 -14.181800
v 1298.967529 262.226288 -19.474300
v 1289.588623 258.415802 -22.000401
v 1293.751709 261.217712 -23.397600
v 1298.967529 263.494995 -21.139601
v 1298.966187 261.086609 -24.752800
v 1298.964722 257.968292 -29.220100
v 1289.785400 257.746002 -26.747801
v 1284.858398 253.417801 -25.351299
v 1286.187622 253.062393 -30.091200
v 1290.842285 255.592896 -31.733999
v 1298.965576 259.273285 -30.705700
v 1298.963623 255.435699 -32.766998
v 1298.961304 252.459198 -36.274899
v 1287.928223 251.327301 -33.288898
v 1282.749023 247.659103 -28.334700
v 1281.086426 247.204803 -22.021400
v 1281.818726 247.145294 -17.584999
v 1280.018677 238.724106 -21.153799
v 1285.259888 246.573807 -35.905800
v 1280.352661 238.828400 -32.899700
v 1283.317627 254.051605 -48.237000
v 1298.963013 256.227112 -38.369301
v 1278.179932 246.367599 -41.862301
v 1276.880981 237.681198 -40.181301
v 1291.670044 258.055206 -42.191601
v 1298.966309 261.240509 -39.136002
v 1298.966675 261.545013 -40.891201
v 1292.228516 259.945007 -43.626202
v 1298.966919 262.960602 -41.915699
v 1298.965454 262.061096 -44.095299
v 1289.578369 260.350891 -47.907799
v 1291.929077 262.604614 -46.734798
v 1298.965820 264.761200 -45.496201
v 1298.966064 262.521790 -48.338600
v 1298.966064 259.668091 -50.706902
v 1291.836914 256.795013 -52.141998
v 1298.966431 259.316803 -53.606800
v 1298.964355 257.849304 -55.250999
v 1281.162964 251.275299 -54.571701
v 1287.278442 255.840500 -60.338902
v 1298.965210 258.535889 -59.336899
v 1298.965820 258.820709 -65.063797
v 1284.957764 250.096405 -62.834702
v 1288.892578 257.441010 -67.699203
v 1292.082031 257.421692 -73.383102
v 1298.965698 258.155090 -72.074699
v 1298.965942 258.140289 -76.535500
v 1298.964722 256.035889 -74.811401
v 1298.962524 254.265900 -71.776199
v 1288.929932 252.871002 -70.694702
v 1298.962524 253.729706 -73.237701
v 1298.962280 252.760895 -74.101303
v 1286.465820 244.724396 -65.145103
v 1280.053467 239.200195 -56.814899
v 1277.934204 243.142197 -49.208801
v 1275.476196 235.719406 -46.518002
v 1277.152344 227.392105 -51.095100
v 1275.779907 228.883102 -42.793098
v 1278.592773 227.130997 -34.473801
v 1271.875610 217.798599 -35.685001
v 1274.585205 228.004501 -24.692301
v 1270.357056 217.945297 -43.631001
v 1269.914673 218.038498 -27.455601
v 1263.491089 207.789993 -35.919201
v 1270.645630 217.703003 -19.896999
v 1276.142456 227.648102 -16.856899
v 1261.139771 207.507095 -28.170900
v 1261.142456 207.505402 -43.667801
v 1259.615112 199.927597 -35.919201
v 1269.379639 216.725906 -50.890202
v 1257.312500 199.697296 -43.311501
v 1278.996338 223.375504 -59.107800
v 1259.375732 205.553406 -50.448799
v 1271.423218 213.662201 -56.396599
v 1258.870117 194.462906 -50.306400
v 1259.889526 203.268799 -56.177601
v 1262.898926 201.034103 -60.672901
v 1273.793823 211.252396 -60.669701
v 1281.239258 233.863007 -63.482700
v 1283.499878 226.799698 -70.215202
v 1279.854004 218.666397 -65.939796
v 1283.174683 240.559601 -70.090698
v 1286.053467 247.500702 -75.244499
v 1284.414185 220.755707 -75.821198
v 1288.574341 249.692703 -73.325798
v 1290.926025 251.935699 -78.022400
v 1298.963989 252.674103 -77.902702
v 1298.965332 252.813797 -81.165001
v 1298.963867 250.552200 -80.377403
v 1285.998779 233.701996 -77.192802
v 1287.642212 242.823593 -78.454597
v 1289.691772 246.683807 -83.411301
v 1292.192993 248.561707 -87.240501
v 1298.964966 249.881302 -84.921501
v 1298.965576 250.463303 -90.249100
v 1298.965088 247.258499 -89.350098
v 1298.963379 244.113205 -86.184601
v 1298.961304 240.091202 -85.828903
v 1289.442871 235.438904 -84.827003
v 1291.050293 236.850204 -92.798599
v 1298.963257 238.745605 -91.685600
v 1288.963623 231.833801 -86.493103
v 1295.509277 238.829697 -98.094398
v 1298.967529 240.029404 -97.606697
v 1298.969238 241.090393 -101.191704
v 1298.967651 237.844894 -99.184700
v 1298.966431 235.538895 -95.615601
v 1293.157104 232.714600 -93.339897
v 1297.475708 232.871902 -99.251801
v 1298.969360 234.159103 -99.539703
v 1298.970947 234.250595 -103.620903
v 1298.970947 231.319702 -101.802696
v 1291.550537 229.596802 -94.896301
v 1295.567261 228.312393 -100.894501
v 1298.221680 226.902496 -104.029900
v 1298.972290 228.209000 -104.765701
v 1298.973267 225.421402 -106.892899
v 1298.969971 225.134293 -102.913300
v 1298.968018 224.229401 -100.244904
v 1298.964478 224.552704 -95.503799
v 1287.018433 226.125198 -87.235703
v 1282.852417 227.321594 -79.580399
v 1285.594604 223.307800 -80.329399
v 1286.467407 222.548706 -88.036697
v 1282.810791 219.781403 -83.038101
v 1281.862061 216.830704 -79.294502
v 1287.204834 215.962997 -84.202301
v 1281.874512 214.427597 -73.490997
v 1285.492065 213.400101 -78.733597
v 1289.628540 218.445999 -89.612099
v 1287.965332 221.284897 -93.350502
v 1289.677979 220.328293 -97.487198
v 1298.965088 222.962402 -97.279900
v 1291.908325 218.261597 -95.689301
v 1293.894531 218.475800 -101.420799
v 1298.967651 220.277298 -101.548698
v 1298.969482 216.134293 -104.133499
v 1295.156372 217.232300 -99.492401
v 1298.968750 211.820099 -101.577904
v 1293.388306 215.151199 -96.008598
v 1291.480103 213.187302 -104.640602
v 1289.089722 217.624496 -98.122803
v 1286.577148 216.861099 -89.918404
v 1287.809204 214.312805 -97.618797
v 1293.099609 206.427994 -107.655197
v 1298.969971 206.312500 -103.578300
v 1290.004150 211.182907 -102.966499
v 1292.956543 198.526993 -106.218002
v 1298.968994 198.247192 -101.226700
v 1291.572021 205.845703 -105.810402
v 1293.747559 209.859604 -99.994102
v 1291.048950 199.534805 -104.198799
v 1291.504028 191.563202 -101.600098
v 1295.392334 205.236206 -100.396202
v 1293.093506 212.094604 -95.268501
v 1298.968262 191.721405 -100.005096
v 1290.428955 212.054703 -90.112602
v 1295.941040 207.409698 -90.714500
v 1285.607056 214.223206 -90.737602
v 1291.383789 205.726898 -83.060097
v 1284.430420 212.391205 -85.568298
v 1287.936523 209.970398 -85.346298
v 1283.940430 208.882202 -80.751503
v 1295.699463 199.001099 -90.919998
v 1283.409912 202.886200 -81.239403
v 1293.085205 198.183594 -83.509903
v 1281.465454 199.929596 -75.071999
v 1280.238892 205.984207 -70.851700
v 1284.279297 196.813095 -82.775497
v 1291.359375 192.403595 -86.448402
v 1276.082153 209.273895 -65.208000
v 1272.554932 198.953995 -69.934402
v 1266.596436 200.176895 -65.583801
v 1277.647583 197.265503 -72.857101
v 1270.360840 194.267807 -68.661903
v 1265.117065 194.613495 -64.045097
v 1283.269287 192.678299 -76.553101
v 1277.050781 191.344299 -73.252899
v 1269.768188 190.805695 -66.643402
v 1288.448364 189.780899 -83.277397
v 1283.548462 182.286499 -77.639801
v 1289.189453 188.169006 -89.880898
v 1274.171753 188.525101 -70.125801
v 1273.942139 182.873199 -71.913902
v 1288.081299 185.297104 -83.545403
v 1292.855591 191.043793 -92.102402
v 1287.076538 184.751694 -89.966499
v 1293.860352 193.618698 -97.516197
v 1295.320312 198.832504 -98.982903
v 1289.541138 194.003494 -99.602898
v 1289.092529 189.682007 -94.732300
v 1289.069580 186.447098 -96.480499
v 1293.341919 185.343796 -95.211800
v 1290.736206 183.059998 -89.706703
v 1289.720825 180.245499 -83.426102
v 1291.271362 178.943207 -90.164597
v 1293.802368 187.404602 -102.991699
v 1291.464966 181.179596 -98.077499
v 1297.837891 191.462097 -105.670303
v 1298.970703 192.486099 -104.187798
v 1298.973267 192.624100 -108.198898
v 1298.971069 189.749298 -108.706299
v 1296.116211 186.942505 -108.671799
v 1298.970703 185.867706 -112.438904
v 1298.970093 184.499496 -110.273300
v 1294.810059 182.437302 -104.977203
v 1298.970215 182.011993 -110.424698
v 1292.664185 180.668900 -104.884697
v 1296.398926 180.023697 -109.503403
v 1298.970947 178.780594 -112.599503
v 1298.969727 177.580002 -110.349701
v 1293.298828 178.627502 -104.502296
v 1296.260132 176.707703 -108.897903
v 1298.969971 175.949600 -111.322304
v 1288.454102 176.376495 -98.411697
v 1298.969238 174.568802 -110.218697
v 1292.666626 176.584900 -104.172600
v 1293.336304 175.205093 -104.283203
v 1290.376709 172.335907 -97.621803
v 1285.839478 176.622299 -90.195702
v 1285.723999 174.322906 -83.508202
v 1286.719116 172.112503 -89.789597
v 1292.916992 172.388702 -104.545502
v 1289.812988 167.076202 -95.770203
v 1286.156128 166.798996 -88.084000
v 1295.999512 172.683899 -108.212601
v 1298.969849 172.181107 -110.689400
v 1298.968750 170.864395 -107.224701
v 1298.967529 169.153000 -104.561798
v 1295.275879 163.929001 -106.800400
v 1298.968628 166.798706 -107.970703
v 1298.969604 162.531006 -111.454597
v 1290.309448 160.518005 -95.227898
v 1296.748413 157.355896 -111.859802
v 1298.970215 158.242706 -113.322701
v 1298.970581 155.006699 -114.691498
v 1298.971558 153.753006 -110.900803
v 1294.445312 158.504501 -103.044998
v 1295.995117 151.548096 -103.908699
v 1298.965454 147.622498 -98.539001
v 1297.662231 150.887207 -107.518402
v 1298.970825 148.470398 -109.645500
v 1298.970825 148.451508 -106.854797
v 1297.914917 149.499802 -104.937500
v 1298.970947 146.817200 -106.541801
v 1298.969971 147.964005 -104.292801
v 1296.115967 149.244293 -101.830597
v 1298.968750 146.397598 -103.317001
v 1289.645752 148.876205 -94.999397
v 1298.964478 145.593201 -98.206299
v 1298.963379 144.589996 -94.765297
v 1286.290161 155.671906 -88.681602
v 1282.466797 154.066498 -85.077202
v 1285.987427 160.776093 -83.631302
v 1286.411255 167.445602 -80.489403
v 1278.525757 164.987701 -76.013603
v 1279.064087 174.207993 -77.930901
v 1276.426147 180.792603 -76.013802
v 1272.619019 170.928497 -74.154701
v 1270.393555 176.181595 -70.082603
v 1266.754761 171.362198 -65.672501
v 1268.141357 163.455307 -69.093697
v 1274.195923 156.699097 -70.167397
v 1280.114990 155.655304 -78.240097
v 1264.379272 158.832901 -63.483101
v 1280.776367 151.474106 -73.776001
v 1283.085693 150.190002 -83.599503
v 1288.788330 144.640701 -91.190804
v 1298.963867 141.416794 -95.056900
v 1298.962158 140.965805 -92.345901
v 1286.038818 146.896896 -81.156898
v 1278.618408 147.787201 -72.307503
v 1270.413696 148.679993 -64.124001
v 1280.657715 145.396301 -81.936096
v 1277.716553 143.594696 -71.626503
v 1286.027954 139.435501 -88.117699
v 1281.851929 140.684006 -80.313004
v 1277.052368 138.180801 -71.026901
v 1288.857422 134.716797 -90.944603
v 1298.962769 137.216705 -92.964104
v 1287.921143 134.640106 -87.111198
v 1279.001343 136.450302 -80.042397
v 1292.236938 131.485306 -93.747704
v 1298.964722 132.879501 -94.443802
v 1298.966187 129.290894 -95.982300
v 1298.965820 128.478897 -93.398102
v 1291.629150 129.714905 -91.157097
v 1298.966797 126.394600 -92.368500
v 1298.964478 126.124199 -90.502602
v 1286.765015 124.911797 -88.239998
v 1298.965210 119.714500 -90.127800
v 1284.391479 131.556198 -85.588402
v 1284.496826 133.802002 -76.989998
v 1286.918823 128.992798 -82.577301
v 1288.728271 117.800598 -88.158997
v 1298.966431 111.356499 -90.417198
v 1289.834717 123.054100 -83.988800
v 1284.011108 125.427101 -80.142403
v 1292.217285 110.706398 -88.598900
v 1298.967773 106.358704 -89.864998
v 1298.966797 110.565201 -86.622101
v 1298.964478 116.071297 -84.017998
v 1290.427856 118.769501 -82.772102
v 1298.964233 115.171997 -81.556297
v 1298.961792 117.026100 -80.509399
v 1284.955811 117.463600 -79.431900
v 1298.962036 112.337898 -77.958298
v 1279.862549 129.353104 -75.754700
v 1287.651245 112.167999 -77.097000
v 1282.131714 122.789299 -77.575500
v 1291.262451 107.504303 -75.000702
v 1298.964355 106.988998 -75.495399
v 1298.965820 103.743599 -74.406197
v 1298.963379 104.583099 -73.350502
v 1285.956055 111.391502 -74.831398
v 1281.650635 118.705101 -75.375000
v 1278.621704 122.774399 -71.276398
v 1280.216553 126.301903 -72.585297
v 1280.615967 135.895096 -68.702103
v 1277.281616 132.056702 -67.554802
v 1270.937988 136.521896 -60.103500
v 1277.827881 128.690796 -65.503304
v 1273.024292 129.511993 -57.611500
v 1275.765991 125.633904 -65.239403
v 1256.741821 145.524597 -64.478500
v 1274.751709 126.699402 -55.490601
v 1279.348389 125.380898 -64.306900
v 1284.327148 123.318604 -69.846603
v 1282.788818 118.481400 -68.144699
v 1288.912231 120.058403 -72.935997
v 1280.577271 123.293701 -61.580700
v 1286.821533 112.930603 -68.563599
v 1289.707153 113.157204 -72.351303
v 1288.553101 105.752197 -71.643097
v 1289.134644 106.718102 -68.137703
v 1282.506104 109.840599 -64.327904
v 1292.660645 98.937798 -70.157600
v 1298.966309 98.625702 -72.224197
v 1298.969238 92.166000 -71.630302
v 1298.966919 96.211502 -65.931396
v 1285.839844 104.521301 -64.681999
v 1292.102417 99.108200 -62.520901
v 1298.966919 94.652000 -64.167603
v 1286.333740 106.655403 -60.013599
v 1298.965576 95.573700 -61.740501
v 1285.892090 102.684700 -56.468899
v 1289.071777 96.603600 -59.070301
v 1298.965454 92.186501 -61.221298
v 1279.972412 109.230400 -54.582600
v 1298.963623 93.830597 -56.520500
v 1286.580322 103.312103 -51.933800
v 1286.228760 101.396202 -47.921101
v 1282.881348 114.137001 -57.566799
v 1281.073730 108.118797 -49.527699
v 1279.948608 115.200104 -62.351501
v 1277.182251 119.690201 -59.259201
v 1275.316772 122.339104 -56.038399
v 1280.035400 119.593803 -55.599499
v 1274.911987 122.108704 -50.386501
v 1278.941895 116.632698 -53.157398
v 1278.265015 114.260300 -49.018002
v 1264.062988 125.175102 -51.888901
v 1274.267700 117.596603 -44.852200
v 1264.514038 117.310699 -45.533699
v 1278.492065 112.543503 -44.360500
v 1272.221191 114.225502 -42.743500
v 1283.019165 107.174400 -44.341900
v 1274.359741 107.622299 -43.495098
v 1277.222778 101.809998 -43.659901
v 1271.827515 112.375504 -36.912102
v 1274.936401 107.837799 -35.328300
v 1263.085938 114.047600 -36.694000
v 1273.692017 116.524902 -30.524401
v 1278.489868 101.779800 -35.361401
v 1278.790405 111.461197 -29.669500
v 1281.746948 104.231796 -29.608700
v 1285.965576 98.058899 -29.129101
v 1281.530762 104.298599 -26.040701
v 1284.007080 95.433601 -37.249199
v 1282.549438 96.164001 -44.933998
v 1288.442505 92.497002 -48.361900
v 1287.908081 89.898598 -39.947800
v 1290.887695 90.346397 -37.040001
v 1298.963745 88.648697 -44.711201
v 1294.731079 84.751602 -53.518902
v 1298.967773 86.935204 -56.765202
v 1298.970581 79.904800 -58.410500
v 1298.967651 83.626602 -51.268799
v 1292.906616 84.565598 -41.119999
v 1298.965820 84.422600 -43.073002
v 1298.967896 80.539497 -41.191002
v 1298.966675 83.569099 -39.058498
v 1298.965454 85.361397 -35.354900
v 1298.963623 87.796303 -31.064501
v 1289.663086 91.528397 -25.294201
v 1292.778320 87.623596 -28.648500
v 1298.967041 83.094498 -30.161600
v 1298.967163 84.688301 -28.829201
v 1293.521362 87.258301 -26.743999
v 1298.967773 83.746101 -27.355400
v 1298.966919 87.241898 -25.195101
v 1294.068970 90.215698 -21.881100
v 1298.967407 86.895599 -22.559500
v 1293.641113 90.780800 -19.647600
v 1298.965820 91.024597 -17.783899
v 1290.567749 94.766899 -19.540899
v 1298.964111 95.987000 -13.589800
v 1286.743652 97.804604 -23.807899
v 1290.289062 95.558800 -15.988300
v 1288.660522 101.449097 -16.771799
v 1287.513184 98.727203 -13.824400
v 1284.817749 104.368202 -24.571899
v 1284.499634 103.060699 -21.536100
v 1283.630981 110.774399 -22.977900
v 1278.614014 111.832199 -24.585199
v 1280.741821 108.987900 -19.360800
v 1272.710205 115.017899 -25.731100
v 1279.746582 116.502502 -23.333799
v 1264.794556 116.819901 -27.023001
v 1279.067261 116.906700 -20.133301
v 1273.842407 119.258904 -24.404301
v 1272.248169 119.041496 -19.150801
v 1278.266846 117.912102 -17.233999
v 1285.699707 112.043900 -15.195500
v 1280.537964 110.600998 -10.945100
v 1284.701904 103.608803 -12.893200
v 1285.860107 102.915100 -9.525000
v 1291.868286 97.905296 -11.121500
v 1298.965698 94.747704 -11.665700
v 1298.966431 93.555801 -10.178400
v 1285.542969 105.349297 -7.724000
v 1276.519531 117.584099 -14.511300
v 1279.292603 113.400803 -8.712000
v 1293.770874 98.210800 -4.634900
v 1271.102905 122.523102 -16.750000
v 1285.109253 106.421204 -4.025600
v 1276.729004 120.037300 -12.535300
v 1278.437744 115.018402 -5.493300
v 1294.368286 93.260101 -6.946500
v 1298.970093 87.037804 -9.153900
v 1298.969727 92.062500 -6.014800
v 1296.779907 95.387199 -4.035900
v 1298.970703 92.617699 -3.737000
v 1298.969604 96.371201 -1.693200
v 1298.970581 98.272797 1.369700
v 1295.185059 104.010696 2.277900
v 1297.559082 100.795998 3.659000
v 1298.972168 95.975601 4.742900
v 1298.971436 100.362099 5.976800
v 1288.821045 113.120003 1.936800
v 1299.026367 104.535202 8.022000
v 1298.973267 98.859001 9.086900
v 1298.970459 101.627403 11.370500
v 1294.899658 108.080399 6.396400
v 1293.853516 108.673203 10.504000
v 1297.541016 106.198601 12.665200
v 1298.969971 101.097504 14.101500
v 1298.970703 106.268898 14.769500
v 1295.195801 110.642799 11.924900
v 1295.623169 112.064499 13.606800
v 1298.971436 108.309196 15.767500
v 1298.970215 111.886299 16.063499
v 1288.926147 118.092796 11.504700
v 1293.508911 116.958199 16.186001
v 1298.630737 113.187103 20.493700
v 1298.972046 110.280296 20.131300
v 1298.972290 109.625603 24.675501
v 1298.971558 114.835503 20.650101
v 1298.967407 122.005402 17.595900
v 1280.855103 120.590401 -1.288200
v 1290.588257 125.414902 14.168800
v 1298.965820 126.867599 18.479300
v 1280.712036 127.665604 7.690700
v 1286.895752 138.587799 12.096200
v 1279.834229 136.900208 -0.845900
v 1274.681152 121.364899 -9.692700
v 1275.345337 128.393097 -7.854600
v 1269.077637 123.862602 -14.180400
v 1261.744629 121.886002 -18.955999
v 1267.879883 129.873901 -14.126900
v 1268.749512 136.467102 -10.759900
v 1260.782959 129.653702 -17.626499
v 1258.910034 135.387299 -10.450200
v 1250.077637 128.426605 -19.820000
v 1252.590698 115.343399 -27.101400
v 1250.750977 121.167801 -21.092501
v 1246.874634 133.564697 -14.292200
v 1253.362061 114.122803 -36.064400
v 1252.659058 115.240196 -45.166599
v 1243.358521 113.428802 -35.919201
v 1251.091675 121.641502 -50.793701
v 1243.056519 116.319801 -43.417198
v 1242.887573 115.934601 -28.140600
v 1241.078247 122.327904 -24.491899
v 1237.309082 119.146500 -30.818800
v 1240.184937 129.433701 -24.461201
v 1235.562012 124.669296 -30.003500
v 1236.594727 118.639900 -35.919201
v 1237.617920 119.348999 -40.846699
v 1241.289551 122.466599 -47.043301
v 1235.710938 124.715103 -41.745701
v 1234.410522 125.415802 -35.919201
v 1233.814819 131.853607 -30.566799
v 1233.839233 131.860794 -41.266998
v 1232.705322 131.664902 -35.919201
v 1239.493896 128.770706 -48.155102
v 1249.890259 127.993202 -52.827900
v 1261.120239 131.093903 -53.441601
v 1259.024048 136.136597 -60.147800
v 1267.163574 132.457306 -55.242500
v 1246.847290 133.509506 -57.622700
v 1236.420898 133.311493 -51.297401
v 1244.192017 142.053604 -59.718800
v 1231.072510 134.519104 -44.046200
v 1234.110352 139.991394 -53.319599
v 1228.787476 139.404999 -45.778301
v 1230.994141 136.921707 -38.973900
v 1237.437256 138.027496 -35.919201
v 1233.492065 146.944901 -52.217400
v 1231.932739 143.287704 -35.919201
v 1228.799805 140.107697 -39.492699
v 1227.335205 143.347504 -41.351898
v 1228.147461 145.012100 -46.070301
v 1229.140381 146.199905 -40.378201
v 1228.997925 149.041901 -44.995701
v 1241.857178 150.924393 -58.675098
v 1254.386719 155.788300 -61.693199
v 1251.830566 163.054398 -56.361599
v 1239.700073 156.431107 -54.307098
v 1234.105469 151.071701 -49.247601
v 1245.665283 167.465500 -52.406898
v 1263.214966 168.132004 -57.181400
v 1256.003174 175.259094 -52.362598
v 1236.316895 159.360001 -51.227001
v 1230.737793 154.169998 -49.425098
v 1229.311035 153.785400 -43.869598
v 1239.203125 170.820206 -48.466202
v 1225.846558 151.394699 -40.990601
v 1232.113403 163.062698 -47.890999
v 1227.600342 157.042297 -46.558601
v 1224.438232 157.325500 -42.067200
v 1228.417358 165.392502 -42.739201
v 1235.591919 173.461395 -42.892502
v 1229.131592 165.045700 -35.919201
v 1224.048340 156.938705 -35.919201
v 1225.789307 150.956207 -35.919201
v 1243.369507 182.199097 -43.117599
v 1229.345459 146.233795 -31.436501
v 1225.705566 151.324005 -30.796400
v 1224.184448 157.369293 -29.702200
v 1229.715698 153.974792 -28.276199
v 1236.395996 173.151596 -35.919201
v 1228.088989 165.619293 -28.996500
v 1228.709229 149.046204 -26.708401
v 1227.318970 157.059799 -25.006901
v 1230.521729 154.138306 -22.139000
v 1231.839478 163.238800 -23.542900
v 1235.438843 173.600098 -28.885900
v 1243.347778 182.218796 -28.710800
v 1239.113525 170.909302 -23.200600
v 1236.201782 159.429001 -20.350201
v 1233.477417 151.151001 -21.954599
v 1245.652588 167.480896 -19.391100
v 1233.429199 146.952606 -19.551701
v 1239.640015 156.476196 -17.412001
v 1247.311768 179.004395 -23.350700
v 1251.835449 163.048599 -15.489100
v 1256.003662 175.258606 -19.477200
v 1254.841553 187.627502 -23.691999
v 1241.859253 150.923294 -13.167600
v 1254.393433 155.781494 -10.163100
v 1244.149902 142.042694 -12.028100
v 1256.743408 145.524796 -7.368900
v 1264.386841 158.831406 -8.366600
v 1263.220459 168.128906 -14.663100
v 1263.556763 178.876099 -18.999701
v 1268.906006 148.889008 -8.272200
v 1275.082397 144.133499 -5.345800
v 1273.911133 157.204697 -1.553700
v 1288.007935 147.054398 4.480100
v 1268.139038 163.454803 -2.742600
v 1280.113525 154.125198 2.325500
v 1266.730103 171.368607 -6.155300
v 1276.700073 165.298004 4.813800
v 1284.856689 156.130402 7.880600
v 1280.548706 159.595306 8.231400
v 1282.586914 149.701096 9.719400
v 1278.072144 156.430496 12.831700
v 1278.068359 163.516006 11.242100
v 1280.959473 150.898804 15.026600
v 1286.259644 159.785202 15.159100
v 1282.102173 143.035599 18.931200
v 1287.229248 154.285400 17.995199
v 1284.046753 166.667206 10.937700
v 1287.739990 162.875900 20.880199
v 1287.506226 135.459793 22.815001
v 1291.313477 148.040100 22.062599
v 1290.380249 156.356003 26.358400
v 1291.398804 130.322296 25.771299
v 1298.967651 126.586098 21.454000
v 1298.968140 140.078003 27.163099
v 1298.968262 134.837997 28.909901
v 1296.064209 125.978104 28.448999
v 1298.970337 124.116600 25.845600
v 1298.968628 127.751602 30.865999
v 1298.969238 122.908501 30.788200
v 1295.263184 143.219498 27.936899
v 1298.969849 140.397293 31.514999
v 1298.970093 142.714005 31.244801
v 1296.354858 146.873001 28.303699
v 1298.968872 150.129105 31.002100
v 1298.245728 145.529999 31.457001
v 1298.971436 143.637405 34.578701
v 1298.970337 146.863297 33.343601
v 1295.116577 153.772705 33.060501
v 1298.969971 151.807007 34.198700
v 1298.970093 152.687302 38.625198
v 1298.969482 156.368805 36.124500
v 1293.050171 161.538101 29.436300
v 1296.034302 159.531601 35.174400
v 1298.969971 158.827896 39.198799
v 1298.969971 160.887497 38.775501
v 1297.864746 163.735306 36.619598
v 1298.971436 162.690094 41.378101
v 1298.970825 164.776596 37.828701
v 1298.968384 167.398102 34.413200
v 1294.243896 165.416702 30.994200
v 1291.604736 171.005707 25.784100
v 1287.323120 172.060699 15.029900
v 1295.278564 172.543304 34.352299
v 1298.969360 168.565704 37.996300
v 1298.971680 171.185501 41.467602
v 1298.969116 175.895996 39.015400
v 1289.728638 181.257202 27.174500
v 1295.036377 179.356293 36.246799
v 1298.969116 178.400101 40.310398
v 1298.968750 180.752701 38.501301
v 1294.286743 183.548492 34.846199
v 1298.969360 183.195206 40.133099
v 1298.968628 186.406006 35.548698
v 1290.345581 189.112701 25.091999
v 1284.746948 183.645401 14.742500
v 1289.000977 188.037094 19.014099
v 1283.238281 180.964294 6.653200
v 1279.705444 173.441895 6.244500
v 1276.296631 180.581406 4.403300
v 1272.099731 170.791794 1.872700
v 1282.370483 190.868698 5.359600
v 1270.383301 176.184906 -1.751100
v 1284.571411 192.340302 11.264200
v 1277.338257 191.058594 1.165000
v 1273.951904 182.870499 0.071000
v 1269.286743 177.908493 -8.385900
v 1272.017944 180.973007 -4.726000
v 1267.354980 177.139603 -14.334200
v 1268.917969 184.915298 -8.745900
v 1265.277466 183.680603 -13.454500
v 1264.762939 182.873505 -16.236700
v 1268.918701 184.215897 -16.515800
v 1267.177490 188.128906 -14.911500
v 1265.596680 184.560898 -17.517500
v 1262.630737 182.854507 -19.434099
v 1258.927368 184.295197 -20.552900
v 1262.088257 189.294601 -20.625799
v 1265.771729 189.092102 -18.997900
v 1258.874878 194.462906 -21.535400
v 1258.132080 192.944107 -16.451401
v 1264.695801 190.923798 -13.885200
v 1269.058105 190.040894 -10.781000
v 1260.937866 193.565704 -11.633900
v 1266.624756 192.060501 -9.663900
v 1269.772095 190.808594 -5.198000
v 1259.880737 203.274002 -15.656000
v 1265.120972 194.616302 -7.797900
v 1262.902466 201.031601 -11.168200
v 1259.361328 205.560806 -21.384399
v 1271.574219 213.534698 -15.236100
v 1274.870361 212.601395 -10.989000
v 1266.597778 200.175995 -6.256200
v 1270.366699 194.269608 -3.183900
v 1271.172485 189.445999 -6.993900
v 1272.838745 188.102798 -7.777800
v 1273.993286 187.822403 -4.868600
v 1271.942383 186.062607 -6.040100
v 1274.369141 184.150497 -2.889500
v 1274.177368 188.525894 -1.715700
v 1277.997925 196.889297 0.638300
v 1272.589966 198.908493 -1.941400
v 1281.866699 198.848099 3.370300
v 1279.510132 205.304001 -1.166100
v 1276.434937 209.324295 -5.867000
v 1286.474854 200.806396 7.234400
v 1288.669678 202.268600 11.154900
v 1281.667725 218.098694 0.473200
v 1283.640259 211.378693 5.123100
v 1287.777344 210.414703 9.428100
v 1285.640259 220.038605 8.566100
v 1281.065308 220.601593 -4.767400
v 1286.977295 227.532196 0.641900
v 1278.161011 222.286102 -6.340800
v 1278.292480 223.446503 -10.060000
v 1281.872070 229.337097 0.437900
v 1283.521484 231.646103 -4.081200
v 1278.867920 226.370102 -14.477400
v 1257.301392 199.701797 -28.525700
v 1251.532227 191.365402 -28.772100
v 1252.581055 190.934998 -35.919201
v 1243.815308 181.912094 -35.919201
v 1251.552490 191.349503 -43.057098
v 1254.844482 187.625900 -48.142101
v 1247.313721 179.002396 -48.483101
v 1258.925293 184.295807 -51.290100
v 1262.083252 189.293503 -51.221298
v 1258.154175 192.954605 -55.384300
v 1262.623413 182.856293 -52.419300
v 1263.572388 178.870300 -52.820400
v 1260.937744 193.565598 -60.204601
v 1266.622803 192.057999 -62.176102
v 1264.691895 190.917496 -57.957001
v 1265.767700 189.088806 -52.843800
v 1269.060181 190.042404 -61.055000
v 1267.212524 188.142105 -56.915199
v 1265.591309 184.560593 -54.327702
v 1264.741455 182.888000 -55.613800
v 1268.917236 184.216095 -55.322899
v 1265.274780 183.681107 -58.383999
v 1268.918213 184.915100 -63.092098
v 1267.347046 177.141495 -57.509399
v 1269.277100 177.911102 -63.457600
v 1272.011597 180.975403 -67.115196
v 1274.357910 184.152802 -68.951103
v 1271.936523 186.064896 -65.802299
v 1272.845337 188.103699 -64.053497
v 1273.982422 187.819397 -66.970802
v 1271.169312 189.440506 -64.845299
v 1293.457886 254.258194 -2.728300
v 1287.859863 248.787399 -9.102600
v 1296.285767 255.136505 3.371100
v 1298.969482 257.050415 3.737900
v 1298.969727 255.190994 8.670600
v 1298.968994 252.216202 5.454100
v 1290.268433 249.062103 0.126900
v 1294.568237 250.496796 4.778600
v 1298.968262 250.614197 8.246000
v 1298.966797 248.805206 8.451500
v 1294.580811 247.273193 6.287900
v 1298.967651 246.684006 11.337700
v 1298.966309 245.225906 7.350200
v 1298.964355 243.517395 4.916500
v 1286.354248 238.413605 2.977800
v 1292.302490 239.442398 11.822200
v 1298.966553 242.158997 11.348300
v 1286.446777 241.709396 -3.841600
v 1296.947632 238.031006 18.698099
v 1283.308716 234.572800 -8.944200
v 1283.968140 244.628296 -6.791900
v 1280.302124 237.881302 -11.777900
v 1282.837891 244.345596 -15.231800
v 1284.502563 232.794098 6.890800
v 1293.398193 235.201294 13.217800
v 1288.786499 230.461197 6.271400
v 1290.195557 228.229004 12.735000
v 1285.401245 224.618195 5.209100
v 1288.716187 224.379501 14.806000
v 1294.288452 225.022507 19.983601
v 1291.356689 221.483307 17.174801
v 1295.468384 226.877197 20.820299
v 1294.692749 230.772797 20.373400
v 1297.049683 236.870407 17.846001
v 1298.970825 234.366501 20.140600
v 1298.417725 236.246902 20.341101
v 1298.971436 234.762695 22.646799
v 1298.971191 235.717606 22.992100
v 1296.700073 233.296494 19.785101
v 1298.970093 232.478104 23.602699
v 1298.969360 231.190903 24.050800
v 1298.065430 238.835205 20.018101
v 1298.971802 236.025803 24.756599
v 1298.970093 239.589401 19.984900
v 1296.778198 230.135498 23.579800
v 1298.969604 229.123398 26.229401
v 1298.969727 227.923798 25.750799
v 1295.936890 227.366501 25.608299
v 1298.969482 225.727493 29.219801
v 1298.969360 224.822693 27.604900
v 1296.307983 224.612396 24.852400
v 1298.969604 222.146698 28.156000
v 1298.968384 222.779404 25.117201
v 1298.966797 222.792404 21.827999
v 1298.966797 221.007904 24.214600
v 1291.842041 222.086594 24.892599
v 1294.254761 219.608307 31.262600
v 1298.969604 219.002106 29.805599
v 1298.970337 214.324203 32.945599
v 1295.945801 215.636902 36.213699
v 1295.421509 208.426193 36.590500
v 1298.969238 208.061203 32.448700
v 1295.053345 214.717499 34.346298
v 1293.043457 217.866394 30.123301
v 1293.819458 201.809692 33.617298
v 1298.967529 201.535599 30.303301
v 1294.177612 208.795700 34.937000
v 1291.865234 196.552200 30.221300
v 1298.967041 195.870407 28.001600
v 1292.635132 202.679504 32.508099
v 1296.419312 208.835693 30.157600
v 1296.738892 213.770706 29.767700
v 1294.774658 203.685806 28.297001
v 1297.337769 209.671799 23.945101
v 1296.244507 217.382202 27.875099
v 1291.156860 220.048004 24.474600
v 1298.495728 214.094101 22.797701
v 1295.512329 218.624603 22.641300
v 1296.326904 212.650406 16.853201
v 1293.629761 217.940903 17.052900
v 1289.327759 221.940506 18.617100
v 1287.866455 219.727097 17.886600
v 1287.804199 220.770203 15.642800
v 1284.518921 216.809204 10.679600
v 1287.705933 216.058502 12.088500
v 1291.734253 215.284393 12.969300
v 1293.604370 211.031906 10.767200
v 1295.594604 206.298096 20.100300
v 1295.055908 202.927902 12.339000
v 1293.882324 200.690598 20.826401
v 1291.213257 197.685501 18.031200
v 1287.461670 193.548294 15.947900
v 1292.376953 198.815308 25.237499
v 1289.326172 195.136993 22.763700
v 1285.251343 191.935898 21.672199
v 1286.739258 189.216293 21.864599
v 1286.097534 191.373795 25.163200
v 1287.962769 193.949707 26.676201
v 1288.085449 190.076401 24.859400
v 1290.309326 197.732407 29.187401
v 1289.806641 192.636002 27.394400
v 1293.214600 192.326202 26.074800
v 1298.968140 191.429596 32.905201
v 1293.825806 189.484299 32.904301
v 1298.968384 189.131500 37.360001
v 1298.965820 126.867599 18.479300
v 1298.967407 122.005402 17.595900
v 1298.966187 124.495598 18.386900
v 1236.432617 133.324402 -20.553900
v 1234.105469 139.990005 -18.513201
v 1231.093872 134.538101 -27.794201
v 1231.038452 136.964706 -32.821201
v 1228.799683 139.409607 -26.065001
v 1228.890869 140.149399 -32.296299
v 1227.380249 143.347794 -30.475201
v 1228.059082 145.017502 -25.723301
v -1427.376465 258.602509 -68.991898
v -1427.376709 258.636688 -63.155499
v -1422.193848 257.450500 -63.963902
v -1427.375732 257.457001 -70.600800
v -1419.868652 255.900696 -57.480301
v -1416.033691 253.920197 -61.334599
v -1417.957764 255.950607 -59.350498
v -1424.015625 259.447906 -58.902802
v -1427.377197 260.941101 -62.958500
v -1427.377197 261.459808 -58.374599
v -1421.039551 256.125214 -55.583698
v -1415.228027 253.225006 -53.182301
v -1420.444580 257.209015 -53.551701
v -1422.800049 261.311707 -54.036301
v -1427.377197 263.833801 -57.656300
v -1427.375488 262.226288 -52.363800
v -1417.996582 258.415802 -49.837601
v -1422.159668 261.217712 -48.440498
v -1427.375488 263.494995 -50.698502
v -1427.374023 261.086609 -47.085300
v -1427.372803 257.968292 -42.617901
v -1418.193359 257.746002 -45.090199
v -1413.266357 253.417801 -46.486801
v -1414.595703 253.062393 -41.746799
v -1419.250244 255.592896 -40.104000
v -1427.373535 259.273285 -41.132401
v -1427.371582 255.435699 -39.071098
v -1427.369385 252.459198 -35.563099
v -1416.336182 251.327301 -38.549198
v -1411.156982 247.659103 -43.503300
v -1409.494385 247.204803 -49.816601
v -1410.226807 247.145294 -54.253101
v -1408.426758 238.724106 -50.684299
v -1413.667969 246.573807 -35.932301
v -1408.760498 238.828400 -38.938400
v -1411.725586 254.051605 -23.601101
v -1427.370850 256.227112 -33.468700
v -1406.587891 246.367599 -29.975800
v -1405.289062 237.681198 -31.656799
v -1420.078125 258.055206 -29.646400
v -1427.374268 261.240509 -32.702099
v -1427.374756 261.545013 -30.946800
v -1420.636475 259.945007 -28.211901
v -1427.375000 262.960602 -29.922400
v -1427.373535 262.061096 -27.742800
v -1417.986328 260.350891 -23.930300
v -1420.337158 262.604614 -25.103300
v -1427.373779 264.761200 -26.341900
v -1427.374023 262.521790 -23.499500
v -1427.374023 259.668091 -21.131201
v -1420.244873 256.795013 -19.696100
v -1427.374512 259.316803 -18.231300
v -1427.372314 257.849304 -16.587099
v -1409.570801 251.275299 -17.266300
v -1415.686523 255.840500 -11.499100
v -1427.373291 258.535889 -12.501100
v -1427.373779 258.820709 -6.774300
v -1413.365723 250.096405 -9.003300
v -1417.300537 257.441010 -4.138800
v -1420.489990 257.421692 1.545100
v -1427.373535 258.155090 0.236700
v -1427.374023 258.140289 4.697500
v -1427.372803 256.035889 2.973300
v -1427.370361 254.265900 -0.061800
v -1417.337891 252.871002 -1.143400
v -1427.370605 253.729706 1.399600
v -1427.370361 252.760895 2.263200
v -1414.873779 244.724396 -6.693000
v -1408.461426 239.200195 -15.023100
v -1406.342041 243.142197 -22.629299
v -1403.884033 235.719406 -25.320000
v -1405.560303 227.392105 -20.743000
v -1404.187988 228.883102 -29.044901
v -1407.000732 227.130997 -37.364201
v -1400.283691 217.798599 -36.153099
v -1402.993164 228.004501 -47.145802
v -1398.765137 217.945297 -28.207001
v -1398.322754 218.038498 -44.382500
v -1391.899170 207.789993 -35.918800
v -1399.053711 217.703003 -51.941101
v -1404.550293 227.648102 -54.981201
v -1389.547607 207.507095 -43.667099
v -1389.550293 207.505402 -28.170300
v -1388.022949 199.927597 -35.918800
v -1397.787598 216.725906 -20.947800
v -1385.720459 199.697296 -28.526501
v -1407.404297 223.375504 -12.730200
v -1387.783691 205.553406 -21.389299
v -1399.831055 213.662201 -15.441500
v -1387.278076 194.462906 -21.531700
v -1388.297363 203.268799 -15.660400
v -1391.306885 201.034103 -11.165200
v -1402.201660 211.252396 -11.168400
v -1409.647217 233.863007 -8.355400
v -1411.907959 226.799698 -1.622900
v -1408.261963 218.666397 -5.898300
v -1411.582520 240.559601 -1.747300
v -1414.461426 247.500702 3.406500
v -1412.822266 220.755707 3.983100
v -1416.982422 249.692703 1.487800
v -1419.333984 251.935699 6.184300
v -1427.372070 252.674103 6.064600
v -1427.373291 252.813797 9.327000
v -1427.371826 250.552200 8.539400
v -1414.406738 233.701996 5.354800
v -1416.050293 242.823593 6.616500
v -1418.099609 246.683807 11.573300
v -1420.601074 248.561707 15.402500
v -1427.373047 249.881302 13.083400
v -1427.373535 250.463303 18.410999
v -1427.373047 247.258499 17.512100
v -1427.371338 244.113205 14.346500
v -1427.369385 240.091202 13.990800
v -1417.850830 235.438904 12.988900
v -1419.458252 236.850204 20.960501
v -1427.371338 238.745605 19.847500
v -1417.371582 231.833801 14.655000
v -1423.917236 238.829697 26.256300
v -1427.375488 240.029404 25.768700
v -1427.377197 241.090393 29.353600
v -1427.375732 237.844894 27.346600
v -1427.374268 235.538895 23.777599
v -1421.565186 232.714600 21.501900
v -1425.883789 232.871902 27.413700
v -1427.377441 234.159103 27.701700
v -1427.378906 234.250595 31.782900
v -1427.378906 231.319702 29.964600
v -1419.958496 229.596802 23.058201
v -1423.975098 228.312393 29.056499
v -1426.629639 226.902496 32.191799
v -1427.380371 228.209000 32.927601
v -1427.381104 225.421402 35.054901
v -1427.377930 225.134293 31.075199
v -1427.375977 224.229401 28.406799
v -1427.372559 224.552704 23.665800
v -1415.426514 226.125198 15.397600
v -1411.260254 227.321594 7.742400
v -1414.002441 223.307800 8.491300
v -1414.875244 222.548706 16.198601
v -1411.218750 219.781403 11.200000
v -1410.270020 216.830704 7.456400
v -1415.612793 215.962997 12.364200
v -1410.282471 214.427597 1.653000
v -1413.899902 213.400101 6.895600
v -1418.036621 218.445999 17.774099
v -1416.373291 221.284897 21.512501
v -1418.085938 220.328293 25.649200
v -1427.373047 222.962402 25.441900
v -1420.316406 218.261597 23.851299
v -1422.302490 218.475800 29.582800
v -1427.375732 220.277298 29.710600
v -1427.377441 216.134293 32.295399
v -1423.564453 217.232300 27.654301
v -1427.376709 211.820099 29.739799
v -1421.796387 215.151199 24.170500
v -1419.888184 213.187302 32.802502
v -1417.497803 217.624496 26.284800
v -1414.985107 216.861099 18.080299
v -1416.217285 214.312805 25.780701
v -1421.507568 206.427994 35.817101
v -1427.377930 206.312500 31.740200
v -1418.412109 211.182907 31.128401
v -1421.364502 198.526993 34.380001
v -1427.376953 198.247192 29.388599
v -1419.979980 205.845703 33.972401
v -1422.155518 209.859604 28.156000
v -1419.457031 199.534805 32.360699
v -1419.912109 191.563202 29.761999
v -1423.800293 205.236206 28.558100
v -1421.501465 212.094604 23.430401
v -1427.376221 191.721405 28.167000
v -1418.836914 212.054703 18.274500
v -1424.349121 207.409698 18.876499
v -1414.014893 214.223206 18.899599
v -1419.791748 205.726898 11.222100
v -1412.838379 212.391205 13.730200
v -1416.344482 209.970398 13.508300
v -1412.348389 208.882202 8.913500
v -1424.107422 199.001099 19.081900
v -1411.817871 202.886200 9.401400
v -1421.493164 198.183594 11.671900
v -1409.873291 199.929596 3.234000
v -1408.646973 205.984207 -0.986300
v -1412.687256 196.813095 10.937400
v -1419.767334 192.403595 14.610300
v -1404.490234 209.273895 -6.630000
v -1400.962891 198.953995 -1.903700
v -1395.004395 200.176895 -6.254200
v -1406.055420 197.265503 1.019100
v -1398.768799 194.267807 -3.176200
v -1393.524902 194.613495 -7.793000
v -1411.677246 192.678299 4.715100
v -1405.458740 191.344299 1.414800
v -1398.176270 190.805695 -5.194700
v -1416.856445 189.780899 11.439400
v -1411.956543 182.286499 5.801700
v -1417.597412 188.169006 18.042900
v -1402.579590 188.525101 -1.712200
v -1402.350098 182.873199 0.075800
v -1416.489258 185.297104 11.707400
v -1421.263428 191.043793 20.264299
v -1415.484619 184.751694 18.128500
v -1422.268311 193.618698 25.678200
v -1423.728271 198.832504 27.144800
v -1417.949219 194.003494 27.764799
v -1417.500488 189.682007 22.894199
v -1417.477539 186.447098 24.642401
v -1421.749756 185.343796 23.373699
v -1419.144287 183.059998 17.868700
v -1418.128906 180.245499 11.588100
v -1419.679443 178.943207 18.326599
v -1422.210449 187.404602 31.153601
v -1419.873047 181.179596 26.239401
v -1426.245850 191.462097 33.832199
v -1427.378662 192.486099 32.349701
v -1427.381348 192.624100 36.360901
v -1427.379150 189.749298 36.868301
v -1424.524170 186.942505 36.833698
v -1427.378662 185.867706 40.600800
v -1427.378174 184.499496 38.435200
v -1423.218018 182.437302 33.139099
v -1427.378174 182.011993 38.586700
v -1421.072266 180.668900 33.046600
v -1424.806885 180.023697 37.665401
v -1427.378906 178.780594 40.761398
v -1427.377686 177.580002 38.511700
v -1421.706787 178.627502 32.664200
v -1424.667969 176.707703 37.059799
v -1427.377930 175.949600 39.484299
v -1416.862061 176.376495 26.573700
v -1427.377197 174.568802 38.380600
v -1421.074463 176.584900 32.334499
v -1421.744385 175.205093 32.445099
v -1418.784668 172.335907 25.783800
v -1414.247559 176.622299 18.357599
v -1414.132080 174.322906 11.670100
v -1415.127197 172.112503 17.951599
v -1421.324951 172.388702 32.707500
v -1418.220947 167.076202 23.932199
v -1414.564209 166.798996 16.246000
v -1424.407471 172.683899 36.374500
v -1427.377930 172.181107 38.851299
v -1427.376709 170.864395 35.386600
v -1427.375488 169.153000 32.723701
v -1423.683838 163.929001 34.962299
v -1427.376465 166.798706 36.132599
v -1427.377686 162.531006 39.616501
v -1418.717529 160.518005 23.389799
v -1425.156494 157.355896 40.021702
v -1427.378174 158.242706 41.484699
v -1427.378662 155.006699 42.853401
v -1427.379395 153.753006 39.062698
v -1422.853271 158.504501 31.206900
v -1424.403076 151.548096 32.070702
v -1427.373535 147.622498 26.700899
v -1426.070312 150.887207 35.680401
v -1427.378906 148.470398 37.807400
v -1427.378906 148.451508 35.016701
v -1426.322754 149.499802 33.099499
v -1427.378906 146.817200 34.703701
v -1427.377930 147.964005 32.454700
v -1424.523926 149.244293 29.992500
v -1427.376709 146.397598 31.479000
v -1418.053711 148.876205 23.161301
v -1427.372559 145.593201 26.368299
v -1427.371338 144.589996 22.927200
v -1414.697998 155.671906 16.843500
v -1410.874756 154.066498 13.239100
v -1414.395508 160.776093 11.793200
v -1414.819336 167.445602 8.651300
v -1406.933838 164.987701 4.175500
v -1407.471924 174.207993 6.092800
v -1404.834229 180.792603 4.175800
v -1401.027100 170.928497 2.316600
v -1398.801514 176.181595 -1.755500
v -1395.162842 171.362198 -6.165600
v -1396.549316 163.455307 -2.744400
v -1402.603760 156.699097 -1.670700
v -1408.522949 155.655304 6.402000
v -1392.787354 158.832901 -8.355000
v -1409.184326 151.474106 1.938000
v -1411.493652 150.190002 11.761400
v -1417.196289 144.640701 19.352800
v -1427.371826 141.416794 23.218800
v -1427.370117 140.965805 20.507799
v -1414.446777 146.896896 9.318800
v -1407.026367 147.787201 0.469500
v -1398.821533 148.679993 -7.714000
v -1409.065674 145.396301 10.098000
v -1406.124512 143.594696 -0.211500
v -1414.436035 139.435501 16.279600
v -1410.260010 140.684006 8.474900
v -1405.460449 138.180801 -0.811200
v -1417.265381 134.716797 19.106501
v -1427.370850 137.216705 21.126101
v -1416.329102 134.640106 15.273100
v -1407.409180 136.450302 8.204300
v -1420.645020 131.485306 21.909599
v -1427.372803 132.879501 22.605700
v -1427.374268 129.290894 24.144300
v -1427.373779 128.478897 21.560101
v -1420.037109 129.714905 19.319000
v -1427.374756 126.394600 20.530500
v -1427.372559 126.124199 18.664499
v -1415.173096 124.911797 16.401899
v -1427.373291 119.714500 18.289700
v -1412.799561 131.556198 13.750400
v -1412.904785 133.802002 5.152000
v -1415.326904 128.992798 10.739300
v -1417.136230 117.800598 16.320999
v -1427.374268 111.356499 18.579100
v -1418.242676 123.054100 12.150800
v -1412.418945 125.427101 8.304300
v -1420.625244 110.706398 16.760900
v -1427.375732 106.358704 18.026899
v -1427.374756 110.565201 14.784100
v -1427.372314 116.071297 12.179900
v -1418.835938 118.769501 10.934000
v -1427.372314 115.171997 9.718200
v -1427.369873 117.026100 8.671300
v -1413.363770 117.463600 7.593800
v -1427.370117 112.337898 6.120200
v -1408.270508 129.353104 3.916700
v -1416.059082 112.167999 5.258900
v -1410.539795 122.789299 5.737500
v -1419.670410 107.504303 3.162600
v -1427.372314 106.988998 3.657300
v -1427.373779 103.743599 2.568200
v -1427.371338 104.583099 1.512400
v -1414.364014 111.391502 2.993400
v -1410.058594 118.705101 3.537000
v -1407.029541 122.774399 -0.561600
v -1408.624512 126.301903 0.747200
v -1409.023926 135.895096 -3.136000
v -1405.689697 132.056702 -4.283300
v -1399.345947 136.521896 -11.734600
v -1406.235840 128.690796 -6.334700
v -1401.432129 129.511993 -14.226500
v -1404.174072 125.633904 -6.598600
v -1385.149902 145.524597 -7.359600
v -1403.159668 126.699402 -16.347500
v -1407.756348 125.380898 -7.531200
v -1412.735107 123.318604 -1.991400
v -1411.196777 118.481400 -3.693400
v -1417.320068 120.058403 1.097900
v -1408.985107 123.293701 -10.257400
v -1415.229492 112.930603 -3.274500
v -1418.115234 113.157204 0.513300
v -1416.961182 105.752197 -0.195000
v -1417.542480 106.718102 -3.700300
v -1410.914062 109.840599 -7.510200
v -1421.068604 98.937798 -1.680400
v -1427.374268 98.625702 0.386100
v -1427.377197 92.166000 -0.207700
v -1427.374756 96.211502 -5.906700
v -1414.247803 104.521301 -7.156100
v -1420.510254 99.108200 -9.317200
v -1427.375000 94.652000 -7.670400
v -1414.741699 106.655403 -11.824500
v -1427.373535 95.573700 -10.097600
v -1414.300049 102.684700 -15.369200
v -1417.479736 96.603600 -12.767800
v -1427.373535 92.186501 -10.616800
v -1408.380371 109.230400 -17.255400
v -1427.371582 93.830597 -15.317600
v -1414.988281 103.312103 -19.904301
v -1414.636719 101.396202 -23.916901
v -1411.289307 114.137001 -14.271200
v -1409.481689 108.118797 -22.310301
v -1408.356689 115.200104 -9.486600
v -1405.590088 119.690201 -12.578800
v -1403.724854 122.339104 -15.799700
v -1408.443359 119.593803 -16.238501
v -1403.320068 122.108704 -21.451500
v -1407.349854 116.632698 -18.680700
v -1406.672852 114.260300 -22.820000
v -1392.470947 125.175102 -19.949200
v -1402.675781 117.596603 -26.985901
v -1392.921875 117.310699 -26.304399
v -1406.900146 112.543503 -27.477600
v -1400.629150 114.225502 -29.094500
v -1411.427002 107.174400 -27.496099
v -1402.767822 107.622299 -28.342899
v -1405.630615 101.809998 -28.178200
v -1400.235596 112.375504 -34.925999
v -1403.344238 107.837799 -36.509701
v -1391.493896 114.047600 -35.144001
v -1402.099854 116.524902 -41.313702
v -1406.897705 101.779800 -36.476700
v -1407.198242 111.461197 -42.168499
v -1410.155029 104.231796 -42.229401
v -1414.373535 98.058899 -42.709000
v -1409.938721 104.298599 -45.797298
v -1412.415039 95.433601 -34.588799
v -1410.957520 96.164001 -26.904100
v -1416.850586 92.497002 -23.476101
v -1416.316162 89.898598 -31.890301
v -1419.295654 90.346397 -34.798000
v -1427.371582 88.648697 -27.126900
v -1423.139160 84.751602 -18.319099
v -1427.375732 86.935204 -15.072800
v -1427.378418 79.904800 -13.427600
v -1427.375732 83.626602 -20.569300
v -1421.314453 84.565598 -30.718100
v -1427.373779 84.422600 -28.764999
v -1427.375732 80.539497 -30.646999
v -1427.374512 83.569099 -32.779598
v -1427.373291 85.361397 -36.483200
v -1427.371582 87.796303 -40.773499
v -1418.071045 91.528397 -46.543900
v -1421.186279 87.623596 -43.189602
v -1427.375000 83.094498 -41.676498
v -1427.375244 84.688301 -43.008900
v -1421.929199 87.258301 -45.094002
v -1427.375732 83.746101 -44.482601
v -1427.374756 87.241898 -46.643002
v -1422.477051 90.215698 -49.957001
v -1427.375488 86.895599 -49.278599
v -1422.049072 90.780800 -52.190399
v -1427.373779 91.024597 -54.054199
v -1418.975586 94.766899 -52.297199
v -1427.372070 95.987000 -58.248199
v -1415.151611 97.804604 -48.030201
v -1418.697021 95.558800 -55.849800
v -1417.068359 101.449097 -55.066200
v -1415.921143 98.727203 -58.013699
v -1413.225830 104.368202 -47.266201
v -1412.907715 103.060699 -50.301899
v -1412.039062 110.774399 -48.860100
v -1407.021973 111.832199 -47.252899
v -1409.149902 108.987900 -52.477200
v -1401.118164 115.017899 -46.106998
v -1408.154541 116.502502 -48.504299
v -1393.202393 116.819901 -44.815102
v -1407.475342 116.906700 -51.704800
v -1402.250244 119.258904 -47.433800
v -1400.656006 119.041496 -52.687199
v -1406.674805 117.912102 -54.604000
v -1414.107666 112.043900 -56.642502
v -1408.946045 110.600998 -60.893002
v -1413.109863 103.608803 -58.944901
v -1414.268066 102.915100 -62.313099
v -1420.276123 97.905296 -60.716499
v -1427.373779 94.747704 -60.172298
v -1427.374268 93.555801 -61.659698
v -1413.950928 105.349297 -64.113998
v -1404.927490 117.584099 -57.326801
v -1407.700439 113.400803 -63.126099
v -1422.178955 98.210800 -67.203102
v -1399.510742 122.523102 -55.088001
v -1413.517090 106.421204 -67.812500
v -1405.136963 120.037300 -59.302799
v -1406.845703 115.018402 -66.344803
v -1422.776123 93.260101 -64.891502
v -1427.378174 87.037804 -62.684101
v -1427.377686 92.062500 -65.823303
v -1425.187744 95.387199 -67.802200
v -1427.378662 92.617699 -68.101097
v -1427.377441 96.371201 -70.144897
v -1427.378418 98.272797 -73.207802
v -1423.593018 104.010696 -74.115898
v -1425.967041 100.795998 -75.497002
v -1427.380127 95.975601 -76.580902
v -1427.379395 100.362099 -77.814903
v -1417.229004 113.120003 -73.774902
v -1427.434326 104.535202 -79.860001
v -1427.381104 98.859001 -80.924896
v -1427.378418 101.627403 -83.208504
v -1423.307617 108.080399 -78.234497
v -1422.261475 108.673203 -82.342102
v -1425.948975 106.198601 -84.503304
v -1427.377930 101.097504 -85.939499
v -1427.378662 106.268898 -86.607597
v -1423.603760 110.642799 -83.763000
v -1424.031006 112.064499 -85.444901
v -1427.379395 108.309196 -87.605598
v -1427.378174 111.886299 -87.901604
v -1417.334229 118.092796 -83.342796
v -1421.916748 116.958199 -88.024101
v -1427.038574 113.187103 -92.331802
v -1427.379883 110.280296 -91.969398
v -1427.380127 109.625603 -96.513603
v -1427.379639 114.835503 -92.488197
v -1427.375244 122.005402 -89.433998
v -1409.262939 120.590401 -70.549896
v -1418.996094 125.414902 -86.006798
v -1427.373779 126.867599 -90.317398
v -1409.119873 127.665604 -79.528702
v -1415.303711 138.587799 -83.934196
v -1408.242188 136.900208 -70.992203
v -1403.089111 121.364899 -62.145302
v -1403.753418 128.393097 -63.983398
v -1397.485596 123.862602 -57.657600
v -1390.152588 121.886002 -52.882000
v -1396.287842 129.873901 -57.711102
v -1397.157471 136.467102 -61.078201
v -1389.190918 129.653702 -54.211601
v -1387.317871 135.387299 -61.387901
v -1378.485596 128.426605 -52.018101
v -1380.998779 115.343399 -44.736599
v -1379.158936 121.167801 -50.745602
v -1375.282715 133.564697 -57.545799
v -1381.770020 114.122803 -35.773701
v -1381.066895 115.240196 -26.671499
v -1371.766602 113.428802 -35.918800
v -1379.499512 121.641502 -21.044399
v -1371.464355 116.319801 -28.420900
v -1371.295410 115.934601 -43.697498
v -1369.486328 122.327904 -47.346199
v -1365.717041 119.146500 -41.019199
v -1368.592773 129.433701 -47.376900
v -1363.969971 124.669296 -41.834599
v -1365.002686 118.639900 -35.918800
v -1366.025879 119.348999 -30.991400
v -1369.697510 122.466599 -24.794800
v -1364.118896 124.715103 -30.092400
v -1362.818604 125.415802 -35.918800
v -1362.222900 131.853607 -41.271198
v -1362.247314 131.860794 -30.570999
v -1361.113281 131.664902 -35.918800
v -1367.901855 128.770706 -23.683001
v -1378.298340 127.993202 -19.010099
v -1389.528076 131.093903 -18.396500
v -1387.432129 136.136597 -11.690300
v -1395.571533 132.457306 -16.595600
v -1375.255127 133.509506 -14.215400
v -1364.828857 133.311493 -20.540600
v -1372.599854 142.053604 -12.119300
v -1359.480469 134.519104 -27.791901
v -1362.518311 139.991394 -18.518400
v -1357.195312 139.404999 -26.059799
v -1359.402100 136.921707 -32.864101
v -1365.845215 138.027496 -35.918900
v -1361.899902 146.944901 -19.620701
v -1360.340576 143.287704 -35.918900
v -1357.207764 140.107697 -32.345402
v -1355.743164 143.347504 -30.486200
v -1356.555420 145.012100 -25.767700
v -1357.548340 146.199905 -31.459900
v -1357.405762 149.041901 -26.842300
v -1370.265137 150.924393 -13.162900
v -1382.794678 155.788300 -10.144800
v -1380.238525 163.054398 -15.476400
v -1368.108154 156.431107 -17.530899
v -1362.513428 151.071701 -22.590500
v -1374.073242 167.465500 -19.431101
v -1391.622803 168.132004 -14.656600
v -1384.411133 175.259094 -19.475500
v -1364.724854 159.360001 -20.611099
v -1359.145752 154.169998 -22.412901
v -1357.718994 153.785400 -27.968399
v -1367.611084 170.820206 -23.371901
v -1354.254395 151.394699 -30.847401
v -1360.521484 163.062698 -23.947001
v -1356.008301 157.042297 -25.279499
v -1352.846191 157.325500 -29.770901
v -1356.825439 165.392502 -29.098900
v -1364.000000 173.461395 -28.945499
v -1357.539551 165.045700 -35.918800
v -1352.456299 156.938705 -35.918800
v -1354.197266 150.956207 -35.918800
v -1371.777344 182.199097 -28.720501
v -1357.753418 146.233795 -40.401501
v -1354.113525 151.324005 -41.041698
v -1352.592285 157.369293 -42.135899
v -1358.123779 153.974792 -43.561798
v -1364.803955 173.151596 -35.918800
v -1356.496826 165.619293 -42.841599
v -1357.117188 149.046204 -45.129700
v -1355.727051 157.059799 -46.831100
v -1358.929688 154.138306 -49.699100
v -1360.247559 163.238800 -48.295200
v -1363.846680 173.600098 -42.952099
v -1371.755615 182.218796 -43.127201
v -1367.521484 170.909302 -48.637501
v -1364.609619 159.429001 -51.487900
v -1361.885254 151.151001 -49.883499
v -1374.060547 167.480896 -52.446999
v -1361.837158 146.952606 -52.286400
v -1368.047852 156.476196 -54.426102
v -1375.719727 179.004395 -48.487301
v -1380.243408 163.048599 -56.348999
v -1384.411621 175.258606 -52.360901
v -1383.249512 187.627502 -48.146099
v -1370.267334 150.923294 -58.670399
v -1382.801270 155.781494 -61.674900
v -1372.557861 142.042694 -59.809898
v -1385.151367 145.524796 -64.469101
v -1392.794922 158.831406 -63.471401
v -1391.628418 168.128906 -57.174999
v -1391.964600 178.876099 -52.838402
v -1397.313965 148.889008 -63.565800
v -1403.490479 144.133499 -66.492302
v -1402.319092 157.204697 -70.284401
v -1416.416016 147.054398 -76.318199
v -1396.546875 163.454803 -69.095398
v -1408.521484 154.125198 -74.163597
v -1395.138184 171.368607 -65.682701
v -1405.107910 165.298004 -76.651802
v -1413.264648 156.130402 -79.718597
v -1408.956543 159.595306 -80.069397
v -1410.994873 149.701096 -81.557404
v -1406.479980 156.430496 -84.669701
v -1406.476318 163.516006 -83.080101
v -1409.367432 150.898804 -86.864601
v -1414.667480 159.785202 -86.997101
v -1410.510010 143.035599 -90.769203
v -1415.637207 154.285400 -89.833298
v -1412.454834 166.667206 -82.775703
v -1416.147949 162.875900 -92.718201
v -1415.914062 135.459793 -94.653099
v -1419.721436 148.040100 -93.900597
v -1418.788086 156.356003 -98.196503
v -1419.806885 130.322296 -97.609398
v -1427.375488 126.586098 -93.292099
v -1427.376221 140.078003 -99.001198
v -1427.376221 134.837997 -100.747902
v -1424.472168 125.978104 -100.287102
v -1427.378174 124.116600 -97.683701
v -1427.376465 127.751602 -102.704102
v -1427.377197 122.908501 -102.626297
v -1423.671143 143.219498 -99.774902
v -1427.377686 140.397293 -103.352997
v -1427.377930 142.714005 -103.082802
v -1424.762695 146.873001 -100.141800
v -1427.376709 150.129105 -102.840202
v -1426.653564 145.529999 -103.294998
v -1427.379395 143.637405 -106.416801
v -1427.378418 146.863297 -105.181602
v -1423.524414 153.772705 -104.898598
v -1427.377930 151.807007 -106.036797
v -1427.377930 152.687302 -110.463303
v -1427.377441 156.368805 -107.962601
v -1421.458008 161.538101 -101.274399
v -1424.442383 159.531601 -107.012497
v -1427.377930 158.827896 -111.036797
v -1427.377930 160.887497 -110.613602
v -1426.272705 163.735306 -108.457603
v -1427.379395 162.690094 -113.216103
v -1427.378662 164.776596 -109.666801
v -1427.376465 167.398102 -106.251297
v -1422.651855 165.416702 -102.832298
v -1420.012695 171.005707 -97.622101
v -1415.730957 172.060699 -86.867996
v -1423.686523 172.543304 -106.190300
v -1427.377441 168.565704 -109.834297
v -1427.379639 171.185501 -113.305702
v -1427.376953 175.895996 -110.853401
v -1418.136475 181.257202 -99.012497
v -1423.444336 179.356293 -108.084801
v -1427.376953 178.400101 -112.148499
v -1427.376709 180.752701 -110.339401
v -1422.694580 183.548492 -106.684303
v -1427.377441 183.195206 -111.971100
v -1427.376465 186.406006 -107.386703
v -1418.753418 189.112701 -96.930099
v -1413.154785 183.645401 -86.580498
v -1417.408936 188.037094 -90.852203
v -1411.646240 180.964294 -78.491203
v -1408.113281 173.441895 -78.082497
v -1404.704590 180.581406 -76.241402
v -1400.507568 170.791794 -73.710800
v -1410.778564 190.868698 -77.197601
v -1398.791260 176.184906 -70.086899
v -1412.979492 192.340302 -83.102203
v -1405.746094 191.058594 -73.003098
v -1402.359863 182.870499 -71.908997
v -1397.694580 177.908493 -63.452202
v -1400.426025 180.973007 -67.112099
v -1395.762939 177.139603 -57.503799
v -1397.325928 184.915298 -63.092098
v -1393.685303 183.680603 -58.383598
v -1393.170898 182.873505 -55.601299
v -1397.326660 184.215897 -55.322201
v -1395.585449 188.128906 -56.926601
v -1394.004639 184.560898 -54.320599
v -1391.038818 182.854507 -52.403900
v -1387.335205 184.295197 -51.285198
v -1390.496094 189.294601 -51.212200
v -1394.179688 189.092102 -52.840199
v -1387.282959 194.462906 -50.302601
v -1386.540039 192.944107 -55.386700
v -1393.103760 190.923798 -57.952900
v -1397.466064 190.040894 -61.057098
v -1389.345947 193.565704 -60.204201
v -1395.032715 192.060501 -62.174099
v -1398.179932 190.808594 -66.639999
v -1388.288574 203.274002 -56.181999
v -1393.528809 194.616302 -64.040100
v -1391.310547 201.031601 -60.669800
v -1387.769287 205.560806 -50.453701
v -1399.982178 213.534698 -56.602001
v -1403.278320 212.601395 -60.848999
v -1395.005859 200.175995 -65.581902
v -1398.774658 194.269608 -68.654099
v -1399.580566 189.445999 -64.844200
v -1401.246826 188.102798 -64.060303
v -1402.401367 187.822403 -66.969498
v -1400.350342 186.062607 -65.797997
v -1402.777100 184.150497 -68.948502
v -1402.585205 188.525894 -70.122398
v -1406.406006 196.889297 -72.476402
v -1400.997803 198.908493 -69.896698
v -1410.274658 198.848099 -75.208397
v -1407.918213 205.304001 -70.671997
v -1404.843018 209.324295 -65.971100
v -1414.882812 200.806396 -79.072502
v -1417.077637 202.268600 -82.992996
v -1410.075684 218.098694 -72.311203
v -1412.048340 211.378693 -76.961098
v -1416.185303 210.414703 -81.266197
v -1414.048096 220.038605 -80.404099
v -1409.473389 220.601593 -67.070702
v -1415.385254 227.532196 -72.479897
v -1406.569092 222.286102 -65.497200
v -1406.700439 223.446503 -61.778099
v -1410.280029 229.337097 -72.275902
v -1411.929443 231.646103 -67.756798
v -1407.275879 226.370102 -57.360600
v -1385.709229 199.701797 -43.312302
v -1379.940186 191.365402 -43.065899
v -1380.989014 190.934998 -35.918800
v -1372.223145 181.912094 -35.918800
v -1379.960449 191.349503 -28.780899
v -1383.252441 187.625900 -23.695900
v -1375.721680 179.002396 -23.354900
v -1387.333252 184.295807 -20.548000
v -1390.491211 189.293503 -20.616800
v -1386.562256 192.954605 -16.453800
v -1391.031494 182.856293 -19.418800
v -1391.980469 178.870300 -19.017700
v -1389.345703 193.565598 -11.633400
v -1395.030762 192.057999 -9.662000
v -1393.099854 190.917496 -13.881000
v -1394.175781 189.088806 -18.994301
v -1397.468262 190.042404 -10.783000
v -1395.620605 188.142105 -14.922900
v -1393.999268 184.560593 -17.510401
v -1393.149414 182.888000 -16.224199
v -1397.325195 184.216095 -16.515200
v -1393.682617 183.681107 -13.454000
v -1397.326172 184.915100 -8.745900
v -1395.754883 177.141495 -14.328600
v -1397.685059 177.911102 -8.380500
v -1400.419434 180.975403 -4.722800
v -1402.765869 184.152802 -2.887000
v -1400.344482 186.064896 -6.035800
v -1401.253174 188.103699 -7.784600
v -1402.390381 187.819397 -4.867300
v -1399.577393 189.440506 -6.992800
v -1421.865967 254.258194 -69.109802
v -1416.267822 248.787399 -62.735500
v -1424.693604 255.136505 -75.209099
v -1427.377441 257.050415 -75.575897
v -1427.377686 255.190994 -80.508698
v -1427.376953 252.216202 -77.292099
v -1418.676270 249.062103 -71.964996
v -1422.976318 250.496796 -76.616699
v -1427.376221 250.614197 -80.084099
v -1427.374756 248.805206 -80.289597
v -1422.988770 247.273193 -78.125900
v -1427.375732 246.684006 -83.175797
v -1427.374268 245.225906 -79.188202
v -1427.372314 243.517395 -76.754601
v -1414.762207 238.413605 -74.815903
v -1420.710449 239.442398 -83.660301
v -1427.374512 242.158997 -83.186401
v -1414.854736 241.709396 -67.996399
v -1425.355713 238.031006 -90.536201
v -1411.716553 234.572800 -62.893799
v -1412.376221 244.628296 -65.046204
v -1408.710205 237.881302 -60.060101
v -1411.245850 244.345596 -56.606300
v -1412.910400 232.794098 -78.728897
v -1421.806152 235.201294 -85.055901
v -1417.194336 230.461197 -78.109497
v -1418.603516 228.229004 -84.573097
v -1413.809082 224.618195 -77.047096
v -1417.124023 224.379501 -86.644096
v -1422.696289 225.022507 -91.821701
v -1419.764648 221.483307 -89.012901
v -1423.876221 226.877197 -92.658401
v -1423.100830 230.772797 -92.211502
v -1425.457520 236.870407 -89.683998
v -1427.378662 234.366501 -91.978699
v -1426.825684 236.246902 -92.179100
v -1427.379395 234.762695 -94.484901
v -1427.379150 235.717606 -94.830101
v -1425.108154 233.296494 -91.623199
v -1427.377930 232.478104 -95.440697
v -1427.377197 231.190903 -95.888901
v -1426.473389 238.835205 -91.856201
v -1427.379639 236.025803 -96.594704
v -1427.377930 239.589401 -91.822899
v -1425.186035 230.135498 -95.417801
v -1427.377441 229.123398 -98.067497
v -1427.377686 227.923798 -97.588898
v -1424.344727 227.366501 -97.446297
v -1427.377441 225.727493 -101.057899
v -1427.377197 224.822693 -99.443001
v -1424.715820 224.612396 -96.690498
v -1427.377441 222.146698 -99.994102
v -1427.376221 222.779404 -96.955299
v -1427.374756 222.792404 -93.666000
v -1427.374756 221.007904 -96.052597
v -1420.250000 222.086594 -96.730598
v -1422.662598 219.608307 -103.100601
v -1427.377441 219.002106 -101.643600
v -1427.378418 214.324203 -104.783600
v -1424.353760 215.636902 -108.051804
v -1423.829590 208.426193 -108.428596
v -1427.377197 208.061203 -104.286797
v -1423.461182 214.717499 -106.184303
v -1421.451416 217.866394 -101.961304
v -1422.227295 201.809692 -105.455399
v -1427.375488 201.535599 -102.141403
v -1422.585449 208.795700 -106.775002
v -1420.273193 196.552200 -102.059402
v -1427.375000 195.870407 -99.839699
v -1421.042969 202.679504 -104.346199
v -1424.827148 208.835693 -101.995697
v -1425.146729 213.770706 -101.605797
v -1423.182617 203.685806 -100.135101
v -1425.745605 209.671799 -95.783096
v -1424.652344 217.382202 -99.713203
v -1419.564941 220.048004 -96.312698
v -1426.903809 214.094101 -94.635696
v -1423.920166 218.624603 -94.479401
v -1424.734863 212.650406 -88.691200
v -1422.037598 217.940903 -88.890900
v -1417.735596 221.940506 -90.455200
v -1416.274414 219.727097 -89.724701
v -1416.212158 220.770203 -87.480797
v -1412.926758 216.809204 -82.517700
v -1416.114014 216.058502 -83.926598
v -1420.142334 215.284393 -84.807404
v -1422.012207 211.031906 -82.605202
v -1424.002441 206.298096 -91.938301
v -1423.463867 202.927902 -84.177002
v -1422.290283 200.690598 -92.664497
v -1419.621094 197.685501 -89.869301
v -1415.869629 193.548294 -87.785896
v -1420.784912 198.815308 -97.075600
v -1417.734131 195.136993 -94.601700
v -1413.659180 191.935898 -93.510300
v -1415.147217 189.216293 -93.702599
v -1414.505371 191.373795 -97.001297
v -1416.370850 193.949707 -98.514297
v -1416.493408 190.076401 -96.697502
v -1418.717285 197.732407 -101.025398
v -1418.214600 192.636002 -99.232399
v -1421.622559 192.326202 -97.912804
v -1427.375977 191.429596 -104.743202
v -1422.233643 189.484299 -104.742401
v -1427.376221 189.131500 -109.198097
v -1427.373779 126.867599 -90.317398
v -1427.375244 122.005402 -89.433998
v -1427.374023 124.495598 -90.224899
v -1364.840576 133.324402 -51.284100
v -1362.513428 139.990005 -53.324799
v -1359.501953 134.538101 -44.043900
v -1359.446289 136.964706 -39.016899
v -1357.207764 139.409607 -45.773102
v -1357.298828 140.149399 -39.541801
v -1355.788330 143.347794 -41.362900
v -1356.467041 145.017502 -46.114799
vn -0.2223 0.9750 0.0057
vn -0.2298 0.9721 -0.0469
vn -0.2252 0.9687 -0.1040
vn -0.5967 0.6539 0.4652
vn -0.5809 0.6934 0.4263
vn -0.5708 0.7755 0.2698
vn -0.3451 0.9134 -0.2161
vn -0.6683 0.7254 0.1648
vn -0.1986 0.9531 -0.2284
vn -0.6475 0.7493 0.1389
vn -0.6654 0.4326 0.6084
vn -0.6309 0.4993 0.5938
vn -0.7553 0.1776 0.6309
vn -0.7784 0.0536 0.6255
vn -0.4998 0.8607 0.0974
vn -0.5055 0.8607 0.0608
vn -0.5110 0.8593 0.0208
vn -0.5737 0.7759 -0.2623
vn -0.4897 0.8482 -0.2019
vn -0.3256 0.9194 -0.2208
vn -0.7394 0.6378 0.2156
vn -0.8429 0.3316 0.4238
vn -0.6626 0.4941 0.5629
vn -0.7447 0.4733 0.4706
vn -0.5152 0.8569 -0.0147
vn -0.6795 0.2996 0.6697
vn -0.6726 0.2350 0.7017
vn -0.6757 0.2135 0.7056
vn -0.2885 0.9124 -0.2903
vn -0.2851 0.9171 -0.2785
vn -0.2867 0.9149 -0.2841
vn -0.6932 0.6908 0.2055
vn -0.2901 0.9101 -0.2958
vn -0.4330 0.8248 0.3637
vn -0.4998 0.7217 0.4790
vn -0.4457 0.8083 0.3848
vn -0.5206 0.6792 0.5174
vn -0.1250 0.8188 -0.5603
vn -0.1517 0.8019 -0.5779
vn -0.1223 0.8259 -0.5504
vn -0.1686 0.7674 -0.6186
vn -0.5843 0.7999 -0.1371
vn -0.6500 0.7430 -0.1597
vn -0.1990 0.7106 -0.6748
vn -0.8019 0.5948 -0.0561
vn -0.2083 0.6692 -0.7133
vn -0.7367 0.5039 -0.4509
vn -0.3578 0.8731 0.3311
vn -0.3885 0.7209 0.5740
vn -0.3619 0.8620 0.3550
vn -0.3903 0.6918 0.6075
vn -0.1023 0.4707 -0.8763
vn -0.0853 0.6353 -0.7676
vn -0.2835 0.5603 -0.7783
vn -0.1662 0.6613 -0.7315
vn -0.5040 0.5491 -0.6667
vn -0.8893 0.3759 -0.2605
vn -0.9397 0.3418 -0.0071
vn -0.7605 0.6423 0.0948
vn -0.9471 0.3169 0.0505
vn -0.9103 0.1077 0.3997
vn -0.7973 0.5013 -0.3363
vn -0.2681 0.5757 -0.7724
vn -0.9240 0.3397 -0.1754
vn -0.4361 0.7028 0.5620
vn -0.4562 0.5810 0.6740
vn -0.4044 0.7265 0.5556
vn -0.5262 0.4133 0.7432
vn -0.5351 0.5781 0.6160
vn -0.4856 0.6765 0.5537
vn -0.9026 0.1328 0.4094
vn -0.9582 0.2860 0.0099
vn -0.9522 0.1507 0.2658
vn -0.4516 0.0599 0.8902
vn -0.4894 -0.1602 0.8572
vn -0.4963 -0.2291 0.8374
vn -0.4328 0.1366 0.8911
vn -0.4484 0.8807 0.1527
vn -0.5582 0.6000 0.5730
vn -0.4231 0.5468 0.7225
vn -0.5090 0.6045 0.6128
vn -0.6424 0.5747 0.5070
vn -0.4239 0.5310 0.7337
vn -0.3008 0.8723 -0.3854
vn -0.2937 0.8301 -0.4739
vn -0.3021 0.8813 -0.3635
vn -0.2924 0.8231 -0.4869
vn -0.3964 0.1611 0.9038
vn -0.4046 0.2795 0.8708
vn -0.4066 0.3603 0.8396
vn -0.3566 -0.1109 0.9277
vn -0.2851 0.4415 0.8508
vn -0.1508 0.7002 -0.6979
vn -0.1745 0.6412 -0.7472
vn -0.1307 0.7788 -0.6135
vn -0.1938 0.5502 -0.8122
vn -0.2351 0.3999 -0.8859
vn -0.2526 0.2991 -0.9202
vn -0.3518 0.9293 -0.1129
vn -0.3516 0.9292 -0.1139
vn -0.3515 0.9292 -0.1141
vn -0.3518 0.9293 -0.1126
vn -0.3720 0.6928 -0.6178
vn -0.3825 -0.1167 -0.9165
vn -0.3421 0.8978 -0.2771
vn -0.2625 0.9286 0.2623
vn -0.3101 0.8775 0.3658
vn -0.2577 0.9408 0.2204
vn -0.2321 0.9668 0.1070
vn -0.1663 0.9859 0.0190
vn -0.8795 0.2460 -0.4074
vn -0.8553 0.4540 -0.2496
vn -0.8780 0.2051 -0.4325
vn -0.1513 0.9866 0.0618
vn -0.9044 0.4126 -0.1086
vn -0.1065 0.9925 -0.0600
vn -0.0956 0.9939 -0.0543
vn -0.1053 0.9944 -0.0033
vn -0.2769 -0.6089 -0.7434
vn -0.2767 -0.7292 -0.6258
vn -0.3472 -0.8755 -0.3361
vn -0.3050 -0.8664 -0.3955
vn -0.3685 -0.9071 -0.2037
vn -0.4404 -0.3197 -0.8389
vn -0.1018 0.9531 0.2850
vn -0.1654 0.9259 -0.3397
vn -0.2121 0.7952 -0.5680
vn -0.2043 0.8245 -0.5278
vn -0.2390 0.6462 -0.7248
vn -0.8489 0.0725 -0.5235
vn -0.8844 -0.0487 -0.4642
vn -0.2870 -0.4785 -0.8299
vn -0.9113 0.1615 -0.3788
vn -0.9487 0.2639 -0.1740
vn -0.8967 0.4426 -0.0008
vn -0.8948 0.4313 0.1154
vn -0.9885 0.1194 -0.0928
vn -0.9220 0.2606 -0.2864
vn -0.9910 -0.0199 0.1320
vn -0.9290 0.0478 0.3670
vn -0.8746 0.4817 0.0547
vn -0.8086 0.5883 0.0114
vn -0.7761 0.5106 0.3700
vn -0.8617 0.3682 -0.3491
vn -0.9086 0.4134 -0.0588
vn -0.8162 0.5743 0.0631
vn -0.8171 0.5706 -0.0820
vn -0.8259 0.5638 -0.0035
vn -0.8469 0.5200 0.1106
vn -0.9034 0.3964 0.1637
vn -0.8185 0.5599 -0.1286
vn -0.8169 0.5611 0.1337
vn -0.8516 0.5242 -0.0006
vn -0.7618 0.5896 -0.2683
vn -0.8392 0.5057 0.1997
vn -0.8779 0.2881 -0.3824
vn -0.8212 0.5684 0.0503
vn -0.6580 0.5002 -0.5629
vn -0.6387 0.6648 -0.3875
vn -0.9683 0.0410 -0.2463
vn -0.9852 0.0428 -0.1658
vn -0.9925 0.1026 -0.0667
vn -0.6850 0.4970 -0.5328
vn -0.9954 0.0794 -0.0538
vn -0.6876 0.3524 -0.6348
vn -0.6704 0.4806 -0.5653
vn -0.9379 0.1079 -0.3296
vn -0.9329 0.1029 -0.3452
vn -0.8769 0.2980 -0.3773
vn -0.8704 0.4496 0.2006
vn -0.8461 0.4988 0.1881
vn -0.8661 0.4643 0.1853
vn -0.9197 0.0236 -0.3920
vn -0.7507 0.6456 0.1403
vn -0.9030 0.2173 -0.3708
vn -0.6999 0.7051 0.1139
vn -0.1659 0.9685 0.1859
vn -0.2288 0.8799 0.4165
vn -0.2187 0.8580 0.4647
vn -0.1976 0.9567 0.2137
vn -0.6658 0.7458 0.0228
vn -0.0916 0.9957 0.0096
vn -0.0920 0.9948 0.0426
vn -0.3111 -0.2442 -0.9185
vn -0.3162 -0.3118 -0.8960
vn -0.3152 -0.2963 -0.9016
vn -0.3104 -0.2358 -0.9209
vn -0.9188 0.0293 -0.3937
vn -0.8995 0.0209 -0.4363
vn -0.8963 -0.0001 -0.4434
vn -0.3096 0.9226 -0.2302
vn -0.2770 0.9556 -0.1001
vn -0.3656 0.9284 -0.0663
vn -0.9142 -0.0333 -0.4039
vn -0.3249 0.9411 0.0940
vn -0.1761 0.9833 -0.0453
vn -0.2250 0.9686 0.1058
vn -0.3438 -0.4764 -0.8092
vn -0.3671 -0.6401 -0.6749
vn -0.3320 -0.2547 -0.9082
vn -0.3485 -0.6829 -0.6421
vn -0.3750 -0.7117 -0.5940
vn -0.3068 -0.0837 -0.9481
vn -0.5481 -0.5348 -0.6431
vn -0.5486 -0.0168 -0.8359
vn -0.4386 0.8987 0.0066
vn -0.3450 0.9367 -0.0601
vn -0.4363 0.8993 0.0305
vn -0.3210 0.9463 0.0385
vn -0.2425 0.9692 -0.0436
vn -0.8729 0.4530 -0.1814
vn -0.9330 0.2456 -0.2629
vn -0.8647 0.3738 -0.3354
vn -0.9664 0.2020 -0.1591
vn -0.3090 0.9305 0.1966
vn -0.3478 0.9086 0.2313
vn -0.3492 0.8986 0.2658
vn -0.3856 -0.4851 -0.7849
vn -0.3907 -0.6429 -0.6588
vn -0.3615 -0.7049 -0.6103
vn -0.3486 -0.7481 -0.5647
vn -0.3397 -0.6994 -0.6289
vn -0.3439 -0.6761 -0.6517
vn -0.5441 0.7806 -0.3076
vn -0.6107 0.7193 -0.3311
vn -0.6664 0.6276 -0.4025
vn -0.6611 0.7415 -0.1144
vn -0.6509 0.7590 0.0167
vn -0.8942 -0.2360 -0.3805
vn -0.7289 0.5189 -0.4466
vn -0.6645 0.4470 -0.5989
vn -0.6144 0.5149 -0.5978
vn -0.8089 0.3527 -0.4704
vn -0.8831 0.3081 -0.3539
vn -0.8781 0.2901 -0.3806
vn -0.8435 -0.4925 -0.2146
vn -0.9136 -0.4056 -0.0300
vn -0.7882 -0.5663 -0.2410
vn -0.7417 -0.5539 -0.3782
vn -0.6554 -0.7427 -0.1370
vn -0.6438 -0.7528 -0.1374
vn -0.5585 -0.8276 0.0560
vn -0.8343 0.3407 -0.4335
vn -0.4890 -0.6486 -0.5832
vn -0.8675 0.4529 -0.2059
vn -0.9059 0.4147 0.0858
vn -0.9781 -0.2003 0.0565
vn -0.7898 -0.4650 -0.4000
vn -0.8001 -0.4794 -0.3605
vn -0.7868 -0.4610 -0.4104
vn -0.7731 -0.4435 -0.4535
vn -0.9755 0.1790 -0.1281
vn -0.5256 0.2622 -0.8093
vn -0.8042 0.5944 -0.0006
vn -0.8670 0.4775 0.1425
vn -0.7868 0.6172 0.0051
vn -0.7177 0.6804 -0.1483
vn -0.8850 0.4395 0.1536
vn -0.6325 -0.5126 -0.5807
vn -0.5999 -0.4999 -0.6247
vn -0.7496 -0.4964 -0.4378
vn -0.6103 -0.6542 -0.4467
vn -0.8893 0.4219 0.1766
vn -0.8990 0.1654 -0.4056
vn -0.5945 -0.6951 -0.4043
vn -0.6317 -0.7167 -0.2954
vn -0.7856 -0.5362 -0.3088
vn -0.3266 0.8903 -0.3174
vn -0.3256 0.8951 -0.3047
vn -0.2514 0.8091 -0.5312
vn -0.7166 -0.6810 -0.1509
vn -0.2801 0.8451 -0.4554
vn -0.2214 0.7616 -0.6091
vn -0.6035 -0.7829 -0.1513
vn -0.7353 -0.6095 -0.2965
vn -0.2313 0.7237 -0.6502
vn -0.5154 -0.8300 -0.2133
vn -0.2655 0.7005 -0.6624
vn -0.2049 0.5180 -0.8305
vn -0.5010 -0.8388 -0.2131
vn -0.5046 -0.8375 -0.2098
vn -0.7637 -0.3225 -0.5593
vn -0.7614 -0.3149 -0.5667
vn -0.7666 -0.3271 -0.5525
vn -0.7975 -0.3311 -0.5044
vn 0.4853 0.8454 -0.2231
vn 0.2791 0.9211 -0.2713
vn 0.3994 0.8709 -0.2864
vn 0.5372 0.8356 -0.1147
vn 0.5649 0.7960 -0.2174
vn -0.4645 0.8840 0.0527
vn -0.4557 0.8883 -0.0569
vn -0.7363 0.6762 -0.0257
vn -0.7569 0.6422 0.1214
vn -0.8821 0.2929 -0.3690
vn -0.8841 0.2855 -0.3700
vn -0.8242 0.1586 -0.5436
vn 0.4792 0.3736 -0.7942
vn 0.5337 0.1261 -0.8362
vn 0.4071 0.4516 -0.7939
vn 0.5865 0.0500 -0.8084
vn -0.8246 0.1565 -0.5436
vn -0.7724 0.0003 -0.6351
vn 0.5713 -0.3525 -0.7412
vn 0.5858 -0.3603 -0.7259
vn -0.7689 -0.0081 -0.6394
vn -0.7577 -0.1728 -0.6294
vn -0.7189 -0.4166 0.5564
vn -0.7766 -0.5485 0.3099
vn -0.5882 -0.6799 0.4380
vn -0.4944 -0.8172 0.2962
vn -0.7654 -0.1742 -0.6196
vn 0.5205 -0.5446 -0.6576
vn -0.8263 -0.2832 -0.4868
vn -0.9489 -0.2221 0.2244
vn -0.7141 0.3563 0.6026
vn -0.7714 0.1807 0.6101
vn -0.7868 0.2131 0.5792
vn -0.4838 -0.8151 0.3186
vn -0.9139 -0.3902 0.1121
vn 0.2092 -0.1800 -0.9612
vn -0.3518 -0.9232 -0.1550
vn -0.4624 -0.8520 -0.2456
vn -0.4609 -0.8024 -0.3791
vn -0.9811 -0.1696 0.0937
vn -0.6091 -0.6672 -0.4288
vn -0.3945 -0.8648 -0.3108
vn -0.9038 0.3882 -0.1798
vn -0.5149 -0.6687 -0.5364
vn -0.8689 0.4884 0.0810
vn -0.9022 0.4242 0.0775
vn -0.4521 -0.7180 -0.5292
vn -0.4835 -0.7428 -0.4632
vn -0.9541 0.2799 0.1069
vn -0.4567 -0.6906 -0.5608
vn -0.6744 0.4816 -0.5597
vn -0.8990 -0.0722 -0.4319
vn -0.8622 0.0371 -0.5052
vn -0.8971 -0.0650 -0.4369
vn -0.9684 0.2373 -0.0770
vn -0.2354 0.0383 -0.9712
vn -0.2028 0.1181 -0.9721
vn -0.2555 0.1008 -0.9615
vn -0.1700 0.2753 -0.9462
vn -0.9198 -0.1869 -0.3451
vn -0.9477 0.0766 -0.3099
vn -0.9582 0.0387 -0.2835
vn -0.9517 -0.0284 -0.3059
vn -0.8977 0.0260 -0.4398
vn -0.1273 0.3135 -0.9410
vn -0.8664 -0.2592 -0.4268
vn -0.1471 0.4828 -0.8633
vn -0.8185 0.4983 -0.2860
vn -0.8782 0.3975 -0.2660
vn -0.7031 0.3915 -0.5936
vn -0.5302 0.4240 -0.7343
vn -0.5022 0.2400 -0.8308
vn -0.6486 0.3053 -0.6972
vn -0.5097 0.1702 -0.8434
vn -0.5976 0.2141 -0.7727
vn -0.6177 -0.1078 -0.7790
vn -0.7067 -0.0042 -0.7075
vn -0.5822 0.0696 -0.8101
vn -0.8888 -0.3020 -0.3449
vn -0.5617 0.0903 -0.8224
vn -0.6618 -0.2898 -0.6914
vn -0.6744 -0.3535 -0.6483
vn -0.5758 -0.2867 -0.7657
vn -0.9014 0.0785 -0.4258
vn -0.5514 0.1755 -0.8156
vn -0.7331 0.6135 -0.2935
vn -0.7777 0.5850 -0.2301
vn -0.7396 -0.0249 -0.6726
vn -0.8313 0.3121 -0.4600
vn -0.9066 -0.0122 -0.4218
vn -0.8958 0.4418 -0.0480
vn -0.8663 0.4454 -0.2261
vn -0.8504 0.5260 -0.0099
vn -0.9507 0.3100 0.0121
vn -0.9900 0.1340 0.0438
vn -0.6309 0.3695 0.6822
vn -0.3938 0.6090 0.6886
vn -0.3807 0.6063 0.6982
vn -0.8353 -0.2893 -0.4675
vn -0.4374 0.8160 0.3779
vn -0.4950 0.8215 0.2830
vn -0.8463 -0.3574 -0.3951
vn -0.4883 0.8303 0.2687
vn -0.9998 -0.0032 0.0190
vn -0.9908 0.0697 -0.1159
vn -0.9803 0.0993 -0.1710
vn -0.9441 0.1619 -0.2872
vn -0.8429 0.5242 -0.1215
vn 0.1242 -0.6929 -0.7103
vn 0.0002 -0.8072 -0.5903
vn -0.0882 -0.8194 -0.5665
vn -0.3495 -0.9205 -0.1750
vn -0.4108 -0.9053 -0.1077
vn -0.4236 -0.8946 0.1423
vn 0.1666 -0.6821 -0.7120
vn -0.9328 -0.1278 -0.3369
vn -0.8703 -0.2464 -0.4264
vn -0.8911 -0.0659 -0.4491
vn -0.9477 -0.0891 -0.3064
vn -0.8798 0.4675 0.0861
vn -0.6874 0.7157 0.1236
vn -0.7476 0.6545 0.1127
vn -0.8998 0.4276 0.0867
vn -0.8901 0.4439 0.1037
vn -0.6933 0.7175 0.0675
vn -0.7323 0.6745 0.0936
vn -0.6879 0.7254 0.0246
vn -0.9215 0.0682 -0.3824
vn -0.7538 0.4487 -0.4802
vn -0.8234 0.3043 -0.4790
vn -0.7170 0.5560 -0.4204
vn -0.6314 0.6367 -0.4427
vn -0.5680 0.5705 -0.5932
vn -0.7649 -0.3315 -0.5523
vn -0.7851 -0.3078 -0.5375
vn -0.7152 -0.5907 -0.3734
vn -0.8720 -0.0758 -0.4837
vn -0.9131 -0.0225 -0.4070
vn -0.8993 -0.0076 -0.4373
vn -0.7928 0.0370 -0.6083
vn -0.6312 0.7572 -0.1680
vn -0.6026 0.6824 -0.4137
vn -0.6107 0.7243 -0.3199
vn -0.6089 0.5034 -0.6131
vn -0.6084 0.5457 -0.5763
vn -0.5890 0.4511 -0.6705
vn -0.6956 -0.5896 -0.4106
vn -0.6883 -0.5157 -0.5103
vn -0.7048 -0.6257 -0.3343
vn -0.8445 -0.3637 -0.3932
vn -0.8721 -0.3375 -0.3544
vn -0.9375 -0.3179 -0.1413
vn -0.5232 0.5688 -0.6346
vn -0.5196 0.5973 -0.6109
vn -0.5295 0.4759 -0.7022
vn -0.5301 0.4344 -0.7283
vn -0.7571 0.5036 -0.4161
vn -0.7962 0.2353 -0.5574
vn -0.7750 0.4398 -0.4539
vn -0.6589 -0.4737 -0.5843
vn -0.6974 -0.4026 -0.5929
vn -0.6580 -0.4700 -0.5884
vn -0.8444 0.5205 0.1265
vn -0.8060 -0.1036 -0.5828
vn -0.7626 -0.3487 -0.5448
vn -0.8967 -0.1920 -0.3989
vn -0.7949 -0.4564 -0.3998
vn -0.3830 0.8993 -0.2110
vn -0.3877 0.9094 -0.1506
vn -0.3843 0.9021 -0.1964
vn -0.9337 -0.2530 -0.2535
vn -0.3783 0.8888 -0.2588
vn -0.8173 0.5491 0.1747
vn -0.5812 0.3738 -0.7228
vn -0.5591 0.3874 -0.7330
vn -0.9501 -0.0952 -0.2972
vn -0.9952 -0.0778 -0.0599
vn -0.8211 0.1729 -0.5440
vn -0.8556 0.1679 -0.4897
vn -0.6515 0.2107 -0.7288
vn -0.9067 -0.0736 -0.4152
vn -0.9702 -0.0727 -0.2312
vn -0.6778 0.4453 -0.5850
vn -0.6177 0.1520 -0.7716
vn -0.4059 -0.8195 -0.4045
vn -0.4138 -0.8509 -0.3235
vn -0.3534 -0.8206 -0.4491
vn -0.3853 -0.7681 -0.5115
vn -0.4045 -0.7538 -0.5179
vn -0.3874 -0.7215 -0.5739
vn -0.6056 0.6340 -0.4808
vn -0.6165 0.6351 -0.4654
vn -0.6288 0.5486 -0.5510
vn -0.6206 0.5861 -0.5210
vn -0.6467 0.3882 -0.6565
vn -0.9383 -0.0794 -0.3366
vn -0.9040 -0.1180 -0.4109
vn -0.6299 0.3230 -0.7064
vn -0.6063 0.3138 -0.7307
vn -0.6060 0.3098 -0.7326
vn -0.8209 -0.5487 -0.1584
vn -0.8144 -0.5510 -0.1820
vn -0.8851 -0.3619 -0.2927
vn -0.9031 -0.2427 -0.3544
vn -0.9680 -0.0247 -0.2497
vn -0.8948 -0.2872 -0.3418
vn -0.8975 -0.1276 -0.4223
vn -0.8236 -0.4722 -0.3141
vn -0.9131 -0.2440 0.3267
vn -0.9048 -0.0803 -0.4183
vn -0.8951 -0.1029 -0.4338
vn -0.9103 -0.3296 -0.2505
vn -0.8376 -0.5270 -0.1438
vn -0.8805 -0.4740 -0.0032
vn -0.7748 -0.5278 -0.3480
vn -0.7618 -0.5202 -0.3860
vn -0.8917 -0.0852 -0.4446
vn -0.8441 -0.4778 0.2433
vn -0.7147 -0.4930 -0.4962
vn -0.6849 -0.4905 -0.5388
vn -0.4471 0.5861 0.6757
vn -0.6961 -0.3792 -0.6096
vn -0.6421 -0.7427 0.1899
vn -0.3567 -0.0146 -0.9341
vn -0.3650 -0.0996 -0.9257
vn -0.3686 -0.1502 -0.9174
vn -0.3548 0.0019 -0.9349
vn -0.4176 -0.9017 0.1116
vn -0.3986 -0.8804 -0.2568
vn -0.4101 -0.8997 -0.1495
vn -0.8272 0.1047 -0.5520
vn -0.8099 0.2675 -0.5221
vn -0.4155 -0.8941 0.1671
vn -0.7470 0.4385 -0.4997
vn -0.9289 0.2023 -0.3104
vn -0.9991 -0.0217 0.0354
vn -0.5434 0.3858 -0.7456
vn -0.6320 0.2229 -0.7423
vn -0.5839 -0.0787 -0.8080
vn -0.5021 0.0063 -0.8648
vn -0.5920 -0.3728 -0.7145
vn -0.5265 -0.2666 -0.8073
vn -0.5366 0.1978 -0.8203
vn -0.6462 -0.0293 -0.7626
vn -0.8457 0.2796 -0.4546
vn -0.8880 0.2409 -0.3916
vn -0.5369 -0.3412 -0.7716
vn -0.8399 0.0847 -0.5362
vn -0.6283 -0.2257 -0.7445
vn -0.7533 0.0285 -0.6571
vn -0.7814 0.4926 -0.3832
vn -0.5782 -0.3473 -0.7383
vn -0.8997 0.0962 -0.4258
vn -0.6940 -0.5739 -0.4347
vn -0.8657 -0.4111 -0.2855
vn -0.7960 -0.5299 -0.2927
vn -0.8512 -0.4733 -0.2268
vn -0.9058 -0.2693 -0.3270
vn -0.8550 -0.2982 -0.4243
vn -0.3070 0.3643 -0.8792
vn -0.3269 0.1526 -0.9327
vn -0.3109 0.3344 -0.8897
vn -0.3298 0.0863 -0.9401
vn -0.3469 -0.9342 -0.0832
vn -0.4053 -0.9115 0.0695
vn -0.3511 -0.9236 -0.1539
vn -0.6632 -0.7478 -0.0290
vn -0.6490 -0.0543 -0.7588
vn -0.5078 -0.0454 -0.8603
vn -0.7147 -0.1842 -0.6748
vn -0.8726 0.3978 -0.2836
vn -0.9224 -0.1760 -0.3438
vn -0.9238 0.2769 -0.2644
vn -0.1363 0.7955 -0.5905
vn -0.1598 0.7217 -0.6735
vn -0.1105 0.7405 -0.6629
vn -0.8370 0.0309 -0.5463
vn -0.2802 0.5644 -0.7765
vn -0.2815 0.3451 -0.8953
vn -0.9167 -0.1358 -0.3759
vn -0.8499 -0.3963 -0.3473
vn -0.8525 0.0408 -0.5211
vn -0.3028 0.3535 -0.8851
vn -0.2222 0.2528 -0.9417
vn -0.8666 -0.4204 -0.2688
vn -0.8698 -0.4411 -0.2213
vn -0.8056 0.5248 -0.2749
vn -0.2360 0.4097 -0.8812
vn -0.1679 0.3501 -0.9215
vn -0.1740 0.3880 -0.9051
vn -0.3799 -0.8825 -0.2774
vn -0.3816 -0.8003 0.4625
vn -0.3135 -0.1655 -0.9351
vn -0.3098 -0.1317 -0.9416
vn -0.3277 -0.3651 -0.8714
vn -0.8574 -0.4658 -0.2187
vn -0.3291 -0.4184 -0.8466
vn -0.4265 -0.8951 -0.1302
vn -0.4109 -0.7432 0.5281
vn -0.4443 0.2069 -0.8717
vn -0.1831 0.0075 -0.9831
vn -0.2378 0.0568 -0.9696
vn -0.1850 -0.0176 -0.9826
vn -0.5373 0.2256 -0.8127
vn -0.5464 0.2999 -0.7820
vn -0.5321 0.3078 -0.7888
vn -0.5570 -0.8205 0.1285
vn -0.4915 -0.8597 0.1390
vn -0.7560 -0.6050 0.2498
vn -0.4414 -0.8855 -0.1450
vn -0.8285 -0.3759 0.4151
vn -0.8153 -0.5105 0.2733
vn -0.1967 -0.0378 -0.9797
vn -0.2329 -0.0522 -0.9711
vn -0.8252 -0.3515 0.4422
vn -0.8340 -0.2245 0.5041
vn -0.6666 0.4342 -0.6059
vn -0.7071 0.0984 -0.7002
vn -0.7011 0.0400 -0.7120
vn -0.5738 -0.0882 -0.8143
vn -0.2526 -0.0755 -0.9646
vn -0.2491 -0.1064 -0.9626
vn -0.2736 -0.3041 0.9125
vn -0.2377 -0.5931 0.7692
vn -0.3080 -0.4528 0.8367
vn -0.3746 -0.4240 0.8246
vn -0.4001 -0.4285 0.8101
vn -0.3945 -0.5189 0.7584
vn -0.2287 -0.2951 -0.9277
vn -0.3278 -0.8874 -0.3242
vn -0.3145 -0.4670 0.8264
vn -0.2023 0.2415 0.9491
vn -0.4832 -0.8508 -0.2066
vn -0.0763 -0.2401 -0.9678
vn -0.0794 -0.0979 -0.9920
vn -0.0827 -0.3925 -0.9160
vn -0.0769 -0.4474 -0.8910
vn -0.6706 0.3878 -0.6324
vn -0.0618 -0.4355 -0.8981
vn -0.7443 -0.3676 -0.5576
vn -0.7921 -0.1104 -0.6004
vn -0.0708 -0.4204 -0.9046
vn -0.0840 -0.3662 -0.9267
vn -0.0819 -0.3171 -0.9448
vn -0.3678 -0.5432 0.7548
vn -0.3953 -0.7194 0.5712
vn -0.3939 -0.7054 0.5893
vn -0.5802 -0.5803 -0.5714
vn -0.5316 -0.5958 -0.6020
vn -0.4903 -0.6438 -0.5875
vn -0.3655 -0.5322 0.7636
vn -0.8124 -0.2726 -0.5155
vn -0.8660 0.1873 -0.4637
vn -0.9454 -0.2811 -0.1650
vn -0.9380 -0.2933 -0.1848
vn -0.9387 -0.2947 -0.1789
vn -0.8712 0.2336 -0.4318
vn -0.6972 0.4780 -0.5343
vn -0.4512 -0.8761 -0.1698
vn -0.8784 -0.3475 -0.3281
vn -0.6870 0.4194 -0.5934
vn -0.3487 -0.8778 -0.3285
vn -0.6172 0.3215 -0.7181
vn -0.8412 -0.2021 -0.5016
vn -0.8662 -0.3549 -0.3517
vn -0.7611 0.4155 -0.4982
vn -0.6489 -0.3694 -0.6652
vn -0.6923 -0.4157 -0.5898
vn -0.7270 0.4453 -0.5227
vn -0.7387 0.4553 -0.4970
vn -0.1487 -0.1377 -0.9792
vn 0.0562 -0.1325 -0.9896
vn 0.0510 -0.5384 -0.8411
vn -0.8420 -0.5388 -0.0287
vn -0.1920 0.3136 -0.9299
vn -0.0972 -0.9614 0.2574
vn -0.1277 -0.9650 0.2289
vn -0.0689 -0.8643 0.4982
vn -0.0956 -0.9906 0.0983
vn -0.0586 -0.8239 0.5637
vn -0.0897 -0.7429 0.6634
vn -0.7161 -0.1376 -0.6843
vn -0.7435 0.0012 -0.6687
vn -0.6735 -0.0454 -0.7378
vn -0.0835 -0.7448 0.6620
vn -0.6305 -0.1988 -0.7503
vn -0.5071 0.0455 0.8607
vn -0.3895 -0.0680 0.9185
vn -0.2989 -0.1055 0.9484
vn -0.8844 -0.4648 0.0428
vn -0.7847 -0.6095 -0.1129
vn -0.8017 -0.5908 -0.0909
vn -0.6652 -0.7066 -0.2411
vn -0.6341 -0.2876 -0.7178
vn -0.5726 0.0690 0.8169
vn -0.7715 -0.2107 -0.6003
vn -0.5975 0.1681 0.7840
vn -0.2420 -0.3155 -0.9175
vn -0.1941 -0.4754 -0.8581
vn -0.1950 -0.5492 -0.8126
vn -0.5474 -0.3987 -0.7358
vn -0.9795 0.1639 0.1174
vn -0.6414 -0.2786 -0.7148
vn -0.2566 -0.2195 -0.9413
vn -0.6563 -0.5079 0.5580
vn -0.7982 -0.4621 0.3864
vn -0.8501 -0.4544 0.2662
vn -0.3146 -0.1318 -0.9400
vn -0.3141 -0.0871 -0.9454
vn -0.6080 -0.5997 0.5203
vn -0.5950 -0.6555 0.4650
vn -0.5193 -0.4608 -0.7197
vn -0.5217 -0.6426 -0.5612
vn -0.5211 -0.7454 -0.4157
vn -0.5422 -0.6295 -0.5566
vn -0.7313 -0.5878 0.3460
vn -0.7610 -0.5484 0.3467
vn -0.7930 -0.5007 0.3471
vn -0.6778 -0.6389 0.3638
vn -0.4626 -0.8289 0.3145
vn -0.3604 -0.5304 0.7673
vn -0.5477 -0.5225 -0.6535
vn -0.6061 -0.4911 -0.6257
vn -0.6398 -0.3928 -0.6606
vn -0.2224 0.2829 -0.9330
vn -0.2663 -0.0650 -0.9617
vn -0.2309 0.2316 -0.9450
vn -0.2719 -0.1458 -0.9512
vn -0.7055 -0.1195 -0.6985
vn -0.3411 -0.8522 0.3966
vn -0.3523 -0.7764 0.5225
vn -0.3301 -0.8911 0.3115
vn -0.7248 -0.6750 -0.1379
vn -0.7809 -0.5917 0.2003
vn -0.8313 -0.5194 0.1980
vn -0.3548 -0.7399 0.5716
vn -0.8507 -0.5253 0.0180
vn -0.6472 -0.6644 -0.3739
vn -0.6713 -0.6442 -0.3664
vn -0.7222 -0.0530 -0.6897
vn -0.7813 -0.5118 0.3572
vn -0.8039 -0.5935 0.0377
vn -0.7431 -0.5505 0.3804
vn -0.8408 -0.0298 -0.5405
vn -0.7770 0.1293 -0.6161
vn -0.6889 0.2002 -0.6967
vn -0.7299 0.0824 -0.6786
vn -0.7246 -0.0073 -0.6891
vn -0.6041 -0.7438 0.2862
vn -0.5520 -0.7253 0.4112
vn -0.5072 -0.8563 0.0972
vn -0.9900 -0.1188 -0.0758
vn -0.4967 -0.8650 -0.0708
vn -0.8413 -0.2116 -0.4974
vn -0.7663 -0.2160 -0.6050
vn -0.8003 -0.3718 -0.4704
vn -0.8875 -0.4067 -0.2168
vn -0.0884 -0.4965 -0.8635
vn -0.1382 -0.6958 -0.7048
vn -0.0498 -0.7241 -0.6879
vn -0.1561 -0.6541 -0.7402
vn -0.7883 -0.5041 -0.3527
vn -0.0550 -0.6086 -0.7916
vn 0.0444 -0.6491 -0.7594
vn -0.8208 -0.5665 -0.0727
vn -0.1431 -0.3551 -0.9238
vn -0.2004 -0.1051 -0.9741
vn -0.7796 -0.5988 0.1834
vn -0.8002 -0.5665 0.1970
vn -0.1490 -0.0232 -0.9886
vn -0.2439 0.1208 -0.9622
vn -0.3939 0.3159 -0.8632
vn -0.2208 0.1155 -0.9685
vn -0.9024 -0.4306 0.0155
vn -0.8823 -0.4259 0.2004
vn -0.9449 -0.2883 -0.1553
vn -0.8021 -0.4577 0.3836
vn -0.8084 -0.5808 0.0959
vn -0.0128 -0.9999 0.0032
vn -0.2071 -0.9174 -0.3398
vn -0.1861 -0.9328 -0.3085
vn -0.0337 -0.9358 -0.3509
vn -0.6695 -0.4306 0.6053
vn -0.0264 -0.9111 0.4113
vn -0.1409 -0.8109 0.5679
vn -0.7607 -0.5541 0.3380
vn -0.6358 -0.3762 0.6739
vn -0.7003 -0.3871 0.5998
vn -0.6185 -0.6559 0.4328
vn -0.9309 -0.3650 -0.0174
vn -0.8787 -0.4754 -0.0443
vn -0.8923 -0.4501 -0.0363
vn -0.8236 -0.5659 -0.0393
vn -0.6772 -0.6868 0.2641
vn -0.7443 -0.6633 0.0781
vn -0.5258 -0.1356 -0.8397
vn -0.4841 -0.1516 -0.8618
vn -0.4264 -0.2034 -0.8814
vn -0.5911 -0.0718 -0.8034
vn -0.6125 -0.0108 -0.7904
vn -0.7920 -0.6035 0.0929
vn -0.5106 -0.6943 0.5073
vn -0.4959 -0.6237 0.6042
vn -0.3332 -0.7449 -0.5779
vn -0.4065 -0.8807 0.2432
vn -0.4232 -0.8436 0.3305
vn -0.4503 -0.7474 0.4885
vn -0.6303 0.0769 -0.7725
vn -0.4495 -0.7466 0.4904
vn -0.6337 0.0867 -0.7687
vn -0.6535 0.1722 -0.7371
vn -0.4334 -0.7993 0.4163
vn -0.4568 -0.7437 0.4882
vn -0.3433 -0.2794 -0.8967
vn -0.3621 -0.2666 -0.8932
vn -0.4064 -0.1842 -0.8949
vn -0.3776 -0.6042 0.7017
vn -0.2919 -0.3796 -0.8779
vn -0.2876 -0.4178 -0.8618
vn -0.3493 -0.5394 0.7662
vn -0.4225 -0.6447 0.6371
vn -0.5412 -0.7453 0.3894
vn -0.5357 -0.7389 0.4087
vn -0.5757 -0.6312 -0.5197
vn -0.3366 0.4445 -0.8301
vn -0.3538 -0.1766 -0.9185
vn -0.2712 -0.6173 0.7385
vn -0.5718 -0.8201 0.0221
vn -0.5893 -0.8044 0.0756
vn -0.5110 -0.7655 -0.3911
vn -0.7093 -0.6899 0.1444
vn -0.5169 -0.7213 -0.4610
vn -0.2371 -0.5076 0.8283
vn -0.2381 -0.5015 0.8318
vn -0.2366 -0.5108 0.8265
vn -0.2386 -0.4985 0.8334
vn -0.7000 -0.6327 0.3312
vn -0.5239 -0.8517 -0.0099
vn -0.5591 -0.8104 0.1753
vn -0.5665 -0.8208 -0.0737
vn -0.7361 -0.6756 0.0416
vn -0.1920 -0.6869 0.7010
vn -0.1907 -0.7426 0.6420
vn -0.2151 -0.6776 0.7032
vn -0.8166 -0.5222 0.2457
vn -0.1906 -0.6687 0.7186
vn -0.8791 -0.4106 0.2419
vn -0.9282 -0.3527 0.1189
vn -0.9231 -0.3844 0.0133
vn -0.1697 -0.6603 0.7316
vn -0.8158 -0.3820 0.4342
vn -0.1851 -0.7161 0.6730
vn -0.7715 -0.2887 -0.5670
vn -0.7603 -0.3022 -0.5750
vn -0.7514 -0.2437 -0.6133
vn -0.9681 -0.2179 -0.1238
vn -0.3544 -0.4223 0.8343
vn -0.3182 -0.5925 0.7401
vn -0.3578 -0.4436 0.8217
vn -0.6812 -0.4409 0.5844
vn -0.9503 -0.2370 -0.2017
vn -0.3515 -0.2622 0.8987
vn -0.9766 -0.1404 -0.1629
vn -0.3202 -0.2124 0.9232
vn -0.9329 -0.3600 -0.0061
vn -0.7104 -0.2107 -0.6715
vn -0.7126 -0.2056 -0.6707
vn -0.7106 -0.2104 -0.6714
vn -0.5880 -0.7837 -0.2000
vn -0.5560 -0.8231 -0.1151
vn -0.4814 -0.8752 0.0472
vn -0.6308 -0.6938 -0.3474
vn -0.2970 -0.1876 0.9363
vn -0.2440 -0.2229 0.9438
vn -0.1590 -0.9320 -0.3256
vn -0.8203 -0.5626 -0.1030
vn -0.7084 -0.2154 -0.6722
vn -0.2470 -0.2287 0.9417
vn -0.3411 -0.9377 0.0664
vn -0.3473 -0.9335 -0.0892
vn -0.4264 -0.9042 0.0237
vn -0.2095 -0.2406 0.9478
vn -0.2596 -0.9634 -0.0671
vn 0.2504 -0.9675 0.0360
vn 0.0277 -0.9228 0.3844
vn -0.9571 -0.2207 -0.1877
vn -0.1996 -0.9786 0.0503
vn -0.5226 -0.3810 0.7627
vn -0.4052 -0.4371 0.8030
vn -0.4814 -0.3273 0.8131
vn -0.4159 -0.6639 -0.6216
vn -0.5267 -0.6424 -0.5566
vn -0.3505 -0.6710 -0.6534
vn -0.7042 -0.1619 -0.6913
vn -0.6471 -0.1286 -0.7515
vn -0.6052 -0.1422 -0.7833
vn -0.8368 -0.5165 0.1814
vn -0.6666 -0.5744 0.4751
vn -0.8302 -0.5288 0.1766
vn -0.8157 -0.5298 0.2321
vn -0.1900 -0.7388 0.6466
vn -0.3579 -0.1347 -0.9240
vn -0.3772 -0.7555 -0.5357
vn -0.3838 -0.7765 -0.4998
vn -0.3751 -0.7491 -0.5460
vn -0.3675 -0.7258 -0.5815
vn -0.5147 -0.7498 0.4158
vn -0.4617 -0.6858 0.5626
vn -0.7246 -0.6160 0.3091
vn -0.6324 -0.6086 -0.4792
vn -0.1207 -0.9734 -0.1947
vn -0.8673 -0.4890 0.0933
vn -0.8236 -0.3700 0.4299
vn -0.6584 -0.7525 0.0148
vn -0.6410 -0.6827 0.3508
vn -0.6847 -0.5189 0.5118
vn -0.6936 -0.5494 0.4660
vn -0.6958 -0.5632 0.4457
vn -0.8630 -0.4485 0.2327
vn -0.8532 -0.5211 -0.0221
vn -0.5748 0.1539 -0.8037
vn -0.5623 0.2932 -0.7732
vn -0.5751 0.0010 -0.8181
vn -0.5647 -0.1285 -0.8152
vn -0.2892 -0.4565 0.8414
vn -0.2958 -0.5061 0.8102
vn -0.2930 -0.4849 0.8240
vn -0.2859 -0.4335 0.8546
vn -0.6502 -0.5434 0.5309
vn -0.7603 -0.6186 0.1980
vn -0.7834 -0.6038 0.1475
vn -0.5539 -0.5922 0.5852
vn -0.5867 -0.3874 0.7111
vn -0.8063 -0.5444 0.2315
vn -0.6815 -0.4938 0.5402
vn -0.8721 -0.4214 0.2486
vn -0.9225 -0.3192 -0.2170
vn -0.8570 -0.1397 0.4961
vn -0.8287 -0.2314 0.5096
vn -0.6077 -0.3687 0.7033
vn -0.6937 -0.2232 0.6849
vn -0.7453 -0.3982 0.5348
vn -1.0000 0.0089 -0.0025
vn -0.9999 0.0104 0.0056
vn -1.0000 0.0090 -0.0020
vn -0.9999 0.0074 -0.0101
vn -0.7110 -0.5242 0.4687
vn -0.7341 -0.6786 -0.0253
vn -0.6279 -0.7768 -0.0478
vn -0.6821 -0.6267 -0.3768
vn -0.6757 -0.5510 -0.4897
vn -0.7591 -0.5981 0.2571
vn -0.7311 -0.2904 0.6173
vn -0.5413 -0.2660 0.7976
vn -0.6458 -0.3882 0.6574
vn -0.9573 -0.2837 -0.0552
vn -0.7915 -0.2192 0.5704
vn -0.8238 -0.0725 0.5622
vn -0.6358 -0.3421 0.6919
vn -0.6504 -0.4436 0.6165
vn -0.6980 -0.2327 0.6772
vn -0.5928 -0.0666 0.8026
vn -0.6155 -0.5005 0.6089
vn -0.7864 -0.5293 0.3184
vn -0.6214 -0.5582 0.5498
vn -0.5083 -0.5630 0.6516
vn -0.6696 -0.7249 0.1616
vn -0.9929 -0.1112 -0.0435
vn -0.9932 -0.1130 -0.0287
vn -0.9944 0.0327 0.1009
vn -0.9980 -0.0346 0.0520
vn -0.9575 0.1763 0.2284
vn -0.5685 0.3860 0.7265
vn -0.6193 0.0537 0.7833
vn -0.5849 0.1650 0.7941
vn -0.5604 0.3414 0.7546
vn -0.5848 0.4426 0.6798
vn -0.7470 -0.5573 0.3625
vn -0.7347 -0.1675 0.6574
vn -0.4959 -0.1051 0.8620
vn -0.5133 -0.1881 0.8373
vn -0.4617 -0.1582 0.8728
vn -0.4774 -0.1125 0.8714
vn -0.5587 -0.0741 0.8260
vn -0.7703 -0.5068 0.3870
vn -0.5180 -0.0106 0.8553
vn -0.9974 -0.0634 0.0340
vn -0.8296 0.3875 0.4021
vn -0.8337 0.3741 0.4061
vn -0.8508 0.3108 0.4237
vn -0.7499 -0.1031 0.6535
vn -0.7492 -0.6116 -0.2541
vn -0.4629 -0.8818 0.0900
vn -0.4556 -0.8861 0.0856
vn -0.4584 -0.8844 0.0873
vn -0.7193 -0.1542 0.6774
vn -0.6772 -0.0294 0.7352
vn -0.4658 -0.8801 0.0917
vn -0.5746 -0.1429 0.8058
vn -0.1051 -0.7434 0.6605
vn -0.0416 -0.8990 0.4359
vn -0.0800 -0.8155 0.5731
vn -0.1873 -0.7362 0.6504
vn -0.5734 -0.1650 0.8025
vn -0.6298 -0.1869 0.7540
vn -0.3301 -0.1775 0.9271
vn -0.3302 -0.1985 0.9228
vn -0.2531 -0.7870 0.5627
vn -0.1278 -0.7820 0.6100
vn -0.1383 -0.7910 0.5959
vn 0.0785 -0.4616 0.8836
vn 0.0891 -0.3387 0.9367
vn -0.0596 -0.3354 0.9402
vn -0.2802 -0.1650 0.9457
vn -0.1895 -0.7805 0.5957
vn -0.0129 -0.8970 0.4419
vn -0.2113 -0.4681 0.8580
vn -0.2083 -0.7783 0.5923
vn 0.0014 -0.9999 -0.0146
vn -0.0300 -0.9854 -0.1673
vn -0.2749 -0.9601 -0.0522
vn -0.1264 -0.4979 -0.8580
vn -0.0500 -0.6663 -0.7440
vn -0.0305 -0.9686 -0.2467
vn -0.4706 -0.6642 -0.5809
vn -0.3681 -0.7789 0.5077
vn -0.5412 -0.3059 0.7833
vn -0.7603 -0.5419 0.3582
vn -0.6073 -0.0867 0.7897
vn -0.4176 -0.8068 0.4179
vn -0.8675 -0.2354 0.4382
vn -0.8119 -0.5829 -0.0314
vn -0.7332 -0.5513 -0.3981
vn -0.5255 -0.4113 -0.7448
vn -0.8621 -0.2869 -0.4177
vn -0.9620 -0.2728 -0.0110
vn -0.9531 -0.2408 0.1836
vn -0.7102 -0.1183 0.6940
vn -0.9094 -0.2228 -0.3512
vn -0.9647 -0.2632 -0.0024
vn -0.6297 -0.2658 -0.7299
vn -0.1785 -0.3168 -0.9316
vn -0.0883 -0.3031 -0.9488
vn -0.1195 -0.7231 -0.6803
vn -0.0141 -0.5819 -0.8131
vn 0.0909 -0.7821 -0.6165
vn -0.4158 -0.3086 -0.8555
vn 0.0168 -0.7863 -0.6176
vn -0.5176 -0.7024 -0.4886
vn -0.2533 -0.5179 -0.8171
vn -0.5743 -0.5737 -0.5840
vn -0.5944 -0.7600 -0.2629
vn -0.3983 -0.1858 -0.8982
vn -0.6459 -0.6707 -0.3647
vn -0.6434 -0.1979 -0.7395
vn -0.8938 -0.3375 -0.2955
vn -0.7901 -0.5585 0.2524
vn -0.8503 -0.5031 0.1544
vn -0.8630 -0.4616 0.2053
vn -0.2893 -0.5252 0.8003
vn -0.3235 -0.4355 0.8400
vn -0.3920 -0.4136 0.8217
vn -0.8024 0.5968 -0.0016
vn -0.7937 0.5903 -0.1467
vn -0.8024 0.5968 -0.0013
vn -0.7941 0.5906 0.1438
vn -0.7093 0.2118 -0.6723
vn -0.6177 -0.1523 0.7715
vn -0.8702 -0.4894 0.0564
vn -0.6846 -0.0747 0.7251
vn -0.9590 -0.2748 -0.0699
vn -0.8626 0.0449 -0.5039
vn -0.7397 0.1371 0.6588
vn -0.6379 0.1456 0.7562
vn -0.9213 0.3803 0.0813
vn -0.9465 0.3066 0.1011
vn -0.8503 0.5249 0.0388
vn -0.9762 0.1701 0.1348
vn -0.7333 0.3770 -0.5658
vn -0.4971 0.2056 -0.8430
vn -0.3027 0.3438 -0.8889
vn -0.3114 0.4250 -0.8499
vn -0.5423 0.3214 -0.7763
vn -0.7370 0.4635 -0.4919
vn -0.3309 0.3452 -0.8783
vn -0.2552 0.4319 -0.8650
vn -0.8923 0.2595 -0.3695
vn -0.2549 0.3204 -0.9123
vn -0.4944 0.2366 -0.8364
vn -0.6720 0.0025 -0.7405
vn -0.4249 -0.5049 -0.7514
vn -0.2704 -0.3454 -0.8987
vn -0.2959 -0.3720 -0.8798
vn -0.1303 -0.1973 -0.9717
vn -0.8601 0.1709 -0.4807
vn -0.8756 0.1655 -0.4538
vn -0.9635 0.1204 -0.2391
vn -0.4842 0.4218 -0.7666
vn -0.7059 0.2074 -0.6773
vn -0.8980 -0.4248 -0.1144
vn -0.7876 -0.5353 -0.3052
vn -0.8066 -0.5875 -0.0645
vn -0.5127 0.2224 -0.8293
vn -0.5488 0.3575 -0.7557
vn -0.7651 -0.5983 -0.2379
vn -0.7023 -0.6348 -0.3221
vn -0.7004 -0.6357 -0.3244
vn -0.6537 0.2946 -0.6970
vn -0.6308 -0.6635 -0.4023
vn -0.4995 -0.2681 -0.8238
vn -0.6496 0.4254 -0.6302
vn -0.7621 0.3295 -0.5573
vn -0.5914 0.5056 -0.6282
vn -0.8146 0.5795 -0.0235
vn -0.8199 0.5610 0.1144
vn -0.8654 0.5000 0.0328
vn -0.7405 0.6623 0.1142
vn -0.9650 -0.2616 -0.0171
vn -0.9669 -0.2435 -0.0766
vn -0.8471 0.5311 -0.0193
vn -0.8944 -0.4472 -0.0074
vn -0.7803 -0.6251 0.0198
vn -0.5390 0.5007 -0.6773
vn -0.7914 -0.6086 0.0579
vn -0.8873 -0.4548 0.0765
vn -0.9674 -0.2504 0.0386
vn -0.8657 0.4944 -0.0785
vn -0.3864 -0.2575 0.8857
vn -0.7466 0.6652 -0.0117
vn -0.7490 0.6578 0.0801
vn -0.8116 0.5593 -0.1686
vn -0.6528 0.3475 0.6732
vn -0.7742 -0.5842 0.2433
vn -0.5541 -0.7688 0.3192
vn -0.6434 -0.7332 0.2202
vn -0.6437 -0.7331 0.2199
vn -0.6592 0.4332 0.6146
vn -0.7775 0.3218 0.5403
vn -0.6659 0.2828 0.6903
vn -0.7230 -0.6815 0.1131
vn -0.9644 0.2352 0.1204
vn -0.5412 0.3593 0.7602
vn -0.3696 0.0510 0.9278
vn -0.7303 0.6673 -0.1462
vn -0.5811 0.5226 0.6239
vn -0.7466 0.6594 -0.0882
vn -0.4652 0.4325 0.7724
vn -0.5324 0.5062 0.6785
vn -0.4420 0.2150 0.8709
vn -0.6404 0.2222 0.7352
vn -0.5142 -0.4642 0.7212
vn -0.3165 0.3467 0.8830
vn -0.7005 0.1648 0.6944
vn -0.7572 0.2913 0.5846
vn -0.5100 0.3172 0.7995
vn -0.4052 0.4203 0.8119
vn -0.3070 0.4241 0.8520
vn -0.2545 0.3201 0.9125
vn -0.5221 0.2849 0.8039
vn -0.4899 0.2062 0.8471
vn -0.3026 0.3440 0.8889
vn -0.4149 -0.1764 0.8926
vn -0.1379 -0.0787 0.9873
vn -0.1842 0.3139 0.9314
vn -0.6063 0.3850 0.6958
vn -0.5341 0.1155 0.8375
vn -0.3540 -0.3458 0.8690
vn 0.0945 -0.0750 0.9927
vn -0.5656 -0.2378 0.7897
vn -0.5977 -0.1264 0.7917
vn -0.5912 -0.3248 0.7382
vn -0.5867 -0.3206 0.7437
vn -0.5825 -0.2686 0.7671
vn -0.7327 -0.1511 0.6636
vn -0.8074 0.4496 0.3819
vn -0.6053 -0.3887 0.6946
vn -0.9006 0.0935 0.4245
vn -0.8900 0.2419 0.3865
vn -0.7034 -0.2079 0.6797
vn -0.5277 -0.5486 0.6486
vn -0.4597 -0.6344 0.6215
vn -0.8654 -0.4314 0.2548
vn -0.6328 0.0020 -0.7743
vn -0.7331 -0.2477 -0.6334
vn -0.8050 -0.2398 -0.5427
vn -0.7713 -0.5665 -0.2902
vn -0.5043 -0.5604 -0.6570
vn -0.5900 -0.0225 -0.8071
vn -0.8373 -0.1201 -0.5334
vn -0.8357 -0.5485 0.0258
vn -0.9072 -0.3734 -0.1939
vn -0.8516 -0.5031 -0.1476
vn -0.2792 0.3327 0.9008
vn -0.3418 0.1965 0.9190
vn -0.3670 0.2981 0.8812
vn -0.4802 0.2745 0.8331
vn -0.8475 -0.4734 -0.2400
vn -0.5095 0.2988 0.8070
vn -0.4462 0.2346 0.8636
vn -0.2009 0.4645 0.8625
vn -0.4280 0.8434 0.3249
vn -0.9229 -0.1487 0.3552
vn -0.9120 0.0572 0.4062
vn -0.9547 -0.0756 0.2879
vn -0.8168 0.0576 0.5740
vn -0.6799 -0.7025 -0.2102
vn -0.6058 -0.7807 -0.1530
vn -0.4204 0.2161 0.8812
vn -0.4098 0.1840 0.8934
vn -0.8280 -0.1053 0.5507
vn -0.7818 -0.2370 0.5767
vn -0.6066 -0.7320 -0.3101
vn -0.5430 -0.8200 -0.1811
vn -0.4426 0.2132 0.8710
vn -0.4346 0.1670 0.8850
vn -0.5164 0.2200 0.8276
vn -0.6202 -0.7372 -0.2680
vn -0.5815 0.0838 0.8092
vn -0.6864 -0.6673 -0.2890
vn -0.6759 0.1146 0.7281
vn -0.6410 -0.7456 -0.1824
vn -0.6351 -0.0125 0.7724
vn -0.6479 -0.7617 -0.0100
vn -0.6557 -0.7479 -0.1034
vn -0.6576 -0.7358 -0.1616
vn -0.6388 -0.7673 0.0565
vn -0.6553 0.0968 0.7491
vn -0.6956 0.1325 0.7061
vn -0.6566 0.0874 0.7492
vn -0.7684 0.1009 0.6320
vn -0.8226 -0.0152 0.5685
vn -0.9366 -0.0404 0.3482
vn -0.9461 -0.2581 0.1955
vn -0.9807 -0.0917 0.1724
vn -0.9536 0.1447 0.2640
vn -0.6336 -0.7578 0.1556
vn -0.5718 -0.7678 0.2889
vn -0.5798 -0.7866 0.2123
vn -0.5007 -0.8187 0.2812
vn -0.4872 -0.8565 0.1704
vn -0.7341 0.2973 0.6106
vn -0.7144 0.3352 0.6143
vn -0.7196 0.3901 0.5744
vn -0.8189 0.0631 0.5705
vn -0.7471 -0.6443 0.1633
vn -0.7352 -0.5741 0.3604
vn -0.7466 -0.6216 0.2372
vn -0.7220 -0.5402 0.4322
vn -0.7914 0.1231 0.5988
vn -0.9004 -0.0077 0.4350
vn -0.7921 0.2931 0.5354
vn -0.8824 0.0051 0.4705
vn -0.9552 -0.2429 0.1688
vn -0.8068 0.5093 0.2995
vn -0.8114 0.4874 0.3225
vn -0.7612 0.5014 0.4113
vn -0.6750 0.4719 0.5672
vn -0.7792 0.1968 0.5951
vn -0.8875 -0.0703 0.4554
vn -0.8959 0.0224 0.4436
vn -0.8426 -0.2477 0.4782
vn -0.7816 -0.5572 0.2805
vn -0.8175 -0.5050 0.2768
vn -0.8241 -0.4518 0.3415
vn -0.8272 0.1622 0.5381
vn -0.8387 0.2511 0.4833
vn -0.8970 -0.1799 0.4037
vn -0.7415 -0.5955 0.3091
vn -0.7343 -0.3901 0.5555
vn -0.7464 -0.5578 0.3630
vn -0.7173 -0.3201 0.6189
vn -0.5526 0.5613 0.6161
vn -0.5287 0.6893 0.4952
vn -0.5572 0.5061 0.6583
vn -0.5180 0.7244 0.4548
vn -0.7007 -0.4096 0.5842
vn -0.7009 -0.4441 0.5581
vn -0.7008 -0.4525 0.5515
vn -0.7002 -0.3965 0.5937
vn -0.5056 0.7067 0.4950
vn -0.4986 0.6869 0.5287
vn -0.4944 0.6757 0.5468
vn -0.8679 0.1898 0.4590
vn -0.9454 0.1508 0.2889
vn -0.8933 0.2227 0.3903
vn -0.4879 0.6586 0.5728
vn -0.9313 0.0164 0.3638
vn -0.8674 0.2526 0.4288
vn -0.9673 -0.1238 0.2214
vn -0.6991 0.2929 0.6523
vn -0.5831 0.0962 0.8067
vn -0.3117 0.0957 0.9454
vn -0.5837 0.1605 0.7959
vn -0.6889 0.0339 0.7240
vn -0.9520 0.0284 0.3049
vn -0.5613 0.1904 0.8054
vn -0.8486 0.2876 0.4440
vn -0.8781 0.2033 0.4331
vn -0.6254 0.1464 0.7664
vn -0.8270 0.3353 0.4514
vn -0.8686 0.4309 0.2448
vn -0.8659 0.4568 0.2039
vn -0.8914 0.0834 0.4454
vn -0.7547 0.0893 0.6500
vn -0.8065 0.1344 0.5757
vn -0.8422 -0.1181 0.5261
vn -0.8955 -0.0041 0.4450
vn -0.8647 -0.2264 0.4485
vn -0.3133 0.9260 -0.2107
vn -0.6455 0.0257 -0.7633
vn -0.8483 0.3321 0.4125
vn -0.1583 0.6454 0.7472
vn -0.2990 -0.4729 0.8288
vn -0.8244 -0.1318 0.5505
vn -0.3871 0.1846 0.9034
vn -0.6417 0.6390 0.4241
vn -0.7329 0.3666 0.5731
vn -0.3379 0.2094 0.9176
vn -0.3729 0.1106 0.9213
vn -0.6854 0.1783 0.7060
vn -0.9233 0.1511 0.3532
vn -0.3749 -0.0704 0.9244
vn -0.3570 -0.8693 0.3418
vn -0.2599 -0.8355 0.4841
vn -0.4599 -0.8413 0.2840
vn -0.7931 -0.5420 -0.2778
vn -0.6496 -0.6922 0.3143
vn -0.4674 -0.8153 0.3419
vn -0.5373 -0.7805 0.3195
vn -0.9242 0.1625 0.3456
vn -0.3881 -0.8234 0.4141
vn -0.5259 -0.7580 0.3858
vn -0.5948 -0.7776 0.2036
vn -0.6821 0.4996 0.5340
vn -0.8650 0.1087 0.4898
vn -0.7872 0.1315 0.6025
vn -0.9926 0.1022 0.0650
vn -0.9806 0.1731 -0.0916
vn -0.9955 0.0784 0.0527
vn -0.5363 -0.6803 0.4996
vn -0.6901 0.3496 0.6337
vn -0.7065 -0.0043 0.7077
vn -0.9852 0.0409 0.1663
vn -0.6907 0.4582 0.5594
vn -0.6334 0.6646 0.3963
vn -0.7110 0.4129 0.5692
vn -0.6523 0.2943 0.6985
vn -0.6009 -0.1037 0.7926
vn -0.6617 -0.2890 0.6919
vn -0.5669 -0.8057 0.1716
vn -0.5707 -0.8044 0.1651
vn -0.6261 0.5411 0.5615
vn -0.4741 0.3361 0.8138
vn -0.5482 0.4628 0.6966
vn -0.5765 -0.7956 0.1860
vn -0.7051 0.4081 0.5798
vn -0.7007 0.4458 0.5570
vn -0.7080 0.2116 0.6738
vn -0.8298 0.5453 0.1188
vn -0.5755 -0.7904 0.2099
vn -0.9991 -0.0434 -0.0014
vn -0.9954 -0.0630 0.0722
vn -0.9968 -0.0231 -0.0765
vn -0.9899 -0.0053 -0.1417
vn -0.6937 -0.0074 0.7202
vn -0.5292 0.1746 0.8303
vn -0.4713 0.2100 0.8566
vn -0.6616 0.2644 0.7017
vn -0.9388 0.0263 0.3434
vn -0.6861 0.2024 0.6988
vn -0.7128 0.3828 0.5878
vn -0.8060 0.2105 0.5532
vn -0.8613 0.2213 0.4573
vn -0.8945 0.2613 0.3627
vn -0.8213 -0.0840 0.5643
vn -0.5958 -0.3117 0.7402
vn -0.9133 0.1662 0.3719
vn -0.8644 0.3881 0.3198
vn -0.8673 0.4917 0.0781
vn -0.5538 -0.1998 0.8083
vn -0.5264 -0.3285 0.7842
vn -0.5772 -0.2779 0.7679
vn -0.9534 0.2958 0.0586
vn -0.9114 0.4059 0.0677
vn -0.8858 0.4112 0.2150
vn -0.3021 -0.6240 0.7207
vn -0.2775 -0.6758 0.6829
vn -0.9121 0.3999 0.0904
vn -0.8827 0.4695 -0.0221
vn -0.7463 0.4465 0.4936
vn -0.8135 0.5797 -0.0469
vn -0.8519 0.4810 0.2073
vn -0.6695 -0.0148 0.7426
vn -0.6509 0.0247 0.7588
vn -0.6244 0.1087 0.7735
vn -0.8386 0.5063 -0.2013
vn -0.9682 0.0391 0.2472
vn -0.7256 0.3800 0.5736
vn -0.7108 0.4766 0.5172
vn -0.6421 0.4168 0.6435
vn -0.7656 0.6433 -0.0015
vn -0.7671 0.6265 -0.1381
vn -0.7497 0.6618 -0.0019
vn -0.7679 0.6263 0.1347
vn -0.7276 0.3799 -0.5713
vn -0.6439 0.4172 -0.6413
vn -0.7128 0.4761 -0.5150
vn -0.5239 0.2853 -0.8026
vn -0.4120 0.4170 -0.8102
vn -0.3395 0.2085 -0.9172
vn -0.3737 0.1111 -0.9209
vn -0.3766 -0.0706 -0.9237
vn -0.7946 -0.5422 0.2731
vn -0.9812 0.1718 0.0874
vn -0.3905 0.1810 -0.9027
vn -0.1995 0.2244 -0.9539
vn -0.7886 0.1313 -0.6008
vn -0.8668 0.1084 -0.4868
vn -0.5254 -0.7585 -0.3855
vn -0.3900 -0.8229 -0.4132
vn -0.5365 -0.6808 -0.4987
vn -0.5953 -0.7774 -0.2031
vn -0.4656 -0.8167 -0.3408
vn -0.3596 -0.8685 -0.3411
vn -0.4584 -0.8418 -0.2851
vn -0.2608 -0.8336 -0.4870
vn -0.6823 0.1802 -0.7085
vn -0.5352 -0.7827 -0.3176
vn -0.6413 -0.7002 -0.3138
vn -0.7305 0.3701 -0.5739
vn -0.9192 0.1545 -0.3621
vn -0.6393 0.6458 -0.4174
vn -0.8641 -0.2302 -0.4476
vn -0.7892 -0.0096 -0.6140
vn -0.8244 -0.1411 -0.5481
vn -0.2975 -0.4669 -0.8328
vn -0.1551 0.6505 -0.7435
vn -0.6456 0.0292 0.7631
vn -0.3096 0.9282 0.2062
vn -0.8492 0.3340 -0.4090
vn -0.9267 0.1607 -0.3398
vn -0.8072 0.1360 -0.5745
vn -0.8951 -0.0025 -0.4458
vn -0.8920 0.0824 -0.4444
vn -0.8424 -0.1167 -0.5261
vn -0.8700 0.4270 -0.2467
vn -0.8667 0.4547 -0.2054
vn -0.7552 0.0898 -0.6494
vn -0.8303 0.5446 -0.1186
vn -0.9969 -0.0222 0.0754
vn -0.9991 -0.0425 0.0003
vn -0.9900 -0.0043 0.1408
vn -0.7059 0.4097 -0.5779
vn -0.7085 0.2115 -0.6733
vn -0.6763 0.6295 -0.3825
vn -0.6306 0.6478 -0.4275
vn -0.4727 0.3366 -0.8144
vn -0.7010 0.4479 -0.5549
vn -0.9953 -0.0622 -0.0736
vn -0.5764 -0.7958 -0.1853
vn -0.5760 -0.7897 -0.2112
vn -0.5665 -0.8065 -0.1691
vn -0.5683 -0.8071 -0.1597
vn -0.7963 0.1252 0.5919
vn -0.8072 0.1209 0.5778
vn -0.8103 0.1254 0.5725
vn -0.6491 0.7097 0.2740
vn -0.6086 0.7722 0.1825
vn -0.5874 0.7899 0.1763
vn -0.5819 0.7610 0.2869
vn -0.7984 -0.4419 0.4089
vn -0.8417 0.4961 0.2130
vn -0.5445 0.0942 0.8335
vn -0.8677 0.4490 0.2131
vn -0.3709 0.9269 0.0570
vn -0.3788 0.9151 0.1384
vn -0.3866 0.8384 0.3842
vn -0.3835 0.8011 0.4596
vn -0.6727 -0.2062 0.7106
vn -0.6341 0.0289 0.7727
vn -0.6179 0.0892 0.7811
vn -0.6749 -0.2398 0.6978
vn -0.4988 0.6929 0.5206
vn -0.5034 0.6691 0.5467
vn -0.5024 0.6748 0.5406
vn -0.4976 0.6989 0.5138
vn -0.4625 -0.8326 0.3046
vn -0.5538 -0.7862 0.2743
vn -0.4655 -0.7844 0.4100
vn -0.5270 -0.7565 0.3873
vn -0.6018 -0.7741 0.1964
vn -0.2765 0.3421 0.8981
vn -0.3763 0.9100 0.1740
vn -0.3912 0.9067 0.1576
vn -0.3623 0.8975 0.2515
vn -0.3831 0.8840 0.2679
vn -0.9253 0.3627 0.1105
vn -0.9272 0.3307 0.1762
vn -0.5994 0.7569 0.2605
vn -0.9191 0.3280 0.2182
vn -0.7795 -0.0818 0.6211
vn -0.7407 -0.0800 0.6670
vn -0.7989 -0.0753 0.5967
vn -0.1958 0.6099 0.7679
vn -0.7256 -0.0848 0.6829
vn -0.9203 0.3838 0.0759
vn -0.9061 0.2924 0.3058
vn -0.8010 0.5923 0.0874
vn -0.7083 0.7023 0.0713
vn -0.9024 0.4031 0.1519
vn -0.3281 -0.7826 0.5290
vn -0.7010 0.4397 0.5615
vn -0.5684 0.5880 0.5755
vn -0.5916 0.4764 0.6505
vn -0.8290 -0.0304 0.5584
vn -0.8278 -0.0295 0.5602
vn -0.8300 -0.0312 0.5569
vn -0.3499 -0.7803 0.5184
vn -0.8313 -0.0321 0.5550
vn -0.4905 -0.8511 -0.1870
vn -0.7754 0.3745 0.5084
vn -0.8607 0.4584 0.2214
vn -0.8965 0.3928 0.2049
vn -0.7611 0.4710 0.4460
vn -0.7892 0.3386 0.5123
vn -0.7618 -0.1873 0.6201
vn -0.7854 -0.2546 0.5642
vn -0.6797 -0.1341 0.7212
vn -0.5236 -0.2196 0.8232
vn -0.8367 0.1432 0.5286
vn -0.7821 0.2809 0.5563
vn -0.5708 -0.5179 0.6371
vn -0.7540 -0.3049 0.5819
vn -0.7839 -0.4527 0.4250
vn -0.7802 -0.0259 0.6249
vn -0.9262 -0.2413 0.2897
vn -0.8853 -0.4244 0.1900
vn -0.9791 -0.1479 0.1399
vn -0.9792 -0.0692 0.1906
vn -0.7900 -0.6116 0.0429
vn -0.4385 0.7857 0.4362
vn -0.5362 0.6826 0.4966
vn -0.4390 0.7888 0.4301
vn -0.5857 0.5624 0.5836
vn -0.8267 0.1854 0.5313
vn -0.8094 0.2648 0.5241
vn -0.6190 0.7083 0.3393
vn -0.9696 -0.2412 0.0424
vn -0.5955 0.7292 0.3373
vn -0.5425 0.6729 0.5028
vn -0.4602 0.7296 0.5059
vn -0.4453 0.6494 0.6164
vn -0.8005 -0.2062 0.5628
vn -0.7913 -0.2266 0.5679
vn -0.8126 -0.3419 0.4719
vn -0.1763 0.9808 -0.0830
vn -0.1775 0.8315 0.5265
vn -0.6969 -0.6964 0.1713
vn -0.7196 -0.6319 0.2878
vn -0.7253 -0.6005 0.3365
vn -0.6889 -0.7112 0.1401
vn -0.6153 0.6256 0.4795
vn -0.5607 0.6666 0.4912
vn -0.7171 0.1405 0.6826
vn -0.5585 -0.8242 -0.0942
vn -0.5475 -0.8193 -0.1703
vn -0.5214 -0.8532 0.0095
vn -0.5103 -0.8574 0.0673
vn -0.4651 -0.8772 0.1190
vn -0.4650 -0.2811 0.8395
vn -0.4500 0.7152 0.5348
vn 0.1580 0.9848 0.0726
vn 0.1759 0.9689 0.1740
vn 0.0382 0.9855 -0.1656
vn 0.1924 0.9299 0.3133
vn 0.2198 0.9183 0.3293
vn 0.3119 0.5296 0.7889
vn 0.6509 0.6851 0.3272
vn 0.7235 -0.2268 0.6520
vn 0.7410 -0.0313 0.6708
vn 0.7303 -0.0174 0.6829
vn 0.6816 -0.2340 0.6933
vn -0.8975 0.1109 0.4268
vn -0.9153 0.0916 0.3923
vn -0.8438 0.2368 0.4817
vn -0.8108 0.0483 0.5834
vn -0.8394 0.2553 0.4798
vn -0.8947 0.2360 0.3793
vn 0.5074 -0.4699 0.7223
vn 0.4093 -0.3933 0.8233
vn -0.7868 0.0477 0.6153
vn -0.7342 -0.1213 0.6680
vn 0.2582 -0.5827 0.7706
vn 0.2175 -0.4873 0.8457
vn -0.7170 -0.1298 0.6849
vn -0.6507 -0.1930 0.7344
vn -0.9193 0.0631 -0.3884
vn -0.9386 0.2169 -0.2684
vn -0.8821 0.2289 -0.4118
vn -0.8249 0.4654 -0.3207
vn -0.9649 -0.0102 -0.2623
vn -0.7413 -0.6570 -0.1370
vn -0.8821 0.4351 -0.1804
vn -0.9615 0.2743 0.0166
vn -0.5591 -0.4436 -0.7005
vn -0.3365 -0.9168 -0.2153
vn -0.3136 -0.9163 -0.2491
vn -0.3027 -0.9531 -0.0012
vn -0.9116 -0.3794 -0.1585
vn -0.9837 -0.1431 0.1093
vn -0.8939 0.2468 0.3742
vn -0.8323 -0.5136 0.2087
vn -0.2986 -0.9539 0.0311
vn -0.9173 0.2698 0.2927
vn -0.7600 -0.4671 0.4520
vn -0.2153 -0.8985 0.3826
vn -0.7888 -0.4191 0.4496
vn -0.8420 0.4117 0.3487
vn 0.0756 0.9762 -0.2031
vn -0.2659 -0.8776 0.3990
vn -0.8469 0.4486 0.2856
vn -0.1461 0.9822 -0.1183
vn -0.8635 0.4486 0.2306
vn -0.1768 0.9831 -0.0476
vn -0.9331 0.3561 0.0508
vn -0.9241 0.3735 0.0805
vn -0.9588 0.2636 -0.1060
vn -0.5207 -0.5514 0.6518
vn -0.3652 -0.6222 0.6925
vn -0.2203 -0.8037 0.5528
vn -0.2091 -0.4583 0.8639
vn -0.7109 -0.4755 0.5181
vn -0.1424 -0.5038 0.8520
vn -0.7011 -0.5459 0.4588
vn -0.2124 0.1622 0.9636
vn -0.2204 0.1666 0.9611
vn -0.2382 0.1764 0.9551
vn -0.9653 0.2417 0.0988
vn -0.9727 0.0414 0.2284
vn -0.1954 0.1529 0.9687
vn -0.9873 0.1418 0.0711
vn -0.8709 0.4914 -0.0069
vn -0.1906 0.7828 0.5923
vn -0.7650 0.6425 0.0443
vn -0.7406 0.3995 0.5402
vn -0.8344 0.2329 0.4996
vn -0.8029 0.5841 -0.1191
vn -0.6910 0.7226 0.0206
vn -0.7326 0.6805 0.0173
vn -0.7792 -0.4566 -0.4294
vn -0.7792 -0.4566 -0.4295
vn -0.6335 0.7634 0.1263
vn -0.7792 -0.4567 -0.4294
vn -0.3091 -0.9007 0.3052
vn -0.2218 -0.9506 0.2173
vn -0.3281 -0.7654 0.5536
vn -0.7150 0.6890 0.1186
vn -0.8731 -0.4681 0.1363
vn -0.7678 0.6311 -0.1110
vn -0.3812 -0.6819 0.6242
vn -0.4476 -0.7858 0.4268
vn -0.4593 -0.3267 0.8260
vn -0.1400 -0.4241 0.8947
vn -0.7734 0.5841 -0.2463
vn -0.6228 -0.2037 0.7554
vn -0.5113 -0.3418 0.7885
vn 0.2474 -0.5812 0.7752
vn 0.2199 -0.6061 0.7644
vn 0.2739 -0.4965 0.8237
vn -0.4661 0.7371 0.4893
vn -0.3927 0.7966 0.4596
vn -0.5632 0.6124 0.5548
vn -0.7545 0.5792 0.3086
vn -0.3237 0.8554 0.4043
vn -0.5992 -0.7414 0.3022
vn -0.6165 -0.5286 0.5836
vn -0.6100 -0.6997 0.3719
vn -0.3187 0.8424 0.4346
vn -0.6049 -0.4408 0.6632
vn -0.6834 -0.5468 0.4837
vn -0.5278 0.0562 0.8475
vn -1.0000 -0.0001 -0.0012
vn -0.5446 -0.6265 0.5576
vn -0.5399 -0.8009 0.2588
vn -0.6497 -0.2151 0.7291
vn -0.6453 -0.6528 0.3967
vn -0.7982 -0.5459 -0.2547
vn -0.8651 -0.4554 -0.2103
vn -0.8539 -0.4944 -0.1623
vn -0.3018 -0.5172 -0.8009
vn -0.4029 -0.4135 -0.8165
vn -0.3326 -0.4357 -0.8364
vn -0.6340 -0.1504 -0.7586
vn -0.8852 -0.3586 0.2964
vn -0.6931 -0.0701 -0.7175
vn -0.8710 -0.4863 -0.0705
vn -0.7396 0.1480 -0.6566
vn -0.9566 -0.2867 0.0519
vn -0.6088 0.1554 -0.7780
vn -0.8632 0.0191 0.5044
vn -0.9481 0.2780 -0.1543
vn -0.9199 0.3706 -0.1282
vn -0.8354 0.5449 -0.0721
vn -0.9745 0.1093 -0.1961
vn 0.2223 0.9750 -0.0057
vn 0.2298 0.9721 0.0469
vn 0.2253 0.9687 0.1040
vn 0.5967 0.6538 -0.4652
vn 0.5809 0.6934 -0.4263
vn 0.5708 0.7755 -0.2698
vn 0.3451 0.9134 0.2161
vn 0.6683 0.7254 -0.1649
vn 0.1986 0.9531 0.2284
vn 0.6475 0.7493 -0.1389
vn 0.6654 0.4326 -0.6084
vn 0.6309 0.4994 -0.5939
vn 0.7553 0.1776 -0.6308
vn 0.7784 0.0536 -0.6255
vn 0.4998 0.8607 -0.0974
vn 0.5055 0.8607 -0.0608
vn 0.5110 0.8593 -0.0208
vn 0.5737 0.7759 0.2623
vn 0.4897 0.8482 0.2019
vn 0.3255 0.9194 0.2208
vn 0.7394 0.6378 -0.2156
vn 0.8429 0.3317 -0.4237
vn 0.6626 0.4941 -0.5629
vn 0.7447 0.4733 -0.4705
vn 0.5152 0.8569 0.0147
vn 0.6795 0.2996 -0.6697
vn 0.6727 0.2350 -0.7016
vn 0.6757 0.2135 -0.7056
vn 0.2885 0.9124 0.2903
vn 0.2851 0.9171 0.2785
vn 0.2867 0.9149 0.2841
vn 0.6932 0.6908 -0.2055
vn 0.2901 0.9101 0.2959
vn 0.4330 0.8248 -0.3637
vn 0.4998 0.7217 -0.4789
vn 0.4457 0.8083 -0.3848
vn 0.5206 0.6792 -0.5174
vn 0.1250 0.8188 0.5603
vn 0.1517 0.8019 0.5779
vn 0.1223 0.8259 0.5504
vn 0.1686 0.7675 0.6186
vn 0.5843 0.7999 0.1371
vn 0.6500 0.7429 0.1597
vn 0.1990 0.7106 0.6748
vn 0.8019 0.5948 0.0561
vn 0.2083 0.6692 0.7133
vn 0.7367 0.5039 0.4509
vn 0.3578 0.8731 -0.3311
vn 0.3885 0.7209 -0.5740
vn 0.3619 0.8620 -0.3550
vn 0.3903 0.6918 -0.6075
vn 0.1023 0.4707 0.8763
vn 0.0853 0.6353 0.7676
vn 0.2835 0.5603 0.7783
vn 0.1662 0.6613 0.7315
vn 0.5040 0.5491 0.6667
vn 0.8893 0.3759 0.2605
vn 0.9397 0.3418 0.0071
vn 0.7605 0.6423 -0.0948
vn 0.9471 0.3169 -0.0505
vn 0.9103 0.1077 -0.3997
vn 0.7973 0.5013 0.3363
vn 0.2681 0.5757 0.7724
vn 0.9240 0.3397 0.1754
vn 0.4361 0.7028 -0.5620
vn 0.4562 0.5810 -0.6740
vn 0.4044 0.7265 -0.5556
vn 0.5262 0.4133 -0.7432
vn 0.5351 0.5781 -0.6160
vn 0.4856 0.6765 -0.5537
vn 0.9026 0.1328 -0.4094
vn 0.9582 0.2860 -0.0099
vn 0.9522 0.1507 -0.2658
vn 0.4516 0.0599 -0.8902
vn 0.4894 -0.1602 -0.8572
vn 0.4963 -0.2290 -0.8374
vn 0.4328 0.1365 -0.8911
vn 0.4484 0.8807 -0.1527
vn 0.5582 0.6000 -0.5731
vn 0.4231 0.5468 -0.7225
vn 0.5090 0.6044 -0.6128
vn 0.6424 0.5747 -0.5070
vn 0.4239 0.5310 -0.7337
vn 0.3008 0.8723 0.3854
vn 0.2937 0.8301 0.4739
vn 0.3021 0.8813 0.3635
vn 0.2924 0.8231 0.4869
vn 0.3964 0.1611 -0.9038
vn 0.4046 0.2795 -0.8708
vn 0.4066 0.3602 -0.8396
vn 0.3566 -0.1109 -0.9277
vn 0.2851 0.4415 -0.8508
vn 0.1508 0.7002 0.6979
vn 0.1745 0.6412 0.7472
vn 0.1307 0.7788 0.6136
vn 0.1938 0.5502 0.8122
vn 0.2351 0.3999 0.8859
vn 0.2526 0.2991 0.9202
vn 0.3518 0.9293 0.1129
vn 0.3516 0.9292 0.1139
vn 0.3515 0.9292 0.1141
vn 0.3518 0.9293 0.1126
vn 0.3720 0.6928 0.6178
vn 0.3825 -0.1167 0.9165
vn 0.3421 0.8979 0.2771
vn 0.2625 0.9286 -0.2623
vn 0.3101 0.8775 -0.3658
vn 0.2577 0.9408 -0.2204
vn 0.2321 0.9668 -0.1070
vn 0.1663 0.9859 -0.0190
vn 0.8795 0.2460 0.4074
vn 0.8553 0.4540 0.2497
vn 0.8780 0.2051 0.4325
vn 0.1513 0.9866 -0.0618
vn 0.9044 0.4126 0.1086
vn 0.1065 0.9925 0.0600
vn 0.0956 0.9939 0.0543
vn 0.1053 0.9944 0.0033
vn 0.2769 -0.6089 0.7434
vn 0.2767 -0.7292 0.6258
vn 0.3472 -0.8755 0.3361
vn 0.3050 -0.8663 0.3955
vn 0.3685 -0.9071 0.2037
vn 0.4405 -0.3197 0.8389
vn 0.1018 0.9531 -0.2850
vn 0.1654 0.9259 0.3397
vn 0.2121 0.7952 0.5681
vn 0.2043 0.8244 0.5278
vn 0.2390 0.6462 0.7248
vn 0.8489 0.0725 0.5235
vn 0.8844 -0.0487 0.4641
vn 0.2870 -0.4785 0.8299
vn 0.9113 0.1615 0.3788
vn 0.9487 0.2639 0.1740
vn 0.8967 0.4426 0.0008
vn 0.8948 0.4313 -0.1153
vn 0.9885 0.1194 0.0928
vn 0.9220 0.2606 0.2864
vn 0.9910 -0.0199 -0.1320
vn 0.9290 0.0478 -0.3670
vn 0.8746 0.4817 -0.0547
vn 0.8086 0.5883 -0.0114
vn 0.7761 0.5106 -0.3699
vn 0.8617 0.3681 0.3491
vn 0.9086 0.4134 0.0588
vn 0.8162 0.5743 -0.0631
vn 0.8171 0.5706 0.0820
vn 0.8259 0.5638 0.0035
vn 0.8469 0.5200 -0.1106
vn 0.9034 0.3964 -0.1637
vn 0.8185 0.5599 0.1287
vn 0.8169 0.5611 -0.1337
vn 0.8516 0.5242 0.0006
vn 0.7618 0.5896 0.2683
vn 0.8393 0.5057 -0.1997
vn 0.8779 0.2881 0.3824
vn 0.8212 0.5684 -0.0503
vn 0.6580 0.5002 0.5629
vn 0.6387 0.6648 0.3874
vn 0.9683 0.0410 0.2463
vn 0.9852 0.0428 0.1658
vn 0.9925 0.1026 0.0667
vn 0.6850 0.4970 0.5327
vn 0.9954 0.0794 0.0538
vn 0.6876 0.3524 0.6348
vn 0.6704 0.4806 0.5653
vn 0.9379 0.1079 0.3296
vn 0.9329 0.1029 0.3452
vn 0.8769 0.2980 0.3773
vn 0.8704 0.4496 -0.2007
vn 0.8461 0.4988 -0.1881
vn 0.8661 0.4643 -0.1853
vn 0.9197 0.0236 0.3920
vn 0.7507 0.6456 -0.1403
vn 0.9030 0.2173 0.3708
vn 0.6998 0.7052 -0.1139
vn 0.1659 0.9685 -0.1859
vn 0.2288 0.8799 -0.4165
vn 0.2187 0.8580 -0.4647
vn 0.1976 0.9567 -0.2137
vn 0.6658 0.7458 -0.0228
vn 0.0916 0.9957 -0.0096
vn 0.0920 0.9948 -0.0426
vn 0.3111 -0.2441 0.9185
vn 0.3162 -0.3118 0.8960
vn 0.3152 -0.2963 0.9016
vn 0.3104 -0.2358 0.9209
vn 0.9188 0.0293 0.3937
vn 0.8996 0.0209 0.4363
vn 0.8963 -0.0001 0.4434
vn 0.3096 0.9226 0.2302
vn 0.2770 0.9556 0.1001
vn 0.3656 0.9284 0.0663
vn 0.9142 -0.0333 0.4039
vn 0.3249 0.9411 -0.0939
vn 0.1761 0.9833 0.0453
vn 0.2250 0.9686 -0.1058
vn 0.3438 -0.4764 0.8092
vn 0.3671 -0.6401 0.6749
vn 0.3320 -0.2547 0.9083
vn 0.3485 -0.6829 0.6420
vn 0.3750 -0.7117 0.5940
vn 0.3068 -0.0837 0.9481
vn 0.5481 -0.5348 0.6431
vn 0.5486 -0.0168 0.8359
vn 0.4385 0.8987 -0.0066
vn 0.3450 0.9367 0.0601
vn 0.4363 0.8993 -0.0305
vn 0.3210 0.9463 -0.0385
vn 0.2425 0.9692 0.0436
vn 0.8729 0.4530 0.1813
vn 0.9330 0.2456 0.2630
vn 0.8647 0.3738 0.3354
vn 0.9664 0.2020 0.1591
vn 0.3090 0.9305 -0.1966
vn 0.3478 0.9086 -0.2313
vn 0.3492 0.8986 -0.2658
vn 0.3856 -0.4852 0.7848
vn 0.3908 -0.6429 0.6588
vn 0.3615 -0.7049 0.6103
vn 0.3486 -0.7481 0.5647
vn 0.3397 -0.6994 0.6289
vn 0.3439 -0.6761 0.6517
vn 0.5441 0.7806 0.3077
vn 0.6107 0.7193 0.3311
vn 0.6664 0.6276 0.4025
vn 0.6611 0.7415 0.1143
vn 0.6509 0.7590 -0.0168
vn 0.8942 -0.2360 0.3804
vn 0.7289 0.5189 0.4466
vn 0.6645 0.4470 0.5989
vn 0.6144 0.5149 0.5978
vn 0.8089 0.3528 0.4704
vn 0.8831 0.3081 0.3539
vn 0.8780 0.2902 0.3806
vn 0.8435 -0.4925 0.2146
vn 0.9136 -0.4056 0.0300
vn 0.7882 -0.5663 0.2409
vn 0.7417 -0.5539 0.3782
vn 0.6554 -0.7427 0.1370
vn 0.6438 -0.7528 0.1374
vn 0.5585 -0.8276 -0.0560
vn 0.8343 0.3407 0.4335
vn 0.4891 -0.6486 0.5832
vn 0.8675 0.4529 0.2058
vn 0.9059 0.4147 -0.0858
vn 0.9781 -0.2003 -0.0565
vn 0.7898 -0.4650 0.4000
vn 0.8001 -0.4794 0.3605
vn 0.7868 -0.4610 0.4104
vn 0.7731 -0.4435 0.4535
vn 0.9755 0.1790 0.1281
vn 0.5256 0.2623 0.8093
vn 0.8042 0.5944 0.0006
vn 0.8670 0.4775 -0.1425
vn 0.7868 0.6172 -0.0051
vn 0.7177 0.6804 0.1483
vn 0.8850 0.4395 -0.1536
vn 0.6325 -0.5126 0.5807
vn 0.5999 -0.4999 0.6247
vn 0.7496 -0.4964 0.4378
vn 0.6103 -0.6542 0.4467
vn 0.8893 0.4219 -0.1766
vn 0.8990 0.1654 0.4056
vn 0.5945 -0.6951 0.4043
vn 0.6317 -0.7167 0.2954
vn 0.7856 -0.5362 0.3088
vn 0.3266 0.8903 0.3173
vn 0.3256 0.8951 0.3047
vn 0.2514 0.8091 0.5312
vn 0.7165 -0.6810 0.1509
vn 0.2801 0.8451 0.4554
vn 0.2214 0.7616 0.6091
vn 0.6035 -0.7829 0.1513
vn 0.7352 -0.6095 0.2964
vn 0.2313 0.7237 0.6502
vn 0.5153 -0.8300 0.2133
vn 0.2654 0.7005 0.6624
vn 0.2049 0.5180 0.8305
vn 0.5009 -0.8388 0.2131
vn 0.5046 -0.8375 0.2098
vn 0.7637 -0.3225 0.5592
vn 0.7614 -0.3149 0.5667
vn 0.7666 -0.3271 0.5525
vn 0.7975 -0.3311 0.5044
vn -0.4853 0.8454 0.2231
vn -0.2791 0.9211 0.2713
vn -0.3994 0.8709 0.2864
vn -0.5372 0.8356 0.1147
vn -0.5649 0.7960 0.2174
vn 0.4644 0.8840 -0.0527
vn 0.4557 0.8883 0.0569
vn 0.7363 0.6762 0.0257
vn 0.7569 0.6422 -0.1214
vn 0.8821 0.2929 0.3690
vn 0.8841 0.2855 0.3700
vn 0.8242 0.1586 0.5436
vn -0.4792 0.3736 0.7942
vn -0.5338 0.1261 0.8362
vn -0.4072 0.4516 0.7939
vn -0.5865 0.0500 0.8084
vn 0.8246 0.1566 0.5436
vn 0.7724 0.0003 0.6352
vn -0.5714 -0.3525 0.7411
vn -0.5859 -0.3603 0.7259
vn 0.7688 -0.0081 0.6394
vn 0.7577 -0.1727 0.6293
vn 0.7189 -0.4166 -0.5564
vn 0.7766 -0.5485 -0.3099
vn 0.5881 -0.6799 -0.4380
vn 0.4944 -0.8172 -0.2962
vn 0.7654 -0.1742 0.6195
vn -0.5206 -0.5446 0.6576
vn 0.8263 -0.2832 0.4868
vn 0.9489 -0.2221 -0.2244
vn 0.7141 0.3562 -0.6026
vn 0.7714 0.1807 -0.6101
vn 0.7868 0.2131 -0.5792
vn 0.4839 -0.8151 -0.3185
vn 0.9139 -0.3902 -0.1121
vn -0.2092 -0.1800 0.9612
vn 0.3517 -0.9232 0.1550
vn 0.4624 -0.8520 0.2456
vn 0.4609 -0.8024 0.3791
vn 0.9811 -0.1696 -0.0937
vn 0.6091 -0.6672 0.4288
vn 0.3945 -0.8648 0.3108
vn 0.9038 0.3883 0.1798
vn 0.5149 -0.6687 0.5364
vn 0.8689 0.4884 -0.0810
vn 0.9023 0.4242 -0.0775
vn 0.4521 -0.7180 0.5292
vn 0.4835 -0.7428 0.4632
vn 0.9541 0.2799 -0.1069
vn 0.4567 -0.6906 0.5608
vn 0.6744 0.4816 0.5597
vn 0.8990 -0.0722 0.4319
vn 0.8622 0.0371 0.5052
vn 0.8971 -0.0650 0.4369
vn 0.9684 0.2373 0.0770
vn 0.2354 0.0383 0.9712
vn 0.2028 0.1181 0.9721
vn 0.2555 0.1008 0.9615
vn 0.1700 0.2753 0.9462
vn 0.9198 -0.1869 0.3451
vn 0.9477 0.0766 0.3099
vn 0.9582 0.0387 0.2835
vn 0.9517 -0.0284 0.3059
vn 0.8977 0.0260 0.4398
vn 0.1273 0.3135 0.9410
vn 0.8664 -0.2592 0.4268
vn 0.1471 0.4828 0.8633
vn 0.8185 0.4983 0.2860
vn 0.8782 0.3975 0.2660
vn 0.7031 0.3915 0.5936
vn 0.5302 0.4240 0.7343
vn 0.5022 0.2400 0.8308
vn 0.6486 0.3053 0.6973
vn 0.5097 0.1702 0.8434
vn 0.5976 0.2141 0.7726
vn 0.6177 -0.1078 0.7790
vn 0.7067 -0.0042 0.7075
vn 0.5822 0.0696 0.8101
vn 0.8887 -0.3020 0.3449
vn 0.5617 0.0903 0.8224
vn 0.6619 -0.2898 0.6913
vn 0.6743 -0.3535 0.6483
vn 0.5758 -0.2867 0.7657
vn 0.9014 0.0785 0.4258
vn 0.5514 0.1754 0.8156
vn 0.7331 0.6135 0.2935
vn 0.7777 0.5850 0.2301
vn 0.7396 -0.0249 0.6726
vn 0.8313 0.3120 0.4600
vn 0.9066 -0.0122 0.4218
vn 0.8959 0.4418 0.0480
vn 0.8663 0.4455 0.2261
vn 0.8504 0.5260 0.0099
vn 0.9507 0.3100 -0.0121
vn 0.9900 0.1340 -0.0437
vn 0.6309 0.3695 -0.6822
vn 0.3937 0.6090 -0.6886
vn 0.3807 0.6063 -0.6982
vn 0.8353 -0.2893 0.4675
vn 0.4374 0.8160 -0.3779
vn 0.4951 0.8215 -0.2830
vn 0.8463 -0.3574 0.3951
vn 0.4883 0.8303 -0.2687
vn 0.9998 -0.0032 -0.0190
vn 0.9908 0.0697 0.1159
vn 0.9803 0.0994 0.1710
vn 0.9441 0.1619 0.2872
vn 0.8429 0.5242 0.1214
vn -0.1242 -0.6929 0.7103
vn -0.0002 -0.8072 0.5903
vn 0.0882 -0.8193 0.5665
vn 0.3495 -0.9205 0.1750
vn 0.4108 -0.9053 0.1077
vn 0.4236 -0.8946 -0.1423
vn -0.1666 -0.6821 0.7120
vn 0.9328 -0.1278 0.3369
vn 0.8703 -0.2464 0.4264
vn 0.8911 -0.0659 0.4490
vn 0.9477 -0.0891 0.3064
vn 0.8798 0.4674 -0.0861
vn 0.6874 0.7157 -0.1236
vn 0.7476 0.6545 -0.1127
vn 0.8998 0.4276 -0.0867
vn 0.8901 0.4439 -0.1037
vn 0.6933 0.7175 -0.0674
vn 0.7323 0.6745 -0.0936
vn 0.6878 0.7254 -0.0245
vn 0.9214 0.0682 0.3825
vn 0.7538 0.4487 0.4802
vn 0.8234 0.3043 0.4790
vn 0.7170 0.5560 0.4204
vn 0.6314 0.6367 0.4427
vn 0.5680 0.5705 0.5932
vn 0.7649 -0.3315 0.5523
vn 0.7851 -0.3078 0.5375
vn 0.7152 -0.5908 0.3734
vn 0.8720 -0.0758 0.4837
vn 0.9131 -0.0225 0.4070
vn 0.8993 -0.0076 0.4373
vn 0.7928 0.0371 0.6083
vn 0.6312 0.7572 0.1680
vn 0.6026 0.6824 0.4137
vn 0.6107 0.7243 0.3199
vn 0.6089 0.5034 0.6131
vn 0.6084 0.5457 0.5763
vn 0.5891 0.4511 0.6705
vn 0.6956 -0.5896 0.4106
vn 0.6883 -0.5157 0.5103
vn 0.7048 -0.6257 0.3343
vn 0.8445 -0.3636 0.3932
vn 0.8721 -0.3375 0.3544
vn 0.9375 -0.3179 0.1413
vn 0.5232 0.5688 0.6346
vn 0.5196 0.5973 0.6109
vn 0.5295 0.4759 0.7022
vn 0.5301 0.4344 0.7283
vn 0.7571 0.5036 0.4161
vn 0.7962 0.2353 0.5574
vn 0.7749 0.4399 0.4539
vn 0.6589 -0.4738 0.5843
vn 0.6974 -0.4027 0.5928
vn 0.6579 -0.4700 0.5884
vn 0.8444 0.5205 -0.1265
vn 0.8060 -0.1036 0.5828
vn 0.7625 -0.3489 0.5448
vn 0.8967 -0.1920 0.3989
vn 0.7949 -0.4564 0.3998
vn 0.3831 0.8993 0.2110
vn 0.3877 0.9094 0.1506
vn 0.3843 0.9021 0.1964
vn 0.9337 -0.2530 0.2535
vn 0.3783 0.8888 0.2588
vn 0.8173 0.5491 -0.1747
vn 0.5812 0.3739 0.7228
vn 0.5591 0.3874 0.7330
vn 0.9501 -0.0952 0.2972
vn 0.9952 -0.0778 0.0599
vn 0.8211 0.1730 0.5439
vn 0.8556 0.1680 0.4897
vn 0.6514 0.2107 0.7288
vn 0.9067 -0.0736 0.4152
vn 0.9702 -0.0727 0.2312
vn 0.6778 0.4453 0.5851
vn 0.6177 0.1519 0.7716
vn 0.4059 -0.8195 0.4045
vn 0.4138 -0.8509 0.3235
vn 0.3534 -0.8206 0.4492
vn 0.3853 -0.7681 0.5115
vn 0.4045 -0.7538 0.5179
vn 0.3874 -0.7215 0.5738
vn 0.6056 0.6340 0.4809
vn 0.6165 0.6351 0.4654
vn 0.6288 0.5486 0.5511
vn 0.6206 0.5861 0.5210
vn 0.6467 0.3882 0.6565
vn 0.9383 -0.0794 0.3367
vn 0.9040 -0.1180 0.4109
vn 0.6299 0.3230 0.7063
vn 0.6064 0.3138 0.7306
vn 0.6061 0.3098 0.7326
vn 0.8209 -0.5487 0.1585
vn 0.8144 -0.5509 0.1820
vn 0.8851 -0.3619 0.2927
vn 0.9030 -0.2427 0.3544
vn 0.9680 -0.0247 0.2497
vn 0.8948 -0.2872 0.3418
vn 0.8975 -0.1276 0.4223
vn 0.8236 -0.4722 0.3141
vn 0.9131 -0.2440 -0.3268
vn 0.9048 -0.0804 0.4183
vn 0.8951 -0.1030 0.4337
vn 0.9103 -0.3296 0.2505
vn 0.8376 -0.5270 0.1438
vn 0.8805 -0.4740 0.0032
vn 0.7748 -0.5278 0.3480
vn 0.7619 -0.5201 0.3860
vn 0.8917 -0.0852 0.4446
vn 0.8441 -0.4778 -0.2432
vn 0.7147 -0.4930 0.4961
vn 0.6849 -0.4905 0.5388
vn 0.4470 0.5861 -0.6757
vn 0.6961 -0.3792 0.6097
vn 0.6421 -0.7427 -0.1900
vn 0.3567 -0.0146 0.9341
vn 0.3650 -0.0996 0.9257
vn 0.3686 -0.1502 0.9174
vn 0.3548 0.0019 0.9349
vn 0.4176 -0.9017 -0.1116
vn 0.3986 -0.8804 0.2568
vn 0.4101 -0.8997 0.1495
vn 0.8272 0.1047 0.5520
vn 0.8099 0.2675 0.5221
vn 0.4155 -0.8941 -0.1671
vn 0.7470 0.4385 0.4997
vn 0.9288 0.2023 0.3104
vn 0.9991 -0.0217 -0.0354
vn 0.5434 0.3858 0.7456
vn 0.6320 0.2229 0.7423
vn 0.5839 -0.0787 0.8080
vn 0.5021 0.0063 0.8648
vn 0.5920 -0.3728 0.7145
vn 0.5265 -0.2666 0.8073
vn 0.5366 0.1978 0.8203
vn 0.6462 -0.0293 0.7626
vn 0.8457 0.2796 0.4546
vn 0.8880 0.2408 0.3917
vn 0.5369 -0.3412 0.7716
vn 0.8399 0.0847 0.5362
vn 0.6283 -0.2257 0.7445
vn 0.7532 0.0285 0.6571
vn 0.7813 0.4926 0.3832
vn 0.5782 -0.3473 0.7383
vn 0.8997 0.0962 0.4258
vn 0.6940 -0.5739 0.4347
vn 0.8657 -0.4111 0.2855
vn 0.7960 -0.5299 0.2927
vn 0.8512 -0.4733 0.2268
vn 0.9058 -0.2693 0.3270
vn 0.8550 -0.2982 0.4243
vn 0.3070 0.3643 0.8792
vn 0.3269 0.1526 0.9327
vn 0.3109 0.3344 0.8897
vn 0.3298 0.0863 0.9401
vn 0.3469 -0.9342 0.0832
vn 0.4053 -0.9115 -0.0695
vn 0.3511 -0.9236 0.1539
vn 0.6632 -0.7478 0.0290
vn 0.6490 -0.0543 0.7588
vn 0.5078 -0.0454 0.8603
vn 0.7147 -0.1842 0.6748
vn 0.8726 0.3978 0.2836
vn 0.9224 -0.1760 0.3438
vn 0.9238 0.2769 0.2644
vn 0.1363 0.7955 0.5905
vn 0.1598 0.7217 0.6735
vn 0.1105 0.7405 0.6629
vn 0.8370 0.0309 0.5463
vn 0.2802 0.5644 0.7765
vn 0.2815 0.3452 0.8953
vn 0.9167 -0.1358 0.3759
vn 0.8499 -0.3963 0.3473
vn 0.8525 0.0408 0.5211
vn 0.3028 0.3535 0.8850
vn 0.2222 0.2528 0.9417
vn 0.8666 -0.4204 0.2688
vn 0.8698 -0.4411 0.2213
vn 0.8056 0.5249 0.2749
vn 0.2360 0.4096 0.8812
vn 0.1679 0.3501 0.9215
vn 0.1741 0.3880 0.9051
vn 0.3799 -0.8825 0.2774
vn 0.3816 -0.8003 -0.4625
vn 0.3135 -0.1655 0.9351
vn 0.3098 -0.1317 0.9416
vn 0.3277 -0.3651 0.8714
vn 0.8574 -0.4658 0.2187
vn 0.3291 -0.4183 0.8466
vn 0.4265 -0.8951 0.1302
vn 0.4109 -0.7432 -0.5281
vn 0.4443 0.2069 0.8717
vn 0.1831 0.0075 0.9831
vn 0.2378 0.0568 0.9696
vn 0.1850 -0.0176 0.9826
vn 0.5373 0.2256 0.8127
vn 0.5464 0.2999 0.7820
vn 0.5320 0.3078 0.7888
vn 0.5570 -0.8205 -0.1285
vn 0.4915 -0.8597 -0.1390
vn 0.7560 -0.6050 -0.2498
vn 0.4414 -0.8855 0.1450
vn 0.8285 -0.3759 -0.4151
vn 0.8153 -0.5105 -0.2733
vn 0.1967 -0.0377 0.9797
vn 0.2329 -0.0522 0.9711
vn 0.8252 -0.3515 -0.4422
vn 0.8340 -0.2245 -0.5041
vn 0.6666 0.4342 0.6059
vn 0.7071 0.0985 0.7002
vn 0.7011 0.0400 0.7120
vn 0.5737 -0.0882 0.8143
vn 0.2526 -0.0755 0.9646
vn 0.2491 -0.1064 0.9626
vn 0.2736 -0.3041 -0.9125
vn 0.2377 -0.5931 -0.7693
vn 0.3080 -0.4528 -0.8367
vn 0.3746 -0.4240 -0.8246
vn 0.4001 -0.4285 -0.8101
vn 0.3945 -0.5189 -0.7584
vn 0.2287 -0.2951 0.9277
vn 0.3278 -0.8874 0.3242
vn 0.3145 -0.4670 -0.8264
vn 0.2023 0.2415 -0.9491
vn 0.4831 -0.8508 0.2066
vn 0.0763 -0.2401 0.9678
vn 0.0794 -0.0979 0.9920
vn 0.0827 -0.3925 0.9160
vn 0.0769 -0.4474 0.8910
vn 0.6706 0.3878 0.6324
vn 0.0618 -0.4355 0.8981
vn 0.7442 -0.3676 0.5576
vn 0.7920 -0.1104 0.6004
vn 0.0708 -0.4204 0.9046
vn 0.0840 -0.3662 0.9267
vn 0.0819 -0.3171 0.9448
vn 0.3678 -0.5432 -0.7548
vn 0.3953 -0.7194 -0.5711
vn 0.3939 -0.7054 -0.5893
vn 0.5802 -0.5803 0.5715
vn 0.5316 -0.5958 0.6020
vn 0.4903 -0.6437 0.5875
vn 0.3655 -0.5322 -0.7636
vn 0.8124 -0.2726 0.5155
vn 0.8660 0.1873 0.4637
vn 0.9454 -0.2811 0.1650
vn 0.9380 -0.2933 0.1847
vn 0.9387 -0.2947 0.1788
vn 0.8712 0.2337 0.4318
vn 0.6972 0.4780 0.5343
vn 0.4512 -0.8761 0.1698
vn 0.8784 -0.3475 0.3281
vn 0.6870 0.4194 0.5934
vn 0.3487 -0.8778 0.3285
vn 0.6172 0.3215 0.7181
vn 0.8412 -0.2021 0.5016
vn 0.8662 -0.3549 0.3517
vn 0.7611 0.4155 0.4981
vn 0.6489 -0.3694 0.6652
vn 0.6923 -0.4157 0.5898
vn 0.7270 0.4452 0.5226
vn 0.7387 0.4553 0.4970
vn 0.1487 -0.1377 0.9792
vn -0.0562 -0.1325 0.9896
vn -0.0510 -0.5384 0.8411
vn 0.8419 -0.5388 0.0287
vn 0.1920 0.3136 0.9299
vn 0.0972 -0.9614 -0.2574
vn 0.1278 -0.9650 -0.2289
vn 0.0689 -0.8643 -0.4982
vn 0.0956 -0.9906 -0.0983
vn 0.0586 -0.8239 -0.5637
vn 0.0897 -0.7429 -0.6634
vn 0.7161 -0.1376 0.6843
vn 0.7435 0.0012 0.6687
vn 0.6735 -0.0454 0.7378
vn 0.0836 -0.7448 -0.6620
vn 0.6305 -0.1988 0.7503
vn 0.5071 0.0455 -0.8607
vn 0.3894 -0.0681 -0.9185
vn 0.2989 -0.1055 -0.9484
vn 0.8844 -0.4648 -0.0427
vn 0.7847 -0.6095 0.1130
vn 0.8017 -0.5907 0.0909
vn 0.6652 -0.7066 0.2412
vn 0.6341 -0.2876 0.7178
vn 0.5726 0.0690 -0.8169
vn 0.7715 -0.2107 0.6003
vn 0.5975 0.1681 -0.7840
vn 0.2419 -0.3155 0.9176
vn 0.1941 -0.4754 0.8581
vn 0.1950 -0.5492 0.8126
vn 0.5474 -0.3987 0.7358
vn 0.9795 0.1639 -0.1173
vn 0.6414 -0.2786 0.7148
vn 0.2566 -0.2195 0.9413
vn 0.6563 -0.5079 -0.5580
vn 0.7982 -0.4621 -0.3865
vn 0.8501 -0.4544 -0.2662
vn 0.3146 -0.1318 0.9400
vn 0.3141 -0.0870 0.9454
vn 0.6080 -0.5997 -0.5203
vn 0.5951 -0.6555 -0.4650
vn 0.5193 -0.4608 0.7197
vn 0.5217 -0.6426 0.5612
vn 0.5211 -0.7454 0.4158
vn 0.5422 -0.6295 0.5566
vn 0.7313 -0.5878 -0.3461
vn 0.7610 -0.5484 -0.3467
vn 0.7930 -0.5007 -0.3471
vn 0.6778 -0.6389 -0.3638
vn 0.4626 -0.8289 -0.3145
vn 0.3604 -0.5304 -0.7673
vn 0.5477 -0.5225 0.6535
vn 0.6061 -0.4911 0.6257
vn 0.6398 -0.3928 0.6606
vn 0.2224 0.2829 0.9330
vn 0.2663 -0.0650 0.9617
vn 0.2309 0.2316 0.9450
vn 0.2719 -0.1458 0.9512
vn 0.7055 -0.1195 0.6985
vn 0.3411 -0.8522 -0.3966
vn 0.3523 -0.7764 -0.5225
vn 0.3301 -0.8911 -0.3115
vn 0.7248 -0.6750 0.1380
vn 0.7809 -0.5917 -0.2003
vn 0.8313 -0.5194 -0.1980
vn 0.3548 -0.7399 -0.5716
vn 0.8507 -0.5253 -0.0179
vn 0.6472 -0.6643 0.3739
vn 0.6713 -0.6442 0.3664
vn 0.7222 -0.0530 0.6897
vn 0.7813 -0.5118 -0.3572
vn 0.8039 -0.5935 -0.0376
vn 0.7432 -0.5505 -0.3803
vn 0.8408 -0.0299 0.5405
vn 0.7770 0.1293 0.6161
vn 0.6889 0.2002 0.6967
vn 0.7299 0.0824 0.6786
vn 0.7247 -0.0074 0.6891
vn 0.6041 -0.7438 -0.2862
vn 0.5520 -0.7253 -0.4113
vn 0.5072 -0.8563 -0.0972
vn 0.9900 -0.1188 0.0758
vn 0.4967 -0.8650 0.0708
vn 0.8413 -0.2116 0.4974
vn 0.7663 -0.2160 0.6050
vn 0.8003 -0.3717 0.4704
vn 0.8875 -0.4067 0.2168
vn 0.0884 -0.4965 0.8635
vn 0.1382 -0.6958 0.7048
vn 0.0498 -0.7241 0.6879
vn 0.1561 -0.6541 0.7402
vn 0.7884 -0.5041 0.3527
vn 0.0550 -0.6085 0.7916
vn -0.0444 -0.6491 0.7594
vn 0.8208 -0.5665 0.0726
vn 0.1431 -0.3551 0.9238
vn 0.2004 -0.1051 0.9741
vn 0.7796 -0.5988 -0.1834
vn 0.8002 -0.5665 -0.1970
vn 0.1490 -0.0232 0.9886
vn 0.2440 0.1208 0.9622
vn 0.3939 0.3159 0.8632
vn 0.2208 0.1154 0.9685
vn 0.9024 -0.4306 -0.0155
vn 0.8823 -0.4258 -0.2004
vn 0.9449 -0.2884 0.1552
vn 0.8021 -0.4577 -0.3836
vn 0.8084 -0.5808 -0.0959
vn 0.0128 -0.9999 -0.0032
vn 0.2071 -0.9174 0.3398
vn 0.1861 -0.9328 0.3085
vn 0.0337 -0.9358 0.3509
vn 0.6695 -0.4306 -0.6053
vn 0.0264 -0.9111 -0.4113
vn 0.1410 -0.8109 -0.5679
vn 0.7607 -0.5541 -0.3380
vn 0.6358 -0.3762 -0.6739
vn 0.7003 -0.3870 -0.5998
vn 0.6185 -0.6559 -0.4328
vn 0.9309 -0.3650 0.0174
vn 0.8786 -0.4754 0.0444
vn 0.8923 -0.4501 0.0363
vn 0.8236 -0.5659 0.0394
vn 0.6772 -0.6868 -0.2641
vn 0.7443 -0.6633 -0.0781
vn 0.5258 -0.1356 0.8397
vn 0.4841 -0.1516 0.8618
vn 0.4264 -0.2034 0.8814
vn 0.5911 -0.0718 0.8034
vn 0.6125 -0.0108 0.7904
vn 0.7920 -0.6035 -0.0928
vn 0.5106 -0.6943 -0.5073
vn 0.4959 -0.6237 -0.6042
vn 0.3332 -0.7449 0.5779
vn 0.4065 -0.8807 -0.2432
vn 0.4232 -0.8436 -0.3305
vn 0.4503 -0.7474 -0.4885
vn 0.6304 0.0769 0.7725
vn 0.4496 -0.7466 -0.4904
vn 0.6337 0.0867 0.7687
vn 0.6535 0.1722 0.7370
vn 0.4334 -0.7993 -0.4164
vn 0.4568 -0.7437 -0.4882
vn 0.3433 -0.2794 0.8967
vn 0.3622 -0.2666 0.8932
vn 0.4064 -0.1842 0.8949
vn 0.3776 -0.6042 -0.7017
vn 0.2919 -0.3796 0.8779
vn 0.2876 -0.4178 0.8618
vn 0.3493 -0.5395 -0.7661
vn 0.4225 -0.6447 -0.6371
vn 0.5412 -0.7453 -0.3894
vn 0.5357 -0.7389 -0.4087
vn 0.5757 -0.6312 0.5197
vn 0.3367 0.4445 0.8301
vn 0.3538 -0.1767 0.9185
vn 0.2712 -0.6173 -0.7385
vn 0.5718 -0.8201 -0.0220
vn 0.5893 -0.8044 -0.0755
vn 0.5110 -0.7655 0.3911
vn 0.7093 -0.6899 -0.1444
vn 0.5169 -0.7213 0.4610
vn 0.2371 -0.5077 -0.8283
vn 0.2381 -0.5015 -0.8318
vn 0.2366 -0.5108 -0.8265
vn 0.2386 -0.4985 -0.8334
vn 0.7000 -0.6327 -0.3312
vn 0.5239 -0.8518 0.0099
vn 0.5591 -0.8104 -0.1753
vn 0.5665 -0.8208 0.0737
vn 0.7361 -0.6756 -0.0417
vn 0.1920 -0.6869 -0.7010
vn 0.1907 -0.7426 -0.6420
vn 0.2151 -0.6776 -0.7032
vn 0.8166 -0.5222 -0.2457
vn 0.1906 -0.6688 -0.7186
vn 0.8791 -0.4106 -0.2419
vn 0.9282 -0.3527 -0.1189
vn 0.9231 -0.3844 -0.0133
vn 0.1697 -0.6603 -0.7316
vn 0.8158 -0.3820 -0.4342
vn 0.1851 -0.7161 -0.6730
vn 0.7715 -0.2887 0.5669
vn 0.7603 -0.3022 0.5750
vn 0.7514 -0.2437 0.6132
vn 0.9681 -0.2179 0.1237
vn 0.3544 -0.4223 -0.8343
vn 0.3182 -0.5924 -0.7401
vn 0.3578 -0.4436 -0.8217
vn 0.6813 -0.4409 -0.5844
vn 0.9504 -0.2370 0.2016
vn 0.3515 -0.2622 -0.8987
vn 0.9766 -0.1404 0.1628
vn 0.3201 -0.2124 -0.9232
vn 0.9329 -0.3600 0.0061
vn 0.7104 -0.2107 0.6715
vn 0.7126 -0.2056 0.6708
vn 0.7106 -0.2103 0.6715
vn 0.5880 -0.7838 0.2000
vn 0.5561 -0.8231 0.1151
vn 0.4814 -0.8752 -0.0472
vn 0.6309 -0.6938 0.3473
vn 0.2970 -0.1876 -0.9363
vn 0.2440 -0.2229 -0.9438
vn 0.1590 -0.9320 0.3256
vn 0.8202 -0.5626 0.1031
vn 0.7084 -0.2154 0.6722
vn 0.2470 -0.2287 -0.9417
vn 0.3411 -0.9377 -0.0664
vn 0.3473 -0.9335 0.0892
vn 0.4264 -0.9042 -0.0237
vn 0.2094 -0.2406 -0.9478
vn 0.2596 -0.9634 0.0671
vn -0.2504 -0.9675 -0.0359
vn -0.0277 -0.9228 -0.3844
vn 0.9571 -0.2207 0.1878
vn 0.1996 -0.9786 -0.0503
vn 0.5226 -0.3810 -0.7627
vn 0.4052 -0.4371 -0.8030
vn 0.4814 -0.3273 -0.8131
vn 0.4159 -0.6639 0.6216
vn 0.5267 -0.6424 0.5566
vn 0.3505 -0.6710 0.6534
vn 0.7043 -0.1619 0.6912
vn 0.6471 -0.1286 0.7515
vn 0.6052 -0.1422 0.7832
vn 0.8368 -0.5165 -0.1814
vn 0.6666 -0.5743 -0.4751
vn 0.8302 -0.5288 -0.1766
vn 0.8157 -0.5299 -0.2321
vn 0.1900 -0.7388 -0.6466
vn 0.3578 -0.1346 0.9240
vn 0.3772 -0.7555 0.5357
vn 0.3838 -0.7765 0.4998
vn 0.3751 -0.7491 0.5459
vn 0.3675 -0.7258 0.5815
vn 0.5147 -0.7498 -0.4159
vn 0.4617 -0.6858 -0.5626
vn 0.7246 -0.6160 -0.3091
vn 0.6324 -0.6086 0.4792
vn 0.1207 -0.9734 0.1947
vn 0.8673 -0.4890 -0.0933
vn 0.8235 -0.3700 -0.4299
vn 0.6584 -0.7525 -0.0148
vn 0.6410 -0.6827 -0.3508
vn 0.6847 -0.5189 -0.5118
vn 0.6936 -0.5494 -0.4659
vn 0.6958 -0.5632 -0.4457
vn 0.8630 -0.4485 -0.2327
vn 0.8532 -0.5211 0.0221
vn 0.5748 0.1539 0.8037
vn 0.5623 0.2932 0.7732
vn 0.5751 0.0010 0.8181
vn 0.5647 -0.1285 0.8152
vn 0.2892 -0.4565 -0.8414
vn 0.2958 -0.5062 -0.8101
vn 0.2931 -0.4849 -0.8240
vn 0.2859 -0.4335 -0.8546
vn 0.6503 -0.5434 -0.5309
vn 0.7603 -0.6186 -0.1979
vn 0.7834 -0.6038 -0.1475
vn 0.5540 -0.5922 -0.5852
vn 0.5867 -0.3874 -0.7111
vn 0.8063 -0.5444 -0.2315
vn 0.6815 -0.4938 -0.5402
vn 0.8721 -0.4214 -0.2486
vn 0.9225 -0.3192 0.2169
vn 0.8570 -0.1397 -0.4960
vn 0.8287 -0.2314 -0.5095
vn 0.6077 -0.3687 -0.7033
vn 0.6937 -0.2232 -0.6848
vn 0.7453 -0.3982 -0.5348
vn 1.0000 0.0089 0.0025
vn 0.9999 0.0104 -0.0056
vn 1.0000 0.0090 0.0021
vn 0.9999 0.0075 0.0102
vn 0.7110 -0.5242 -0.4687
vn 0.7341 -0.6786 0.0253
vn 0.6279 -0.7768 0.0478
vn 0.6821 -0.6267 0.3769
vn 0.6757 -0.5510 0.4897
vn 0.7591 -0.5981 -0.2571
vn 0.7311 -0.2904 -0.6174
vn 0.5413 -0.2660 -0.7976
vn 0.6458 -0.3882 -0.6574
vn 0.9573 -0.2837 0.0552
vn 0.7915 -0.2192 -0.5705
vn 0.8238 -0.0725 -0.5622
vn 0.6359 -0.3421 -0.6919
vn 0.6504 -0.4436 -0.6165
vn 0.6980 -0.2328 -0.6772
vn 0.5927 -0.0666 -0.8027
vn 0.6155 -0.5004 -0.6089
vn 0.7864 -0.5293 -0.3184
vn 0.6214 -0.5582 -0.5498
vn 0.5083 -0.5631 -0.6516
vn 0.6696 -0.7249 -0.1615
vn 0.9928 -0.1112 0.0435
vn 0.9932 -0.1130 0.0287
vn 0.9944 0.0328 -0.1009
vn 0.9980 -0.0345 -0.0521
vn 0.9574 0.1764 -0.2285
vn 0.5685 0.3861 -0.7265
vn 0.6192 0.0538 -0.7834
vn 0.5848 0.1650 -0.7942
vn 0.5604 0.3414 -0.7546
vn 0.5848 0.4426 -0.6798
vn 0.7470 -0.5573 -0.3625
vn 0.7347 -0.1675 -0.6574
vn 0.4959 -0.1051 -0.8620
vn 0.5133 -0.1881 -0.8373
vn 0.4617 -0.1582 -0.8728
vn 0.4774 -0.1125 -0.8715
vn 0.5587 -0.0741 -0.8260
vn 0.7703 -0.5068 -0.3871
vn 0.5179 -0.0106 -0.8553
vn 0.9974 -0.0633 -0.0340
vn 0.8296 0.3875 -0.4021
vn 0.8337 0.3741 -0.4061
vn 0.8508 0.3108 -0.4237
vn 0.7499 -0.1031 -0.6535
vn 0.7492 -0.6116 0.2541
vn 0.4629 -0.8818 -0.0900
vn 0.4556 -0.8861 -0.0856
vn 0.4584 -0.8844 -0.0873
vn 0.7193 -0.1542 -0.6774
vn 0.6773 -0.0294 -0.7352
vn 0.4658 -0.8801 -0.0917
vn 0.5746 -0.1429 -0.8059
vn 0.1051 -0.7434 -0.6605
vn 0.0415 -0.8990 -0.4359
vn 0.0800 -0.8155 -0.5732
vn 0.1873 -0.7362 -0.6504
vn 0.5734 -0.1650 -0.8025
vn 0.6298 -0.1870 -0.7540
vn 0.3301 -0.1775 -0.9271
vn 0.3302 -0.1985 -0.9228
vn 0.2531 -0.7870 -0.5627
vn 0.1278 -0.7820 -0.6100
vn 0.1383 -0.7910 -0.5959
vn -0.0785 -0.4616 -0.8836
vn -0.0891 -0.3387 -0.9367
vn 0.0596 -0.3354 -0.9402
vn 0.2802 -0.1650 -0.9457
vn 0.1895 -0.7805 -0.5957
vn 0.0129 -0.8970 -0.4419
vn 0.2113 -0.4681 -0.8580
vn 0.2083 -0.7783 -0.5923
vn -0.0014 -0.9999 0.0146
vn 0.0300 -0.9854 0.1673
vn 0.2749 -0.9601 0.0522
vn 0.1264 -0.4979 0.8580
vn 0.0501 -0.6663 0.7440
vn 0.0305 -0.9686 0.2467
vn 0.4706 -0.6642 0.5809
vn 0.3681 -0.7789 -0.5077
vn 0.5412 -0.3059 -0.7833
vn 0.7603 -0.5419 -0.3582
vn 0.6073 -0.0867 -0.7897
vn 0.4176 -0.8068 -0.4179
vn 0.8675 -0.2354 -0.4382
vn 0.8119 -0.5829 0.0314
vn 0.7332 -0.5513 0.3981
vn 0.5255 -0.4113 0.7448
vn 0.8621 -0.2869 0.4177
vn 0.9620 -0.2728 0.0110
vn 0.9531 -0.2408 -0.1836
vn 0.7102 -0.1183 -0.6940
vn 0.9094 -0.2228 0.3512
vn 0.9647 -0.2633 0.0023
vn 0.6297 -0.2658 0.7299
vn 0.1784 -0.3168 0.9316
vn 0.0883 -0.3032 0.9488
vn 0.1195 -0.7231 0.6803
vn 0.0141 -0.5819 0.8131
vn -0.0909 -0.7821 0.6165
vn 0.4158 -0.3086 0.8555
vn -0.0168 -0.7863 0.6176
vn 0.5176 -0.7024 0.4886
vn 0.2533 -0.5179 0.8171
vn 0.5743 -0.5738 0.5840
vn 0.5944 -0.7600 0.2629
vn 0.3983 -0.1858 0.8982
vn 0.6459 -0.6707 0.3647
vn 0.6434 -0.1978 0.7395
vn 0.8938 -0.3375 0.2955
vn 0.7901 -0.5586 -0.2524
vn 0.8503 -0.5031 -0.1544
vn 0.8630 -0.4616 -0.2053
vn 0.2893 -0.5252 -0.8003
vn 0.3235 -0.4355 -0.8400
vn 0.3920 -0.4136 -0.8217
vn 0.8024 0.5968 0.0016
vn 0.7937 0.5903 0.1467
vn 0.8024 0.5968 0.0013
vn 0.7941 0.5906 -0.1438
vn 0.7093 0.2118 0.6723
vn 0.6177 -0.1524 -0.7715
vn 0.8702 -0.4894 -0.0564
vn 0.6846 -0.0747 -0.7251
vn 0.9590 -0.2747 0.0699
vn 0.8626 0.0449 0.5039
vn 0.7397 0.1371 -0.6588
vn 0.6379 0.1456 -0.7562
vn 0.9213 0.3803 -0.0814
vn 0.9465 0.3066 -0.1011
vn 0.8503 0.5249 -0.0388
vn 0.9762 0.1700 -0.1348
vn 0.7333 0.3770 0.5658
vn 0.4971 0.2056 0.8430
vn 0.3027 0.3438 0.8889
vn 0.3114 0.4250 0.8499
vn 0.5423 0.3214 0.7763
vn 0.7370 0.4635 0.4919
vn 0.3309 0.3452 0.8783
vn 0.2552 0.4319 0.8650
vn 0.8923 0.2594 0.3695
vn 0.2549 0.3204 0.9123
vn 0.4944 0.2366 0.8364
vn 0.6720 0.0025 0.7405
vn 0.4249 -0.5049 0.7514
vn 0.2704 -0.3454 0.8987
vn 0.2959 -0.3720 0.8798
vn 0.1303 -0.1973 0.9717
vn 0.8601 0.1709 0.4807
vn 0.8756 0.1655 0.4538
vn 0.9635 0.1204 0.2391
vn 0.4842 0.4218 0.7665
vn 0.7059 0.2074 0.6773
vn 0.8980 -0.4248 0.1144
vn 0.7876 -0.5354 0.3052
vn 0.8066 -0.5875 0.0645
vn 0.5127 0.2224 0.8293
vn 0.5488 0.3575 0.7557
vn 0.7651 -0.5983 0.2379
vn 0.7023 -0.6348 0.3221
vn 0.7004 -0.6357 0.3244
vn 0.6537 0.2946 0.6970
vn 0.6308 -0.6635 0.4023
vn 0.4995 -0.2681 0.8238
vn 0.6496 0.4254 0.6301
vn 0.7621 0.3295 0.5573
vn 0.5914 0.5056 0.6282
vn 0.8146 0.5795 0.0235
vn 0.8199 0.5610 -0.1144
vn 0.8654 0.5000 -0.0328
vn 0.7405 0.6623 -0.1141
vn 0.9650 -0.2616 0.0171
vn 0.9669 -0.2435 0.0766
vn 0.8471 0.5311 0.0193
vn 0.8944 -0.4472 0.0074
vn 0.7803 -0.6251 -0.0199
vn 0.5390 0.5007 0.6773
vn 0.7914 -0.6086 -0.0579
vn 0.8873 -0.4548 -0.0765
vn 0.9674 -0.2504 -0.0385
vn 0.8657 0.4944 0.0785
vn 0.3863 -0.2575 -0.8857
vn 0.7466 0.6652 0.0117
vn 0.7490 0.6578 -0.0801
vn 0.8116 0.5593 0.1686
vn 0.6527 0.3475 -0.6732
vn 0.7742 -0.5842 -0.2434
vn 0.5541 -0.7688 -0.3193
vn 0.6434 -0.7332 -0.2202
vn 0.6437 -0.7331 -0.2199
vn 0.6592 0.4332 -0.6146
vn 0.7775 0.3218 -0.5403
vn 0.6659 0.2828 -0.6904
vn 0.7230 -0.6815 -0.1131
vn 0.9644 0.2353 -0.1204
vn 0.5412 0.3593 -0.7602
vn 0.3696 0.0510 -0.9278
vn 0.7303 0.6673 0.1463
vn 0.5811 0.5226 -0.6239
vn 0.7466 0.6594 0.0882
vn 0.4652 0.4325 -0.7724
vn 0.5324 0.5062 -0.6785
vn 0.4420 0.2150 -0.8709
vn 0.6405 0.2222 -0.7352
vn 0.5142 -0.4642 -0.7212
vn 0.3165 0.3467 -0.8830
vn 0.7005 0.1648 -0.6944
vn 0.7572 0.2913 -0.5846
vn 0.5100 0.3172 -0.7995
vn 0.4052 0.4203 -0.8119
vn 0.3070 0.4241 -0.8520
vn 0.2545 0.3201 -0.9125
vn 0.5221 0.2849 -0.8039
vn 0.4899 0.2062 -0.8471
vn 0.3026 0.3440 -0.8889
vn 0.4149 -0.1764 -0.8926
vn 0.1379 -0.0787 -0.9873
vn 0.1842 0.3139 -0.9314
vn 0.6063 0.3850 -0.6958
vn 0.5341 0.1156 -0.8375
vn 0.3540 -0.3458 -0.8689
vn -0.0945 -0.0750 -0.9927
vn 0.5656 -0.2378 -0.7896
vn 0.5977 -0.1264 -0.7917
vn 0.5912 -0.3248 -0.7382
vn 0.5867 -0.3206 -0.7436
vn 0.5825 -0.2686 -0.7671
vn 0.7327 -0.1511 -0.6636
vn 0.8074 0.4496 -0.3819
vn 0.6053 -0.3887 -0.6946
vn 0.9006 0.0935 -0.4245
vn 0.8900 0.2419 -0.3865
vn 0.7033 -0.2079 -0.6798
vn 0.5277 -0.5486 -0.6486
vn 0.4596 -0.6344 -0.6215
vn 0.8654 -0.4314 -0.2548
vn 0.6328 0.0020 0.7743
vn 0.7331 -0.2477 0.6334
vn 0.8050 -0.2398 0.5427
vn 0.7713 -0.5665 0.2902
vn 0.5042 -0.5604 0.6570
vn 0.5900 -0.0226 0.8071
vn 0.8373 -0.1201 0.5334
vn 0.8357 -0.5485 -0.0259
vn 0.9072 -0.3734 0.1939
vn 0.8516 -0.5031 0.1476
vn 0.2792 0.3327 -0.9008
vn 0.3418 0.1965 -0.9190
vn 0.3670 0.2981 -0.8812
vn 0.4802 0.2745 -0.8331
vn 0.8475 -0.4734 0.2400
vn 0.5095 0.2988 -0.8070
vn 0.4463 0.2346 -0.8636
vn 0.2009 0.4645 -0.8625
vn 0.4280 0.8434 -0.3249
vn 0.9229 -0.1487 -0.3552
vn 0.9120 0.0572 -0.4062
vn 0.9547 -0.0756 -0.2879
vn 0.8168 0.0576 -0.5740
vn 0.6799 -0.7025 0.2102
vn 0.6058 -0.7808 0.1530
vn 0.4204 0.2161 -0.8812
vn 0.4098 0.1840 -0.8934
vn 0.8280 -0.1053 -0.5507
vn 0.7818 -0.2370 -0.5767
vn 0.6066 -0.7320 0.3101
vn 0.5430 -0.8200 0.1811
vn 0.4426 0.2131 -0.8710
vn 0.4346 0.1670 -0.8850
vn 0.5164 0.2200 -0.8276
vn 0.6202 -0.7372 0.2680
vn 0.5815 0.0838 -0.8092
vn 0.6864 -0.6673 0.2890
vn 0.6759 0.1146 -0.7280
vn 0.6410 -0.7456 0.1824
vn 0.6351 -0.0125 -0.7723
vn 0.6479 -0.7617 0.0101
vn 0.6557 -0.7479 0.1035
vn 0.6576 -0.7358 0.1617
vn 0.6388 -0.7673 -0.0565
vn 0.6553 0.0968 -0.7491
vn 0.6956 0.1324 -0.7061
vn 0.6566 0.0874 -0.7492
vn 0.7684 0.1009 -0.6320
vn 0.8226 -0.0152 -0.5685
vn 0.9366 -0.0404 -0.3482
vn 0.9461 -0.2581 -0.1955
vn 0.9807 -0.0916 -0.1724
vn 0.9536 0.1447 -0.2641
vn 0.6336 -0.7578 -0.1556
vn 0.5718 -0.7678 -0.2889
vn 0.5798 -0.7866 -0.2123
vn 0.5007 -0.8187 -0.2811
vn 0.4872 -0.8565 -0.1703
vn 0.7341 0.2973 -0.6106
vn 0.7144 0.3352 -0.6143
vn 0.7196 0.3901 -0.5744
vn 0.8189 0.0631 -0.5705
vn 0.7471 -0.6443 -0.1633
vn 0.7352 -0.5740 -0.3604
vn 0.7466 -0.6216 -0.2372
vn 0.7220 -0.5402 -0.4322
vn 0.7914 0.1230 -0.5988
vn 0.9004 -0.0077 -0.4350
vn 0.7921 0.2930 -0.5354
vn 0.8824 0.0051 -0.4705
vn 0.9552 -0.2429 -0.1688
vn 0.8069 0.5092 -0.2995
vn 0.8115 0.4874 -0.3224
vn 0.7612 0.5014 -0.4113
vn 0.6750 0.4719 -0.5672
vn 0.7792 0.1969 -0.5951
vn 0.8875 -0.0703 -0.4554
vn 0.8959 0.0224 -0.4436
vn 0.8426 -0.2477 -0.4782
vn 0.7816 -0.5572 -0.2805
vn 0.8175 -0.5050 -0.2768
vn 0.8241 -0.4519 -0.3415
vn 0.8272 0.1622 -0.5380
vn 0.8387 0.2511 -0.4832
vn 0.8970 -0.1799 -0.4037
vn 0.7415 -0.5955 -0.3091
vn 0.7343 -0.3901 -0.5555
vn 0.7464 -0.5578 -0.3630
vn 0.7173 -0.3201 -0.6189
vn 0.5526 0.5613 -0.6161
vn 0.5287 0.6893 -0.4952
vn 0.5572 0.5062 -0.6583
vn 0.5180 0.7244 -0.4549
vn 0.7007 -0.4096 -0.5842
vn 0.7009 -0.4441 -0.5582
vn 0.7008 -0.4525 -0.5515
vn 0.7002 -0.3964 -0.5937
vn 0.5056 0.7067 -0.4950
vn 0.4986 0.6869 -0.5287
vn 0.4944 0.6757 -0.5468
vn 0.8679 0.1898 -0.4590
vn 0.9454 0.1508 -0.2888
vn 0.8934 0.2227 -0.3903
vn 0.4879 0.6586 -0.5728
vn 0.9313 0.0164 -0.3638
vn 0.8674 0.2527 -0.4288
vn 0.9673 -0.1238 -0.2214
vn 0.6991 0.2929 -0.6522
vn 0.5831 0.0962 -0.8067
vn 0.3117 0.0957 -0.9454
vn 0.5837 0.1605 -0.7959
vn 0.6889 0.0339 -0.7240
vn 0.9520 0.0284 -0.3049
vn 0.5613 0.1904 -0.8054
vn 0.8486 0.2876 -0.4440
vn 0.8781 0.2034 -0.4331
vn 0.6254 0.1464 -0.7664
vn 0.8270 0.3353 -0.4514
vn 0.8686 0.4308 -0.2448
vn 0.8659 0.4568 -0.2039
vn 0.8914 0.0834 -0.4454
vn 0.7547 0.0894 -0.6500
vn 0.8065 0.1345 -0.5757
vn 0.8422 -0.1181 -0.5261
vn 0.8955 -0.0041 -0.4450
vn 0.8647 -0.2263 -0.4485
vn 0.3133 0.9260 0.2107
vn 0.6455 0.0257 0.7633
vn 0.8482 0.3321 -0.4125
vn 0.1583 0.6454 -0.7473
vn 0.2990 -0.4729 -0.8288
vn 0.8244 -0.1317 -0.5505
vn 0.3871 0.1847 -0.9034
vn 0.6417 0.6390 -0.4241
vn 0.7329 0.3666 -0.5731
vn 0.3379 0.2094 -0.9176
vn 0.3729 0.1106 -0.9213
vn 0.6854 0.1783 -0.7060
vn 0.9233 0.1511 -0.3532
vn 0.3749 -0.0704 -0.9244
vn 0.3570 -0.8693 -0.3418
vn 0.2599 -0.8355 -0.4842
vn 0.4599 -0.8413 -0.2840
vn 0.7931 -0.5420 0.2778
vn 0.6496 -0.6922 -0.3143
vn 0.4674 -0.8153 -0.3419
vn 0.5373 -0.7805 -0.3195
vn 0.9242 0.1625 -0.3456
vn 0.3881 -0.8234 -0.4141
vn 0.5259 -0.7580 -0.3858
vn 0.5948 -0.7776 -0.2036
vn 0.6821 0.4996 -0.5340
vn 0.8650 0.1087 -0.4898
vn 0.7872 0.1315 -0.6025
vn 0.9926 0.1022 -0.0650
vn 0.9806 0.1730 0.0916
vn 0.9955 0.0784 -0.0527
vn 0.5363 -0.6803 -0.4996
vn 0.6901 0.3496 -0.6337
vn 0.7065 -0.0043 -0.7077
vn 0.9852 0.0409 -0.1663
vn 0.6907 0.4582 -0.5594
vn 0.6334 0.6646 -0.3962
vn 0.7110 0.4129 -0.5692
vn 0.6523 0.2943 -0.6985
vn 0.6009 -0.1037 -0.7926
vn 0.6617 -0.2889 -0.6919
vn 0.5669 -0.8057 -0.1716
vn 0.5708 -0.8044 -0.1651
vn 0.6261 0.5411 -0.5615
vn 0.4741 0.3361 -0.8138
vn 0.5482 0.4628 -0.6966
vn 0.5765 -0.7956 -0.1860
vn 0.7051 0.4081 -0.5799
vn 0.7007 0.4458 -0.5570
vn 0.7080 0.2116 -0.6738
vn 0.8298 0.5453 -0.1188
vn 0.5755 -0.7904 -0.2099
vn 0.9991 -0.0434 0.0015
vn 0.9954 -0.0630 -0.0721
vn 0.9968 -0.0232 0.0766
vn 0.9899 -0.0054 0.1418
vn 0.6937 -0.0074 -0.7202
vn 0.5292 0.1746 -0.8303
vn 0.4713 0.2100 -0.8566
vn 0.6616 0.2643 -0.7017
vn 0.9388 0.0263 -0.3434
vn 0.6861 0.2024 -0.6988
vn 0.7128 0.3828 -0.5878
vn 0.8060 0.2105 -0.5532
vn 0.8613 0.2213 -0.4573
vn 0.8946 0.2613 -0.3626
vn 0.8213 -0.0840 -0.5643
vn 0.5958 -0.3117 -0.7402
vn 0.9133 0.1662 -0.3719
vn 0.8644 0.3881 -0.3197
vn 0.8673 0.4917 -0.0780
vn 0.5538 -0.1998 -0.8083
vn 0.5264 -0.3284 -0.7842
vn 0.5772 -0.2778 -0.7679
vn 0.9534 0.2958 -0.0586
vn 0.9114 0.4059 -0.0677
vn 0.8858 0.4112 -0.2150
vn 0.3021 -0.6240 -0.7207
vn 0.2775 -0.6758 -0.6829
vn 0.9121 0.3999 -0.0904
vn 0.8827 0.4695 0.0221
vn 0.7463 0.4465 -0.4936
vn 0.8135 0.5797 0.0469
vn 0.8519 0.4810 -0.2074
vn 0.6695 -0.0148 -0.7427
vn 0.6509 0.0247 -0.7588
vn 0.6244 0.1086 -0.7735
vn 0.8386 0.5063 0.2013
vn 0.9682 0.0391 -0.2472
vn 0.7256 0.3800 -0.5736
vn 0.7108 0.4766 -0.5172
vn 0.6421 0.4168 -0.6435
vn 0.7656 0.6433 0.0015
vn 0.7671 0.6265 0.1380
vn 0.7497 0.6618 0.0019
vn 0.7679 0.6263 -0.1347
vn 0.7276 0.3799 0.5713
vn 0.6439 0.4172 0.6413
vn 0.7128 0.4761 0.5150
vn 0.5239 0.2854 0.8026
vn 0.4120 0.4170 0.8102
vn 0.3395 0.2085 0.9172
vn 0.3737 0.1111 0.9209
vn 0.3766 -0.0706 0.9237
vn 0.7946 -0.5422 -0.2731
vn 0.9813 0.1718 -0.0873
vn 0.3905 0.1810 0.9027
vn 0.1995 0.2244 0.9539
vn 0.7886 0.1313 0.6008
vn 0.8668 0.1084 0.4868
vn 0.5254 -0.7585 0.3854
vn 0.3900 -0.8229 0.4132
vn 0.5365 -0.6808 0.4987
vn 0.5953 -0.7774 0.2031
vn 0.4656 -0.8167 0.3408
vn 0.3596 -0.8685 0.3411
vn 0.4584 -0.8418 0.2851
vn 0.2608 -0.8336 0.4870
vn 0.6823 0.1802 0.7085
vn 0.5352 -0.7827 0.3176
vn 0.6412 -0.7002 0.3138
vn 0.7305 0.3701 0.5739
vn 0.9192 0.1545 0.3622
vn 0.6393 0.6458 0.4174
vn 0.8641 -0.2302 0.4476
vn 0.7893 -0.0096 0.6140
vn 0.8245 -0.1411 0.5480
vn 0.2975 -0.4669 0.8327
vn 0.1551 0.6505 0.7435
vn 0.6456 0.0292 -0.7631
vn 0.3096 0.9282 -0.2062
vn 0.8492 0.3340 0.4090
vn 0.9267 0.1607 0.3398
vn 0.8072 0.1360 0.5745
vn 0.8951 -0.0025 0.4458
vn 0.8920 0.0824 0.4444
vn 0.8424 -0.1168 0.5261
vn 0.8700 0.4270 0.2467
vn 0.8667 0.4546 0.2054
vn 0.7551 0.0898 0.6494
vn 0.8303 0.5446 0.1187
vn 0.9969 -0.0222 -0.0754
vn 0.9991 -0.0425 -0.0003
vn 0.9900 -0.0043 -0.1408
vn 0.7059 0.4097 0.5779
vn 0.7085 0.2116 0.6733
vn 0.6763 0.6295 0.3825
vn 0.6306 0.6477 0.4275
vn 0.4727 0.3367 0.8144
vn 0.7010 0.4479 0.5549
vn 0.9953 -0.0622 0.0736
vn 0.5765 -0.7958 0.1853
vn 0.5760 -0.7897 0.2112
vn 0.5666 -0.8065 0.1691
vn 0.5684 -0.8071 0.1597
vn 0.7963 0.1252 -0.5918
vn 0.8072 0.1209 -0.5778
vn 0.8103 0.1254 -0.5724
vn 0.6491 0.7097 -0.2740
vn 0.6086 0.7722 -0.1825
vn 0.5874 0.7899 -0.1763
vn 0.5819 0.7610 -0.2869
vn 0.7984 -0.4420 -0.4089
vn 0.8417 0.4961 -0.2130
vn 0.5445 0.0942 -0.8335
vn 0.8677 0.4490 -0.2131
vn 0.3709 0.9269 -0.0570
vn 0.3788 0.9151 -0.1384
vn 0.3866 0.8384 -0.3842
vn 0.3835 0.8011 -0.4596
vn 0.6727 -0.2061 -0.7106
vn 0.6341 0.0289 -0.7727
vn 0.6180 0.0892 -0.7811
vn 0.6749 -0.2397 -0.6979
vn 0.4988 0.6929 -0.5206
vn 0.5034 0.6691 -0.5467
vn 0.5024 0.6748 -0.5406
vn 0.4976 0.6989 -0.5138
vn 0.4625 -0.8326 -0.3046
vn 0.5538 -0.7861 -0.2744
vn 0.4655 -0.7844 -0.4100
vn 0.5270 -0.7565 -0.3873
vn 0.6018 -0.7741 -0.1965
vn 0.2765 0.3421 -0.8981
vn 0.3763 0.9100 -0.1740
vn 0.3912 0.9067 -0.1576
vn 0.3623 0.8975 -0.2515
vn 0.3831 0.8840 -0.2679
vn 0.9253 0.3627 -0.1105
vn 0.9272 0.3307 -0.1762
vn 0.5994 0.7569 -0.2605
vn 0.9191 0.3280 -0.2182
vn 0.7795 -0.0818 -0.6211
vn 0.7408 -0.0800 -0.6670
vn 0.7989 -0.0753 -0.5967
vn 0.1958 0.6099 -0.7679
vn 0.7256 -0.0848 -0.6828
vn 0.9203 0.3838 -0.0760
vn 0.9061 0.2924 -0.3058
vn 0.8010 0.5923 -0.0875
vn 0.7083 0.7023 -0.0713
vn 0.9024 0.4031 -0.1519
vn 0.3281 -0.7826 -0.5290
vn 0.7010 0.4396 -0.5616
vn 0.5684 0.5880 -0.5755
vn 0.5915 0.4764 -0.6505
vn 0.8290 -0.0304 -0.5584
vn 0.8278 -0.0295 -0.5602
vn 0.8300 -0.0312 -0.5569
vn 0.3499 -0.7802 -0.5184
vn 0.8312 -0.0321 -0.5550
vn 0.4905 -0.8511 0.1870
vn 0.7754 0.3745 -0.5085
vn 0.8607 0.4584 -0.2214
vn 0.8965 0.3928 -0.2049
vn 0.7611 0.4711 -0.4460
vn 0.7892 0.3386 -0.5123
vn 0.7618 -0.1874 -0.6201
vn 0.7854 -0.2546 -0.5643
vn 0.6796 -0.1341 -0.7212
vn 0.5236 -0.2196 -0.8232
vn 0.8367 0.1432 -0.5286
vn 0.7821 0.2809 -0.5563
vn 0.5708 -0.5179 -0.6371
vn 0.7540 -0.3049 -0.5819
vn 0.7839 -0.4526 -0.4250
vn 0.7802 -0.0259 -0.6249
vn 0.9262 -0.2412 -0.2897
vn 0.8854 -0.4243 -0.1900
vn 0.9791 -0.1479 -0.1399
vn 0.9792 -0.0692 -0.1906
vn 0.7901 -0.6115 -0.0429
vn 0.4386 0.7857 -0.4363
vn 0.5362 0.6826 -0.4966
vn 0.4391 0.7888 -0.4301
vn 0.5857 0.5625 -0.5836
vn 0.8266 0.1855 -0.5313
vn 0.8095 0.2648 -0.5241
vn 0.6191 0.7083 -0.3392
vn 0.9695 -0.2412 -0.0424
vn 0.5955 0.7291 -0.3372
vn 0.5426 0.6729 -0.5027
vn 0.4602 0.7296 -0.5059
vn 0.4453 0.6494 -0.6164
vn 0.8005 -0.2063 -0.5628
vn 0.7913 -0.2267 -0.5678
vn 0.8126 -0.3420 -0.4719
vn 0.1763 0.9808 0.0830
vn 0.1775 0.8315 -0.5264
vn 0.6970 -0.6964 -0.1713
vn 0.7196 -0.6319 -0.2879
vn 0.7253 -0.6005 -0.3366
vn 0.6889 -0.7112 -0.1401
vn 0.6153 0.6256 -0.4795
vn 0.5607 0.6666 -0.4912
vn 0.7171 0.1405 -0.6826
vn 0.5585 -0.8242 0.0942
vn 0.5475 -0.8193 0.1703
vn 0.5214 -0.8533 -0.0095
vn 0.5103 -0.8574 -0.0673
vn 0.4651 -0.8772 -0.1190
vn 0.4649 -0.2811 -0.8395
vn 0.4500 0.7152 -0.5348
vn -0.1580 0.9848 -0.0726
vn -0.1759 0.9689 -0.1740
vn -0.0382 0.9855 0.1655
vn -0.1924 0.9299 -0.3133
vn -0.2198 0.9183 -0.3293
vn -0.3119 0.5296 -0.7888
vn -0.6509 0.6851 -0.3272
vn -0.7235 -0.2268 -0.6520
vn -0.7410 -0.0313 -0.6708
vn -0.7303 -0.0174 -0.6829
vn -0.6816 -0.2340 -0.6933
vn 0.8975 0.1109 -0.4269
vn 0.9152 0.0916 -0.3924
vn 0.8438 0.2368 -0.4817
vn 0.8107 0.0483 -0.5835
vn 0.8394 0.2553 -0.4798
vn 0.8947 0.2360 -0.3792
vn -0.5074 -0.4699 -0.7223
vn -0.4093 -0.3933 -0.8233
vn 0.7868 0.0477 -0.6154
vn 0.7342 -0.1213 -0.6680
vn -0.2582 -0.5827 -0.7706
vn -0.2175 -0.4873 -0.8457
vn 0.7170 -0.1298 -0.6849
vn 0.6508 -0.1930 -0.7343
vn 0.9193 0.0631 0.3884
vn 0.9385 0.2169 0.2684
vn 0.8820 0.2289 0.4118
vn 0.8249 0.4654 0.3208
vn 0.9649 -0.0102 0.2623
vn 0.7413 -0.6570 0.1370
vn 0.8821 0.4351 0.1803
vn 0.9615 0.2743 -0.0166
vn 0.5591 -0.4436 0.7005
vn 0.3365 -0.9168 0.2153
vn 0.3136 -0.9163 0.2491
vn 0.3027 -0.9531 0.0012
vn 0.9116 -0.3794 0.1585
vn 0.9837 -0.1431 -0.1093
vn 0.8939 0.2468 -0.3742
vn 0.8323 -0.5136 -0.2086
vn 0.2986 -0.9539 -0.0311
vn 0.9173 0.2698 -0.2927
vn 0.7599 -0.4671 -0.4520
vn 0.2153 -0.8985 -0.3826
vn 0.7888 -0.4191 -0.4496
vn 0.8420 0.4116 -0.3487
vn -0.0756 0.9762 0.2031
vn 0.2659 -0.8776 -0.3990
vn 0.8469 0.4486 -0.2856
vn 0.1461 0.9822 0.1183
vn 0.8634 0.4486 -0.2306
vn 0.1768 0.9831 0.0476
vn 0.9331 0.3561 -0.0508
vn 0.9241 0.3735 -0.0805
vn 0.9588 0.2636 0.1060
vn 0.5207 -0.5514 -0.6518
vn 0.3652 -0.6222 -0.6925
vn 0.2203 -0.8037 -0.5528
vn 0.2091 -0.4583 -0.8639
vn 0.7109 -0.4755 -0.5182
vn 0.1424 -0.5038 -0.8520
vn 0.7011 -0.5459 -0.4588
vn 0.2124 0.1622 -0.9636
vn 0.2204 0.1666 -0.9611
vn 0.2382 0.1764 -0.9551
vn 0.9653 0.2417 -0.0988
vn 0.9727 0.0414 -0.2284
vn 0.1954 0.1529 -0.9687
vn 0.9873 0.1418 -0.0711
vn 0.8709 0.4914 0.0069
vn 0.1906 0.7829 -0.5923
vn 0.7650 0.6425 -0.0443
vn 0.7406 0.3995 -0.5402
vn 0.8344 0.2329 -0.4996
vn 0.8029 0.5841 0.1190
vn 0.6910 0.7226 -0.0206
vn 0.7326 0.6805 -0.0173
vn 0.7792 -0.4566 0.4294
vn 0.7792 -0.4566 0.4295
vn 0.6335 0.7634 -0.1263
vn 0.7792 -0.4567 0.4294
vn 0.3091 -0.9007 -0.3051
vn 0.2218 -0.9506 -0.2173
vn 0.3281 -0.7654 -0.5536
vn 0.7150 0.6890 -0.1186
vn 0.8731 -0.4681 -0.1363
vn 0.7678 0.6311 0.1110
vn 0.3812 -0.6819 -0.6242
vn 0.4476 -0.7858 -0.4268
vn 0.4593 -0.3267 -0.8260
vn 0.1400 -0.4241 -0.8947
vn 0.7734 0.5841 0.2463
vn 0.6228 -0.2037 -0.7554
vn 0.5113 -0.3418 -0.7885
vn -0.2474 -0.5812 -0.7752
vn -0.2199 -0.6061 -0.7644
vn -0.2739 -0.4964 -0.8238
vn 0.4661 0.7371 -0.4893
vn 0.3927 0.7966 -0.4596
vn 0.5632 0.6124 -0.5548
vn 0.7545 0.5793 -0.3085
vn 0.3237 0.8554 -0.4043
vn 0.5992 -0.7414 -0.3022
vn 0.6165 -0.5286 -0.5835
vn 0.6100 -0.6997 -0.3719
vn 0.3187 0.8424 -0.4345
vn 0.6049 -0.4408 -0.6632
vn 0.6834 -0.5468 -0.4837
vn 0.5278 0.0561 -0.8475
vn 1.0000 -0.0000 0.0015
vn 0.5446 -0.6265 -0.5576
vn 0.5399 -0.8009 -0.2588
vn 0.6497 -0.2151 -0.7291
vn 0.6453 -0.6528 -0.3967
vn 0.7982 -0.5459 0.2547
vn 0.8651 -0.4555 0.2103
vn 0.8539 -0.4944 0.1623
vn 0.3018 -0.5172 0.8009
vn 0.4029 -0.4135 0.8165
vn 0.3326 -0.4357 0.8364
vn 0.6340 -0.1504 0.7586
vn 0.8852 -0.3586 -0.2963
vn 0.6931 -0.0701 0.7174
vn 0.8710 -0.4862 0.0704
vn 0.7396 0.1480 0.6566
vn 0.9566 -0.2867 -0.0519
vn 0.6088 0.1554 0.7779
vn 0.8633 0.0191 -0.5044
vn 0.9481 0.2780 0.1543
vn 0.9199 0.3706 0.1282
vn 0.8354 0.5448 0.0721
vn 0.9745 0.1093 0.1961
vt 0.677000 0.970400
vt 0.650000 0.974200
vt 0.652800 0.958100
vt 0.684800 0.963500
vt 0.621400 0.951000
vt 0.638900 0.930400
vt 0.629800 0.942900
vt 0.628700 0.975200
vt 0.647400 0.985600
vt 0.625700 0.987700
vt 0.613100 0.956800
vt 0.598200 0.932100
vt 0.602500 0.959100
vt 0.602200 0.980400
vt 0.618700 0.998300
vt 0.593600 0.988400
vt 0.581800 0.958200
vt 0.574000 0.979200
vt 0.584300 0.993300
vt 0.566900 0.981300
vt 0.544100 0.967300
vt 0.558900 0.957200
vt 0.564300 0.930400
vt 0.541500 0.932500
vt 0.530400 0.953300
vt 0.534600 0.974500
vt 0.523500 0.955000
vt 0.503900 0.938300
vt 0.521800 0.930500
vt 0.547600 0.904200
vt 0.579400 0.897600
vt 0.601700 0.897200
vt 0.581300 0.858100
vt 0.505400 0.906000
vt 0.518500 0.863000
vt 0.439100 0.932600
vt 0.489800 0.958700
vt 0.465800 0.890500
vt 0.476900 0.851600
vt 0.471000 0.966800
vt 0.484300 0.985900
vt 0.476400 0.988000
vt 0.463100 0.974900
vt 0.470900 0.993800
vt 0.460900 0.986800
vt 0.442000 0.970000
vt 0.446500 0.983900
vt 0.451700 0.997600
vt 0.436300 0.991200
vt 0.421900 0.981800
vt 0.416000 0.964800
vt 0.408000 0.980700
vt 0.400700 0.968700
vt 0.404500 0.915100
vt 0.374300 0.943400
vt 0.380000 0.972300
vt 0.353400 0.975100
vt 0.358700 0.915300
vt 0.341400 0.954000
vt 0.315000 0.964300
vt 0.320800 0.973300
vt 0.300300 0.974000
vt 0.305600 0.961300
vt 0.318300 0.946900
vt 0.321000 0.934600
vt 0.308600 0.942400
vt 0.302100 0.935600
vt 0.338500 0.891700
vt 0.385700 0.859900
vt 0.428100 0.875600
vt 0.442600 0.840300
vt 0.414800 0.803200
vt 0.463400 0.808500
vt 0.512500 0.807300
vt 0.506900 0.755300
vt 0.567300 0.801300
vt 0.462400 0.751100
vt 0.552500 0.750700
vt 0.502900 0.695200
vt 0.594800 0.749500
vt 0.611400 0.801100
vt 0.547400 0.688000
vt 0.459000 0.686600
vt 0.504000 0.655900
vt 0.420100 0.743400
vt 0.460900 0.647000
vt 0.366400 0.788400
vt 0.425000 0.676800
vt 0.379800 0.734100
vt 0.416300 0.625300
vt 0.397800 0.669600
vt 0.370800 0.663000
vt 0.349800 0.725400
vt 0.342800 0.836800
vt 0.299700 0.805700
vt 0.322800 0.765800
vt 0.309500 0.869300
vt 0.288900 0.903500
vt 0.266200 0.781300
vt 0.300600 0.917000
vt 0.282000 0.934200
vt 0.282600 0.941200
vt 0.266200 0.944500
vt 0.267400 0.931600
vt 0.266200 0.841900
vt 0.268000 0.886000
vt 0.249300 0.910500
vt 0.232200 0.924500
vt 0.243600 0.932400
vt 0.218700 0.936100
vt 0.219900 0.920900
vt 0.231300 0.902500
vt 0.230900 0.880700
vt 0.228400 0.856800
vt 0.194700 0.873100
vt 0.200200 0.881100
vt 0.217100 0.840200
vt 0.165900 0.886000
vt 0.168300 0.893000
vt 0.149800 0.897600
vt 0.159500 0.881800
vt 0.174800 0.868200
vt 0.182700 0.851400
vt 0.151000 0.860300
vt 0.150700 0.867200
vt 0.130800 0.870800
vt 0.134900 0.855800
vt 0.175400 0.834900
vt 0.143200 0.836700
vt 0.124200 0.836100
vt 0.117100 0.845800
vt 0.103800 0.836300
vt 0.125300 0.827300
vt 0.138900 0.818600
vt 0.166100 0.812900
vt 0.211300 0.810600
vt 0.250900 0.813100
vt 0.243700 0.794700
vt 0.203800 0.791500
vt 0.230300 0.776800
vt 0.248400 0.761900
vt 0.217300 0.755500
vt 0.275800 0.745800
vt 0.243800 0.741200
vt 0.188700 0.768500
vt 0.178300 0.789900
vt 0.159400 0.791100
vt 0.155500 0.807700
vt 0.159000 0.777300
vt 0.134300 0.789000
vt 0.130100 0.800200
vt 0.112000 0.783100
vt 0.135800 0.777400
vt 0.114900 0.757400
vt 0.149700 0.765000
vt 0.127200 0.734100
vt 0.155900 0.749300
vt 0.191400 0.754200
vt 0.157100 0.741500
vt 0.108900 0.711000
vt 0.090200 0.728700
vt 0.132000 0.727900
vt 0.102100 0.678100
vt 0.079100 0.676600
vt 0.113900 0.707800
vt 0.142200 0.715800
vt 0.111800 0.678200
vt 0.110100 0.641900
vt 0.137100 0.696400
vt 0.163300 0.721100
vt 0.094700 0.632000
vt 0.186700 0.724000
vt 0.177200 0.698500
vt 0.189200 0.743800
vt 0.206400 0.692800
vt 0.213800 0.735100
vt 0.210300 0.718000
vt 0.237400 0.715400
vt 0.171000 0.666200
vt 0.236400 0.681400
vt 0.199600 0.660100
vt 0.262300 0.665800
vt 0.285000 0.698600
vt 0.228400 0.650500
vt 0.186500 0.634000
vt 0.321600 0.715600
vt 0.308500 0.657900
vt 0.342400 0.660300
vt 0.280000 0.651100
vt 0.315000 0.635100
vt 0.346700 0.635300
vt 0.244100 0.628500
vt 0.275500 0.621800
vt 0.319300 0.617900
vt 0.202400 0.619800
vt 0.225500 0.577500
vt 0.167400 0.615800
vt 0.291800 0.603700
vt 0.280000 0.576400
vt 0.194300 0.597500
vt 0.160000 0.632800
vt 0.160000 0.601200
vt 0.140700 0.649100
vt 0.137300 0.670700
vt 0.124200 0.647300
vt 0.143100 0.624500
vt 0.130800 0.613500
vt 0.122700 0.598600
vt 0.152500 0.587500
vt 0.184200 0.572400
vt 0.152000 0.570600
vt 0.085700 0.604800
vt 0.112800 0.575900
vt 0.069100 0.625900
vt 0.073600 0.635700
vt 0.051800 0.636300
vt 0.053400 0.618900
vt 0.060100 0.600200
vt 0.038900 0.597500
vt 0.049100 0.588300
vt 0.078100 0.578900
vt 0.049100 0.574300
vt 0.083700 0.566600
vt 0.059200 0.563100
vt 0.040900 0.557200
vt 0.052700 0.550700
vt 0.085000 0.556100
vt 0.063700 0.545700
vt 0.049700 0.541400
vt 0.118200 0.547900
vt 0.057000 0.535100
vt 0.088900 0.546300
vt 0.088300 0.539800
vt 0.121100 0.526100
vt 0.156100 0.547200
vt 0.191700 0.536700
vt 0.159900 0.526000
vt 0.089600 0.525900
vt 0.130900 0.500300
vt 0.167600 0.500400
vt 0.069200 0.526600
vt 0.054500 0.523600
vt 0.070600 0.516000
vt 0.084900 0.509000
vt 0.077600 0.484400
vt 0.069600 0.498800
vt 0.052900 0.480900
vt 0.132700 0.468200
vt 0.051800 0.457900
vt 0.042500 0.462800
vt 0.035900 0.448400
vt 0.051900 0.437800
vt 0.093700 0.457900
vt 0.087600 0.425500
vt 0.115200 0.408500
vt 0.069200 0.423200
vt 0.056500 0.413100
vt 0.069400 0.409900
vt 0.080000 0.414800
vt 0.071000 0.402100
vt 0.082200 0.407200
vt 0.096400 0.414200
vt 0.089800 0.400600
vt 0.138000 0.413000
vt 0.118700 0.398800
vt 0.134500 0.392100
vt 0.168300 0.443400
vt 0.191000 0.433300
vt 0.187700 0.470800
vt 0.200300 0.501200
vt 0.238000 0.482800
vt 0.235200 0.533900
vt 0.257600 0.567400
vt 0.266500 0.515300
vt 0.289700 0.540300
vt 0.309600 0.514700
vt 0.292600 0.475300
vt 0.269500 0.436100
vt 0.223500 0.436900
vt 0.319200 0.451700
vt 0.239900 0.411000
vt 0.195300 0.412600
vt 0.156300 0.386900
vt 0.135400 0.372200
vt 0.151600 0.366400
vt 0.202300 0.390600
vt 0.251200 0.388200
vt 0.299400 0.389200
vt 0.212300 0.370900
vt 0.259800 0.361000
vt 0.176800 0.348700
vt 0.219400 0.345500
vt 0.267900 0.331100
vt 0.158200 0.330900
vt 0.145600 0.345600
vt 0.179300 0.322100
vt 0.227200 0.324200
vt 0.139600 0.317800
vt 0.134700 0.324800
vt 0.125900 0.307400
vt 0.136800 0.300700
vt 0.152700 0.304800
vt 0.139800 0.287600
vt 0.153500 0.286300
vt 0.179900 0.274700
vt 0.148000 0.257900
vt 0.198000 0.300300
vt 0.238100 0.296900
vt 0.214000 0.277100
vt 0.168200 0.245900
vt 0.138300 0.221400
vt 0.198300 0.253100
vt 0.231100 0.256200
vt 0.150300 0.217500
vt 0.132300 0.199300
vt 0.156600 0.205500
vt 0.182200 0.223300
vt 0.198200 0.232000
vt 0.193100 0.213400
vt 0.207700 0.219800
vt 0.234500 0.219200
vt 0.223200 0.190100
vt 0.254000 0.273100
vt 0.239700 0.190300
vt 0.246600 0.243000
vt 0.240900 0.162900
vt 0.234500 0.159400
vt 0.239900 0.141900
vt 0.249400 0.146800
vt 0.254800 0.185100
vt 0.258500 0.223400
vt 0.280400 0.243700
vt 0.268800 0.259600
vt 0.273900 0.308700
vt 0.290200 0.289400
vt 0.325100 0.320300
vt 0.301600 0.272600
vt 0.342800 0.276300
vt 0.310400 0.256200
vt 0.347200 0.389500
vt 0.359000 0.252900
vt 0.316100 0.240600
vt 0.292000 0.221800
vt 0.306900 0.203400
vt 0.280000 0.206100
vt 0.329200 0.230200
vt 0.297900 0.177100
vt 0.277200 0.182600
vt 0.268500 0.152300
vt 0.293800 0.150300
vt 0.325300 0.168200
vt 0.276800 0.115900
vt 0.260900 0.112500
vt 0.273500 0.078500
vt 0.301900 0.096300
vt 0.320400 0.143500
vt 0.328100 0.109700
vt 0.318800 0.087200
vt 0.347900 0.146200
vt 0.336700 0.091400
vt 0.373000 0.128500
vt 0.365000 0.100400
vt 0.355200 0.074800
vt 0.383700 0.162900
vt 0.384200 0.085500
vt 0.400000 0.129400
vt 0.422200 0.122500
vt 0.360300 0.180600
vt 0.407900 0.157800
vt 0.336400 0.192500
vt 0.349800 0.216500
vt 0.363900 0.230100
vt 0.368200 0.206100
vt 0.391700 0.226400
vt 0.384500 0.195600
vt 0.407400 0.187000
vt 0.397400 0.275100
vt 0.428000 0.206300
vt 0.445200 0.237600
vt 0.433700 0.178200
vt 0.458200 0.198200
vt 0.433000 0.150200
vt 0.464400 0.167000
vt 0.467100 0.138800
vt 0.496100 0.193100
vt 0.504600 0.167500
vt 0.498800 0.231500
vt 0.537900 0.195900
vt 0.507200 0.136300
vt 0.544300 0.170300
vt 0.542200 0.138000
vt 0.551800 0.106500
vt 0.561600 0.139300
vt 0.502600 0.100200
vt 0.455600 0.106000
vt 0.432000 0.080700
vt 0.483400 0.071500
vt 0.506200 0.068300
vt 0.453700 0.056400
vt 0.406300 0.044500
vt 0.383900 0.048700
vt 0.381300 0.014000
vt 0.416400 0.032000
vt 0.484700 0.041000
vt 0.472800 0.035300
vt 0.490300 0.019200
vt 0.498400 0.034200
vt 0.517000 0.044700
vt 0.541600 0.057800
vt 0.579900 0.077200
vt 0.559500 0.055500
vt 0.552200 0.032500
vt 0.563100 0.038400
vt 0.575200 0.053700
vt 0.574900 0.034300
vt 0.588400 0.050400
vt 0.608000 0.066400
vt 0.606900 0.050000
vt 0.620800 0.071900
vt 0.630300 0.072400
vt 0.615500 0.090800
vt 0.655700 0.095200
vt 0.583900 0.104700
vt 0.636000 0.097200
vt 0.625300 0.121300
vt 0.645000 0.114900
vt 0.578200 0.133300
vt 0.597100 0.129400
vt 0.586100 0.159900
vt 0.570100 0.174300
vt 0.605400 0.157900
vt 0.563900 0.201700
vt 0.590400 0.188600
vt 0.558700 0.232400
vt 0.606500 0.193800
vt 0.585200 0.211700
vt 0.611500 0.225300
vt 0.622300 0.202000
vt 0.632800 0.166000
vt 0.661000 0.177500
vt 0.654400 0.138400
vt 0.674700 0.139800
vt 0.675500 0.107300
vt 0.678900 0.091400
vt 0.699600 0.093600
vt 0.685900 0.156000
vt 0.638800 0.212300
vt 0.672400 0.197400
vt 0.720500 0.124700
vt 0.629500 0.241000
vt 0.706100 0.169700
vt 0.653200 0.225200
vt 0.693600 0.214900
vt 0.714400 0.100600
vt 0.722400 0.067300
vt 0.729600 0.092600
vt 0.731800 0.110600
vt 0.739900 0.096900
vt 0.743900 0.116000
vt 0.758400 0.125600
vt 0.755800 0.155600
vt 0.765900 0.140500
vt 0.776900 0.117400
vt 0.780700 0.137900
vt 0.748200 0.200600
vt 0.788900 0.157900
vt 0.798600 0.132300
vt 0.807700 0.151700
vt 0.777100 0.177300
vt 0.796900 0.188000
vt 0.814100 0.174400
vt 0.821800 0.151000
vt 0.826200 0.174900
vt 0.807600 0.195900
vt 0.815800 0.203700
vt 0.833200 0.183900
vt 0.833800 0.201700
vt 0.793700 0.235200
vt 0.823000 0.230600
vt 0.855100 0.217700
vt 0.857800 0.201500
vt 0.879600 0.207800
vt 0.859100 0.228000
vt 0.832700 0.255400
vt 0.725100 0.244700
vt 0.812700 0.274300
vt 0.839000 0.283600
vt 0.768400 0.282600
vt 0.807600 0.341600
vt 0.736600 0.324900
vt 0.671200 0.241700
vt 0.692800 0.282700
vt 0.644400 0.257500
vt 0.604800 0.263600
vt 0.655900 0.292700
vt 0.677300 0.329100
vt 0.626600 0.298100
vt 0.645200 0.339200
vt 0.592200 0.314300
vt 0.544900 0.267200
vt 0.573700 0.290300
vt 0.602200 0.345500
vt 0.504800 0.259300
vt 0.466500 0.270300
vt 0.507900 0.290400
vt 0.443100 0.300300
vt 0.480400 0.298300
vt 0.536000 0.294400
vt 0.548500 0.317200
vt 0.527000 0.314300
vt 0.560000 0.336100
vt 0.529500 0.332800
vt 0.509200 0.319700
vt 0.491100 0.316400
vt 0.469600 0.323500
vt 0.489400 0.337700
vt 0.509000 0.340600
vt 0.529100 0.355500
vt 0.484100 0.357700
vt 0.505900 0.355600
vt 0.457100 0.339800
vt 0.423000 0.323000
vt 0.382500 0.306300
vt 0.362400 0.342200
vt 0.359400 0.299500
vt 0.405800 0.348300
vt 0.447500 0.358200
vt 0.394400 0.382500
vt 0.475400 0.367600
vt 0.436600 0.381400
vt 0.470700 0.383200
vt 0.486900 0.373800
vt 0.503100 0.370600
vt 0.444500 0.406100
vt 0.505000 0.384200
vt 0.491800 0.382000
vt 0.483400 0.389600
vt 0.471900 0.400200
vt 0.489000 0.397800
vt 0.472300 0.411100
vt 0.405600 0.417500
vt 0.358400 0.438600
vt 0.379100 0.477300
vt 0.421100 0.441700
vt 0.449800 0.421600
vt 0.415700 0.492300
vt 0.345500 0.505500
vt 0.393200 0.534200
vt 0.438300 0.452300
vt 0.456500 0.432600
vt 0.475000 0.426600
vt 0.448400 0.502000
vt 0.487800 0.418700
vt 0.456900 0.465100
vt 0.471100 0.440700
vt 0.487300 0.436700
vt 0.479200 0.470400
vt 0.475200 0.511200
vt 0.503800 0.467800
vt 0.502200 0.432900
vt 0.500800 0.416000
vt 0.472400 0.555200
vt 0.516800 0.395500
vt 0.517000 0.413300
vt 0.518600 0.432400
vt 0.533100 0.420200
vt 0.503800 0.510700
vt 0.526800 0.463100
vt 0.534500 0.404800
vt 0.538900 0.436000
vt 0.553700 0.425900
vt 0.550400 0.461200
vt 0.531900 0.503300
vt 0.538400 0.550600
vt 0.561400 0.496900
vt 0.572400 0.450800
vt 0.560600 0.417000
vt 0.598400 0.493100
vt 0.562300 0.402200
vt 0.587800 0.440100
vt 0.570000 0.540500
vt 0.628500 0.474500
vt 0.619900 0.534300
vt 0.579900 0.589400
vt 0.602300 0.415400
vt 0.652300 0.438200
vt 0.611100 0.380600
vt 0.657300 0.389300
vt 0.688300 0.453200
vt 0.663600 0.504000
vt 0.643800 0.552300
vt 0.697700 0.394100
vt 0.716000 0.361500
vt 0.733500 0.438600
vt 0.776700 0.375300
vt 0.715500 0.474800
vt 0.757300 0.411200
vt 0.701600 0.513200
vt 0.765400 0.478800
vt 0.782600 0.417700
vt 0.783500 0.443300
vt 0.801500 0.397900
vt 0.808400 0.438300
vt 0.794300 0.469700
vt 0.822500 0.411800
vt 0.837500 0.462400
vt 0.837400 0.376300
vt 0.850500 0.434800
vt 0.812400 0.496500
vt 0.861100 0.479900
vt 0.857400 0.336500
vt 0.874500 0.402500
vt 0.888900 0.448800
vt 0.875100 0.313600
vt 0.861600 0.282800
vt 0.900000 0.358600
vt 0.900500 0.334000
vt 0.895900 0.292300
vt 0.888300 0.275200
vt 0.907000 0.302400
vt 0.911500 0.281700
vt 0.902700 0.377500
vt 0.922200 0.363200
vt 0.922500 0.375700
vt 0.907300 0.396200
vt 0.919800 0.413400
vt 0.923300 0.389400
vt 0.938900 0.381100
vt 0.931800 0.396300
vt 0.924500 0.437200
vt 0.936300 0.423500
vt 0.953700 0.436700
vt 0.941100 0.453300
vt 0.904100 0.476300
vt 0.932800 0.469100
vt 0.953600 0.467600
vt 0.951100 0.477500
vt 0.940400 0.490800
vt 0.963900 0.487500
vt 0.947400 0.496900
vt 0.927800 0.507100
vt 0.910300 0.495900
vt 0.883300 0.521200
vt 0.832000 0.525900
vt 0.923500 0.531700
vt 0.944000 0.514700
vt 0.961500 0.528200
vt 0.945000 0.548700
vt 0.883600 0.572800
vt 0.928700 0.563700
vt 0.949900 0.559700
vt 0.941800 0.570000
vt 0.921500 0.581700
vt 0.949300 0.579600
vt 0.929400 0.595600
vt 0.876300 0.614700
vt 0.822300 0.583900
vt 0.845200 0.608000
vt 0.786600 0.566500
vt 0.778600 0.523200
vt 0.756600 0.560000
vt 0.741300 0.509200
vt 0.772700 0.617500
vt 0.724000 0.536600
vt 0.801700 0.625800
vt 0.742300 0.615700
vt 0.736100 0.570400
vt 0.694800 0.547900
vt 0.713300 0.562500
vt 0.669700 0.544700
vt 0.688200 0.580600
vt 0.665500 0.573800
vt 0.651800 0.569400
vt 0.654100 0.583200
vt 0.657800 0.594400
vt 0.645800 0.578500
vt 0.633700 0.568900
vt 0.610500 0.575300
vt 0.617100 0.598400
vt 0.635500 0.594700
vt 0.595000 0.622900
vt 0.620000 0.625500
vt 0.650000 0.610200
vt 0.676000 0.603500
vt 0.643400 0.632200
vt 0.670300 0.618100
vt 0.696700 0.615400
vt 0.613100 0.667500
vt 0.668600 0.634000
vt 0.642700 0.662700
vt 0.584600 0.674600
vt 0.630800 0.732900
vt 0.666900 0.730700
vt 0.672700 0.658400
vt 0.701000 0.632200
vt 0.696400 0.604400
vt 0.699400 0.596900
vt 0.712600 0.595700
vt 0.705200 0.585900
vt 0.723100 0.579300
vt 0.725200 0.600400
vt 0.737900 0.646900
vt 0.707700 0.655200
vt 0.757100 0.658500
vt 0.728800 0.692400
vt 0.698700 0.712200
vt 0.780800 0.671000
vt 0.797100 0.678100
vt 0.732900 0.757800
vt 0.760200 0.725500
vt 0.785100 0.718900
vt 0.776300 0.776500
vt 0.703900 0.770400
vt 0.733300 0.803800
vt 0.684100 0.778500
vt 0.661300 0.784200
vt 0.712100 0.817100
vt 0.686100 0.829200
vt 0.633800 0.798600
vt 0.549900 0.647100
vt 0.546300 0.602400
vt 0.508100 0.608500
vt 0.506200 0.557100
vt 0.467900 0.603900
vt 0.432300 0.591800
vt 0.440300 0.543400
vt 0.402600 0.578300
vt 0.395900 0.599300
vt 0.392500 0.627700
vt 0.382000 0.569900
vt 0.370100 0.553600
vt 0.371400 0.632000
vt 0.345400 0.619500
vt 0.365200 0.611100
vt 0.380800 0.595100
vt 0.339900 0.604500
vt 0.359400 0.594600
vt 0.370400 0.578600
vt 0.362800 0.570600
vt 0.361700 0.584000
vt 0.349500 0.574100
vt 0.327500 0.581200
vt 0.344200 0.545600
vt 0.318700 0.549300
vt 0.301500 0.565500
vt 0.293100 0.582700
vt 0.311500 0.587900
vt 0.317300 0.598700
vt 0.304700 0.597900
vt 0.320300 0.607200
vt 0.680200 0.943600
vt 0.649400 0.908200
vt 0.707800 0.956500
vt 0.708200 0.967900
vt 0.731900 0.964600
vt 0.722000 0.946500
vt 0.695700 0.915200
vt 0.718000 0.931900
vt 0.734600 0.939000
vt 0.736000 0.929600
vt 0.729400 0.919000
vt 0.752000 0.927300
vt 0.737900 0.912200
vt 0.729400 0.895700
vt 0.718100 0.863200
vt 0.764500 0.879200
vt 0.761400 0.893000
vt 0.677900 0.876600
vt 0.801200 0.889900
vt 0.658400 0.840100
vt 0.656800 0.884400
vt 0.632500 0.852100
vt 0.615000 0.884700
vt 0.742000 0.838700
vt 0.780900 0.864000
vt 0.753700 0.821600
vt 0.785200 0.825600
vt 0.754900 0.793900
vt 0.801600 0.804600
vt 0.831200 0.817100
vt 0.822700 0.796100
vt 0.830200 0.830500
vt 0.819600 0.849000
vt 0.801400 0.882200
vt 0.819200 0.876600
vt 0.814200 0.886500
vt 0.827900 0.887100
vt 0.826100 0.893600
vt 0.816100 0.863900
vt 0.835600 0.865800
vt 0.838800 0.858100
vt 0.805300 0.898200
vt 0.830300 0.905500
vt 0.803300 0.902200
vt 0.837200 0.851100
vt 0.851100 0.850100
vt 0.851000 0.843500
vt 0.849400 0.836400
vt 0.868200 0.835300
vt 0.863900 0.831000
vt 0.852700 0.824300
vt 0.872900 0.822500
vt 0.859400 0.817100
vt 0.846700 0.808100
vt 0.865400 0.793300
vt 0.859100 0.783400
vt 0.888600 0.765700
vt 0.900300 0.772600
vt 0.916400 0.744700
vt 0.905800 0.744100
vt 0.909000 0.715300
vt 0.923400 0.709000
vt 0.900100 0.743300
vt 0.881700 0.761800
vt 0.903400 0.684600
vt 0.915600 0.674500
vt 0.905300 0.716100
vt 0.892700 0.657800
vt 0.904600 0.646000
vt 0.897700 0.686800
vt 0.884300 0.716500
vt 0.881200 0.738000
vt 0.878700 0.692100
vt 0.856800 0.718700
vt 0.871500 0.752800
vt 0.854400 0.775700
vt 0.851600 0.736400
vt 0.849400 0.758200
vt 0.829900 0.729300
vt 0.825600 0.754300
vt 0.828300 0.788100
vt 0.819000 0.776000
vt 0.810700 0.781700
vt 0.783800 0.758700
vt 0.794300 0.750600
vt 0.807500 0.742600
vt 0.806800 0.719800
vt 0.843200 0.702300
vt 0.815900 0.688900
vt 0.846700 0.677100
vt 0.834900 0.660200
vt 0.824400 0.635400
vt 0.866300 0.668400
vt 0.856000 0.649100
vt 0.852800 0.629300
vt 0.855200 0.619300
vt 0.866200 0.631000
vt 0.873500 0.642200
vt 0.869000 0.624300
vt 0.884600 0.661400
vt 0.880600 0.638000
vt 0.890700 0.629800
vt 0.921600 0.620600
vt 0.914100 0.610200
vt 0.937200 0.605300
vt 0.835200 0.269500
vt 0.563600 0.356600
vt 0.569200 0.378800
vt 0.537800 0.368400
vt 0.522700 0.378100
vt 0.538100 0.382900
vt 0.521800 0.387800
vt 0.524100 0.392700
vt 0.535300 0.396200
s 1
f 1/1/1 2/2/2 3/3/3
f 1/1/4 3/3/5 4/4/6
f 5/5/7 3/3/3 2/2/2
f 3/3/5 6/6/8 4/4/6
f 5/5/7 7/7/9 3/3/3
f 3/3/5 7/7/10 6/6/8
f 8/8/11 5/5/12 2/2/13
f 2/2/13 9/9/14 8/8/11
f 9/9/15 10/10/16 8/8/17
f 8/8/18 11/11/19 5/5/7
f 12/12/20 7/7/9 5/5/7
f 5/5/7 11/11/19 12/12/20
f 12/12/21 6/6/8 7/7/10
f 8/8/22 13/13/23 11/11/24
f 8/8/17 10/10/16 13/13/25
f 12/12/21 11/11/24 13/13/23
f 14/14/26 13/13/23 10/10/27
f 10/10/27 15/15/28 14/14/26
f 14/14/29 15/15/30 16/16/31
f 14/14/26 17/17/32 13/13/23
f 16/16/31 17/17/33 14/14/29
f 12/12/21 13/13/23 17/17/32
f 17/17/34 16/16/35 18/18/36
f 18/18/36 16/16/35 19/19/37
f 20/20/38 18/18/39 19/19/40
f 18/18/39 20/20/38 21/21/41
f 17/17/32 18/18/42 22/22/43
f 18/18/39 21/21/41 22/22/44
f 12/12/21 17/17/32 23/23/45
f 23/23/45 17/17/32 22/22/43
f 21/21/41 24/24/46 22/22/44
f 23/23/45 22/22/43 24/24/47
f 24/24/48 21/21/49 25/25/50
f 21/21/49 26/26/51 25/25/50
f 26/26/52 27/27/53 25/25/54
f 25/25/54 27/27/53 28/28/55
f 24/24/47 25/25/54 29/29/56
f 25/25/54 28/28/55 29/29/56
f 30/30/57 23/23/45 24/24/47
f 30/30/57 24/24/47 29/29/56
f 23/23/45 31/31/58 12/12/21
f 23/23/45 30/30/57 31/31/58
f 12/12/21 31/31/58 32/32/59
f 12/12/21 32/32/59 6/6/8
f 33/33/60 31/31/58 30/30/57
f 33/33/60 32/32/61 31/31/58
f 30/30/57 29/29/56 34/34/62
f 34/34/63 29/29/56 28/28/55
f 30/30/57 34/34/62 35/35/64
f 33/33/60 30/30/57 35/35/64
f 34/34/65 28/28/66 36/36/67
f 28/28/66 37/37/68 36/36/67
f 35/35/69 34/34/65 38/38/70
f 34/34/65 36/36/67 38/38/70
f 35/35/71 38/38/72 39/39/73
f 37/37/74 40/40/75 36/36/76
f 37/37/74 41/41/77 40/40/75
f 40/40/78 41/41/78 42/42/78
f 40/40/79 42/42/80 43/43/81
f 40/40/79 43/43/81 36/36/82
f 42/42/80 44/44/83 43/43/81
f 45/45/84 43/43/85 44/44/86
f 45/45/84 36/36/87 43/43/85
f 45/45/88 46/46/89 36/36/90
f 46/46/89 45/45/88 47/47/91
f 45/45/92 48/48/92 47/47/92
f 49/49/93 47/47/94 48/48/95
f 47/47/94 49/49/93 50/50/96
f 47/47/94 50/50/96 46/46/97
f 50/50/96 36/36/98 46/46/97
f 50/50/99 51/51/100 36/36/101
f 51/51/100 50/50/99 52/52/102
f 51/51/103 52/52/103 53/53/103
f 36/36/104 51/51/104 53/53/104
f 53/53/105 54/54/105 36/36/105
f 55/55/106 54/54/107 53/53/108
f 55/55/106 53/53/108 56/56/109
f 55/55/106 56/56/109 57/57/110
f 54/54/111 55/55/112 58/58/113
f 55/55/106 57/57/110 59/59/114
f 59/59/115 58/58/113 55/55/112
f 57/57/110 60/60/116 59/59/114
f 57/57/110 61/61/117 60/60/116
f 61/61/117 62/62/118 60/60/116
f 62/62/119 63/63/120 60/60/121
f 64/64/122 60/60/121 63/63/120
f 64/64/122 59/59/123 60/60/121
f 59/59/124 64/64/124 58/58/124
f 65/65/125 58/58/125 64/64/125
f 64/64/126 66/66/127 65/65/128
f 67/67/129 65/65/128 66/66/127
f 68/68/130 58/58/113 65/65/131
f 68/68/132 65/65/132 67/67/132
f 54/54/111 58/58/113 69/69/133
f 69/69/133 58/58/113 68/68/130
f 54/54/111 69/69/133 70/70/134
f 36/36/135 54/54/136 70/70/134
f 36/36/135 70/70/134 38/38/72
f 70/70/134 39/39/73 38/38/72
f 69/69/133 71/71/137 70/70/134
f 70/70/134 71/71/137 39/39/73
f 69/69/133 72/72/138 71/71/137
f 73/73/139 39/39/73 71/71/137
f 72/72/138 73/73/139 71/71/137
f 39/39/73 73/73/139 74/74/140
f 39/39/73 74/74/140 35/35/71
f 73/73/141 75/75/142 74/74/143
f 35/35/64 74/74/144 76/76/145
f 73/73/141 77/77/146 75/75/142
f 72/72/138 77/77/146 73/73/141
f 74/74/144 75/75/142 78/78/147
f 74/74/144 78/78/147 76/76/145
f 35/35/64 76/76/145 33/33/60
f 79/79/148 78/78/147 75/75/142
f 77/77/146 79/79/148 75/75/142
f 76/76/145 78/78/147 80/80/149
f 81/81/150 33/33/60 76/76/145
f 76/76/145 80/80/149 81/81/150
f 79/79/148 82/82/151 78/78/147
f 82/82/151 80/80/149 78/78/147
f 77/77/146 83/83/152 79/79/148
f 82/82/151 79/79/148 84/84/153
f 83/83/152 84/84/153 79/79/148
f 85/85/154 83/83/152 77/77/146
f 72/72/138 85/85/154 77/77/146
f 83/83/152 86/86/155 84/84/153
f 85/85/154 72/72/138 87/87/156
f 85/85/154 88/88/157 83/83/152
f 86/86/155 83/83/152 88/88/157
f 89/89/158 88/88/159 85/85/154
f 85/85/154 87/87/156 89/89/158
f 86/86/160 88/88/161 90/90/162
f 89/89/158 91/91/163 88/88/159
f 91/91/164 90/90/162 88/88/161
f 89/89/158 92/92/165 91/91/163
f 87/87/156 93/93/166 89/89/158
f 89/89/158 93/93/166 92/92/165
f 94/94/167 87/87/156 72/72/138
f 94/94/167 72/72/138 69/69/133
f 69/69/133 68/68/130 94/94/167
f 95/95/168 87/87/156 94/94/167
f 87/87/156 96/96/169 93/93/166
f 95/95/168 96/96/169 87/87/156
f 94/94/170 68/68/171 97/97/172
f 97/97/173 95/95/168 94/94/167
f 68/68/171 98/98/174 97/97/172
f 96/96/169 95/95/168 99/99/175
f 68/68/171 100/100/176 98/98/174
f 67/67/177 100/100/178 68/68/179
f 67/67/177 101/101/180 100/100/178
f 98/98/174 100/100/176 101/101/181
f 67/67/177 102/102/182 101/101/180
f 101/101/180 102/102/182 103/103/183
f 101/101/184 103/103/185 104/104/186
f 98/98/187 101/101/184 104/104/186
f 97/97/173 105/105/188 95/95/168
f 106/106/189 97/97/173 98/98/190
f 97/97/173 106/106/189 105/105/188
f 98/98/191 104/104/192 107/107/193
f 98/98/190 107/107/194 106/106/189
f 108/108/195 107/107/193 104/104/192
f 108/108/195 104/104/192 109/109/196
f 110/110/197 108/108/195 109/109/196
f 111/111/198 108/108/199 110/110/200
f 108/108/199 111/111/198 112/112/201
f 108/108/199 112/112/201 107/107/202
f 113/113/203 107/107/203 112/112/203
f 113/113/204 106/106/204 107/107/204
f 113/113/205 105/105/205 106/106/205
f 105/105/206 113/113/207 114/114/208
f 113/113/207 115/115/209 114/114/208
f 113/113/207 116/116/210 115/115/209
f 105/105/211 114/114/212 117/117/213
f 117/117/213 114/114/212 115/115/214
f 116/116/210 118/118/215 115/115/209
f 116/116/210 119/119/216 118/118/215
f 119/119/216 120/120/217 118/118/215
f 120/120/218 121/121/219 118/118/220
f 122/122/221 118/118/220 121/121/219
f 122/122/221 115/115/222 118/118/220
f 117/117/223 115/115/222 122/122/221
f 117/117/213 122/122/224 123/123/225
f 122/122/224 124/124/226 123/123/225
f 122/122/224 125/125/227 124/124/226
f 124/124/226 125/125/227 126/126/228
f 124/124/229 126/126/229 127/127/229
f 124/124/226 128/128/230 123/123/225
f 117/117/213 123/123/225 128/128/230
f 124/124/226 127/127/231 128/128/230
f 127/127/231 129/129/232 128/128/230
f 127/127/231 130/130/233 129/129/232
f 127/127/231 131/131/234 130/130/233
f 131/131/234 132/132/235 130/130/233
f 130/130/236 132/132/237 133/133/238
f 130/130/236 133/133/238 129/129/239
f 128/128/240 129/129/239 133/133/238
f 134/134/241 128/128/240 133/133/238
f 128/128/240 134/134/241 135/135/242
f 117/117/213 128/128/230 136/136/243
f 136/136/244 128/128/244 135/135/244
f 137/137/245 117/117/213 136/136/243
f 105/105/211 117/117/213 137/137/245
f 137/137/245 95/95/246 105/105/211
f 137/137/247 99/99/247 95/95/247
f 137/137/248 136/136/249 138/138/250
f 137/137/248 138/138/250 99/99/251
f 138/138/252 136/136/252 139/139/252
f 135/135/253 139/139/253 136/136/253
f 140/140/254 99/99/255 138/138/256
f 138/138/256 139/139/257 140/140/254
f 140/140/254 141/141/258 99/99/255
f 142/142/259 140/140/260 139/139/261
f 141/141/262 140/140/260 142/142/259
f 143/143/263 99/99/255 141/141/258
f 96/96/169 99/99/175 143/143/264
f 141/141/262 142/142/259 144/144/265
f 144/144/265 143/143/266 141/141/262
f 142/142/259 139/139/261 145/145/267
f 146/146/268 139/139/269 135/135/270
f 146/146/271 145/145/267 139/139/261
f 135/135/270 147/147/272 146/146/268
f 135/135/270 148/148/273 147/147/272
f 146/146/271 147/147/274 149/149/275
f 146/146/271 149/149/275 145/145/267
f 150/150/276 147/147/272 148/148/273
f 149/149/275 147/147/274 150/150/277
f 150/150/276 148/148/273 151/151/278
f 150/150/276 151/151/278 152/152/279
f 152/152/280 153/153/281 150/150/277
f 149/149/275 150/150/277 153/153/281
f 154/154/282 153/153/283 152/152/284
f 155/155/285 149/149/275 153/153/283
f 154/154/282 155/155/285 153/153/283
f 145/145/267 149/149/275 155/155/285
f 155/155/286 154/154/287 156/156/288
f 145/145/289 155/155/286 157/157/290
f 155/155/286 156/156/288 157/157/290
f 145/145/291 157/157/292 158/158/293
f 142/142/294 145/145/291 158/158/293
f 159/159/295 157/157/296 156/156/297
f 158/158/293 157/157/296 159/159/295
f 154/154/298 160/160/299 156/156/300
f 154/154/298 161/161/301 160/160/299
f 162/162/302 156/156/297 160/160/303
f 159/159/295 156/156/297 162/162/302
f 161/161/301 163/163/304 160/160/299
f 161/161/301 164/164/305 163/163/304
f 162/162/302 160/160/303 165/165/306
f 163/163/307 165/165/306 160/160/303
f 165/165/308 166/166/309 162/162/310
f 159/159/311 162/162/310 166/166/309
f 163/163/307 167/167/312 165/165/306
f 164/164/305 168/168/313 163/163/304
f 168/168/314 167/167/312 163/163/307
f 165/165/308 169/169/315 166/166/309
f 167/167/316 169/169/317 165/165/318
f 159/159/311 166/166/309 170/170/319
f 170/170/320 166/166/309 169/169/315
f 164/164/321 171/171/321 168/168/321
f 159/159/322 170/170/323 172/172/324
f 170/170/320 169/169/315 173/173/325
f 173/173/326 172/172/324 170/170/323
f 159/159/322 172/172/324 174/174/327
f 158/158/293 159/159/295 174/174/328
f 175/175/329 172/172/324 173/173/326
f 176/176/330 158/158/293 174/174/328
f 176/176/330 142/142/294 158/158/293
f 144/144/331 142/142/294 176/176/330
f 177/177/332 174/174/327 172/172/324
f 177/177/332 176/176/333 174/174/327
f 175/175/329 177/177/332 172/172/324
f 144/144/331 176/176/330 178/178/334
f 178/178/335 176/176/333 177/177/332
f 175/175/329 178/178/335 177/177/332
f 143/143/336 144/144/336 178/178/336
f 175/175/337 173/173/338 179/179/339
f 169/169/315 179/179/340 173/173/325
f 175/175/341 180/180/342 178/178/343
f 180/180/342 175/175/341 181/181/344
f 175/175/337 179/179/339 181/181/345
f 178/178/346 180/180/347 182/182/348
f 143/143/264 178/178/346 183/183/349
f 178/178/346 182/182/348 183/183/349
f 180/180/342 181/181/344 184/184/350
f 182/182/348 180/180/347 184/184/351
f 185/185/352 184/184/350 181/181/344
f 179/179/340 185/185/353 181/181/354
f 186/186/355 143/143/264 183/183/349
f 186/186/355 96/96/169 143/143/264
f 96/96/169 186/186/355 93/93/166
f 186/186/355 183/183/356 187/187/357
f 93/93/166 186/186/355 188/188/358
f 186/186/355 187/187/357 188/188/358
f 93/93/166 188/188/358 92/92/165
f 189/189/359 187/187/357 183/183/356
f 189/189/359 183/183/356 182/182/360
f 188/188/358 187/187/357 190/190/361
f 189/189/359 190/190/361 187/187/357
f 191/191/362 92/92/165 188/188/358
f 188/188/358 190/190/361 191/191/362
f 189/189/359 182/182/360 192/192/363
f 182/182/348 184/184/351 192/192/364
f 189/189/359 193/193/365 190/190/361
f 189/189/359 192/192/363 193/193/365
f 191/191/362 190/190/361 194/194/366
f 192/192/364 184/184/351 195/195/367
f 185/185/368 195/195/367 184/184/351
f 195/195/369 196/196/370 192/192/363
f 193/193/365 192/192/363 196/196/370
f 185/185/353 197/197/371 195/195/372
f 198/198/373 190/190/361 193/193/365
f 198/198/373 194/194/366 190/190/361
f 199/199/374 198/198/373 193/193/365
f 200/200/375 195/195/369 197/197/376
f 195/195/369 200/200/375 196/196/370
f 185/185/353 201/201/377 197/197/371
f 179/179/340 201/201/377 185/185/353
f 200/200/375 197/197/376 202/202/378
f 179/179/340 203/203/379 201/201/377
f 179/179/340 204/204/380 203/203/379
f 169/169/315 204/204/380 179/179/340
f 167/167/316 204/204/381 169/169/317
f 204/204/381 167/167/316 205/205/382
f 204/204/381 205/205/382 203/203/383
f 168/168/314 205/205/384 167/167/312
f 203/203/383 206/206/385 201/201/386
f 203/203/383 205/205/382 206/206/385
f 206/206/387 205/205/384 168/168/314
f 201/201/386 206/206/385 197/197/388
f 197/197/389 206/206/390 207/207/391
f 206/206/390 168/168/392 207/207/391
f 197/197/376 207/207/393 202/202/378
f 168/168/394 208/208/395 207/207/396
f 207/207/396 209/209/397 202/202/398
f 200/200/399 202/202/398 209/209/397
f 207/207/396 208/208/395 209/209/397
f 168/168/394 171/171/400 208/208/395
f 200/200/375 209/209/401 210/210/402
f 196/196/370 200/200/375 210/210/402
f 208/208/403 211/211/404 209/209/401
f 211/211/404 210/210/402 209/209/401
f 208/208/405 171/171/406 212/212/407
f 208/208/405 213/213/408 211/211/409
f 208/208/405 212/212/407 213/213/408
f 171/171/406 214/214/410 212/212/407
f 171/171/406 215/215/411 214/214/410
f 215/215/411 216/216/412 214/214/410
f 216/216/413 217/217/414 214/214/415
f 212/212/416 214/214/415 217/217/414
f 212/212/416 217/217/414 218/218/417
f 218/218/417 217/217/414 219/219/418
f 220/220/419 218/218/420 219/219/421
f 218/218/420 221/221/422 212/212/423
f 218/218/420 220/220/419 221/221/422
f 221/221/422 213/213/424 212/212/423
f 222/222/425 221/221/422 220/220/419
f 213/213/426 221/221/427 223/223/428
f 221/221/427 222/222/429 224/224/430
f 221/221/427 224/224/430 223/223/428
f 225/225/431 224/224/430 222/222/429
f 226/226/432 224/224/433 225/225/434
f 227/227/435 223/223/436 224/224/433
f 227/227/435 224/224/433 226/226/432
f 213/213/437 223/223/436 227/227/435
f 228/228/438 227/227/439 226/226/440
f 229/229/441 228/228/438 226/226/440
f 213/213/442 227/227/443 230/230/444
f 231/231/445 228/228/446 229/229/447
f 211/211/409 213/213/408 230/230/448
f 228/228/446 232/232/449 227/227/443
f 230/230/444 227/227/443 232/232/449
f 233/233/450 232/232/449 228/228/446
f 233/233/450 228/228/446 231/231/445
f 232/232/449 234/234/451 230/230/452
f 233/233/450 234/234/451 232/232/449
f 211/211/453 230/230/454 235/235/455
f 235/235/456 230/230/452 234/234/451
f 235/235/455 210/210/457 211/211/453
f 235/235/458 236/236/458 210/210/458
f 236/236/459 196/196/370 210/210/460
f 235/235/456 234/234/451 237/237/461
f 236/236/462 235/235/456 237/237/461
f 233/233/463 238/238/464 234/234/451
f 233/233/463 231/231/465 238/238/464
f 237/237/461 234/234/451 239/239/466
f 238/238/464 239/239/466 234/234/451
f 236/236/462 237/237/461 240/240/467
f 237/237/461 239/239/466 240/240/467
f 231/231/465 241/241/468 238/238/464
f 231/231/465 242/242/469 241/241/468
f 241/241/470 242/242/471 243/243/472
f 244/244/473 241/241/470 243/243/472
f 244/244/473 238/238/474 241/241/470
f 238/238/474 244/244/473 239/239/475
f 239/239/476 244/244/477 245/245/478
f 245/245/478 244/244/477 246/246/479
f 246/246/479 247/247/480 245/245/478
f 239/239/466 245/245/481 248/248/482
f 240/240/467 239/239/466 248/248/482
f 249/249/483 245/245/478 247/247/480
f 249/249/483 247/247/480 250/250/484
f 249/249/483 250/250/484 251/251/485
f 249/249/486 251/251/487 252/252/488
f 253/253/489 245/245/481 249/249/490
f 253/253/491 249/249/486 252/252/488
f 253/253/489 248/248/482 245/245/481
f 254/254/492 253/253/491 252/252/488
f 255/255/493 248/248/482 253/253/489
f 254/254/494 255/255/494 253/253/494
f 256/256/495 254/254/492 252/252/488
f 256/256/495 252/252/488 257/257/496
f 258/258/497 256/256/498 257/257/499
f 256/256/498 258/258/497 259/259/500
f 256/256/498 259/259/500 254/254/501
f 260/260/502 259/259/500 258/258/497
f 261/261/503 259/259/503 260/260/503
f 262/262/504 254/254/501 259/259/500
f 262/262/504 259/259/500 261/261/505
f 254/254/506 262/262/506 255/255/506
f 262/262/504 261/261/505 263/263/507
f 255/255/508 262/262/508 263/263/508
f 264/264/509 255/255/510 265/265/511
f 264/264/509 248/248/512 255/255/510
f 264/264/513 265/265/514 266/266/515
f 264/264/516 267/267/517 248/248/482
f 268/268/518 264/264/513 266/266/515
f 268/268/519 267/267/517 264/264/516
f 267/267/517 269/269/520 248/248/482
f 267/267/517 268/268/519 269/269/520
f 240/240/467 248/248/482 269/269/520
f 240/240/467 269/269/520 270/270/521
f 236/236/462 240/240/467 270/270/521
f 270/270/522 269/269/523 271/271/524
f 272/272/525 236/236/526 270/270/527
f 272/272/525 270/270/527 271/271/524
f 236/236/459 272/272/525 196/196/370
f 196/196/370 272/272/525 273/273/528
f 193/193/365 196/196/370 273/273/528
f 199/199/374 193/193/365 273/273/528
f 273/273/528 272/272/525 274/274/529
f 274/274/529 272/272/525 271/271/524
f 275/275/530 199/199/374 273/273/528
f 275/275/530 273/273/528 274/274/529
f 276/276/531 275/275/530 274/274/529
f 271/271/524 277/277/532 274/274/529
f 276/276/531 274/274/529 277/277/533
f 271/271/524 278/278/534 277/277/532
f 269/269/523 279/279/535 271/271/524
f 278/278/534 271/271/524 279/279/535
f 269/269/520 268/268/519 279/279/536
f 278/278/534 280/280/537 277/277/532
f 280/280/538 276/276/531 277/277/533
f 278/278/539 279/279/540 281/281/541
f 282/282/542 279/279/540 268/268/543
f 281/281/541 279/279/540 282/282/542
f 268/268/543 283/283/544 282/282/542
f 268/268/545 266/266/546 283/283/547
f 266/266/546 284/284/548 283/283/547
f 285/285/549 283/283/550 284/284/551
f 286/286/552 282/282/542 283/283/550
f 286/286/552 283/283/550 285/285/549
f 281/281/541 282/282/542 286/286/552
f 287/287/553 278/278/534 281/281/554
f 287/287/553 288/288/555 278/278/534
f 278/278/534 288/288/555 280/280/537
f 281/281/556 289/289/557 287/287/558
f 281/281/559 286/286/560 289/289/561
f 289/289/557 290/290/562 287/287/558
f 288/288/555 287/287/553 290/290/562
f 286/286/560 291/291/563 289/289/561
f 286/286/560 285/285/564 291/291/563
f 289/289/557 292/292/565 290/290/562
f 291/291/566 292/292/565 289/289/557
f 288/288/555 290/290/562 293/293/567
f 293/293/567 290/290/562 292/292/565
f 294/294/568 291/291/563 285/285/564
f 294/294/568 285/285/564 295/295/569
f 291/291/566 296/296/570 292/292/565
f 296/296/570 291/291/566 294/294/571
f 293/293/567 292/292/565 297/297/572
f 298/298/573 294/294/568 295/295/569
f 298/298/573 295/295/569 299/299/574
f 299/299/574 300/300/575 298/298/573
f 301/301/576 298/298/576 300/300/576
f 294/294/577 298/298/577 301/301/577
f 302/302/578 294/294/579 301/301/580
f 302/302/581 296/296/570 294/294/571
f 302/302/578 301/301/580 303/303/582
f 304/304/583 302/302/583 303/303/583
f 302/302/584 304/304/584 296/296/584
f 296/296/585 304/304/586 305/305/587
f 306/306/588 305/305/587 304/304/586
f 307/307/589 292/292/590 296/296/585
f 307/307/589 297/297/591 292/292/590
f 296/296/585 305/305/587 307/307/589
f 308/308/592 297/297/593 307/307/594
f 308/308/592 293/293/595 297/297/593
f 305/305/596 309/309/597 307/307/594
f 308/308/592 307/307/594 309/309/597
f 306/306/588 310/310/598 305/305/587
f 310/310/598 306/306/588 311/311/599
f 305/305/596 312/312/600 309/309/597
f 312/312/600 305/305/596 310/310/601
f 308/308/602 309/309/603 313/313/604
f 312/312/605 313/313/604 309/309/603
f 310/310/598 311/311/599 314/314/606
f 315/315/607 314/314/606 311/311/599
f 314/314/608 315/315/609 316/316/610
f 314/314/608 316/316/610 310/310/611
f 316/316/610 317/317/612 310/310/611
f 312/312/613 310/310/611 317/317/612
f 312/312/614 317/317/614 318/318/614
f 318/318/615 317/317/615 319/319/615
f 320/320/616 318/318/616 319/319/616
f 312/312/617 318/318/617 320/320/617
f 312/312/618 320/320/618 313/313/618
f 321/321/619 313/313/620 320/320/621
f 322/322/622 321/321/619 320/320/621
f 308/308/602 313/313/604 323/323/623
f 321/321/619 322/322/622 324/324/624
f 321/321/625 325/325/626 313/313/604
f 325/325/626 323/323/623 313/313/604
f 322/322/622 326/326/627 324/324/624
f 322/322/622 327/327/628 326/326/627
f 326/326/627 327/327/628 328/328/629
f 326/326/630 328/328/631 329/329/632
f 330/330/633 324/324/634 326/326/635
f 321/321/625 324/324/634 330/330/633
f 330/330/636 326/326/630 329/329/632
f 325/325/626 321/321/625 331/331/637
f 321/321/625 330/330/633 331/331/637
f 325/325/626 331/331/637 332/332/638
f 325/325/639 333/333/640 323/323/641
f 325/325/626 332/332/638 333/333/642
f 334/334/643 308/308/602 323/323/623
f 308/308/592 334/334/644 293/293/595
f 335/335/645 323/323/641 333/333/640
f 334/334/643 323/323/623 335/335/646
f 334/334/644 336/336/647 293/293/595
f 336/336/648 334/334/643 335/335/646
f 288/288/555 293/293/567 336/336/649
f 335/335/645 333/333/640 337/337/650
f 337/337/651 333/333/642 332/332/638
f 338/338/652 335/335/645 337/337/650
f 338/338/652 336/336/653 335/335/645
f 337/337/651 332/332/638 339/339/654
f 338/338/655 337/337/651 339/339/654
f 340/340/656 288/288/657 336/336/658
f 341/341/659 338/338/659 339/339/659
f 340/340/656 280/280/660 288/288/657
f 342/342/661 339/339/662 332/332/663
f 341/341/664 339/339/662 342/342/661
f 342/342/661 332/332/663 343/343/665
f 331/331/666 343/343/665 332/332/663
f 344/344/667 342/342/668 343/343/669
f 331/331/666 345/345/670 343/343/665
f 345/345/671 344/344/667 343/343/669
f 330/330/672 345/345/673 331/331/674
f 344/344/675 346/346/676 342/342/677
f 342/342/677 346/346/676 341/341/678
f 347/347/679 344/344/667 345/345/671
f 330/330/672 348/348/680 345/345/673
f 347/347/679 345/345/671 348/348/681
f 348/348/680 330/330/672 349/349/682
f 329/329/683 349/349/684 330/330/685
f 347/347/679 348/348/681 350/350/686
f 348/348/687 349/349/687 350/350/687
f 344/344/667 347/347/679 351/351/688
f 351/351/688 347/347/679 350/350/686
f 329/329/683 352/352/689 349/349/684
f 352/352/690 350/350/691 349/349/692
f 329/329/683 353/353/693 352/352/689
f 353/353/693 354/354/694 352/352/689
f 355/355/695 352/352/690 354/354/696
f 352/352/690 355/355/695 350/350/691
f 356/356/697 350/350/686 355/355/698
f 351/351/688 350/350/686 356/356/697
f 357/357/699 356/356/697 355/355/698
f 357/357/699 355/355/698 358/358/700
f 356/356/701 359/359/702 351/351/703
f 357/357/704 359/359/702 356/356/701
f 360/360/705 357/357/705 358/358/705
f 357/357/706 360/360/706 359/359/706
f 360/360/707 361/361/708 359/359/709
f 361/361/710 360/360/711 362/362/712
f 363/363/713 362/362/712 360/360/711
f 359/359/709 361/361/708 364/364/714
f 365/365/715 362/362/716 363/363/717
f 366/366/718 361/361/719 362/362/720
f 366/366/721 362/362/716 365/365/715
f 366/366/718 364/364/722 361/361/719
f 366/366/718 365/365/723 367/367/724
f 359/359/709 364/364/714 368/368/725
f 351/351/703 359/359/702 368/368/726
f 366/366/718 369/369/727 364/364/722
f 369/369/727 366/366/718 367/367/724
f 351/351/703 368/368/726 370/370/728
f 344/344/667 351/351/688 370/370/729
f 346/346/730 344/344/667 370/370/729
f 346/346/730 370/370/729 371/371/731
f 372/372/732 346/346/730 371/371/731
f 372/372/732 341/341/733 346/346/730
f 373/373/734 371/371/735 370/370/728
f 373/373/734 372/372/736 371/371/735
f 373/373/734 370/370/728 368/368/726
f 374/374/737 341/341/737 372/372/737
f 373/373/734 374/374/738 372/372/736
f 368/368/725 375/375/739 373/373/740
f 368/368/725 364/364/714 375/375/739
f 375/375/739 374/374/741 373/373/740
f 376/376/742 375/375/739 364/364/722
f 374/374/741 375/375/739 376/376/742
f 376/376/742 364/364/722 369/369/727
f 377/377/743 341/341/744 374/374/745
f 377/377/743 338/338/746 341/341/744
f 374/374/741 376/376/742 378/378/747
f 378/378/748 379/379/749 374/374/745
f 379/379/749 377/377/743 374/374/745
f 378/378/747 376/376/742 380/380/750
f 369/369/727 380/380/750 376/376/742
f 381/381/751 378/378/748 380/380/752
f 381/381/751 379/379/749 378/378/748
f 369/369/727 382/382/753 380/380/750
f 369/369/727 367/367/754 382/382/753
f 381/381/751 380/380/752 383/383/755
f 383/383/755 380/380/752 382/382/756
f 367/367/757 384/384/758 382/382/756
f 383/383/755 382/382/756 384/384/758
f 383/383/759 385/385/760 381/381/761
f 383/383/759 386/386/762 385/385/760
f 386/386/762 383/383/759 384/384/763
f 387/387/764 381/381/765 385/385/766
f 387/387/764 379/379/767 381/381/765
f 388/388/768 385/385/760 386/386/762
f 388/388/769 387/387/764 385/385/770
f 386/386/762 384/384/763 389/389/771
f 388/388/768 386/386/762 390/390/772
f 391/391/773 386/386/762 389/389/771
f 391/391/773 390/390/772 386/386/762
f 389/389/771 392/392/774 391/391/773
f 390/390/775 391/391/776 393/393/777
f 392/392/778 393/393/777 391/391/776
f 384/384/763 394/394/779 389/389/771
f 389/389/771 394/394/779 392/392/774
f 384/384/763 395/395/780 394/394/779
f 367/367/781 395/395/782 384/384/783
f 367/367/781 396/396/784 395/395/782
f 367/367/781 365/365/785 396/396/784
f 397/397/786 394/394/779 395/395/780
f 398/398/787 394/394/779 397/397/788
f 392/392/774 394/394/779 398/398/787
f 397/397/789 395/395/789 399/399/789
f 395/395/790 396/396/791 399/399/792
f 365/365/785 400/400/793 396/396/784
f 400/400/794 399/399/792 396/396/791
f 365/365/785 401/401/795 400/400/793
f 401/401/795 402/402/796 400/400/793
f 400/400/794 402/402/797 403/403/798
f 400/400/794 403/403/798 399/399/792
f 399/399/799 404/404/800 397/397/801
f 398/398/787 397/397/788 404/404/802
f 399/399/799 405/405/803 404/404/800
f 405/405/803 406/406/804 404/404/800
f 404/404/802 406/406/805 407/407/806
f 398/398/787 404/404/802 407/407/806
f 398/398/787 407/407/806 408/408/807
f 398/398/787 408/408/807 409/409/808
f 392/392/774 398/398/787 409/409/808
f 392/392/809 409/409/809 410/410/809
f 411/411/810 410/410/810 409/409/810
f 411/411/811 409/409/811 412/412/811
f 411/411/812 412/412/812 413/413/812
f 414/414/813 411/411/814 413/413/815
f 414/414/813 410/410/816 411/411/814
f 414/414/813 413/413/815 415/415/817
f 416/416/818 414/414/819 415/415/820
f 416/416/818 410/410/821 414/414/819
f 410/410/822 416/416/823 417/417/824
f 418/418/825 417/417/824 416/416/823
f 418/418/825 419/419/826 417/417/824
f 419/419/827 418/418/828 420/420/829
f 410/410/822 417/417/824 421/421/830
f 421/421/830 417/417/824 419/419/826
f 422/422/831 419/419/827 420/420/829
f 423/423/832 410/410/822 421/421/830
f 392/392/833 410/410/822 423/423/832
f 421/421/830 419/419/826 424/424/834
f 422/422/831 424/424/835 419/419/827
f 424/424/834 425/425/836 421/421/830
f 423/423/832 421/421/830 425/425/836
f 424/424/835 422/422/831 426/426/837
f 424/424/838 426/426/839 425/425/840
f 423/423/832 427/427/841 392/392/833
f 393/393/842 392/392/843 427/427/844
f 428/428/845 423/423/832 425/425/836
f 423/423/832 428/428/846 427/427/841
f 393/393/842 427/427/844 429/429/847
f 429/429/848 427/427/841 428/428/846
f 393/393/842 429/429/847 430/430/849
f 390/390/775 393/393/777 430/430/850
f 429/429/851 428/428/852 431/431/853
f 432/432/854 390/390/855 430/430/856
f 432/432/854 388/388/857 390/390/855
f 430/430/849 429/429/847 433/433/858
f 432/432/859 430/430/849 433/433/858
f 388/388/860 432/432/860 434/434/860
f 435/435/861 433/433/861 429/429/861
f 435/435/862 429/429/851 431/431/853
f 432/432/859 433/433/858 436/436/863
f 435/435/864 436/436/865 433/433/866
f 434/434/867 432/432/859 436/436/863
f 435/435/864 437/437/868 436/436/865
f 434/434/869 436/436/869 437/437/869
f 388/388/769 434/434/870 387/387/764
f 438/438/871 435/435/871 431/431/871
f 435/435/864 438/438/872 437/437/868
f 439/439/873 431/431/874 428/428/845
f 438/438/875 431/431/874 439/439/873
f 439/439/873 428/428/845 425/425/836
f 440/440/876 438/438/877 439/439/878
f 441/441/879 439/439/880 425/425/840
f 441/441/879 440/440/881 439/439/880
f 441/441/879 425/425/840 426/426/839
f 426/426/882 442/442/883 441/441/884
f 440/440/885 441/441/884 442/442/883
f 426/426/837 422/422/831 442/442/886
f 422/422/887 443/443/887 442/442/887
f 443/443/888 422/422/889 444/444/890
f 445/445/891 443/443/888 444/444/890
f 442/442/883 443/443/892 445/445/893
f 440/440/885 442/442/883 446/446/894
f 446/446/894 442/442/883 445/445/893
f 440/440/876 447/447/895 438/438/877
f 438/438/872 447/447/896 437/437/868
f 440/440/885 446/446/894 448/448/897
f 447/447/898 440/440/885 448/448/897
f 446/446/894 445/445/899 449/449/900
f 450/450/901 437/437/902 447/447/898
f 451/451/903 448/448/897 446/446/894
f 446/446/894 449/449/900 451/451/903
f 447/447/898 448/448/897 452/452/904
f 450/450/901 447/447/898 452/452/904
f 451/451/903 453/453/905 448/448/897
f 453/453/905 452/452/904 448/448/897
f 454/454/906 449/449/907 445/445/908
f 445/445/908 455/455/909 454/454/906
f 454/454/910 455/455/911 456/456/912
f 449/449/913 454/454/910 456/456/912
f 457/457/914 449/449/900 456/456/915
f 456/456/915 458/458/916 457/457/914
f 459/459/917 457/457/914 458/458/918
f 449/449/900 457/457/914 459/459/917
f 449/449/900 459/459/917 460/460/919
f 449/449/900 460/460/919 461/461/920
f 451/451/903 449/449/900 461/461/920
f 460/460/919 462/462/921 461/461/920
f 460/460/919 463/463/922 462/462/921
f 463/463/923 464/464/924 462/462/921
f 462/462/921 464/464/924 461/461/920
f 451/451/903 461/461/920 465/465/925
f 465/465/925 453/453/926 451/451/903
f 461/461/920 464/464/924 466/466/927
f 466/466/928 464/464/929 467/467/930
f 468/468/931 466/466/928 467/467/930
f 461/461/920 466/466/927 469/469/932
f 461/461/920 469/469/932 465/465/925
f 470/470/933 469/469/934 466/466/935
f 470/470/933 466/466/935 468/468/936
f 465/465/937 469/469/934 470/470/933
f 471/471/938 470/470/939 468/468/940
f 471/471/941 468/468/941 472/472/941
f 473/473/942 471/471/938 472/472/943
f 471/471/938 474/474/944 470/470/939
f 471/471/938 473/473/942 475/475/945
f 471/471/938 475/475/945 474/474/944
f 475/475/945 473/473/942 476/476/946
f 475/475/945 476/476/946 477/477/947
f 474/474/944 478/478/948 470/470/939
f 475/475/945 478/478/948 474/474/944
f 465/465/937 470/470/933 478/478/949
f 479/479/950 475/475/945 477/477/951
f 479/479/950 478/478/948 475/475/945
f 477/477/952 480/480/952 479/479/952
f 477/477/953 481/481/954 480/480/955
f 481/481/954 482/482/956 480/480/955
f 482/482/956 483/483/957 480/480/955
f 479/479/958 480/480/959 483/483/960
f 479/479/958 483/483/960 484/484/961
f 479/479/958 484/484/961 478/478/962
f 485/485/963 465/465/937 478/478/949
f 465/465/925 485/485/964 453/453/926
f 486/486/965 478/478/966 484/484/967
f 487/487/968 486/486/965 484/484/967
f 486/486/965 488/488/969 478/478/966
f 485/485/963 478/478/949 488/488/970
f 486/486/965 487/487/968 489/489/971
f 486/486/965 489/489/971 488/488/969
f 485/485/972 488/488/972 490/490/972
f 489/489/973 490/490/974 488/488/975
f 491/491/976 453/453/926 485/485/964
f 453/453/905 491/491/977 452/452/904
f 450/450/978 452/452/979 491/491/980
f 491/491/976 485/485/964 492/492/981
f 485/485/964 490/490/982 492/492/981
f 450/450/978 491/491/980 493/493/983
f 492/492/981 493/493/984 491/491/976
f 450/450/985 493/493/986 494/494/987
f 494/494/987 437/437/988 450/450/985
f 494/494/987 434/434/870 437/437/988
f 492/492/981 495/495/989 493/493/984
f 496/496/990 492/492/981 490/490/982
f 492/492/981 496/496/990 495/495/989
f 497/497/991 493/493/984 495/495/989
f 497/497/991 494/494/992 493/493/984
f 495/495/993 498/498/994 497/497/995
f 495/495/996 496/496/997 498/498/998
f 494/494/992 497/497/991 499/499/999
f 499/499/1000 497/497/995 498/498/994
f 500/500/1001 434/434/870 494/494/987
f 387/387/764 434/434/870 500/500/1001
f 494/494/992 499/499/999 501/501/1002
f 500/500/1001 494/494/987 501/501/1002
f 499/499/1000 498/498/994 502/502/1003
f 387/387/764 500/500/1001 503/503/1004
f 387/387/764 503/503/1004 504/504/1005
f 387/387/764 504/504/1005 379/379/767
f 500/500/1001 505/505/1006 503/503/1004
f 506/506/1007 379/379/749 504/504/1008
f 506/506/1007 377/377/743 379/379/749
f 507/507/1009 504/504/1005 503/503/1004
f 507/507/1010 506/506/1007 504/504/1008
f 507/507/1009 503/503/1004 505/505/1006
f 501/501/1002 508/508/1011 500/500/1001
f 500/500/1001 508/508/1011 505/505/1006
f 501/501/1002 509/509/1012 508/508/1011
f 499/499/999 509/509/1012 501/501/1002
f 510/510/1013 505/505/1006 508/508/1011
f 509/509/1012 510/510/1013 508/508/1011
f 499/499/999 511/511/1014 509/509/1012
f 511/511/1015 499/499/1000 502/502/1003
f 509/509/1012 512/512/1016 510/510/1013
f 511/511/1014 512/512/1016 509/509/1012
f 510/510/1013 513/513/1017 505/505/1006
f 513/513/1017 510/510/1013 512/512/1016
f 514/514/1018 505/505/1006 513/513/1017
f 514/514/1018 507/507/1010 505/505/1006
f 515/515/1019 507/507/1010 514/514/1018
f 507/507/1010 515/515/1019 506/506/1007
f 516/516/1020 514/514/1018 513/513/1017
f 515/515/1019 514/514/1018 516/516/1020
f 513/513/1017 512/512/1016 517/517/1021
f 516/516/1020 513/513/1017 517/517/1021
f 518/518/1022 517/517/1021 512/512/1016
f 511/511/1014 518/518/1023 512/512/1016
f 519/519/1024 516/516/1020 517/517/1021
f 519/519/1024 517/517/1021 520/520/1025
f 518/518/1022 520/520/1025 517/517/1021
f 516/516/1020 521/521/1026 515/515/1019
f 516/516/1020 519/519/1024 521/521/1026
f 522/522/1027 515/515/1019 521/521/1026
f 522/522/1027 506/506/1007 515/515/1019
f 506/506/1007 522/522/1027 523/523/1028
f 506/506/1007 523/523/1028 377/377/743
f 522/522/1029 524/524/1030 523/523/1031
f 377/377/743 523/523/1028 525/525/1032
f 524/524/1030 525/525/1033 523/523/1031
f 377/377/743 525/525/1032 338/338/652
f 338/338/652 525/525/1032 336/336/653
f 524/524/1030 336/336/658 525/525/1033
f 340/340/656 336/336/658 524/524/1030
f 521/521/1034 526/526/1035 522/522/1029
f 522/522/1029 526/526/1035 524/524/1030
f 521/521/1034 527/527/1036 526/526/1035
f 527/527/1036 521/521/1034 519/519/1037
f 524/524/1030 526/526/1035 528/528/1038
f 524/524/1030 528/528/1038 340/340/656
f 527/527/1036 528/528/1038 526/526/1035
f 527/527/1036 519/519/1037 529/529/1039
f 527/527/1036 530/530/1040 528/528/1038
f 531/531/1041 527/527/1036 529/529/1039
f 531/531/1041 530/530/1040 527/527/1036
f 519/519/1042 532/532/1043 529/529/1044
f 532/532/1043 531/531/1041 529/529/1044
f 519/519/1045 533/533/1046 532/532/1047
f 533/533/1048 519/519/1049 520/520/1050
f 533/533/1048 520/520/1050 518/518/1051
f 534/534/1052 528/528/1038 530/530/1040
f 532/532/1047 533/533/1046 535/535/1053
f 532/532/1043 536/536/1054 531/531/1041
f 532/532/1047 535/535/1053 536/536/1055
f 537/537/1056 531/531/1041 536/536/1054
f 530/530/1040 531/531/1041 538/538/1057
f 537/537/1056 538/538/1057 531/531/1041
f 530/530/1040 538/538/1057 534/534/1052
f 536/536/1055 539/539/1058 537/537/1059
f 539/539/1060 538/538/1061 537/537/1062
f 536/536/1055 535/535/1053 539/539/1058
f 539/539/1060 540/540/1063 538/538/1061
f 540/540/1064 534/534/1052 538/538/1057
f 534/534/1052 541/541/1065 528/528/1038
f 340/340/656 528/528/1038 541/541/1065
f 340/340/656 541/541/1065 542/542/1066
f 340/340/656 542/542/1066 280/280/660
f 543/543/1067 542/542/1066 541/541/1065
f 543/543/1067 280/280/660 542/542/1066
f 534/534/1052 544/544/1068 541/541/1065
f 543/543/1067 541/541/1065 544/544/1068
f 534/534/1052 545/545/1069 544/544/1068
f 540/540/1064 545/545/1069 534/534/1052
f 544/544/1068 546/546/1070 543/543/1067
f 543/543/1067 547/547/1071 280/280/660
f 280/280/538 547/547/1072 276/276/531
f 548/548/1073 547/547/1071 543/543/1067
f 548/548/1073 543/543/1067 546/546/1070
f 549/549/1074 544/544/1068 545/545/1075
f 544/544/1068 549/549/1074 546/546/1070
f 540/540/1076 550/550/1077 545/545/1078
f 549/549/1079 545/545/1078 550/550/1077
f 540/540/1080 551/551/1081 550/550/1082
f 549/549/1074 552/552/1083 546/546/1070
f 553/553/1084 551/551/1081 540/540/1080
f 553/553/1085 540/540/1086 539/539/1087
f 550/550/1088 554/554/1089 549/549/1074
f 549/549/1074 554/554/1089 552/552/1083
f 550/550/1090 551/551/1091 555/555/1092
f 550/550/1088 555/555/1093 554/554/1089
f 556/556/1094 555/555/1092 551/551/1091
f 556/556/1095 551/551/1095 553/553/1095
f 557/557/1096 554/554/1089 555/555/1093
f 557/557/1096 555/555/1093 556/556/1097
f 558/558/1098 554/554/1089 557/557/1096
f 558/558/1098 552/552/1083 554/554/1089
f 559/559/1099 557/557/1100 556/556/1101
f 558/558/1102 557/557/1100 559/559/1099
f 553/553/1085 560/560/1103 556/556/1104
f 559/559/1099 556/556/1101 560/560/1105
f 561/561/1106 553/553/1085 539/539/1087
f 553/553/1085 561/561/1106 560/560/1103
f 561/561/1106 539/539/1087 535/535/1107
f 562/562/1108 552/552/1083 558/558/1098
f 561/561/1106 535/535/1107 563/563/1109
f 560/560/1103 561/561/1106 564/564/1110
f 561/561/1106 563/563/1109 564/564/1110
f 560/560/1103 564/564/1110 565/565/1111
f 565/565/1112 559/559/1099 560/560/1105
f 565/565/1113 564/564/1113 566/566/1113
f 558/558/1102 559/559/1099 567/567/1114
f 567/567/1114 562/562/1115 558/558/1102
f 565/565/1112 568/568/1116 559/559/1099
f 564/564/1117 569/569/1117 566/566/1117
f 564/564/1110 563/563/1109 569/569/1118
f 565/565/1119 566/566/1120 570/570/1121
f 568/568/1122 565/565/1123 570/570/1124
f 566/566/1120 571/571/1125 570/570/1121
f 569/569/1126 571/571/1126 566/566/1126
f 568/568/1122 570/570/1124 572/572/1127
f 571/571/1128 572/572/1127 570/570/1124
f 559/559/1099 568/568/1116 573/573/1129
f 573/573/1130 568/568/1122 572/572/1127
f 559/559/1099 573/573/1129 567/567/1114
f 574/574/1131 567/567/1114 573/573/1129
f 573/573/1130 572/572/1127 575/575/1132
f 575/575/1132 574/574/1133 573/573/1130
f 571/571/1128 576/576/1134 572/572/1127
f 576/576/1134 575/575/1132 572/572/1127
f 576/576/1134 571/571/1128 577/577/1135
f 569/569/1136 577/577/1136 571/571/1136
f 576/576/1134 578/578/1137 575/575/1132
f 579/579/1138 577/577/1135 569/569/1139
f 576/576/1134 577/577/1135 580/580/1140
f 579/579/1138 580/580/1140 577/577/1135
f 580/580/1140 578/578/1137 576/576/1134
f 578/578/1137 581/581/1141 575/575/1132
f 575/575/1132 581/581/1141 574/574/1133
f 580/580/1140 582/582/1142 578/578/1137
f 578/578/1137 583/583/1143 581/581/1141
f 582/582/1142 583/583/1143 578/578/1137
f 574/574/1133 581/581/1141 584/584/1144
f 584/584/1144 581/581/1141 583/583/1143
f 585/585/1145 582/582/1142 580/580/1140
f 579/579/1138 585/585/1145 580/580/1140
f 585/585/1145 586/586/1146 582/582/1142
f 587/587/1147 585/585/1145 579/579/1138
f 585/585/1145 588/588/1148 586/586/1146
f 585/585/1145 587/587/1147 588/588/1148
f 589/589/1149 582/582/1142 586/586/1146
f 589/589/1149 586/586/1146 588/588/1148
f 582/582/1142 590/590/1150 583/583/1143
f 589/589/1149 590/590/1150 582/582/1142
f 590/590/1150 591/591/1151 583/583/1143
f 498/498/998 588/588/1148 587/587/1147
f 588/588/1148 498/498/998 496/496/997
f 498/498/998 587/587/1147 502/502/1152
f 588/588/1148 496/496/997 592/592/1153
f 589/589/1149 588/588/1148 592/592/1153
f 592/592/1154 496/496/990 593/593/1155
f 496/496/990 490/490/982 593/593/1155
f 594/594/1156 589/589/1157 592/592/1154
f 594/594/1156 592/592/1154 593/593/1155
f 595/595/1158 593/593/1155 490/490/982
f 594/594/1156 596/596/1159 589/589/1157
f 489/489/973 595/595/1160 490/490/974
f 594/594/1156 593/593/1155 597/597/1161
f 595/595/1158 597/597/1161 593/593/1155
f 589/589/1162 596/596/1159 598/598/1163
f 589/589/1162 598/598/1163 590/590/1150
f 599/599/1164 596/596/1159 594/594/1156
f 597/597/1161 599/599/1164 594/594/1156
f 597/597/1161 595/595/1158 600/600/1165
f 601/601/1166 597/597/1161 600/600/1165
f 597/597/1161 601/601/1167 599/599/1164
f 600/600/1168 595/595/1169 602/602/1170
f 489/489/1171 602/602/1170 595/595/1169
f 603/603/1172 601/601/1172 600/600/1172
f 600/600/1168 602/602/1170 603/603/1173
f 603/603/1174 604/604/1174 601/601/1174
f 604/604/1175 599/599/1164 601/601/1167
f 602/602/1170 605/605/1176 603/603/1177
f 604/604/1178 603/603/1179 606/606/1180
f 605/605/1181 606/606/1180 603/603/1179
f 607/607/1182 605/605/1176 602/602/1170
f 607/607/1182 602/602/1170 489/489/1171
f 605/605/1181 608/608/1183 606/606/1180
f 607/607/1184 608/608/1183 605/605/1181
f 604/604/1178 606/606/1180 609/609/1185
f 609/609/1186 599/599/1186 604/604/1186
f 608/608/1187 610/610/1188 606/606/1189
f 610/610/1188 609/609/1190 606/606/1189
f 489/489/1171 611/611/1191 607/607/1182
f 489/489/1171 487/487/1192 611/611/1191
f 607/607/1184 612/612/1193 608/608/1183
f 611/611/1194 612/612/1193 607/607/1184
f 608/608/1187 613/613/1195 610/610/1188
f 612/612/1196 613/613/1195 608/608/1187
f 487/487/1192 614/614/1197 611/611/1191
f 487/487/1192 615/615/1198 614/614/1197
f 616/616/1199 611/611/1194 614/614/1200
f 611/611/1194 616/616/1199 612/612/1193
f 616/616/1199 614/614/1200 617/617/1201
f 615/615/1198 618/618/1202 614/614/1197
f 618/618/1203 617/617/1201 614/614/1200
f 615/615/1198 619/619/1204 618/618/1202
f 618/618/1203 620/620/1205 617/617/1201
f 618/618/1202 619/619/1204 621/621/1206
f 620/620/1205 618/618/1203 621/621/1207
f 616/616/1208 622/622/1209 612/612/1210
f 616/616/1208 623/623/1211 622/622/1209
f 624/624/1212 622/622/1213 623/623/1214
f 625/625/1215 612/612/1196 622/622/1213
f 625/625/1215 622/622/1213 624/624/1212
f 626/626/1216 612/612/1196 625/625/1215
f 627/627/1217 625/625/1215 624/624/1218
f 627/627/1217 626/626/1216 625/625/1215
f 624/624/1218 628/628/1219 627/627/1217
f 628/628/1219 629/629/1220 627/627/1217
f 627/627/1217 629/629/1220 626/626/1216
f 612/612/1196 626/626/1216 613/613/1195
f 613/613/1221 626/626/1222 630/630/1223
f 626/626/1222 631/631/1224 630/630/1223
f 631/631/1224 632/632/1225 630/630/1223
f 633/633/1226 630/630/1227 632/632/1228
f 613/613/1195 630/630/1227 633/633/1226
f 634/634/1229 613/613/1195 633/633/1226
f 610/610/1188 613/613/1195 634/634/1229
f 634/634/1230 633/633/1231 635/635/1232
f 635/635/1232 633/633/1231 636/636/1233
f 636/636/1234 637/637/1235 635/635/1236
f 634/634/1229 635/635/1236 637/637/1235
f 634/634/1229 637/637/1235 638/638/1237
f 638/638/1237 637/637/1235 639/639/1238
f 639/639/1239 640/640/1240 638/638/1241
f 641/641/1242 638/638/1241 640/640/1240
f 634/634/1229 638/638/1237 642/642/1243
f 638/638/1241 641/641/1242 642/642/1243
f 634/634/1229 642/642/1243 643/643/1244
f 642/642/1243 641/641/1242 643/643/1244
f 634/634/1229 643/643/1244 610/610/1188
f 610/610/1188 643/643/1244 644/644/1245
f 610/610/1188 644/644/1245 609/609/1190
f 645/645/1246 643/643/1244 641/641/1247
f 641/641/1247 646/646/1248 645/645/1246
f 647/647/1249 645/645/1246 646/646/1248
f 648/648/1250 645/645/1246 647/647/1251
f 649/649/1252 643/643/1244 645/645/1246
f 645/645/1246 648/648/1250 649/649/1252
f 644/644/1245 643/643/1244 649/649/1252
f 649/649/1253 648/648/1254 650/650/1255
f 648/648/1254 651/651/1256 650/650/1255
f 652/652/1257 650/650/1258 651/651/1259
f 652/652/1257 649/649/1260 650/650/1258
f 652/652/1261 653/653/1262 649/649/1263
f 653/653/1262 652/652/1261 654/654/1264
f 654/654/1265 655/655/1266 653/653/1267
f 653/653/1268 656/656/1269 649/649/1270
f 653/653/1267 655/655/1266 656/656/1271
f 644/644/1245 649/649/1252 657/657/1272
f 658/658/1273 649/649/1270 656/656/1269
f 657/657/1272 649/649/1270 658/658/1273
f 644/644/1245 657/657/1272 659/659/1274
f 644/644/1245 659/659/1275 660/660/1276
f 644/644/1245 660/660/1276 609/609/1190
f 609/609/1190 660/660/1276 599/599/1164
f 660/660/1276 659/659/1277 661/661/1278
f 660/660/1276 662/662/1279 599/599/1164
f 660/660/1276 661/661/1278 662/662/1279
f 599/599/1164 662/662/1279 596/596/1159
f 598/598/1163 596/596/1159 662/662/1279
f 663/663/1280 659/659/1274 657/657/1272
f 661/661/1278 659/659/1277 663/663/1281
f 598/598/1163 662/662/1279 664/664/1282
f 661/661/1278 664/664/1282 662/662/1279
f 663/663/1280 657/657/1272 665/665/1283
f 658/658/1273 665/665/1283 657/657/1272
f 661/661/1278 663/663/1281 666/666/1284
f 661/661/1278 667/667/1285 664/664/1282
f 666/666/1284 667/667/1285 661/661/1278
f 664/664/1282 668/668/1286 598/598/1163
f 667/667/1285 669/669/1287 664/664/1282
f 664/664/1282 669/669/1287 668/668/1286
f 670/670/1288 598/598/1163 668/668/1286
f 670/670/1288 590/590/1150 598/598/1163
f 590/590/1150 670/670/1288 591/591/1151
f 669/669/1289 671/671/1290 668/668/1291
f 672/672/1292 670/670/1288 668/668/1291
f 672/672/1292 668/668/1291 671/671/1290
f 670/670/1288 673/673/1293 591/591/1151
f 670/670/1288 672/672/1292 673/673/1293
f 673/673/1294 672/672/1294 674/674/1294
f 675/675/1295 674/674/1295 672/672/1295
f 671/671/1290 675/675/1296 672/672/1292
f 674/674/1297 676/676/1297 673/673/1297
f 675/675/1298 676/676/1298 674/674/1298
f 677/677/1299 591/591/1151 673/673/1293
f 677/677/1300 673/673/1301 676/676/1302
f 591/591/1151 677/677/1300 678/678/1303
f 591/591/1151 678/678/1303 583/583/1143
f 584/584/1144 583/583/1143 678/678/1303
f 677/677/1300 679/679/1304 678/678/1303
f 584/584/1144 678/678/1303 679/679/1304
f 680/680/1305 677/677/1300 676/676/1302
f 675/675/1306 680/680/1305 676/676/1302
f 677/677/1300 680/680/1305 679/679/1304
f 584/584/1144 679/679/1304 681/681/1307
f 682/682/1308 679/679/1309 680/680/1310
f 682/682/1311 681/681/1311 679/679/1311
f 675/675/1312 683/683/1313 680/680/1310
f 683/683/1313 682/682/1308 680/680/1310
f 684/684/1314 683/683/1313 675/675/1312
f 671/671/1290 684/684/1315 675/675/1296
f 683/683/1313 685/685/1316 682/682/1308
f 684/684/1314 686/686/1317 683/683/1313
f 686/686/1317 685/685/1316 683/683/1313
f 687/687/1318 686/686/1317 684/684/1314
f 688/688/1319 682/682/1320 685/685/1321
f 681/681/1322 682/682/1323 688/688/1324
f 686/686/1317 689/689/1325 685/685/1316
f 687/687/1318 689/689/1325 686/686/1317
f 688/688/1319 685/685/1321 690/690/1326
f 690/690/1326 685/685/1321 689/689/1327
f 681/681/1322 688/688/1324 691/691/1328
f 690/690/1326 692/692/1329 688/688/1319
f 691/691/1330 688/688/1319 692/692/1329
f 690/690/1326 693/693/1331 692/692/1329
f 690/690/1326 689/689/1327 694/694/1332
f 694/694/1332 693/693/1331 690/690/1326
f 695/695/1333 694/694/1332 689/689/1327
f 687/687/1334 695/695/1333 689/689/1327
f 687/687/1318 684/684/1314 696/696/1335
f 684/684/1314 697/697/1336 696/696/1335
f 697/697/1337 684/684/1338 671/671/1339
f 687/687/1318 696/696/1335 698/698/1340
f 697/697/1336 698/698/1340 696/696/1335
f 699/699/1341 697/697/1337 671/671/1339
f 698/698/1342 697/697/1337 699/699/1341
f 669/669/1289 699/699/1341 671/671/1290
f 700/700/1343 699/699/1341 669/669/1289
f 700/700/1343 698/698/1342 699/699/1341
f 667/667/1285 700/700/1344 669/669/1287
f 687/687/1318 698/698/1340 701/701/1345
f 701/701/1346 698/698/1347 700/700/1348
f 701/701/1346 700/700/1348 667/667/1349
f 695/695/1333 687/687/1334 701/701/1350
f 666/666/1284 701/701/1350 667/667/1285
f 695/695/1333 701/701/1350 666/666/1284
f 695/695/1333 666/666/1284 702/702/1351
f 663/663/1281 702/702/1351 666/666/1284
f 695/695/1333 702/702/1351 703/703/1352
f 695/695/1333 703/703/1352 694/694/1332
f 663/663/1281 704/704/1353 702/702/1351
f 665/665/1283 704/704/1354 663/663/1280
f 705/705/1355 703/703/1352 702/702/1351
f 705/705/1355 702/702/1351 704/704/1353
f 703/703/1352 706/706/1356 694/694/1332
f 703/703/1352 705/705/1355 706/706/1356
f 694/694/1332 706/706/1356 693/693/1331
f 665/665/1283 707/707/1357 704/704/1353
f 707/707/1357 705/705/1355 704/704/1353
f 708/708/1358 707/707/1357 665/665/1283
f 709/709/1359 706/706/1356 705/705/1355
f 707/707/1357 710/710/1360 705/705/1355
f 709/709/1359 705/705/1355 710/710/1360
f 707/707/1357 711/711/1361 710/710/1360
f 707/707/1357 708/708/1358 711/711/1361
f 710/710/1360 712/712/1362 709/709/1359
f 706/706/1356 709/709/1359 713/713/1363
f 706/706/1356 713/713/1363 693/693/1331
f 709/709/1359 714/714/1364 713/713/1363
f 693/693/1365 713/713/1366 715/715/1367
f 693/693/1368 715/715/1369 716/716/1370
f 693/693/1331 716/716/1370 692/692/1329
f 717/717/1371 715/715/1367 713/713/1366
f 717/717/1371 713/713/1366 714/714/1372
f 718/718/1373 715/715/1369 717/717/1374
f 718/718/1373 716/716/1370 715/715/1369
f 80/80/1375 692/692/1329 716/716/1370
f 691/691/1330 692/692/1329 80/80/1375
f 82/82/151 691/691/1376 80/80/149
f 80/80/1375 716/716/1370 719/719/1377
f 719/719/1378 81/81/1379 80/80/1380
f 720/720/1381 691/691/1376 82/82/151
f 720/720/1382 681/681/1322 691/691/1328
f 82/82/151 84/84/153 720/720/1381
f 681/681/1383 720/720/1384 721/721/1385
f 681/681/1383 721/721/1385 584/584/1144
f 574/574/1133 584/584/1144 721/721/1385
f 720/720/1381 84/84/153 722/722/1386
f 720/720/1381 722/722/1386 721/721/1387
f 86/86/155 722/722/1386 84/84/153
f 723/723/1388 574/574/1131 721/721/1387
f 723/723/1388 721/721/1387 722/722/1386
f 574/574/1131 723/723/1388 567/567/1114
f 567/567/1114 723/723/1388 562/562/1115
f 724/724/1389 723/723/1388 722/722/1386
f 86/86/155 724/724/1389 722/722/1386
f 724/724/1389 562/562/1115 723/723/1388
f 90/90/1390 724/724/1391 86/86/1392
f 562/562/1108 724/724/1391 725/725/1393
f 90/90/1390 725/725/1393 724/724/1391
f 562/562/1108 725/725/1393 726/726/1394
f 562/562/1108 726/726/1394 552/552/1083
f 726/726/1394 546/546/1070 552/552/1083
f 726/726/1394 548/548/1073 546/546/1070
f 725/725/1393 548/548/1073 726/726/1394
f 725/725/1393 727/727/1395 548/548/1073
f 728/728/1396 725/725/1393 90/90/1397
f 728/728/1396 727/727/1395 725/725/1393
f 729/729/1398 728/728/1398 90/90/1398
f 91/91/164 729/729/1399 90/90/162
f 730/730/1400 727/727/1395 728/728/1396
f 731/731/1401 548/548/1073 727/727/1395
f 731/731/1401 727/727/1395 730/730/1400
f 731/731/1401 547/547/1071 548/548/1073
f 732/732/1402 729/729/1403 91/91/163
f 732/732/1402 91/91/163 92/92/165
f 191/191/362 732/732/1402 92/92/165
f 733/733/1404 732/732/1405 191/191/1406
f 191/191/1406 194/194/1407 733/733/1404
f 734/734/1408 729/729/1409 732/732/1405
f 733/733/1404 734/734/1408 732/732/1405
f 729/729/1409 735/735/1410 728/728/1411
f 734/734/1408 735/735/1410 729/729/1409
f 730/730/1400 728/728/1396 735/735/1412
f 734/734/1408 733/733/1404 736/736/1413
f 736/736/1413 733/733/1404 194/194/1407
f 735/735/1410 734/734/1408 737/737/1414
f 734/734/1408 736/736/1413 737/737/1414
f 738/738/1415 730/730/1400 735/735/1412
f 735/735/1412 737/737/1416 738/738/1415
f 739/739/1417 730/730/1400 738/738/1415
f 739/739/1418 731/731/1419 730/730/1420
f 738/738/1421 737/737/1421 740/740/1421
f 738/738/1422 740/740/1422 739/739/1422
f 737/737/1423 741/741/1423 740/740/1423
f 739/739/1424 740/740/1424 741/741/1424
f 737/737/1425 736/736/1426 742/742/1427
f 737/737/1425 742/742/1427 741/741/1428
f 739/739/1418 743/743/1429 731/731/1419
f 739/739/1418 741/741/1428 743/743/1429
f 731/731/1419 743/743/1429 547/547/1072
f 276/276/531 547/547/1072 743/743/1429
f 744/744/1430 743/743/1429 741/741/1428
f 276/276/531 743/743/1429 744/744/1431
f 744/744/1430 741/741/1428 742/742/1427
f 275/275/530 276/276/531 744/744/1431
f 275/275/530 744/744/1431 745/745/1432
f 742/742/1427 745/745/1433 744/744/1430
f 745/745/1432 199/199/374 275/275/530
f 745/745/1432 746/746/1434 199/199/374
f 746/746/1435 198/198/1436 199/199/1437
f 742/742/1427 747/747/1438 745/745/1433
f 747/747/1438 746/746/1439 745/745/1433
f 748/748/1440 747/747/1438 742/742/1441
f 736/736/1442 748/748/1442 742/742/1442
f 747/747/1438 749/749/1443 746/746/1439
f 746/746/1435 749/749/1444 198/198/1436
f 747/747/1438 748/748/1440 749/749/1443
f 749/749/1445 194/194/1407 198/198/1446
f 750/750/1447 748/748/1448 736/736/1413
f 750/750/1447 749/749/1445 748/748/1448
f 736/736/1413 194/194/1407 750/750/1447
f 749/749/1445 750/750/1447 194/194/1407
f 751/751/1449 6/6/1450 752/752/1451
f 751/751/1452 4/4/6 6/6/8
f 752/752/1451 6/6/1450 32/32/61
f 4/4/6 751/751/1452 753/753/1453
f 4/4/6 753/753/1453 754/754/1454
f 753/753/1453 755/755/1455 754/754/1454
f 753/753/1456 756/756/1456 755/755/1456
f 757/757/1457 753/753/1453 751/751/1452
f 757/757/1458 756/756/1458 753/753/1458
f 751/751/1452 752/752/1459 757/757/1457
f 757/757/1460 758/758/1461 756/756/1462
f 758/758/1461 759/759/1463 756/756/1462
f 758/758/1464 760/760/1465 759/759/1466
f 760/760/1465 758/758/1464 757/757/1467
f 760/760/1468 757/757/1469 761/761/1470
f 760/760/1468 761/761/1470 762/762/1471
f 762/762/1472 761/761/1473 763/763/1474
f 761/761/1473 764/764/1475 763/763/1474
f 761/761/1473 757/757/1476 764/764/1475
f 765/765/1477 764/764/1477 757/757/1477
f 764/764/1478 765/765/1479 766/766/1480
f 764/764/1478 766/766/1480 767/767/1481
f 765/765/1482 757/757/1457 768/768/1483
f 768/768/1483 757/757/1457 752/752/1459
f 769/769/1484 767/767/1481 766/766/1480
f 768/768/1483 718/718/1373 765/765/1482
f 765/765/1482 718/718/1373 717/717/1374
f 768/768/1483 770/770/1485 718/718/1373
f 770/770/1485 716/716/1370 718/718/1373
f 770/770/1485 719/719/1377 716/716/1370
f 771/771/1486 770/770/1487 768/768/1488
f 768/768/1489 752/752/1489 771/771/1489
f 772/772/1490 719/719/1378 770/770/1487
f 771/771/1486 772/772/1490 770/770/1487
f 772/772/1490 81/81/1379 719/719/1378
f 81/81/150 772/772/1491 33/33/60
f 773/773/1492 772/772/1491 771/771/1493
f 773/773/1492 771/771/1493 752/752/1494
f 772/772/1491 773/773/1492 33/33/60
f 752/752/1451 32/32/61 773/773/1492
f 33/33/60 773/773/1492 32/32/61
f 765/765/1482 717/717/1374 774/774/1495
f 774/774/1496 717/717/1371 714/714/1372
f 775/775/1497 765/765/1498 774/774/1499
f 766/766/1500 765/765/1501 775/775/1502
f 774/774/1496 714/714/1372 776/776/1503
f 775/775/1502 769/769/1504 766/766/1500
f 777/777/1505 774/774/1505 776/776/1505
f 777/777/1506 775/775/1497 774/774/1499
f 776/776/1507 714/714/1364 778/778/1508
f 776/776/1507 778/778/1508 777/777/1506
f 709/709/1359 778/778/1508 714/714/1364
f 709/709/1359 712/712/1362 778/778/1508
f 778/778/1508 779/779/1509 777/777/1506
f 778/778/1508 712/712/1362 779/779/1509
f 777/777/1506 779/779/1509 780/780/1510
f 779/779/1511 712/712/1512 781/781/1513
f 781/781/1513 780/780/1514 779/779/1511
f 777/777/1506 780/780/1510 782/782/1515
f 783/783/1516 775/775/1497 777/777/1506
f 783/783/1516 777/777/1506 782/782/1515
f 775/775/1517 784/784/1518 769/769/1519
f 784/784/1518 775/775/1520 785/785/1521
f 784/784/1518 786/786/1522 769/769/1519
f 784/784/1518 785/785/1521 786/786/1522
f 786/786/1522 785/785/1521 787/787/1523
f 788/788/1524 786/786/1522 787/787/1523
f 769/769/1519 786/786/1522 788/788/1525
f 785/785/1526 775/775/1497 789/789/1527
f 775/775/1497 783/783/1516 789/789/1527
f 789/789/1527 790/790/1528 785/785/1526
f 789/789/1527 791/791/1529 790/790/1530
f 789/789/1527 783/783/1516 791/791/1529
f 769/769/1531 788/788/1531 792/792/1531
f 769/769/1484 792/792/1532 767/767/1481
f 788/788/1533 793/793/1533 792/792/1533
f 767/767/1481 792/792/1532 794/794/1534
f 793/793/1535 794/794/1534 792/792/1532
f 791/791/1529 783/783/1516 795/795/1536
f 791/791/1529 795/795/1536 796/796/1537
f 797/797/1538 796/796/1539 795/795/1540
f 783/783/1516 797/797/1538 795/795/1540
f 782/782/1515 797/797/1538 783/783/1516
f 782/782/1541 798/798/1541 797/797/1541
f 797/797/1542 798/798/1542 799/799/1542
f 798/798/1543 800/800/1544 799/799/1545
f 782/782/1546 800/800/1544 798/798/1543
f 782/782/1515 801/801/1547 800/800/1548
f 801/801/1549 802/802/1549 800/800/1549
f 803/803/1550 802/802/1551 801/801/1552
f 782/782/1515 780/780/1510 801/801/1547
f 804/804/1553 803/803/1550 801/801/1552
f 804/804/1553 801/801/1552 780/780/1554
f 781/781/1513 804/804/1555 780/780/1514
f 804/804/1556 781/781/1556 805/805/1556
f 806/806/1557 805/805/1558 781/781/1559
f 807/807/1560 805/805/1558 806/806/1557
f 807/807/1560 808/808/1561 805/805/1558
f 807/807/1562 809/809/1562 808/808/1562
f 807/807/1563 810/810/1563 809/809/1563
f 811/811/1564 809/809/1565 810/810/1566
f 811/811/1564 812/812/1567 809/809/1565
f 813/813/1568 810/810/1569 807/807/1570
f 813/813/1568 811/811/1571 810/810/1569
f 814/814/1572 807/807/1570 806/806/1573
f 813/813/1568 807/807/1570 814/814/1572
f 815/815/1574 812/812/1567 811/811/1564
f 815/815/1574 816/816/1575 812/812/1567
f 813/813/1568 817/817/1576 811/811/1571
f 815/815/1577 811/811/1571 817/817/1576
f 816/816/1575 815/815/1574 818/818/1578
f 816/816/1575 818/818/1578 819/819/1579
f 815/815/1577 817/817/1576 820/820/1580
f 818/818/1581 815/815/1577 820/820/1580
f 813/813/1582 821/821/1583 817/817/1584
f 820/820/1585 817/817/1584 821/821/1583
f 813/813/1582 822/822/1586 821/821/1583
f 822/822/1587 813/813/1587 814/814/1587
f 820/820/1585 821/821/1583 823/823/1588
f 822/822/1586 824/824/1589 821/821/1583
f 823/823/1588 821/821/1583 824/824/1589
f 822/822/1590 814/814/1590 825/825/1590
f 825/825/1591 814/814/1592 826/826/1593
f 825/825/1594 827/827/1595 822/822/1586
f 822/822/1586 827/827/1595 824/824/1589
f 814/814/1572 806/806/1573 826/826/1596
f 825/825/1594 828/828/1597 827/827/1595
f 825/825/1591 826/826/1593 828/828/1598
f 829/829/1599 824/824/1589 827/827/1595
f 828/828/1597 829/829/1600 827/827/1595
f 826/826/1593 830/830/1601 828/828/1598
f 828/828/1597 830/830/1602 829/829/1600
f 831/831/1603 826/826/1596 806/806/1573
f 806/806/1557 781/781/1559 831/831/1604
f 826/826/1593 832/832/1605 830/830/1601
f 831/831/1603 832/832/1606 826/826/1596
f 833/833/1607 831/831/1604 781/781/1559
f 832/832/1606 831/831/1603 833/833/1608
f 833/833/1607 781/781/1559 712/712/1609
f 834/834/1610 833/833/1608 712/712/1611
f 834/834/1610 832/832/1606 833/833/1608
f 710/710/1612 834/834/1610 712/712/1611
f 711/711/1361 834/834/1613 710/710/1360
f 834/834/1613 835/835/1614 832/832/1605
f 711/711/1361 835/835/1614 834/834/1613
f 832/832/1605 835/835/1614 836/836/1615
f 711/711/1361 836/836/1616 835/835/1614
f 832/832/1605 836/836/1615 830/830/1601
f 829/829/1600 830/830/1602 836/836/1617
f 711/711/1361 837/837/1618 836/836/1616
f 829/829/1600 836/836/1617 837/837/1619
f 708/708/1620 837/837/1621 711/711/1622
f 838/838/1623 829/829/1599 837/837/1624
f 829/829/1599 838/838/1623 824/824/1589
f 708/708/1620 839/839/1625 837/837/1621
f 838/838/1623 837/837/1624 839/839/1626
f 823/823/1588 824/824/1589 838/838/1623
f 840/840/1627 838/838/1623 839/839/1626
f 840/840/1627 823/823/1588 838/838/1623
f 841/841/1628 839/839/1628 708/708/1628
f 840/840/1627 839/839/1626 841/841/1629
f 841/841/1630 708/708/1358 842/842/1631
f 708/708/1358 665/665/1283 842/842/1631
f 658/658/1273 842/842/1631 665/665/1283
f 841/841/1629 843/843/1632 840/840/1627
f 840/840/1627 843/843/1632 823/823/1588
f 842/842/1633 844/844/1634 841/841/1629
f 841/841/1629 844/844/1634 843/843/1632
f 658/658/1635 845/845/1635 842/842/1636
f 842/842/1633 845/845/1637 844/844/1634
f 658/658/1635 846/846/1638 845/845/1635
f 846/846/1639 658/658/1640 656/656/1641
f 844/844/1634 845/845/1637 847/847/1642
f 846/846/1643 847/847/1643 845/845/1643
f 844/844/1634 847/847/1642 848/848/1644
f 848/848/1644 843/843/1632 844/844/1634
f 846/846/1639 849/849/1645 847/847/1646
f 849/849/1645 848/848/1647 847/847/1648
f 846/846/1639 656/656/1641 849/849/1645
f 848/848/1644 850/850/1649 843/843/1632
f 850/850/1649 823/823/1588 843/843/1632
f 850/850/1649 820/820/1585 823/823/1588
f 818/818/1581 820/820/1580 850/850/1650
f 849/849/1645 851/851/1651 848/848/1647
f 850/850/1650 848/848/1647 851/851/1651
f 850/850/1650 851/851/1651 818/818/1581
f 656/656/1641 851/851/1651 849/849/1645
f 818/818/1578 851/851/1652 852/852/1653
f 656/656/1654 852/852/1653 851/851/1652
f 818/818/1578 852/852/1653 819/819/1579
f 852/852/1655 853/853/1656 819/819/1657
f 854/854/1658 852/852/1658 656/656/1658
f 854/854/1659 853/853/1656 852/852/1655
f 656/656/1660 655/655/1661 854/854/1662
f 853/853/1656 854/854/1659 855/855/1663
f 855/855/1664 854/854/1662 655/655/1661
f 856/487/1665 857/484/1666 858/856/1667
f 511/511/1015 502/502/1003 859/857/1668
f 587/587/1147 859/857/1668 502/502/1152
f 518/518/1669 511/511/1015 859/857/1668
f 587/587/1147 860/858/1670 859/857/1668
f 587/587/1147 579/579/1138 860/858/1670
f 518/518/1669 859/857/1668 861/859/1671
f 860/858/1670 861/859/1671 859/857/1668
f 518/518/1672 861/859/1673 862/860/1674
f 518/518/1675 862/860/1676 533/533/1677
f 862/860/1676 535/535/1678 533/533/1677
f 863/861/1679 862/860/1674 861/859/1673
f 860/858/1670 863/861/1679 861/859/1671
f 862/860/1676 864/862/1680 535/535/1678
f 863/861/1679 864/862/1681 862/860/1674
f 563/563/1682 535/535/1678 864/862/1680
f 865/863/1683 864/862/1681 863/861/1679
f 563/563/1682 864/862/1680 865/863/1684
f 860/858/1670 866/864/1685 863/861/1679
f 865/863/1683 863/861/1679 866/864/1685
f 866/864/1686 563/563/1687 865/863/1688
f 860/858/1670 579/579/1138 866/864/1685
f 866/864/1686 569/569/1689 563/563/1687
f 579/579/1138 569/569/1139 866/864/1685
f 867/1/1690 868/2/1691 869/3/1692
f 867/1/1693 869/3/1694 870/4/1695
f 871/5/1696 869/3/1692 868/2/1691
f 869/3/1694 872/6/1697 870/4/1695
f 871/5/1696 873/7/1698 869/3/1692
f 869/3/1694 873/7/1699 872/6/1697
f 874/8/1700 871/5/1701 868/2/1702
f 868/2/1702 875/9/1703 874/8/1700
f 875/9/1704 876/10/1705 874/8/1706
f 874/8/1707 877/11/1708 871/5/1696
f 878/12/1709 873/7/1698 871/5/1696
f 871/5/1696 877/11/1708 878/12/1709
f 878/12/1710 872/6/1697 873/7/1699
f 874/8/1711 879/13/1712 877/11/1713
f 874/8/1706 876/10/1705 879/13/1714
f 878/12/1710 877/11/1713 879/13/1712
f 880/14/1715 879/13/1712 876/10/1716
f 876/10/1716 881/15/1717 880/14/1715
f 880/14/1718 881/15/1719 882/16/1720
f 880/14/1715 883/17/1721 879/13/1712
f 882/16/1720 883/17/1722 880/14/1718
f 878/12/1710 879/13/1712 883/17/1721
f 883/17/1723 882/16/1724 884/18/1725
f 884/18/1725 882/16/1724 885/19/1726
f 886/20/1727 884/18/1728 885/19/1729
f 884/18/1728 886/20/1727 887/21/1730
f 883/17/1721 884/18/1731 888/22/1732
f 884/18/1728 887/21/1730 888/22/1733
f 878/12/1710 883/17/1721 889/23/1734
f 889/23/1734 883/17/1721 888/22/1732
f 887/21/1730 890/24/1735 888/22/1733
f 889/23/1734 888/22/1732 890/24/1736
f 890/24/1737 887/21/1738 891/25/1739
f 887/21/1738 892/26/1740 891/25/1739
f 892/26/1741 893/27/1742 891/25/1743
f 891/25/1743 893/27/1742 894/28/1744
f 890/24/1736 891/25/1743 895/29/1745
f 891/25/1743 894/28/1744 895/29/1745
f 896/30/1746 889/23/1734 890/24/1736
f 896/30/1746 890/24/1736 895/29/1745
f 889/23/1734 897/31/1747 878/12/1710
f 889/23/1734 896/30/1746 897/31/1747
f 878/12/1710 897/31/1747 898/32/1748
f 878/12/1710 898/32/1748 872/6/1697
f 899/33/1749 897/31/1747 896/30/1746
f 899/33/1749 898/32/1750 897/31/1747
f 896/30/1746 895/29/1745 900/34/1751
f 900/34/1752 895/29/1745 894/28/1744
f 896/30/1746 900/34/1751 901/35/1753
f 899/33/1749 896/30/1746 901/35/1753
f 900/34/1754 894/28/1755 902/36/1756
f 894/28/1755 903/37/1757 902/36/1756
f 901/35/1758 900/34/1754 904/38/1759
f 900/34/1754 902/36/1756 904/38/1759
f 901/35/1760 904/38/1761 905/39/1762
f 903/37/1763 906/40/1764 902/36/1765
f 903/37/1763 907/41/1766 906/40/1764
f 906/40/1767 907/41/1767 908/42/1767
f 906/40/1768 908/42/1769 909/43/1770
f 906/40/1768 909/43/1770 902/36/1771
f 908/42/1769 910/44/1772 909/43/1770
f 911/45/1773 909/43/1774 910/44/1775
f 911/45/1773 902/36/1776 909/43/1774
f 911/45/1777 912/46/1778 902/36/1779
f 912/46/1778 911/45/1777 913/47/1780
f 911/45/1781 914/48/1781 913/47/1781
f 915/49/1782 913/47/1783 914/48/1784
f 913/47/1783 915/49/1782 916/50/1785
f 913/47/1783 916/50/1785 912/46/1786
f 916/50/1785 902/36/1787 912/46/1786
f 916/50/1788 917/51/1789 902/36/1790
f 917/51/1789 916/50/1788 918/52/1791
f 917/51/1792 918/52/1792 919/53/1792
f 902/36/1793 917/51/1793 919/53/1793
f 919/53/1794 920/54/1794 902/36/1794
f 921/55/1795 920/54/1796 919/53/1797
f 921/55/1795 919/53/1797 922/56/1798
f 921/55/1795 922/56/1798 923/57/1799
f 920/54/1800 921/55/1801 924/58/1802
f 921/55/1795 923/57/1799 925/59/1803
f 925/59/1804 924/58/1802 921/55/1801
f 923/57/1799 926/60/1805 925/59/1803
f 923/57/1799 927/61/1806 926/60/1805
f 927/61/1806 928/62/1807 926/60/1805
f 928/62/1808 929/63/1809 926/60/1810
f 930/64/1811 926/60/1810 929/63/1809
f 930/64/1811 925/59/1812 926/60/1810
f 925/59/1813 930/64/1813 924/58/1813
f 931/65/1814 924/58/1814 930/64/1814
f 930/64/1815 932/66/1816 931/65/1817
f 933/67/1818 931/65/1817 932/66/1816
f 934/68/1819 924/58/1802 931/65/1820
f 934/68/1821 931/65/1821 933/67/1821
f 920/54/1800 924/58/1802 935/69/1822
f 935/69/1822 924/58/1802 934/68/1819
f 920/54/1800 935/69/1822 936/70/1823
f 902/36/1824 920/54/1825 936/70/1823
f 902/36/1824 936/70/1823 904/38/1761
f 936/70/1823 905/39/1762 904/38/1761
f 935/69/1822 937/71/1826 936/70/1823
f 936/70/1823 937/71/1826 905/39/1762
f 935/69/1822 938/72/1827 937/71/1826
f 939/73/1828 905/39/1762 937/71/1826
f 938/72/1827 939/73/1828 937/71/1826
f 905/39/1762 939/73/1828 940/74/1829
f 905/39/1762 940/74/1829 901/35/1760
f 939/73/1830 941/75/1831 940/74/1832
f 901/35/1753 940/74/1833 942/76/1834
f 939/73/1830 943/77/1835 941/75/1831
f 938/72/1827 943/77/1835 939/73/1830
f 940/74/1833 941/75/1831 944/78/1836
f 940/74/1833 944/78/1836 942/76/1834
f 901/35/1753 942/76/1834 899/33/1749
f 945/79/1837 944/78/1836 941/75/1831
f 943/77/1835 945/79/1837 941/75/1831
f 942/76/1834 944/78/1836 946/80/1838
f 947/81/1839 899/33/1749 942/76/1834
f 942/76/1834 946/80/1838 947/81/1839
f 945/79/1837 948/82/1840 944/78/1836
f 948/82/1840 946/80/1838 944/78/1836
f 943/77/1835 949/83/1841 945/79/1837
f 948/82/1840 945/79/1837 950/84/1842
f 949/83/1841 950/84/1842 945/79/1837
f 951/85/1843 949/83/1841 943/77/1835
f 938/72/1827 951/85/1843 943/77/1835
f 949/83/1841 952/86/1844 950/84/1842
f 951/85/1843 938/72/1827 953/87/1845
f 951/85/1843 954/88/1846 949/83/1841
f 952/86/1844 949/83/1841 954/88/1846
f 955/89/1847 954/88/1848 951/85/1843
f 951/85/1843 953/87/1845 955/89/1847
f 952/86/1849 954/88/1850 956/90/1851
f 955/89/1847 957/91/1852 954/88/1848
f 957/91/1853 956/90/1851 954/88/1850
f 955/89/1847 958/92/1854 957/91/1852
f 953/87/1845 959/93/1855 955/89/1847
f 955/89/1847 959/93/1855 958/92/1854
f 960/94/1856 953/87/1845 938/72/1827
f 960/94/1856 938/72/1827 935/69/1822
f 935/69/1822 934/68/1819 960/94/1856
f 961/95/1857 953/87/1845 960/94/1856
f 953/87/1845 962/96/1858 959/93/1855
f 961/95/1857 962/96/1858 953/87/1845
f 960/94/1859 934/68/1860 963/97/1861
f 963/97/1862 961/95/1857 960/94/1856
f 934/68/1860 964/98/1863 963/97/1861
f 962/96/1858 961/95/1857 965/99/1864
f 934/68/1860 966/100/1865 964/98/1863
f 933/67/1866 966/100/1867 934/68/1868
f 933/67/1866 967/101/1869 966/100/1867
f 964/98/1863 966/100/1865 967/101/1870
f 933/67/1866 968/102/1871 967/101/1869
f 967/101/1869 968/102/1871 969/103/1872
f 967/101/1873 969/103/1874 970/104/1875
f 964/98/1876 967/101/1873 970/104/1875
f 963/97/1862 971/105/1877 961/95/1857
f 972/106/1878 963/97/1862 964/98/1879
f 963/97/1862 972/106/1878 971/105/1877
f 964/98/1880 970/104/1881 973/107/1882
f 964/98/1879 973/107/1883 972/106/1878
f 974/108/1884 973/107/1882 970/104/1881
f 974/108/1884 970/104/1881 975/109/1885
f 976/110/1886 974/108/1884 975/109/1885
f 977/111/1887 974/108/1888 976/110/1889
f 974/108/1888 977/111/1887 978/112/1890
f 974/108/1888 978/112/1890 973/107/1891
f 979/113/1892 973/107/1892 978/112/1892
f 979/113/1893 972/106/1893 973/107/1893
f 979/113/1894 971/105/1894 972/106/1894
f 971/105/1895 979/113/1896 980/114/1897
f 979/113/1896 981/115/1898 980/114/1897
f 979/113/1896 982/116/1899 981/115/1898
f 971/105/1900 980/114/1901 983/117/1902
f 983/117/1902 980/114/1901 981/115/1903
f 982/116/1899 984/118/1904 981/115/1898
f 982/116/1899 985/119/1905 984/118/1904
f 985/119/1905 986/120/1906 984/118/1904
f 986/120/1907 987/121/1908 984/118/1909
f 988/122/1910 984/118/1909 987/121/1908
f 988/122/1910 981/115/1911 984/118/1909
f 983/117/1912 981/115/1911 988/122/1910
f 983/117/1902 988/122/1913 989/123/1914
f 988/122/1913 990/124/1915 989/123/1914
f 988/122/1913 991/125/1916 990/124/1915
f 990/124/1915 991/125/1916 992/126/1917
f 990/124/1918 992/126/1918 993/127/1918
f 990/124/1915 994/128/1919 989/123/1914
f 983/117/1902 989/123/1914 994/128/1919
f 990/124/1915 993/127/1920 994/128/1919
f 993/127/1920 995/129/1921 994/128/1919
f 993/127/1920 996/130/1922 995/129/1921
f 993/127/1920 997/131/1923 996/130/1922
f 997/131/1923 998/132/1924 996/130/1922
f 996/130/1925 998/132/1926 999/133/1927
f 996/130/1925 999/133/1927 995/129/1928
f 994/128/1929 995/129/1928 999/133/1927
f 1000/134/1930 994/128/1929 999/133/1927
f 994/128/1929 1000/134/1930 1001/135/1931
f 983/117/1902 994/128/1919 1002/136/1932
f 1002/136/1933 994/128/1933 1001/135/1933
f 1003/137/1934 983/117/1902 1002/136/1932
f 971/105/1900 983/117/1902 1003/137/1934
f 1003/137/1934 961/95/1935 971/105/1900
f 1003/137/1936 965/99/1936 961/95/1936
f 1003/137/1937 1002/136/1938 1004/138/1939
f 1003/137/1937 1004/138/1939 965/99/1940
f 1004/138/1941 1002/136/1941 1005/139/1941
f 1001/135/1942 1005/139/1942 1002/136/1942
f 1006/140/1943 965/99/1944 1004/138/1945
f 1004/138/1945 1005/139/1946 1006/140/1943
f 1006/140/1943 1007/141/1947 965/99/1944
f 1008/142/1948 1006/140/1949 1005/139/1950
f 1007/141/1951 1006/140/1949 1008/142/1948
f 1009/143/1952 965/99/1944 1007/141/1947
f 962/96/1858 965/99/1864 1009/143/1953
f 1007/141/1951 1008/142/1948 1010/144/1954
f 1010/144/1954 1009/143/1955 1007/141/1951
f 1008/142/1948 1005/139/1950 1011/145/1956
f 1012/146/1957 1005/139/1958 1001/135/1959
f 1012/146/1960 1011/145/1956 1005/139/1950
f 1001/135/1959 1013/147/1961 1012/146/1957
f 1001/135/1959 1014/148/1962 1013/147/1961
f 1012/146/1960 1013/147/1963 1015/149/1964
f 1012/146/1960 1015/149/1964 1011/145/1956
f 1016/150/1965 1013/147/1961 1014/148/1962
f 1015/149/1964 1013/147/1963 1016/150/1966
f 1016/150/1965 1014/148/1962 1017/151/1967
f 1016/150/1965 1017/151/1967 1018/152/1968
f 1018/152/1969 1019/153/1970 1016/150/1966
f 1015/149/1964 1016/150/1966 1019/153/1970
f 1020/154/1971 1019/153/1972 1018/152/1973
f 1021/155/1974 1015/149/1964 1019/153/1972
f 1020/154/1971 1021/155/1974 1019/153/1972
f 1011/145/1956 1015/149/1964 1021/155/1974
f 1021/155/1975 1020/154/1976 1022/156/1977
f 1011/145/1978 1021/155/1975 1023/157/1979
f 1021/155/1975 1022/156/1977 1023/157/1979
f 1011/145/1980 1023/157/1981 1024/158/1982
f 1008/142/1983 1011/145/1980 1024/158/1982
f 1025/159/1984 1023/157/1985 1022/156/1986
f 1024/158/1982 1023/157/1985 1025/159/1984
f 1020/154/1987 1026/160/1988 1022/156/1989
f 1020/154/1987 1027/161/1990 1026/160/1988
f 1028/162/1991 1022/156/1986 1026/160/1992
f 1025/159/1984 1022/156/1986 1028/162/1991
f 1027/161/1990 1029/163/1993 1026/160/1988
f 1027/161/1990 1030/164/1994 1029/163/1993
f 1028/162/1991 1026/160/1992 1031/165/1995
f 1029/163/1996 1031/165/1995 1026/160/1992
f 1031/165/1997 1032/166/1998 1028/162/1999
f 1025/159/2000 1028/162/1999 1032/166/1998
f 1029/163/1996 1033/167/2001 1031/165/1995
f 1030/164/1994 1034/168/2002 1029/163/1993
f 1034/168/2003 1033/167/2001 1029/163/1996
f 1031/165/1997 1035/169/2004 1032/166/1998
f 1033/167/2005 1035/169/2006 1031/165/2007
f 1025/159/2000 1032/166/1998 1036/170/2008
f 1036/170/2009 1032/166/1998 1035/169/2004
f 1030/164/2010 1037/171/2010 1034/168/2010
f 1025/159/2011 1036/170/2012 1038/172/2013
f 1036/170/2009 1035/169/2004 1039/173/2014
f 1039/173/2015 1038/172/2013 1036/170/2012
f 1025/159/2011 1038/172/2013 1040/174/2016
f 1024/158/1982 1025/159/1984 1040/174/2017
f 1041/175/2018 1038/172/2013 1039/173/2015
f 1042/176/2019 1024/158/1982 1040/174/2017
f 1042/176/2019 1008/142/1983 1024/158/1982
f 1010/144/2020 1008/142/1983 1042/176/2019
f 1043/177/2021 1040/174/2016 1038/172/2013
f 1043/177/2021 1042/176/2022 1040/174/2016
f 1041/175/2018 1043/177/2021 1038/172/2013
f 1010/144/2020 1042/176/2019 1044/178/2023
f 1044/178/2024 1042/176/2022 1043/177/2021
f 1041/175/2018 1044/178/2024 1043/177/2021
f 1009/143/2025 1010/144/2025 1044/178/2025
f 1041/175/2026 1039/173/2027 1045/179/2028
f 1035/169/2004 1045/179/2029 1039/173/2014
f 1041/175/2030 1046/180/2031 1044/178/2032
f 1046/180/2031 1041/175/2030 1047/181/2033
f 1041/175/2026 1045/179/2028 1047/181/2034
f 1044/178/2035 1046/180/2036 1048/182/2037
f 1009/143/1953 1044/178/2035 1049/183/2038
f 1044/178/2035 1048/182/2037 1049/183/2038
f 1046/180/2031 1047/181/2033 1050/184/2039
f 1048/182/2037 1046/180/2036 1050/184/2040
f 1051/185/2041 1050/184/2039 1047/181/2033
f 1045/179/2029 1051/185/2042 1047/181/2043
f 1052/186/2044 1009/143/1953 1049/183/2038
f 1052/186/2044 962/96/1858 1009/143/1953
f 962/96/1858 1052/186/2044 959/93/1855
f 1052/186/2044 1049/183/2045 1053/187/2046
f 959/93/1855 1052/186/2044 1054/188/2047
f 1052/186/2044 1053/187/2046 1054/188/2047
f 959/93/1855 1054/188/2047 958/92/1854
f 1055/189/2048 1053/187/2046 1049/183/2045
f 1055/189/2048 1049/183/2045 1048/182/2049
f 1054/188/2047 1053/187/2046 1056/190/2050
f 1055/189/2048 1056/190/2050 1053/187/2046
f 1057/191/2051 958/92/1854 1054/188/2047
f 1054/188/2047 1056/190/2050 1057/191/2051
f 1055/189/2048 1048/182/2049 1058/192/2052
f 1048/182/2037 1050/184/2040 1058/192/2053
f 1055/189/2048 1059/193/2054 1056/190/2050
f 1055/189/2048 1058/192/2052 1059/193/2054
f 1057/191/2051 1056/190/2050 1060/194/2055
f 1058/192/2053 1050/184/2040 1061/195/2056
f 1051/185/2057 1061/195/2056 1050/184/2040
f 1061/195/2058 1062/196/2059 1058/192/2052
f 1059/193/2054 1058/192/2052 1062/196/2059
f 1051/185/2042 1063/197/2060 1061/195/2061
f 1064/198/2062 1056/190/2050 1059/193/2054
f 1064/198/2062 1060/194/2055 1056/190/2050
f 1065/199/2063 1064/198/2062 1059/193/2054
f 1066/200/2064 1061/195/2058 1063/197/2065
f 1061/195/2058 1066/200/2064 1062/196/2059
f 1051/185/2042 1067/201/2066 1063/197/2060
f 1045/179/2029 1067/201/2066 1051/185/2042
f 1066/200/2064 1063/197/2065 1068/202/2067
f 1045/179/2029 1069/203/2068 1067/201/2066
f 1045/179/2029 1070/204/2069 1069/203/2068
f 1035/169/2004 1070/204/2069 1045/179/2029
f 1033/167/2005 1070/204/2070 1035/169/2006
f 1070/204/2070 1033/167/2005 1071/205/2071
f 1070/204/2070 1071/205/2071 1069/203/2072
f 1034/168/2003 1071/205/2073 1033/167/2001
f 1069/203/2072 1072/206/2074 1067/201/2075
f 1069/203/2072 1071/205/2071 1072/206/2074
f 1072/206/2076 1071/205/2073 1034/168/2003
f 1067/201/2075 1072/206/2074 1063/197/2077
f 1063/197/2078 1072/206/2079 1073/207/2080
f 1072/206/2079 1034/168/2081 1073/207/2080
f 1063/197/2065 1073/207/2082 1068/202/2067
f 1034/168/2083 1074/208/2084 1073/207/2085
f 1073/207/2085 1075/209/2086 1068/202/2087
f 1066/200/2088 1068/202/2087 1075/209/2086
f 1073/207/2085 1074/208/2084 1075/209/2086
f 1034/168/2083 1037/171/2089 1074/208/2084
f 1066/200/2064 1075/209/2090 1076/210/2091
f 1062/196/2059 1066/200/2064 1076/210/2091
f 1074/208/2092 1077/211/2093 1075/209/2090
f 1077/211/2093 1076/210/2091 1075/209/2090
f 1074/208/2094 1037/171/2095 1078/212/2096
f 1074/208/2094 1079/213/2097 1077/211/2098
f 1074/208/2094 1078/212/2096 1079/213/2097
f 1037/171/2095 1080/214/2099 1078/212/2096
f 1037/171/2095 1081/215/2100 1080/214/2099
f 1081/215/2100 1082/216/2101 1080/214/2099
f 1082/216/2102 1083/217/2103 1080/214/2104
f 1078/212/2105 1080/214/2104 1083/217/2103
f 1078/212/2105 1083/217/2103 1084/218/2106
f 1084/218/2106 1083/217/2103 1085/219/2107
f 1086/220/2108 1084/218/2109 1085/219/2110
f 1084/218/2109 1087/221/2111 1078/212/2112
f 1084/218/2109 1086/220/2108 1087/221/2111
f 1087/221/2111 1079/213/2113 1078/212/2112
f 1088/222/2114 1087/221/2111 1086/220/2108
f 1079/213/2115 1087/221/2116 1089/223/2117
f 1087/221/2116 1088/222/2118 1090/224/2119
f 1087/221/2116 1090/224/2119 1089/223/2117
f 1091/225/2120 1090/224/2119 1088/222/2118
f 1092/226/2121 1090/224/2122 1091/225/2123
f 1093/227/2124 1089/223/2125 1090/224/2122
f 1093/227/2124 1090/224/2122 1092/226/2121
f 1079/213/2126 1089/223/2125 1093/227/2124
f 1094/228/2127 1093/227/2128 1092/226/2129
f 1095/229/2130 1094/228/2127 1092/226/2129
f 1079/213/2131 1093/227/2132 1096/230/2133
f 1097/231/2134 1094/228/2135 1095/229/2136
f 1077/211/2098 1079/213/2097 1096/230/2137
f 1094/228/2135 1098/232/2138 1093/227/2132
f 1096/230/2133 1093/227/2132 1098/232/2138
f 1099/233/2139 1098/232/2138 1094/228/2135
f 1099/233/2139 1094/228/2135 1097/231/2134
f 1098/232/2138 1100/234/2140 1096/230/2141
f 1099/233/2139 1100/234/2140 1098/232/2138
f 1077/211/2142 1096/230/2143 1101/235/2144
f 1101/235/2145 1096/230/2141 1100/234/2140
f 1101/235/2144 1076/210/2146 1077/211/2142
f 1101/235/2147 1102/236/2147 1076/210/2147
f 1102/236/2148 1062/196/2059 1076/210/2149
f 1101/235/2145 1100/234/2140 1103/237/2150
f 1102/236/2151 1101/235/2145 1103/237/2150
f 1099/233/2152 1104/238/2153 1100/234/2140
f 1099/233/2152 1097/231/2154 1104/238/2153
f 1103/237/2150 1100/234/2140 1105/239/2155
f 1104/238/2153 1105/239/2155 1100/234/2140
f 1102/236/2151 1103/237/2150 1106/240/2156
f 1103/237/2150 1105/239/2155 1106/240/2156
f 1097/231/2154 1107/241/2157 1104/238/2153
f 1097/231/2154 1108/242/2158 1107/241/2157
f 1107/241/2159 1108/242/2160 1109/243/2161
f 1110/244/2162 1107/241/2159 1109/243/2161
f 1110/244/2162 1104/238/2163 1107/241/2159
f 1104/238/2163 1110/244/2162 1105/239/2164
f 1105/239/2165 1110/244/2166 1111/245/2167
f 1111/245/2167 1110/244/2166 1112/246/2168
f 1112/246/2168 1113/247/2169 1111/245/2167
f 1105/239/2155 1111/245/2170 1114/248/2171
f 1106/240/2156 1105/239/2155 1114/248/2171
f 1115/249/2172 1111/245/2167 1113/247/2169
f 1115/249/2172 1113/247/2169 1116/250/2173
f 1115/249/2172 1116/250/2173 1117/251/2174
f 1115/249/2175 1117/251/2176 1118/252/2177
f 1119/253/2178 1111/245/2170 1115/249/2179
f 1119/253/2180 1115/249/2175 1118/252/2177
f 1119/253/2178 1114/248/2171 1111/245/2170
f 1120/254/2181 1119/253/2180 1118/252/2177
f 1121/255/2182 1114/248/2171 1119/253/2178
f 1120/254/2183 1121/255/2183 1119/253/2183
f 1122/256/2184 1120/254/2181 1118/252/2177
f 1122/256/2184 1118/252/2177 1123/257/2185
f 1124/258/2186 1122/256/2187 1123/257/2188
f 1122/256/2187 1124/258/2186 1125/259/2189
f 1122/256/2187 1125/259/2189 1120/254/2190
f 1126/260/2191 1125/259/2189 1124/258/2186
f 1127/261/2192 1125/259/2192 1126/260/2192
f 1128/262/2193 1120/254/2190 1125/259/2189
f 1128/262/2193 1125/259/2189 1127/261/2194
f 1120/254/2195 1128/262/2195 1121/255/2195
f 1128/262/2193 1127/261/2194 1129/263/2196
f 1121/255/2197 1128/262/2197 1129/263/2197
f 1130/264/2198 1121/255/2199 1131/265/2200
f 1130/264/2198 1114/248/2201 1121/255/2199
f 1130/264/2202 1131/265/2203 1132/266/2204
f 1130/264/2205 1133/267/2206 1114/248/2171
f 1134/268/2207 1130/264/2202 1132/266/2204
f 1134/268/2208 1133/267/2206 1130/264/2205
f 1133/267/2206 1135/269/2209 1114/248/2171
f 1133/267/2206 1134/268/2208 1135/269/2209
f 1106/240/2156 1114/248/2171 1135/269/2209
f 1106/240/2156 1135/269/2209 1136/270/2210
f 1102/236/2151 1106/240/2156 1136/270/2210
f 1136/270/2211 1135/269/2212 1137/271/2213
f 1138/272/2214 1102/236/2215 1136/270/2216
f 1138/272/2214 1136/270/2216 1137/271/2213
f 1102/236/2148 1138/272/2214 1062/196/2059
f 1062/196/2059 1138/272/2214 1139/273/2217
f 1059/193/2054 1062/196/2059 1139/273/2217
f 1065/199/2063 1059/193/2054 1139/273/2217
f 1139/273/2217 1138/272/2214 1140/274/2218
f 1140/274/2218 1138/272/2214 1137/271/2213
f 1141/275/2219 1065/199/2063 1139/273/2217
f 1141/275/2219 1139/273/2217 1140/274/2218
f 1142/276/2220 1141/275/2219 1140/274/2218
f 1137/271/2213 1143/277/2221 1140/274/2218
f 1142/276/2220 1140/274/2218 1143/277/2222
f 1137/271/2213 1144/278/2223 1143/277/2221
f 1135/269/2212 1145/279/2224 1137/271/2213
f 1144/278/2223 1137/271/2213 1145/279/2224
f 1135/269/2209 1134/268/2208 1145/279/2225
f 1144/278/2223 1146/280/2226 1143/277/2221
f 1146/280/2227 1142/276/2220 1143/277/2222
f 1144/278/2228 1145/279/2229 1147/281/2230
f 1148/282/2231 1145/279/2229 1134/268/2232
f 1147/281/2230 1145/279/2229 1148/282/2231
f 1134/268/2232 1149/283/2233 1148/282/2231
f 1134/268/2234 1132/266/2235 1149/283/2236
f 1132/266/2235 1150/284/2237 1149/283/2236
f 1151/285/2238 1149/283/2239 1150/284/2240
f 1152/286/2241 1148/282/2231 1149/283/2239
f 1152/286/2241 1149/283/2239 1151/285/2238
f 1147/281/2230 1148/282/2231 1152/286/2241
f 1153/287/2242 1144/278/2223 1147/281/2243
f 1153/287/2242 1154/288/2244 1144/278/2223
f 1144/278/2223 1154/288/2244 1146/280/2226
f 1147/281/2245 1155/289/2246 1153/287/2247
f 1147/281/2248 1152/286/2249 1155/289/2250
f 1155/289/2246 1156/290/2251 1153/287/2247
f 1154/288/2244 1153/287/2242 1156/290/2251
f 1152/286/2249 1157/291/2252 1155/289/2250
f 1152/286/2249 1151/285/2253 1157/291/2252
f 1155/289/2246 1158/292/2254 1156/290/2251
f 1157/291/2255 1158/292/2254 1155/289/2246
f 1154/288/2244 1156/290/2251 1159/293/2256
f 1159/293/2256 1156/290/2251 1158/292/2254
f 1160/294/2257 1157/291/2252 1151/285/2253
f 1160/294/2257 1151/285/2253 1161/295/2258
f 1157/291/2255 1162/296/2259 1158/292/2254
f 1162/296/2259 1157/291/2255 1160/294/2260
f 1159/293/2256 1158/292/2254 1163/297/2261
f 1164/298/2262 1160/294/2257 1161/295/2258
f 1164/298/2262 1161/295/2258 1165/299/2263
f 1165/299/2263 1166/300/2264 1164/298/2262
f 1167/301/2265 1164/298/2265 1166/300/2265
f 1160/294/2266 1164/298/2266 1167/301/2266
f 1168/302/2267 1160/294/2268 1167/301/2269
f 1168/302/2270 1162/296/2259 1160/294/2260
f 1168/302/2267 1167/301/2269 1169/303/2271
f 1170/304/2272 1168/302/2272 1169/303/2272
f 1168/302/2273 1170/304/2273 1162/296/2273
f 1162/296/2274 1170/304/2275 1171/305/2276
f 1172/306/2277 1171/305/2276 1170/304/2275
f 1173/307/2278 1158/292/2279 1162/296/2274
f 1173/307/2278 1163/297/2280 1158/292/2279
f 1162/296/2274 1171/305/2276 1173/307/2278
f 1174/308/2281 1163/297/2282 1173/307/2283
f 1174/308/2281 1159/293/2284 1163/297/2282
f 1171/305/2285 1175/309/2286 1173/307/2283
f 1174/308/2281 1173/307/2283 1175/309/2286
f 1172/306/2277 1176/310/2287 1171/305/2276
f 1176/310/2287 1172/306/2277 1177/311/2288
f 1171/305/2285 1178/312/2289 1175/309/2286
f 1178/312/2289 1171/305/2285 1176/310/2290
f 1174/308/2291 1175/309/2292 1179/313/2293
f 1178/312/2294 1179/313/2293 1175/309/2292
f 1176/310/2287 1177/311/2288 1180/314/2295
f 1181/315/2296 1180/314/2295 1177/311/2288
f 1180/314/2297 1181/315/2298 1182/316/2299
f 1180/314/2297 1182/316/2299 1176/310/2300
f 1182/316/2299 1183/317/2301 1176/310/2300
f 1178/312/2302 1176/310/2300 1183/317/2301
f 1178/312/2303 1183/317/2303 1184/318/2303
f 1184/318/2304 1183/317/2304 1185/319/2304
f 1186/320/2305 1184/318/2305 1185/319/2305
f 1178/312/2306 1184/318/2306 1186/320/2306
f 1178/312/2307 1186/320/2307 1179/313/2307
f 1187/321/2308 1179/313/2309 1186/320/2310
f 1188/322/2311 1187/321/2308 1186/320/2310
f 1174/308/2291 1179/313/2293 1189/323/2312
f 1187/321/2308 1188/322/2311 1190/324/2313
f 1187/321/2314 1191/325/2315 1179/313/2293
f 1191/325/2315 1189/323/2312 1179/313/2293
f 1188/322/2311 1192/326/2316 1190/324/2313
f 1188/322/2311 1193/327/2317 1192/326/2316
f 1192/326/2316 1193/327/2317 1194/328/2318
f 1192/326/2319 1194/328/2320 1195/329/2321
f 1196/330/2322 1190/324/2323 1192/326/2324
f 1187/321/2314 1190/324/2323 1196/330/2322
f 1196/330/2325 1192/326/2319 1195/329/2321
f 1191/325/2315 1187/321/2314 1197/331/2326
f 1187/321/2314 1196/330/2322 1197/331/2326
f 1191/325/2315 1197/331/2326 1198/332/2327
f 1191/325/2328 1199/333/2329 1189/323/2330
f 1191/325/2315 1198/332/2327 1199/333/2331
f 1200/334/2332 1174/308/2291 1189/323/2312
f 1174/308/2281 1200/334/2333 1159/293/2284
f 1201/335/2334 1189/323/2330 1199/333/2329
f 1200/334/2332 1189/323/2312 1201/335/2335
f 1200/334/2333 1202/336/2336 1159/293/2284
f 1202/336/2337 1200/334/2332 1201/335/2335
f 1154/288/2244 1159/293/2256 1202/336/2338
f 1201/335/2334 1199/333/2329 1203/337/2339
f 1203/337/2340 1199/333/2331 1198/332/2327
f 1204/338/2341 1201/335/2334 1203/337/2339
f 1204/338/2341 1202/336/2342 1201/335/2334
f 1203/337/2340 1198/332/2327 1205/339/2343
f 1204/338/2344 1203/337/2340 1205/339/2343
f 1206/340/2345 1154/288/2346 1202/336/2347
f 1207/341/2348 1204/338/2348 1205/339/2348
f 1206/340/2345 1146/280/2349 1154/288/2346
f 1208/342/2350 1205/339/2351 1198/332/2352
f 1207/341/2353 1205/339/2351 1208/342/2350
f 1208/342/2350 1198/332/2352 1209/343/2354
f 1197/331/2355 1209/343/2354 1198/332/2352
f 1210/344/2356 1208/342/2357 1209/343/2358
f 1197/331/2355 1211/345/2359 1209/343/2354
f 1211/345/2360 1210/344/2356 1209/343/2358
f 1196/330/2361 1211/345/2362 1197/331/2363
f 1210/344/2364 1212/346/2365 1208/342/2366
f 1208/342/2366 1212/346/2365 1207/341/2367
f 1213/347/2368 1210/344/2356 1211/345/2360
f 1196/330/2361 1214/348/2369 1211/345/2362
f 1213/347/2368 1211/345/2360 1214/348/2370
f 1214/348/2369 1196/330/2361 1215/349/2371
f 1195/329/2372 1215/349/2373 1196/330/2374
f 1213/347/2368 1214/348/2370 1216/350/2375
f 1214/348/2376 1215/349/2376 1216/350/2376
f 1210/344/2356 1213/347/2368 1217/351/2377
f 1217/351/2377 1213/347/2368 1216/350/2375
f 1195/329/2372 1218/352/2378 1215/349/2373
f 1218/352/2379 1216/350/2380 1215/349/2381
f 1195/329/2372 1219/353/2382 1218/352/2378
f 1219/353/2382 1220/354/2383 1218/352/2378
f 1221/355/2384 1218/352/2379 1220/354/2385
f 1218/352/2379 1221/355/2384 1216/350/2380
f 1222/356/2386 1216/350/2375 1221/355/2387
f 1217/351/2377 1216/350/2375 1222/356/2386
f 1223/357/2388 1222/356/2386 1221/355/2387
f 1223/357/2388 1221/355/2387 1224/358/2389
f 1222/356/2390 1225/359/2391 1217/351/2392
f 1223/357/2393 1225/359/2391 1222/356/2390
f 1226/360/2394 1223/357/2394 1224/358/2394
f 1223/357/2395 1226/360/2395 1225/359/2395
f 1226/360/2396 1227/361/2397 1225/359/2398
f 1227/361/2399 1226/360/2400 1228/362/2401
f 1229/363/2402 1228/362/2401 1226/360/2400
f 1225/359/2398 1227/361/2397 1230/364/2403
f 1231/365/2404 1228/362/2405 1229/363/2406
f 1232/366/2407 1227/361/2408 1228/362/2409
f 1232/366/2410 1228/362/2405 1231/365/2404
f 1232/366/2407 1230/364/2411 1227/361/2408
f 1232/366/2407 1231/365/2412 1233/367/2413
f 1225/359/2398 1230/364/2403 1234/368/2414
f 1217/351/2392 1225/359/2391 1234/368/2415
f 1232/366/2407 1235/369/2416 1230/364/2411
f 1235/369/2416 1232/366/2407 1233/367/2413
f 1217/351/2392 1234/368/2415 1236/370/2417
f 1210/344/2356 1217/351/2377 1236/370/2418
f 1212/346/2419 1210/344/2356 1236/370/2418
f 1212/346/2419 1236/370/2418 1237/371/2420
f 1238/372/2421 1212/346/2419 1237/371/2420
f 1238/372/2421 1207/341/2422 1212/346/2419
f 1239/373/2423 1237/371/2424 1236/370/2417
f 1239/373/2423 1238/372/2425 1237/371/2424
f 1239/373/2423 1236/370/2417 1234/368/2415
f 1240/374/2426 1207/341/2426 1238/372/2426
f 1239/373/2423 1240/374/2427 1238/372/2425
f 1234/368/2414 1241/375/2428 1239/373/2429
f 1234/368/2414 1230/364/2403 1241/375/2428
f 1241/375/2428 1240/374/2430 1239/373/2429
f 1242/376/2431 1241/375/2428 1230/364/2411
f 1240/374/2430 1241/375/2428 1242/376/2431
f 1242/376/2431 1230/364/2411 1235/369/2416
f 1243/377/2432 1207/341/2433 1240/374/2434
f 1243/377/2432 1204/338/2435 1207/341/2433
f 1240/374/2430 1242/376/2431 1244/378/2436
f 1244/378/2437 1245/379/2438 1240/374/2434
f 1245/379/2438 1243/377/2432 1240/374/2434
f 1244/378/2436 1242/376/2431 1246/380/2439
f 1235/369/2416 1246/380/2439 1242/376/2431
f 1247/381/2440 1244/378/2437 1246/380/2441
f 1247/381/2440 1245/379/2438 1244/378/2437
f 1235/369/2416 1248/382/2442 1246/380/2439
f 1235/369/2416 1233/367/2443 1248/382/2442
f 1247/381/2440 1246/380/2441 1249/383/2444
f 1249/383/2444 1246/380/2441 1248/382/2445
f 1233/367/2446 1250/384/2447 1248/382/2445
f 1249/383/2444 1248/382/2445 1250/384/2447
f 1249/383/2448 1251/385/2449 1247/381/2450
f 1249/383/2448 1252/386/2451 1251/385/2449
f 1252/386/2451 1249/383/2448 1250/384/2452
f 1253/387/2453 1247/381/2454 1251/385/2455
f 1253/387/2453 1245/379/2456 1247/381/2454
f 1254/388/2457 1251/385/2449 1252/386/2451
f 1254/388/2458 1253/387/2453 1251/385/2459
f 1252/386/2451 1250/384/2452 1255/389/2460
f 1254/388/2457 1252/386/2451 1256/390/2461
f 1257/391/2462 1252/386/2451 1255/389/2460
f 1257/391/2462 1256/390/2461 1252/386/2451
f 1255/389/2460 1258/392/2463 1257/391/2462
f 1256/390/2464 1257/391/2465 1259/393/2466
f 1258/392/2467 1259/393/2466 1257/391/2465
f 1250/384/2452 1260/394/2468 1255/389/2460
f 1255/389/2460 1260/394/2468 1258/392/2463
f 1250/384/2452 1261/395/2469 1260/394/2468
f 1233/367/2470 1261/395/2471 1250/384/2472
f 1233/367/2470 1262/396/2473 1261/395/2471
f 1233/367/2470 1231/365/2474 1262/396/2473
f 1263/397/2475 1260/394/2468 1261/395/2469
f 1264/398/2476 1260/394/2468 1263/397/2477
f 1258/392/2463 1260/394/2468 1264/398/2476
f 1263/397/2478 1261/395/2478 1265/399/2478
f 1261/395/2479 1262/396/2480 1265/399/2481
f 1231/365/2474 1266/400/2482 1262/396/2473
f 1266/400/2483 1265/399/2481 1262/396/2480
f 1231/365/2474 1267/401/2484 1266/400/2482
f 1267/401/2484 1268/402/2485 1266/400/2482
f 1266/400/2483 1268/402/2486 1269/403/2487
f 1266/400/2483 1269/403/2487 1265/399/2481
f 1265/399/2488 1270/404/2489 1263/397/2490
f 1264/398/2476 1263/397/2477 1270/404/2491
f 1265/399/2488 1271/405/2492 1270/404/2489
f 1271/405/2492 1272/406/2493 1270/404/2489
f 1270/404/2491 1272/406/2494 1273/407/2495
f 1264/398/2476 1270/404/2491 1273/407/2495
f 1264/398/2476 1273/407/2495 1274/408/2496
f 1264/398/2476 1274/408/2496 1275/409/2497
f 1258/392/2463 1264/398/2476 1275/409/2497
f 1258/392/2498 1275/409/2498 1276/410/2498
f 1277/411/2499 1276/410/2499 1275/409/2499
f 1277/411/2500 1275/409/2500 1278/412/2500
f 1277/411/2501 1278/412/2501 1279/413/2501
f 1280/414/2502 1277/411/2503 1279/413/2504
f 1280/414/2502 1276/410/2505 1277/411/2503
f 1280/414/2502 1279/413/2504 1281/415/2506
f 1282/416/2507 1280/414/2508 1281/415/2509
f 1282/416/2507 1276/410/2510 1280/414/2508
f 1276/410/2511 1282/416/2512 1283/417/2513
f 1284/418/2514 1283/417/2513 1282/416/2512
f 1284/418/2514 1285/419/2515 1283/417/2513
f 1285/419/2516 1284/418/2517 1286/420/2518
f 1276/410/2511 1283/417/2513 1287/421/2519
f 1287/421/2519 1283/417/2513 1285/419/2515
f 1288/422/2520 1285/419/2516 1286/420/2518
f 1289/423/2521 1276/410/2511 1287/421/2519
f 1258/392/2522 1276/410/2511 1289/423/2521
f 1287/421/2519 1285/419/2515 1290/424/2523
f 1288/422/2520 1290/424/2524 1285/419/2516
f 1290/424/2523 1291/425/2525 1287/421/2519
f 1289/423/2521 1287/421/2519 1291/425/2525
f 1290/424/2524 1288/422/2520 1292/426/2526
f 1290/424/2527 1292/426/2528 1291/425/2529
f 1289/423/2521 1293/427/2530 1258/392/2522
f 1259/393/2531 1258/392/2532 1293/427/2533
f 1294/428/2534 1289/423/2521 1291/425/2525
f 1289/423/2521 1294/428/2535 1293/427/2530
f 1259/393/2531 1293/427/2533 1295/429/2536
f 1295/429/2537 1293/427/2530 1294/428/2535
f 1259/393/2531 1295/429/2536 1296/430/2538
f 1256/390/2464 1259/393/2466 1296/430/2539
f 1295/429/2540 1294/428/2541 1297/431/2542
f 1298/432/2543 1256/390/2544 1296/430/2545
f 1298/432/2543 1254/388/2546 1256/390/2544
f 1296/430/2538 1295/429/2536 1299/433/2547
f 1298/432/2548 1296/430/2538 1299/433/2547
f 1254/388/2549 1298/432/2549 1300/434/2549
f 1301/435/2550 1299/433/2550 1295/429/2550
f 1301/435/2551 1295/429/2540 1297/431/2542
f 1298/432/2548 1299/433/2547 1302/436/2552
f 1301/435/2553 1302/436/2554 1299/433/2555
f 1300/434/2556 1298/432/2548 1302/436/2552
f 1301/435/2553 1303/437/2557 1302/436/2554
f 1300/434/2558 1302/436/2558 1303/437/2558
f 1254/388/2458 1300/434/2559 1253/387/2453
f 1304/438/2560 1301/435/2560 1297/431/2560
f 1301/435/2553 1304/438/2561 1303/437/2557
f 1305/439/2562 1297/431/2563 1294/428/2534
f 1304/438/2564 1297/431/2563 1305/439/2562
f 1305/439/2562 1294/428/2534 1291/425/2525
f 1306/440/2565 1304/438/2566 1305/439/2567
f 1307/441/2568 1305/439/2569 1291/425/2529
f 1307/441/2568 1306/440/2570 1305/439/2569
f 1307/441/2568 1291/425/2529 1292/426/2528
f 1292/426/2571 1308/442/2572 1307/441/2573
f 1306/440/2574 1307/441/2573 1308/442/2572
f 1292/426/2526 1288/422/2520 1308/442/2575
f 1288/422/2576 1309/443/2576 1308/442/2576
f 1309/443/2577 1288/422/2578 1310/444/2579
f 1311/445/2580 1309/443/2577 1310/444/2579
f 1308/442/2572 1309/443/2581 1311/445/2582
f 1306/440/2574 1308/442/2572 1312/446/2583
f 1312/446/2583 1308/442/2572 1311/445/2582
f 1306/440/2565 1313/447/2584 1304/438/2566
f 1304/438/2561 1313/447/2585 1303/437/2557
f 1306/440/2574 1312/446/2583 1314/448/2586
f 1313/447/2587 1306/440/2574 1314/448/2586
f 1312/446/2583 1311/445/2588 1315/449/2589
f 1316/450/2590 1303/437/2591 1313/447/2587
f 1317/451/2592 1314/448/2586 1312/446/2583
f 1312/446/2583 1315/449/2589 1317/451/2592
f 1313/447/2587 1314/448/2586 1318/452/2593
f 1316/450/2590 1313/447/2587 1318/452/2593
f 1317/451/2592 1319/453/2594 1314/448/2586
f 1319/453/2594 1318/452/2593 1314/448/2586
f 1320/454/2595 1315/449/2596 1311/445/2597
f 1311/445/2597 1321/455/2598 1320/454/2595
f 1320/454/2599 1321/455/2600 1322/456/2601
f 1315/449/2602 1320/454/2599 1322/456/2601
f 1323/457/2603 1315/449/2589 1322/456/2604
f 1322/456/2604 1324/458/2605 1323/457/2603
f 1325/459/2606 1323/457/2603 1324/458/2607
f 1315/449/2589 1323/457/2603 1325/459/2606
f 1315/449/2589 1325/459/2606 1326/460/2608
f 1315/449/2589 1326/460/2608 1327/461/2609
f 1317/451/2592 1315/449/2589 1327/461/2609
f 1326/460/2608 1328/462/2610 1327/461/2609
f 1326/460/2608 1329/463/2611 1328/462/2610
f 1329/463/2612 1330/464/2613 1328/462/2610
f 1328/462/2610 1330/464/2613 1327/461/2609
f 1317/451/2592 1327/461/2609 1331/465/2614
f 1331/465/2614 1319/453/2615 1317/451/2592
f 1327/461/2609 1330/464/2613 1332/466/2616
f 1332/466/2617 1330/464/2618 1333/467/2619
f 1334/468/2620 1332/466/2617 1333/467/2619
f 1327/461/2609 1332/466/2616 1335/469/2621
f 1327/461/2609 1335/469/2621 1331/465/2614
f 1336/470/2622 1335/469/2623 1332/466/2624
f 1336/470/2622 1332/466/2624 1334/468/2625
f 1331/465/2626 1335/469/2623 1336/470/2622
f 1337/471/2627 1336/470/2628 1334/468/2629
f 1337/471/2630 1334/468/2630 1338/472/2630
f 1339/473/2631 1337/471/2627 1338/472/2632
f 1337/471/2627 1340/474/2633 1336/470/2628
f 1337/471/2627 1339/473/2631 1341/475/2634
f 1337/471/2627 1341/475/2634 1340/474/2633
f 1341/475/2634 1339/473/2631 1342/476/2635
f 1341/475/2634 1342/476/2635 1343/477/2636
f 1340/474/2633 1344/478/2637 1336/470/2628
f 1341/475/2634 1344/478/2637 1340/474/2633
f 1331/465/2626 1336/470/2622 1344/478/2638
f 1345/479/2639 1341/475/2634 1343/477/2640
f 1345/479/2639 1344/478/2637 1341/475/2634
f 1343/477/2641 1346/480/2641 1345/479/2641
f 1343/477/2642 1347/481/2643 1346/480/2644
f 1347/481/2643 1348/482/2645 1346/480/2644
f 1348/482/2645 1349/483/2646 1346/480/2644
f 1345/479/2647 1346/480/2648 1349/483/2649
f 1345/479/2647 1349/483/2649 1350/484/2650
f 1345/479/2647 1350/484/2650 1344/478/2651
f 1351/485/2652 1331/465/2626 1344/478/2638
f 1331/465/2614 1351/485/2653 1319/453/2615
f 1352/486/2654 1344/478/2655 1350/484/2656
f 1353/487/2657 1352/486/2654 1350/484/2656
f 1352/486/2654 1354/488/2658 1344/478/2655
f 1351/485/2652 1344/478/2638 1354/488/2659
f 1352/486/2654 1353/487/2657 1355/489/2660
f 1352/486/2654 1355/489/2660 1354/488/2658
f 1351/485/2661 1354/488/2661 1356/490/2661
f 1355/489/2662 1356/490/2663 1354/488/2664
f 1357/491/2665 1319/453/2615 1351/485/2653
f 1319/453/2594 1357/491/2666 1318/452/2593
f 1316/450/2667 1318/452/2668 1357/491/2669
f 1357/491/2665 1351/485/2653 1358/492/2670
f 1351/485/2653 1356/490/2671 1358/492/2670
f 1316/450/2667 1357/491/2669 1359/493/2672
f 1358/492/2670 1359/493/2673 1357/491/2665
f 1316/450/2674 1359/493/2675 1360/494/2676
f 1360/494/2676 1303/437/2677 1316/450/2674
f 1360/494/2676 1300/434/2559 1303/437/2677
f 1358/492/2670 1361/495/2678 1359/493/2673
f 1362/496/2679 1358/492/2670 1356/490/2671
f 1358/492/2670 1362/496/2679 1361/495/2678
f 1363/497/2680 1359/493/2673 1361/495/2678
f 1363/497/2680 1360/494/2681 1359/493/2673
f 1361/495/2682 1364/498/2683 1363/497/2684
f 1361/495/2685 1362/496/2686 1364/498/2687
f 1360/494/2681 1363/497/2680 1365/499/2688
f 1365/499/2689 1363/497/2684 1364/498/2683
f 1366/500/2690 1300/434/2559 1360/494/2676
f 1253/387/2453 1300/434/2559 1366/500/2690
f 1360/494/2681 1365/499/2688 1367/501/2691
f 1366/500/2690 1360/494/2676 1367/501/2691
f 1365/499/2689 1364/498/2683 1368/502/2692
f 1253/387/2453 1366/500/2690 1369/503/2693
f 1253/387/2453 1369/503/2693 1370/504/2694
f 1253/387/2453 1370/504/2694 1245/379/2456
f 1366/500/2690 1371/505/2695 1369/503/2693
f 1372/506/2696 1245/379/2438 1370/504/2697
f 1372/506/2696 1243/377/2432 1245/379/2438
f 1373/507/2698 1370/504/2694 1369/503/2693
f 1373/507/2699 1372/506/2696 1370/504/2697
f 1373/507/2698 1369/503/2693 1371/505/2695
f 1367/501/2691 1374/508/2700 1366/500/2690
f 1366/500/2690 1374/508/2700 1371/505/2695
f 1367/501/2691 1375/509/2701 1374/508/2700
f 1365/499/2688 1375/509/2701 1367/501/2691
f 1376/510/2702 1371/505/2695 1374/508/2700
f 1375/509/2701 1376/510/2702 1374/508/2700
f 1365/499/2688 1377/511/2703 1375/509/2701
f 1377/511/2704 1365/499/2689 1368/502/2692
f 1375/509/2701 1378/512/2705 1376/510/2702
f 1377/511/2703 1378/512/2705 1375/509/2701
f 1376/510/2702 1379/513/2706 1371/505/2695
f 1379/513/2706 1376/510/2702 1378/512/2705
f 1380/514/2707 1371/505/2695 1379/513/2706
f 1380/514/2707 1373/507/2699 1371/505/2695
f 1381/515/2708 1373/507/2699 1380/514/2707
f 1373/507/2699 1381/515/2708 1372/506/2696
f 1382/516/2709 1380/514/2707 1379/513/2706
f 1381/515/2708 1380/514/2707 1382/516/2709
f 1379/513/2706 1378/512/2705 1383/517/2710
f 1382/516/2709 1379/513/2706 1383/517/2710
f 1384/518/2711 1383/517/2710 1378/512/2705
f 1377/511/2703 1384/518/2712 1378/512/2705
f 1385/519/2713 1382/516/2709 1383/517/2710
f 1385/519/2713 1383/517/2710 1386/520/2714
f 1384/518/2711 1386/520/2714 1383/517/2710
f 1382/516/2709 1387/521/2715 1381/515/2708
f 1382/516/2709 1385/519/2713 1387/521/2715
f 1388/522/2716 1381/515/2708 1387/521/2715
f 1388/522/2716 1372/506/2696 1381/515/2708
f 1372/506/2696 1388/522/2716 1389/523/2717
f 1372/506/2696 1389/523/2717 1243/377/2432
f 1388/522/2718 1390/524/2719 1389/523/2720
f 1243/377/2432 1389/523/2717 1391/525/2721
f 1390/524/2719 1391/525/2722 1389/523/2720
f 1243/377/2432 1391/525/2721 1204/338/2341
f 1204/338/2341 1391/525/2721 1202/336/2342
f 1390/524/2719 1202/336/2347 1391/525/2722
f 1206/340/2345 1202/336/2347 1390/524/2719
f 1387/521/2723 1392/526/2724 1388/522/2718
f 1388/522/2718 1392/526/2724 1390/524/2719
f 1387/521/2723 1393/527/2725 1392/526/2724
f 1393/527/2725 1387/521/2723 1385/519/2726
f 1390/524/2719 1392/526/2724 1394/528/2727
f 1390/524/2719 1394/528/2727 1206/340/2345
f 1393/527/2725 1394/528/2727 1392/526/2724
f 1393/527/2725 1385/519/2726 1395/529/2728
f 1393/527/2725 1396/530/2729 1394/528/2727
f 1397/531/2730 1393/527/2725 1395/529/2728
f 1397/531/2730 1396/530/2729 1393/527/2725
f 1385/519/2731 1398/532/2732 1395/529/2733
f 1398/532/2732 1397/531/2730 1395/529/2733
f 1385/519/2734 1399/533/2735 1398/532/2736
f 1399/533/2737 1385/519/2738 1386/520/2739
f 1399/533/2737 1386/520/2739 1384/518/2740
f 1400/534/2741 1394/528/2727 1396/530/2729
f 1398/532/2736 1399/533/2735 1401/535/2742
f 1398/532/2732 1402/536/2743 1397/531/2730
f 1398/532/2736 1401/535/2742 1402/536/2744
f 1403/537/2745 1397/531/2730 1402/536/2743
f 1396/530/2729 1397/531/2730 1404/538/2746
f 1403/537/2745 1404/538/2746 1397/531/2730
f 1396/530/2729 1404/538/2746 1400/534/2741
f 1402/536/2744 1405/539/2747 1403/537/2748
f 1405/539/2749 1404/538/2750 1403/537/2751
f 1402/536/2744 1401/535/2742 1405/539/2747
f 1405/539/2749 1406/540/2752 1404/538/2750
f 1406/540/2753 1400/534/2741 1404/538/2746
f 1400/534/2741 1407/541/2754 1394/528/2727
f 1206/340/2345 1394/528/2727 1407/541/2754
f 1206/340/2345 1407/541/2754 1408/542/2755
f 1206/340/2345 1408/542/2755 1146/280/2349
f 1409/543/2756 1408/542/2755 1407/541/2754
f 1409/543/2756 1146/280/2349 1408/542/2755
f 1400/534/2741 1410/544/2757 1407/541/2754
f 1409/543/2756 1407/541/2754 1410/544/2757
f 1400/534/2741 1411/545/2758 1410/544/2757
f 1406/540/2753 1411/545/2758 1400/534/2741
f 1410/544/2757 1412/546/2759 1409/543/2756
f 1409/543/2756 1413/547/2760 1146/280/2349
f 1146/280/2227 1413/547/2761 1142/276/2220
f 1414/548/2762 1413/547/2760 1409/543/2756
f 1414/548/2762 1409/543/2756 1412/546/2759
f 1415/549/2763 1410/544/2757 1411/545/2764
f 1410/544/2757 1415/549/2763 1412/546/2759
f 1406/540/2765 1416/550/2766 1411/545/2767
f 1415/549/2768 1411/545/2767 1416/550/2766
f 1406/540/2769 1417/551/2770 1416/550/2771
f 1415/549/2763 1418/552/2772 1412/546/2759
f 1419/553/2773 1417/551/2770 1406/540/2769
f 1419/553/2774 1406/540/2775 1405/539/2776
f 1416/550/2777 1420/554/2778 1415/549/2763
f 1415/549/2763 1420/554/2778 1418/552/2772
f 1416/550/2779 1417/551/2780 1421/555/2781
f 1416/550/2777 1421/555/2782 1420/554/2778
f 1422/556/2783 1421/555/2781 1417/551/2780
f 1422/556/2784 1417/551/2784 1419/553/2784
f 1423/557/2785 1420/554/2778 1421/555/2782
f 1423/557/2785 1421/555/2782 1422/556/2786
f 1424/558/2787 1420/554/2778 1423/557/2785
f 1424/558/2787 1418/552/2772 1420/554/2778
f 1425/559/2788 1423/557/2789 1422/556/2790
f 1424/558/2791 1423/557/2789 1425/559/2788
f 1419/553/2774 1426/560/2792 1422/556/2793
f 1425/559/2788 1422/556/2790 1426/560/2794
f 1427/561/2795 1419/553/2774 1405/539/2776
f 1419/553/2774 1427/561/2795 1426/560/2792
f 1427/561/2795 1405/539/2776 1401/535/2796
f 1428/562/2797 1418/552/2772 1424/558/2787
f 1427/561/2795 1401/535/2796 1429/563/2798
f 1426/560/2792 1427/561/2795 1430/564/2799
f 1427/561/2795 1429/563/2798 1430/564/2799
f 1426/560/2792 1430/564/2799 1431/565/2800
f 1431/565/2801 1425/559/2788 1426/560/2794
f 1431/565/2802 1430/564/2802 1432/566/2802
f 1424/558/2791 1425/559/2788 1433/567/2803
f 1433/567/2803 1428/562/2804 1424/558/2791
f 1431/565/2801 1434/568/2805 1425/559/2788
f 1430/564/2806 1435/569/2806 1432/566/2806
f 1430/564/2799 1429/563/2798 1435/569/2807
f 1431/565/2808 1432/566/2809 1436/570/2810
f 1434/568/2811 1431/565/2812 1436/570/2813
f 1432/566/2809 1437/571/2814 1436/570/2810
f 1435/569/2815 1437/571/2815 1432/566/2815
f 1434/568/2811 1436/570/2813 1438/572/2816
f 1437/571/2817 1438/572/2816 1436/570/2813
f 1425/559/2788 1434/568/2805 1439/573/2818
f 1439/573/2819 1434/568/2811 1438/572/2816
f 1425/559/2788 1439/573/2818 1433/567/2803
f 1440/574/2820 1433/567/2803 1439/573/2818
f 1439/573/2819 1438/572/2816 1441/575/2821
f 1441/575/2821 1440/574/2822 1439/573/2819
f 1437/571/2817 1442/576/2823 1438/572/2816
f 1442/576/2823 1441/575/2821 1438/572/2816
f 1442/576/2823 1437/571/2817 1443/577/2824
f 1435/569/2825 1443/577/2825 1437/571/2825
f 1442/576/2823 1444/578/2826 1441/575/2821
f 1445/579/2827 1443/577/2824 1435/569/2828
f 1442/576/2823 1443/577/2824 1446/580/2829
f 1445/579/2827 1446/580/2829 1443/577/2824
f 1446/580/2829 1444/578/2826 1442/576/2823
f 1444/578/2826 1447/581/2830 1441/575/2821
f 1441/575/2821 1447/581/2830 1440/574/2822
f 1446/580/2829 1448/582/2831 1444/578/2826
f 1444/578/2826 1449/583/2832 1447/581/2830
f 1448/582/2831 1449/583/2832 1444/578/2826
f 1440/574/2822 1447/581/2830 1450/584/2833
f 1450/584/2833 1447/581/2830 1449/583/2832
f 1451/585/2834 1448/582/2831 1446/580/2829
f 1445/579/2827 1451/585/2834 1446/580/2829
f 1451/585/2834 1452/586/2835 1448/582/2831
f 1453/587/2836 1451/585/2834 1445/579/2827
f 1451/585/2834 1454/588/2837 1452/586/2835
f 1451/585/2834 1453/587/2836 1454/588/2837
f 1455/589/2838 1448/582/2831 1452/586/2835
f 1455/589/2838 1452/586/2835 1454/588/2837
f 1448/582/2831 1456/590/2839 1449/583/2832
f 1455/589/2838 1456/590/2839 1448/582/2831
f 1456/590/2839 1457/591/2840 1449/583/2832
f 1364/498/2687 1454/588/2837 1453/587/2836
f 1454/588/2837 1364/498/2687 1362/496/2686
f 1364/498/2687 1453/587/2836 1368/502/2841
f 1454/588/2837 1362/496/2686 1458/592/2842
f 1455/589/2838 1454/588/2837 1458/592/2842
f 1458/592/2843 1362/496/2679 1459/593/2844
f 1362/496/2679 1356/490/2671 1459/593/2844
f 1460/594/2845 1455/589/2846 1458/592/2843
f 1460/594/2845 1458/592/2843 1459/593/2844
f 1461/595/2847 1459/593/2844 1356/490/2671
f 1460/594/2845 1462/596/2848 1455/589/2846
f 1355/489/2662 1461/595/2849 1356/490/2663
f 1460/594/2845 1459/593/2844 1463/597/2850
f 1461/595/2847 1463/597/2850 1459/593/2844
f 1455/589/2851 1462/596/2848 1464/598/2852
f 1455/589/2851 1464/598/2852 1456/590/2839
f 1465/599/2853 1462/596/2848 1460/594/2845
f 1463/597/2850 1465/599/2853 1460/594/2845
f 1463/597/2850 1461/595/2847 1466/600/2854
f 1467/601/2855 1463/597/2850 1466/600/2854
f 1463/597/2850 1467/601/2856 1465/599/2853
f 1466/600/2857 1461/595/2858 1468/602/2859
f 1355/489/2860 1468/602/2859 1461/595/2858
f 1469/603/2861 1467/601/2861 1466/600/2861
f 1466/600/2857 1468/602/2859 1469/603/2862
f 1469/603/2863 1470/604/2863 1467/601/2863
f 1470/604/2864 1465/599/2853 1467/601/2856
f 1468/602/2859 1471/605/2865 1469/603/2866
f 1470/604/2867 1469/603/2868 1472/606/2869
f 1471/605/2870 1472/606/2869 1469/603/2868
f 1473/607/2871 1471/605/2865 1468/602/2859
f 1473/607/2871 1468/602/2859 1355/489/2860
f 1471/605/2870 1474/608/2872 1472/606/2869
f 1473/607/2873 1474/608/2872 1471/605/2870
f 1470/604/2867 1472/606/2869 1475/609/2874
f 1475/609/2875 1465/599/2875 1470/604/2875
f 1474/608/2876 1476/610/2877 1472/606/2878
f 1476/610/2877 1475/609/2879 1472/606/2878
f 1355/489/2860 1477/611/2880 1473/607/2871
f 1355/489/2860 1353/487/2881 1477/611/2880
f 1473/607/2873 1478/612/2882 1474/608/2872
f 1477/611/2883 1478/612/2882 1473/607/2873
f 1474/608/2876 1479/613/2884 1476/610/2877
f 1478/612/2885 1479/613/2884 1474/608/2876
f 1353/487/2881 1480/614/2886 1477/611/2880
f 1353/487/2881 1481/615/2887 1480/614/2886
f 1482/616/2888 1477/611/2883 1480/614/2889
f 1477/611/2883 1482/616/2888 1478/612/2882
f 1482/616/2888 1480/614/2889 1483/617/2890
f 1481/615/2887 1484/618/2891 1480/614/2886
f 1484/618/2892 1483/617/2890 1480/614/2889
f 1481/615/2887 1485/619/2893 1484/618/2891
f 1484/618/2892 1486/620/2894 1483/617/2890
f 1484/618/2891 1485/619/2893 1487/621/2895
f 1486/620/2894 1484/618/2892 1487/621/2896
f 1482/616/2897 1488/622/2898 1478/612/2899
f 1482/616/2897 1489/623/2900 1488/622/2898
f 1490/624/2901 1488/622/2902 1489/623/2903
f 1491/625/2904 1478/612/2885 1488/622/2902
f 1491/625/2904 1488/622/2902 1490/624/2901
f 1492/626/2905 1478/612/2885 1491/625/2904
f 1493/627/2906 1491/625/2904 1490/624/2907
f 1493/627/2906 1492/626/2905 1491/625/2904
f 1490/624/2907 1494/628/2908 1493/627/2906
f 1494/628/2908 1495/629/2909 1493/627/2906
f 1493/627/2906 1495/629/2909 1492/626/2905
f 1478/612/2885 1492/626/2905 1479/613/2884
f 1479/613/2910 1492/626/2911 1496/630/2912
f 1492/626/2911 1497/631/2913 1496/630/2912
f 1497/631/2913 1498/632/2914 1496/630/2912
f 1499/633/2915 1496/630/2916 1498/632/2917
f 1479/613/2884 1496/630/2916 1499/633/2915
f 1500/634/2918 1479/613/2884 1499/633/2915
f 1476/610/2877 1479/613/2884 1500/634/2918
f 1500/634/2919 1499/633/2920 1501/635/2921
f 1501/635/2921 1499/633/2920 1502/636/2922
f 1502/636/2923 1503/637/2924 1501/635/2925
f 1500/634/2918 1501/635/2925 1503/637/2924
f 1500/634/2918 1503/637/2924 1504/638/2926
f 1504/638/2926 1503/637/2924 1505/639/2927
f 1505/639/2928 1506/640/2929 1504/638/2930
f 1507/641/2931 1504/638/2930 1506/640/2929
f 1500/634/2918 1504/638/2926 1508/642/2932
f 1504/638/2930 1507/641/2931 1508/642/2932
f 1500/634/2918 1508/642/2932 1509/643/2933
f 1508/642/2932 1507/641/2931 1509/643/2933
f 1500/634/2918 1509/643/2933 1476/610/2877
f 1476/610/2877 1509/643/2933 1510/644/2934
f 1476/610/2877 1510/644/2934 1475/609/2879
f 1511/645/2935 1509/643/2933 1507/641/2936
f 1507/641/2936 1512/646/2937 1511/645/2935
f 1513/647/2938 1511/645/2935 1512/646/2937
f 1514/648/2939 1511/645/2935 1513/647/2940
f 1515/649/2941 1509/643/2933 1511/645/2935
f 1511/645/2935 1514/648/2939 1515/649/2941
f 1510/644/2934 1509/643/2933 1515/649/2941
f 1515/649/2942 1514/648/2943 1516/650/2944
f 1514/648/2943 1517/651/2945 1516/650/2944
f 1518/652/2946 1516/650/2947 1517/651/2948
f 1518/652/2946 1515/649/2949 1516/650/2947
f 1518/652/2950 1519/653/2951 1515/649/2952
f 1519/653/2951 1518/652/2950 1520/654/2953
f 1520/654/2954 1521/655/2955 1519/653/2956
f 1519/653/2957 1522/656/2958 1515/649/2959
f 1519/653/2956 1521/655/2955 1522/656/2960
f 1510/644/2934 1515/649/2941 1523/657/2961
f 1524/658/2962 1515/649/2959 1522/656/2958
f 1523/657/2961 1515/649/2959 1524/658/2962
f 1510/644/2934 1523/657/2961 1525/659/2963
f 1510/644/2934 1525/659/2964 1526/660/2965
f 1510/644/2934 1526/660/2965 1475/609/2879
f 1475/609/2879 1526/660/2965 1465/599/2853
f 1526/660/2965 1525/659/2966 1527/661/2967
f 1526/660/2965 1528/662/2968 1465/599/2853
f 1526/660/2965 1527/661/2967 1528/662/2968
f 1465/599/2853 1528/662/2968 1462/596/2848
f 1464/598/2852 1462/596/2848 1528/662/2968
f 1529/663/2969 1525/659/2963 1523/657/2961
f 1527/661/2967 1525/659/2966 1529/663/2970
f 1464/598/2852 1528/662/2968 1530/664/2971
f 1527/661/2967 1530/664/2971 1528/662/2968
f 1529/663/2969 1523/657/2961 1531/665/2972
f 1524/658/2962 1531/665/2972 1523/657/2961
f 1527/661/2967 1529/663/2970 1532/666/2973
f 1527/661/2967 1533/667/2974 1530/664/2971
f 1532/666/2973 1533/667/2974 1527/661/2967
f 1530/664/2971 1534/668/2975 1464/598/2852
f 1533/667/2974 1535/669/2976 1530/664/2971
f 1530/664/2971 1535/669/2976 1534/668/2975
f 1536/670/2977 1464/598/2852 1534/668/2975
f 1536/670/2977 1456/590/2839 1464/598/2852
f 1456/590/2839 1536/670/2977 1457/591/2840
f 1535/669/2978 1537/671/2979 1534/668/2980
f 1538/672/2981 1536/670/2977 1534/668/2980
f 1538/672/2981 1534/668/2980 1537/671/2979
f 1536/670/2977 1539/673/2982 1457/591/2840
f 1536/670/2977 1538/672/2981 1539/673/2982
f 1539/673/2983 1538/672/2983 1540/674/2983
f 1541/675/2984 1540/674/2984 1538/672/2984
f 1537/671/2979 1541/675/2985 1538/672/2981
f 1540/674/2986 1542/676/2986 1539/673/2986
f 1541/675/2987 1542/676/2987 1540/674/2987
f 1543/677/2988 1457/591/2840 1539/673/2982
f 1543/677/2989 1539/673/2990 1542/676/2991
f 1457/591/2840 1543/677/2989 1544/678/2992
f 1457/591/2840 1544/678/2992 1449/583/2832
f 1450/584/2833 1449/583/2832 1544/678/2992
f 1543/677/2989 1545/679/2993 1544/678/2992
f 1450/584/2833 1544/678/2992 1545/679/2993
f 1546/680/2994 1543/677/2989 1542/676/2991
f 1541/675/2995 1546/680/2994 1542/676/2991
f 1543/677/2989 1546/680/2994 1545/679/2993
f 1450/584/2833 1545/679/2993 1547/681/2996
f 1548/682/2997 1545/679/2998 1546/680/2999
f 1548/682/3000 1547/681/3000 1545/679/3000
f 1541/675/3001 1549/683/3002 1546/680/2999
f 1549/683/3002 1548/682/2997 1546/680/2999
f 1550/684/3003 1549/683/3002 1541/675/3001
f 1537/671/2979 1550/684/3004 1541/675/2985
f 1549/683/3002 1551/685/3005 1548/682/2997
f 1550/684/3003 1552/686/3006 1549/683/3002
f 1552/686/3006 1551/685/3005 1549/683/3002
f 1553/687/3007 1552/686/3006 1550/684/3003
f 1554/688/3008 1548/682/3009 1551/685/3010
f 1547/681/3011 1548/682/3012 1554/688/3013
f 1552/686/3006 1555/689/3014 1551/685/3005
f 1553/687/3007 1555/689/3014 1552/686/3006
f 1554/688/3008 1551/685/3010 1556/690/3015
f 1556/690/3015 1551/685/3010 1555/689/3016
f 1547/681/3011 1554/688/3013 1557/691/3017
f 1556/690/3015 1558/692/3018 1554/688/3008
f 1557/691/3019 1554/688/3008 1558/692/3018
f 1556/690/3015 1559/693/3020 1558/692/3018
f 1556/690/3015 1555/689/3016 1560/694/3021
f 1560/694/3021 1559/693/3020 1556/690/3015
f 1561/695/3022 1560/694/3021 1555/689/3016
f 1553/687/3023 1561/695/3022 1555/689/3016
f 1553/687/3007 1550/684/3003 1562/696/3024
f 1550/684/3003 1563/697/3025 1562/696/3024
f 1563/697/3026 1550/684/3027 1537/671/3028
f 1553/687/3007 1562/696/3024 1564/698/3029
f 1563/697/3025 1564/698/3029 1562/696/3024
f 1565/699/3030 1563/697/3026 1537/671/3028
f 1564/698/3031 1563/697/3026 1565/699/3030
f 1535/669/2978 1565/699/3030 1537/671/2979
f 1566/700/3032 1565/699/3030 1535/669/2978
f 1566/700/3032 1564/698/3031 1565/699/3030
f 1533/667/2974 1566/700/3033 1535/669/2976
f 1553/687/3007 1564/698/3029 1567/701/3034
f 1567/701/3035 1564/698/3036 1566/700/3037
f 1567/701/3035 1566/700/3037 1533/667/3038
f 1561/695/3022 1553/687/3023 1567/701/3039
f 1532/666/2973 1567/701/3039 1533/667/2974
f 1561/695/3022 1567/701/3039 1532/666/2973
f 1561/695/3022 1532/666/2973 1568/702/3040
f 1529/663/2970 1568/702/3040 1532/666/2973
f 1561/695/3022 1568/702/3040 1569/703/3041
f 1561/695/3022 1569/703/3041 1560/694/3021
f 1529/663/2970 1570/704/3042 1568/702/3040
f 1531/665/2972 1570/704/3043 1529/663/2969
f 1571/705/3044 1569/703/3041 1568/702/3040
f 1571/705/3044 1568/702/3040 1570/704/3042
f 1569/703/3041 1572/706/3045 1560/694/3021
f 1569/703/3041 1571/705/3044 1572/706/3045
f 1560/694/3021 1572/706/3045 1559/693/3020
f 1531/665/2972 1573/707/3046 1570/704/3042
f 1573/707/3046 1571/705/3044 1570/704/3042
f 1574/708/3047 1573/707/3046 1531/665/2972
f 1575/709/3048 1572/706/3045 1571/705/3044
f 1573/707/3046 1576/710/3049 1571/705/3044
f 1575/709/3048 1571/705/3044 1576/710/3049
f 1573/707/3046 1577/711/3050 1576/710/3049
f 1573/707/3046 1574/708/3047 1577/711/3050
f 1576/710/3049 1578/712/3051 1575/709/3048
f 1572/706/3045 1575/709/3048 1579/713/3052
f 1572/706/3045 1579/713/3052 1559/693/3020
f 1575/709/3048 1580/714/3053 1579/713/3052
f 1559/693/3054 1579/713/3055 1581/715/3056
f 1559/693/3057 1581/715/3058 1582/716/3059
f 1559/693/3020 1582/716/3059 1558/692/3018
f 1583/717/3060 1581/715/3056 1579/713/3055
f 1583/717/3060 1579/713/3055 1580/714/3061
f 1584/718/3062 1581/715/3058 1583/717/3063
f 1584/718/3062 1582/716/3059 1581/715/3058
f 946/80/3064 1558/692/3018 1582/716/3059
f 1557/691/3019 1558/692/3018 946/80/3064
f 948/82/1840 1557/691/3065 946/80/1838
f 946/80/3064 1582/716/3059 1585/719/3066
f 1585/719/3067 947/81/3068 946/80/3069
f 1586/720/3070 1557/691/3065 948/82/1840
f 1586/720/3071 1547/681/3011 1557/691/3017
f 948/82/1840 950/84/1842 1586/720/3070
f 1547/681/3072 1586/720/3073 1587/721/3074
f 1547/681/3072 1587/721/3074 1450/584/2833
f 1440/574/2822 1450/584/2833 1587/721/3074
f 1586/720/3070 950/84/1842 1588/722/3075
f 1586/720/3070 1588/722/3075 1587/721/3076
f 952/86/1844 1588/722/3075 950/84/1842
f 1589/723/3077 1440/574/2820 1587/721/3076
f 1589/723/3077 1587/721/3076 1588/722/3075
f 1440/574/2820 1589/723/3077 1433/567/2803
f 1433/567/2803 1589/723/3077 1428/562/2804
f 1590/724/3078 1589/723/3077 1588/722/3075
f 952/86/1844 1590/724/3078 1588/722/3075
f 1590/724/3078 1428/562/2804 1589/723/3077
f 956/90/3079 1590/724/3080 952/86/3081
f 1428/562/2797 1590/724/3080 1591/725/3082
f 956/90/3079 1591/725/3082 1590/724/3080
f 1428/562/2797 1591/725/3082 1592/726/3083
f 1428/562/2797 1592/726/3083 1418/552/2772
f 1592/726/3083 1412/546/2759 1418/552/2772
f 1592/726/3083 1414/548/2762 1412/546/2759
f 1591/725/3082 1414/548/2762 1592/726/3083
f 1591/725/3082 1593/727/3084 1414/548/2762
f 1594/728/3085 1591/725/3082 956/90/3086
f 1594/728/3085 1593/727/3084 1591/725/3082
f 1595/729/3087 1594/728/3087 956/90/3087
f 957/91/1853 1595/729/3088 956/90/1851
f 1596/730/3089 1593/727/3084 1594/728/3085
f 1597/731/3090 1414/548/2762 1593/727/3084
f 1597/731/3090 1593/727/3084 1596/730/3089
f 1597/731/3090 1413/547/2760 1414/548/2762
f 1598/732/3091 1595/729/3092 957/91/1852
f 1598/732/3091 957/91/1852 958/92/1854
f 1057/191/2051 1598/732/3091 958/92/1854
f 1599/733/3093 1598/732/3094 1057/191/3095
f 1057/191/3095 1060/194/3096 1599/733/3093
f 1600/734/3097 1595/729/3098 1598/732/3094
f 1599/733/3093 1600/734/3097 1598/732/3094
f 1595/729/3098 1601/735/3099 1594/728/3100
f 1600/734/3097 1601/735/3099 1595/729/3098
f 1596/730/3089 1594/728/3085 1601/735/3101
f 1600/734/3097 1599/733/3093 1602/736/3102
f 1602/736/3102 1599/733/3093 1060/194/3096
f 1601/735/3099 1600/734/3097 1603/737/3103
f 1600/734/3097 1602/736/3102 1603/737/3103
f 1604/738/3104 1596/730/3089 1601/735/3101
f 1601/735/3101 1603/737/3105 1604/738/3104
f 1605/739/3106 1596/730/3089 1604/738/3104
f 1605/739/3107 1597/731/3108 1596/730/3109
f 1604/738/3110 1603/737/3110 1606/740/3110
f 1604/738/3111 1606/740/3111 1605/739/3111
f 1603/737/3112 1607/741/3112 1606/740/3112
f 1605/739/3113 1606/740/3113 1607/741/3113
f 1603/737/3114 1602/736/3115 1608/742/3116
f 1603/737/3114 1608/742/3116 1607/741/3117
f 1605/739/3107 1609/743/3118 1597/731/3108
f 1605/739/3107 1607/741/3117 1609/743/3118
f 1597/731/3108 1609/743/3118 1413/547/2761
f 1142/276/2220 1413/547/2761 1609/743/3118
f 1610/744/3119 1609/743/3118 1607/741/3117
f 1142/276/2220 1609/743/3118 1610/744/3120
f 1610/744/3119 1607/741/3117 1608/742/3116
f 1141/275/2219 1142/276/2220 1610/744/3120
f 1141/275/2219 1610/744/3120 1611/745/3121
f 1608/742/3116 1611/745/3122 1610/744/3119
f 1611/745/3121 1065/199/2063 1141/275/2219
f 1611/745/3121 1612/746/3123 1065/199/2063
f 1612/746/3124 1064/198/3125 1065/199/3126
f 1608/742/3116 1613/747/3127 1611/745/3122
f 1613/747/3127 1612/746/3128 1611/745/3122
f 1614/748/3129 1613/747/3127 1608/742/3130
f 1602/736/3131 1614/748/3131 1608/742/3131
f 1613/747/3127 1615/749/3132 1612/746/3128
f 1612/746/3124 1615/749/3133 1064/198/3125
f 1613/747/3127 1614/748/3129 1615/749/3132
f 1615/749/3134 1060/194/3096 1064/198/3135
f 1616/750/3136 1614/748/3137 1602/736/3102
f 1616/750/3136 1615/749/3134 1614/748/3137
f 1602/736/3102 1060/194/3096 1616/750/3136
f 1615/749/3134 1616/750/3136 1060/194/3096
f 1617/751/3138 872/6/3139 1618/752/3140
f 1617/751/3141 870/4/1695 872/6/1697
f 1618/752/3140 872/6/3139 898/32/1750
f 870/4/1695 1617/751/3141 1619/753/3142
f 870/4/1695 1619/753/3142 1620/754/3143
f 1619/753/3142 1621/755/3144 1620/754/3143
f 1619/753/3145 1622/756/3145 1621/755/3145
f 1623/757/3146 1619/753/3142 1617/751/3141
f 1623/757/3147 1622/756/3147 1619/753/3147
f 1617/751/3141 1618/752/3148 1623/757/3146
f 1623/757/3149 1624/758/3150 1622/756/3151
f 1624/758/3150 1625/759/3152 1622/756/3151
f 1624/758/3153 1626/760/3154 1625/759/3155
f 1626/760/3154 1624/758/3153 1623/757/3156
f 1626/760/3157 1623/757/3158 1627/761/3159
f 1626/760/3157 1627/761/3159 1628/762/3160
f 1628/762/3161 1627/761/3162 1629/763/3163
f 1627/761/3162 1630/764/3164 1629/763/3163
f 1627/761/3162 1623/757/3165 1630/764/3164
f 1631/765/3166 1630/764/3166 1623/757/3166
f 1630/764/3167 1631/765/3168 1632/766/3169
f 1630/764/3167 1632/766/3169 1633/767/3170
f 1631/765/3171 1623/757/3146 1634/768/3172
f 1634/768/3172 1623/757/3146 1618/752/3148
f 1635/769/3173 1633/767/3170 1632/766/3169
f 1634/768/3172 1584/718/3062 1631/765/3171
f 1631/765/3171 1584/718/3062 1583/717/3063
f 1634/768/3172 1636/770/3174 1584/718/3062
f 1636/770/3174 1582/716/3059 1584/718/3062
f 1636/770/3174 1585/719/3066 1582/716/3059
f 1637/771/3175 1636/770/3176 1634/768/3177
f 1634/768/3178 1618/752/3178 1637/771/3178
f 1638/772/3179 1585/719/3067 1636/770/3176
f 1637/771/3175 1638/772/3179 1636/770/3176
f 1638/772/3179 947/81/3068 1585/719/3067
f 947/81/1839 1638/772/3180 899/33/1749
f 1639/773/3181 1638/772/3180 1637/771/3182
f 1639/773/3181 1637/771/3182 1618/752/3183
f 1638/772/3180 1639/773/3181 899/33/1749
f 1618/752/3140 898/32/1750 1639/773/3181
f 899/33/1749 1639/773/3181 898/32/1750
f 1631/765/3171 1583/717/3063 1640/774/3184
f 1640/774/3185 1583/717/3060 1580/714/3061
f 1641/775/3186 1631/765/3187 1640/774/3188
f 1632/766/3189 1631/765/3190 1641/775/3191
f 1640/774/3185 1580/714/3061 1642/776/3192
f 1641/775/3191 1635/769/3193 1632/766/3189
f 1643/777/3194 1640/774/3194 1642/776/3194
f 1643/777/3195 1641/775/3186 1640/774/3188
f 1642/776/3196 1580/714/3053 1644/778/3197
f 1642/776/3196 1644/778/3197 1643/777/3195
f 1575/709/3048 1644/778/3197 1580/714/3053
f 1575/709/3048 1578/712/3051 1644/778/3197
f 1644/778/3197 1645/779/3198 1643/777/3195
f 1644/778/3197 1578/712/3051 1645/779/3198
f 1643/777/3195 1645/779/3198 1646/780/3199
f 1645/779/3200 1578/712/3201 1647/781/3202
f 1647/781/3202 1646/780/3203 1645/779/3200
f 1643/777/3195 1646/780/3199 1648/782/3204
f 1649/783/3205 1641/775/3186 1643/777/3195
f 1649/783/3205 1643/777/3195 1648/782/3204
f 1641/775/3206 1650/784/3207 1635/769/3208
f 1650/784/3207 1641/775/3209 1651/785/3210
f 1650/784/3207 1652/786/3211 1635/769/3208
f 1650/784/3207 1651/785/3210 1652/786/3211
f 1652/786/3211 1651/785/3210 1653/787/3212
f 1654/788/3213 1652/786/3211 1653/787/3212
f 1635/769/3208 1652/786/3211 1654/788/3214
f 1651/785/3215 1641/775/3186 1655/789/3216
f 1641/775/3186 1649/783/3205 1655/789/3216
f 1655/789/3216 1656/790/3217 1651/785/3215
f 1655/789/3216 1657/791/3218 1656/790/3219
f 1655/789/3216 1649/783/3205 1657/791/3218
f 1635/769/3220 1654/788/3220 1658/792/3220
f 1635/769/3173 1658/792/3221 1633/767/3170
f 1654/788/3222 1659/793/3222 1658/792/3222
f 1633/767/3170 1658/792/3221 1660/794/3223
f 1659/793/3224 1660/794/3223 1658/792/3221
f 1657/791/3218 1649/783/3205 1661/795/3225
f 1657/791/3218 1661/795/3225 1662/796/3226
f 1663/797/3227 1662/796/3228 1661/795/3229
f 1649/783/3205 1663/797/3227 1661/795/3229
f 1648/782/3204 1663/797/3227 1649/783/3205
f 1648/782/3230 1664/798/3230 1663/797/3230
f 1663/797/3231 1664/798/3231 1665/799/3231
f 1664/798/3232 1666/800/3233 1665/799/3234
f 1648/782/3235 1666/800/3233 1664/798/3232
f 1648/782/3204 1667/801/3236 1666/800/3237
f 1667/801/3238 1668/802/3238 1666/800/3238
f 1669/803/3239 1668/802/3240 1667/801/3241
f 1648/782/3204 1646/780/3199 1667/801/3236
f 1670/804/3242 1669/803/3239 1667/801/3241
f 1670/804/3242 1667/801/3241 1646/780/3243
f 1647/781/3202 1670/804/3244 1646/780/3203
f 1670/804/3245 1647/781/3245 1671/805/3245
f 1672/806/3246 1671/805/3247 1647/781/3248
f 1673/807/3249 1671/805/3247 1672/806/3246
f 1673/807/3249 1674/808/3250 1671/805/3247
f 1673/807/3251 1675/809/3251 1674/808/3251
f 1673/807/3252 1676/810/3252 1675/809/3252
f 1677/811/3253 1675/809/3254 1676/810/3255
f 1677/811/3253 1678/812/3256 1675/809/3254
f 1679/813/3257 1676/810/3258 1673/807/3259
f 1679/813/3257 1677/811/3260 1676/810/3258
f 1680/814/3261 1673/807/3259 1672/806/3262
f 1679/813/3257 1673/807/3259 1680/814/3261
f 1681/815/3263 1678/812/3256 1677/811/3253
f 1681/815/3263 1682/816/3264 1678/812/3256
f 1679/813/3257 1683/817/3265 1677/811/3260
f 1681/815/3266 1677/811/3260 1683/817/3265
f 1682/816/3264 1681/815/3263 1684/818/3267
f 1682/816/3264 1684/818/3267 1685/819/3268
f 1681/815/3266 1683/817/3265 1686/820/3269
f 1684/818/3270 1681/815/3266 1686/820/3269
f 1679/813/3271 1687/821/3272 1683/817/3273
f 1686/820/3274 1683/817/3273 1687/821/3272
f 1679/813/3271 1688/822/3275 1687/821/3272
f 1688/822/3276 1679/813/3276 1680/814/3276
f 1686/820/3274 1687/821/3272 1689/823/3277
f 1688/822/3275 1690/824/3278 1687/821/3272
f 1689/823/3277 1687/821/3272 1690/824/3278
f 1688/822/3279 1680/814/3279 1691/825/3279
f 1691/825/3280 1680/814/3281 1692/826/3282
f 1691/825/3283 1693/827/3284 1688/822/3275
f 1688/822/3275 1693/827/3284 1690/824/3278
f 1680/814/3261 1672/806/3262 1692/826/3285
f 1691/825/3283 1694/828/3286 1693/827/3284
f 1691/825/3280 1692/826/3282 1694/828/3287
f 1695/829/3288 1690/824/3278 1693/827/3284
f 1694/828/3286 1695/829/3289 1693/827/3284
f 1692/826/3282 1696/830/3290 1694/828/3287
f 1694/828/3286 1696/830/3291 1695/829/3289
f 1697/831/3292 1692/826/3285 1672/806/3262
f 1672/806/3246 1647/781/3248 1697/831/3293
f 1692/826/3282 1698/832/3294 1696/830/3290
f 1697/831/3292 1698/832/3295 1692/826/3285
f 1699/833/3296 1697/831/3293 1647/781/3248
f 1698/832/3295 1697/831/3292 1699/833/3297
f 1699/833/3296 1647/781/3248 1578/712/3298
f 1700/834/3299 1699/833/3297 1578/712/3300
f 1700/834/3299 1698/832/3295 1699/833/3297
f 1576/710/3301 1700/834/3299 1578/712/3300
f 1577/711/3050 1700/834/3302 1576/710/3049
f 1700/834/3302 1701/835/3303 1698/832/3294
f 1577/711/3050 1701/835/3303 1700/834/3302
f 1698/832/3294 1701/835/3303 1702/836/3304
f 1577/711/3050 1702/836/3305 1701/835/3303
f 1698/832/3294 1702/836/3304 1696/830/3290
f 1695/829/3289 1696/830/3291 1702/836/3306
f 1577/711/3050 1703/837/3307 1702/836/3305
f 1695/829/3289 1702/836/3306 1703/837/3308
f 1574/708/3309 1703/837/3310 1577/711/3311
f 1704/838/3312 1695/829/3288 1703/837/3313
f 1695/829/3288 1704/838/3312 1690/824/3278
f 1574/708/3309 1705/839/3314 1703/837/3310
f 1704/838/3312 1703/837/3313 1705/839/3315
f 1689/823/3277 1690/824/3278 1704/838/3312
f 1706/840/3316 1704/838/3312 1705/839/3315
f 1706/840/3316 1689/823/3277 1704/838/3312
f 1707/841/3317 1705/839/3317 1574/708/3317
f 1706/840/3316 1705/839/3315 1707/841/3318
f 1707/841/3319 1574/708/3047 1708/842/3320
f 1574/708/3047 1531/665/2972 1708/842/3320
f 1524/658/2962 1708/842/3320 1531/665/2972
f 1707/841/3318 1709/843/3321 1706/840/3316
f 1706/840/3316 1709/843/3321 1689/823/3277
f 1708/842/3322 1710/844/3323 1707/841/3318
f 1707/841/3318 1710/844/3323 1709/843/3321
f 1524/658/3324 1711/845/3324 1708/842/3325
f 1708/842/3322 1711/845/3326 1710/844/3323
f 1524/658/3324 1712/846/3327 1711/845/3324
f 1712/846/3328 1524/658/3329 1522/656/3330
f 1710/844/3323 1711/845/3326 1713/847/3331
f 1712/846/3332 1713/847/3332 1711/845/3332
f 1710/844/3323 1713/847/3331 1714/848/3333
f 1714/848/3333 1709/843/3321 1710/844/3323
f 1712/846/3328 1715/849/3334 1713/847/3335
f 1715/849/3334 1714/848/3336 1713/847/3337
f 1712/846/3328 1522/656/3330 1715/849/3334
f 1714/848/3333 1716/850/3338 1709/843/3321
f 1716/850/3338 1689/823/3277 1709/843/3321
f 1716/850/3338 1686/820/3274 1689/823/3277
f 1684/818/3270 1686/820/3269 1716/850/3339
f 1715/849/3334 1717/851/3340 1714/848/3336
f 1716/850/3339 1714/848/3336 1717/851/3340
f 1716/850/3339 1717/851/3340 1684/818/3270
f 1522/656/3330 1717/851/3340 1715/849/3334
f 1684/818/3267 1717/851/3341 1718/852/3342
f 1522/656/3343 1718/852/3342 1717/851/3341
f 1684/818/3267 1718/852/3342 1685/819/3268
f 1718/852/3344 1719/853/3345 1685/819/3346
f 1720/854/3347 1718/852/3347 1522/656/3347
f 1720/854/3348 1719/853/3345 1718/852/3344
f 1522/656/3349 1521/655/3350 1720/854/3351
f 1719/853/3345 1720/854/3348 1721/855/3352
f 1721/855/3353 1720/854/3351 1521/655/3350
f 1722/487/3354 1723/484/3355 1724/856/3356
f 1377/511/2704 1368/502/2692 1725/857/3357
f 1453/587/2836 1725/857/3357 1368/502/2841
f 1384/518/3358 1377/511/2704 1725/857/3357
f 1453/587/2836 1726/858/3359 1725/857/3357
f 1453/587/2836 1445/579/2827 1726/858/3359
f 1384/518/3358 1725/857/3357 1727/859/3360
f 1726/858/3359 1727/859/3360 1725/857/3357
f 1384/518/3361 1727/859/3362 1728/860/3363
f 1384/518/3364 1728/860/3365 1399/533/3366
f 1728/860/3365 1401/535/3367 1399/533/3366
f 1729/861/3368 1728/860/3363 1727/859/3362
f 1726/858/3359 1729/861/3368 1727/859/3360
f 1728/860/3365 1730/862/3369 1401/535/3367
f 1729/861/3368 1730/862/3370 1728/860/3363
f 1429/563/3371 1401/535/3367 1730/862/3369
f 1731/863/3372 1730/862/3370 1729/861/3368
f 1429/563/3371 1730/862/3369 1731/863/3373
f 1726/858/3359 1732/864/3374 1729/861/3368
f 1731/863/3372 1729/861/3368 1732/864/3374
f 1732/864/3375 1429/563/3376 1731/863/3377
f 1726/858/3359 1445/579/2827 1732/864/3374
f 1732/864/3375 1435/569/3378 1429/563/3376
f 1445/579/2827 1435/569/2828 1732/864/3374
