# Blender 5.1.2
# www.blender.org
o Sponza_arches
v -66.062302 492.988800 171.333298
v -66.062302 492.988800 243.557205
v -457.676300 492.988800 243.557907
v -457.676300 492.988800 171.334396
v -66.062302 492.988800 243.557205
v -66.062302 505.317688 243.557205
v -457.676300 505.317688 243.557907
v -457.676300 492.988800 243.557907
v -66.062302 507.803192 241.071701
v -66.062302 507.803192 165.566406
v -457.676300 507.803192 165.567200
v -457.676300 507.803192 241.072205
v -66.062302 501.240997 163.080902
v -66.062302 492.988800 171.333298
v -457.676300 492.988800 171.334396
v -457.676300 501.240997 163.081497
v -66.062302 505.317688 243.557205
v -66.062302 507.803192 241.071701
v -457.676300 507.803192 241.072205
v -457.676300 505.317688 243.557907
v -457.676300 492.988800 243.557907
v -848.246094 492.988800 243.557205
v -848.246094 492.988800 171.333298
v -457.676300 492.988800 171.334396
v -457.676300 505.317688 243.557907
v -848.246094 505.317688 243.557205
v -848.246094 492.988800 243.557205
v -457.676300 492.988800 243.557907
v -457.676300 507.803192 165.567200
v -848.246094 507.803192 165.566498
v -848.246094 507.803192 241.071701
v -457.676300 507.803192 241.072205
v -457.676300 492.988800 171.334396
v -848.246094 492.988800 171.333298
v -848.246094 501.240997 163.080902
v -457.676300 501.240997 163.081497
v -457.676300 507.803192 241.072205
v -848.246094 507.803192 241.071701
v -848.246094 505.317688 243.557205
v -457.676300 505.317688 243.557907
v -457.676300 501.240997 163.081497
v -457.676300 505.317688 163.081497
v -66.062302 505.317688 163.080994
v -66.062302 501.240997 163.080902
v -457.676300 505.317688 163.081497
v -457.676300 507.803192 165.567200
v -66.062302 507.803192 165.566406
v -66.062302 505.317688 163.080994
v -457.676300 505.317688 163.081497
v -457.676300 501.240997 163.081497
v -848.246094 501.240997 163.080902
v -848.246094 505.317688 163.080902
v -457.676300 507.803192 165.567200
v -457.676300 505.317688 163.081497
v -848.246094 505.317688 163.080902
v -848.246094 507.803192 165.566498
v -848.246094 501.240997 163.080902
v -967.830627 501.240997 163.080704
v -967.830627 505.317688 163.080704
v -848.246094 505.317688 163.080902
v -848.246094 507.803192 165.566498
v -848.246094 505.317688 163.080902
v -967.830627 505.317688 163.080704
v -970.316284 507.803192 165.566299
v -976.083313 492.988800 171.333298
v -848.246094 492.988800 171.333298
v -848.246094 492.988800 243.557205
v -1048.307861 492.988800 243.557999
v -848.246094 492.988800 243.557205
v -848.246094 505.317688 243.557205
v -1048.307983 505.317688 243.557999
v -1048.307861 492.988800 243.557999
v -848.246094 507.803192 241.071701
v -848.246094 507.803192 165.566498
v -970.316284 507.803192 165.566299
v -1045.822266 507.803192 241.072403
v -967.830627 501.240997 163.080704
v -848.246094 501.240997 163.080902
v -848.246094 492.988800 171.333298
v -976.083313 492.988800 171.333298
v -848.246094 505.317688 243.557205
v -848.246094 507.803192 241.071701
v -1045.822266 507.803192 241.072403
v -1048.307983 505.317688 243.557999
v -967.830811 501.240997 43.496101
v -967.830872 501.240997 -37.273899
v -967.830872 505.317688 -37.273899
v -967.830811 505.317688 43.496101
v -967.830811 505.317688 43.496101
v -967.830872 505.317688 -37.273899
v -970.316528 507.803192 -37.273899
v -970.316406 507.803192 43.496101
v -967.830627 505.317688 163.080704
v -967.830627 501.240997 163.080704
v -967.830811 501.240997 43.496101
v -967.830811 505.317688 43.496101
v -970.316406 507.803192 43.496101
v -970.316284 507.803192 165.566299
v -967.830627 505.317688 163.080704
v -967.830811 505.317688 43.496101
v -976.083313 492.988800 171.333298
v -1048.307861 492.988800 243.557999
v -1048.307129 492.988800 43.496201
v -976.083313 492.988800 43.496201
v -1048.307983 505.317688 243.557999
v -1048.307129 505.317688 43.496201
v -1048.307129 492.988800 43.496201
v -1048.307861 492.988800 243.557999
v -970.316284 507.803192 165.566299
v -970.316406 507.803192 43.496101
v -1045.821655 507.803192 43.496201
v -1045.822266 507.803192 241.072403
v -967.830627 501.240997 163.080704
v -976.083313 492.988800 171.333298
v -976.083313 492.988800 43.496201
v -967.830811 501.240997 43.496101
v -1045.822266 507.803192 241.072403
v -1045.821655 507.803192 43.496201
v -1048.307129 505.317688 43.496201
v -1048.307983 505.317688 243.557999
v -976.083313 492.988800 43.496201
v -1048.307129 492.988800 43.496201
v -1048.307251 492.988800 -37.273899
v -976.083496 492.988800 -37.273899
v -1048.307129 492.988800 43.496201
v -1048.307129 505.317688 43.496201
v -1048.307251 505.317688 -37.273899
v -1048.307251 492.988800 -37.273899
v -1045.821655 507.803192 43.496201
v -970.316406 507.803192 43.496101
v -970.316528 507.803192 -37.273899
v -1045.821777 507.803192 -37.273899
v -967.830811 501.240997 43.496101
v -976.083313 492.988800 43.496201
v -976.083496 492.988800 -37.273899
v -967.830872 501.240997 -37.273899
v -1048.307129 505.317688 43.496201
v -1045.821655 507.803192 43.496201
v -1045.821777 507.803192 -37.273899
v -1048.307251 505.317688 -37.273899
v -457.676300 492.988800 -318.105713
v -66.062302 492.988800 -318.105011
v -66.062302 492.988800 -245.881195
v -457.676300 492.988800 -245.882294
v -457.676300 505.317688 -318.105713
v -66.062302 505.317688 -318.105011
v -66.062302 492.988800 -318.105011
v -457.676300 492.988800 -318.105713
v -457.676300 507.803192 -240.115097
v -66.062302 507.803192 -240.114304
v -66.062302 507.803192 -315.619598
v -457.676300 507.803192 -315.620087
v -457.676300 492.988800 -245.882294
v -66.062302 492.988800 -245.881195
v -66.062302 501.240997 -237.628799
v -457.676300 501.240997 -237.629303
v -457.676300 507.803192 -315.620087
v -66.062302 507.803192 -315.619598
v -66.062302 505.317688 -318.105011
v -457.676300 505.317688 -318.105713
v -848.245972 492.988800 -245.881195
v -848.245972 492.988800 -318.105011
v -457.676300 492.988800 -318.105713
v -457.676300 492.988800 -245.882294
v -848.245972 492.988800 -318.105011
v -848.245972 505.317688 -318.105011
v -457.676300 505.317688 -318.105713
v -457.676300 492.988800 -318.105713
v -848.245972 507.803192 -315.619598
v -848.245972 507.803192 -240.114304
v -457.676300 507.803192 -240.115097
v -457.676300 507.803192 -315.620087
v -848.245972 501.240997 -237.628799
v -848.245972 492.988800 -245.881195
v -457.676300 492.988800 -245.882294
v -457.676300 501.240997 -237.629303
v -848.245972 505.317688 -318.105011
v -848.245972 507.803192 -315.619598
v -457.676300 507.803192 -315.620087
v -457.676300 505.317688 -318.105713
v -66.062302 505.317688 -237.628799
v -457.676300 505.317688 -237.629303
v -457.676300 501.240997 -237.629303
v -66.062302 501.240997 -237.628799
v -66.062302 507.803192 -240.114304
v -457.676300 507.803192 -240.115097
v -457.676300 505.317688 -237.629303
v -66.062302 505.317688 -237.628799
v -848.245972 501.240997 -237.628799
v -457.676300 501.240997 -237.629303
v -457.676300 505.317688 -237.629303
v -848.245972 505.317688 -237.628799
v -848.245972 505.317688 -237.628799
v -457.676300 505.317688 -237.629303
v -457.676300 507.803192 -240.115097
v -848.245972 507.803192 -240.114304
v -967.830688 505.317688 -237.628494
v -967.830688 501.240997 -237.628494
v -848.245972 501.240997 -237.628799
v -848.245972 505.317688 -237.628799
v -848.245972 507.803192 -240.114304
v -970.316284 507.803192 -240.114105
v -967.830688 505.317688 -237.628494
v -848.245972 505.317688 -237.628799
v -976.083374 492.988800 -245.881195
v -1048.307983 492.988800 -318.105804
v -848.245972 492.988800 -318.105011
v -848.245972 492.988800 -245.881195
v -1048.307983 505.317688 -318.105896
v -848.245972 505.317688 -318.105011
v -848.245972 492.988800 -318.105011
v -1048.307983 492.988800 -318.105804
v -970.316284 507.803192 -240.114105
v -848.245972 507.803192 -240.114304
v -848.245972 507.803192 -315.619598
v -1045.822144 507.803192 -315.620209
v -967.830688 501.240997 -237.628494
v -976.083374 492.988800 -245.881195
v -848.245972 492.988800 -245.881195
v -848.245972 501.240997 -237.628799
v -1045.822144 507.803192 -315.620209
v -848.245972 507.803192 -315.619598
v -848.245972 505.317688 -318.105011
v -1048.307983 505.317688 -318.105896
v -967.830872 505.317688 -37.273899
v -967.830872 501.240997 -37.273899
v -967.830872 501.240997 -118.043999
v -967.830872 505.317688 -118.043999
v -970.316528 507.803192 -37.273899
v -967.830872 505.317688 -37.273899
v -967.830872 505.317688 -118.043999
v -970.316284 507.803192 -118.043999
v -967.830872 501.240997 -118.043999
v -967.830688 501.240997 -237.628494
v -967.830688 505.317688 -237.628494
v -967.830872 505.317688 -118.043999
v -970.316284 507.803192 -118.043999
v -967.830872 505.317688 -118.043999
v -967.830688 505.317688 -237.628494
v -970.316284 507.803192 -240.114105
v -976.083374 492.988800 -245.881195
v -976.083374 492.988800 -118.043999
v -1048.307007 492.988800 -118.043999
v -1048.307983 492.988800 -318.105804
v -1048.307007 492.988800 -118.043999
v -1048.307007 505.317688 -118.043999
v -1048.307983 505.317688 -318.105896
v -1048.307983 492.988800 -318.105804
v -1045.821655 507.803192 -118.043999
v -970.316284 507.803192 -118.043999
v -970.316284 507.803192 -240.114105
v -1045.822144 507.803192 -315.620209
v -967.830688 501.240997 -237.628494
v -967.830872 501.240997 -118.043999
v -976.083374 492.988800 -118.043999
v -976.083374 492.988800 -245.881195
v -1048.307007 505.317688 -118.043999
v -1045.821655 507.803192 -118.043999
v -1045.822144 507.803192 -315.620209
v -1048.307983 505.317688 -318.105896
v -1048.307251 492.988800 -37.273899
v -1048.307007 492.988800 -118.043999
v -976.083374 492.988800 -118.043999
v -976.083496 492.988800 -37.273899
v -1048.307251 505.317688 -37.273899
v -1048.307007 505.317688 -118.043999
v -1048.307007 492.988800 -118.043999
v -1048.307251 492.988800 -37.273899
v -970.316528 507.803192 -37.273899
v -970.316284 507.803192 -118.043999
v -1045.821655 507.803192 -118.043999
v -1045.821777 507.803192 -37.273899
v -976.083496 492.988800 -37.273899
v -976.083374 492.988800 -118.043999
v -967.830872 501.240997 -118.043999
v -967.830872 501.240997 -37.273899
v -1045.821777 507.803192 -37.273899
v -1045.821655 507.803192 -118.043999
v -1048.307007 505.317688 -118.043999
v -1048.307251 505.317688 -37.273899
v 325.551788 492.988800 243.557907
v -66.062302 492.988800 243.557205
v -66.062302 492.988800 171.333298
v 325.551788 492.988800 171.334503
v 325.551788 505.317688 243.557907
v -66.062302 505.317688 243.557205
v -66.062302 492.988800 243.557205
v 325.551788 492.988800 243.557907
v 325.551788 507.803192 165.567093
v -66.062302 507.803192 165.566406
v -66.062302 507.803192 241.071701
v 325.551788 507.803192 241.072296
v 325.551788 492.988800 171.334503
v -66.062302 492.988800 171.333298
v -66.062302 501.240997 163.080902
v 325.551788 501.240997 163.081497
v 325.551788 507.803192 241.072296
v -66.062302 507.803192 241.071701
v -66.062302 505.317688 243.557205
v 325.551788 505.317688 243.557907
v 716.121582 492.988800 171.333298
v 716.121582 492.988800 243.557098
v 325.551788 492.988800 243.557907
v 325.551788 492.988800 171.334503
v 716.121582 492.988800 243.557098
v 716.121582 505.317688 243.557098
v 325.551788 505.317688 243.557907
v 325.551788 492.988800 243.557907
v 716.121582 507.803192 241.071793
v 716.121582 507.803192 165.566406
v 325.551788 507.803192 165.567093
v 325.551788 507.803192 241.072296
v 716.121582 501.240997 163.080795
v 716.121582 492.988800 171.333298
v 325.551788 492.988800 171.334503
v 325.551788 501.240997 163.081497
v 716.121582 505.317688 243.557098
v 716.121582 507.803192 241.071793
v 325.551788 507.803192 241.072296
v 325.551788 505.317688 243.557907
v -66.062302 505.317688 163.080994
v 325.551788 505.317688 163.081497
v 325.551788 501.240997 163.081497
v -66.062302 501.240997 163.080902
v -66.062302 507.803192 165.566406
v 325.551788 507.803192 165.567093
v 325.551788 505.317688 163.081497
v -66.062302 505.317688 163.080994
v 716.121582 501.240997 163.080795
v 325.551788 501.240997 163.081497
v 325.551788 505.317688 163.081497
v 716.121582 505.317688 163.081100
v 716.121582 505.317688 163.081100
v 325.551788 505.317688 163.081497
v 325.551788 507.803192 165.567093
v 716.121582 507.803192 165.566406
v 837.206421 505.317688 163.080597
v 837.206421 501.240997 163.080597
v 716.121582 501.240997 163.080795
v 716.121582 505.317688 163.081100
v 716.121582 507.803192 165.566406
v 839.692017 507.803192 165.566406
v 837.206421 505.317688 163.080597
v 716.121582 505.317688 163.081100
v 845.458984 492.988800 171.333298
v 917.683594 492.988800 243.557907
v 716.121582 492.988800 243.557098
v 716.121582 492.988800 171.333298
v 917.683716 505.317688 243.558105
v 716.121582 505.317688 243.557098
v 716.121582 492.988800 243.557098
v 917.683594 492.988800 243.557907
v 839.692017 507.803192 165.566406
v 716.121582 507.803192 165.566406
v 716.121582 507.803192 241.071793
v 915.197998 507.803192 241.072296
v 837.206421 501.240997 163.080597
v 845.458984 492.988800 171.333298
v 716.121582 492.988800 171.333298
v 716.121582 501.240997 163.080795
v 915.197998 507.803192 241.072296
v 716.121582 507.803192 241.071793
v 716.121582 505.317688 243.557098
v 917.683716 505.317688 243.558105
v 837.206726 505.317688 -37.273899
v 837.206726 501.240997 -37.273899
v 837.206726 501.240997 43.496101
v 837.206726 505.317688 43.496101
v 839.692322 507.803192 -37.273899
v 837.206726 505.317688 -37.273899
v 837.206726 505.317688 43.496101
v 839.692078 507.803192 43.496101
v 837.206726 501.240997 43.496101
v 837.206421 501.240997 163.080597
v 837.206421 505.317688 163.080597
v 837.206726 505.317688 43.496101
v 839.692078 507.803192 43.496101
v 837.206726 505.317688 43.496101
v 837.206421 505.317688 163.080597
v 839.692017 507.803192 165.566406
v 845.458984 492.988800 171.333298
v 845.458984 492.988800 43.496101
v 917.682922 492.988800 43.496101
v 917.683594 492.988800 243.557907
v 917.682922 492.988800 43.496101
v 917.682922 505.317688 43.496101
v 917.683716 505.317688 243.558105
v 917.683594 492.988800 243.557907
v 915.197388 507.803192 43.496101
v 839.692078 507.803192 43.496101
v 839.692017 507.803192 165.566406
v 915.197998 507.803192 241.072296
v 837.206421 501.240997 163.080597
v 837.206726 501.240997 43.496101
v 845.458984 492.988800 43.496101
v 845.458984 492.988800 171.333298
v 917.682922 505.317688 43.496101
v 915.197388 507.803192 43.496101
v 915.197998 507.803192 241.072296
v 917.683716 505.317688 243.558105
v 917.682983 492.988800 -37.273899
v 917.682922 492.988800 43.496101
v 845.458984 492.988800 43.496101
v 845.459106 492.988800 -37.273899
v 917.682983 505.317688 -37.273899
v 917.682922 505.317688 43.496101
v 917.682922 492.988800 43.496101
v 917.682983 492.988800 -37.273899
v 839.692322 507.803192 -37.273899
v 839.692078 507.803192 43.496101
v 915.197388 507.803192 43.496101
v 915.197388 507.803192 -37.273899
v 845.459106 492.988800 -37.273899
v 845.458984 492.988800 43.496101
v 837.206726 501.240997 43.496101
v 837.206726 501.240997 -37.273899
v 915.197388 507.803192 -37.273899
v 915.197388 507.803192 43.496101
v 917.682922 505.317688 43.496101
v 917.682983 505.317688 -37.273899
v -66.062302 492.988800 -245.881195
v -66.062302 492.988800 -318.105011
v 325.551788 492.988800 -318.105713
v 325.551788 492.988800 -245.882294
v -66.062302 492.988800 -318.105011
v -66.062302 505.317688 -318.105011
v 325.551788 505.317688 -318.105713
v 325.551788 492.988800 -318.105713
v -66.062302 507.803192 -315.619598
v -66.062302 507.803192 -240.114304
v 325.551788 507.803192 -240.115005
v 325.551788 507.803192 -315.620087
v -66.062302 501.240997 -237.628799
v -66.062302 492.988800 -245.881195
v 325.551788 492.988800 -245.882294
v 325.551788 501.240997 -237.629303
v -66.062302 505.317688 -318.105011
v -66.062302 507.803192 -315.619598
v 325.551788 507.803192 -315.620087
v 325.551788 505.317688 -318.105713
v 325.551788 492.988800 -318.105713
v 716.121521 492.988800 -318.105011
v 716.121521 492.988800 -245.881104
v 325.551788 492.988800 -245.882294
v 325.551788 505.317688 -318.105713
v 716.121521 505.317688 -318.105011
v 716.121521 492.988800 -318.105011
v 325.551788 492.988800 -318.105713
v 325.551788 507.803192 -240.115005
v 716.121521 507.803192 -240.114304
v 716.121521 507.803192 -315.619598
v 325.551788 507.803192 -315.620087
v 325.551788 492.988800 -245.882294
v 716.121521 492.988800 -245.881104
v 716.121521 501.240997 -237.628799
v 325.551788 501.240997 -237.629303
v 325.551788 507.803192 -315.620087
v 716.121521 507.803192 -315.619598
v 716.121521 505.317688 -318.105011
v 325.551788 505.317688 -318.105713
v 325.551788 501.240997 -237.629303
v 325.551788 505.317688 -237.629303
v -66.062302 505.317688 -237.628799
v -66.062302 501.240997 -237.628799
v 325.551788 505.317688 -237.629303
v 325.551788 507.803192 -240.115005
v -66.062302 507.803192 -240.114304
v -66.062302 505.317688 -237.628799
v 325.551788 505.317688 -237.629303
v 325.551788 501.240997 -237.629303
v 716.121521 501.240997 -237.628799
v 716.121521 505.317688 -237.628799
v 325.551788 507.803192 -240.115005
v 325.551788 505.317688 -237.629303
v 716.121521 505.317688 -237.628799
v 716.121521 507.803192 -240.114304
v 716.121521 501.240997 -237.628799
v 837.206421 501.240997 -237.628494
v 837.206421 505.317688 -237.628494
v 716.121521 505.317688 -237.628799
v 716.121521 507.803192 -240.114304
v 716.121521 505.317688 -237.628799
v 837.206421 505.317688 -237.628494
v 839.692017 507.803192 -240.114105
v 845.459106 492.988800 -245.881195
v 716.121521 492.988800 -245.881104
v 716.121521 492.988800 -318.105011
v 917.683716 492.988800 -318.105804
v 716.121521 492.988800 -318.105011
v 716.121521 505.317688 -318.105011
v 917.683716 505.317688 -318.105988
v 917.683716 492.988800 -318.105804
v 716.121521 507.803192 -315.619598
v 716.121521 507.803192 -240.114304
v 839.692017 507.803192 -240.114105
v 915.197876 507.803192 -315.620209
v 837.206421 501.240997 -237.628494
v 716.121521 501.240997 -237.628799
v 716.121521 492.988800 -245.881104
v 845.459106 492.988800 -245.881195
v 716.121521 505.317688 -318.105011
v 716.121521 507.803192 -315.619598
v 915.197876 507.803192 -315.620209
v 917.683716 505.317688 -318.105988
v 837.206726 501.240997 -118.043900
v 837.206726 501.240997 -37.273899
v 837.206726 505.317688 -37.273899
v 837.206726 505.317688 -118.043900
v 837.206726 505.317688 -118.043900
v 837.206726 505.317688 -37.273899
v 839.692322 507.803192 -37.273899
v 839.692017 507.803192 -118.043900
v 837.206421 505.317688 -237.628494
v 837.206421 501.240997 -237.628494
v 837.206726 501.240997 -118.043900
v 837.206726 505.317688 -118.043900
v 839.692017 507.803192 -118.043900
v 839.692017 507.803192 -240.114105
v 837.206421 505.317688 -237.628494
v 837.206726 505.317688 -118.043900
v 845.459106 492.988800 -245.881195
v 917.683716 492.988800 -318.105804
v 917.682678 492.988800 -118.043900
v 845.459106 492.988800 -118.043900
v 917.683716 505.317688 -318.105988
v 917.682678 505.317688 -118.043900
v 917.682678 492.988800 -118.043900
v 917.683716 492.988800 -318.105804
v 839.692017 507.803192 -240.114105
v 839.692017 507.803192 -118.043900
v 915.197388 507.803192 -118.043900
v 915.197876 507.803192 -315.620209
v 837.206421 501.240997 -237.628494
v 845.459106 492.988800 -245.881195
v 845.459106 492.988800 -118.043900
v 837.206726 501.240997 -118.043900
v 915.197876 507.803192 -315.620209
v 915.197388 507.803192 -118.043900
v 917.682678 505.317688 -118.043900
v 917.683716 505.317688 -318.105988
v 845.459106 492.988800 -118.043900
v 917.682678 492.988800 -118.043900
v 917.682983 492.988800 -37.273899
v 845.459106 492.988800 -37.273899
v 917.682678 492.988800 -118.043900
v 917.682678 505.317688 -118.043900
v 917.682983 505.317688 -37.273899
v 917.682983 492.988800 -37.273899
v 915.197388 507.803192 -118.043900
v 839.692017 507.803192 -118.043900
v 839.692322 507.803192 -37.273899
v 915.197388 507.803192 -37.273899
v 837.206726 501.240997 -118.043900
v 845.459106 492.988800 -118.043900
v 845.459106 492.988800 -37.273899
v 837.206726 501.240997 -37.273899
v 917.682678 505.317688 -118.043900
v 915.197388 507.803192 -118.043900
v 915.197388 507.803192 -37.273899
v 917.682983 505.317688 -37.273899
v -980.924194 218.248306 178.777695
v -980.071289 235.608704 178.777695
v -960.570374 233.688004 178.777695
v -961.328918 218.248306 178.777695
v -975.409302 261.232208 178.777695
v -956.424072 256.476593 178.777695
v -946.033691 285.516113 178.777695
v -963.726318 293.884003 178.777695
v -930.177490 311.970398 178.777695
v -945.897705 323.629211 178.777695
v -909.465088 334.822998 178.777695
v -922.608582 349.324707 178.777695
v -884.692322 353.195801 178.777695
v -894.754211 369.983002 178.777695
v -856.810974 366.382507 178.777695
v -863.404480 384.810089 178.777695
v -826.893127 373.876587 178.777695
v -829.764893 393.236511 178.777695
v -803.807922 375.769196 178.777695
v -803.807922 395.364502 178.777695
v -803.807922 375.769196 231.931107
v -826.893127 373.876587 231.931107
v -826.893127 373.876587 178.777695
v -803.807922 375.769196 178.777695
v -856.810974 366.382507 178.777695
v -856.810974 366.382507 231.931107
v -884.692322 353.195801 178.777695
v -884.692322 353.195801 231.931107
v -909.465088 334.822998 178.777695
v -909.465088 334.822998 231.931107
v -930.177490 311.970398 178.777695
v -930.177490 311.970398 231.931107
v -946.033691 285.516113 178.777695
v -946.033691 285.516113 231.931107
v -956.424072 256.476593 178.777695
v -956.424072 256.476593 231.931107
v -960.570374 233.688004 178.777695
v -960.570374 233.688004 231.931107
v -961.328918 218.248306 178.777695
v -961.328918 218.248306 231.931107
v -803.807922 375.769196 231.931107
v -803.807922 410.405304 231.931107
v -831.969177 408.096497 231.931107
v -826.893127 373.876587 231.931107
v -856.810974 366.382507 231.931107
v -868.465576 398.954590 231.931107
v -884.692322 353.195801 231.931107
v -902.477295 382.868286 231.931107
v -909.465088 334.822998 231.931107
v -932.697327 360.455688 231.931107
v -930.177490 311.970398 231.931107
v -957.963989 332.578186 231.931107
v -946.033691 285.516113 231.931107
v -977.306580 300.307007 231.931107
v -956.424072 256.476593 231.931107
v -989.152771 267.199188 231.931107
v -989.152771 264.674713 231.931107
v -989.152771 236.503098 231.931107
v -960.570374 233.688004 231.931107
v -989.152771 218.248306 231.931107
v -961.328918 218.248306 231.931107
v -803.807922 404.452911 170.312897
v -831.096802 402.215607 170.312897
v -831.969177 408.096405 170.312897
v -803.807922 410.405304 170.312897
v -868.465576 398.954590 170.312897
v -866.462830 393.356903 170.312897
v -902.477295 382.868286 170.312897
v -899.420898 377.769012 170.312897
v -932.697327 360.455688 170.312897
v -928.704590 356.050598 170.312897
v -957.963989 332.578186 170.312897
v -953.188721 329.036713 170.312897
v -977.306580 300.307007 170.312897
v -971.932129 297.765106 170.312897
v -983.417603 282.498413 170.680298
v -983.417603 265.021301 170.668106
v -803.807922 410.405304 170.312897
v -831.969177 408.096405 170.312897
v -831.969177 408.096497 231.931107
v -803.807922 410.405304 231.931107
v -868.465576 398.954590 231.931107
v -868.465576 398.954590 170.312897
v -902.477295 382.868286 231.931107
v -902.477295 382.868286 170.312897
v -932.697327 360.455688 231.931107
v -932.697327 360.455688 170.312897
v -957.963989 332.578186 231.931107
v -957.963989 332.578186 170.312897
v -977.306580 300.307007 231.931107
v -977.306580 300.307007 170.312897
v -984.496277 279.620697 171.727798
v -983.417603 282.498413 170.680298
v -989.152771 267.199188 231.931107
v -989.152771 267.199188 176.249100
v -647.045410 233.687897 178.777695
v -627.544373 235.608597 178.777695
v -626.691711 218.248093 178.777695
v -646.286926 218.248093 178.777695
v -632.206482 261.232086 178.777695
v -651.191711 256.476501 178.777695
v -643.889526 293.883911 178.777695
v -661.581970 285.515900 178.777695
v -661.718018 323.629089 178.777695
v -677.438171 311.970306 178.777695
v -685.007080 349.324585 178.777695
v -698.150574 334.822906 178.777695
v -712.861572 369.982910 178.777695
v -722.923279 353.195709 178.777695
v -744.210876 384.810089 178.777695
v -750.804382 366.382507 178.777695
v -777.850708 393.236511 178.777695
v -780.722473 373.876587 178.777695
v -803.807922 375.769196 178.777695
v -803.807922 395.364502 178.777695
v -780.722473 373.876587 178.777695
v -780.722473 373.876587 231.931107
v -803.807922 375.769196 231.931107
v -803.807922 375.769196 178.777695
v -750.804382 366.382507 231.931107
v -750.804382 366.382507 178.777695
v -722.923279 353.195709 231.931107
v -722.923279 353.195709 178.777695
v -698.150574 334.822906 231.931107
v -698.150574 334.822906 178.777695
v -677.438171 311.970306 231.931107
v -677.438171 311.970306 178.777695
v -661.581970 285.515900 231.931107
v -661.581970 285.515900 178.777695
v -651.191711 256.476501 231.931107
v -651.191711 256.476501 178.777695
v -647.045410 233.687897 231.931107
v -647.045410 233.687897 178.777695
v -646.286926 218.248093 231.931107
v -646.286926 218.248093 178.777695
v -803.807922 375.769196 231.931107
v -780.722473 373.876587 231.931107
v -775.646484 408.096497 231.931107
v -803.807922 410.405304 231.931107
v -739.150024 398.954590 231.931107
v -750.804382 366.382507 231.931107
v -705.138428 382.868195 231.931107
v -722.923279 353.195709 231.931107
v -674.918518 360.455597 231.931107
v -698.150574 334.822906 231.931107
v -649.651917 332.578094 231.931107
v -677.438171 311.970306 231.931107
v -630.309204 300.306885 231.931107
v -661.581970 285.515900 231.931107
v -619.990723 267.050995 233.326401
v -651.191711 256.476501 231.931107
v -619.990723 264.526611 233.326401
v -619.990723 236.354996 233.326401
v -647.045410 233.687897 231.931107
v -619.990723 218.100098 233.326401
v -646.286926 218.248093 231.931107
v -775.646484 408.096497 170.312897
v -776.518799 402.215607 170.312897
v -803.807922 404.452911 170.312897
v -803.807922 410.405304 170.312897
v -741.152771 393.356903 170.312897
v -739.150024 398.954590 170.312897
v -708.194824 377.768799 170.312897
v -705.138428 382.868195 170.312897
v -678.911072 356.050507 170.312897
v -674.918518 360.455597 170.312897
v -654.427002 329.036499 170.312897
v -649.651917 332.578094 170.312897
v -635.683594 297.765015 170.312897
v -630.309204 300.306885 170.312897
v -623.401123 263.437714 170.312897
v -619.990723 267.050995 171.708206
v -619.990723 264.526611 171.708206
v -619.990723 236.352600 171.708206
v -775.646484 408.096497 231.931107
v -775.646484 408.096497 170.312897
v -803.807922 410.405304 170.312897
v -803.807922 410.405304 231.931107
v -739.150024 398.954590 170.312897
v -739.150024 398.954590 231.931107
v -705.138428 382.868195 170.312897
v -705.138428 382.868195 231.931107
v -674.918518 360.455597 170.312897
v -674.918518 360.455597 231.931107
v -649.651917 332.578094 170.312897
v -649.651917 332.578094 231.931107
v -630.309204 300.306885 170.312897
v -630.309204 300.306885 231.931107
v -619.990723 267.050995 171.708206
v -619.990723 267.050995 233.326401
v -980.071289 235.608704 178.777695
v -983.747681 235.969803 175.350998
v -983.533691 255.919998 172.200394
v -983.391113 218.248306 176.480103
v -980.924194 218.248306 178.777695
v -975.409302 261.232208 178.777695
v -983.441895 263.117188 170.988693
v -963.726318 293.884003 178.777695
v -983.417603 265.021301 170.668106
v -971.932129 297.765106 170.312897
v -945.897705 323.629211 178.777695
v -953.188721 329.036713 170.312897
v -922.608582 349.324707 178.777695
v -928.704590 356.050598 170.312897
v -894.754211 369.983002 178.777695
v -899.420898 377.769012 170.312897
v -863.404480 384.810089 178.777695
v -866.462830 393.356903 170.312897
v -829.764893 393.236511 178.777695
v -831.096802 402.215607 170.312897
v -803.807922 395.364502 178.777695
v -803.807922 404.452911 170.312897
v -685.007080 349.324585 178.777695
v -712.861572 369.982910 178.777695
v -708.194824 377.768799 170.312897
v -678.911072 356.050507 170.312897
v -741.152771 393.356903 170.312897
v -661.718018 323.629089 178.777695
v -744.210876 384.810089 178.777695
v -654.427002 329.036499 170.312897
v -776.518799 402.215607 170.312897
v -643.889526 293.883911 178.777695
v -777.850708 393.236511 178.777695
v -803.807922 404.452911 170.312897
v -803.807922 395.364502 178.777695
v -635.683594 297.765015 170.312897
v -632.206482 261.232086 178.777695
v -623.401123 263.437714 170.312897
v -619.990723 236.352600 171.708206
v -627.544373 235.608597 178.777695
v -619.990723 218.248093 172.536606
v -626.691711 218.248093 178.777695
v -1041.229004 311.187988 106.402100
v -1041.229004 324.511993 91.701302
v -994.639587 324.511993 91.701302
v -994.639587 311.187988 106.402100
v -994.639587 336.330902 75.765404
v -1041.229004 296.487213 119.726097
v -1041.229004 336.330902 75.765404
v -994.639587 296.487213 119.726097
v -994.639587 346.530914 58.747700
v -1041.229004 280.551208 131.544998
v -1041.229004 346.530914 58.747700
v -994.639587 280.551208 131.544998
v -994.639587 355.013794 40.812099
v -1041.229004 263.697906 141.025497
v -1041.229004 355.013794 40.812099
v -994.639587 263.697906 141.025497
v -994.639587 361.697815 22.131500
v -1041.229004 244.923599 146.743607
v -1041.229004 361.697815 22.131500
v -994.639587 244.923599 146.743607
v -994.639587 366.518707 2.885700
v -1041.229004 226.306396 149.783600
v -1041.229004 366.518707 2.885700
v -994.639587 226.306396 149.783600
v -994.639587 369.429901 -16.740000
v -1041.229004 215.233902 150.303101
v -1041.229004 369.429901 -16.740000
v -994.639587 370.381287 -36.105701
v -1041.229004 370.381287 -36.105701
v -994.639587 215.233902 150.303101
v -1041.229004 211.543106 150.476303
v -994.639587 211.543106 150.476303
v -1041.229004 335.995087 131.209305
v -1041.229004 351.631195 113.957497
v -1041.229004 324.511993 91.701302
v -1041.229004 311.187988 106.402100
v -1041.229004 336.330902 75.765404
v -1041.229004 318.743286 146.845306
v -1041.229004 365.501007 95.256203
v -1041.229004 296.487213 119.726097
v -1041.229004 346.530914 58.747700
v -1041.229004 300.041992 160.715103
v -1041.229004 377.471008 75.285500
v -1041.229004 280.551208 131.544998
v -1041.229004 355.013794 40.812099
v -1041.229004 280.235687 171.965607
v -1041.229004 387.425903 54.237701
v -1041.229004 263.697906 141.025497
v -1041.229004 361.697815 22.131500
v -1041.229004 258.349091 179.155701
v -1041.229004 395.269806 32.315498
v -1041.229004 244.923599 146.743607
v -1041.229004 366.518707 2.885700
v -1041.229004 236.490402 183.355499
v -1041.229004 400.927185 9.730000
v -1041.229004 226.306396 149.783600
v -1041.229004 369.429901 -16.740000
v -1041.229004 217.779907 184.502502
v -1041.229004 404.343506 -13.301300
v -1041.229004 370.381287 -36.105701
v -1041.229004 405.463806 -36.105701
v -1041.229004 215.233902 150.303101
v -1041.229004 211.543106 150.476303
v -1041.229004 211.543106 184.884796
v -983.417603 331.731903 126.945999
v -983.417603 346.970612 110.132698
v -983.417603 351.631195 113.957497
v -983.417603 335.995087 131.209305
v -983.417603 365.501007 95.256203
v -983.417603 314.918488 142.184799
v -983.417603 360.488007 91.906601
v -983.417603 318.743286 146.845306
v -983.417603 377.471008 75.285500
v -983.417603 296.692413 155.702103
v -983.417603 372.153809 72.443398
v -983.417603 300.041992 160.715103
v -983.417603 387.425903 54.237701
v -983.417603 282.498413 170.680298
v -983.417603 277.393585 166.648407
v -983.417603 265.021301 170.668106
v -983.417603 381.855713 51.930401
v -983.417480 395.269806 32.315498
v -983.417480 389.500305 30.565300
v -983.417480 400.927185 9.730000
v -983.417480 395.013885 8.553800
v -983.417480 404.343506 -13.301300
v -983.417480 398.343414 -13.892200
v -983.417480 405.463806 -36.105701
v -983.417480 399.434692 -36.105701
v -983.417603 335.995087 131.209305
v -983.417603 351.631195 113.957497
v -1041.229004 351.631195 113.957497
v -1041.229004 335.995087 131.209305
v -1041.229004 365.501007 95.256203
v -983.417603 318.743286 146.845306
v -983.417603 365.501007 95.256203
v -1041.229004 318.743286 146.845306
v -1041.229004 377.471008 75.285500
v -983.417603 300.041992 160.715103
v -983.417603 377.471008 75.285500
v -1041.229004 387.425903 54.237701
v -983.417603 387.425903 54.237701
v -1041.229004 395.269806 32.315498
v -983.417480 395.269806 32.315498
v -1041.229004 400.927185 9.730000
v -983.417480 400.927185 9.730000
v -1041.229004 404.343506 -13.301300
v -983.417480 404.343506 -13.301300
v -1041.229004 405.463806 -36.105701
v -983.417480 405.463806 -36.105701
v -1041.229004 300.041992 160.715103
v -984.496277 279.620697 171.727798
v -983.417603 282.498413 170.680298
v -1041.229004 280.235687 171.965607
v -989.152771 267.199188 176.249100
v -1041.229004 258.349091 179.155701
v -992.398804 258.349091 179.155701
v -1041.229004 236.490402 183.355499
v -983.417603 236.490402 183.355499
v -983.417603 217.779907 184.502502
v -1041.229004 217.779907 184.502502
v -983.417603 211.543106 184.884796
v -1041.229004 211.543106 184.884796
v -994.639587 325.222504 120.436699
v -994.639587 309.078613 135.068802
v -994.639587 296.487213 119.726097
v -994.639587 311.187988 106.402100
v -994.639587 280.551208 131.544998
v -994.639587 339.854614 104.292702
v -994.639587 291.578094 148.047897
v -994.639587 324.511993 91.701302
v -994.639587 273.054108 158.529800
v -994.639587 352.833801 86.792297
v -994.639587 263.697906 141.025497
v -994.639587 336.330902 75.765404
v -994.639587 252.518997 165.080704
v -994.639587 364.035187 68.103897
v -994.639587 244.923599 146.743607
v -994.639587 346.530914 58.747700
v -994.639587 232.067993 168.776794
v -994.639587 373.350891 48.407600
v -994.639587 226.306396 149.783600
v -994.639587 355.013794 40.812099
v -994.639587 380.691101 27.893101
v -994.639587 361.697815 22.131500
v -994.639587 216.674301 169.651306
v -994.639587 385.985199 6.757800
v -994.639587 215.233902 150.303101
v -994.639587 211.543106 150.476303
v -994.639587 211.543106 169.942795
v -994.639587 366.518707 2.885700
v -994.639587 389.182190 -14.794500
v -994.639587 369.429901 -16.740000
v -994.639587 370.381287 -36.105701
v -994.639587 390.229187 -36.105701
v -993.060974 325.222504 120.436699
v -993.060974 309.078613 135.068802
v -994.639587 309.078613 135.068802
v -994.639587 325.222504 120.436699
v -994.639587 291.578094 148.047897
v -993.060974 339.854614 104.292702
v -993.060974 291.578094 148.047897
v -994.639587 339.854614 104.292702
v -994.639587 273.054108 158.529800
v -993.060974 352.833801 86.792297
v -993.060974 273.054108 158.529907
v -994.639587 352.833801 86.792297
v -994.639587 252.518997 165.080704
v -993.060974 364.035187 68.103897
v -993.060974 252.518997 165.080704
v -994.639587 364.035187 68.103897
v -994.639587 232.067993 168.776794
v -993.060974 373.350891 48.407600
v -993.060974 232.067993 168.776794
v -994.639587 373.350891 48.407600
v -994.639587 216.674301 169.651306
v -993.060974 380.691101 27.893101
v -993.060974 216.674301 169.651306
v -994.639587 211.543106 169.942795
v -993.060974 211.543106 169.942795
v -994.639587 380.691101 27.893101
v -993.060974 385.985199 6.757800
v -994.639587 385.985199 6.757800
v -993.060974 389.182190 -14.794500
v -994.639587 389.182190 -14.794500
v -994.639587 390.229187 -36.105701
v -993.060974 390.229187 -36.105701
v -983.417603 331.731903 126.945999
v -983.417603 314.918488 142.184799
v -993.060974 309.078613 135.068802
v -993.060974 325.222504 120.436699
v -993.060974 291.578094 148.047897
v -983.417603 346.970612 110.132698
v -983.417603 296.692413 155.702103
v -993.060974 339.854614 104.292702
v -983.417603 360.488007 91.906601
v -993.060974 352.833801 86.792297
v -983.417603 277.393585 166.648407
v -983.417603 372.153809 72.443398
v -993.060974 364.035187 68.103897
v -983.417603 381.855713 51.930401
v -993.060974 373.350891 48.407600
v -983.417480 389.500305 30.565300
v -993.060974 380.691101 27.893101
v -983.417480 395.013885 8.553800
v -993.060974 385.985199 6.757800
v -983.417480 398.343414 -13.892200
v -993.060974 389.182190 -14.794500
v -993.060974 390.229187 -36.105701
v -983.417480 399.434692 -36.105701
v -993.060974 273.054108 158.529907
v -983.441895 263.117188 170.988693
v -983.417603 265.021301 170.668106
v -993.060974 252.518997 165.080704
v -983.533691 255.919998 172.200394
v -983.747681 235.969803 175.350998
v -993.060974 232.067993 168.776794
v -983.391113 218.248306 176.480103
v -993.060974 216.674301 169.651306
v -983.417603 211.543106 176.607498
v -993.060974 211.543106 169.942795
v 93.865402 233.540100 180.173004
v 113.366203 235.460800 180.173004
v 114.219101 218.100296 180.173004
v 94.623802 218.100296 180.173004
v 108.704201 261.084198 180.173004
v 89.719101 256.328705 180.173004
v 79.328598 285.368103 180.173004
v 97.021202 293.736115 180.173004
v 63.472401 311.822388 180.173004
v 79.192596 323.481293 180.173004
v 42.759998 334.675110 180.173004
v 55.903599 349.176788 180.173004
v 17.987200 353.047913 180.173004
v 28.049101 369.835114 180.173004
v -9.893900 366.234589 180.173004
v -3.300400 384.662201 180.173004
v -39.812000 373.728699 180.173004
v -36.940201 393.088593 180.173004
v -62.897301 375.621307 180.173004
v -62.897301 395.216614 180.173004
v -39.812000 373.728699 180.173004
v -39.812000 373.728699 233.326401
v -62.897301 375.621307 233.326401
v -62.897301 375.621307 180.173004
v -9.893900 366.234589 180.173004
v -9.893900 366.234589 233.326401
v 17.987200 353.047913 180.173004
v 17.987200 353.047913 233.326401
v 42.759998 334.675110 180.173004
v 42.759998 334.675110 233.326401
v 63.472401 311.822388 180.173004
v 63.472401 311.822388 233.326401
v 79.328598 285.368103 180.173004
v 79.328598 285.368103 233.326401
v 89.719101 256.328705 180.173004
v 89.719101 256.328705 233.326401
v 93.865402 233.540100 180.173004
v 93.865402 233.540100 233.326401
v 94.623802 218.100296 180.173004
v 94.623802 218.100296 233.326401
v -62.897301 375.621307 233.326401
v -39.812000 373.728699 233.326401
v -34.735901 407.948608 233.326401
v -62.897202 410.257385 233.326401
v -9.893900 366.234589 233.326401
v 1.760600 398.806702 233.326401
v 17.987200 353.047913 233.326401
v 35.772202 382.720398 233.326401
v 42.759998 334.675110 233.326401
v 65.992104 360.307800 233.326401
v 63.472401 311.822388 233.326401
v 91.258904 332.430298 233.326401
v 79.328598 285.368103 233.326401
v 110.601501 300.159088 233.326401
v 89.719101 256.328705 233.326401
v 122.447601 267.051300 233.326401
v 122.447601 264.526794 233.326401
v 122.447701 236.355194 233.326401
v 93.865402 233.540100 233.326401
v 122.447701 218.100296 233.326401
v 94.623802 218.100296 233.326401
v -34.735901 407.948486 171.708206
v -35.608299 402.067688 171.708206
v -62.897202 404.304993 171.708206
v -62.897202 410.257385 171.708206
v 1.760600 398.806702 171.708206
v -0.242300 393.209015 171.708206
v 35.772202 382.720398 171.708206
v 32.715801 377.621002 171.708206
v 65.992104 360.307800 171.708206
v 61.999599 355.902710 171.708206
v 91.258904 332.430298 171.708206
v 86.483597 328.888702 171.708206
v 110.601501 300.159088 171.708206
v 105.227097 297.617188 171.708206
v 122.447601 267.051300 171.708206
v 117.509598 263.289886 171.708206
v 122.447601 264.526794 171.708206
v 122.447701 236.352798 171.708206
v -34.735901 407.948608 233.326401
v -34.735901 407.948486 171.708206
v -62.897202 410.257385 171.708206
v -62.897202 410.257385 233.326401
v 1.760600 398.806702 233.326401
v 1.760600 398.806702 171.708206
v 35.772202 382.720398 233.326401
v 35.772202 382.720398 171.708206
v 65.992104 360.307800 233.326401
v 65.992104 360.307800 171.708206
v 91.258904 332.430298 233.326401
v 91.258904 332.430298 171.708206
v 110.601501 300.159088 233.326401
v 110.601501 300.159088 171.708206
v 122.447601 267.051300 233.326401
v 122.447601 267.051300 171.708206
v -240.013504 218.100204 180.173004
v -239.160599 235.460693 180.173004
v -219.659698 233.539993 180.173004
v -220.418198 218.100204 180.173004
v -234.498703 261.084198 180.173004
v -215.513397 256.328613 180.173004
v -222.815598 293.735992 180.173004
v -205.123001 285.368011 180.173004
v -204.987000 323.481201 180.173004
v -189.266800 311.822388 180.173004
v -181.697998 349.176697 180.173004
v -168.554398 334.674988 180.173004
v -153.843506 369.834991 180.173004
v -143.781693 353.047791 180.173004
v -122.494102 384.662201 180.173004
v -115.900597 366.234589 180.173004
v -88.854401 393.088501 180.173004
v -85.982498 373.728699 180.173004
v -62.897301 375.621307 180.173004
v -62.897301 395.216614 180.173004
v -62.897301 375.621307 233.326401
v -85.982498 373.728699 233.326401
v -85.982498 373.728699 180.173004
v -62.897301 375.621307 180.173004
v -115.900597 366.234589 233.326401
v -115.900597 366.234589 180.173004
v -143.781693 353.047791 233.326401
v -143.781693 353.047791 180.173004
v -168.554398 334.674988 233.326401
v -168.554398 334.674988 180.173004
v -189.266800 311.822388 233.326401
v -189.266800 311.822388 180.173004
v -205.123001 285.368011 233.326401
v -205.123001 285.368011 180.173004
v -215.513397 256.328613 233.326401
v -215.513397 256.328613 180.173004
v -219.659698 233.539993 233.326401
v -219.659698 233.539993 180.173004
v -220.418198 218.100204 233.326401
v -220.418198 218.100204 180.173004
v -62.897301 375.621307 233.326401
v -62.897202 410.257385 233.326401
v -91.058601 407.948608 233.326401
v -85.982498 373.728699 233.326401
v -127.555099 398.806702 233.326401
v -115.900597 366.234589 233.326401
v -161.566696 382.720306 233.326401
v -143.781693 353.047791 233.326401
v -191.786606 360.307709 233.326401
v -168.554398 334.674988 233.326401
v -217.053299 332.430206 233.326401
v -189.266800 311.822388 233.326401
v -236.395905 300.158997 233.326401
v -205.123001 285.368011 233.326401
v -248.771500 265.571411 233.326401
v -215.513397 256.328613 233.326401
v -248.771500 264.659302 233.326401
v -248.771500 236.407303 233.326401
v -219.659698 233.539993 233.326401
v -248.771500 218.100204 233.326401
v -220.418198 218.100204 233.326401
v -62.897202 404.304993 171.708206
v -90.186302 402.067688 171.708206
v -91.058601 407.948608 171.708206
v -62.897202 410.257385 171.708206
v -125.552200 393.209015 171.708206
v -127.555099 398.806702 171.708206
v -158.510300 377.620911 171.708206
v -161.566696 382.720306 171.708206
v -187.794098 355.902588 171.708206
v -191.786606 360.307709 171.708206
v -212.278107 328.888611 171.708206
v -217.053299 332.430206 171.708206
v -231.021500 297.617096 171.708206
v -236.395905 300.158997 171.708206
v -243.304001 263.289795 171.708206
v -248.771500 265.571411 171.708206
v -248.771500 264.659302 171.708206
v -248.771500 236.370102 171.708206
v -62.897202 410.257385 171.708206
v -91.058601 407.948608 171.708206
v -91.058601 407.948608 233.326401
v -62.897202 410.257385 233.326401
v -127.555099 398.806702 171.708206
v -127.555099 398.806702 233.326401
v -161.566696 382.720306 171.708206
v -161.566696 382.720306 233.326401
v -191.786606 360.307709 171.708206
v -191.786606 360.307709 233.326401
v -217.053299 332.430206 171.708206
v -217.053299 332.430206 233.326401
v -236.395905 300.158997 171.708206
v -236.395905 300.158997 233.326401
v -248.771500 265.571411 171.708206
v -248.771500 265.571411 233.326401
v 113.366203 235.460800 180.173004
v 108.704201 261.084198 180.173004
v 117.509598 263.289886 171.708206
v 97.021202 293.736115 180.173004
v 122.447701 236.352798 171.708206
v 122.447701 218.100296 172.509003
v 114.219101 218.100296 180.173004
v 105.227097 297.617188 171.708206
v 79.192596 323.481293 180.173004
v 86.483597 328.888702 171.708206
v 55.903599 349.176788 180.173004
v 61.999599 355.902710 171.708206
v 28.049101 369.835114 180.173004
v 32.715801 377.621002 171.708206
v -3.300400 384.662201 180.173004
v -0.242300 393.209015 171.708206
v -36.940201 393.088593 180.173004
v -35.608299 402.067688 171.708206
v -62.897301 395.216614 180.173004
v -62.897202 404.304993 171.708206
v -243.304001 263.289795 171.708206
v -234.498703 261.084198 180.173004
v -239.160599 235.460693 180.173004
v -231.021500 297.617096 171.708206
v -248.771500 236.370102 171.708206
v -222.815598 293.735992 180.173004
v -248.771500 218.100204 172.015900
v -240.013504 218.100204 180.173004
v -212.278107 328.888611 171.708206
v -204.987000 323.481201 180.173004
v -187.794098 355.902588 171.708206
v -181.697998 349.176697 180.173004
v -158.510300 377.620911 171.708206
v -153.843506 369.834991 180.173004
v -125.552200 393.209015 171.708206
v -122.494102 384.662201 180.173004
v -90.186302 402.067688 171.708206
v -88.854401 393.088501 180.173004
v -62.897202 404.304993 171.708206
v -62.897301 395.216614 180.173004
v -611.762207 218.100098 180.173004
v -610.909302 235.460495 180.173004
v -591.408386 233.539902 180.173004
v -592.166870 218.100098 180.173004
v -606.247314 261.084015 180.173004
v -587.262207 256.328491 180.173004
v -576.871704 285.367889 180.173004
v -594.564209 293.735901 180.173004
v -561.015503 311.822296 180.173004
v -576.735596 323.481110 180.173004
v -540.303101 334.674896 180.173004
v -553.446716 349.176605 180.173004
v -515.530273 353.047699 180.173004
v -525.592285 369.834900 180.173004
v -487.649200 366.234497 180.173004
v -494.242706 384.662109 180.173004
v -457.731201 373.728607 180.173004
v -460.602997 393.088409 180.173004
v -434.645905 375.621185 180.173004
v -434.645905 395.216492 180.173004
v -434.645905 375.621185 233.326401
v -457.731201 373.728607 233.326401
v -457.731201 373.728607 180.173004
v -434.645905 375.621185 180.173004
v -487.649200 366.234497 180.173004
v -487.649200 366.234497 233.326401
v -515.530273 353.047699 180.173004
v -515.530273 353.047699 233.326401
v -540.303101 334.674896 180.173004
v -540.303101 334.674896 233.326401
v -561.015503 311.822296 180.173004
v -561.015503 311.822296 233.326401
v -576.871704 285.367889 180.173004
v -576.871704 285.367889 233.326401
v -587.262207 256.328491 180.173004
v -587.262207 256.328491 233.326401
v -591.408386 233.539902 180.173004
v -591.408386 233.539902 233.326401
v -592.166870 218.100098 180.173004
v -592.166870 218.100098 233.326401
v -434.645905 375.621185 233.326401
v -434.645905 410.257294 233.326401
v -462.807312 407.948486 233.326401
v -457.731201 373.728607 233.326401
v -487.649200 366.234497 233.326401
v -499.303711 398.806610 233.326401
v -515.530273 353.047699 233.326401
v -533.315430 382.720215 233.326401
v -540.303101 334.674896 233.326401
v -563.535400 360.307587 233.326401
v -561.015503 311.822296 233.326401
v -588.802002 332.430115 233.326401
v -576.871704 285.367889 233.326401
v -608.144470 300.158905 233.326401
v -587.262207 256.328491 233.326401
v -619.990723 267.050995 233.326401
v -619.990723 264.526611 233.326401
v -619.990723 236.354996 233.326401
v -591.408386 233.539902 233.326401
v -619.990723 218.100098 233.326401
v -592.166870 218.100098 233.326401
v -434.645996 404.304901 171.708206
v -461.934906 402.067596 171.708206
v -462.807312 407.948395 171.708206
v -434.645996 410.257294 171.708206
v -499.303711 398.806488 171.708206
v -497.300812 393.208893 171.708206
v -533.315430 382.720215 171.708206
v -530.258911 377.620789 171.708206
v -563.535400 360.307587 171.708206
v -559.542725 355.902496 171.708206
v -588.802002 332.430115 171.708206
v -584.026672 328.888489 171.708206
v -608.144470 300.158905 171.708206
v -602.770081 297.617004 171.708206
v -619.990723 267.050995 171.708206
v -615.052673 263.289612 171.708206
v -619.990723 264.526611 171.708206
v -619.990723 236.352600 171.708206
v -434.645996 410.257294 171.708206
v -462.807312 407.948395 171.708206
v -462.807312 407.948486 233.326401
v -434.645905 410.257294 233.326401
v -499.303711 398.806610 233.326401
v -499.303711 398.806488 171.708206
v -533.315430 382.720215 233.326401
v -533.315430 382.720215 171.708206
v -563.535400 360.307587 233.326401
v -563.535400 360.307587 171.708206
v -588.802002 332.430115 233.326401
v -588.802002 332.430115 171.708206
v -608.144470 300.158905 233.326401
v -608.144470 300.158905 171.708206
v -619.990723 267.050995 233.326401
v -619.990723 267.050995 171.708206
v -277.883301 233.539993 180.173004
v -258.382385 235.460693 180.173004
v -257.529510 218.100204 180.173004
v -277.124786 218.100204 180.173004
v -263.044403 261.084106 180.173004
v -282.029510 256.328613 180.173004
v -274.727509 293.735992 180.173004
v -292.420013 285.368011 180.173004
v -292.556213 323.481201 180.173004
v -308.276215 311.822296 180.173004
v -315.845093 349.176605 180.173004
v -328.988586 334.674988 180.173004
v -343.699585 369.834900 180.173004
v -353.761505 353.047699 180.173004
v -375.049103 384.662109 180.173004
v -381.642609 366.234497 180.173004
v -408.688690 393.088409 180.173004
v -411.560486 373.728607 180.173004
v -434.645905 375.621185 180.173004
v -434.645905 395.216492 180.173004
v -411.560486 373.728607 180.173004
v -411.560486 373.728607 233.326401
v -434.645905 375.621185 233.326401
v -434.645905 375.621185 180.173004
v -381.642609 366.234497 233.326401
v -381.642609 366.234497 180.173004
v -353.761505 353.047699 233.326401
v -353.761505 353.047699 180.173004
v -328.988586 334.674988 233.326401
v -328.988586 334.674988 180.173004
v -308.276215 311.822296 233.326401
v -308.276215 311.822296 180.173004
v -292.420013 285.368011 233.326401
v -292.420013 285.368011 180.173004
v -282.029510 256.328613 233.326401
v -282.029510 256.328613 180.173004
v -277.883301 233.539993 233.326401
v -277.883301 233.539993 180.173004
v -277.124908 218.100204 233.326401
v -277.124786 218.100204 180.173004
v -434.645905 375.621185 233.326401
v -411.560486 373.728607 233.326401
v -406.484589 407.948486 233.326401
v -434.645905 410.257294 233.326401
v -381.642609 366.234497 233.326401
v -369.988190 398.806610 233.326401
v -353.761505 353.047699 233.326401
v -335.976410 382.720306 233.326401
v -328.988586 334.674988 233.326401
v -305.756500 360.307709 233.326401
v -308.276215 311.822296 233.326401
v -280.489685 332.430206 233.326401
v -292.420013 285.368011 233.326401
v -261.147186 300.158997 233.326401
v -282.029510 256.328613 233.326401
v -248.771500 265.571411 233.326401
v -248.771500 264.659302 233.326401
v -248.771500 236.407303 233.326401
v -277.883301 233.539993 233.326401
v -248.771500 218.100204 233.326401
v -277.124908 218.100204 233.326401
v -406.484589 407.948486 171.708206
v -407.356903 402.067596 171.708206
v -434.645996 404.304901 171.708206
v -434.645996 410.257294 171.708206
v -371.990997 393.208893 171.708206
v -369.988190 398.806610 171.708206
v -339.032806 377.620911 171.708206
v -335.976410 382.720306 171.708206
v -309.748993 355.902588 171.708206
v -305.756500 360.307709 171.708206
v -285.265015 328.888611 171.708206
v -280.489685 332.430115 171.708206
v -266.521515 297.617096 171.708206
v -261.147186 300.158997 171.708206
v -254.239105 263.289795 171.708206
v -248.771500 265.571411 171.708206
v -248.771500 264.659302 171.708206
v -248.771500 236.370102 171.708206
v -406.484589 407.948486 233.326401
v -406.484589 407.948486 171.708206
v -434.645996 410.257294 171.708206
v -434.645905 410.257294 233.326401
v -369.988190 398.806610 171.708206
v -369.988190 398.806610 233.326401
v -335.976410 382.720306 171.708206
v -335.976410 382.720306 233.326401
v -305.756500 360.307709 171.708206
v -305.756500 360.307709 233.326401
v -280.489685 332.430115 171.708206
v -280.489685 332.430206 233.326401
v -261.147186 300.158997 171.708206
v -261.147186 300.158997 233.326401
v -248.771500 265.571411 171.708206
v -248.771500 265.571411 233.326401
v -610.909302 235.460495 180.173004
v -619.990723 236.352600 171.708206
v -615.052673 263.289612 171.708206
v -619.990723 218.248093 172.536606
v -611.762207 218.100098 180.173004
v -606.247314 261.084015 180.173004
v -594.564209 293.735901 180.173004
v -602.770081 297.617004 171.708206
v -576.735596 323.481110 180.173004
v -584.026672 328.888489 171.708206
v -553.446716 349.176605 180.173004
v -559.542725 355.902496 171.708206
v -525.592285 369.834900 180.173004
v -530.258911 377.620789 171.708206
v -494.242706 384.662109 180.173004
v -497.300812 393.208893 171.708206
v -460.602997 393.088409 180.173004
v -461.934906 402.067596 171.708206
v -434.645905 395.216492 180.173004
v -434.645996 404.304901 171.708206
v -258.382385 235.460693 180.173004
v -263.044403 261.084106 180.173004
v -254.239105 263.289795 171.708206
v -248.771500 236.370102 171.708206
v -248.771500 218.100204 172.015900
v -257.529510 218.100204 180.173004
v -266.521515 297.617096 171.708206
v -274.727509 293.735992 180.173004
v -285.265015 328.888611 171.708206
v -292.556213 323.481201 180.173004
v -309.748993 355.902588 171.708206
v -315.845093 349.176605 180.173004
v -339.032806 377.620911 171.708206
v -343.699585 369.834900 180.173004
v -371.990997 393.208893 171.708206
v -375.049103 384.662109 180.173004
v -407.356903 402.067596 171.708206
v -408.688690 393.088409 180.173004
v -434.645996 404.304901 171.708206
v -434.645905 395.216492 180.173004
v 130.676300 218.100296 180.173004
v 131.529099 235.460800 180.173004
v 151.029999 233.540100 180.173004
v 150.271500 218.100296 180.173004
v 136.191193 261.084290 180.173004
v 155.176300 256.328705 180.173004
v 165.566696 285.368195 180.173004
v 147.874100 293.736115 180.173004
v 181.422897 311.822510 180.173004
v 165.702805 323.481293 180.173004
v 202.135300 334.675201 180.173004
v 188.991699 349.176788 180.173004
v 226.908096 353.047913 180.173004
v 216.846207 369.835114 180.173004
v 254.789200 366.234711 180.173004
v 248.195694 384.662292 180.173004
v 284.707214 373.728790 180.173004
v 281.835388 393.088715 180.173004
v 307.792511 375.621399 180.173004
v 307.792511 395.216705 180.173004
v 307.792511 375.621399 233.326401
v 284.707214 373.728790 233.326401
v 284.707214 373.728790 180.173004
v 307.792511 375.621399 180.173004
v 254.789200 366.234711 180.173004
v 254.789200 366.234711 233.326401
v 226.908096 353.047913 180.173004
v 226.908096 353.047913 233.326401
v 202.135300 334.675201 180.173004
v 202.135300 334.675201 233.326401
v 181.422897 311.822510 180.173004
v 181.422897 311.822510 233.326401
v 165.566696 285.368195 180.173004
v 165.566696 285.368195 233.326401
v 155.176300 256.328705 180.173004
v 155.176300 256.328705 233.326401
v 151.029999 233.540100 180.173004
v 151.029999 233.540100 233.326401
v 150.271500 218.100296 180.173004
v 150.271500 218.100296 233.326401
v 307.792511 375.621399 233.326401
v 307.792511 410.257507 233.326401
v 279.631195 407.948700 233.326401
v 284.707214 373.728790 233.326401
v 254.789200 366.234711 233.326401
v 243.134705 398.806793 233.326401
v 226.908096 353.047913 233.326401
v 209.123001 382.720490 233.326401
v 202.135300 334.675201 233.326401
v 178.903107 360.307892 233.326401
v 181.422897 311.822510 233.326401
v 153.636398 332.430298 233.326401
v 165.566696 285.368195 233.326401
v 134.293793 300.159088 233.326401
v 155.176300 256.328705 233.326401
v 122.447601 267.051300 233.326401
v 122.447601 264.526794 233.326401
v 122.447701 236.355194 233.326401
v 151.029999 233.540100 233.326401
v 122.447701 218.100296 233.326401
v 150.271500 218.100296 233.326401
v 307.792511 404.305115 171.708206
v 280.503510 402.067810 171.708206
v 279.631104 407.948700 171.708206
v 307.792511 410.257507 171.708206
v 243.134705 398.806793 171.708206
v 245.137604 393.209106 171.708206
v 209.123001 382.720490 171.708206
v 212.179398 377.621094 171.708206
v 178.903107 360.307892 171.708206
v 182.895706 355.902710 171.708206
v 153.636398 332.430298 171.708206
v 158.411606 328.888702 171.708206
v 134.293793 300.159088 171.708206
v 139.668198 297.617188 171.708206
v 122.447601 267.051300 171.708206
v 127.385696 263.289886 171.708206
v 122.447601 264.526794 171.708206
v 122.447701 236.352798 171.708206
v 307.792511 410.257507 171.708206
v 279.631104 407.948700 171.708206
v 279.631195 407.948700 233.326401
v 307.792511 410.257507 233.326401
v 243.134705 398.806793 233.326401
v 243.134705 398.806793 171.708206
v 209.123001 382.720490 233.326401
v 209.123001 382.720490 171.708206
v 178.903107 360.307892 233.326401
v 178.903107 360.307892 171.708206
v 153.636398 332.430298 233.326401
v 153.636398 332.430298 171.708206
v 134.293793 300.159088 233.326401
v 134.293793 300.159088 171.708206
v 122.447601 267.051300 233.326401
v 122.447601 267.051300 171.708206
v 464.555115 233.540298 180.173004
v 484.056000 235.460907 180.173004
v 484.908905 218.100494 180.173004
v 465.313507 218.100494 180.173004
v 479.394012 261.084412 180.173004
v 460.408813 256.328888 180.173004
v 467.710907 293.736206 180.173004
v 450.018402 285.368286 180.173004
v 449.882294 323.481415 180.173004
v 434.162201 311.822601 180.173004
v 426.593292 349.176910 180.173004
v 413.449799 334.675201 180.173004
v 398.738800 369.835205 180.173004
v 388.676910 353.048004 180.173004
v 367.389313 384.662415 180.173004
v 360.795807 366.234802 180.173004
v 333.749603 393.088715 180.173004
v 330.877808 373.728790 180.173004
v 307.792511 375.621399 180.173004
v 307.792511 395.216705 180.173004
v 330.877808 373.728790 180.173004
v 330.877808 373.728790 233.326401
v 307.792511 375.621399 233.326401
v 307.792511 375.621399 180.173004
v 360.795807 366.234802 233.326401
v 360.795807 366.234802 180.173004
v 388.676910 353.048004 233.326401
v 388.676910 353.048004 180.173004
v 413.449799 334.675201 233.326401
v 413.449799 334.675201 180.173004
v 434.162201 311.822601 233.326401
v 434.162201 311.822601 180.173004
v 450.018402 285.368286 233.326401
v 450.018402 285.368286 180.173004
v 460.408813 256.328888 233.326401
v 460.408813 256.328888 180.173004
v 464.555115 233.540298 233.326401
v 464.555115 233.540298 180.173004
v 465.313507 218.100494 233.326401
v 465.313507 218.100494 180.173004
v 307.792511 375.621399 233.326401
v 330.877808 373.728790 233.326401
v 335.953796 407.948700 233.326401
v 307.792511 410.257507 233.326401
v 360.795807 366.234802 233.326401
v 372.450287 398.806793 233.326401
v 388.676910 353.048004 233.326401
v 406.462006 382.720490 233.326401
v 413.449799 334.675201 233.326401
v 436.681885 360.308014 233.326401
v 434.162201 311.822601 233.326401
v 461.948608 332.430389 233.326401
v 450.018402 285.368286 233.326401
v 481.291199 300.159302 233.326401
v 460.408813 256.328888 233.326401
v 491.609711 271.321014 233.326401
v 491.609711 264.144287 233.326401
v 491.609711 236.204895 233.326401
v 464.555115 233.540298 233.326401
v 491.609711 218.100494 233.326401
v 465.313507 218.100494 233.326401
v 335.953888 407.948700 171.708206
v 335.081512 402.067902 171.708206
v 307.792511 404.305115 171.708206
v 307.792511 410.257507 171.708206
v 370.447388 393.209198 171.708206
v 372.450287 398.806793 171.708206
v 403.405487 377.621185 171.708206
v 406.462006 382.720490 171.708206
v 432.689301 355.902802 171.708206
v 436.681885 360.308014 171.708206
v 457.173401 328.888885 171.708206
v 461.948608 332.430389 171.708206
v 475.916809 297.617310 171.708206
v 481.291199 300.159210 171.708206
v 488.199310 263.290100 171.708206
v 491.609711 271.321014 171.708206
v 491.609711 264.144287 171.708206
v 491.609711 236.204895 173.103500
v 335.953796 407.948700 233.326401
v 335.953888 407.948700 171.708206
v 307.792511 410.257507 171.708206
v 307.792511 410.257507 233.326401
v 372.450287 398.806793 171.708206
v 372.450287 398.806793 233.326401
v 406.462006 382.720490 171.708206
v 406.462006 382.720490 233.326401
v 436.681885 360.308014 171.708206
v 436.681885 360.308014 233.326401
v 461.948608 332.430389 171.708206
v 461.948608 332.430389 233.326401
v 481.291199 300.159210 171.708206
v 481.291199 300.159302 233.326401
v 491.609711 271.321014 171.708206
v 491.609711 271.321014 233.326401
v 131.529099 235.460800 180.173004
v 122.447701 236.352798 171.708206
v 127.385696 263.289886 171.708206
v 122.447701 218.100296 172.509003
v 130.676300 218.100296 180.173004
v 136.191193 261.084290 180.173004
v 147.874100 293.736115 180.173004
v 139.668198 297.617188 171.708206
v 165.702805 323.481293 180.173004
v 158.411606 328.888702 171.708206
v 188.991699 349.176788 180.173004
v 182.895706 355.902710 171.708206
v 216.846207 369.835114 180.173004
v 212.179398 377.621094 171.708206
v 248.195694 384.662292 180.173004
v 245.137604 393.209106 171.708206
v 281.835388 393.088715 180.173004
v 280.503510 402.067810 171.708206
v 307.792511 395.216705 180.173004
v 307.792511 404.305115 171.708206
v 426.593292 349.176910 180.173004
v 398.738800 369.835205 180.173004
v 403.405487 377.621185 171.708206
v 432.689301 355.902802 171.708206
v 370.447388 393.209198 171.708206
v 449.882294 323.481415 180.173004
v 367.389313 384.662415 180.173004
v 457.173401 328.888885 171.708206
v 335.081512 402.067902 171.708206
v 467.710907 293.736206 180.173004
v 333.749603 393.088715 180.173004
v 307.792511 404.305115 171.708206
v 307.792511 395.216705 180.173004
v 475.916809 297.617310 171.708206
v 479.394012 261.084412 180.173004
v 488.199310 263.290100 171.708206
v 491.609711 236.204895 173.103500
v 484.056000 235.460907 180.173004
v 491.609711 218.100494 173.931900
v 484.908905 218.100494 180.173004
v 832.189514 233.540405 180.173004
v 851.690430 235.461105 180.173004
v 852.543274 218.100601 180.173004
v 832.947876 218.100601 180.173004
v 847.028381 261.084595 180.173004
v 828.043213 256.329010 180.173004
v 817.652588 285.368408 180.173004
v 835.345276 293.736389 180.173004
v 801.796570 311.822815 180.173004
v 817.516724 323.481598 180.173004
v 781.084229 334.675415 180.173004
v 794.227600 349.177094 180.173004
v 756.311279 353.048187 180.173004
v 766.373108 369.835388 180.173004
v 728.430115 366.234894 180.173004
v 735.023621 384.662506 180.173004
v 698.512085 373.729004 180.173004
v 701.383911 393.088806 180.173004
v 675.426819 375.621613 180.173004
v 675.426819 395.216888 180.173004
v 698.512085 373.729004 180.173004
v 698.512085 373.729004 233.326401
v 675.426819 375.621613 233.326401
v 675.426819 375.621613 180.173004
v 728.430115 366.234894 180.173004
v 728.430115 366.234894 233.326401
v 756.311279 353.048187 180.173004
v 756.311279 353.048187 233.326401
v 781.084229 334.675415 180.173004
v 781.084229 334.675415 233.326401
v 801.796570 311.822815 180.173004
v 801.796570 311.822815 233.326401
v 817.652588 285.368408 180.173004
v 817.652588 285.368408 233.326401
v 828.043213 256.329010 180.173004
v 828.043213 256.329010 233.326401
v 832.189514 233.540405 180.173004
v 832.189514 233.540405 233.326401
v 832.947876 218.100601 180.173004
v 832.947876 218.100601 233.326401
v 675.426819 375.621613 233.326401
v 698.512085 373.729004 233.326401
v 703.588196 407.948914 233.326401
v 675.426819 410.257599 233.326401
v 728.430115 366.234894 233.326401
v 740.084717 398.807007 233.326401
v 756.311279 353.048187 233.326401
v 774.096313 382.720703 233.326401
v 781.084229 334.675415 233.326401
v 804.316223 360.308105 233.326401
v 801.796570 311.822815 233.326401
v 829.583130 332.430603 233.326401
v 817.652588 285.368408 233.326401
v 848.925598 300.159393 233.326401
v 828.043213 256.329010 233.326401
v 860.771790 267.051605 233.326401
v 860.771790 264.527100 233.326401
v 860.771790 236.355499 233.326401
v 832.189514 233.540405 233.326401
v 860.771790 218.100601 233.326401
v 832.947876 218.100601 233.326401
v 703.588196 407.948914 171.708206
v 702.715820 402.067993 171.708206
v 675.426880 404.305298 171.708206
v 675.426880 410.257599 171.708206
v 740.084717 398.807007 171.708206
v 738.081787 393.209290 171.708206
v 774.096313 382.720703 171.708206
v 771.039917 377.621307 171.708206
v 804.316223 360.308105 171.708206
v 800.323608 355.903015 171.708206
v 829.583130 332.430603 171.708206
v 824.807800 328.889008 171.708206
v 848.925598 300.159393 171.708206
v 843.551208 297.617493 171.708206
v 855.036682 282.350800 172.075607
v 855.036682 264.873688 172.063400
v 703.588196 407.948914 233.326401
v 703.588196 407.948914 171.708206
v 675.426880 410.257599 171.708206
v 675.426819 410.257599 233.326401
v 740.084717 398.807007 233.326401
v 740.084717 398.807007 171.708206
v 774.096313 382.720703 233.326401
v 774.096313 382.720703 171.708206
v 804.316223 360.308105 233.326401
v 804.316223 360.308105 171.708206
v 829.583130 332.430603 233.326401
v 829.583130 332.430603 171.708206
v 848.925598 300.159393 233.326401
v 848.925598 300.159393 171.708206
v 856.115295 279.473114 173.123093
v 855.036682 282.350800 172.075607
v 860.771790 267.051605 233.326401
v 860.771790 267.051605 177.644394
v 498.310608 218.100494 180.173004
v 499.163513 235.460999 180.173004
v 518.664429 233.540298 180.173004
v 517.905884 218.100494 180.173004
v 503.825500 261.084412 180.173004
v 522.810730 256.328888 180.173004
v 515.508484 293.736298 180.173004
v 533.201111 285.368286 180.173004
v 533.337097 323.481506 180.173004
v 549.057312 311.822693 180.173004
v 556.626221 349.176910 180.173004
v 569.769592 334.675293 180.173004
v 584.480530 369.835297 180.173004
v 594.542419 353.048096 180.173004
v 615.830017 384.662506 180.173004
v 622.423523 366.234894 180.173004
v 649.469727 393.088806 180.173004
v 652.341614 373.729004 180.173004
v 675.426819 375.621613 180.173004
v 675.426819 395.216888 180.173004
v 675.426819 375.621613 233.326401
v 652.341614 373.729004 233.326401
v 652.341614 373.729004 180.173004
v 675.426819 375.621613 180.173004
v 622.423523 366.234894 233.326401
v 622.423523 366.234894 180.173004
v 594.542419 353.048096 233.326401
v 594.542419 353.048096 180.173004
v 569.769592 334.675293 233.326401
v 569.769592 334.675293 180.173004
v 549.057312 311.822693 233.326401
v 549.057312 311.822693 180.173004
v 533.201111 285.368286 233.326401
v 533.201111 285.368286 180.173004
v 522.810730 256.328888 233.326401
v 522.810730 256.328888 180.173004
v 518.664429 233.540298 233.326401
v 518.664429 233.540298 180.173004
v 517.905884 218.100494 233.326401
v 517.905884 218.100494 180.173004
v 675.426819 375.621613 233.326401
v 675.426819 410.257599 233.326401
v 647.265503 407.948914 233.326401
v 652.341614 373.729004 233.326401
v 610.768982 398.806885 233.326401
v 622.423523 366.234894 233.326401
v 576.757385 382.720612 233.326401
v 594.542419 353.048096 233.326401
v 546.537476 360.308014 233.326401
v 569.769592 334.675293 233.326401
v 521.270813 332.430511 233.326401
v 549.057312 311.822693 233.326401
v 501.928192 300.159302 233.326401
v 533.201111 285.368286 233.326401
v 491.609711 271.321014 233.326401
v 522.810730 256.328888 233.326401
v 491.609711 264.144287 233.326401
v 491.609711 236.204895 233.326401
v 518.664429 233.540298 233.326401
v 491.609711 218.100494 233.326401
v 517.905884 218.100494 233.326401
v 675.426880 404.305298 171.708206
v 648.137817 402.067993 171.708206
v 647.265503 407.948914 171.708206
v 675.426880 410.257599 171.708206
v 612.771912 393.209290 171.708206
v 610.768982 398.806885 171.708206
v 579.813904 377.621185 171.708206
v 576.757385 382.720612 171.708206
v 550.530090 355.902893 171.708206
v 546.537476 360.308014 171.708206
v 526.046082 328.888885 171.708206
v 521.270813 332.430511 171.708206
v 507.302612 297.617401 171.708206
v 501.928192 300.159302 171.708206
v 495.020111 263.290100 171.708206
v 491.609711 271.321014 171.708206
v 491.609711 264.144287 171.708206
v 491.609711 236.204895 173.103500
v 675.426880 410.257599 171.708206
v 647.265503 407.948914 171.708206
v 647.265503 407.948914 233.326401
v 675.426819 410.257599 233.326401
v 610.768982 398.806885 171.708206
v 610.768982 398.806885 233.326401
v 576.757385 382.720612 171.708206
v 576.757385 382.720612 233.326401
v 546.537476 360.308014 171.708206
v 546.537476 360.308014 233.326401
v 521.270813 332.430511 171.708206
v 521.270813 332.430511 233.326401
v 501.928192 300.159302 171.708206
v 501.928192 300.159302 233.326401
v 491.609711 271.321014 171.708206
v 491.609711 271.321014 233.326401
v 851.690430 235.461105 180.173004
v 847.028381 261.084595 180.173004
v 855.152588 255.772293 173.595703
v 855.366821 235.822205 176.746307
v 855.010071 218.100601 177.875397
v 852.543274 218.100601 180.173004
v 855.060913 262.969604 172.384003
v 835.345276 293.736389 180.173004
v 855.036682 264.873688 172.063400
v 843.551208 297.617493 171.708206
v 817.516724 323.481598 180.173004
v 824.807800 328.889008 171.708206
v 794.227600 349.177094 180.173004
v 800.323608 355.903015 171.708206
v 766.373108 369.835388 180.173004
v 771.039917 377.621307 171.708206
v 735.023621 384.662506 180.173004
v 738.081787 393.209290 171.708206
v 701.383911 393.088806 180.173004
v 702.715820 402.067993 171.708206
v 675.426819 395.216888 180.173004
v 675.426880 404.305298 171.708206
v 579.813904 377.621185 171.708206
v 584.480530 369.835297 180.173004
v 556.626221 349.176910 180.173004
v 612.771912 393.209290 171.708206
v 550.530090 355.902893 171.708206
v 615.830017 384.662506 180.173004
v 533.337097 323.481506 180.173004
v 648.137817 402.067993 171.708206
v 526.046082 328.888885 171.708206
v 649.469727 393.088806 180.173004
v 675.426880 404.305298 171.708206
v 675.426819 395.216888 180.173004
v 515.508484 293.736298 180.173004
v 507.302612 297.617401 171.708206
v 503.825500 261.084412 180.173004
v 495.020111 263.290100 171.708206
v 491.609711 236.204895 173.103500
v 499.163513 235.460999 180.173004
v 491.609711 218.100494 173.931900
v 498.310608 218.100494 180.173004
v 866.258606 369.282288 -15.344700
v 866.258606 389.034607 -13.399200
v 866.258606 390.088287 -36.105701
v 866.258606 370.240387 -36.105701
v 866.258606 366.371094 4.281000
v 866.258606 385.837585 8.153100
v 866.258606 361.550201 23.526800
v 866.258606 380.543488 29.288401
v 866.258606 354.866211 42.207401
v 866.258606 373.203186 49.802898
v 866.258606 346.383301 60.143002
v 866.258606 363.887604 69.499199
v 866.258606 336.183289 77.160698
v 866.258606 352.686188 88.187599
v 866.258606 324.364288 93.096603
v 866.258606 339.707001 105.688004
v 866.258606 311.040314 107.797401
v 866.258606 325.075012 121.832001
v 866.258606 296.339508 121.121399
v 866.258606 308.930908 136.464096
v 866.258606 280.403595 132.940308
v 866.258606 291.430511 149.443298
v 866.258606 272.906494 159.925095
v 866.258606 263.550201 142.420898
v 866.258606 252.371399 166.475998
v 866.258606 244.776001 148.138901
v 866.258606 231.920303 170.172104
v 866.258606 226.158798 151.178894
v 866.258606 216.526703 171.046600
v 866.258606 215.086304 151.698395
v 866.258606 211.395493 151.871597
v 866.258606 211.395493 171.338104
v 866.258606 389.034607 -13.399200
v 864.679993 389.034607 -13.399200
v 864.679993 390.088287 -36.105701
v 866.258606 390.088287 -36.105701
v 866.258606 385.837585 8.153100
v 864.679993 385.837585 8.153100
v 866.258606 380.543488 29.288401
v 864.679993 380.543488 29.288401
v 866.258606 373.203186 49.802898
v 864.679993 373.203186 49.802898
v 866.258606 363.887604 69.499199
v 864.679993 363.887604 69.499199
v 866.258606 352.686188 88.187599
v 864.679993 352.686188 88.187599
v 866.258606 339.707001 105.688004
v 864.680115 339.707001 105.688004
v 866.258606 325.075012 121.832001
v 864.680115 325.075012 121.832001
v 866.258606 308.930908 136.464096
v 864.680115 308.930908 136.464096
v 866.258606 291.430511 149.443298
v 864.680115 291.430511 149.443298
v 866.258606 272.906494 159.925095
v 864.680115 272.906494 159.925095
v 866.258606 252.371399 166.475998
v 864.680115 252.371399 166.475998
v 866.258606 231.920303 170.172104
v 864.680115 231.920303 170.172104
v 866.258606 216.526703 171.046600
v 864.680115 216.526703 171.046600
v 866.258606 211.395493 171.338104
v 864.680115 211.395493 171.338104
v 864.679993 389.034607 -13.399200
v 855.036621 398.195801 -12.496900
v 855.036621 399.293793 -36.105701
v 864.679993 390.088287 -36.105701
v 864.679993 385.837585 8.153100
v 855.036621 394.866302 9.949100
v 864.679993 380.543488 29.288401
v 855.036621 389.352692 31.960600
v 864.679993 373.203186 49.802898
v 855.036682 381.708099 53.325699
v 864.679993 363.887604 69.499199
v 855.036682 372.006195 73.838699
v 864.679993 352.686188 88.187599
v 855.036682 360.340302 93.301903
v 864.680115 339.707001 105.688004
v 855.036682 346.822998 111.528000
v 864.680115 325.075012 121.832001
v 855.036682 331.584198 128.341293
v 864.680115 308.930908 136.464096
v 855.036682 314.770905 143.580002
v 864.680115 291.430511 149.443298
v 855.036682 296.544800 157.097397
v 855.036682 277.245911 168.043701
v 864.680115 272.906494 159.925095
v 855.060913 262.969604 172.384003
v 855.036682 264.873688 172.063400
v 864.680115 252.371399 166.475998
v 855.152588 255.772293 173.595703
v 855.366821 235.822205 176.746307
v 864.680115 231.920303 170.172104
v 855.010071 218.100601 177.875397
v 864.680115 216.526703 171.046600
v 855.036682 211.395493 178.002808
v 864.680115 211.395493 171.338104
v 866.258606 324.364288 93.096603
v 912.848083 324.364288 93.096603
v 912.848083 311.040314 107.797401
v 866.258606 336.183289 77.160698
v 866.258606 311.040314 107.797401
v 912.848022 336.183289 77.160698
v 912.848083 296.339508 121.121399
v 866.258606 346.383301 60.143002
v 866.258606 296.339508 121.121399
v 912.848022 346.383301 60.143002
v 912.848083 280.403595 132.940308
v 866.258606 354.866211 42.207401
v 866.258606 280.403595 132.940308
v 912.848022 354.866211 42.207401
v 912.848083 263.550201 142.420898
v 866.258606 361.550201 23.526800
v 866.258606 263.550201 142.420898
v 912.848022 361.550201 23.526800
v 912.848083 244.776001 148.138901
v 866.258606 366.371094 4.281000
v 866.258606 244.776001 148.138901
v 912.848022 366.371094 4.281000
v 912.848083 226.158798 151.178894
v 866.258606 369.282288 -15.344700
v 866.258606 226.158798 151.178894
v 912.848022 369.282288 -15.344700
v 866.258606 370.240387 -36.105701
v 912.848022 370.240387 -36.105701
v 912.848083 215.086304 151.698395
v 866.258606 215.086304 151.698395
v 912.848083 211.395493 151.871597
v 866.258606 211.395493 151.871597
v 912.848083 324.364288 93.096603
v 912.848083 351.483612 115.352798
v 912.848083 335.847504 132.604507
v 912.848022 336.183289 77.160698
v 912.848083 311.040314 107.797401
v 912.848022 365.353394 96.651497
v 912.848083 318.595703 148.240601
v 912.848022 346.383301 60.143002
v 912.848083 296.339508 121.121399
v 912.848022 377.323395 76.680801
v 912.848083 299.894409 162.110397
v 912.848022 354.866211 42.207401
v 912.848083 280.403595 132.940308
v 912.848022 387.278290 55.632999
v 912.848083 280.088104 173.360901
v 912.848022 361.550201 23.526800
v 912.848083 263.550201 142.420898
v 912.848022 395.122192 33.710800
v 912.848083 258.201508 180.550995
v 912.848022 366.371094 4.281000
v 912.848083 244.776001 148.138901
v 912.848022 400.779510 11.125300
v 912.848083 236.342697 184.750793
v 912.848022 369.282288 -15.344700
v 912.848083 226.158798 151.178894
v 912.848022 404.195892 -11.906000
v 912.848022 370.240387 -36.105701
v 912.848022 405.322906 -36.105701
v 912.848083 217.632294 185.897705
v 912.848083 215.086304 151.698395
v 912.848083 211.395493 151.871597
v 912.848083 211.395493 186.280106
v 855.036682 351.483612 115.352798
v 855.036682 346.822998 111.528000
v 855.036682 331.584198 128.341293
v 855.036682 365.353394 96.651497
v 855.036682 335.847504 132.604507
v 855.036682 360.340302 93.301903
v 855.036682 314.770905 143.580002
v 855.036682 377.323395 76.680801
v 855.036682 318.595703 148.240601
v 855.036682 372.006195 73.838699
v 855.036682 387.278290 55.632999
v 855.036682 381.708099 53.325699
v 855.036682 296.544800 157.097397
v 855.036621 395.122192 33.710800
v 855.036682 299.894409 162.110397
v 855.036621 389.352692 31.960600
v 855.036682 282.350800 172.075607
v 855.036682 277.245911 168.043701
v 855.036682 264.873688 172.063400
v 855.036621 400.779510 11.125300
v 855.036621 394.866302 9.949100
v 855.036621 404.195892 -11.906000
v 855.036621 398.195801 -12.496900
v 855.036621 405.322906 -36.105701
v 855.036621 399.293793 -36.105701
v 912.848083 351.483612 115.352798
v 855.036682 351.483612 115.352798
v 855.036682 335.847504 132.604507
v 912.848022 365.353394 96.651497
v 912.848083 335.847504 132.604507
v 855.036682 365.353394 96.651497
v 855.036682 318.595703 148.240601
v 912.848022 377.323395 76.680801
v 912.848083 318.595703 148.240601
v 855.036682 377.323395 76.680801
v 912.848022 387.278290 55.632999
v 855.036682 387.278290 55.632999
v 855.036682 299.894409 162.110397
v 912.848022 395.122192 33.710800
v 855.036621 395.122192 33.710800
v 912.848022 400.779510 11.125300
v 855.036621 400.779510 11.125300
v 912.848022 404.195892 -11.906000
v 855.036621 404.195892 -11.906000
v 912.848022 405.322906 -36.105701
v 855.036621 405.322906 -36.105701
v 912.848083 299.894409 162.110397
v 856.115295 279.473114 173.123093
v 855.036682 282.350800 172.075607
v 912.848083 280.088104 173.360901
v 860.771790 267.051605 177.644394
v 912.848083 258.201508 180.550995
v 864.017883 258.201508 180.550903
v 912.848083 236.342697 184.750793
v 855.036682 236.342697 184.750793
v 855.036682 217.632294 185.897705
v 912.848083 217.632294 185.897705
v 855.036682 211.395493 186.280106
v 912.848083 211.395493 186.280106
v -960.570374 233.688004 -250.989197
v -980.071289 235.608704 -250.989197
v -980.924194 218.248306 -250.989197
v -961.328918 218.248306 -250.989197
v -975.409302 261.232208 -250.989197
v -956.424072 256.476593 -250.989197
v -946.033691 285.516113 -250.989197
v -963.726318 293.884003 -250.989197
v -930.177490 311.970398 -250.989197
v -945.897705 323.629211 -250.989197
v -909.465088 334.822998 -250.989197
v -922.608582 349.324707 -250.989197
v -884.692322 353.195801 -250.989197
v -894.754211 369.983002 -250.989197
v -856.810974 366.382507 -250.989197
v -863.404480 384.810089 -250.989197
v -826.893127 373.876587 -250.989197
v -829.764893 393.236511 -250.989197
v -803.807922 375.769196 -250.989197
v -803.807922 395.364502 -250.989197
v -826.893127 373.876587 -250.989197
v -826.893127 373.876587 -304.142609
v -803.807922 375.769196 -304.142609
v -803.807922 375.769196 -250.989197
v -856.810974 366.382507 -250.989197
v -856.810974 366.382507 -304.142609
v -884.692322 353.195801 -250.989197
v -884.692322 353.195801 -304.142609
v -909.465088 334.822998 -250.989197
v -909.465088 334.822998 -304.142609
v -930.177490 311.970398 -250.989197
v -930.177490 311.970398 -304.142609
v -946.033691 285.516113 -250.989197
v -946.033691 285.516113 -304.142609
v -956.424072 256.476593 -250.989197
v -956.424072 256.476593 -304.142609
v -960.570374 233.688004 -250.989197
v -960.570374 233.688004 -304.142609
v -961.328918 218.248306 -250.989197
v -961.328918 218.248306 -304.142609
v -803.807922 375.769196 -304.142609
v -826.893127 373.876587 -304.142609
v -831.969177 408.096497 -304.142609
v -803.807922 410.405304 -304.142609
v -856.810974 366.382507 -304.142609
v -868.465576 398.954590 -304.142609
v -884.692322 353.195801 -304.142609
v -902.477295 382.868286 -304.142609
v -909.465088 334.822998 -304.142609
v -932.697327 360.455688 -304.142609
v -930.177490 311.970398 -304.142609
v -957.963989 332.578186 -304.142609
v -946.033691 285.516113 -304.142609
v -977.306580 300.307007 -304.142609
v -956.424072 256.476593 -304.142609
v -989.152771 267.199188 -304.142609
v -989.152771 264.674713 -304.142609
v -989.152771 236.503098 -304.142609
v -960.570374 233.688004 -304.142609
v -989.152771 218.248306 -304.142609
v -961.328918 218.248306 -304.142609
v -831.969177 408.096405 -242.524307
v -831.096802 402.215607 -242.524307
v -803.807922 404.452911 -242.524307
v -803.807922 410.405304 -242.524307
v -868.465576 398.954590 -242.524307
v -866.462830 393.356903 -242.524307
v -902.477295 382.868286 -242.524307
v -899.420898 377.769012 -242.524307
v -932.697327 360.455688 -242.524307
v -928.704590 356.050598 -242.524307
v -957.963989 332.578186 -242.524307
v -953.188721 329.036713 -242.524307
v -977.306580 300.307007 -242.524307
v -971.932129 297.765106 -242.524307
v -983.417603 282.498413 -242.891800
v -983.417603 265.021301 -242.879593
v -831.969177 408.096497 -304.142609
v -831.969177 408.096405 -242.524307
v -803.807922 410.405304 -242.524307
v -803.807922 410.405304 -304.142609
v -868.465576 398.954590 -304.142609
v -868.465576 398.954590 -242.524307
v -902.477295 382.868286 -304.142609
v -902.477295 382.868286 -242.524307
v -932.697327 360.455688 -304.142609
v -932.697327 360.455688 -242.524307
v -957.963989 332.578186 -304.142609
v -957.963989 332.578186 -242.524307
v -977.306580 300.307007 -304.142609
v -977.306580 300.307007 -242.524307
v -984.496277 279.620697 -243.939301
v -983.417603 282.498413 -242.891800
v -989.152771 267.199188 -304.142609
v -989.152771 267.199188 -248.460602
v -626.691711 218.248093 -250.989197
v -627.544373 235.608597 -250.989197
v -647.045410 233.687897 -250.989197
v -646.286926 218.248093 -250.989197
v -632.206482 261.232086 -250.989197
v -651.191711 256.476501 -250.989197
v -643.889526 293.883911 -250.989197
v -661.581970 285.515900 -250.989197
v -661.718018 323.629089 -250.989197
v -677.438171 311.970306 -250.989197
v -685.007080 349.324585 -250.989197
v -698.150574 334.822906 -250.989197
v -712.861572 369.982910 -250.989197
v -722.923279 353.195709 -250.989197
v -744.210876 384.810089 -250.989197
v -750.804382 366.382507 -250.989197
v -777.850708 393.236511 -250.989197
v -780.722473 373.876587 -250.989197
v -803.807922 375.769196 -250.989197
v -803.807922 395.364502 -250.989197
v -803.807922 375.769196 -304.142609
v -780.722473 373.876587 -304.142609
v -780.722473 373.876587 -250.989197
v -803.807922 375.769196 -250.989197
v -750.804382 366.382507 -304.142609
v -750.804382 366.382507 -250.989197
v -722.923279 353.195709 -304.142609
v -722.923279 353.195709 -250.989197
v -698.150574 334.822906 -304.142609
v -698.150574 334.822906 -250.989197
v -677.438171 311.970306 -304.142609
v -677.438171 311.970306 -250.989197
v -661.581970 285.515900 -304.142609
v -661.581970 285.515900 -250.989197
v -651.191711 256.476501 -304.142609
v -651.191711 256.476501 -250.989197
v -647.045410 233.687897 -304.142609
v -647.045410 233.687897 -250.989197
v -646.286926 218.248093 -304.142609
v -646.286926 218.248093 -250.989197
v -803.807922 375.769196 -304.142609
v -803.807922 410.405304 -304.142609
v -775.646484 408.096497 -304.142609
v -780.722473 373.876587 -304.142609
v -739.150024 398.954590 -304.142609
v -750.804382 366.382507 -304.142609
v -705.138428 382.868195 -304.142609
v -722.923279 353.195709 -304.142609
v -674.918518 360.455597 -304.142609
v -698.150574 334.822906 -304.142609
v -649.651917 332.578094 -304.142609
v -677.438171 311.970306 -304.142609
v -630.309204 300.306885 -304.142609
v -661.581970 285.515900 -304.142609
v -619.990723 267.050995 -305.537903
v -651.191711 256.476501 -304.142609
v -619.990723 264.526611 -305.537903
v -619.990723 236.354996 -305.537903
v -647.045410 233.687897 -304.142609
v -619.990723 218.100098 -305.537903
v -646.286926 218.248093 -304.142609
v -803.807922 404.452911 -242.524307
v -776.518799 402.215607 -242.524307
v -775.646484 408.096497 -242.524307
v -803.807922 410.405304 -242.524307
v -741.152771 393.356903 -242.524307
v -739.150024 398.954590 -242.524307
v -708.194824 377.768799 -242.524307
v -705.138428 382.868195 -242.524307
v -678.911072 356.050507 -242.524307
v -674.918518 360.455597 -242.524307
v -654.427002 329.036499 -242.524307
v -649.651917 332.578094 -242.524307
v -635.683594 297.765015 -242.524307
v -630.309204 300.306885 -242.524307
v -623.401123 263.437714 -242.524307
v -619.990723 267.050995 -243.919601
v -619.990723 264.526611 -243.919601
v -619.990723 236.352600 -243.919601
v -803.807922 410.405304 -242.524307
v -775.646484 408.096497 -242.524307
v -775.646484 408.096497 -304.142609
v -803.807922 410.405304 -304.142609
v -739.150024 398.954590 -242.524307
v -739.150024 398.954590 -304.142609
v -705.138428 382.868195 -242.524307
v -705.138428 382.868195 -304.142609
v -674.918518 360.455597 -242.524307
v -674.918518 360.455597 -304.142609
v -649.651917 332.578094 -242.524307
v -649.651917 332.578094 -304.142609
v -630.309204 300.306885 -242.524307
v -630.309204 300.306885 -304.142609
v -619.990723 267.050995 -243.919601
v -619.990723 267.050995 -305.537903
v -980.071289 235.608704 -250.989197
v -975.409302 261.232208 -250.989197
v -983.533691 255.919998 -244.411804
v -983.747681 235.969803 -247.562500
v -983.391113 218.248306 -248.691498
v -980.924194 218.248306 -250.989197
v -983.441895 263.117188 -243.200104
v -963.726318 293.884003 -250.989197
v -983.417603 265.021301 -242.879593
v -971.932129 297.765106 -242.524307
v -945.897705 323.629211 -250.989197
v -953.188721 329.036713 -242.524307
v -922.608582 349.324707 -250.989197
v -928.704590 356.050598 -242.524307
v -894.754211 369.983002 -250.989197
v -899.420898 377.769012 -242.524307
v -863.404480 384.810089 -250.989197
v -866.462830 393.356903 -242.524307
v -829.764893 393.236511 -250.989197
v -831.096802 402.215607 -242.524307
v -803.807922 395.364502 -250.989197
v -803.807922 404.452911 -242.524307
v -708.194824 377.768799 -242.524307
v -712.861572 369.982910 -250.989197
v -685.007080 349.324585 -250.989197
v -741.152771 393.356903 -242.524307
v -678.911072 356.050507 -242.524307
v -744.210876 384.810089 -250.989197
v -661.718018 323.629089 -250.989197
v -776.518799 402.215607 -242.524307
v -654.427002 329.036499 -242.524307
v -777.850708 393.236511 -250.989197
v -803.807922 404.452911 -242.524307
v -803.807922 395.364502 -250.989197
v -643.889526 293.883911 -250.989197
v -635.683594 297.765015 -242.524307
v -632.206482 261.232086 -250.989197
v -623.401123 263.437714 -242.524307
v -619.990723 236.352600 -243.919601
v -627.544373 235.608597 -250.989197
v -619.990723 218.248093 -244.748001
v -626.691711 218.248093 -250.989197
v -994.639587 324.511993 -163.912796
v -1041.229004 324.511993 -163.912796
v -1041.229004 311.187988 -178.613602
v -994.639587 336.330902 -147.976807
v -994.639587 311.187988 -178.613602
v -1041.229004 336.330902 -147.976807
v -1041.229004 296.487213 -191.937607
v -994.639587 346.530914 -130.959106
v -994.639587 296.487213 -191.937607
v -1041.229004 346.530914 -130.959106
v -1041.229004 280.551208 -203.756500
v -994.639587 355.013794 -113.023598
v -994.639587 280.551208 -203.756500
v -1041.229004 355.013794 -113.023598
v -1041.229004 263.697906 -213.237000
v -994.639587 361.697815 -94.343002
v -994.639587 263.697906 -213.237000
v -1041.229004 361.697815 -94.343002
v -1041.229004 244.923599 -218.955002
v -994.639587 366.518707 -75.097198
v -994.639587 244.923599 -218.955002
v -1041.229004 366.518707 -75.097198
v -1041.229004 226.306396 -221.994995
v -994.639587 369.429901 -55.471500
v -994.639587 226.306396 -221.994995
v -1041.229004 369.429901 -55.471500
v -994.639587 370.381287 -36.105701
v -1041.229004 370.381287 -36.105701
v -1041.229004 215.233902 -222.514603
v -994.639587 215.233902 -222.514603
v -1041.229004 211.543106 -222.687805
v -994.639587 211.543106 -222.687805
v -1041.229004 324.511993 -163.912796
v -1041.229004 351.631195 -186.169006
v -1041.229004 335.995087 -203.420700
v -1041.229004 336.330902 -147.976807
v -1041.229004 311.187988 -178.613602
v -1041.229004 365.501007 -167.467697
v -1041.229004 318.743286 -219.056793
v -1041.229004 346.530914 -130.959106
v -1041.229004 296.487213 -191.937607
v -1041.229004 377.471008 -147.496994
v -1041.229004 300.041992 -232.926605
v -1041.229004 355.013794 -113.023598
v -1041.229004 280.551208 -203.756500
v -1041.229004 387.425903 -126.449097
v -1041.229004 280.235687 -244.177094
v -1041.229004 361.697815 -94.343002
v -1041.229004 263.697906 -213.237000
v -1041.229004 395.269806 -104.526901
v -1041.229004 258.349091 -251.367096
v -1041.229004 366.518707 -75.097198
v -1041.229004 244.923599 -218.955002
v -1041.229004 400.927185 -81.941399
v -1041.229004 236.490402 -255.567001
v -1041.229004 369.429901 -55.471500
v -1041.229004 226.306396 -221.994995
v -1041.229004 404.343506 -58.910198
v -1041.229004 370.381287 -36.105701
v -1041.229004 405.463806 -36.105701
v -1041.229004 217.779907 -256.713898
v -1041.229004 215.233902 -222.514603
v -1041.229004 211.543106 -222.687805
v -1041.229004 211.543106 -257.096313
v -983.417603 351.631195 -186.169006
v -983.417603 346.970612 -182.344101
v -983.417603 331.731903 -199.157501
v -983.417603 365.501007 -167.467697
v -983.417603 335.995087 -203.420700
v -983.417603 360.488007 -164.118103
v -983.417603 314.918488 -214.396194
v -983.417603 377.471008 -147.496902
v -983.417603 318.743286 -219.056793
v -983.417603 372.153809 -144.654800
v -983.417603 387.425903 -126.449097
v -983.417603 381.855713 -124.141899
v -983.417603 296.692413 -227.913605
v -983.417480 395.269806 -104.526901
v -983.417603 300.041992 -232.926605
v -983.417480 389.500305 -102.776703
v -983.417603 282.498413 -242.891800
v -983.417603 277.393585 -238.859894
v -983.417603 265.021301 -242.879593
v -983.417480 400.927185 -81.941399
v -983.417480 395.013885 -80.765198
v -983.417480 404.343506 -58.910198
v -983.417480 398.343414 -58.319199
v -983.417480 405.463806 -36.105701
v -983.417480 399.434692 -36.105701
v -1041.229004 351.631195 -186.169006
v -983.417603 351.631195 -186.169006
v -983.417603 335.995087 -203.420700
v -1041.229004 365.501007 -167.467697
v -1041.229004 335.995087 -203.420700
v -983.417603 365.501007 -167.467697
v -983.417603 318.743286 -219.056793
v -1041.229004 377.471008 -147.496994
v -1041.229004 318.743286 -219.056793
v -983.417603 377.471008 -147.496902
v -1041.229004 387.425903 -126.449097
v -983.417603 387.425903 -126.449097
v -983.417603 300.041992 -232.926605
v -1041.229004 395.269806 -104.526901
v -983.417480 395.269806 -104.526901
v -1041.229004 400.927185 -81.941399
v -983.417480 400.927185 -81.941399
v -1041.229004 404.343506 -58.910198
v -983.417480 404.343506 -58.910198
v -1041.229004 405.463806 -36.105701
v -983.417480 405.463806 -36.105701
v -1041.229004 300.041992 -232.926605
v -984.496277 279.620697 -243.939301
v -983.417603 282.498413 -242.891800
v -1041.229004 280.235687 -244.177094
v -989.152771 267.199188 -248.460602
v -1041.229004 258.349091 -251.367096
v -992.398804 258.349091 -251.367096
v -1041.229004 236.490402 -255.567001
v -983.417603 236.490402 -255.567001
v -983.417603 217.779907 -256.713898
v -1041.229004 217.779907 -256.713898
v -983.417603 211.543106 -257.096313
v -1041.229004 211.543106 -257.096313
v -994.639587 296.487213 -191.937607
v -994.639587 309.078613 -207.280197
v -994.639587 325.222504 -192.648102
v -994.639587 311.187988 -178.613602
v -994.639587 280.551208 -203.756500
v -994.639587 339.854614 -176.504196
v -994.639587 291.578094 -220.259399
v -994.639587 324.511993 -163.912796
v -994.639587 273.054108 -230.741302
v -994.639587 352.833801 -159.003693
v -994.639587 263.697906 -213.237000
v -994.639587 336.330902 -147.976807
v -994.639587 252.518997 -237.292099
v -994.639587 364.035187 -140.315399
v -994.639587 244.923599 -218.955002
v -994.639587 346.530914 -130.959106
v -994.639587 232.067993 -240.988297
v -994.639587 373.350891 -120.619102
v -994.639587 226.306396 -221.994995
v -994.639587 355.013794 -113.023598
v -994.639587 216.674301 -241.862793
v -994.639587 380.691101 -100.104500
v -994.639587 215.233902 -222.514603
v -994.639587 211.543106 -222.687805
v -994.639587 211.543106 -242.154297
v -994.639587 361.697815 -94.343002
v -994.639587 385.985199 -78.969299
v -994.639587 366.518707 -75.097198
v -994.639587 389.182190 -57.416901
v -994.639587 369.429901 -55.471500
v -994.639587 370.381287 -36.105701
v -994.639587 390.229187 -36.105701
v -994.639587 309.078613 -207.280197
v -993.060974 309.078613 -207.280197
v -993.060974 325.222504 -192.648102
v -994.639587 291.578094 -220.259399
v -994.639587 325.222504 -192.648102
v -993.060974 291.578094 -220.259399
v -993.060974 339.854614 -176.504196
v -994.639587 273.054108 -230.741302
v -994.639587 339.854614 -176.504196
v -993.060974 273.054108 -230.741302
v -993.060974 352.833801 -159.003693
v -994.639587 252.518997 -237.292099
v -994.639587 352.833801 -159.003693
v -993.060974 252.518997 -237.292099
v -993.060974 364.035187 -140.315399
v -994.639587 232.067993 -240.988297
v -994.639587 364.035187 -140.315399
v -993.060974 232.067993 -240.988297
v -993.060974 373.350891 -120.619102
v -994.639587 216.674301 -241.862793
v -994.639587 373.350891 -120.619102
v -993.060974 216.674301 -241.862793
v -994.639587 211.543106 -242.154297
v -993.060974 211.543106 -242.154297
v -993.060974 380.691101 -100.104500
v -994.639587 380.691101 -100.104500
v -993.060974 385.985199 -78.969299
v -994.639587 385.985199 -78.969299
v -993.060974 389.182190 -57.416901
v -994.639587 389.182190 -57.416901
v -994.639587 390.229187 -36.105701
v -993.060974 390.229187 -36.105701
v -993.060974 309.078613 -207.280197
v -983.417603 314.918488 -214.396194
v -983.417603 331.731903 -199.157501
v -993.060974 325.222504 -192.648102
v -993.060974 291.578094 -220.259399
v -983.417603 346.970612 -182.344101
v -983.417603 296.692413 -227.913605
v -993.060974 339.854614 -176.504196
v -983.417603 277.393585 -238.859894
v -983.417603 360.488007 -164.118103
v -993.060974 352.833801 -159.003693
v -983.417603 372.153809 -144.654800
v -993.060974 364.035187 -140.315399
v -983.417603 381.855713 -124.141899
v -993.060974 373.350891 -120.619102
v -983.417480 389.500305 -102.776703
v -993.060974 380.691101 -100.104500
v -983.417480 395.013885 -80.765198
v -993.060974 385.985199 -78.969299
v -983.417480 398.343414 -58.319199
v -993.060974 389.182190 -57.416901
v -993.060974 390.229187 -36.105701
v -983.417480 399.434692 -36.105701
v -993.060974 273.054108 -230.741302
v -983.441895 263.117188 -243.200104
v -983.417603 265.021301 -242.879593
v -993.060974 252.518997 -237.292099
v -983.533691 255.919998 -244.411804
v -983.747681 235.969803 -247.562500
v -993.060974 232.067993 -240.988297
v -983.391113 218.248306 -248.691498
v -993.060974 216.674301 -241.862793
v -983.417603 211.543106 -248.819000
v -993.060974 211.543106 -242.154297
v 114.219101 218.100296 -252.384506
v 113.366203 235.460800 -252.384506
v 93.865402 233.540100 -252.384506
v 94.623802 218.100296 -252.384506
v 108.704201 261.084198 -252.384506
v 89.719101 256.328705 -252.384506
v 79.328598 285.368103 -252.384506
v 97.021202 293.736115 -252.384506
v 63.472401 311.822388 -252.384506
v 79.192596 323.481293 -252.384506
v 42.759998 334.675110 -252.384506
v 55.903599 349.176788 -252.384506
v 17.987200 353.047913 -252.384506
v 28.049101 369.835114 -252.384506
v -9.893900 366.234589 -252.384506
v -3.300400 384.662201 -252.384506
v -39.812000 373.728699 -252.384506
v -36.940201 393.088593 -252.384506
v -62.897301 375.621307 -252.384506
v -62.897301 395.216614 -252.384506
v -62.897301 375.621307 -305.537903
v -39.812000 373.728699 -305.537903
v -39.812000 373.728699 -252.384506
v -62.897301 375.621307 -252.384506
v -9.893900 366.234589 -252.384506
v -9.893900 366.234589 -305.537903
v 17.987200 353.047913 -252.384506
v 17.987200 353.047913 -305.537903
v 42.759998 334.675110 -252.384506
v 42.759998 334.675110 -305.537903
v 63.472401 311.822388 -252.384506
v 63.472401 311.822388 -305.537903
v 79.328598 285.368103 -252.384506
v 79.328598 285.368103 -305.537903
v 89.719101 256.328705 -252.384506
v 89.719101 256.328705 -305.537903
v 93.865402 233.540100 -252.384506
v 93.865402 233.540100 -305.537903
v 94.623802 218.100296 -252.384506
v 94.623802 218.100296 -305.537903
v -62.897301 375.621307 -305.537903
v -62.897202 410.257385 -305.537903
v -34.735901 407.948608 -305.537903
v -39.812000 373.728699 -305.537903
v -9.893900 366.234589 -305.537903
v 1.760600 398.806702 -305.537903
v 17.987200 353.047913 -305.537903
v 35.772202 382.720398 -305.537903
v 42.759998 334.675110 -305.537903
v 65.992104 360.307800 -305.537903
v 63.472401 311.822388 -305.537903
v 91.258904 332.430298 -305.537903
v 79.328598 285.368103 -305.537903
v 110.601501 300.159088 -305.537903
v 89.719101 256.328705 -305.537903
v 122.447601 267.051300 -305.537903
v 122.447601 264.526794 -305.537903
v 122.447701 236.355194 -305.537903
v 93.865402 233.540100 -305.537903
v 122.447701 218.100296 -305.537903
v 94.623802 218.100296 -305.537903
v -62.897202 404.304993 -243.919601
v -35.608299 402.067688 -243.919601
v -34.735901 407.948486 -243.919601
v -62.897202 410.257385 -243.919601
v 1.760600 398.806702 -243.919601
v -0.242300 393.209015 -243.919601
v 35.772202 382.720398 -243.919601
v 32.715801 377.621002 -243.919601
v 65.992104 360.307800 -243.919601
v 61.999599 355.902710 -243.919601
v 91.258904 332.430298 -243.919601
v 86.483597 328.888702 -243.919601
v 110.601501 300.159088 -243.919601
v 105.227097 297.617188 -243.919601
v 122.447601 267.051300 -243.919601
v 117.509598 263.289886 -243.919601
v 122.447601 264.526794 -243.919601
v 122.447701 236.352798 -243.919601
v -62.897202 410.257385 -243.919601
v -34.735901 407.948486 -243.919601
v -34.735901 407.948608 -305.537903
v -62.897202 410.257385 -305.537903
v 1.760600 398.806702 -305.537903
v 1.760600 398.806702 -243.919601
v 35.772202 382.720398 -305.537903
v 35.772202 382.720398 -243.919601
v 65.992104 360.307800 -305.537903
v 65.992104 360.307800 -243.919601
v 91.258904 332.430298 -305.537903
v 91.258904 332.430298 -243.919601
v 110.601501 300.159088 -305.537903
v 110.601501 300.159088 -243.919601
v 122.447601 267.051300 -305.537903
v 122.447601 267.051300 -243.919601
v -219.659698 233.539993 -252.384506
v -239.160599 235.460693 -252.384506
v -240.013504 218.100204 -252.384506
v -220.418198 218.100204 -252.384506
v -234.498703 261.084198 -252.384506
v -215.513397 256.328613 -252.384506
v -222.815598 293.735992 -252.384506
v -205.123001 285.368011 -252.384506
v -204.987000 323.481201 -252.384506
v -189.266800 311.822388 -252.384506
v -181.697998 349.176697 -252.384506
v -168.554398 334.674988 -252.384506
v -153.843506 369.834991 -252.384506
v -143.781693 353.047791 -252.384506
v -122.494102 384.662201 -252.384506
v -115.900597 366.234589 -252.384506
v -88.854401 393.088501 -252.384506
v -85.982498 373.728699 -252.384506
v -62.897301 375.621307 -252.384506
v -62.897301 395.216614 -252.384506
v -85.982498 373.728699 -252.384506
v -85.982498 373.728699 -305.537903
v -62.897301 375.621307 -305.537903
v -62.897301 375.621307 -252.384506
v -115.900597 366.234589 -305.537903
v -115.900597 366.234589 -252.384506
v -143.781693 353.047791 -305.537903
v -143.781693 353.047791 -252.384506
v -168.554398 334.674988 -305.537903
v -168.554398 334.674988 -252.384506
v -189.266800 311.822388 -305.537903
v -189.266800 311.822388 -252.384506
v -205.123001 285.368011 -305.537903
v -205.123001 285.368011 -252.384506
v -215.513397 256.328613 -305.537903
v -215.513397 256.328613 -252.384506
v -219.659698 233.539993 -305.537903
v -219.659698 233.539993 -252.384506
v -220.418198 218.100204 -305.537903
v -220.418198 218.100204 -252.384506
v -62.897301 375.621307 -305.537903
v -85.982498 373.728699 -305.537903
v -91.058601 407.948608 -305.537903
v -62.897202 410.257385 -305.537903
v -127.555099 398.806702 -305.537903
v -115.900597 366.234589 -305.537903
v -161.566696 382.720306 -305.537903
v -143.781693 353.047791 -305.537903
v -191.786606 360.307709 -305.537903
v -168.554398 334.674988 -305.537903
v -217.053299 332.430206 -305.537903
v -189.266800 311.822388 -305.537903
v -236.395905 300.158997 -305.537903
v -205.123001 285.368011 -305.537903
v -248.771500 265.571411 -305.537903
v -215.513397 256.328613 -305.537903
v -248.771500 264.659302 -305.537903
v -248.771500 236.407303 -305.537903
v -219.659698 233.539993 -305.537903
v -248.771500 218.100204 -305.537903
v -220.418198 218.100204 -305.537903
v -91.058601 407.948608 -243.919601
v -90.186302 402.067688 -243.919601
v -62.897202 404.304993 -243.919601
v -62.897202 410.257385 -243.919601
v -125.552200 393.209015 -243.919601
v -127.555099 398.806702 -243.919601
v -158.510300 377.620911 -243.919601
v -161.566696 382.720306 -243.919601
v -187.794098 355.902588 -243.919601
v -191.786606 360.307709 -243.919601
v -212.278107 328.888611 -243.919601
v -217.053299 332.430206 -243.919601
v -231.021500 297.617096 -243.919601
v -236.395905 300.158997 -243.919601
v -243.304001 263.289795 -243.919601
v -248.771500 265.571411 -243.919601
v -248.771500 264.659302 -243.919601
v -248.771500 236.370102 -243.919601
v -91.058601 407.948608 -305.537903
v -91.058601 407.948608 -243.919601
v -62.897202 410.257385 -243.919601
v -62.897202 410.257385 -305.537903
v -127.555099 398.806702 -243.919601
v -127.555099 398.806702 -305.537903
v -161.566696 382.720306 -243.919601
v -161.566696 382.720306 -305.537903
v -191.786606 360.307709 -243.919601
v -191.786606 360.307709 -305.537903
v -217.053299 332.430206 -243.919601
v -217.053299 332.430206 -305.537903
v -236.395905 300.158997 -243.919601
v -236.395905 300.158997 -305.537903
v -248.771500 265.571411 -243.919601
v -248.771500 265.571411 -305.537903
v 113.366203 235.460800 -252.384506
v 122.447701 236.352798 -243.919601
v 117.509598 263.289886 -243.919601
v 122.447701 218.100296 -244.720505
v 114.219101 218.100296 -252.384506
v 108.704201 261.084198 -252.384506
v 97.021202 293.736115 -252.384506
v 105.227097 297.617188 -243.919601
v 79.192596 323.481293 -252.384506
v 86.483597 328.888702 -243.919601
v 55.903599 349.176788 -252.384506
v 61.999599 355.902710 -243.919601
v 28.049101 369.835114 -252.384506
v 32.715801 377.621002 -243.919601
v -3.300400 384.662201 -252.384506
v -0.242300 393.209015 -243.919601
v -36.940201 393.088593 -252.384506
v -35.608299 402.067688 -243.919601
v -62.897301 395.216614 -252.384506
v -62.897202 404.304993 -243.919601
v -239.160599 235.460693 -252.384506
v -234.498703 261.084198 -252.384506
v -243.304001 263.289795 -243.919601
v -248.771500 236.370102 -243.919601
v -248.771500 218.100204 -244.227295
v -240.013504 218.100204 -252.384506
v -231.021500 297.617096 -243.919601
v -222.815598 293.735992 -252.384506
v -212.278107 328.888611 -243.919601
v -204.987000 323.481201 -252.384506
v -187.794098 355.902588 -243.919601
v -181.697998 349.176697 -252.384506
v -158.510300 377.620911 -243.919601
v -153.843506 369.834991 -252.384506
v -125.552200 393.209015 -243.919601
v -122.494102 384.662201 -252.384506
v -90.186302 402.067688 -243.919601
v -88.854401 393.088501 -252.384506
v -62.897202 404.304993 -243.919601
v -62.897301 395.216614 -252.384506
v -591.408386 233.539902 -252.384506
v -610.909302 235.460495 -252.384506
v -611.762207 218.100098 -252.384506
v -592.166870 218.100098 -252.384506
v -606.247314 261.084015 -252.384506
v -587.262207 256.328491 -252.384506
v -576.871704 285.367889 -252.384506
v -594.564209 293.735901 -252.384506
v -561.015503 311.822296 -252.384506
v -576.735596 323.481110 -252.384506
v -540.303101 334.674896 -252.384506
v -553.446716 349.176605 -252.384506
v -515.530273 353.047699 -252.384506
v -525.592285 369.834900 -252.384506
v -487.649200 366.234497 -252.384506
v -494.242706 384.662109 -252.384506
v -457.731201 373.728607 -252.384506
v -460.602997 393.088409 -252.384506
v -434.645905 375.621185 -252.384506
v -434.645905 395.216492 -252.384506
v -457.731201 373.728607 -252.384506
v -457.731201 373.728607 -305.537903
v -434.645905 375.621185 -305.537903
v -434.645905 375.621185 -252.384506
v -487.649200 366.234497 -252.384506
v -487.649200 366.234497 -305.537903
v -515.530273 353.047699 -252.384506
v -515.530273 353.047699 -305.537903
v -540.303101 334.674896 -252.384506
v -540.303101 334.674896 -305.537903
v -561.015503 311.822296 -252.384506
v -561.015503 311.822296 -305.537903
v -576.871704 285.367889 -252.384506
v -576.871704 285.367889 -305.537903
v -587.262207 256.328491 -252.384506
v -587.262207 256.328491 -305.537903
v -591.408386 233.539902 -252.384506
v -591.408386 233.539902 -305.537903
v -592.166870 218.100098 -252.384506
v -592.166870 218.100098 -305.537903
v -434.645905 375.621185 -305.537903
v -457.731201 373.728607 -305.537903
v -462.807312 407.948486 -305.537903
v -434.645905 410.257294 -305.537903
v -487.649200 366.234497 -305.537903
v -499.303711 398.806610 -305.537903
v -515.530273 353.047699 -305.537903
v -533.315430 382.720215 -305.537903
v -540.303101 334.674896 -305.537903
v -563.535400 360.307587 -305.537903
v -561.015503 311.822296 -305.537903
v -588.802002 332.430115 -305.537903
v -576.871704 285.367889 -305.537903
v -608.144470 300.158905 -305.537903
v -587.262207 256.328491 -305.537903
v -619.990723 267.050995 -305.537903
v -619.990723 264.526611 -305.537903
v -619.990723 236.354996 -305.537903
v -591.408386 233.539902 -305.537903
v -619.990723 218.100098 -305.537903
v -592.166870 218.100098 -305.537903
v -462.807312 407.948395 -243.919601
v -461.934906 402.067596 -243.919601
v -434.645996 404.304901 -243.919601
v -434.645996 410.257294 -243.919601
v -499.303711 398.806488 -243.919601
v -497.300812 393.208893 -243.919601
v -533.315430 382.720215 -243.919601
v -530.258911 377.620789 -243.919601
v -563.535400 360.307587 -243.919601
v -559.542725 355.902496 -243.919601
v -588.802002 332.430115 -243.919601
v -584.026672 328.888489 -243.919601
v -608.144470 300.158905 -243.919601
v -602.770081 297.617004 -243.919601
v -619.990723 267.050995 -243.919601
v -615.052673 263.289612 -243.919601
v -619.990723 264.526611 -243.919601
v -619.990723 236.352600 -243.919601
v -462.807312 407.948486 -305.537903
v -462.807312 407.948395 -243.919601
v -434.645996 410.257294 -243.919601
v -434.645905 410.257294 -305.537903
v -499.303711 398.806610 -305.537903
v -499.303711 398.806488 -243.919601
v -533.315430 382.720215 -305.537903
v -533.315430 382.720215 -243.919601
v -563.535400 360.307587 -305.537903
v -563.535400 360.307587 -243.919601
v -588.802002 332.430115 -305.537903
v -588.802002 332.430115 -243.919601
v -608.144470 300.158905 -305.537903
v -608.144470 300.158905 -243.919601
v -619.990723 267.050995 -305.537903
v -619.990723 267.050995 -243.919601
v -257.529510 218.100204 -252.384506
v -258.382385 235.460693 -252.384506
v -277.883301 233.539993 -252.384506
v -277.124786 218.100204 -252.384506
v -263.044403 261.084106 -252.384506
v -282.029510 256.328613 -252.384506
v -274.727509 293.735992 -252.384506
v -292.420013 285.368011 -252.384506
v -292.556213 323.481201 -252.384506
v -308.276215 311.822296 -252.384506
v -315.845093 349.176605 -252.384506
v -328.988586 334.674988 -252.384506
v -343.699585 369.834900 -252.384506
v -353.761505 353.047699 -252.384506
v -375.049103 384.662109 -252.384506
v -381.642609 366.234497 -252.384506
v -408.688690 393.088409 -252.384506
v -411.560486 373.728607 -252.384506
v -434.645905 375.621185 -252.384506
v -434.645905 395.216492 -252.384506
v -434.645905 375.621185 -305.537903
v -411.560486 373.728607 -305.537903
v -411.560486 373.728607 -252.384506
v -434.645905 375.621185 -252.384506
v -381.642609 366.234497 -305.537903
v -381.642609 366.234497 -252.384506
v -353.761505 353.047699 -305.537903
v -353.761505 353.047699 -252.384506
v -328.988586 334.674988 -305.537903
v -328.988586 334.674988 -252.384506
v -308.276215 311.822296 -305.537903
v -308.276215 311.822296 -252.384506
v -292.420013 285.368011 -305.537903
v -292.420013 285.368011 -252.384506
v -282.029510 256.328613 -305.537903
v -282.029510 256.328613 -252.384506
v -277.883301 233.539993 -305.537903
v -277.883301 233.539993 -252.384506
v -277.124908 218.100204 -305.537903
v -277.124786 218.100204 -252.384506
v -434.645905 375.621185 -305.537903
v -434.645905 410.257294 -305.537903
v -406.484589 407.948486 -305.537903
v -411.560486 373.728607 -305.537903
v -381.642609 366.234497 -305.537903
v -369.988190 398.806610 -305.537903
v -353.761505 353.047699 -305.537903
v -335.976410 382.720306 -305.537903
v -328.988586 334.674988 -305.537903
v -305.756500 360.307709 -305.537903
v -308.276215 311.822296 -305.537903
v -280.489685 332.430206 -305.537903
v -292.420013 285.368011 -305.537903
v -261.147186 300.158997 -305.537903
v -282.029510 256.328613 -305.537903
v -248.771500 265.571411 -305.537903
v -248.771500 264.659302 -305.537903
v -248.771500 236.407303 -305.537903
v -277.883301 233.539993 -305.537903
v -248.771500 218.100204 -305.537903
v -277.124908 218.100204 -305.537903
v -434.645996 404.304901 -243.919601
v -407.356903 402.067596 -243.919601
v -406.484589 407.948486 -243.919601
v -434.645996 410.257294 -243.919601
v -371.990997 393.208893 -243.919601
v -369.988190 398.806610 -243.919601
v -339.032806 377.620911 -243.919601
v -335.976410 382.720306 -243.919601
v -309.748993 355.902588 -243.919601
v -305.756500 360.307709 -243.919601
v -285.265015 328.888611 -243.919601
v -280.489685 332.430115 -243.919601
v -266.521515 297.617096 -243.919601
v -261.147186 300.158997 -243.919601
v -254.239105 263.289795 -243.919601
v -248.771500 265.571411 -243.919601
v -248.771500 264.659302 -243.919601
v -248.771500 236.370102 -243.919601
v -434.645996 410.257294 -243.919601
v -406.484589 407.948486 -243.919601
v -406.484589 407.948486 -305.537903
v -434.645905 410.257294 -305.537903
v -369.988190 398.806610 -243.919601
v -369.988190 398.806610 -305.537903
v -335.976410 382.720306 -243.919601
v -335.976410 382.720306 -305.537903
v -305.756500 360.307709 -243.919601
v -305.756500 360.307709 -305.537903
v -280.489685 332.430115 -243.919601
v -280.489685 332.430206 -305.537903
v -261.147186 300.158997 -243.919601
v -261.147186 300.158997 -305.537903
v -248.771500 265.571411 -243.919601
v -248.771500 265.571411 -305.537903
v -610.909302 235.460495 -252.384506
v -606.247314 261.084015 -252.384506
v -615.052673 263.289612 -243.919601
v -594.564209 293.735901 -252.384506
v -619.990723 236.352600 -243.919601
v -619.990723 218.248093 -244.748001
v -611.762207 218.100098 -252.384506
v -602.770081 297.617004 -243.919601
v -576.735596 323.481110 -252.384506
v -584.026672 328.888489 -243.919601
v -553.446716 349.176605 -252.384506
v -559.542725 355.902496 -243.919601
v -525.592285 369.834900 -252.384506
v -530.258911 377.620789 -243.919601
v -494.242706 384.662109 -252.384506
v -497.300812 393.208893 -243.919601
v -460.602997 393.088409 -252.384506
v -461.934906 402.067596 -243.919601
v -434.645905 395.216492 -252.384506
v -434.645996 404.304901 -243.919601
v -254.239105 263.289795 -243.919601
v -263.044403 261.084106 -252.384506
v -258.382385 235.460693 -252.384506
v -266.521515 297.617096 -243.919601
v -248.771500 236.370102 -243.919601
v -274.727509 293.735992 -252.384506
v -248.771500 218.100204 -244.227295
v -257.529510 218.100204 -252.384506
v -285.265015 328.888611 -243.919601
v -292.556213 323.481201 -252.384506
v -309.748993 355.902588 -243.919601
v -315.845093 349.176605 -252.384506
v -339.032806 377.620911 -243.919601
v -343.699585 369.834900 -252.384506
v -371.990997 393.208893 -243.919601
v -375.049103 384.662109 -252.384506
v -407.356903 402.067596 -243.919601
v -408.688690 393.088409 -252.384506
v -434.645996 404.304901 -243.919601
v -434.645905 395.216492 -252.384506
v 151.029999 233.540100 -252.384506
v 131.529099 235.460800 -252.384506
v 130.676300 218.100296 -252.384506
v 150.271500 218.100296 -252.384506
v 136.191193 261.084290 -252.384506
v 155.176300 256.328705 -252.384506
v 165.566696 285.368195 -252.384506
v 147.874100 293.736115 -252.384506
v 181.422897 311.822510 -252.384506
v 165.702805 323.481293 -252.384506
v 202.135300 334.675201 -252.384506
v 188.991699 349.176788 -252.384506
v 226.908096 353.047913 -252.384506
v 216.846207 369.835114 -252.384506
v 254.789200 366.234711 -252.384506
v 248.195694 384.662292 -252.384506
v 284.707214 373.728790 -252.384506
v 281.835388 393.088715 -252.384506
v 307.792511 375.621399 -252.384506
v 307.792511 395.216705 -252.384506
v 284.707214 373.728790 -252.384506
v 284.707214 373.728790 -305.537903
v 307.792511 375.621399 -305.537903
v 307.792511 375.621399 -252.384506
v 254.789200 366.234711 -252.384506
v 254.789200 366.234711 -305.537903
v 226.908096 353.047913 -252.384506
v 226.908096 353.047913 -305.537903
v 202.135300 334.675201 -252.384506
v 202.135300 334.675201 -305.537903
v 181.422897 311.822510 -252.384506
v 181.422897 311.822510 -305.537903
v 165.566696 285.368195 -252.384506
v 165.566696 285.368195 -305.537903
v 155.176300 256.328705 -252.384506
v 155.176300 256.328705 -305.537903
v 151.029999 233.540100 -252.384506
v 151.029999 233.540100 -305.537903
v 150.271500 218.100296 -252.384506
v 150.271500 218.100296 -305.537903
v 307.792511 375.621399 -305.537903
v 284.707214 373.728790 -305.537903
v 279.631195 407.948700 -305.537903
v 307.792511 410.257507 -305.537903
v 254.789200 366.234711 -305.537903
v 243.134705 398.806793 -305.537903
v 226.908096 353.047913 -305.537903
v 209.123001 382.720490 -305.537903
v 202.135300 334.675201 -305.537903
v 178.903107 360.307892 -305.537903
v 181.422897 311.822510 -305.537903
v 153.636398 332.430298 -305.537903
v 165.566696 285.368195 -305.537903
v 134.293793 300.159088 -305.537903
v 155.176300 256.328705 -305.537903
v 122.447601 267.051300 -305.537903
v 122.447601 264.526794 -305.537903
v 122.447701 236.355194 -305.537903
v 151.029999 233.540100 -305.537903
v 122.447701 218.100296 -305.537903
v 150.271500 218.100296 -305.537903
v 279.631104 407.948700 -243.919601
v 280.503510 402.067810 -243.919601
v 307.792511 404.305115 -243.919601
v 307.792511 410.257507 -243.919601
v 243.134705 398.806793 -243.919601
v 245.137604 393.209106 -243.919601
v 209.123001 382.720490 -243.919601
v 212.179398 377.621094 -243.919601
v 178.903107 360.307892 -243.919601
v 182.895706 355.902710 -243.919601
v 153.636398 332.430298 -243.919601
v 158.411606 328.888702 -243.919601
v 134.293793 300.159088 -243.919601
v 139.668198 297.617188 -243.919601
v 122.447601 267.051300 -243.919601
v 127.385696 263.289886 -243.919601
v 122.447601 264.526794 -243.919601
v 122.447701 236.352798 -243.919601
v 279.631195 407.948700 -305.537903
v 279.631104 407.948700 -243.919601
v 307.792511 410.257507 -243.919601
v 307.792511 410.257507 -305.537903
v 243.134705 398.806793 -305.537903
v 243.134705 398.806793 -243.919601
v 209.123001 382.720490 -305.537903
v 209.123001 382.720490 -243.919601
v 178.903107 360.307892 -305.537903
v 178.903107 360.307892 -243.919601
v 153.636398 332.430298 -305.537903
v 153.636398 332.430298 -243.919601
v 134.293793 300.159088 -305.537903
v 134.293793 300.159088 -243.919601
v 122.447601 267.051300 -305.537903
v 122.447601 267.051300 -243.919601
v 484.908905 218.100494 -252.384506
v 484.056000 235.460907 -252.384506
v 464.555115 233.540298 -252.384506
v 465.313507 218.100494 -252.384506
v 479.394012 261.084412 -252.384506
v 460.408813 256.328888 -252.384506
v 467.710907 293.736206 -252.384506
v 450.018402 285.368286 -252.384506
v 449.882294 323.481415 -252.384506
v 434.162201 311.822601 -252.384506
v 426.593292 349.176910 -252.384506
v 413.449799 334.675201 -252.384506
v 398.738800 369.835205 -252.384506
v 388.676910 353.048004 -252.384506
v 367.389313 384.662415 -252.384506
v 360.795807 366.234802 -252.384506
v 333.749603 393.088715 -252.384506
v 330.877808 373.728790 -252.384506
v 307.792511 375.621399 -252.384506
v 307.792511 395.216705 -252.384506
v 307.792511 375.621399 -305.537903
v 330.877808 373.728790 -305.537903
v 330.877808 373.728790 -252.384506
v 307.792511 375.621399 -252.384506
v 360.795807 366.234802 -305.537903
v 360.795807 366.234802 -252.384506
v 388.676910 353.048004 -305.537903
v 388.676910 353.048004 -252.384506
v 413.449799 334.675201 -305.537903
v 413.449799 334.675201 -252.384506
v 434.162201 311.822601 -305.537903
v 434.162201 311.822601 -252.384506
v 450.018402 285.368286 -305.537903
v 450.018402 285.368286 -252.384506
v 460.408813 256.328888 -305.537903
v 460.408813 256.328888 -252.384506
v 464.555115 233.540298 -305.537903
v 464.555115 233.540298 -252.384506
v 465.313507 218.100494 -305.537903
v 465.313507 218.100494 -252.384506
v 307.792511 375.621399 -305.537903
v 307.792511 410.257507 -305.537903
v 335.953796 407.948700 -305.537903
v 330.877808 373.728790 -305.537903
v 360.795807 366.234802 -305.537903
v 372.450287 398.806793 -305.537903
v 388.676910 353.048004 -305.537903
v 406.462006 382.720490 -305.537903
v 413.449799 334.675201 -305.537903
v 436.681885 360.308014 -305.537903
v 434.162201 311.822601 -305.537903
v 461.948608 332.430389 -305.537903
v 450.018402 285.368286 -305.537903
v 481.291199 300.159302 -305.537903
v 460.408813 256.328888 -305.537903
v 491.609711 271.321014 -305.537903
v 491.609711 264.144287 -305.537903
v 491.609711 236.204895 -305.537903
v 464.555115 233.540298 -305.537903
v 491.609711 218.100494 -305.537903
v 465.313507 218.100494 -305.537903
v 307.792511 404.305115 -243.919601
v 335.081512 402.067902 -243.919601
v 335.953888 407.948700 -243.919601
v 307.792511 410.257507 -243.919601
v 370.447388 393.209198 -243.919601
v 372.450287 398.806793 -243.919601
v 403.405487 377.621185 -243.919601
v 406.462006 382.720490 -243.919601
v 432.689301 355.902802 -243.919601
v 436.681885 360.308014 -243.919601
v 457.173401 328.888885 -243.919601
v 461.948608 332.430389 -243.919601
v 475.916809 297.617310 -243.919601
v 481.291199 300.159210 -243.919601
v 488.199310 263.290100 -243.919601
v 491.609711 271.321014 -243.919601
v 491.609711 264.144287 -243.919601
v 491.609711 236.204895 -245.314896
v 307.792511 410.257507 -243.919601
v 335.953888 407.948700 -243.919601
v 335.953796 407.948700 -305.537903
v 307.792511 410.257507 -305.537903
v 372.450287 398.806793 -243.919601
v 372.450287 398.806793 -305.537903
v 406.462006 382.720490 -243.919601
v 406.462006 382.720490 -305.537903
v 436.681885 360.308014 -243.919601
v 436.681885 360.308014 -305.537903
v 461.948608 332.430389 -243.919601
v 461.948608 332.430389 -305.537903
v 481.291199 300.159210 -243.919601
v 481.291199 300.159302 -305.537903
v 491.609711 271.321014 -243.919601
v 491.609711 271.321014 -305.537903
v 131.529099 235.460800 -252.384506
v 136.191193 261.084290 -252.384506
v 127.385696 263.289886 -243.919601
v 147.874100 293.736115 -252.384506
v 122.447701 236.352798 -243.919601
v 122.447701 218.100296 -244.720505
v 130.676300 218.100296 -252.384506
v 139.668198 297.617188 -243.919601
v 165.702805 323.481293 -252.384506
v 158.411606 328.888702 -243.919601
v 188.991699 349.176788 -252.384506
v 182.895706 355.902710 -243.919601
v 216.846207 369.835114 -252.384506
v 212.179398 377.621094 -243.919601
v 248.195694 384.662292 -252.384506
v 245.137604 393.209106 -243.919601
v 281.835388 393.088715 -252.384506
v 280.503510 402.067810 -243.919601
v 307.792511 395.216705 -252.384506
v 307.792511 404.305115 -243.919601
v 403.405487 377.621185 -243.919601
v 398.738800 369.835205 -252.384506
v 426.593292 349.176910 -252.384506
v 370.447388 393.209198 -243.919601
v 432.689301 355.902802 -243.919601
v 367.389313 384.662415 -252.384506
v 449.882294 323.481415 -252.384506
v 335.081512 402.067902 -243.919601
v 457.173401 328.888885 -243.919601
v 333.749603 393.088715 -252.384506
v 307.792511 404.305115 -243.919601
v 307.792511 395.216705 -252.384506
v 467.710907 293.736206 -252.384506
v 475.916809 297.617310 -243.919601
v 479.394012 261.084412 -252.384506
v 488.199310 263.290100 -243.919601
v 491.609711 236.204895 -245.314896
v 484.056000 235.460907 -252.384506
v 491.609711 218.100494 -246.143295
v 484.908905 218.100494 -252.384506
v 852.543274 218.100601 -252.384506
v 851.690430 235.461105 -252.384506
v 832.189514 233.540405 -252.384506
v 832.947876 218.100601 -252.384506
v 847.028381 261.084595 -252.384506
v 828.043213 256.329010 -252.384506
v 817.652588 285.368408 -252.384506
v 835.345276 293.736389 -252.384506
v 801.796570 311.822815 -252.384506
v 817.516724 323.481598 -252.384506
v 781.084229 334.675415 -252.384506
v 794.227600 349.177094 -252.384506
v 756.311279 353.048187 -252.384506
v 766.373108 369.835388 -252.384506
v 728.430115 366.234894 -252.384506
v 735.023621 384.662506 -252.384506
v 698.512085 373.729004 -252.384506
v 701.383911 393.088806 -252.384506
v 675.426819 375.621613 -252.384506
v 675.426819 395.216888 -252.384506
v 675.426819 375.621613 -305.537903
v 698.512085 373.729004 -305.537903
v 698.512085 373.729004 -252.384506
v 675.426819 375.621613 -252.384506
v 728.430115 366.234894 -252.384506
v 728.430115 366.234894 -305.537903
v 756.311279 353.048187 -252.384506
v 756.311279 353.048187 -305.537903
v 781.084229 334.675415 -252.384506
v 781.084229 334.675415 -305.537903
v 801.796570 311.822815 -252.384506
v 801.796570 311.822815 -305.537903
v 817.652588 285.368408 -252.384506
v 817.652588 285.368408 -305.537903
v 828.043213 256.329010 -252.384506
v 828.043213 256.329010 -305.537903
v 832.189514 233.540405 -252.384506
v 832.189514 233.540405 -305.537903
v 832.947876 218.100601 -252.384506
v 832.947876 218.100601 -305.537903
v 675.426819 375.621613 -305.537903
v 675.426819 410.257599 -305.537903
v 703.588196 407.948914 -305.537903
v 698.512085 373.729004 -305.537903
v 728.430115 366.234894 -305.537903
v 740.084717 398.807007 -305.537903
v 756.311279 353.048187 -305.537903
v 774.096313 382.720703 -305.537903
v 781.084229 334.675415 -305.537903
v 804.316223 360.308105 -305.537903
v 801.796570 311.822815 -305.537903
v 829.583130 332.430603 -305.537903
v 817.652588 285.368408 -305.537903
v 848.925598 300.159393 -305.537903
v 828.043213 256.329010 -305.537903
v 860.771790 267.051605 -305.537903
v 860.771790 264.527100 -305.537903
v 860.771790 236.355499 -305.537903
v 832.189514 233.540405 -305.537903
v 860.771790 218.100601 -305.537903
v 832.947876 218.100601 -305.537903
v 675.426880 404.305298 -243.919601
v 702.715820 402.067993 -243.919601
v 703.588196 407.948914 -243.919601
v 675.426880 410.257599 -243.919601
v 740.084717 398.807007 -243.919601
v 738.081787 393.209290 -243.919601
v 774.096313 382.720703 -243.919601
v 771.039917 377.621307 -243.919601
v 804.316223 360.308105 -243.919601
v 800.323608 355.903015 -243.919601
v 829.583130 332.430603 -243.919601
v 824.807800 328.889008 -243.919601
v 848.925598 300.159393 -243.919601
v 843.551208 297.617493 -243.919601
v 855.036682 282.350800 -244.287094
v 855.036682 264.873688 -244.274902
v 675.426880 410.257599 -243.919601
v 703.588196 407.948914 -243.919601
v 703.588196 407.948914 -305.537903
v 675.426819 410.257599 -305.537903
v 740.084717 398.807007 -305.537903
v 740.084717 398.807007 -243.919601
v 774.096313 382.720703 -305.537903
v 774.096313 382.720703 -243.919601
v 804.316223 360.308105 -305.537903
v 804.316223 360.308105 -243.919601
v 829.583130 332.430603 -305.537903
v 829.583130 332.430603 -243.919601
v 848.925598 300.159393 -305.537903
v 848.925598 300.159393 -243.919601
v 856.115295 279.473114 -245.334503
v 855.036682 282.350800 -244.287094
v 860.771790 267.051605 -305.537903
v 860.771790 267.051605 -249.855896
v 518.664429 233.540298 -252.384506
v 499.163513 235.460999 -252.384506
v 498.310608 218.100494 -252.384506
v 517.905884 218.100494 -252.384506
v 503.825500 261.084412 -252.384506
v 522.810730 256.328888 -252.384506
v 515.508484 293.736298 -252.384506
v 533.201111 285.368286 -252.384506
v 533.337097 323.481506 -252.384506
v 549.057312 311.822693 -252.384506
v 556.626221 349.176910 -252.384506
v 569.769592 334.675293 -252.384506
v 584.480530 369.835297 -252.384506
v 594.542419 353.048096 -252.384506
v 615.830017 384.662506 -252.384506
v 622.423523 366.234894 -252.384506
v 649.469727 393.088806 -252.384506
v 652.341614 373.729004 -252.384506
v 675.426819 375.621613 -252.384506
v 675.426819 395.216888 -252.384506
v 652.341614 373.729004 -252.384506
v 652.341614 373.729004 -305.537903
v 675.426819 375.621613 -305.537903
v 675.426819 375.621613 -252.384506
v 622.423523 366.234894 -305.537903
v 622.423523 366.234894 -252.384506
v 594.542419 353.048096 -305.537903
v 594.542419 353.048096 -252.384506
v 569.769592 334.675293 -305.537903
v 569.769592 334.675293 -252.384506
v 549.057312 311.822693 -305.537903
v 549.057312 311.822693 -252.384506
v 533.201111 285.368286 -305.537903
v 533.201111 285.368286 -252.384506
v 522.810730 256.328888 -305.537903
v 522.810730 256.328888 -252.384506
v 518.664429 233.540298 -305.537903
v 518.664429 233.540298 -252.384506
v 517.905884 218.100494 -305.537903
v 517.905884 218.100494 -252.384506
v 675.426819 375.621613 -305.537903
v 652.341614 373.729004 -305.537903
v 647.265503 407.948914 -305.537903
v 675.426819 410.257599 -305.537903
v 610.768982 398.806885 -305.537903
v 622.423523 366.234894 -305.537903
v 576.757385 382.720612 -305.537903
v 594.542419 353.048096 -305.537903
v 546.537476 360.308014 -305.537903
v 569.769592 334.675293 -305.537903
v 521.270813 332.430511 -305.537903
v 549.057312 311.822693 -305.537903
v 501.928192 300.159302 -305.537903
v 533.201111 285.368286 -305.537903
v 491.609711 271.321014 -305.537903
v 522.810730 256.328888 -305.537903
v 491.609711 264.144287 -305.537903
v 491.609711 236.204895 -305.537903
v 518.664429 233.540298 -305.537903
v 491.609711 218.100494 -305.537903
v 517.905884 218.100494 -305.537903
v 647.265503 407.948914 -243.919601
v 648.137817 402.067993 -243.919601
v 675.426880 404.305298 -243.919601
v 675.426880 410.257599 -243.919601
v 612.771912 393.209290 -243.919601
v 610.768982 398.806885 -243.919601
v 579.813904 377.621185 -243.919601
v 576.757385 382.720612 -243.919601
v 550.530090 355.902893 -243.919601
v 546.537476 360.308014 -243.919601
v 526.046082 328.888885 -243.919601
v 521.270813 332.430511 -243.919601
v 507.302612 297.617401 -243.919601
v 501.928192 300.159302 -243.919601
v 495.020111 263.290100 -243.919601
v 491.609711 271.321014 -243.919601
v 491.609711 264.144287 -243.919601
v 491.609711 236.204895 -245.314896
v 647.265503 407.948914 -305.537903
v 647.265503 407.948914 -243.919601
v 675.426880 410.257599 -243.919601
v 675.426819 410.257599 -305.537903
v 610.768982 398.806885 -243.919601
v 610.768982 398.806885 -305.537903
v 576.757385 382.720612 -243.919601
v 576.757385 382.720612 -305.537903
v 546.537476 360.308014 -243.919601
v 546.537476 360.308014 -305.537903
v 521.270813 332.430511 -243.919601
v 521.270813 332.430511 -305.537903
v 501.928192 300.159302 -243.919601
v 501.928192 300.159302 -305.537903
v 491.609711 271.321014 -243.919601
v 491.609711 271.321014 -305.537903
v 851.690430 235.461105 -252.384506
v 855.366821 235.822205 -248.957794
v 855.152588 255.772293 -245.807098
v 855.010071 218.100601 -250.086807
v 852.543274 218.100601 -252.384506
v 847.028381 261.084595 -252.384506
v 855.060913 262.969604 -244.595398
v 835.345276 293.736389 -252.384506
v 855.036682 264.873688 -244.274902
v 843.551208 297.617493 -243.919601
v 817.516724 323.481598 -252.384506
v 824.807800 328.889008 -243.919601
v 794.227600 349.177094 -252.384506
v 800.323608 355.903015 -243.919601
v 766.373108 369.835388 -252.384506
v 771.039917 377.621307 -243.919601
v 735.023621 384.662506 -252.384506
v 738.081787 393.209290 -243.919601
v 701.383911 393.088806 -252.384506
v 702.715820 402.067993 -243.919601
v 675.426819 395.216888 -252.384506
v 675.426880 404.305298 -243.919601
v 556.626221 349.176910 -252.384506
v 584.480530 369.835297 -252.384506
v 579.813904 377.621185 -243.919601
v 550.530090 355.902893 -243.919601
v 612.771912 393.209290 -243.919601
v 533.337097 323.481506 -252.384506
v 615.830017 384.662506 -252.384506
v 526.046082 328.888885 -243.919601
v 648.137817 402.067993 -243.919601
v 515.508484 293.736298 -252.384506
v 649.469727 393.088806 -252.384506
v 675.426880 404.305298 -243.919601
v 675.426819 395.216888 -252.384506
v 507.302612 297.617401 -243.919601
v 503.825500 261.084412 -252.384506
v 495.020111 263.290100 -243.919601
v 491.609711 236.204895 -245.314896
v 499.163513 235.460999 -252.384506
v 491.609711 218.100494 -246.143295
v 498.310608 218.100494 -252.384506
v 866.258606 390.088287 -36.105701
v 866.258606 389.034607 -58.812199
v 866.258606 369.282288 -56.866798
v 866.258606 370.240387 -36.105701
v 866.258606 366.371094 -76.492401
v 866.258606 385.837585 -80.364601
v 866.258606 361.550201 -95.738297
v 866.258606 380.543488 -101.499802
v 866.258606 354.866211 -114.418900
v 866.258606 373.203186 -122.014397
v 866.258606 346.383301 -132.354401
v 866.258606 363.887604 -141.710602
v 866.258606 336.183289 -149.372101
v 866.258606 352.686188 -160.399002
v 866.258606 324.364288 -165.308105
v 866.258606 339.707001 -177.899506
v 866.258606 311.040314 -180.008896
v 866.258606 325.075012 -194.043503
v 866.258606 296.339508 -193.332901
v 866.258606 308.930908 -208.675507
v 866.258606 280.403595 -205.151794
v 866.258606 291.430511 -221.654694
v 866.258606 272.906494 -232.136597
v 866.258606 263.550201 -214.632294
v 866.258606 252.371399 -238.687393
v 866.258606 244.776001 -220.350403
v 866.258606 231.920303 -242.383606
v 866.258606 226.158798 -223.390305
v 866.258606 216.526703 -243.258102
v 866.258606 215.086304 -223.909897
v 866.258606 211.395493 -224.083099
v 866.258606 211.395493 -243.549606
v 864.679993 390.088287 -36.105701
v 864.679993 389.034607 -58.812199
v 866.258606 389.034607 -58.812199
v 866.258606 390.088287 -36.105701
v 866.258606 385.837585 -80.364601
v 864.679993 385.837585 -80.364601
v 866.258606 380.543488 -101.499802
v 864.679993 380.543488 -101.499802
v 866.258606 373.203186 -122.014397
v 864.679993 373.203186 -122.014397
v 866.258606 363.887604 -141.710602
v 864.679993 363.887604 -141.710602
v 866.258606 352.686188 -160.399002
v 864.679993 352.686188 -160.399002
v 866.258606 339.707001 -177.899506
v 864.680115 339.707001 -177.899506
v 866.258606 325.075012 -194.043503
v 864.680115 325.075012 -194.043503
v 866.258606 308.930908 -208.675507
v 864.680115 308.930908 -208.675507
v 866.258606 291.430511 -221.654694
v 864.680115 291.430511 -221.654694
v 866.258606 272.906494 -232.136597
v 864.680115 272.906494 -232.136597
v 866.258606 252.371399 -238.687393
v 864.680115 252.371399 -238.687393
v 866.258606 231.920303 -242.383606
v 864.680115 231.920303 -242.383606
v 866.258606 216.526703 -243.258102
v 864.680115 216.526703 -243.258102
v 866.258606 211.395493 -243.549606
v 864.680115 211.395493 -243.549606
v 855.036621 399.293793 -36.105701
v 855.036621 398.195801 -59.714500
v 864.679993 389.034607 -58.812199
v 864.679993 390.088287 -36.105701
v 864.679993 385.837585 -80.364601
v 855.036621 394.866302 -82.160500
v 864.679993 380.543488 -101.499802
v 855.036621 389.352692 -104.171997
v 864.679993 373.203186 -122.014397
v 855.036682 381.708099 -125.537201
v 864.679993 363.887604 -141.710602
v 855.036682 372.006195 -146.050095
v 864.679993 352.686188 -160.399002
v 855.036682 360.340302 -165.513397
v 864.680115 339.707001 -177.899506
v 855.036682 346.822998 -183.739395
v 864.680115 325.075012 -194.043503
v 855.036682 331.584198 -200.552704
v 864.680115 308.930908 -208.675507
v 855.036682 314.770905 -215.791504
v 864.680115 291.430511 -221.654694
v 855.036682 296.544800 -229.308899
v 855.036682 277.245911 -240.255203
v 864.680115 272.906494 -232.136597
v 855.060913 262.969604 -244.595398
v 855.036682 264.873688 -244.274902
v 864.680115 252.371399 -238.687393
v 855.152588 255.772293 -245.807098
v 855.366821 235.822205 -248.957794
v 864.680115 231.920303 -242.383606
v 855.010071 218.100601 -250.086807
v 864.680115 216.526703 -243.258102
v 855.036682 211.395493 -250.214203
v 864.680115 211.395493 -243.549606
v 912.848083 311.040314 -180.008896
v 912.848083 324.364288 -165.308105
v 866.258606 324.364288 -165.308105
v 866.258606 311.040314 -180.008896
v 866.258606 336.183289 -149.372101
v 912.848083 296.339508 -193.332794
v 912.848022 336.183289 -149.372101
v 866.258606 296.339508 -193.332901
v 866.258606 346.383301 -132.354401
v 912.848083 280.403595 -205.151794
v 912.848022 346.383301 -132.354401
v 866.258606 280.403595 -205.151794
v 866.258606 354.866211 -114.418900
v 912.848083 263.550201 -214.632294
v 912.848022 354.866211 -114.418900
v 866.258606 263.550201 -214.632294
v 866.258606 361.550201 -95.738297
v 912.848083 244.776001 -220.350403
v 912.848022 361.550201 -95.738297
v 866.258606 244.776001 -220.350403
v 866.258606 366.371094 -76.492401
v 912.848083 226.158798 -223.390305
v 912.848022 366.371094 -76.492401
v 866.258606 226.158798 -223.390305
v 866.258606 369.282288 -56.866798
v 912.848083 215.086304 -223.909897
v 912.848022 369.282288 -56.866798
v 866.258606 370.240387 -36.105701
v 912.848022 370.240387 -36.105701
v 866.258606 215.086304 -223.909897
v 912.848083 211.395493 -224.083099
v 866.258606 211.395493 -224.083099
v 912.848083 335.847504 -204.815994
v 912.848083 351.483612 -187.564194
v 912.848083 324.364288 -165.308105
v 912.848083 311.040314 -180.008896
v 912.848022 336.183289 -149.372101
v 912.848083 318.595703 -220.452103
v 912.848022 365.353394 -168.863007
v 912.848083 296.339508 -193.332794
v 912.848022 346.383301 -132.354401
v 912.848083 299.894409 -234.321899
v 912.848022 377.323395 -148.892197
v 912.848083 280.403595 -205.151794
v 912.848022 354.866211 -114.418900
v 912.848083 280.088104 -245.572403
v 912.848022 387.278290 -127.844398
v 912.848083 263.550201 -214.632294
v 912.848022 361.550201 -95.738297
v 912.848083 258.201508 -252.762405
v 912.848022 395.122192 -105.922203
v 912.848083 244.776001 -220.350403
v 912.848022 366.371094 -76.492401
v 912.848083 236.342697 -256.962311
v 912.848022 400.779510 -83.336700
v 912.848083 226.158798 -223.390305
v 912.848022 369.282288 -56.866798
v 912.848083 217.632294 -258.109192
v 912.848022 404.195892 -60.305500
v 912.848022 370.240387 -36.105701
v 912.848022 405.322906 -36.105701
v 912.848083 215.086304 -223.909897
v 912.848083 211.395493 -224.083099
v 912.848083 211.395493 -258.491486
v 855.036682 331.584198 -200.552704
v 855.036682 346.822998 -183.739395
v 855.036682 351.483612 -187.564194
v 855.036682 335.847504 -204.815994
v 855.036682 365.353394 -168.863007
v 855.036682 314.770905 -215.791504
v 855.036682 360.340302 -165.513397
v 855.036682 318.595703 -220.452103
v 855.036682 377.323395 -148.892197
v 855.036682 296.544800 -229.308899
v 855.036682 372.006195 -146.050095
v 855.036682 299.894409 -234.321899
v 855.036682 387.278290 -127.844398
v 855.036682 282.350800 -244.287094
v 855.036682 277.245911 -240.255203
v 855.036682 264.873688 -244.274902
v 855.036682 381.708099 -125.537201
v 855.036621 395.122192 -105.922203
v 855.036621 389.352692 -104.171997
v 855.036621 400.779510 -83.336700
v 855.036621 394.866302 -82.160500
v 855.036621 404.195892 -60.305500
v 855.036621 398.195801 -59.714500
v 855.036621 405.322906 -36.105701
v 855.036621 399.293793 -36.105701
v 855.036682 335.847504 -204.815994
v 855.036682 351.483612 -187.564194
v 912.848083 351.483612 -187.564194
v 912.848083 335.847504 -204.815994
v 912.848022 365.353394 -168.863007
v 855.036682 318.595703 -220.452103
v 855.036682 365.353394 -168.863007
v 912.848083 318.595703 -220.452103
v 912.848022 377.323395 -148.892197
v 855.036682 299.894409 -234.321899
v 855.036682 377.323395 -148.892197
v 912.848022 387.278290 -127.844398
v 855.036682 387.278290 -127.844398
v 912.848022 395.122192 -105.922203
v 855.036621 395.122192 -105.922203
v 912.848022 400.779510 -83.336700
v 855.036621 400.779510 -83.336700
v 912.848022 404.195892 -60.305500
v 855.036621 404.195892 -60.305500
v 912.848022 405.322906 -36.105701
v 855.036621 405.322906 -36.105701
v 912.848083 299.894409 -234.321899
v 856.115295 279.473114 -245.334503
v 855.036682 282.350800 -244.287094
v 912.848083 280.088104 -245.572403
v 860.771790 267.051605 -249.855896
v 912.848083 258.201508 -252.762405
v 864.017883 258.201508 -252.762405
v 912.848083 236.342697 -256.962311
v 855.036682 236.342697 -256.962311
v 855.036682 217.632294 -258.109192
v 912.848083 217.632294 -258.109192
v 855.036682 211.395493 -258.491486
v 912.848083 211.395493 -258.491486
v -1029.183350 729.411926 -47.318100
v -998.356873 729.411926 -47.318100
v -998.356873 712.309814 -45.633701
v -1029.183350 712.309814 -45.633701
v -998.356873 745.856689 -52.306599
v -1029.183350 745.856689 -52.306599
v -998.356873 761.012329 -60.407501
v -1029.183350 761.012329 -60.407501
v -998.356873 774.296387 -71.309402
v -1029.183350 774.296387 -71.309402
v -998.356873 785.198425 -84.593399
v -1029.183350 785.198425 -84.593399
v -998.356873 793.299194 -99.749100
v -1029.183350 793.299194 -99.749100
v -998.356873 798.287720 -116.193901
v -1029.183350 798.287720 -116.193901
v -998.356873 799.972229 -133.296005
v -1029.183350 799.972229 -133.296005
v -998.356873 798.287720 -150.398102
v -1029.183350 798.287720 -150.398102
v -998.356873 793.299194 -166.842896
v -1029.183350 793.299194 -166.842896
v -998.356873 785.198425 -181.998596
v -1029.183350 785.198425 -181.998596
v -998.356873 774.296387 -195.282700
v -1029.183350 774.296387 -195.282700
v -998.356873 761.012512 -206.184601
v -1029.183350 761.012512 -206.184601
v -998.356873 745.856812 -214.285507
v -1029.183350 745.856812 -214.285507
v -998.356873 729.411926 -219.274002
v -1029.183350 729.411926 -219.274002
v -998.356873 712.309814 -220.958405
v -1029.183350 712.309814 -220.958405
v -1029.183350 718.446411 -34.832199
v -1029.183350 731.637024 -36.131401
v -1029.183350 729.411926 -47.318100
v -1029.183350 712.309814 -34.832199
v -1029.183350 712.309814 -45.633701
v -1029.183350 731.895386 -34.832199
v -1029.183350 745.856689 -52.306599
v -1029.183350 750.221619 -41.768902
v -1029.183350 753.094788 -34.832199
v -1029.183350 761.012329 -60.407501
v -1029.183350 755.726624 -34.832199
v -1029.183350 767.349121 -50.923801
v -1029.183350 774.296387 -71.309402
v -1029.183350 772.213013 -43.644402
v -1029.183350 782.361572 -63.244202
v -1029.183350 785.198425 -84.593399
v -1029.183350 788.552124 -57.053600
v -1029.183350 794.682007 -78.256599
v -1029.183350 793.299194 -99.749100
v -1029.183350 801.961304 -73.392700
v -1029.183350 803.836914 -95.384201
v -1029.183350 798.287720 -116.193901
v -1029.183350 811.925293 -92.033897
v -1029.183350 809.474426 -113.968697
v -1029.183350 799.972229 -133.296005
v -1029.183350 818.060974 -112.260803
v -1029.183350 811.378113 -133.296005
v -1029.183350 798.287720 -150.398102
v -1029.183350 820.132812 -133.296005
v -1029.183350 809.474487 -152.623199
v -1029.183350 793.299194 -166.842896
v -1029.183350 818.060974 -154.331299
v -1029.183350 803.836914 -171.207703
v -1029.183350 785.198425 -181.998596
v -1029.183350 811.925293 -174.558105
v -1029.183350 794.682007 -188.335297
v -1029.183350 774.296387 -195.282700
v -1029.183350 801.961426 -193.199203
v -1029.183350 782.361572 -203.347794
v -1029.183350 761.012512 -206.184601
v -1029.183350 788.552185 -209.538406
v -1029.183350 767.349182 -215.668198
v -1029.183350 745.856812 -214.285507
v -1029.183350 772.213074 -222.947601
v -1029.183350 750.221619 -224.823105
v -1029.183350 729.411926 -219.274002
v -1029.183350 753.571899 -232.911499
v -1029.183350 731.637085 -230.460602
v -1029.183350 712.309814 -220.958405
v -1029.183350 733.345093 -239.047302
v -1029.183350 712.309814 -232.364304
v -1029.183350 712.309814 -241.119003
v -998.356873 712.309814 -232.364304
v -998.356873 731.637085 -230.460602
v -998.356873 729.411926 -219.274002
v -998.356873 712.309814 -220.958405
v -998.356873 745.856812 -214.285507
v -998.356873 750.221619 -224.823105
v -998.356873 761.012512 -206.184601
v -998.356873 767.349182 -215.668198
v -998.356873 774.296387 -195.282700
v -998.356873 782.361572 -203.347794
v -998.356873 785.198425 -181.998596
v -998.356873 794.682007 -188.335297
v -998.356873 793.299194 -166.842896
v -998.356873 803.836914 -171.207703
v -998.356873 798.287720 -150.398102
v -998.356873 809.474487 -152.623199
v -998.356873 799.972229 -133.296005
v -998.356873 811.378113 -133.296005
v -998.356873 798.287720 -116.193901
v -998.356873 809.474426 -113.968697
v -998.356873 793.299194 -99.749100
v -998.356873 803.836914 -95.384201
v -998.356873 785.198425 -84.593399
v -998.356873 794.682007 -78.256599
v -998.356873 774.296387 -71.309402
v -998.356873 782.361572 -63.244202
v -998.356873 761.012329 -60.407501
v -998.356873 767.349121 -50.923801
v -998.356873 745.856689 -52.306599
v -998.356873 750.221619 -41.768902
v -998.356873 729.411926 -47.318100
v -998.356873 731.637024 -36.131401
v -998.356873 712.309814 -45.633701
v -998.356873 718.446411 -34.832199
v -998.356873 712.309814 -34.832199
v -997.450012 712.309814 -232.364304
v -997.450012 731.637085 -230.460602
v -998.356873 731.637085 -230.460602
v -998.356873 712.309814 -232.364304
v -998.356873 750.221619 -224.823105
v -997.450012 750.221619 -224.823105
v -998.356873 767.349182 -215.668198
v -997.450012 767.349182 -215.668198
v -998.356873 782.361572 -203.347794
v -997.450012 782.361572 -203.347794
v -998.356873 794.682007 -188.335297
v -997.450012 794.682007 -188.335297
v -998.356873 803.836914 -171.207703
v -997.450012 803.836914 -171.207703
v -998.356873 809.474487 -152.623199
v -997.450012 809.474487 -152.623199
v -998.356873 811.378113 -133.296005
v -997.450012 811.378113 -133.296005
v -998.356873 809.474426 -113.968697
v -997.450012 809.474426 -113.968697
v -998.356873 803.836914 -95.384201
v -997.450012 803.836914 -95.384201
v -998.356873 794.682007 -78.256599
v -997.450012 794.682007 -78.256599
v -998.356873 782.361572 -63.244202
v -997.450012 782.361572 -63.244202
v -998.356873 767.349121 -50.923801
v -997.450012 767.349121 -50.923801
v -998.356873 750.221619 -41.768902
v -997.450012 750.221619 -41.768902
v -998.356873 731.637024 -36.131401
v -997.450012 731.637024 -36.131401
v -998.356873 718.446411 -34.832199
v -997.450012 718.446411 -34.832199
v -991.908203 732.669128 -235.649094
v -997.450012 731.637085 -230.460602
v -997.450012 712.309814 -232.364304
v -991.908203 712.309814 -237.654404
v -997.450012 750.221619 -224.823105
v -991.908203 752.245972 -229.710495
v -997.450012 767.349182 -215.668198
v -991.908203 770.288208 -220.066803
v -997.450012 782.361572 -203.347794
v -991.908203 786.102295 -207.088501
v -997.450012 794.682007 -188.335297
v -991.908203 799.080627 -191.274399
v -997.450012 803.836914 -171.207703
v -991.908203 808.724426 -173.232193
v -997.450012 809.474487 -152.623199
v -991.908203 814.662903 -153.655304
v -997.450012 811.378113 -133.296005
v -991.908203 816.668091 -133.296005
v -997.450012 809.474426 -113.968697
v -991.908203 814.662781 -112.936699
v -997.450012 803.836914 -95.384201
v -991.908203 808.724182 -93.359802
v -997.450012 794.682007 -78.256599
v -991.908203 799.080627 -75.317596
v -997.450012 782.361572 -63.244202
v -991.908203 786.102173 -59.503502
v -997.450012 767.349121 -50.923801
v -991.908203 770.288086 -46.525200
v -997.450012 750.221619 -41.768902
v -991.908203 752.245972 -36.881500
v -997.450012 731.637024 -36.131401
v -991.908203 745.490417 -34.832199
v -996.062317 731.895386 -34.832199
v -997.450012 718.446411 -34.832199
v -991.908203 816.668091 -133.296005
v -991.908203 814.662903 -153.655304
v -991.908203 818.060974 -154.331299
v -991.908203 820.132812 -133.296005
v -991.908203 811.925293 -174.558105
v -991.908203 814.662781 -112.936699
v -991.908203 808.724426 -173.232193
v -991.908203 818.060974 -112.260803
v -991.908203 801.961426 -193.199203
v -991.908203 808.724182 -93.359802
v -991.908203 799.080627 -191.274399
v -991.908203 811.925293 -92.033897
v -991.908203 788.552185 -209.538406
v -991.908203 799.080627 -75.317596
v -991.908203 786.102295 -207.088501
v -991.908203 801.961304 -73.392700
v -991.908203 772.213074 -222.947601
v -991.908203 786.102173 -59.503502
v -991.908203 770.288208 -220.066803
v -991.908203 788.552124 -57.053600
v -991.908203 753.571899 -232.911499
v -991.908203 770.288086 -46.525200
v -991.908203 752.245972 -229.710495
v -991.908203 733.345093 -239.047302
v -991.908203 732.669128 -235.649094
v -991.908203 712.309814 -241.119003
v -991.908203 712.309814 -237.654404
v -991.908203 772.213013 -43.644402
v -991.908203 753.094788 -34.832199
v -991.908203 755.726501 -34.832199
v -991.908203 752.245972 -36.881500
v -991.908203 745.490417 -34.832199
v -991.908203 820.132812 -133.296005
v -991.908203 818.060974 -154.331299
v -1029.183350 818.060974 -154.331299
v -1029.183350 820.132812 -133.296005
v -1029.183350 811.925293 -174.558105
v -991.908203 818.060974 -112.260803
v -991.908203 811.925293 -174.558105
v -1029.183350 818.060974 -112.260803
v -1029.183350 801.961426 -193.199203
v -991.908203 811.925293 -92.033897
v -991.908203 801.961426 -193.199203
v -1029.183350 811.925293 -92.033897
v -1029.183350 788.552185 -209.538406
v -991.908203 801.961304 -73.392700
v -991.908203 788.552185 -209.538406
v -1029.183350 801.961304 -73.392700
v -1029.183350 772.213074 -222.947601
v -991.908203 788.552124 -57.053600
v -991.908203 772.213074 -222.947601
v -1029.183350 788.552124 -57.053600
v -1029.183350 753.571899 -232.911499
v -991.908203 772.213013 -43.644402
v -991.908203 753.571899 -232.911499
v -1029.183350 772.213013 -43.644402
v -991.908203 755.726501 -34.832199
v -1029.183350 755.726624 -34.832199
v -1029.183350 733.345093 -239.047302
v -991.908203 733.345093 -239.047302
v -1029.183350 712.309814 -241.119003
v -991.908203 712.309814 -241.119003
v -998.356873 712.309814 -45.633701
v -998.356873 695.737305 -45.048302
v -1029.183350 695.737305 -45.048302
v -1029.183350 712.309814 -45.633701
v -1029.183350 695.737305 -45.048302
v -1029.183350 695.737305 -34.832199
v -1029.183350 712.309814 -34.832199
v -1029.183350 712.309814 -45.633701
v -998.356873 712.309814 -220.958405
v -998.356873 695.737305 -220.796005
v -998.356873 695.737305 -232.032593
v -998.356873 712.309814 -232.364304
v -1029.183350 712.309814 -232.364304
v -1029.183350 712.309814 -241.119003
v -1029.183350 695.737305 -240.681793
v -1029.183350 695.737305 -232.032593
v -1029.183350 712.309814 -220.958405
v -1029.183350 695.737305 -220.796005
v -998.356873 695.737305 -232.032593
v -997.450012 695.737305 -232.032593
v -997.450012 712.309814 -232.364304
v -998.356873 712.309814 -232.364304
v -997.450012 712.309814 -232.364304
v -997.450012 695.737305 -232.032593
v -991.908203 695.737305 -237.256805
v -991.908203 712.309814 -237.654404
v -998.356873 695.737305 -220.796005
v -998.356873 712.309814 -220.958405
v -1029.183350 712.309814 -220.958405
v -1029.183350 695.737305 -220.796005
v -991.908203 695.737305 -240.681793
v -991.908203 712.309814 -241.119003
v -991.908203 712.309814 -237.654404
v -991.908203 695.737305 -237.256805
v -1029.183350 695.737305 -240.681793
v -1029.183350 712.309814 -241.119003
v -991.908203 712.309814 -241.119003
v -991.908203 695.737305 -240.681793
v -998.356873 712.309814 -34.832199
v -998.356873 695.737305 -34.832199
v -998.356873 695.737305 -45.048302
v -998.356873 712.309814 -45.633701
v -998.356873 712.309814 -24.030701
v -998.356873 729.411926 -22.346300
v -1029.183350 729.411926 -22.346300
v -1029.183350 712.309814 -24.030701
v -998.356873 745.856689 -17.357800
v -1029.183350 745.856689 -17.357800
v -998.356873 761.012329 -9.257000
v -1029.183350 761.012329 -9.257000
v -998.356873 774.296387 1.644900
v -1029.183350 774.296387 1.644900
v -998.356873 785.198425 14.929000
v -1029.183350 785.198425 14.929000
v -998.356873 793.299194 30.084700
v -1029.183350 793.299194 30.084700
v -998.356873 798.287720 46.529499
v -1029.183350 798.287720 46.529499
v -998.356873 799.972229 63.631599
v -1029.183350 799.972229 63.631599
v -998.356873 798.287720 80.733704
v -1029.183350 798.287720 80.733704
v -998.356873 793.299194 97.178497
v -1029.183350 793.299194 97.178497
v -998.356873 785.198425 112.334198
v -1029.183350 785.198425 112.334198
v -998.356873 774.296387 125.618202
v -1029.183350 774.296387 125.618202
v -998.356873 761.012512 136.520203
v -1029.183350 761.012512 136.520203
v -998.356873 745.856812 144.621002
v -1029.183350 745.856812 144.621002
v -998.356873 729.411926 149.609497
v -1029.183350 729.411926 149.609497
v -998.356873 712.309814 151.293900
v -1029.183350 712.309814 151.293900
v -1029.183350 729.411926 -22.346300
v -1029.183350 731.637024 -33.533100
v -1029.183350 718.446411 -34.832199
v -1029.183350 712.309814 -34.832199
v -1029.183350 712.309814 -24.030701
v -1029.183350 731.895386 -34.832199
v -1029.183350 745.856689 -17.357800
v -1029.183350 750.221619 -27.895500
v -1029.183350 753.094788 -34.832199
v -1029.183350 761.012329 -9.257000
v -1029.183350 755.726624 -34.832199
v -1029.183350 767.349121 -18.740601
v -1029.183350 774.296387 1.644900
v -1029.183350 772.213013 -26.020000
v -1029.183350 782.361572 -6.420200
v -1029.183350 785.198425 14.929000
v -1029.183350 788.552124 -12.610800
v -1029.183350 794.682007 8.592200
v -1029.183350 793.299194 30.084700
v -1029.183350 801.961304 3.728300
v -1029.183350 803.836914 25.719801
v -1029.183350 798.287720 46.529499
v -1029.183350 811.925293 22.369400
v -1029.183350 809.474426 44.304298
v -1029.183350 799.972229 63.631599
v -1029.183350 818.060974 42.596298
v -1029.183350 811.378113 63.631599
v -1029.183350 798.287720 80.733704
v -1029.183350 820.132812 63.631599
v -1029.183350 809.474487 82.958801
v -1029.183350 793.299194 97.178497
v -1029.183350 818.060974 84.666801
v -1029.183350 803.836914 101.543297
v -1029.183350 785.198425 112.334198
v -1029.183350 811.925293 104.893600
v -1029.183350 794.682007 118.670898
v -1029.183350 774.296387 125.618202
v -1029.183350 801.961426 123.534897
v -1029.183350 782.361572 133.683395
v -1029.183350 761.012512 136.520203
v -1029.183350 788.552185 139.873993
v -1029.183350 767.349182 146.003799
v -1029.183350 745.856812 144.621002
v -1029.183350 772.213074 153.283096
v -1029.183350 750.221619 155.158707
v -1029.183350 729.411926 149.609497
v -1029.183350 753.571899 163.247101
v -1029.183350 731.637085 160.796204
v -1029.183350 712.309814 151.293900
v -1029.183350 733.345093 169.382904
v -1029.183350 712.309814 162.699799
v -1029.183350 712.309814 171.454697
v -998.356873 729.411926 149.609497
v -998.356873 731.637085 160.796204
v -998.356873 712.309814 162.699799
v -998.356873 712.309814 151.293900
v -998.356873 745.856812 144.621002
v -998.356873 750.221619 155.158707
v -998.356873 761.012512 136.520203
v -998.356873 767.349182 146.003799
v -998.356873 774.296387 125.618202
v -998.356873 782.361572 133.683395
v -998.356873 785.198425 112.334198
v -998.356873 794.682007 118.670898
v -998.356873 793.299194 97.178497
v -998.356873 803.836914 101.543297
v -998.356873 798.287720 80.733704
v -998.356873 809.474487 82.958801
v -998.356873 799.972229 63.631599
v -998.356873 811.378113 63.631599
v -998.356873 798.287720 46.529499
v -998.356873 809.474426 44.304298
v -998.356873 793.299194 30.084700
v -998.356873 803.836914 25.719801
v -998.356873 785.198425 14.929000
v -998.356873 794.682007 8.592200
v -998.356873 774.296387 1.644900
v -998.356873 782.361572 -6.420200
v -998.356873 761.012329 -9.257000
v -998.356873 767.349121 -18.740601
v -998.356873 745.856689 -17.357800
v -998.356873 750.221619 -27.895500
v -998.356873 729.411926 -22.346300
v -998.356873 731.637024 -33.533100
v -998.356873 712.309814 -24.030701
v -998.356873 718.446411 -34.832199
v -998.356873 712.309814 -34.832199
v -998.356873 731.637085 160.796204
v -997.450012 731.637085 160.796204
v -997.450012 712.309814 162.699799
v -998.356873 712.309814 162.699799
v -998.356873 750.221619 155.158707
v -997.450012 750.221619 155.158707
v -998.356873 767.349182 146.003799
v -997.450012 767.349182 146.003799
v -998.356873 782.361572 133.683395
v -997.450012 782.361572 133.683395
v -998.356873 794.682007 118.670898
v -997.450012 794.682007 118.670898
v -998.356873 803.836914 101.543297
v -997.450012 803.836914 101.543297
v -998.356873 809.474487 82.958801
v -997.450012 809.474487 82.958801
v -998.356873 811.378113 63.631599
v -997.450012 811.378113 63.631599
v -998.356873 809.474426 44.304298
v -997.450012 809.474426 44.304298
v -998.356873 803.836914 25.719801
v -997.450012 803.836914 25.719801
v -998.356873 794.682007 8.592200
v -997.450012 794.682007 8.592200
v -998.356873 782.361572 -6.420200
v -997.450012 782.361572 -6.420200
v -998.356873 767.349121 -18.740601
v -997.450012 767.349121 -18.740601
v -998.356873 750.221619 -27.895500
v -997.450012 750.221619 -27.895500
v -998.356873 731.637024 -33.533100
v -997.450012 731.637024 -33.533100
v -998.356873 718.446411 -34.832199
v -997.450012 718.446411 -34.832199
v -997.450012 712.309814 162.699799
v -997.450012 731.637085 160.796204
v -991.908203 732.669128 165.984695
v -991.908203 712.309814 167.989899
v -997.450012 750.221619 155.158707
v -991.908203 752.245972 160.046204
v -997.450012 767.349182 146.003799
v -991.908203 770.288208 150.402405
v -997.450012 782.361572 133.683395
v -991.908203 786.102295 137.423996
v -997.450012 794.682007 118.670898
v -991.908203 799.080627 121.610001
v -997.450012 803.836914 101.543297
v -991.908203 808.724426 103.567703
v -997.450012 809.474487 82.958801
v -991.908203 814.662903 83.990898
v -997.450012 811.378113 63.631599
v -991.908203 816.668091 63.631599
v -997.450012 809.474426 44.304298
v -991.908203 814.662781 43.272301
v -997.450012 803.836914 25.719801
v -991.908203 808.724182 23.695400
v -997.450012 794.682007 8.592200
v -991.908203 799.080627 5.653200
v -997.450012 782.361572 -6.420200
v -991.908203 786.102173 -10.160900
v -997.450012 767.349121 -18.740601
v -991.908203 770.288086 -23.139200
v -997.450012 750.221619 -27.895500
v -991.908203 752.245972 -32.782902
v -997.450012 731.637024 -33.533100
v -991.908203 745.490417 -34.832199
v -996.062317 731.895386 -34.832199
v -997.450012 718.446411 -34.832199
v -991.908203 818.060974 84.666801
v -991.908203 814.662903 83.990898
v -991.908203 816.668091 63.631599
v -991.908203 811.925293 104.893600
v -991.908203 820.132812 63.631599
v -991.908203 808.724426 103.567703
v -991.908203 814.662781 43.272301
v -991.908203 801.961426 123.534897
v -991.908203 818.060974 42.596298
v -991.908203 799.080627 121.610001
v -991.908203 808.724182 23.695400
v -991.908203 788.552185 139.873993
v -991.908203 811.925293 22.369499
v -991.908203 786.102295 137.423996
v -991.908203 799.080627 5.653200
v -991.908203 772.213074 153.283096
v -991.908203 801.961304 3.728300
v -991.908203 770.288208 150.402405
v -991.908203 786.102173 -10.160900
v -991.908203 753.571899 163.247101
v -991.908203 788.552124 -12.610800
v -991.908203 752.245972 160.046204
v -991.908203 733.345093 169.382904
v -991.908203 732.669128 165.984695
v -991.908203 712.309814 171.454605
v -991.908203 712.309814 167.989899
v -991.908203 770.288086 -23.139200
v -991.908203 772.213013 -26.020000
v -991.908203 753.094788 -34.832199
v -991.908203 755.726501 -34.832199
v -991.908203 752.245972 -32.782902
v -991.908203 745.490417 -34.832199
v -1029.183350 818.060974 84.666801
v -991.908203 818.060974 84.666801
v -991.908203 820.132812 63.631599
v -1029.183350 811.925293 104.893600
v -1029.183350 820.132812 63.631599
v -991.908203 811.925293 104.893600
v -991.908203 818.060974 42.596298
v -1029.183350 801.961426 123.534897
v -1029.183350 818.060974 42.596298
v -991.908203 801.961426 123.534897
v -991.908203 811.925293 22.369499
v -1029.183350 788.552185 139.873993
v -1029.183350 811.925293 22.369400
v -991.908203 788.552185 139.873993
v -991.908203 801.961304 3.728300
v -1029.183350 772.213074 153.283096
v -1029.183350 801.961304 3.728300
v -991.908203 772.213074 153.283096
v -991.908203 788.552124 -12.610800
v -1029.183350 753.571899 163.247101
v -1029.183350 788.552124 -12.610800
v -991.908203 753.571899 163.247101
v -991.908203 772.213013 -26.020000
v -1029.183350 733.345093 169.382904
v -1029.183350 772.213013 -26.020000
v -991.908203 733.345093 169.382904
v -991.908203 755.726501 -34.832199
v -1029.183350 755.726624 -34.832199
v -1029.183350 712.309814 171.454697
v -991.908203 712.309814 171.454605
v -1029.183350 695.737305 -24.615999
v -998.356873 695.737305 -24.615999
v -998.356873 712.309814 -24.030701
v -1029.183350 712.309814 -24.030701
v -1029.183350 712.309814 -34.832199
v -1029.183350 695.737305 -34.832199
v -1029.183350 695.737305 -24.615999
v -1029.183350 712.309814 -24.030701
v -998.356873 712.309814 151.293900
v -998.356873 712.309814 162.699799
v -998.356873 695.737305 162.368195
v -998.356873 695.737305 151.131607
v -1029.183350 712.309814 162.699799
v -1029.183350 695.737305 162.368195
v -1029.183350 695.737305 171.017395
v -1029.183350 712.309814 171.454697
v -1029.183350 712.309814 151.293900
v -1029.183350 695.737305 151.131607
v -997.450012 712.309814 162.699799
v -997.450012 695.737305 162.368195
v -998.356873 695.737305 162.368195
v -998.356873 712.309814 162.699799
v -991.908203 695.737305 167.592407
v -997.450012 695.737305 162.368195
v -997.450012 712.309814 162.699799
v -991.908203 712.309814 167.989899
v -1029.183350 712.309814 151.293900
v -998.356873 712.309814 151.293900
v -998.356873 695.737305 151.131607
v -1029.183350 695.737305 151.131607
v -991.908203 712.309814 167.989899
v -991.908203 712.309814 171.454605
v -991.908203 695.737305 171.017395
v -991.908203 695.737305 167.592407
v -991.908203 712.309814 171.454605
v -1029.183350 712.309814 171.454697
v -1029.183350 695.737305 171.017395
v -991.908203 695.737305 171.017395
v -998.356873 712.309814 -34.832199
v -998.356873 712.309814 -24.030701
v -998.356873 695.737305 -24.615999
v -998.356873 695.737305 -34.832199
v 866.423584 712.309814 -45.633701
v 866.423584 729.411926 -47.318001
v 897.250000 729.411926 -47.318001
v 897.250000 712.309814 -45.633701
v 866.423584 745.856689 -52.306599
v 897.250000 745.856689 -52.306499
v 866.423584 761.012329 -60.407398
v 897.250000 761.012329 -60.407398
v 866.423584 774.296387 -71.309303
v 897.250000 774.296387 -71.309303
v 866.423584 785.198425 -84.593399
v 897.250000 785.198425 -84.593399
v 866.423584 793.299194 -99.749001
v 897.250122 793.299194 -99.749001
v 866.423584 798.287720 -116.193901
v 897.250122 798.287720 -116.193901
v 866.423584 799.972229 -133.296005
v 897.250122 799.972229 -133.295898
v 866.423584 798.287720 -150.397995
v 897.250122 798.287720 -150.397995
v 866.423584 793.299194 -166.842896
v 897.250122 793.299194 -166.842896
v 866.423584 785.198425 -181.998596
v 897.250122 785.198425 -181.998596
v 866.423584 774.296387 -195.282593
v 897.250122 774.296387 -195.282593
v 866.423584 761.012512 -206.184494
v 897.250122 761.012512 -206.184601
v 866.423706 745.856812 -214.285400
v 897.250122 745.856812 -214.285400
v 866.423706 729.411926 -219.273895
v 897.250122 729.411926 -219.273895
v 866.423706 712.309814 -220.958298
v 897.250122 712.309814 -220.958298
v 897.250000 729.411926 -47.318001
v 897.250000 731.637024 -36.131302
v 897.250000 718.446411 -34.832199
v 897.250000 712.309814 -34.832199
v 897.250000 712.309814 -45.633701
v 897.250000 731.895386 -34.832199
v 897.250000 745.856689 -52.306499
v 897.250000 750.221619 -41.768902
v 897.250000 753.094788 -34.832199
v 897.250000 761.012329 -60.407398
v 897.250000 755.726624 -34.832199
v 897.250000 767.349121 -50.923801
v 897.250000 774.296387 -71.309303
v 897.250000 772.213013 -43.644402
v 897.250000 782.361572 -63.244202
v 897.250000 785.198425 -84.593399
v 897.250000 788.552124 -57.053600
v 897.250000 794.682007 -78.256599
v 897.250122 793.299194 -99.749001
v 897.250000 801.961304 -73.392700
v 897.250122 803.836914 -95.384201
v 897.250122 798.287720 -116.193901
v 897.250000 811.925293 -92.033897
v 897.250122 809.474426 -113.968697
v 897.250122 799.972229 -133.295898
v 897.250122 818.060974 -112.260696
v 897.250122 811.378113 -133.295898
v 897.250122 798.287720 -150.397995
v 897.250122 820.132812 -133.295898
v 897.250122 809.474487 -152.623199
v 897.250122 793.299194 -166.842896
v 897.250122 818.060974 -154.331207
v 897.250122 803.836914 -171.207703
v 897.250122 785.198425 -181.998596
v 897.250122 811.925293 -174.557999
v 897.250122 794.682007 -188.335297
v 897.250122 774.296387 -195.282593
v 897.250122 801.961426 -193.199203
v 897.250122 782.361572 -203.347794
v 897.250122 761.012512 -206.184601
v 897.250122 788.552185 -209.538300
v 897.250122 767.349182 -215.668198
v 897.250122 745.856812 -214.285400
v 897.250122 772.213074 -222.947601
v 897.250122 750.221619 -224.823105
v 897.250122 729.411926 -219.273895
v 897.250122 753.571899 -232.911499
v 897.250122 731.637085 -230.460602
v 897.250122 712.309814 -220.958298
v 897.250122 733.345093 -239.047195
v 897.250122 712.309814 -232.364197
v 897.250122 712.309814 -241.119003
v 866.423706 729.411926 -219.273895
v 866.423706 731.637085 -230.460602
v 866.423706 712.309814 -232.364197
v 866.423706 712.309814 -220.958298
v 866.423706 745.856812 -214.285400
v 866.423584 750.221619 -224.823105
v 866.423584 761.012512 -206.184494
v 866.423584 767.349182 -215.668198
v 866.423584 774.296387 -195.282593
v 866.423584 782.361572 -203.347794
v 866.423584 785.198425 -181.998596
v 866.423584 794.682007 -188.335297
v 866.423584 793.299194 -166.842896
v 866.423584 803.836914 -171.207703
v 866.423584 798.287720 -150.397995
v 866.423584 809.474487 -152.623199
v 866.423584 799.972229 -133.296005
v 866.423584 811.377991 -133.295898
v 866.423584 798.287720 -116.193901
v 866.423584 809.474426 -113.968697
v 866.423584 793.299194 -99.749001
v 866.423584 803.836914 -95.384201
v 866.423584 785.198425 -84.593399
v 866.423584 794.682007 -78.256599
v 866.423584 774.296387 -71.309303
v 866.423584 782.361572 -63.244202
v 866.423584 761.012329 -60.407398
v 866.423584 767.349121 -50.923801
v 866.423584 745.856689 -52.306599
v 866.423584 750.221619 -41.768902
v 866.423584 729.411926 -47.318001
v 866.423584 731.637024 -36.131401
v 866.423584 712.309814 -45.633701
v 866.423584 718.446411 -34.832199
v 866.423584 712.309814 -34.832199
v 866.423706 731.637085 -230.460602
v 865.516479 731.637085 -230.460602
v 865.516479 712.309814 -232.364197
v 866.423706 712.309814 -232.364197
v 866.423584 750.221619 -224.823105
v 865.516479 750.221619 -224.823105
v 866.423584 767.349182 -215.668198
v 865.516479 767.349182 -215.668198
v 866.423584 782.361572 -203.347794
v 865.516479 782.361572 -203.347794
v 866.423584 794.682007 -188.335297
v 865.516479 794.682007 -188.335297
v 866.423584 803.836914 -171.207703
v 865.516479 803.836914 -171.207703
v 866.423584 809.474487 -152.623199
v 865.516479 809.474487 -152.623199
v 866.423584 811.377991 -133.295898
v 865.516479 811.377991 -133.295898
v 866.423584 809.474426 -113.968697
v 865.516479 809.474426 -113.968697
v 866.423584 803.836914 -95.384201
v 865.516479 803.836914 -95.384201
v 866.423584 794.682007 -78.256599
v 865.516479 794.682007 -78.256599
v 866.423584 782.361572 -63.244202
v 865.516479 782.361572 -63.244202
v 866.423584 767.349121 -50.923801
v 865.516479 767.349121 -50.923801
v 866.423584 750.221619 -41.768902
v 865.516479 750.221619 -41.768902
v 866.423584 731.637024 -36.131401
v 865.516479 731.637024 -36.131401
v 866.423584 718.446411 -34.832199
v 865.516479 718.446411 -34.832199
v 865.516479 712.309814 -232.364197
v 865.516479 731.637085 -230.460602
v 859.974792 732.669189 -235.649094
v 859.974792 712.309814 -237.654297
v 865.516479 750.221619 -224.823105
v 859.974792 752.245972 -229.710495
v 865.516479 767.349182 -215.668198
v 859.974792 770.288208 -220.066696
v 865.516479 782.361572 -203.347794
v 859.974792 786.102295 -207.088394
v 865.516479 794.682007 -188.335297
v 859.974792 799.080627 -191.274399
v 865.516479 803.836914 -171.207703
v 859.974792 808.724426 -173.232193
v 865.516479 809.474487 -152.623199
v 859.974792 814.662903 -153.655197
v 865.516479 811.377991 -133.295898
v 859.974792 816.668091 -133.295898
v 865.516479 809.474426 -113.968697
v 859.974792 814.662781 -112.936600
v 865.516479 803.836914 -95.384201
v 859.974792 808.724182 -93.359802
v 865.516479 794.682007 -78.256599
v 859.974792 799.080627 -75.317596
v 865.516479 782.361572 -63.244202
v 859.974792 786.102173 -59.503502
v 865.516479 767.349121 -50.923801
v 859.974792 770.288086 -46.525200
v 865.516479 750.221619 -41.768902
v 859.974792 752.245972 -36.881500
v 865.516479 731.637024 -36.131401
v 859.974792 745.490417 -34.832199
v 864.128906 731.895386 -34.832199
v 865.516479 718.446411 -34.832199
v 859.974792 818.060974 -154.331207
v 859.974792 814.662903 -153.655197
v 859.974792 816.668091 -133.295898
v 859.974792 811.925293 -174.557999
v 859.974792 820.132812 -133.295898
v 859.974792 808.724426 -173.232193
v 859.974792 814.662781 -112.936600
v 859.974792 801.961426 -193.199203
v 859.974792 818.060974 -112.260696
v 859.974792 799.080627 -191.274399
v 859.974792 808.724182 -93.359802
v 859.974792 788.552185 -209.538300
v 859.974792 811.925293 -92.033897
v 859.974792 786.102295 -207.088394
v 859.974792 799.080627 -75.317596
v 859.974792 772.213074 -222.947601
v 859.974792 801.961304 -73.392700
v 859.974792 770.288208 -220.066696
v 859.974792 786.102173 -59.503502
v 859.974792 753.571899 -232.911499
v 859.974792 788.552124 -57.053600
v 859.974792 752.245972 -229.710495
v 859.974792 733.345093 -239.047195
v 859.974792 732.669189 -235.649094
v 859.974792 712.309814 -241.119003
v 859.974792 712.309814 -237.654297
v 859.974792 770.288086 -46.525200
v 859.974792 772.213013 -43.644402
v 859.974792 753.094788 -34.832199
v 859.974792 755.726501 -34.832199
v 859.974792 752.245972 -36.881500
v 859.974792 745.490417 -34.832199
v 897.250122 818.060974 -154.331207
v 859.974792 818.060974 -154.331207
v 859.974792 820.132812 -133.295898
v 897.250122 811.925293 -174.557999
v 897.250122 820.132812 -133.295898
v 859.974792 811.925293 -174.557999
v 859.974792 818.060974 -112.260696
v 897.250122 801.961426 -193.199203
v 897.250122 818.060974 -112.260696
v 859.974792 801.961426 -193.199203
v 859.974792 811.925293 -92.033897
v 897.250122 788.552185 -209.538300
v 897.250000 811.925293 -92.033897
v 859.974792 788.552185 -209.538300
v 859.974792 801.961304 -73.392700
v 897.250122 772.213074 -222.947601
v 897.250000 801.961304 -73.392700
v 859.974792 772.213074 -222.947601
v 859.974792 788.552124 -57.053600
v 897.250122 753.571899 -232.911499
v 897.250000 788.552124 -57.053600
v 859.974792 753.571899 -232.911499
v 859.974792 772.213013 -43.644402
v 897.250122 733.345093 -239.047195
v 897.250000 772.213013 -43.644402
v 859.974792 733.345093 -239.047195
v 859.974792 755.726501 -34.832199
v 897.250000 755.726624 -34.832199
v 897.250122 712.309814 -241.119003
v 859.974792 712.309814 -241.119003
v 897.250000 695.737305 -45.048302
v 866.423584 695.737305 -45.048302
v 866.423584 712.309814 -45.633701
v 897.250000 712.309814 -45.633701
v 897.250000 712.309814 -34.832199
v 897.250000 695.737305 -34.832199
v 897.250000 695.737305 -45.048302
v 897.250000 712.309814 -45.633701
v 866.423706 712.309814 -220.958298
v 866.423706 712.309814 -232.364197
v 866.423706 695.737305 -232.032501
v 866.423706 695.737305 -220.795898
v 897.250122 712.309814 -232.364197
v 897.250122 695.737305 -232.032593
v 897.250122 695.737305 -240.681793
v 897.250122 712.309814 -241.119003
v 897.250122 712.309814 -220.958298
v 897.250122 695.737305 -220.795898
v 865.516479 712.309814 -232.364197
v 865.516479 695.737305 -232.032501
v 866.423706 695.737305 -232.032501
v 866.423706 712.309814 -232.364197
v 859.974792 695.737305 -237.256699
v 865.516479 695.737305 -232.032501
v 865.516479 712.309814 -232.364197
v 859.974792 712.309814 -237.654297
v 897.250122 712.309814 -220.958298
v 866.423706 712.309814 -220.958298
v 866.423706 695.737305 -220.795898
v 897.250122 695.737305 -220.795898
v 859.974792 712.309814 -237.654297
v 859.974792 712.309814 -241.119003
v 859.974792 695.737305 -240.681793
v 859.974792 695.737305 -237.256699
v 859.974792 712.309814 -241.119003
v 897.250122 712.309814 -241.119003
v 897.250122 695.737305 -240.681793
v 859.974792 695.737305 -240.681793
v 866.423584 712.309814 -34.832199
v 866.423584 712.309814 -45.633701
v 866.423584 695.737305 -45.048302
v 866.423584 695.737305 -34.832199
v 897.250000 729.411926 -22.346300
v 866.423584 729.411926 -22.346300
v 866.423584 712.309814 -24.030701
v 897.250000 712.309814 -24.030701
v 866.423584 745.856689 -17.357800
v 897.250000 745.856689 -17.357800
v 866.423584 761.012329 -9.257000
v 897.250000 761.012329 -9.257000
v 866.423584 774.296387 1.644900
v 897.250000 774.296387 1.644900
v 866.423584 785.198425 14.929000
v 897.250000 785.198425 14.929000
v 866.423584 793.299194 30.084700
v 897.250000 793.299194 30.084700
v 866.423584 798.287720 46.529499
v 897.250000 798.287720 46.529499
v 866.423584 799.972229 63.631599
v 897.250000 799.972229 63.631599
v 866.423584 798.287720 80.733704
v 897.250000 798.287720 80.733704
v 866.423584 793.299194 97.178497
v 897.250000 793.299194 97.178497
v 866.423584 785.198425 112.334198
v 897.250000 785.198425 112.334198
v 866.423584 774.296387 125.618202
v 897.250000 774.296387 125.618202
v 866.423584 761.012512 136.520203
v 897.250000 761.012512 136.520203
v 866.423584 745.856812 144.621002
v 897.250122 745.856812 144.621002
v 866.423584 729.411926 149.609497
v 897.250122 729.411926 149.609497
v 866.423584 712.309814 151.293900
v 897.250000 712.309814 151.293900
v 897.250000 718.446411 -34.832199
v 897.250000 731.637024 -33.533100
v 897.250000 729.411926 -22.346300
v 897.250000 712.309814 -34.832199
v 897.250000 712.309814 -24.030701
v 897.250000 731.895386 -34.832199
v 897.250000 745.856689 -17.357800
v 897.250000 750.221619 -27.895500
v 897.250000 753.094788 -34.832199
v 897.250000 761.012329 -9.257000
v 897.250000 755.726624 -34.832199
v 897.250000 767.349121 -18.740601
v 897.250000 774.296387 1.644900
v 897.250000 772.213013 -26.020000
v 897.250000 782.361572 -6.420200
v 897.250000 785.198425 14.929000
v 897.250000 788.552124 -12.610800
v 897.250000 794.682007 8.592200
v 897.250000 793.299194 30.084700
v 897.250000 801.961304 3.728300
v 897.250000 803.836914 25.719801
v 897.250000 798.287720 46.529499
v 897.250000 811.925293 22.369499
v 897.250000 809.474426 44.304298
v 897.250000 799.972229 63.631599
v 897.250000 818.060974 42.596298
v 897.250000 811.378113 63.631599
v 897.250000 798.287720 80.733704
v 897.250000 820.132812 63.631599
v 897.250000 809.474487 82.958801
v 897.250000 793.299194 97.178497
v 897.250000 818.060974 84.666801
v 897.250000 803.836914 101.543297
v 897.250000 785.198425 112.334198
v 897.250000 811.925293 104.893600
v 897.250000 794.682007 118.670898
v 897.250000 774.296387 125.618202
v 897.250000 801.961426 123.534897
v 897.250000 782.361572 133.683395
v 897.250000 761.012512 136.520203
v 897.250000 788.552185 139.873993
v 897.250000 767.349182 146.003799
v 897.250122 745.856812 144.621002
v 897.250000 772.213074 153.283096
v 897.250000 750.221619 155.158707
v 897.250122 729.411926 149.609497
v 897.250000 753.571899 163.247101
v 897.250000 731.637085 160.796204
v 897.250000 712.309814 151.293900
v 897.250000 733.345093 169.382797
v 897.250000 712.309814 162.699799
v 897.250000 712.309814 171.454697
v 866.423584 712.309814 162.699799
v 866.423584 731.637085 160.796204
v 866.423584 729.411926 149.609497
v 866.423584 712.309814 151.293900
v 866.423584 745.856812 144.621002
v 866.423584 750.221619 155.158707
v 866.423584 761.012512 136.520203
v 866.423584 767.349182 146.003799
v 866.423584 774.296387 125.618202
v 866.423584 782.361572 133.683395
v 866.423584 785.198425 112.334198
v 866.423584 794.682007 118.670898
v 866.423584 793.299194 97.178497
v 866.423584 803.836914 101.543297
v 866.423584 798.287720 80.733704
v 866.423584 809.474487 82.958801
v 866.423584 799.972229 63.631599
v 866.423584 811.377991 63.631599
v 866.423584 798.287720 46.529499
v 866.423584 809.474426 44.304298
v 866.423584 793.299194 30.084700
v 866.423584 803.836914 25.719801
v 866.423584 785.198425 14.929000
v 866.423584 794.682007 8.592200
v 866.423584 774.296387 1.644900
v 866.423584 782.361572 -6.420200
v 866.423584 761.012329 -9.257000
v 866.423584 767.349121 -18.740601
v 866.423584 745.856689 -17.357800
v 866.423584 750.221619 -27.895500
v 866.423584 729.411926 -22.346300
v 866.423584 731.637024 -33.533001
v 866.423584 712.309814 -24.030701
v 866.423584 718.446411 -34.832199
v 866.423584 712.309814 -34.832199
v 865.516479 712.309814 162.699799
v 865.516479 731.637085 160.796204
v 866.423584 731.637085 160.796204
v 866.423584 712.309814 162.699799
v 866.423584 750.221619 155.158707
v 865.516479 750.221619 155.158707
v 866.423584 767.349182 146.003799
v 865.516479 767.349182 146.003799
v 866.423584 782.361572 133.683395
v 865.516479 782.361572 133.683395
v 866.423584 794.682007 118.670898
v 865.516479 794.682007 118.670898
v 866.423584 803.836914 101.543297
v 865.516479 803.836914 101.543297
v 866.423584 809.474487 82.958801
v 865.516479 809.474487 82.958801
v 866.423584 811.377991 63.631599
v 865.516479 811.377991 63.631599
v 866.423584 809.474426 44.304298
v 865.516479 809.474426 44.304298
v 866.423584 803.836914 25.719801
v 865.516479 803.836914 25.719801
v 866.423584 794.682007 8.592200
v 865.516479 794.682007 8.592200
v 866.423584 782.361572 -6.420200
v 865.516479 782.361572 -6.420200
v 866.423584 767.349121 -18.740601
v 865.516479 767.349121 -18.740601
v 866.423584 750.221619 -27.895500
v 865.516479 750.221619 -27.895500
v 866.423584 731.637024 -33.533001
v 865.516479 731.637024 -33.533001
v 866.423584 718.446411 -34.832199
v 865.516479 718.446411 -34.832199
v 859.974792 732.669189 165.984695
v 865.516479 731.637085 160.796204
v 865.516479 712.309814 162.699799
v 859.974792 712.309814 167.989899
v 865.516479 750.221619 155.158707
v 859.974792 752.245972 160.046097
v 865.516479 767.349182 146.003799
v 859.974792 770.288208 150.402405
v 865.516479 782.361572 133.683395
v 859.974792 786.102295 137.423996
v 865.516479 794.682007 118.670898
v 859.974792 799.080627 121.610001
v 865.516479 803.836914 101.543297
v 859.974792 808.724426 103.567802
v 865.516479 809.474487 82.958801
v 859.974792 814.662903 83.990898
v 865.516479 811.377991 63.631599
v 859.974792 816.668091 63.631599
v 865.516479 809.474426 44.304298
v 859.974792 814.662781 43.272301
v 865.516479 803.836914 25.719801
v 859.974792 808.724182 23.695400
v 865.516479 794.682007 8.592200
v 859.974792 799.080627 5.653200
v 865.516479 782.361572 -6.420200
v 859.974792 786.102173 -10.160900
v 865.516479 767.349121 -18.740601
v 859.974792 770.288086 -23.139200
v 865.516479 750.221619 -27.895500
v 859.974792 752.245972 -32.782902
v 865.516479 731.637024 -33.533001
v 859.974792 745.490417 -34.832199
v 864.128906 731.895386 -34.832199
v 865.516479 718.446411 -34.832199
v 859.974792 816.668091 63.631599
v 859.974792 814.662903 83.990898
v 859.974792 818.060974 84.666801
v 859.974792 820.132812 63.631599
v 859.974792 811.925293 104.893600
v 859.974792 814.662781 43.272301
v 859.974792 808.724426 103.567802
v 859.974792 818.060974 42.596298
v 859.974792 801.961426 123.534897
v 859.974792 808.724182 23.695400
v 859.974792 799.080627 121.610001
v 859.974792 811.925293 22.369499
v 859.974792 788.552185 139.873993
v 859.974792 799.080627 5.653200
v 859.974792 786.102295 137.423996
v 859.974792 801.961304 3.728300
v 859.974792 772.213074 153.283096
v 859.974792 786.102173 -10.160900
v 859.974792 770.288208 150.402405
v 859.974792 788.552124 -12.610800
v 859.974792 753.571899 163.247101
v 859.974792 770.288086 -23.139200
v 859.974792 752.245972 160.046097
v 859.974792 733.345093 169.382797
v 859.974792 732.669189 165.984695
v 859.974792 712.309814 171.454605
v 859.974792 712.309814 167.989899
v 859.974792 772.213013 -26.020000
v 859.974792 753.094788 -34.832199
v 859.974792 755.726501 -34.832199
v 859.974792 752.245972 -32.782902
v 859.974792 745.490417 -34.832199
v 859.974792 820.132812 63.631599
v 859.974792 818.060974 84.666801
v 897.250000 818.060974 84.666801
v 897.250000 820.132812 63.631599
v 897.250000 811.925293 104.893600
v 859.974792 818.060974 42.596298
v 859.974792 811.925293 104.893600
v 897.250000 818.060974 42.596298
v 897.250000 801.961426 123.534897
v 859.974792 811.925293 22.369499
v 859.974792 801.961426 123.534897
v 897.250000 811.925293 22.369499
v 897.250000 788.552185 139.873993
v 859.974792 801.961304 3.728300
v 859.974792 788.552185 139.873993
v 897.250000 801.961304 3.728300
v 897.250000 772.213074 153.283096
v 859.974792 788.552124 -12.610800
v 859.974792 772.213074 153.283096
v 897.250000 788.552124 -12.610800
v 897.250000 753.571899 163.247101
v 859.974792 772.213013 -26.020000
v 859.974792 753.571899 163.247101
v 897.250000 772.213013 -26.020000
v 859.974792 755.726501 -34.832199
v 897.250000 755.726624 -34.832199
v 897.250000 733.345093 169.382797
v 859.974792 733.345093 169.382797
v 897.250000 712.309814 171.454697
v 859.974792 712.309814 171.454605
v 866.423584 712.309814 -24.030701
v 866.423584 695.737305 -24.615999
v 897.250000 695.737305 -24.615999
v 897.250000 712.309814 -24.030701
v 897.250000 695.737305 -24.615999
v 897.250000 695.737305 -34.832199
v 897.250000 712.309814 -34.832199
v 897.250000 712.309814 -24.030701
v 866.423584 712.309814 151.293900
v 866.423584 695.737305 151.131607
v 866.423584 695.737305 162.368195
v 866.423584 712.309814 162.699799
v 897.250000 712.309814 162.699799
v 897.250000 712.309814 171.454697
v 897.250000 695.737305 171.017395
v 897.250000 695.737305 162.368195
v 897.250000 712.309814 151.293900
v 897.250000 695.737305 151.131607
v 866.423584 695.737305 162.368195
v 865.516479 695.737305 162.368195
v 865.516479 712.309814 162.699799
v 866.423584 712.309814 162.699799
v 865.516479 712.309814 162.699799
v 865.516479 695.737305 162.368195
v 859.974792 695.737305 167.592407
v 859.974792 712.309814 167.989899
v 866.423584 695.737305 151.131607
v 866.423584 712.309814 151.293900
v 897.250000 712.309814 151.293900
v 897.250000 695.737305 151.131607
v 859.974792 695.737305 171.017395
v 859.974792 712.309814 171.454605
v 859.974792 712.309814 167.989899
v 859.974792 695.737305 167.592407
v 897.250000 695.737305 171.017395
v 897.250000 712.309814 171.454697
v 859.974792 712.309814 171.454605
v 859.974792 695.737305 171.017395
v 866.423584 712.309814 -34.832199
v 866.423584 695.737305 -34.832199
v 866.423584 695.737305 -24.615999
v 866.423584 712.309814 -24.030701
v 497.696411 1222.690186 -246.678406
v 507.227905 1220.714478 -246.678406
v 507.227905 1225.526978 -248.337097
v 507.227905 1215.901611 -243.133194
v 495.783386 1218.273804 -243.133194
v 499.609314 1227.106201 -248.337097
v 507.227905 1226.984619 -250.352798
v 489.735413 1228.291504 -246.678406
v 486.224701 1224.999512 -243.133194
v 500.188690 1228.443726 -250.352798
v 507.227905 1226.984619 -263.624786
v 500.188690 1228.443726 -263.624786
v 493.246002 1231.583496 -248.337097
v 494.309296 1232.580566 -250.352798
v 494.309296 1232.580566 -263.624786
v 484.656799 1236.595703 -246.678406
v 480.126709 1234.970337 -243.133194
v 489.186493 1238.221069 -248.337097
v 483.297302 1246.234497 -246.678406
v 478.494385 1246.543579 -243.133194
v 490.558594 1238.713379 -250.352798
v 490.558594 1238.713379 -263.624786
v 488.101898 1245.925293 -248.337799
v 485.540985 1254.927979 -246.678406
v 481.188385 1256.981934 -243.133194
v 489.554596 1245.831787 -250.352798
v 489.554596 1245.831787 -263.624786
v 489.897003 1252.872559 -248.338501
v 490.824890 1262.187012 -246.678406
v 487.532806 1265.697754 -243.133194
v 491.211609 1252.252197 -250.352798
v 491.211609 1252.252197 -263.624786
v 494.119598 1258.673462 -248.338501
v 498.408203 1266.993896 -246.678406
v 496.638092 1271.469360 -243.133194
v 495.113892 1257.613159 -250.352798
v 495.113892 1257.613159 -263.624786
v 507.227905 1268.674683 -246.678406
v 507.227905 1273.487549 -243.133194
v 500.179688 1262.514771 -248.338501
v 507.227905 1263.857910 -248.338501
v 500.714294 1261.163086 -250.352798
v 500.714294 1261.163086 -263.624786
v 507.227905 1262.404419 -250.352798
v 507.227905 1262.404419 -263.624786
v 480.126709 1234.970337 -263.624786
v 480.126709 1234.970337 -243.133194
v 478.494385 1246.543579 -243.133194
v 486.224701 1224.999512 -263.624786
v 478.494385 1246.543579 -263.624786
v 486.224701 1224.999512 -243.133194
v 481.188385 1256.981934 -243.133194
v 495.783386 1218.273804 -263.624786
v 481.188385 1256.981934 -263.624786
v 495.783386 1218.273804 -243.133194
v 507.227905 1215.901611 -263.624786
v 507.227905 1215.901611 -243.133194
v 487.532806 1265.697754 -243.133194
v 487.532806 1265.697754 -263.624786
v 496.638092 1271.469360 -243.133194
v 496.638092 1271.469360 -263.624786
v 507.227905 1273.487549 -243.133194
v 507.227905 1273.487549 -263.624786
v 507.227905 1220.714478 -246.678406
v 516.759399 1222.690186 -246.678406
v 514.846497 1227.106201 -248.337097
v 518.672424 1218.273804 -243.133194
v 507.227905 1215.901611 -243.133194
v 528.231079 1224.999512 -243.133194
v 507.227905 1225.526978 -248.337097
v 524.720276 1228.291504 -246.678406
v 534.328979 1234.970337 -243.133194
v 514.267212 1228.443848 -250.352798
v 507.227905 1226.984619 -250.352798
v 507.227905 1226.984619 -263.624786
v 514.267212 1228.443848 -263.624786
v 520.146484 1232.580566 -250.352798
v 520.146484 1232.580566 -263.624786
v 521.209778 1231.583496 -248.337097
v 523.897217 1238.713379 -250.352798
v 523.897217 1238.713379 -263.624786
v 524.901184 1245.831787 -263.624786
v 529.799011 1236.595703 -246.678406
v 525.269226 1238.221191 -248.337097
v 524.901184 1245.831787 -250.352798
v 531.158508 1246.234497 -246.678406
v 535.961426 1246.543579 -243.133194
v 533.267273 1256.981934 -243.133194
v 526.353821 1245.925293 -248.337799
v 528.914673 1254.927979 -246.678406
v 526.922974 1265.697754 -243.133194
v 524.558716 1252.872559 -248.338501
v 523.244080 1252.252197 -250.352798
v 523.244080 1252.252197 -263.624786
v 523.630920 1262.187012 -246.678406
v 517.817688 1271.469360 -243.133194
v 519.341919 1257.613159 -250.352798
v 519.341919 1257.613159 -263.624786
v 520.336182 1258.673462 -248.338501
v 513.741516 1261.163086 -250.352798
v 513.741516 1261.163086 -263.624786
v 507.227905 1262.404419 -263.624786
v 507.227905 1262.404419 -250.352798
v 514.276123 1262.514771 -248.338501
v 507.227905 1263.857910 -248.338501
v 507.227905 1268.674683 -246.678406
v 516.047485 1266.993896 -246.678406
v 507.227905 1273.487549 -243.133194
v 535.961426 1246.543579 -243.133194
v 534.328979 1234.970337 -243.133194
v 534.328979 1234.970337 -263.624786
v 528.231079 1224.999512 -243.133194
v 535.961426 1246.543579 -263.624786
v 528.231079 1224.999512 -263.624786
v 533.267273 1256.981934 -263.624786
v 518.672424 1218.273804 -243.133194
v 533.267273 1256.981934 -243.133194
v 518.672424 1218.273804 -263.624786
v 507.227905 1215.901611 -243.133194
v 507.227905 1215.901611 -263.624786
v 526.922974 1265.697754 -263.624786
v 526.922974 1265.697754 -243.133194
v 517.817688 1271.469360 -263.624786
v 517.817688 1271.469360 -243.133194
v 507.227905 1273.487549 -243.133194
v 507.227905 1273.487549 -263.624786
v 127.570099 1222.690186 -246.678406
v 137.101593 1220.714478 -246.678406
v 137.101593 1225.526978 -248.337097
v 137.101593 1215.901611 -243.133194
v 125.657097 1218.273804 -243.133194
v 129.482895 1227.106201 -248.337097
v 137.101593 1226.984619 -250.352798
v 119.609100 1228.291504 -246.678406
v 116.098396 1224.999512 -243.133194
v 130.062302 1228.443726 -250.352798
v 137.101593 1226.984619 -263.624786
v 130.062393 1228.443726 -263.624786
v 123.119598 1231.583496 -248.337097
v 124.182999 1232.580566 -250.352798
v 124.182999 1232.580566 -263.624786
v 114.530502 1236.595703 -246.678406
v 110.000397 1234.970337 -243.133194
v 119.060204 1238.221069 -248.337097
v 113.170998 1246.234497 -246.678406
v 108.368103 1246.543579 -243.133194
v 120.432297 1238.713379 -250.352798
v 120.432297 1238.713379 -263.624786
v 117.975601 1245.925293 -248.337799
v 115.414703 1254.927979 -246.678406
v 111.062103 1256.981934 -243.133194
v 119.428200 1245.831787 -250.352798
v 119.428299 1245.831787 -263.624786
v 119.770798 1252.872559 -248.338501
v 120.698601 1262.187012 -246.678406
v 117.406502 1265.697754 -243.133194
v 121.085297 1252.252197 -250.352798
v 121.085297 1252.252197 -263.624786
v 123.993301 1258.673462 -248.338501
v 128.281906 1266.993896 -246.678406
v 126.511803 1271.469360 -243.133194
v 124.987503 1257.613159 -250.352798
v 124.987503 1257.613159 -263.624786
v 137.101593 1268.674683 -246.678406
v 137.101593 1273.487549 -243.133194
v 130.053406 1262.514771 -248.338501
v 137.101593 1263.857910 -248.338501
v 130.587997 1261.163086 -250.352798
v 130.587997 1261.163086 -263.624786
v 137.101593 1262.404419 -250.352798
v 137.101593 1262.404419 -263.624786
v 110.000397 1234.970337 -263.624786
v 110.000397 1234.970337 -243.133194
v 108.368103 1246.543579 -243.133194
v 116.098396 1224.999512 -263.624786
v 108.368103 1246.543579 -263.624786
v 116.098396 1224.999512 -243.133194
v 111.062103 1256.981934 -243.133194
v 125.657097 1218.273804 -263.624786
v 111.062103 1256.981934 -263.624786
v 125.657097 1218.273804 -243.133194
v 137.101593 1215.901611 -263.624786
v 137.101593 1215.901611 -243.133194
v 117.406502 1265.697754 -243.133194
v 117.406502 1265.697754 -263.624786
v 126.511803 1271.469360 -243.133194
v 126.511803 1271.469360 -263.624786
v 137.101593 1273.487549 -243.133194
v 137.101593 1273.487549 -263.624786
v 137.101593 1220.714478 -246.678406
v 146.633102 1222.690186 -246.678406
v 144.720200 1227.106201 -248.337097
v 148.546097 1218.273804 -243.133194
v 137.101593 1215.901611 -243.133194
v 158.104797 1224.999512 -243.133194
v 137.101593 1225.526978 -248.337097
v 154.594101 1228.291504 -246.678406
v 164.202805 1234.970337 -243.133194
v 144.140793 1228.443848 -250.352798
v 137.101593 1226.984619 -250.352798
v 137.101593 1226.984619 -263.624786
v 144.140793 1228.443848 -263.624786
v 150.020096 1232.580566 -250.352798
v 150.020096 1232.580566 -263.624786
v 151.083496 1231.583496 -248.337097
v 153.770905 1238.713379 -250.352798
v 153.770905 1238.713379 -263.624786
v 154.774902 1245.831787 -263.624786
v 159.672699 1236.595703 -246.678406
v 155.142899 1238.221191 -248.337097
v 154.774902 1245.831787 -250.352798
v 161.032196 1246.234497 -246.678406
v 165.835098 1246.543579 -243.133194
v 163.141098 1256.981934 -243.133194
v 156.227493 1245.925293 -248.337799
v 158.788498 1254.927979 -246.678406
v 156.796707 1265.697754 -243.133194
v 154.432404 1252.872559 -248.338501
v 153.117905 1252.252197 -250.352798
v 153.117905 1252.252197 -263.624786
v 153.504593 1262.187012 -246.678406
v 147.691406 1271.469360 -243.133194
v 149.215607 1257.613159 -250.352798
v 149.215607 1257.613159 -263.624786
v 150.209793 1258.673462 -248.338501
v 143.615097 1261.163086 -250.352798
v 143.615097 1261.163086 -263.624786
v 137.101593 1262.404419 -263.624786
v 137.101593 1262.404419 -250.352798
v 144.149796 1262.514771 -248.338501
v 137.101593 1263.857910 -248.338501
v 137.101593 1268.674683 -246.678406
v 145.921295 1266.993896 -246.678406
v 137.101593 1273.487549 -243.133194
v 165.835098 1246.543579 -243.133194
v 164.202805 1234.970337 -243.133194
v 164.202805 1234.970337 -263.624786
v 158.104797 1224.999512 -243.133194
v 165.835098 1246.543579 -263.624786
v 158.104797 1224.999512 -263.624786
v 163.141098 1256.981934 -263.624786
v 148.546097 1218.273804 -243.133194
v 163.141098 1256.981934 -243.133194
v 148.546097 1218.273804 -263.624786
v 137.101593 1215.901611 -243.133194
v 137.101593 1215.901611 -263.624786
v 156.796707 1265.697754 -263.624786
v 156.796707 1265.697754 -243.133194
v 147.691406 1271.469360 -263.624786
v 147.691406 1271.469360 -243.133194
v 137.101593 1273.487549 -243.133194
v 137.101593 1273.487549 -263.624786
v -274.130188 1222.690186 -246.678406
v -264.598907 1220.714478 -246.678406
v -264.598907 1225.526978 -248.337097
v -264.598907 1215.901611 -243.133194
v -276.043304 1218.273804 -243.133194
v -272.217407 1227.106201 -248.337097
v -264.598907 1226.984619 -250.352798
v -282.091309 1228.291504 -246.678406
v -285.602112 1224.999512 -243.133194
v -271.638092 1228.443726 -250.352798
v -264.598907 1226.984619 -263.624786
v -271.637909 1228.443726 -263.624786
v -278.580688 1231.583496 -248.337097
v -277.517303 1232.580566 -250.352798
v -277.517303 1232.580566 -263.624786
v -287.169891 1236.595703 -246.678406
v -291.700012 1234.970337 -243.133194
v -282.640106 1238.221069 -248.337097
v -288.529388 1246.234497 -246.678406
v -293.332306 1246.543579 -243.133194
v -281.268097 1238.713379 -250.352798
v -281.268097 1238.713379 -263.624786
v -283.724701 1245.925293 -248.337799
v -286.285614 1254.927979 -246.678406
v -290.638214 1256.981934 -243.133194
v -282.272095 1245.831787 -250.352798
v -282.272095 1245.831787 -263.624786
v -281.929688 1252.872559 -248.338593
v -281.001709 1262.187012 -246.678406
v -284.293915 1265.697754 -243.133194
v -280.615112 1252.252197 -250.352798
v -280.615112 1252.252197 -263.624786
v -277.707001 1258.673462 -248.338593
v -273.418488 1266.993896 -246.678406
v -275.188599 1271.469360 -243.133194
v -276.712891 1257.613159 -250.352798
v -276.712891 1257.613159 -263.624786
v -264.598907 1268.674683 -246.678406
v -264.598907 1273.487549 -243.133194
v -271.647003 1262.514771 -248.338593
v -264.598907 1263.857910 -248.338593
v -271.112305 1261.163086 -250.352798
v -271.112305 1261.163086 -263.624786
v -264.598907 1262.404419 -250.352798
v -264.598907 1262.404419 -263.624786
v -291.700012 1234.970337 -263.624786
v -291.700012 1234.970337 -243.133194
v -293.332306 1246.543579 -243.133194
v -285.602112 1224.999512 -263.624786
v -293.332306 1246.543579 -263.624786
v -285.602112 1224.999512 -243.133194
v -290.638214 1256.981934 -243.133194
v -276.043304 1218.273804 -263.624786
v -290.638214 1256.981934 -263.624786
v -276.043304 1218.273804 -243.133194
v -264.598907 1215.901611 -263.624786
v -264.598907 1215.901611 -243.133194
v -284.293915 1265.697754 -243.133194
v -284.293915 1265.697754 -263.624786
v -275.188599 1271.469360 -243.133194
v -275.188599 1271.469360 -263.624786
v -264.598907 1273.487549 -243.133194
v -264.598907 1273.487549 -263.624786
v -264.598907 1220.714478 -246.678406
v -255.067307 1222.690186 -246.678406
v -256.980194 1227.106201 -248.337097
v -253.154297 1218.273804 -243.133194
v -264.598907 1215.901611 -243.133194
v -243.595596 1224.999512 -243.133194
v -264.598907 1225.526978 -248.337097
v -247.106293 1228.291504 -246.678406
v -237.497604 1234.970337 -243.133194
v -257.559601 1228.443848 -250.352798
v -264.598907 1226.984619 -250.352798
v -264.598907 1226.984619 -263.624786
v -257.559601 1228.443848 -263.624786
v -251.680206 1232.580566 -250.352798
v -251.680206 1232.580566 -263.624786
v -250.616898 1231.583496 -248.337097
v -247.929504 1238.713379 -250.352798
v -247.929504 1238.713379 -263.624786
v -246.925507 1245.831787 -263.624786
v -242.027695 1236.595703 -246.678406
v -246.557495 1238.221191 -248.337097
v -246.925507 1245.831787 -250.352798
v -240.668198 1246.234497 -246.678406
v -235.865295 1246.543579 -243.133194
v -238.559296 1256.981934 -243.133194
v -245.472900 1245.925293 -248.337799
v -242.911896 1254.927979 -246.678406
v -244.903702 1265.697754 -243.133194
v -247.267899 1252.872559 -248.338593
v -248.582504 1252.252197 -250.352798
v -248.582504 1252.252197 -263.624786
v -248.195801 1262.187012 -246.678406
v -254.009003 1271.469360 -243.133194
v -252.484802 1257.613159 -250.352798
v -252.484802 1257.613159 -263.624786
v -251.490494 1258.673462 -248.338593
v -258.085297 1261.163086 -250.352798
v -258.085297 1261.163086 -263.624786
v -264.598907 1262.404419 -263.624786
v -264.598907 1262.404419 -250.352798
v -257.550690 1262.514771 -248.338593
v -264.598907 1263.857910 -248.338593
v -264.598907 1268.674683 -246.678406
v -255.779099 1266.993896 -246.678406
v -264.598907 1273.487549 -243.133194
v -235.865295 1246.543579 -243.133194
v -237.497604 1234.970337 -243.133194
v -237.497604 1234.970337 -263.624786
v -243.595596 1224.999512 -243.133194
v -235.865295 1246.543579 -263.624786
v -243.595596 1224.999512 -263.624786
v -238.559296 1256.981934 -263.624786
v -253.154297 1218.273804 -243.133194
v -238.559296 1256.981934 -243.133194
v -253.154297 1218.273804 -263.624786
v -264.598907 1215.901611 -243.133194
v -264.598907 1215.901611 -263.624786
v -244.903702 1265.697754 -263.624786
v -244.903702 1265.697754 -243.133194
v -254.009003 1271.469360 -263.624786
v -254.009003 1271.469360 -243.133194
v -264.598907 1273.487549 -243.133194
v -264.598907 1273.487549 -263.624786
v -644.356201 1222.690186 -246.678406
v -634.824707 1220.714478 -246.678406
v -634.824707 1225.526978 -248.337097
v -634.824707 1215.901611 -243.133194
v -646.268982 1218.273804 -243.133194
v -642.443176 1227.106201 -248.337097
v -634.824707 1226.984619 -250.352798
v -652.317078 1228.291504 -246.678406
v -655.827881 1224.999512 -243.133194
v -641.863892 1228.443726 -250.352798
v -634.824707 1226.984619 -263.624786
v -641.863892 1228.443726 -263.624786
v -648.806580 1231.583496 -248.337097
v -647.743225 1232.580566 -250.352798
v -647.743225 1232.580566 -263.624786
v -657.395813 1236.595703 -246.678406
v -661.925781 1234.970337 -243.133194
v -652.866028 1238.221069 -248.337097
v -658.755188 1246.234497 -246.678406
v -663.558105 1246.543579 -243.133194
v -651.493896 1238.713379 -250.352798
v -651.493896 1238.713379 -263.624786
v -653.950684 1245.925293 -248.337799
v -656.511475 1254.927979 -246.678406
v -660.864014 1256.981934 -243.133194
v -652.497925 1245.831787 -250.352798
v -652.497925 1245.831787 -263.624786
v -652.155396 1252.872559 -248.338501
v -651.227478 1262.187012 -246.678406
v -654.519775 1265.697754 -243.133194
v -650.840820 1252.252197 -250.352798
v -650.840820 1252.252197 -263.624786
v -647.932922 1258.673462 -248.338501
v -643.644287 1266.993896 -246.678406
v -645.414429 1271.469360 -243.133194
v -646.938721 1257.613159 -250.352798
v -646.938721 1257.613159 -263.624786
v -634.824707 1268.674683 -246.678406
v -634.824707 1273.487549 -243.133194
v -641.872803 1262.514771 -248.338501
v -634.824707 1263.857910 -248.338593
v -641.338074 1261.163086 -250.352798
v -641.338074 1261.163086 -263.624786
v -634.824707 1262.404419 -250.352798
v -634.824707 1262.404419 -263.624786
v -661.925781 1234.970337 -263.624786
v -661.925781 1234.970337 -243.133194
v -663.558105 1246.543579 -243.133194
v -655.827881 1224.999512 -263.624786
v -663.558105 1246.543579 -263.624786
v -655.827881 1224.999512 -243.133194
v -660.864014 1256.981934 -243.133194
v -646.268982 1218.273804 -263.624786
v -660.864014 1256.981934 -263.624786
v -646.268982 1218.273804 -243.133194
v -634.824707 1215.901611 -263.624786
v -634.824707 1215.901611 -243.133194
v -654.519775 1265.697754 -243.133194
v -654.519775 1265.697754 -263.624786
v -645.414429 1271.469360 -243.133194
v -645.414429 1271.469360 -263.624786
v -634.824707 1273.487549 -243.133194
v -634.824707 1273.487549 -263.624786
v -634.824707 1220.714478 -246.678406
v -625.293091 1222.690186 -246.678406
v -627.206116 1227.106201 -248.337097
v -623.380127 1218.273804 -243.133194
v -634.824707 1215.901611 -243.133194
v -613.821289 1224.999512 -243.133194
v -634.824707 1225.526978 -248.337097
v -617.332214 1228.291504 -246.678406
v -607.723389 1234.970337 -243.133194
v -627.785400 1228.443848 -250.352798
v -634.824707 1226.984619 -250.352798
v -634.824707 1226.984619 -263.624786
v -627.785400 1228.443848 -263.624786
v -621.906006 1232.580566 -250.352798
v -621.906006 1232.580566 -263.624786
v -620.842712 1231.583496 -248.337097
v -618.155396 1238.713379 -250.352798
v -618.155396 1238.713379 -263.624786
v -617.151428 1245.831787 -263.624786
v -612.253479 1236.595703 -246.678406
v -616.783325 1238.221191 -248.337097
v -617.151428 1245.831787 -250.352798
v -610.893982 1246.234497 -246.678406
v -606.091125 1246.543579 -243.133194
v -608.785217 1256.981934 -243.133194
v -615.698730 1245.925293 -248.337799
v -613.137695 1254.927979 -246.678406
v -615.129517 1265.697754 -243.133194
v -617.493896 1252.872559 -248.338593
v -618.808289 1252.252197 -250.352798
v -618.808289 1252.252197 -263.624786
v -618.421570 1262.187012 -246.678406
v -624.234924 1271.469360 -243.133194
v -622.710693 1257.613159 -250.352798
v -622.710693 1257.613159 -263.624786
v -621.716309 1258.673462 -248.338593
v -628.310974 1261.163086 -250.352798
v -628.310974 1261.163086 -263.624786
v -634.824707 1262.404419 -263.624786
v -634.824707 1262.404419 -250.352798
v -627.776489 1262.514771 -248.338593
v -634.824707 1263.857910 -248.338593
v -634.824707 1268.674683 -246.678406
v -626.004883 1266.993896 -246.678406
v -634.824707 1273.487549 -243.133194
v -606.091125 1246.543579 -243.133194
v -607.723389 1234.970337 -243.133194
v -607.723389 1234.970337 -263.624786
v -613.821289 1224.999512 -243.133194
v -606.091125 1246.543579 -263.624786
v -613.821289 1224.999512 -263.624786
v -608.785217 1256.981934 -263.624786
v -623.380127 1218.273804 -243.133194
v -608.785217 1256.981934 -243.133194
v -623.380127 1218.273804 -263.624786
v -634.824707 1215.901611 -243.133194
v -634.824707 1215.901611 -263.624786
v -615.129517 1265.697754 -263.624786
v -615.129517 1265.697754 -243.133194
v -624.234924 1271.469360 -263.624786
v -624.234924 1271.469360 -243.133194
v -634.824707 1273.487549 -243.133194
v -634.824707 1273.487549 -263.624786
v -997.319580 1227.050659 -34.971600
v -995.660889 1222.238159 -34.971600
v -995.660889 1224.213867 -44.503101
v -992.115601 1217.425293 -34.971600
v -992.115479 1219.797485 -46.416100
v -997.319580 1228.629883 -42.590302
v -999.335083 1228.508301 -34.971600
v -995.660889 1229.815186 -52.464100
v -992.115479 1226.523193 -55.974800
v -999.335083 1229.967407 -42.011002
v -1012.607178 1228.508301 -34.971600
v -1012.607178 1229.967407 -42.011002
v -997.319580 1233.107178 -48.953602
v -999.335205 1234.104248 -47.890202
v -1012.607178 1234.104248 -47.890202
v -995.660889 1238.119385 -57.542702
v -992.115479 1236.494019 -62.072701
v -997.319580 1239.744751 -53.012901
v -999.335205 1240.237061 -51.640800
v -1012.607178 1240.237061 -51.640800
v -995.660889 1247.758179 -58.902302
v -992.115479 1248.067261 -63.705002
v -997.320312 1247.448975 -54.097599
v -999.335205 1247.355469 -52.645000
v -1012.607178 1247.355469 -52.645000
v -995.660889 1256.451660 -56.658401
v -992.115479 1258.505615 -61.011101
v -997.320801 1254.396240 -52.302502
v -999.335205 1253.775879 -50.987900
v -1012.607178 1253.775879 -50.987900
v -995.660889 1263.710693 -51.374599
v -992.115479 1267.221436 -54.666698
v -997.320801 1260.197144 -48.079800
v -999.335205 1259.136841 -47.085701
v -1012.607178 1259.136841 -47.085701
v -995.660889 1268.517578 -43.791401
v -992.115479 1272.993042 -45.561501
v -995.660889 1270.198364 -34.971600
v -992.115601 1275.011230 -34.971600
v -997.320801 1264.038452 -42.019699
v -997.320923 1265.381592 -34.971600
v -999.335083 1262.686768 -41.485100
v -999.335083 1263.928101 -34.971600
v -1012.607178 1262.686768 -41.485100
v -1012.607178 1263.928101 -34.971600
v -992.115479 1248.067261 -63.705002
v -992.115479 1236.494019 -62.072701
v -1012.607178 1236.494019 -62.072701
v -1012.607178 1248.067261 -63.705002
v -1012.607178 1226.523193 -55.974800
v -992.115479 1258.505615 -61.011101
v -992.115479 1226.523193 -55.974800
v -1012.607178 1258.505615 -61.011101
v -1012.607178 1219.797485 -46.416100
v -992.115479 1267.221436 -54.666698
v -992.115479 1219.797485 -46.416100
v -1012.607178 1217.425293 -34.971600
v -992.115601 1217.425293 -34.971600
v -1012.607178 1267.221436 -54.666698
v -992.115479 1272.993042 -45.561501
v -1012.607178 1272.993042 -45.561501
v -992.115601 1275.011230 -34.971600
v -1012.607178 1275.011230 -34.971600
v -997.319580 1228.629883 -27.353001
v -995.660889 1224.213867 -25.440201
v -995.660889 1222.238159 -34.971600
v -992.115601 1219.797485 -23.527100
v -992.115601 1217.425293 -34.971600
v -992.115601 1226.523193 -13.968400
v -997.319580 1227.050659 -34.971600
v -995.660889 1229.815186 -17.479200
v -992.115601 1236.494019 -7.870500
v -999.335083 1229.967529 -27.932301
v -999.335083 1228.508301 -34.971600
v -1012.607178 1228.508301 -34.971600
v -1012.607178 1229.967529 -27.932301
v -999.335083 1234.104248 -22.052900
v -1012.607178 1234.104248 -22.052900
v -997.319580 1233.107178 -20.989700
v -999.335083 1240.237061 -18.302500
v -1012.607178 1240.237061 -18.302500
v -1012.607178 1247.355469 -17.298300
v -995.660889 1238.119385 -12.400600
v -997.319580 1239.744873 -16.930401
v -995.660889 1247.758179 -11.041000
v -992.115601 1248.067261 -6.238100
v -992.115601 1258.505615 -8.932100
v -999.335083 1247.355469 -17.298300
v -997.320312 1247.448975 -15.845700
v -995.660889 1256.451660 -13.284800
v -992.115601 1267.221436 -15.276600
v -997.320923 1254.396240 -17.640800
v -999.335083 1253.775879 -18.955299
v -1012.607178 1253.775879 -18.955299
v -995.660889 1263.710693 -18.568600
v -992.115601 1272.993042 -24.381800
v -999.335083 1259.136841 -22.857599
v -1012.607178 1259.136841 -22.857599
v -997.320923 1260.197144 -21.863400
v -999.335083 1262.686768 -28.458099
v -1012.607178 1262.686768 -28.458099
v -1012.607178 1263.928101 -34.971600
v -999.335083 1263.928101 -34.971600
v -997.320923 1264.038452 -27.923599
v -997.320923 1265.381592 -34.971600
v -995.660889 1270.198364 -34.971600
v -992.115601 1275.011230 -34.971600
v -995.660889 1268.517578 -26.151800
v -1012.607178 1236.494019 -7.870500
v -992.115601 1236.494019 -7.870500
v -992.115601 1248.067261 -6.238100
v -992.115601 1226.523193 -13.968400
v -1012.607178 1248.067261 -6.238100
v -1012.607178 1226.523193 -13.968400
v -1012.607178 1258.505615 -8.932100
v -992.115601 1219.797485 -23.527100
v -992.115601 1258.505615 -8.932100
v -1012.607178 1219.797485 -23.527100
v -992.115601 1217.425293 -34.971600
v -1012.607178 1217.425293 -34.971600
v -1012.607178 1267.221436 -15.276600
v -992.115601 1267.221436 -15.276600
v -1012.607178 1272.993042 -24.381800
v -992.115601 1272.993042 -24.381800
v -992.115601 1275.011230 -34.971600
v -1012.607178 1275.011230 -34.971600
v 507.227905 1225.526978 174.640900
v 507.227905 1220.714478 172.982101
v 497.696411 1222.690186 172.982101
v 507.227905 1215.901611 169.436996
v 495.783386 1218.273804 169.436996
v 499.609314 1227.106201 174.640900
v 507.227905 1226.984619 176.656494
v 489.735413 1228.291504 172.982101
v 486.224701 1224.999512 169.436996
v 500.188690 1228.443726 176.656494
v 507.227905 1226.984619 189.928497
v 500.188690 1228.443726 189.928497
v 493.246002 1231.583496 174.640900
v 494.309296 1232.580566 176.656494
v 494.309296 1232.580566 189.928497
v 484.656799 1236.595703 172.982101
v 480.126709 1234.970337 169.436996
v 489.186493 1238.221069 174.640900
v 490.558594 1238.713379 176.656494
v 490.558594 1238.713379 189.928497
v 483.297302 1246.234497 172.982101
v 478.494385 1246.543579 169.436996
v 488.101898 1245.925293 174.641602
v 489.554596 1245.831787 176.656494
v 489.554596 1245.831787 189.928497
v 485.540985 1254.927979 172.982101
v 481.188385 1256.981934 169.436996
v 489.897003 1252.872559 174.642303
v 491.211609 1252.252197 176.656494
v 491.211609 1252.252197 189.928497
v 490.824890 1262.187012 172.982101
v 487.532806 1265.697754 169.436996
v 494.119598 1258.673462 174.642303
v 495.113892 1257.613159 176.656494
v 495.113892 1257.613159 189.928497
v 498.408203 1266.993896 172.982101
v 496.638092 1271.469360 169.436996
v 507.227905 1268.674683 172.982101
v 507.227905 1273.487549 169.436996
v 500.179688 1262.514771 174.642303
v 507.227905 1263.857910 174.642303
v 500.714294 1261.163086 176.656494
v 507.227905 1262.404419 176.656494
v 500.714294 1261.163086 189.928497
v 507.227905 1262.404419 189.928497
v 478.494385 1246.543579 169.436996
v 480.126709 1234.970337 169.436996
v 480.126709 1234.970337 189.928497
v 478.494385 1246.543579 189.928497
v 486.224701 1224.999512 189.928497
v 481.188385 1256.981934 169.436996
v 486.224701 1224.999512 169.436996
v 481.188385 1256.981934 189.928497
v 495.783386 1218.273804 189.928497
v 487.532806 1265.697754 169.436996
v 495.783386 1218.273804 169.436996
v 507.227905 1215.901611 189.928497
v 507.227905 1215.901611 169.436996
v 487.532806 1265.697754 189.928497
v 496.638092 1271.469360 169.436996
v 496.638092 1271.469360 189.928497
v 507.227905 1273.487549 169.436996
v 507.227905 1273.487549 189.928497
v 514.846497 1227.106201 174.640900
v 516.759399 1222.690186 172.982101
v 507.227905 1220.714478 172.982101
v 518.672424 1218.273804 169.436996
v 507.227905 1215.901611 169.436996
v 528.231079 1224.999512 169.436996
v 507.227905 1225.526978 174.640900
v 524.720276 1228.291504 172.982193
v 534.328979 1234.970337 169.436996
v 514.267212 1228.443848 176.656494
v 507.227905 1226.984619 176.656494
v 507.227905 1226.984619 189.928497
v 514.267212 1228.443848 189.928497
v 520.146484 1232.580566 176.656494
v 520.146484 1232.580566 189.928497
v 521.209778 1231.583496 174.640900
v 523.897217 1238.713379 176.656494
v 523.897217 1238.713379 189.928497
v 524.901184 1245.831787 189.928497
v 529.799011 1236.595703 172.982193
v 525.269226 1238.221191 174.640900
v 531.158508 1246.234497 172.982193
v 535.961426 1246.543579 169.436996
v 533.267273 1256.981934 169.436996
v 524.901184 1245.831787 176.656494
v 526.353821 1245.925293 174.641602
v 528.914673 1254.927979 172.982193
v 526.922974 1265.697754 169.436996
v 524.558716 1252.872559 174.642303
v 523.244080 1252.252197 176.656494
v 523.244080 1252.252197 189.928497
v 523.630920 1262.187012 172.982101
v 517.817688 1271.469360 169.436996
v 519.341919 1257.613159 176.656494
v 519.341919 1257.613159 189.928497
v 520.336182 1258.673462 174.642303
v 513.741516 1261.163086 176.656494
v 513.741516 1261.163086 189.928497
v 507.227905 1262.404419 189.928497
v 507.227905 1262.404419 176.656494
v 514.276123 1262.514771 174.642303
v 507.227905 1263.857910 174.642303
v 507.227905 1268.674683 172.982101
v 507.227905 1273.487549 169.436996
v 516.047485 1266.993896 172.982101
v 534.328979 1234.970337 189.928497
v 534.328979 1234.970337 169.436996
v 535.961426 1246.543579 169.436996
v 528.231079 1224.999512 169.436996
v 535.961426 1246.543579 189.928497
v 528.231079 1224.999512 189.928497
v 533.267273 1256.981934 189.928497
v 518.672424 1218.273804 169.436996
v 533.267273 1256.981934 169.436996
v 518.672424 1218.273804 189.928497
v 507.227905 1215.901611 169.436996
v 507.227905 1215.901611 189.928497
v 526.922974 1265.697754 189.928497
v 526.922974 1265.697754 169.436996
v 517.817688 1271.469360 189.928497
v 517.817688 1271.469360 169.436996
v 507.227905 1273.487549 169.436996
v 507.227905 1273.487549 189.928497
v 137.101593 1225.526978 174.640900
v 137.101593 1220.714478 172.982101
v 127.570099 1222.690186 172.982101
v 137.101593 1215.901611 169.436996
v 125.657097 1218.273804 169.436996
v 129.482895 1227.106201 174.640900
v 137.101593 1226.984619 176.656494
v 119.609100 1228.291504 172.982101
v 116.098396 1224.999512 169.436996
v 130.062302 1228.443726 176.656494
v 137.101593 1226.984619 189.928497
v 130.062393 1228.443726 189.928497
v 123.119598 1231.583496 174.640900
v 124.182999 1232.580566 176.656494
v 124.182999 1232.580566 189.928497
v 114.530502 1236.595703 172.982101
v 110.000397 1234.970337 169.436996
v 119.060204 1238.221069 174.640900
v 120.432297 1238.713379 176.656494
v 120.432297 1238.713379 189.928497
v 113.170998 1246.234497 172.982101
v 108.368103 1246.543579 169.436996
v 117.975601 1245.925293 174.641602
v 119.428200 1245.831787 176.656494
v 119.428299 1245.831787 189.928497
v 115.414703 1254.927979 172.982101
v 111.062103 1256.981934 169.436996
v 119.770798 1252.872559 174.642303
v 121.085297 1252.252197 176.656494
v 121.085297 1252.252197 189.928497
v 120.698601 1262.187012 172.982101
v 117.406502 1265.697754 169.436996
v 123.993301 1258.673462 174.642303
v 124.987503 1257.613159 176.656494
v 124.987503 1257.613159 189.928497
v 128.281906 1266.993896 172.982101
v 126.511803 1271.469360 169.436996
v 137.101593 1268.674683 172.982101
v 137.101593 1273.487549 169.436996
v 130.053406 1262.514771 174.642303
v 137.101593 1263.857910 174.642303
v 130.587997 1261.163086 176.656494
v 137.101593 1262.404419 176.656494
v 130.587997 1261.163086 189.928497
v 137.101593 1262.404419 189.928497
v 108.368103 1246.543579 169.436996
v 110.000397 1234.970337 169.436996
v 110.000397 1234.970337 189.928497
v 108.368103 1246.543579 189.928497
v 116.098396 1224.999512 189.928497
v 111.062103 1256.981934 169.436996
v 116.098396 1224.999512 169.436996
v 111.062103 1256.981934 189.928497
v 125.657097 1218.273804 189.928497
v 117.406502 1265.697754 169.436996
v 125.657097 1218.273804 169.436996
v 137.101593 1215.901611 189.928497
v 137.101593 1215.901611 169.436996
v 117.406502 1265.697754 189.928497
v 126.511803 1271.469360 169.436996
v 126.511803 1271.469360 189.928497
v 137.101593 1273.487549 169.436996
v 137.101593 1273.487549 189.928497
v 144.720200 1227.106201 174.640900
v 146.633102 1222.690186 172.982101
v 137.101593 1220.714478 172.982101
v 148.546097 1218.273804 169.436996
v 137.101593 1215.901611 169.436996
v 158.104797 1224.999512 169.436996
v 137.101593 1225.526978 174.640900
v 154.594101 1228.291504 172.982101
v 164.202805 1234.970337 169.436996
v 144.140793 1228.443848 176.656494
v 137.101593 1226.984619 176.656494
v 137.101593 1226.984619 189.928497
v 144.140793 1228.443848 189.928497
v 150.020096 1232.580566 176.656494
v 150.020096 1232.580566 189.928497
v 151.083496 1231.583496 174.640900
v 153.770905 1238.713379 176.656494
v 153.770905 1238.713379 189.928497
v 154.774902 1245.831787 189.928497
v 159.672699 1236.595703 172.982101
v 155.142899 1238.221191 174.640900
v 161.032196 1246.234497 172.982101
v 165.835098 1246.543579 169.436996
v 163.141098 1256.981934 169.436996
v 154.774902 1245.831787 176.656494
v 156.227493 1245.925293 174.641602
v 158.788498 1254.927979 172.982101
v 156.796707 1265.697754 169.436996
v 154.432404 1252.872559 174.642303
v 153.117905 1252.252197 176.656494
v 153.117905 1252.252197 189.928497
v 153.504593 1262.187012 172.982101
v 147.691406 1271.469360 169.436996
v 149.215607 1257.613159 176.656494
v 149.215607 1257.613159 189.928497
v 150.209793 1258.673462 174.642303
v 143.615097 1261.163086 176.656494
v 143.615097 1261.163086 189.928497
v 137.101593 1262.404419 189.928497
v 137.101593 1262.404419 176.656494
v 144.149796 1262.514771 174.642303
v 137.101593 1263.857910 174.642303
v 137.101593 1268.674683 172.982101
v 137.101593 1273.487549 169.436996
v 145.921295 1266.993896 172.982101
v 164.202805 1234.970337 189.928497
v 164.202805 1234.970337 169.436996
v 165.835098 1246.543579 169.436996
v 158.104797 1224.999512 169.436996
v 165.835098 1246.543579 189.928497
v 158.104797 1224.999512 189.928497
v 163.141098 1256.981934 189.928497
v 148.546097 1218.273804 169.436996
v 163.141098 1256.981934 169.436996
v 148.546097 1218.273804 189.928497
v 137.101593 1215.901611 169.436996
v 137.101593 1215.901611 189.928497
v 156.796707 1265.697754 189.928497
v 156.796707 1265.697754 169.436996
v 147.691406 1271.469360 189.928497
v 147.691406 1271.469360 169.436996
v 137.101593 1273.487549 169.436996
v 137.101593 1273.487549 189.928497
v -264.598907 1225.526978 174.640900
v -264.598907 1220.714478 172.982193
v -274.130188 1222.690186 172.982193
v -264.598907 1215.901611 169.436996
v -276.043304 1218.273804 169.436996
v -272.217407 1227.106201 174.640900
v -264.598907 1226.984619 176.656494
v -282.091309 1228.291504 172.982193
v -285.602112 1224.999512 169.436996
v -271.638092 1228.443726 176.656494
v -264.598907 1226.984619 189.928497
v -271.637909 1228.443726 189.928497
v -278.580688 1231.583496 174.640900
v -277.517303 1232.580566 176.656494
v -277.517303 1232.580566 189.928497
v -287.169891 1236.595703 172.982193
v -291.700012 1234.970337 169.436996
v -282.640106 1238.221069 174.640900
v -281.268097 1238.713379 176.656494
v -281.268097 1238.713379 189.928497
v -288.529388 1246.234497 172.982193
v -293.332306 1246.543579 169.436996
v -283.724701 1245.925293 174.641602
v -282.272095 1245.831787 176.656494
v -282.272095 1245.831787 189.928497
v -286.285614 1254.927979 172.982193
v -290.638214 1256.981934 169.436996
v -281.929688 1252.872559 174.642303
v -280.615112 1252.252197 176.656494
v -280.615112 1252.252197 189.928497
v -281.001709 1262.187012 172.982193
v -284.293915 1265.697754 169.436996
v -277.707001 1258.673462 174.642303
v -276.712891 1257.613159 176.656494
v -276.712891 1257.613159 189.928497
v -273.418488 1266.993896 172.982193
v -275.188599 1271.469360 169.436996
v -264.598907 1268.674683 172.982193
v -264.598907 1273.487549 169.436996
v -271.647003 1262.514771 174.642303
v -264.598907 1263.857910 174.642303
v -271.112305 1261.163086 176.656494
v -264.598907 1262.404419 176.656494
v -271.112305 1261.163086 189.928497
v -264.598907 1262.404419 189.928497
v -293.332306 1246.543579 169.436996
v -291.700012 1234.970337 169.436996
v -291.700012 1234.970337 189.928497
v -293.332306 1246.543579 189.928497
v -285.602112 1224.999512 189.928497
v -290.638214 1256.981934 169.436996
v -285.602112 1224.999512 169.436996
v -290.638214 1256.981934 189.928497
v -276.043304 1218.273804 189.928497
v -284.293915 1265.697754 169.436996
v -276.043304 1218.273804 169.436996
v -264.598907 1215.901611 189.928497
v -264.598907 1215.901611 169.436996
v -284.293915 1265.697754 189.928497
v -275.188599 1271.469360 169.436996
v -275.188599 1271.469360 189.928497
v -264.598907 1273.487549 169.436996
v -264.598907 1273.487549 189.928497
v -256.980194 1227.106201 174.640900
v -255.067307 1222.690186 172.982193
v -264.598907 1220.714478 172.982193
v -253.154297 1218.273804 169.436996
v -264.598907 1215.901611 169.436996
v -243.595596 1224.999512 169.436996
v -264.598907 1225.526978 174.640900
v -247.106293 1228.291504 172.982193
v -237.497604 1234.970337 169.436996
v -257.559601 1228.443848 176.656494
v -264.598907 1226.984619 176.656494
v -264.598907 1226.984619 189.928497
v -257.559601 1228.443848 189.928497
v -251.680206 1232.580566 176.656494
v -251.680206 1232.580566 189.928497
v -250.616898 1231.583496 174.640900
v -247.929504 1238.713379 176.656494
v -247.929504 1238.713379 189.928497
v -246.925507 1245.831787 189.928497
v -242.027695 1236.595703 172.982193
v -246.557495 1238.221191 174.640900
v -240.668198 1246.234497 172.982193
v -235.865295 1246.543579 169.436996
v -238.559296 1256.981934 169.436996
v -246.925507 1245.831787 176.656494
v -245.472900 1245.925293 174.641602
v -242.911896 1254.927979 172.982193
v -244.903702 1265.697754 169.436996
v -247.267899 1252.872559 174.642303
v -248.582504 1252.252197 176.656494
v -248.582504 1252.252197 189.928497
v -248.195801 1262.187012 172.982193
v -254.009003 1271.469360 169.436996
v -252.484802 1257.613159 176.656494
v -252.484802 1257.613159 189.928497
v -251.490494 1258.673462 174.642303
v -258.085297 1261.163086 176.656494
v -258.085297 1261.163086 189.928497
v -264.598907 1262.404419 189.928497
v -264.598907 1262.404419 176.656494
v -257.550690 1262.514771 174.642303
v -264.598907 1263.857910 174.642303
v -264.598907 1268.674683 172.982193
v -264.598907 1273.487549 169.436996
v -255.779099 1266.993896 172.982193
v -237.497604 1234.970337 189.928497
v -237.497604 1234.970337 169.436996
v -235.865295 1246.543579 169.436996
v -243.595596 1224.999512 169.436996
v -235.865295 1246.543579 189.928497
v -243.595596 1224.999512 189.928497
v -238.559296 1256.981934 189.928497
v -253.154297 1218.273804 169.436996
v -238.559296 1256.981934 169.436996
v -253.154297 1218.273804 189.928497
v -264.598907 1215.901611 169.436996
v -264.598907 1215.901611 189.928497
v -244.903702 1265.697754 189.928497
v -244.903702 1265.697754 169.436996
v -254.009003 1271.469360 189.928497
v -254.009003 1271.469360 169.436996
v -264.598907 1273.487549 169.436996
v -264.598907 1273.487549 189.928497
v -634.824707 1225.526978 174.640900
v -634.824707 1220.714478 172.982193
v -644.356201 1222.690186 172.982193
v -634.824707 1215.901611 169.436996
v -646.268982 1218.273804 169.436996
v -642.443420 1227.106201 174.640900
v -634.824707 1226.984619 176.656494
v -652.317078 1228.291504 172.982193
v -655.827881 1224.999512 169.436996
v -641.864014 1228.443726 176.656494
v -634.824707 1226.984619 189.928497
v -641.864014 1228.443726 189.928497
v -648.806580 1231.583496 174.640900
v -647.743225 1232.580566 176.656494
v -647.743225 1232.580566 189.928497
v -657.395813 1236.595703 172.982193
v -661.925781 1234.970337 169.436996
v -652.866028 1238.221069 174.640900
v -651.493896 1238.713379 176.656494
v -651.493896 1238.713379 189.928497
v -658.755371 1246.234497 172.982193
v -663.558105 1246.543579 169.436996
v -653.950684 1245.925293 174.641602
v -652.497986 1245.831787 176.656494
v -652.497986 1245.831787 189.928497
v -656.511475 1254.927979 172.982193
v -660.864014 1256.981934 169.436996
v -652.155518 1252.872559 174.642303
v -650.840820 1252.252197 176.656494
v -650.840820 1252.252197 189.928497
v -651.227478 1262.187012 172.982193
v -654.519775 1265.697754 169.436996
v -647.932922 1258.673462 174.642303
v -646.938721 1257.613159 176.656494
v -646.938721 1257.613159 189.928497
v -643.644287 1266.993896 172.982193
v -645.414612 1271.469360 169.436996
v -634.824707 1268.674683 172.982193
v -634.824707 1273.487549 169.436996
v -641.872803 1262.514771 174.642303
v -634.824707 1263.857910 174.642303
v -641.338074 1261.163086 176.656494
v -634.824707 1262.404419 176.656494
v -641.338074 1261.163086 189.928497
v -634.824707 1262.404419 189.928497
v -663.558105 1246.543579 169.436996
v -661.925781 1234.970337 169.436996
v -661.925781 1234.970337 189.928497
v -663.558105 1246.543579 189.928497
v -655.827881 1224.999512 189.928497
v -660.864014 1256.981934 169.436996
v -655.827881 1224.999512 169.436996
v -660.864014 1256.981934 189.928497
v -646.268982 1218.273804 189.928497
v -654.519775 1265.697754 169.436996
v -646.268982 1218.273804 169.436996
v -634.824707 1215.901611 189.928497
v -634.824707 1215.901611 169.436996
v -654.519775 1265.697754 189.928497
v -645.414612 1271.469360 169.436996
v -645.414612 1271.469360 189.928497
v -634.824707 1273.487549 169.436996
v -634.824707 1273.487549 189.928497
v -627.206116 1227.106201 174.640900
v -625.293213 1222.690186 172.982193
v -634.824707 1220.714478 172.982193
v -623.380127 1218.273804 169.436996
v -634.824707 1215.901611 169.436996
v -613.821289 1224.999512 169.436996
v -634.824707 1225.526978 174.640900
v -617.332275 1228.291504 172.982193
v -607.723389 1234.970337 169.436996
v -627.785400 1228.443848 176.656494
v -634.824707 1226.984619 176.656494
v -634.824707 1226.984619 189.928497
v -627.785400 1228.443848 189.928497
v -621.906006 1232.580566 176.656494
v -621.906006 1232.580566 189.928497
v -620.842773 1231.583496 174.640900
v -618.155518 1238.713379 176.656494
v -618.155518 1238.713379 189.928497
v -617.151428 1245.831787 189.928497
v -612.253723 1236.595703 172.982193
v -616.783386 1238.221191 174.640900
v -610.893982 1246.234497 172.982193
v -606.091125 1246.543579 169.436996
v -608.785217 1256.981934 169.436996
v -617.151428 1245.831787 176.656494
v -615.698730 1245.925293 174.641602
v -613.137695 1254.927979 172.982193
v -615.129578 1265.697754 169.436996
v -617.493896 1252.872559 174.642303
v -618.808289 1252.252197 176.656494
v -618.808289 1252.252197 189.928497
v -618.421570 1262.187012 172.982193
v -624.234924 1271.469360 169.436996
v -622.710693 1257.613159 176.656494
v -622.710693 1257.613159 189.928497
v -621.716309 1258.673462 174.642303
v -628.310974 1261.163086 176.656494
v -628.310974 1261.163086 189.928497
v -634.824707 1262.404419 189.928497
v -634.824707 1262.404419 176.656494
v -627.776611 1262.514771 174.642303
v -634.824707 1263.857910 174.642303
v -634.824707 1268.674683 172.982193
v -634.824707 1273.487549 169.436996
v -626.004883 1266.993896 172.982193
v -607.723389 1234.970337 189.928497
v -607.723389 1234.970337 169.436996
v -606.091125 1246.543579 169.436996
v -613.821289 1224.999512 169.436996
v -606.091125 1246.543579 189.928497
v -613.821289 1224.999512 189.928497
v -608.785217 1256.981934 189.928497
v -623.380127 1218.273804 169.436996
v -608.785217 1256.981934 169.436996
v -623.380127 1218.273804 189.928497
v -634.824707 1215.901611 169.436996
v -634.824707 1215.901611 189.928497
v -615.129578 1265.697754 189.928497
v -615.129578 1265.697754 169.436996
v -624.234924 1271.469360 189.928497
v -624.234924 1271.469360 169.436996
v -634.824707 1273.487549 169.436996
v -634.824707 1273.487549 189.928497
v -787.784424 990.795105 202.787003
v -787.784424 990.795105 175.109497
v -787.784302 927.363220 175.109497
v -787.784302 927.363220 202.787003
v -762.838928 1011.360229 169.319397
v -759.728027 1014.471130 169.319397
v -759.728027 927.363220 169.319397
v -762.838928 927.363220 169.319397
v -759.728027 927.363220 169.319397
v -759.728027 1014.471130 169.319397
v -759.728027 1014.471130 202.787003
v -759.728027 927.363220 202.787003
v -787.784424 990.795105 175.109497
v -767.588623 1006.610474 175.109497
v -767.588623 927.363220 175.109497
v -787.784302 927.363220 175.109497
v -767.588623 1006.610474 175.109497
v -762.838928 1011.360229 169.319397
v -762.838928 927.363220 169.319397
v -767.588623 927.363220 175.109497
v -787.784424 990.795105 175.109497
v -806.305908 990.795227 175.109497
v -806.305908 1006.610474 175.109497
v -767.588623 1006.610474 175.109497
v -767.588623 1006.610474 175.109497
v -806.305908 1006.610474 175.109497
v -806.305908 1011.360229 169.319397
v -762.838928 1011.360229 169.319397
v -806.305908 990.795227 175.109497
v -787.784424 990.795105 175.109497
v -787.784424 990.795105 202.787003
v -806.305908 990.795227 202.787003
v -806.305908 1014.471008 169.319397
v -759.728027 1014.471130 169.319397
v -762.838928 1011.360229 169.319397
v -806.305908 1011.360229 169.319397
v -806.305908 1014.471008 202.787003
v -759.728027 1014.471130 202.787003
v -759.728027 1014.471130 169.319397
v -806.305908 1014.471008 169.319397
v -824.827576 927.363220 175.109497
v -824.827515 990.795105 175.109497
v -824.827515 990.795105 202.787003
v -824.827576 927.363220 202.787003
v -850.057373 927.363220 169.319397
v -850.057617 1014.471130 169.319397
v -846.946716 1011.360229 169.319397
v -846.946472 927.363220 169.319397
v -850.057617 1014.471130 202.787094
v -850.057617 1014.471130 169.319397
v -850.057373 927.363220 169.319397
v -850.057373 927.363220 202.787094
v -824.827515 990.795105 175.109497
v -824.827576 927.363220 175.109497
v -842.196899 927.363220 175.109604
v -842.196899 1006.610474 175.109604
v -842.196899 1006.610474 175.109604
v -842.196899 927.363220 175.109604
v -846.946472 927.363220 169.319397
v -846.946716 1011.360229 169.319397
v -824.827515 990.795105 175.109497
v -842.196899 1006.610474 175.109604
v -806.305908 1006.610474 175.109497
v -806.305908 990.795227 175.109497
v -842.196899 1006.610474 175.109604
v -846.946716 1011.360229 169.319397
v -806.305908 1011.360229 169.319397
v -806.305908 1006.610474 175.109497
v -824.827515 990.795105 202.787003
v -824.827515 990.795105 175.109497
v -806.305908 990.795227 175.109497
v -806.305908 990.795227 202.787003
v -846.946716 1011.360229 169.319397
v -850.057617 1014.471130 169.319397
v -806.305908 1014.471008 169.319397
v -806.305908 1011.360229 169.319397
v -850.057617 1014.471130 169.319397
v -850.057617 1014.471130 202.787094
v -806.305908 1014.471008 202.787003
v -806.305908 1014.471008 169.319397
v -416.757690 990.795227 202.786896
v -416.757690 990.795227 175.109406
v -416.757599 927.363281 175.109406
v -416.757599 927.363281 202.786896
v -391.812103 1011.360291 169.319305
v -388.701294 1014.471130 169.319305
v -388.701385 927.363281 169.319305
v -391.812103 927.363281 169.319305
v -388.701385 927.363281 169.319305
v -388.701294 1014.471130 169.319305
v -388.701294 1014.471130 202.786896
v -388.701385 927.363281 202.786896
v -416.757690 990.795227 175.109406
v -396.561890 1006.610474 175.109406
v -396.561890 927.363281 175.109406
v -416.757599 927.363281 175.109406
v -396.561890 1006.610474 175.109406
v -391.812103 1011.360291 169.319305
v -391.812103 927.363281 169.319305
v -396.561890 927.363281 175.109406
v -416.757690 990.795227 175.109406
v -435.279297 990.795227 175.109406
v -435.279297 1006.610474 175.109406
v -396.561890 1006.610474 175.109406
v -396.561890 1006.610474 175.109406
v -435.279297 1006.610474 175.109406
v -435.279297 1011.360229 169.319305
v -391.812103 1011.360291 169.319305
v -435.279297 990.795227 175.109406
v -416.757690 990.795227 175.109406
v -416.757690 990.795227 202.786896
v -435.279297 990.795227 202.786896
v -435.279297 1014.471130 169.319305
v -388.701294 1014.471130 169.319305
v -391.812103 1011.360291 169.319305
v -435.279297 1011.360229 169.319305
v -435.279297 1014.471130 202.786896
v -388.701294 1014.471130 202.786896
v -388.701294 1014.471130 169.319305
v -435.279297 1014.471130 169.319305
v -453.800995 927.363220 175.109406
v -453.800812 990.795227 175.109406
v -453.800812 990.795227 202.787003
v -453.800995 927.363220 202.787003
v -479.030792 927.363220 169.319305
v -479.030792 1014.471130 169.319305
v -475.919891 1011.360291 169.319305
v -475.919891 927.363220 169.319305
v -479.030792 1014.471130 202.787003
v -479.030792 1014.471130 169.319305
v -479.030792 927.363220 169.319305
v -479.030792 927.363220 202.787003
v -453.800812 990.795227 175.109406
v -453.800995 927.363220 175.109406
v -471.170197 927.363220 175.109406
v -471.170197 1006.610474 175.109406
v -471.170197 1006.610474 175.109406
v -471.170197 927.363220 175.109406
v -475.919891 927.363220 169.319305
v -475.919891 1011.360291 169.319305
v -453.800812 990.795227 175.109406
v -471.170197 1006.610474 175.109406
v -435.279297 1006.610474 175.109406
v -435.279297 990.795227 175.109406
v -471.170197 1006.610474 175.109406
v -475.919891 1011.360291 169.319305
v -435.279297 1011.360229 169.319305
v -435.279297 1006.610474 175.109406
v -453.800812 990.795227 202.787003
v -453.800812 990.795227 175.109406
v -435.279297 990.795227 175.109406
v -435.279297 990.795227 202.786896
v -475.919891 1011.360291 169.319305
v -479.030792 1014.471130 169.319305
v -435.279297 1014.471130 169.319305
v -435.279297 1011.360229 169.319305
v -479.030792 1014.471130 169.319305
v -479.030792 1014.471130 202.787003
v -435.279297 1014.471130 202.786896
v -435.279297 1014.471130 169.319305
v -44.572800 990.795227 202.786804
v -44.572800 990.795227 175.109299
v -44.572601 927.363281 175.109299
v -44.572601 927.363281 202.786804
v -19.627100 1011.360291 169.319199
v -16.516300 1014.471130 169.319199
v -16.516399 927.363281 169.319199
v -19.627199 927.363281 169.319199
v -16.516399 927.363281 169.319199
v -16.516300 1014.471130 169.319199
v -16.516300 1014.471130 202.786804
v -16.516399 927.363281 202.786804
v -44.572800 990.795227 175.109299
v -24.376900 1006.610474 175.109299
v -24.376900 927.363281 175.109299
v -44.572601 927.363281 175.109299
v -24.376900 1006.610474 175.109299
v -19.627100 1011.360291 169.319199
v -19.627199 927.363281 169.319199
v -24.376900 927.363281 175.109299
v -44.572800 990.795227 175.109299
v -63.094299 990.795227 175.109299
v -63.094299 1006.610474 175.109299
v -24.376900 1006.610474 175.109299
v -24.376900 1006.610474 175.109299
v -63.094299 1006.610474 175.109299
v -63.094299 1011.360229 169.319199
v -19.627100 1011.360291 169.319199
v -63.094299 990.795227 175.109299
v -44.572800 990.795227 175.109299
v -44.572800 990.795227 202.786804
v -63.094299 990.795227 202.786804
v -63.094299 1014.471130 169.319199
v -16.516300 1014.471130 169.319199
v -19.627100 1011.360291 169.319199
v -63.094299 1011.360229 169.319199
v -63.094299 1014.471130 202.786804
v -16.516300 1014.471130 202.786804
v -16.516300 1014.471130 169.319199
v -63.094299 1014.471130 169.319199
v -81.615997 927.363281 175.109299
v -81.615799 990.795227 175.109299
v -81.615799 990.795227 202.786804
v -81.615997 927.363281 202.786804
v -106.845802 927.363281 169.319199
v -106.845802 1014.471130 169.319199
v -103.735001 1011.360291 169.319199
v -103.734901 927.363281 169.319199
v -106.845802 1014.471130 202.786804
v -106.845802 1014.471130 169.319199
v -106.845802 927.363281 169.319199
v -106.845802 927.363281 202.786804
v -81.615799 990.795227 175.109299
v -81.615997 927.363281 175.109299
v -98.985199 927.363281 175.109299
v -98.985199 1006.610474 175.109299
v -98.985199 1006.610474 175.109299
v -98.985199 927.363281 175.109299
v -103.734901 927.363281 169.319199
v -103.735001 1011.360291 169.319199
v -81.615799 990.795227 175.109299
v -98.985199 1006.610474 175.109299
v -63.094299 1006.610474 175.109299
v -63.094299 990.795227 175.109299
v -98.985199 1006.610474 175.109299
v -103.735001 1011.360291 169.319199
v -63.094299 1011.360229 169.319199
v -63.094299 1006.610474 175.109299
v -81.615799 990.795227 202.786804
v -81.615799 990.795227 175.109299
v -63.094299 990.795227 175.109299
v -63.094299 990.795227 202.786804
v -103.735001 1011.360291 169.319199
v -106.845802 1014.471130 169.319199
v -63.094299 1014.471130 169.319199
v -63.094299 1011.360229 169.319199
v -106.845802 1014.471130 169.319199
v -106.845802 1014.471130 202.786804
v -63.094299 1014.471130 202.786804
v -63.094299 1014.471130 169.319199
v 322.886688 990.795227 202.786697
v 322.886688 990.795227 175.109207
v 322.886810 927.363281 175.109207
v 322.886810 927.363281 202.786697
v 347.832306 1011.360291 169.319107
v 350.943115 1014.471130 169.319107
v 350.943115 927.363281 169.319107
v 347.832214 927.363281 169.319107
v 350.943115 927.363281 169.319107
v 350.943115 1014.471130 169.319107
v 350.943115 1014.471130 202.786697
v 350.943115 927.363281 202.786697
v 322.886688 990.795227 175.109207
v 343.082489 1006.610474 175.109207
v 343.082397 927.363281 175.109207
v 322.886810 927.363281 175.109207
v 343.082489 1006.610474 175.109207
v 347.832306 1011.360291 169.319107
v 347.832214 927.363281 169.319107
v 343.082397 927.363281 175.109207
v 322.886688 990.795227 175.109207
v 304.365112 990.795227 175.109207
v 304.365112 1006.610474 175.109207
v 343.082489 1006.610474 175.109207
v 343.082489 1006.610474 175.109207
v 304.365112 1006.610474 175.109207
v 304.365112 1011.360229 169.319107
v 347.832306 1011.360291 169.319107
v 304.365112 990.795227 175.109207
v 322.886688 990.795227 175.109207
v 322.886688 990.795227 202.786697
v 304.365112 990.795227 202.786697
v 304.365112 1014.471130 169.319107
v 350.943115 1014.471130 169.319107
v 347.832306 1011.360291 169.319107
v 304.365112 1011.360229 169.319107
v 304.365112 1014.471130 202.786697
v 350.943115 1014.471130 202.786697
v 350.943115 1014.471130 169.319107
v 304.365112 1014.471130 169.319107
v 285.843414 927.363281 175.109207
v 285.843506 990.795227 175.109207
v 285.843506 990.795227 202.786697
v 285.843414 927.363281 202.786697
v 260.613586 927.363281 169.319107
v 260.613495 1014.471130 169.319107
v 263.724487 1011.360291 169.319107
v 263.724487 927.363281 169.319107
v 260.613495 1014.471130 202.786697
v 260.613495 1014.471130 169.319107
v 260.613586 927.363281 169.319107
v 260.613586 927.363281 202.786697
v 285.843506 990.795227 175.109207
v 285.843414 927.363281 175.109207
v 268.474213 927.363281 175.109207
v 268.474213 1006.610474 175.109207
v 268.474213 1006.610474 175.109207
v 268.474213 927.363281 175.109207
v 263.724487 927.363281 169.319107
v 263.724487 1011.360291 169.319107
v 285.843506 990.795227 175.109207
v 268.474213 1006.610474 175.109207
v 304.365112 1006.610474 175.109207
v 304.365112 990.795227 175.109207
v 268.474213 1006.610474 175.109207
v 263.724487 1011.360291 169.319107
v 304.365112 1011.360229 169.319107
v 304.365112 1006.610474 175.109207
v 285.843506 990.795227 202.786697
v 285.843506 990.795227 175.109207
v 304.365112 990.795227 175.109207
v 304.365112 990.795227 202.786697
v 263.724487 1011.360291 169.319107
v 260.613495 1014.471130 169.319107
v 304.365112 1014.471130 169.319107
v 304.365112 1011.360229 169.319107
v 260.613495 1014.471130 169.319107
v 260.613495 1014.471130 202.786697
v 304.365112 1014.471130 202.786697
v 304.365112 1014.471130 169.319107
v 693.763428 990.795227 202.786606
v 693.763428 990.795227 175.109100
v 693.763489 927.363281 175.109100
v 693.763489 927.363281 202.786606
v 718.708984 1011.360413 169.318893
v 721.819824 1014.471130 169.318893
v 721.819824 927.363281 169.318893
v 718.708923 927.363281 169.318893
v 721.819824 927.363281 169.318893
v 721.819824 1014.471130 169.318893
v 721.819824 1014.471130 202.786606
v 721.819824 927.363281 202.786606
v 693.763428 990.795227 175.109100
v 713.959229 1006.610474 175.109100
v 713.959106 927.363281 175.109100
v 693.763489 927.363281 175.109100
v 713.959229 1006.610474 175.109100
v 718.708984 1011.360413 169.318893
v 718.708923 927.363281 169.318893
v 713.959106 927.363281 175.109100
v 693.763428 990.795227 175.109100
v 675.241882 990.795227 175.109100
v 675.241882 1006.610474 175.109100
v 713.959229 1006.610474 175.109100
v 713.959229 1006.610474 175.109100
v 675.241882 1006.610474 175.109100
v 675.241882 1011.360291 169.318893
v 718.708984 1011.360413 169.318893
v 675.241882 990.795227 175.109100
v 693.763428 990.795227 175.109100
v 693.763428 990.795227 202.786606
v 675.241882 990.795227 202.786606
v 675.241882 1014.471130 169.318893
v 721.819824 1014.471130 169.318893
v 718.708984 1011.360413 169.318893
v 675.241882 1011.360291 169.318893
v 675.241882 1014.471130 202.786606
v 721.819824 1014.471130 202.786606
v 721.819824 1014.471130 169.318893
v 675.241882 1014.471130 169.318893
v 656.720215 927.363281 175.109100
v 656.720215 990.795227 175.109100
v 656.720215 990.795227 202.786606
v 656.720215 927.363281 202.786606
v 631.490417 927.363281 169.318893
v 631.490173 1014.471130 169.318893
v 634.601196 1011.360413 169.318893
v 634.601196 927.363281 169.318893
v 631.490173 1014.471130 202.786606
v 631.490173 1014.471130 169.318893
v 631.490417 927.363281 169.318893
v 631.490417 927.363281 202.786606
v 656.720215 990.795227 175.109100
v 656.720215 927.363281 175.109100
v 639.351013 927.363281 175.109100
v 639.351013 1006.610474 175.109100
v 639.351013 1006.610474 175.109100
v 639.351013 927.363281 175.109100
v 634.601196 927.363281 169.318893
v 634.601196 1011.360413 169.318893
v 656.720215 990.795227 175.109100
v 639.351013 1006.610474 175.109100
v 675.241882 1006.610474 175.109100
v 675.241882 990.795227 175.109100
v 639.351013 1006.610474 175.109100
v 634.601196 1011.360413 169.318893
v 675.241882 1011.360291 169.318893
v 675.241882 1006.610474 175.109100
v 656.720215 990.795227 202.786606
v 656.720215 990.795227 175.109100
v 675.241882 990.795227 175.109100
v 675.241882 990.795227 202.786606
v 634.601196 1011.360413 169.318893
v 631.490173 1014.471130 169.318893
v 675.241882 1014.471130 169.318893
v 675.241882 1011.360291 169.318893
v 631.490173 1014.471130 169.318893
v 631.490173 1014.471130 202.786606
v 675.241882 1014.471130 202.786606
v 675.241882 1014.471130 169.318893
v -1030.053955 985.160522 -17.079700
v -1002.376526 985.160522 -17.079700
v -1002.376526 921.728516 -17.079599
v -1030.053955 921.728516 -17.079599
v -996.586304 1005.725586 7.865900
v -996.586304 1008.836426 10.976800
v -996.586304 921.728516 10.976700
v -996.586304 921.728516 7.865900
v -996.586304 921.728516 10.976700
v -996.586304 1008.836426 10.976800
v -1030.053955 1008.836426 10.976800
v -1030.053955 921.728516 10.976700
v -1002.376526 985.160522 -17.079700
v -1002.376526 1000.975830 3.116200
v -1002.376526 921.728516 3.116200
v -1002.376526 921.728516 -17.079599
v -1002.376526 1000.975830 3.116200
v -996.586304 1005.725586 7.865900
v -996.586304 921.728516 7.865900
v -1002.376526 921.728516 3.116200
v -1002.376526 985.160522 -17.079700
v -1002.376526 985.160522 -35.601200
v -1002.376526 1000.975830 -35.601200
v -1002.376526 1000.975830 3.116200
v -1002.376526 1000.975830 3.116200
v -1002.376526 1000.975830 -35.601200
v -996.586304 1005.725586 -35.601200
v -996.586304 1005.725586 7.865900
v -1002.376526 985.160522 -35.601200
v -1002.376526 985.160522 -17.079700
v -1030.053955 985.160522 -17.079700
v -1030.053955 985.160522 -35.601200
v -996.586304 1008.836426 -35.601200
v -996.586304 1008.836426 10.976800
v -996.586304 1005.725586 7.865900
v -996.586304 1005.725586 -35.601200
v -1030.053955 1008.836426 -35.601200
v -1030.053955 1008.836426 10.976800
v -996.586304 1008.836426 10.976800
v -996.586304 1008.836426 -35.601200
v -1002.376526 921.728516 -54.122898
v -1002.376526 985.160522 -54.122799
v -1030.053955 985.160522 -54.122799
v -1030.053955 921.728516 -54.122898
v -996.586304 921.728516 -79.352699
v -996.586304 1008.836426 -79.352798
v -996.586304 1005.725586 -76.241898
v -996.586304 921.728516 -76.241898
v -1030.053955 1008.836426 -79.352798
v -996.586304 1008.836426 -79.352798
v -996.586304 921.728516 -79.352699
v -1030.053955 921.728516 -79.352699
v -1002.376526 985.160522 -54.122799
v -1002.376526 921.728516 -54.122898
v -1002.376526 921.728516 -71.492203
v -1002.376526 1000.975830 -71.492203
v -1002.376526 1000.975830 -71.492203
v -1002.376526 921.728516 -71.492203
v -996.586304 921.728516 -76.241898
v -996.586304 1005.725586 -76.241898
v -1002.376526 985.160522 -54.122799
v -1002.376526 1000.975830 -71.492203
v -1002.376526 1000.975830 -35.601200
v -1002.376526 985.160522 -35.601200
v -1002.376526 1000.975830 -71.492203
v -996.586304 1005.725586 -76.241898
v -996.586304 1005.725586 -35.601200
v -1002.376526 1000.975830 -35.601200
v -1030.053955 985.160522 -54.122799
v -1002.376526 985.160522 -54.122799
v -1002.376526 985.160522 -35.601200
v -1030.053955 985.160522 -35.601200
v -996.586304 1005.725586 -76.241898
v -996.586304 1008.836426 -79.352798
v -996.586304 1008.836426 -35.601200
v -996.586304 1005.725586 -35.601200
v -996.586304 1008.836426 -79.352798
v -1030.053955 1008.836426 -79.352798
v -1030.053955 1008.836426 -35.601200
v -996.586304 1008.836426 -35.601200
v -787.784302 927.363220 -247.100204
v -787.784424 990.795105 -247.100204
v -787.784424 990.795105 -274.777710
v -787.784302 927.363220 -274.777710
v -759.728027 927.363220 -241.309998
v -759.728027 1014.471130 -241.309998
v -762.838928 1011.360229 -241.309998
v -762.838928 927.363220 -241.309998
v -759.728027 1014.471130 -274.777710
v -759.728027 1014.471130 -241.309998
v -759.728027 927.363220 -241.309998
v -759.728027 927.363220 -274.777710
v -787.784424 990.795105 -247.100204
v -787.784302 927.363220 -247.100204
v -767.588623 927.363220 -247.100204
v -767.588623 1006.610474 -247.100204
v -767.588623 1006.610474 -247.100204
v -767.588623 927.363220 -247.100204
v -762.838928 927.363220 -241.309998
v -762.838928 1011.360229 -241.309998
v -787.784424 990.795105 -247.100204
v -767.588623 1006.610474 -247.100204
v -806.305908 1006.610474 -247.100204
v -806.305908 990.795227 -247.100204
v -767.588623 1006.610474 -247.100204
v -762.838928 1011.360229 -241.309998
v -806.305908 1011.360229 -241.309998
v -806.305908 1006.610474 -247.100204
v -787.784424 990.795105 -274.777710
v -787.784424 990.795105 -247.100204
v -806.305908 990.795227 -247.100204
v -806.305908 990.795227 -274.777710
v -762.838928 1011.360229 -241.309998
v -759.728027 1014.471130 -241.309998
v -806.305908 1014.471008 -241.309998
v -806.305908 1011.360229 -241.309998
v -759.728027 1014.471130 -241.309998
v -759.728027 1014.471130 -274.777710
v -806.305908 1014.471008 -274.777710
v -806.305908 1014.471008 -241.309998
v -824.827576 990.795105 -274.777710
v -824.827515 990.795105 -247.100204
v -824.827576 927.363220 -247.100204
v -824.827576 927.363220 -274.777710
v -846.946716 1011.360229 -241.309998
v -850.057495 1014.471130 -241.309998
v -850.057373 927.363220 -241.309998
v -846.946472 927.363220 -241.309998
v -850.057373 927.363220 -241.309998
v -850.057495 1014.471130 -241.309998
v -850.057495 1014.471130 -274.777710
v -850.057373 927.363220 -274.777710
v -824.827515 990.795105 -247.100204
v -842.196899 1006.610474 -247.100204
v -842.196899 927.363220 -247.100204
v -824.827576 927.363220 -247.100204
v -842.196899 1006.610474 -247.100204
v -846.946716 1011.360229 -241.309998
v -846.946472 927.363220 -241.309998
v -842.196899 927.363220 -247.100204
v -824.827515 990.795105 -247.100204
v -806.305908 990.795227 -247.100204
v -806.305908 1006.610474 -247.100204
v -842.196899 1006.610474 -247.100204
v -842.196899 1006.610474 -247.100204
v -806.305908 1006.610474 -247.100204
v -806.305908 1011.360229 -241.309998
v -846.946716 1011.360229 -241.309998
v -806.305908 990.795227 -247.100204
v -824.827515 990.795105 -247.100204
v -824.827576 990.795105 -274.777710
v -806.305908 990.795227 -274.777710
v -806.305908 1014.471008 -241.309998
v -850.057495 1014.471130 -241.309998
v -846.946716 1011.360229 -241.309998
v -806.305908 1011.360229 -241.309998
v -806.305908 1014.471008 -274.777710
v -850.057495 1014.471130 -274.777710
v -850.057495 1014.471130 -241.309998
v -806.305908 1014.471008 -241.309998
v -416.757599 927.363281 -247.100204
v -416.757690 990.795227 -247.100204
v -416.757690 990.795227 -274.777710
v -416.757599 927.363281 -274.777710
v -388.701385 927.363281 -241.309998
v -388.701294 1014.471130 -241.309998
v -391.812103 1011.360291 -241.309998
v -391.812103 927.363281 -241.309998
v -388.701294 1014.471130 -274.777710
v -388.701294 1014.471130 -241.309998
v -388.701385 927.363281 -241.309998
v -388.701385 927.363281 -274.777710
v -416.757690 990.795227 -247.100204
v -416.757599 927.363281 -247.100204
v -396.561890 927.363281 -247.100204
v -396.561890 1006.610474 -247.100204
v -396.561890 1006.610474 -247.100204
v -396.561890 927.363281 -247.100204
v -391.812103 927.363281 -241.309998
v -391.812103 1011.360291 -241.309998
v -416.757690 990.795227 -247.100204
v -396.561890 1006.610474 -247.100204
v -435.279297 1006.610474 -247.100204
v -435.279297 990.795227 -247.100204
v -396.561890 1006.610474 -247.100204
v -391.812103 1011.360291 -241.309998
v -435.279297 1011.360229 -241.309998
v -435.279297 1006.610474 -247.100204
v -416.757690 990.795227 -274.777710
v -416.757690 990.795227 -247.100204
v -435.279297 990.795227 -247.100204
v -435.279297 990.795227 -274.777710
v -391.812103 1011.360291 -241.309998
v -388.701294 1014.471130 -241.309998
v -435.279297 1014.471130 -241.309998
v -435.279297 1011.360229 -241.309998
v -388.701294 1014.471130 -241.309998
v -388.701294 1014.471130 -274.777710
v -435.279297 1014.471130 -274.777710
v -435.279297 1014.471130 -241.309998
v -453.800812 990.795227 -274.777710
v -453.800812 990.795227 -247.100204
v -453.800995 927.363220 -247.100204
v -453.800995 927.363220 -274.777710
v -475.919891 1011.360291 -241.309998
v -479.030792 1014.471130 -241.309998
v -479.030792 927.363220 -241.309998
v -475.919891 927.363220 -241.309998
v -479.030792 927.363220 -241.309998
v -479.030792 1014.471130 -241.309998
v -479.030792 1014.471130 -274.777710
v -479.030792 927.363220 -274.777710
v -453.800812 990.795227 -247.100204
v -471.170197 1006.610474 -247.100204
v -471.170197 927.363220 -247.100204
v -453.800995 927.363220 -247.100204
v -471.170197 1006.610474 -247.100204
v -475.919891 1011.360291 -241.309998
v -475.919891 927.363220 -241.309998
v -471.170197 927.363220 -247.100204
v -453.800812 990.795227 -247.100204
v -435.279297 990.795227 -247.100204
v -435.279297 1006.610474 -247.100204
v -471.170197 1006.610474 -247.100204
v -471.170197 1006.610474 -247.100204
v -435.279297 1006.610474 -247.100204
v -435.279297 1011.360229 -241.309998
v -475.919891 1011.360291 -241.309998
v -435.279297 990.795227 -247.100204
v -453.800812 990.795227 -247.100204
v -453.800812 990.795227 -274.777710
v -435.279297 990.795227 -274.777710
v -435.279297 1014.471130 -241.309998
v -479.030792 1014.471130 -241.309998
v -475.919891 1011.360291 -241.309998
v -435.279297 1011.360229 -241.309998
v -435.279297 1014.471130 -274.777710
v -479.030792 1014.471130 -274.777710
v -479.030792 1014.471130 -241.309998
v -435.279297 1014.471130 -241.309998
v -44.572601 927.363281 -247.100204
v -44.572800 990.795227 -247.100204
v -44.572800 990.795227 -274.777710
v -44.572601 927.363281 -274.777710
v -16.516399 927.363281 -241.309998
v -16.516300 1014.471130 -241.309998
v -19.627100 1011.360291 -241.309998
v -19.627199 927.363281 -241.309998
v -16.516300 1014.471130 -274.777710
v -16.516300 1014.471130 -241.309998
v -16.516399 927.363281 -241.309998
v -16.516399 927.363281 -274.777710
v -44.572800 990.795227 -247.100204
v -44.572601 927.363281 -247.100204
v -24.376900 927.363281 -247.100204
v -24.376900 1006.610474 -247.100204
v -24.376900 1006.610474 -247.100204
v -24.376900 927.363281 -247.100204
v -19.627199 927.363281 -241.309998
v -19.627100 1011.360291 -241.309998
v -44.572800 990.795227 -247.100204
v -24.376900 1006.610474 -247.100204
v -63.094299 1006.610474 -247.100204
v -63.094299 990.795227 -247.100204
v -24.376900 1006.610474 -247.100204
v -19.627100 1011.360291 -241.309998
v -63.094299 1011.360229 -241.309998
v -63.094299 1006.610474 -247.100204
v -44.572800 990.795227 -274.777710
v -44.572800 990.795227 -247.100204
v -63.094299 990.795227 -247.100204
v -63.094299 990.795227 -274.777710
v -19.627100 1011.360291 -241.309998
v -16.516300 1014.471130 -241.309998
v -63.094299 1014.471130 -241.309998
v -63.094299 1011.360229 -241.309998
v -16.516300 1014.471130 -241.309998
v -16.516300 1014.471130 -274.777710
v -63.094299 1014.471130 -274.777710
v -63.094299 1014.471130 -241.309998
v -81.615799 990.795227 -274.777710
v -81.615799 990.795227 -247.100204
v -81.615997 927.363281 -247.100204
v -81.615997 927.363281 -274.777710
v -103.735001 1011.360291 -241.309998
v -106.845802 1014.471130 -241.309998
v -106.845802 927.363281 -241.309998
v -103.734901 927.363281 -241.309998
v -106.845802 927.363281 -241.309998
v -106.845802 1014.471130 -241.309998
v -106.845802 1014.471130 -274.777588
v -106.845802 927.363281 -274.777588
v -81.615799 990.795227 -247.100204
v -98.985199 1006.610474 -247.100204
v -98.985199 927.363281 -247.100204
v -81.615997 927.363281 -247.100204
v -98.985199 1006.610474 -247.100204
v -103.735001 1011.360291 -241.309998
v -103.734901 927.363281 -241.309998
v -98.985199 927.363281 -247.100204
v -81.615799 990.795227 -247.100204
v -63.094299 990.795227 -247.100204
v -63.094299 1006.610474 -247.100204
v -98.985199 1006.610474 -247.100204
v -98.985199 1006.610474 -247.100204
v -63.094299 1006.610474 -247.100204
v -63.094299 1011.360229 -241.309998
v -103.735001 1011.360291 -241.309998
v -63.094299 990.795227 -247.100204
v -81.615799 990.795227 -247.100204
v -81.615799 990.795227 -274.777710
v -63.094299 990.795227 -274.777710
v -63.094299 1014.471130 -241.309998
v -106.845802 1014.471130 -241.309998
v -103.735001 1011.360291 -241.309998
v -63.094299 1011.360229 -241.309998
v -63.094299 1014.471130 -274.777710
v -106.845802 1014.471130 -274.777588
v -106.845802 1014.471130 -241.309998
v -63.094299 1014.471130 -241.309998
v 322.886810 927.363281 -247.100204
v 322.886688 990.795227 -247.100204
v 322.886688 990.795227 -274.777710
v 322.886810 927.363281 -274.777710
v 350.943115 927.363281 -241.309998
v 350.943115 1014.471130 -241.309998
v 347.832306 1011.360291 -241.309998
v 347.832214 927.363281 -241.309998
v 350.943115 1014.471130 -274.777710
v 350.943115 1014.471130 -241.309998
v 350.943115 927.363281 -241.309998
v 350.943115 927.363281 -274.777710
v 322.886688 990.795227 -247.100204
v 322.886810 927.363281 -247.100204
v 343.082397 927.363281 -247.100204
v 343.082489 1006.610474 -247.100204
v 343.082489 1006.610474 -247.100204
v 343.082397 927.363281 -247.100204
v 347.832214 927.363281 -241.309998
v 347.832306 1011.360291 -241.309998
v 322.886688 990.795227 -247.100204
v 343.082489 1006.610474 -247.100204
v 304.365112 1006.610474 -247.100204
v 304.365112 990.795227 -247.100204
v 343.082489 1006.610474 -247.100204
v 347.832306 1011.360291 -241.309998
v 304.365112 1011.360229 -241.309998
v 304.365112 1006.610474 -247.100204
v 322.886688 990.795227 -274.777710
v 322.886688 990.795227 -247.100204
v 304.365112 990.795227 -247.100204
v 304.365112 990.795227 -274.777710
v 347.832306 1011.360291 -241.309998
v 350.943115 1014.471130 -241.309998
v 304.365112 1014.471130 -241.309998
v 304.365112 1011.360229 -241.309998
v 350.943115 1014.471130 -241.309998
v 350.943115 1014.471130 -274.777710
v 304.365112 1014.471130 -274.777710
v 304.365112 1014.471130 -241.309998
v 285.843506 990.795227 -274.777588
v 285.843506 990.795227 -247.100204
v 285.843414 927.363281 -247.100204
v 285.843414 927.363281 -274.777588
v 263.724487 1011.360291 -241.309998
v 260.613495 1014.471130 -241.309998
v 260.613586 927.363281 -241.309998
v 263.724487 927.363281 -241.309998
v 260.613586 927.363281 -241.309998
v 260.613495 1014.471130 -241.309998
v 260.613495 1014.471130 -274.777588
v 260.613586 927.363281 -274.777588
v 285.843506 990.795227 -247.100204
v 268.474213 1006.610474 -247.100204
v 268.474213 927.363281 -247.100204
v 285.843414 927.363281 -247.100204
v 268.474213 1006.610474 -247.100204
v 263.724487 1011.360291 -241.309998
v 263.724487 927.363281 -241.309998
v 268.474213 927.363281 -247.100204
v 285.843506 990.795227 -247.100204
v 304.365112 990.795227 -247.100204
v 304.365112 1006.610474 -247.100204
v 268.474213 1006.610474 -247.100204
v 268.474213 1006.610474 -247.100204
v 304.365112 1006.610474 -247.100204
v 304.365112 1011.360229 -241.309998
v 263.724487 1011.360291 -241.309998
v 304.365112 990.795227 -247.100204
v 285.843506 990.795227 -247.100204
v 285.843506 990.795227 -274.777588
v 304.365112 990.795227 -274.777710
v 304.365112 1014.471130 -241.309998
v 260.613495 1014.471130 -241.309998
v 263.724487 1011.360291 -241.309998
v 304.365112 1011.360229 -241.309998
v 304.365112 1014.471130 -274.777710
v 260.613495 1014.471130 -274.777588
v 260.613495 1014.471130 -241.309998
v 304.365112 1014.471130 -241.309998
v 693.763489 927.363281 -247.100204
v 693.763428 990.795227 -247.100204
v 693.763428 990.795227 -274.777710
v 693.763489 927.363281 -274.777710
v 721.819824 927.363281 -241.309998
v 721.819824 1014.471130 -241.309998
v 718.708984 1011.360413 -241.309998
v 718.708923 927.363281 -241.309998
v 721.819824 1014.471130 -274.777710
v 721.819824 1014.471130 -241.309998
v 721.819824 927.363281 -241.309998
v 721.819824 927.363281 -274.777710
v 693.763428 990.795227 -247.100204
v 693.763489 927.363281 -247.100204
v 713.959106 927.363281 -247.100204
v 713.959229 1006.610474 -247.100204
v 713.959229 1006.610474 -247.100204
v 713.959106 927.363281 -247.100204
v 718.708923 927.363281 -241.309998
v 718.708984 1011.360413 -241.309998
v 693.763428 990.795227 -247.100204
v 713.959229 1006.610474 -247.100204
v 675.241882 1006.610474 -247.100204
v 675.241882 990.795227 -247.100204
v 713.959229 1006.610474 -247.100204
v 718.708984 1011.360413 -241.309998
v 675.241882 1011.360291 -241.309998
v 675.241882 1006.610474 -247.100204
v 693.763428 990.795227 -274.777710
v 693.763428 990.795227 -247.100204
v 675.241882 990.795227 -247.100204
v 675.241882 990.795227 -274.777588
v 718.708984 1011.360413 -241.309998
v 721.819824 1014.471130 -241.309998
v 675.241882 1014.471130 -241.309998
v 675.241882 1011.360291 -241.309998
v 721.819824 1014.471130 -241.309998
v 721.819824 1014.471130 -274.777710
v 675.241882 1014.471130 -274.777588
v 675.241882 1014.471130 -241.309998
v 656.720215 990.795227 -274.777588
v 656.720215 990.795227 -247.100204
v 656.720215 927.363281 -247.100204
v 656.720215 927.363281 -274.777588
v 634.601196 1011.360413 -241.309998
v 631.490173 1014.471130 -241.309998
v 631.490417 927.363281 -241.309998
v 634.601196 927.363281 -241.309998
v 631.490417 927.363281 -241.309998
v 631.490173 1014.471130 -241.309998
v 631.490173 1014.471130 -274.777588
v 631.490417 927.363281 -274.777588
v 656.720215 990.795227 -247.100204
v 639.351013 1006.610474 -247.100204
v 639.351013 927.363281 -247.100204
v 656.720215 927.363281 -247.100204
v 639.351013 1006.610474 -247.100204
v 634.601196 1011.360413 -241.309998
v 634.601196 927.363281 -241.309998
v 639.351013 927.363281 -247.100204
v 656.720215 990.795227 -247.100204
v 675.241882 990.795227 -247.100204
v 675.241882 1006.610474 -247.100204
v 639.351013 1006.610474 -247.100204
v 639.351013 1006.610474 -247.100204
v 675.241882 1006.610474 -247.100204
v 675.241882 1011.360291 -241.309998
v 634.601196 1011.360413 -241.309998
v 675.241882 990.795227 -247.100204
v 656.720215 990.795227 -247.100204
v 656.720215 990.795227 -274.777588
v 675.241882 990.795227 -274.777588
v 675.241882 1014.471130 -241.309998
v 631.490173 1014.471130 -241.309998
v 634.601196 1011.360413 -241.309998
v 675.241882 1011.360291 -241.309998
v 675.241882 1014.471130 -274.777588
v 631.490173 1014.471130 -274.777588
v 631.490173 1014.471130 -241.309998
v 675.241882 1014.471130 -241.309998
v -66.062302 915.451477 171.333298
v -66.062302 915.451477 243.557205
v -457.676300 915.451477 243.557800
v -457.676300 915.451477 171.334396
v -66.062302 915.451477 243.557205
v -66.062302 927.780396 243.557205
v -457.676300 927.780396 243.557907
v -457.676300 915.451477 243.557800
v -66.062302 930.265930 241.071701
v -66.062302 930.265930 165.566406
v -457.676300 930.265686 165.567200
v -457.676300 930.265686 241.072205
v -66.062302 923.703613 163.080902
v -66.062302 915.451477 171.333298
v -457.676300 915.451477 171.334396
v -457.676300 923.703613 163.081497
v -66.062302 927.780396 243.557205
v -66.062302 930.265930 241.071701
v -457.676300 930.265686 241.072205
v -457.676300 927.780396 243.557907
v -457.676300 915.451477 243.557800
v -848.246094 915.451477 243.557205
v -848.246094 915.451416 171.333298
v -457.676300 915.451477 171.334396
v -457.676300 927.780396 243.557907
v -848.246094 927.780396 243.557205
v -848.246094 915.451477 243.557205
v -457.676300 915.451477 243.557800
v -457.676300 930.265686 165.567200
v -848.246094 930.265930 165.566498
v -848.246094 930.265686 241.071701
v -457.676300 930.265686 241.072205
v -457.676300 915.451477 171.334396
v -848.246094 915.451416 171.333298
v -848.246094 923.703613 163.080902
v -457.676300 923.703613 163.081497
v -457.676300 930.265686 241.072205
v -848.246094 930.265686 241.071701
v -848.246094 927.780396 243.557205
v -457.676300 927.780396 243.557907
v -457.676300 923.703613 163.081497
v -457.676300 927.780396 163.081497
v -66.062302 927.780396 163.080994
v -66.062302 923.703613 163.080902
v -457.676300 927.780396 163.081497
v -457.676300 930.265686 165.567200
v -66.062302 930.265930 165.566406
v -66.062302 927.780396 163.080994
v -457.676300 927.780396 163.081497
v -457.676300 923.703613 163.081497
v -848.246094 923.703613 163.080902
v -848.246094 927.780396 163.080902
v -457.676300 930.265686 165.567200
v -457.676300 927.780396 163.081497
v -848.246094 927.780396 163.080902
v -848.246094 930.265930 165.566498
v -848.246094 923.703613 163.080902
v -967.830627 923.703613 163.080704
v -967.830627 927.780396 163.080704
v -848.246094 927.780396 163.080902
v -848.246094 930.265930 165.566498
v -848.246094 927.780396 163.080902
v -967.830627 927.780396 163.080704
v -970.316284 930.265930 165.566299
v -976.083313 915.451477 171.333298
v -848.246094 915.451416 171.333298
v -848.246094 915.451477 243.557205
v -1048.307861 915.451477 243.557999
v -848.246094 915.451477 243.557205
v -848.246094 927.780396 243.557205
v -1048.307983 927.780396 243.557999
v -1048.307861 915.451477 243.557999
v -848.246094 930.265686 241.071701
v -848.246094 930.265930 165.566498
v -970.316284 930.265930 165.566299
v -1045.822266 930.265686 241.072403
v -967.830627 923.703613 163.080704
v -848.246094 923.703613 163.080902
v -848.246094 915.451416 171.333298
v -976.083313 915.451477 171.333298
v -848.246094 927.780396 243.557205
v -848.246094 930.265686 241.071701
v -1045.822266 930.265686 241.072403
v -1048.307983 927.780396 243.557999
v -967.830811 923.703613 43.496101
v -967.830872 923.703613 -37.273899
v -967.830872 927.780396 -37.273899
v -967.830811 927.780396 43.496101
v -967.830811 927.780396 43.496101
v -967.830872 927.780396 -37.273899
v -970.316528 930.265930 -37.273899
v -970.316406 930.265930 43.496101
v -967.830627 927.780396 163.080704
v -967.830627 923.703613 163.080704
v -967.830811 923.703613 43.496101
v -967.830811 927.780396 43.496101
v -970.316406 930.265930 43.496101
v -970.316284 930.265930 165.566299
v -967.830627 927.780396 163.080704
v -967.830811 927.780396 43.496101
v -976.083313 915.451477 171.333298
v -1048.307861 915.451477 243.557999
v -1048.307129 915.451477 43.496201
v -976.083313 915.451416 43.496201
v -1048.307983 927.780396 243.557999
v -1048.307129 927.780396 43.496201
v -1048.307129 915.451477 43.496201
v -1048.307861 915.451477 243.557999
v -970.316284 930.265930 165.566299
v -970.316406 930.265930 43.496101
v -1045.821655 930.265686 43.496201
v -1045.822266 930.265686 241.072403
v -967.830627 923.703613 163.080704
v -976.083313 915.451477 171.333298
v -976.083313 915.451416 43.496201
v -967.830811 923.703613 43.496101
v -1045.822266 930.265686 241.072403
v -1045.821655 930.265686 43.496201
v -1048.307129 927.780396 43.496201
v -1048.307983 927.780396 243.557999
v -976.083313 915.451416 43.496201
v -1048.307129 915.451477 43.496201
v -1048.307251 915.451477 -37.273899
v -976.083496 915.451477 -37.273899
v -1048.307129 915.451477 43.496201
v -1048.307129 927.780396 43.496201
v -1048.307251 927.780396 -37.273899
v -1048.307251 915.451477 -37.273899
v -1045.821655 930.265686 43.496201
v -970.316406 930.265930 43.496101
v -970.316528 930.265930 -37.273899
v -1045.821777 930.265686 -37.273899
v -967.830811 923.703613 43.496101
v -976.083313 915.451416 43.496201
v -976.083496 915.451477 -37.273899
v -967.830872 923.703613 -37.273899
v -1048.307129 927.780396 43.496201
v -1045.821655 930.265686 43.496201
v -1045.821777 930.265686 -37.273899
v -1048.307251 927.780396 -37.273899
v -457.676300 915.451477 -318.105713
v -66.062302 915.451477 -318.105011
v -66.062302 915.451477 -245.881195
v -457.676300 915.451477 -245.882294
v -457.676300 927.780396 -318.105713
v -66.062302 927.780396 -318.105011
v -66.062302 915.451477 -318.105011
v -457.676300 915.451477 -318.105713
v -457.676300 930.265686 -240.115097
v -66.062302 930.265930 -240.114304
v -66.062302 930.265930 -315.619598
v -457.676300 930.265686 -315.620087
v -457.676300 915.451477 -245.882294
v -66.062302 915.451477 -245.881195
v -66.062302 923.703613 -237.628799
v -457.676300 923.703613 -237.629303
v -457.676300 930.265686 -315.620087
v -66.062302 930.265930 -315.619598
v -66.062302 927.780396 -318.105011
v -457.676300 927.780396 -318.105713
v -848.245972 915.451416 -245.881195
v -848.245972 915.451477 -318.105011
v -457.676300 915.451477 -318.105713
v -457.676300 915.451477 -245.882294
v -848.245972 915.451477 -318.105011
v -848.245972 927.780396 -318.105011
v -457.676300 927.780396 -318.105713
v -457.676300 915.451477 -318.105713
v -848.245972 930.265686 -315.619598
v -848.245972 930.265930 -240.114304
v -457.676300 930.265686 -240.115097
v -457.676300 930.265686 -315.620087
v -848.245972 923.703613 -237.628799
v -848.245972 915.451416 -245.881195
v -457.676300 915.451477 -245.882294
v -457.676300 923.703613 -237.629303
v -848.245972 927.780396 -318.105011
v -848.245972 930.265686 -315.619598
v -457.676300 930.265686 -315.620087
v -457.676300 927.780396 -318.105713
v -66.062302 927.780396 -237.628799
v -457.676300 927.780396 -237.629303
v -457.676300 923.703613 -237.629303
v -66.062302 923.703613 -237.628799
v -66.062302 930.265930 -240.114304
v -457.676300 930.265686 -240.115097
v -457.676300 927.780396 -237.629303
v -66.062302 927.780396 -237.628799
v -848.245972 923.703613 -237.628799
v -457.676300 923.703613 -237.629303
v -457.676300 927.780396 -237.629303
v -848.245972 927.780396 -237.628799
v -848.245972 927.780396 -237.628799
v -457.676300 927.780396 -237.629303
v -457.676300 930.265686 -240.115097
v -848.245972 930.265930 -240.114304
v -967.830688 927.780396 -237.628494
v -967.830688 923.703613 -237.628494
v -848.245972 923.703613 -237.628799
v -848.245972 927.780396 -237.628799
v -848.245972 930.265930 -240.114304
v -970.316284 930.265930 -240.114105
v -967.830688 927.780396 -237.628494
v -848.245972 927.780396 -237.628799
v -976.083374 915.451477 -245.881195
v -1048.307983 915.451477 -318.105804
v -848.245972 915.451477 -318.105011
v -848.245972 915.451416 -245.881195
v -1048.307983 927.780396 -318.105896
v -848.245972 927.780396 -318.105011
v -848.245972 915.451477 -318.105011
v -1048.307983 915.451477 -318.105804
v -970.316284 930.265930 -240.114105
v -848.245972 930.265930 -240.114304
v -848.245972 930.265686 -315.619598
v -1045.822144 930.265686 -315.620209
v -967.830688 923.703613 -237.628494
v -976.083374 915.451477 -245.881195
v -848.245972 915.451416 -245.881195
v -848.245972 923.703613 -237.628799
v -1045.822144 930.265686 -315.620209
v -848.245972 930.265686 -315.619598
v -848.245972 927.780396 -318.105011
v -1048.307983 927.780396 -318.105896
v -967.830872 927.780396 -37.273899
v -967.830872 923.703613 -37.273899
v -967.830872 923.703613 -118.043999
v -967.830872 927.780396 -118.043999
v -970.316528 930.265930 -37.273899
v -967.830872 927.780396 -37.273899
v -967.830872 927.780396 -118.043999
v -970.316284 930.265930 -118.043999
v -967.830872 923.703613 -118.043999
v -967.830688 923.703613 -237.628494
v -967.830688 927.780396 -237.628494
v -967.830872 927.780396 -118.043999
v -970.316284 930.265930 -118.043999
v -967.830872 927.780396 -118.043999
v -967.830688 927.780396 -237.628494
v -970.316284 930.265930 -240.114105
v -976.083374 915.451477 -245.881195
v -976.083374 915.451416 -118.043999
v -1048.307007 915.451477 -118.043999
v -1048.307983 915.451477 -318.105804
v -1048.307007 915.451477 -118.043999
v -1048.307007 927.780396 -118.043999
v -1048.307983 927.780396 -318.105896
v -1048.307983 915.451477 -318.105804
v -1045.821655 930.265686 -118.043999
v -970.316284 930.265930 -118.043999
v -970.316284 930.265930 -240.114105
v -1045.822144 930.265686 -315.620209
v -967.830688 923.703613 -237.628494
v -967.830872 923.703613 -118.043999
v -976.083374 915.451416 -118.043999
v -976.083374 915.451477 -245.881195
v -1048.307007 927.780396 -118.043999
v -1045.821655 930.265686 -118.043999
v -1045.822144 930.265686 -315.620209
v -1048.307983 927.780396 -318.105896
v -1048.307251 915.451477 -37.273899
v -1048.307007 915.451477 -118.043999
v -976.083374 915.451416 -118.043999
v -976.083496 915.451477 -37.273899
v -1048.307251 927.780396 -37.273899
v -1048.307007 927.780396 -118.043999
v -1048.307007 915.451477 -118.043999
v -1048.307251 915.451477 -37.273899
v -970.316528 930.265930 -37.273899
v -970.316284 930.265930 -118.043999
v -1045.821655 930.265686 -118.043999
v -1045.821777 930.265686 -37.273899
v -976.083496 915.451477 -37.273899
v -976.083374 915.451416 -118.043999
v -967.830872 923.703613 -118.043999
v -967.830872 923.703613 -37.273899
v -1045.821777 930.265686 -37.273899
v -1045.821655 930.265686 -118.043999
v -1048.307007 927.780396 -118.043999
v -1048.307251 927.780396 -37.273899
v 325.551788 915.451477 243.557907
v -66.062302 915.451477 243.557205
v -66.062302 915.451477 171.333298
v 325.551788 915.451477 171.334503
v 325.551788 927.780396 243.557907
v -66.062302 927.780396 243.557205
v -66.062302 915.451477 243.557205
v 325.551788 915.451477 243.557907
v 325.551788 930.265686 165.567093
v -66.062302 930.265930 165.566406
v -66.062302 930.265930 241.071701
v 325.551788 930.265686 241.072296
v 325.551788 915.451477 171.334503
v -66.062302 915.451477 171.333298
v -66.062302 923.703613 163.080902
v 325.551788 923.703613 163.081497
v 325.551788 930.265686 241.072296
v -66.062302 930.265930 241.071701
v -66.062302 927.780396 243.557205
v 325.551788 927.780396 243.557907
v 716.121582 915.451416 171.333298
v 716.121582 915.451477 243.557098
v 325.551788 915.451477 243.557907
v 325.551788 915.451477 171.334503
v 716.121582 915.451477 243.557098
v 716.121582 927.780396 243.557098
v 325.551788 927.780396 243.557907
v 325.551788 915.451477 243.557907
v 716.121582 930.265686 241.071793
v 716.121582 930.265930 165.566406
v 325.551788 930.265686 165.567093
v 325.551788 930.265686 241.072296
v 716.121582 923.703613 163.080795
v 716.121582 915.451416 171.333298
v 325.551788 915.451477 171.334503
v 325.551788 923.703613 163.081497
v 716.121582 927.780396 243.557098
v 716.121582 930.265686 241.071793
v 325.551788 930.265686 241.072296
v 325.551788 927.780396 243.557907
v -66.062302 927.780396 163.080994
v 325.551788 927.780396 163.081497
v 325.551788 923.703613 163.081497
v -66.062302 923.703613 163.080902
v -66.062302 930.265930 165.566406
v 325.551788 930.265686 165.567093
v 325.551788 927.780396 163.081497
v -66.062302 927.780396 163.080994
v 716.121582 923.703613 163.080795
v 325.551788 923.703613 163.081497
v 325.551788 927.780396 163.081497
v 716.121582 927.780396 163.081100
v 716.121582 927.780396 163.081100
v 325.551788 927.780396 163.081497
v 325.551788 930.265686 165.567093
v 716.121582 930.265930 165.566406
v 837.206421 927.780396 163.080597
v 837.206421 923.703613 163.080597
v 716.121582 923.703613 163.080795
v 716.121582 927.780396 163.081100
v 716.121582 930.265930 165.566406
v 839.692017 930.265930 165.566406
v 837.206421 927.780396 163.080597
v 716.121582 927.780396 163.081100
v 845.458984 915.451477 171.333298
v 917.683594 915.451477 243.557907
v 716.121582 915.451477 243.557098
v 716.121582 915.451416 171.333298
v 917.683716 927.780396 243.558105
v 716.121582 927.780396 243.557098
v 716.121582 915.451477 243.557098
v 917.683594 915.451477 243.557907
v 839.692017 930.265930 165.566406
v 716.121582 930.265930 165.566406
v 716.121582 930.265686 241.071793
v 915.197998 930.265686 241.072296
v 837.206421 923.703613 163.080597
v 845.458984 915.451477 171.333298
v 716.121582 915.451416 171.333298
v 716.121582 923.703613 163.080795
v 915.197998 930.265686 241.072296
v 716.121582 930.265686 241.071793
v 716.121582 927.780396 243.557098
v 917.683716 927.780396 243.558105
v 837.206726 927.780396 -37.273899
v 837.206726 923.703613 -37.273899
v 837.206726 923.703613 43.496101
v 837.206726 927.780396 43.496101
v 839.692322 930.265930 -37.273899
v 837.206726 927.780396 -37.273899
v 837.206726 927.780396 43.496101
v 839.692078 930.265930 43.496101
v 837.206726 923.703613 43.496101
v 837.206421 923.703613 163.080597
v 837.206421 927.780396 163.080597
v 837.206726 927.780396 43.496101
v 839.692078 930.265930 43.496101
v 837.206726 927.780396 43.496101
v 837.206421 927.780396 163.080597
v 839.692017 930.265930 165.566406
v 845.458984 915.451477 171.333298
v 845.458984 915.451416 43.496101
v 917.682922 915.451477 43.496101
v 917.683594 915.451477 243.557907
v 917.682922 915.451477 43.496101
v 917.682922 927.780396 43.496101
v 917.683716 927.780396 243.558105
v 917.683594 915.451477 243.557907
v 915.197388 930.265686 43.496101
v 839.692078 930.265930 43.496101
v 839.692017 930.265930 165.566406
v 915.197998 930.265686 241.072296
v 837.206421 923.703613 163.080597
v 837.206726 923.703613 43.496101
v 845.458984 915.451416 43.496101
v 845.458984 915.451477 171.333298
v 917.682922 927.780396 43.496101
v 915.197388 930.265686 43.496101
v 915.197998 930.265686 241.072296
v 917.683716 927.780396 243.558105
v 917.682983 915.451477 -37.273899
v 917.682922 915.451477 43.496101
v 845.458984 915.451416 43.496101
v 845.459106 915.451477 -37.273899
v 917.682983 927.780396 -37.273899
v 917.682922 927.780396 43.496101
v 917.682922 915.451477 43.496101
v 917.682983 915.451477 -37.273899
v 839.692322 930.265930 -37.273899
v 839.692078 930.265930 43.496101
v 915.197388 930.265686 43.496101
v 915.197388 930.265686 -37.273899
v 845.459106 915.451477 -37.273899
v 845.458984 915.451416 43.496101
v 837.206726 923.703613 43.496101
v 837.206726 923.703613 -37.273899
v 915.197388 930.265686 -37.273899
v 915.197388 930.265686 43.496101
v 917.682922 927.780396 43.496101
v 917.682983 927.780396 -37.273899
v -66.062302 915.451477 -245.881195
v -66.062302 915.451477 -318.105011
v 325.551788 915.451477 -318.105713
v 325.551788 915.451477 -245.882294
v -66.062302 915.451477 -318.105011
v -66.062302 927.780396 -318.105011
v 325.551788 927.780396 -318.105713
v 325.551788 915.451477 -318.105713
v -66.062302 930.265930 -315.619598
v -66.062302 930.265930 -240.114304
v 325.551788 930.265686 -240.115005
v 325.551788 930.265686 -315.620087
v -66.062302 923.703613 -237.628799
v -66.062302 915.451477 -245.881195
v 325.551788 915.451477 -245.882294
v 325.551788 923.703613 -237.629303
v -66.062302 927.780396 -318.105011
v -66.062302 930.265930 -315.619598
v 325.551788 930.265686 -315.620087
v 325.551788 927.780396 -318.105713
v 325.551788 915.451477 -318.105713
v 716.121521 915.451477 -318.105011
v 716.121521 915.451416 -245.881104
v 325.551788 915.451477 -245.882294
v 325.551788 927.780396 -318.105713
v 716.121521 927.780396 -318.105011
v 716.121521 915.451477 -318.105011
v 325.551788 915.451477 -318.105713
v 325.551788 930.265686 -240.115005
v 716.121521 930.265930 -240.114304
v 716.121521 930.265686 -315.619598
v 325.551788 930.265686 -315.620087
v 325.551788 915.451477 -245.882294
v 716.121521 915.451416 -245.881104
v 716.121521 923.703613 -237.628799
v 325.551788 923.703613 -237.629303
v 325.551788 930.265686 -315.620087
v 716.121521 930.265686 -315.619598
v 716.121521 927.780396 -318.105011
v 325.551788 927.780396 -318.105713
v 325.551788 923.703613 -237.629303
v 325.551788 927.780396 -237.629303
v -66.062302 927.780396 -237.628799
v -66.062302 923.703613 -237.628799
v 325.551788 927.780396 -237.629303
v 325.551788 930.265686 -240.115005
v -66.062302 930.265930 -240.114304
v -66.062302 927.780396 -237.628799
v 325.551788 927.780396 -237.629303
v 325.551788 923.703613 -237.629303
v 716.121521 923.703613 -237.628799
v 716.121521 927.780396 -237.628799
v 325.551788 930.265686 -240.115005
v 325.551788 927.780396 -237.629303
v 716.121521 927.780396 -237.628799
v 716.121521 930.265930 -240.114304
v 716.121521 923.703613 -237.628799
v 837.206421 923.703613 -237.628494
v 837.206421 927.780396 -237.628494
v 716.121521 927.780396 -237.628799
v 716.121521 930.265930 -240.114304
v 716.121521 927.780396 -237.628799
v 837.206421 927.780396 -237.628494
v 839.692017 930.265930 -240.114105
v 845.459106 915.451477 -245.881195
v 716.121521 915.451416 -245.881104
v 716.121521 915.451477 -318.105011
v 917.683716 915.451477 -318.105804
v 716.121521 915.451477 -318.105011
v 716.121521 927.780396 -318.105011
v 917.683716 927.780396 -318.105988
v 917.683716 915.451477 -318.105804
v 716.121521 930.265686 -315.619598
v 716.121521 930.265930 -240.114304
v 839.692017 930.265930 -240.114105
v 915.197876 930.265686 -315.620209
v 837.206421 923.703613 -237.628494
v 716.121521 923.703613 -237.628799
v 716.121521 915.451416 -245.881104
v 845.459106 915.451477 -245.881195
v 716.121521 927.780396 -318.105011
v 716.121521 930.265686 -315.619598
v 915.197876 930.265686 -315.620209
v 917.683716 927.780396 -318.105988
v 837.206726 923.703613 -118.043900
v 837.206726 923.703613 -37.273899
v 837.206726 927.780396 -37.273899
v 837.206726 927.780396 -118.043900
v 837.206726 927.780396 -118.043900
v 837.206726 927.780396 -37.273899
v 839.692322 930.265930 -37.273899
v 839.692017 930.265930 -118.043900
v 837.206421 927.780396 -237.628494
v 837.206421 923.703613 -237.628494
v 837.206726 923.703613 -118.043900
v 837.206726 927.780396 -118.043900
v 839.692017 930.265930 -118.043900
v 839.692017 930.265930 -240.114105
v 837.206421 927.780396 -237.628494
v 837.206726 927.780396 -118.043900
v 845.459106 915.451477 -245.881195
v 917.683716 915.451477 -318.105804
v 917.682678 915.451477 -118.043900
v 845.459106 915.451416 -118.043900
v 917.683716 927.780396 -318.105988
v 917.682678 927.780396 -118.043900
v 917.682678 915.451477 -118.043900
v 917.683716 915.451477 -318.105804
v 839.692017 930.265930 -240.114105
v 839.692017 930.265930 -118.043900
v 915.197388 930.265686 -118.043900
v 915.197876 930.265686 -315.620209
v 837.206421 923.703613 -237.628494
v 845.459106 915.451477 -245.881195
v 845.459106 915.451416 -118.043900
v 837.206726 923.703613 -118.043900
v 915.197876 930.265686 -315.620209
v 915.197388 930.265686 -118.043900
v 917.682678 927.780396 -118.043900
v 917.683716 927.780396 -318.105988
v 845.459106 915.451416 -118.043900
v 917.682678 915.451477 -118.043900
v 917.682983 915.451477 -37.273899
v 845.459106 915.451477 -37.273899
v 917.682678 915.451477 -118.043900
v 917.682678 927.780396 -118.043900
v 917.682983 927.780396 -37.273899
v 917.682983 915.451477 -37.273899
v 915.197388 930.265686 -118.043900
v 839.692017 930.265930 -118.043900
v 839.692322 930.265930 -37.273899
v 915.197388 930.265686 -37.273899
v 837.206726 923.703613 -118.043900
v 845.459106 915.451416 -118.043900
v 845.459106 915.451477 -37.273899
v 837.206726 923.703613 -37.273899
v 917.682678 927.780396 -118.043900
v 915.197388 930.265686 -118.043900
v 915.197388 930.265686 -37.273899
v 917.682983 927.780396 -37.273899
v 921.935120 413.911102 -317.269196
v 921.935120 418.505890 -317.269287
v 921.935486 418.505890 245.813797
v 921.935486 413.911194 245.813797
v -1052.875610 413.911102 -317.269287
v -1052.875732 418.505890 -317.269196
v 921.935120 418.505890 -317.269287
v 921.935120 413.911102 -317.269196
v -1052.875610 413.911102 -317.269287
v -1052.875610 413.911194 245.814194
v -1052.875732 418.505890 245.814194
v -1052.875732 418.505890 -317.269196
v -1052.875610 413.911194 245.814194
v 921.935486 413.911194 245.813797
v 921.935486 418.505890 245.813797
v -1052.875732 418.505890 245.814194
v 921.935120 418.505890 -317.269287
v 914.800415 422.241699 -310.134613
v 914.800781 422.241699 238.679092
v 921.935486 418.505890 245.813797
v -1052.875732 418.505890 -317.269196
v -1045.740967 422.241699 -310.134613
v 914.800415 422.241699 -310.134613
v 921.935120 418.505890 -317.269287
v -1052.875732 418.505890 245.814194
v -1045.740967 422.241699 238.679504
v -1045.740967 422.241699 -310.134613
v -1052.875732 418.505890 -317.269196
v 921.935486 418.505890 245.813797
v 914.800781 422.241699 238.679092
v -1045.740967 422.241699 238.679504
v -1052.875732 418.505890 245.814194
v 482.149109 690.921570 -258.545197
v 479.757690 715.202271 -258.545197
v 462.847504 711.838623 -258.545197
v 464.907501 690.921570 -258.545197
v 456.746185 731.951904 -258.545197
v 472.675293 738.549927 -258.545197
v 446.838287 750.488281 -258.545197
v 461.174011 760.067078 -258.545197
v 433.504486 766.735718 -258.545197
v 445.696014 778.927185 -258.545197
v 417.257111 780.069580 -258.545288
v 426.835785 794.405273 -258.545288
v 398.720703 789.977478 -258.545288
v 405.318604 805.906494 -258.545288
v 393.204712 791.650818 -258.545288
v 393.204712 809.581177 -258.545288
v 482.149109 690.921570 -255.320297
v 479.757690 715.202271 -255.320297
v 479.757690 715.202271 -258.545197
v 482.149109 690.921570 -258.545197
v 472.675293 738.549927 -258.545197
v 487.600708 716.762329 -245.392197
v 490.145813 690.921570 -245.392197
v 472.675415 738.549927 -255.320297
v 461.174011 760.067078 -258.545197
v 491.717102 690.921570 -245.392197
v 491.717102 717.581177 -245.392197
v 491.717102 721.148193 -244.773102
v 480.063202 741.610107 -245.392197
v 484.902100 743.614380 -245.392197
v 461.174103 760.067078 -255.320297
v 445.696014 778.927185 -258.545197
v 467.822998 764.509888 -245.392197
v 472.177887 767.419678 -245.392197
v 445.696106 778.927185 -255.320404
v 426.835785 794.405273 -258.545288
v 451.350403 784.581787 -245.392197
v 455.053894 788.285217 -245.392197
v 426.835907 794.405273 -255.320404
v 405.318604 805.906494 -258.545288
v 431.278687 801.054321 -245.392197
v 434.188507 805.408997 -245.392197
v 405.318695 805.906494 -255.320404
v 393.204712 809.581177 -258.545288
v 393.204803 809.581177 -255.320404
v 408.378815 813.294373 -245.392197
v 393.204803 817.897522 -245.392197
v 410.383087 818.133179 -245.392197
v 393.204803 823.344177 -245.392197
v 433.504486 766.735718 -302.353088
v 446.838409 750.488281 -302.353088
v 446.838287 750.488281 -258.545197
v 433.504486 766.735718 -258.545197
v 456.746185 731.951904 -258.545197
v 417.257111 780.069580 -302.353088
v 456.746307 731.951904 -302.353088
v 417.257111 780.069580 -258.545288
v 462.847504 711.838623 -258.545197
v 398.720795 789.977478 -302.353088
v 462.847687 711.838623 -302.353088
v 464.907501 690.921570 -258.545197
v 464.907501 690.921570 -302.353088
v 398.720703 789.977478 -258.545288
v 393.204712 791.650818 -302.353088
v 393.204712 791.650818 -258.545288
v 455.053894 788.285217 -302.353088
v 472.177704 767.419678 -302.353088
v 446.838409 750.488281 -302.353088
v 433.504486 766.735718 -302.353088
v 456.746307 731.951904 -302.353088
v 434.188385 805.409119 -302.353088
v 484.902008 743.614380 -302.353088
v 417.257111 780.069580 -302.353088
v 410.383087 818.133179 -302.353088
v 398.720795 789.977478 -302.353088
v 393.204712 791.650818 -302.353088
v 393.204712 823.344177 -302.353210
v 462.847687 711.838623 -302.353088
v 491.717102 717.581177 -302.353088
v 491.717102 721.148193 -302.353088
v 491.717102 690.921570 -302.353088
v 464.907501 690.921570 -302.353088
v 455.053894 788.285217 -245.392197
v 472.177887 767.419678 -245.392197
v 472.177704 767.419678 -302.353088
v 455.053894 788.285217 -302.353088
v 484.902008 743.614380 -302.353088
v 434.188507 805.408997 -245.392197
v 484.902100 743.614380 -245.392197
v 491.717102 721.148193 -302.353088
v 491.717102 721.148193 -244.773102
v 434.188385 805.409119 -302.353088
v 410.383087 818.133179 -245.392197
v 410.383087 818.133179 -302.353088
v 393.204803 823.344177 -245.392197
v 393.204712 823.344177 -302.353210
v 323.562103 711.838623 -258.545197
v 305.712097 715.112488 -258.545197
v 305.712097 690.921570 -258.545197
v 321.502014 690.921570 -258.545197
v 329.663300 731.951904 -258.545197
v 313.734314 738.549927 -258.545197
v 339.571198 750.488281 -258.545197
v 325.235504 760.067078 -258.545197
v 352.905304 766.735718 -258.545197
v 340.713501 778.927185 -258.545197
v 369.152496 780.069580 -258.545288
v 359.573486 794.405273 -258.545288
v 387.688812 789.977478 -258.545288
v 381.090912 805.906494 -258.545288
v 393.204712 791.650818 -258.545288
v 393.204712 809.581177 -258.545288
v 359.573486 794.405273 -258.545288
v 359.573486 794.405273 -255.320404
v 340.713593 778.927185 -255.320404
v 381.090912 805.906494 -258.545288
v 340.713501 778.927185 -258.545197
v 381.091003 805.906494 -255.320404
v 393.204712 809.581177 -258.545288
v 393.204803 809.581177 -255.320404
v 325.235596 760.067078 -255.320297
v 325.235504 760.067078 -258.545197
v 318.586700 764.509888 -245.392197
v 378.030701 813.294373 -245.392197
v 393.204803 817.897522 -245.392197
v 376.026398 818.133179 -245.392197
v 393.204803 823.344177 -245.392197
v 352.221100 805.408997 -245.392197
v 355.130890 801.054321 -245.392197
v 331.355713 788.285217 -245.392197
v 335.059113 784.581787 -245.392197
v 314.231812 767.419678 -245.392197
v 305.712189 754.082275 -245.392197
v 305.712189 743.025513 -245.392197
v 305.712189 741.296814 -245.630997
v 313.734314 738.549927 -255.320297
v 305.712189 716.689026 -255.320297
v 313.734314 738.549927 -258.545197
v 305.712097 716.689026 -258.550415
v 339.571198 750.488281 -258.545197
v 339.571198 750.488281 -302.353088
v 352.905212 766.735718 -302.353088
v 329.663300 731.951904 -258.545197
v 352.905304 766.735718 -258.545197
v 329.663391 731.951904 -302.353088
v 369.152496 780.069580 -302.353088
v 323.562103 711.838623 -258.545197
v 369.152496 780.069580 -258.545288
v 323.562103 711.838623 -302.353088
v 321.502014 690.921570 -258.545197
v 321.501892 690.921570 -302.353088
v 387.688812 789.977478 -302.353088
v 387.688812 789.977478 -258.545288
v 393.204712 791.650818 -302.353088
v 393.204712 791.650818 -258.545288
v 339.571198 750.488281 -302.353088
v 314.231812 767.419678 -302.353088
v 331.355713 788.285217 -302.353088
v 352.905212 766.735718 -302.353088
v 352.221100 805.409119 -302.353088
v 329.663391 731.951904 -302.353088
v 369.152496 780.069580 -302.353088
v 376.026398 818.133179 -302.353088
v 387.688812 789.977478 -302.353088
v 393.204712 791.650818 -302.353088
v 393.204712 823.344177 -302.353210
v 305.712189 741.296814 -302.353088
v 305.712189 754.082275 -302.353088
v 305.712189 715.112488 -302.353088
v 323.562103 711.838623 -302.353088
v 305.712189 690.921570 -302.353088
v 321.501892 690.921570 -302.353088
v 314.231812 767.419678 -302.353088
v 314.231812 767.419678 -245.392197
v 331.355713 788.285217 -245.392197
v 305.712189 754.082275 -302.353088
v 305.712189 754.082275 -245.392197
v 331.355713 788.285217 -302.353088
v 352.221100 805.408997 -245.392197
v 352.221100 805.409119 -302.353088
v 376.026398 818.133179 -245.392197
v 376.026398 818.133179 -302.353088
v 393.204803 823.344177 -245.392197
v 393.204712 823.344177 -302.353210
v 313.734314 738.549927 -258.545197
v 305.712097 716.689026 -258.550415
v 305.712097 715.112488 -258.545197
v 149.967300 711.838623 -258.545197
v 133.057205 715.202271 -258.545197
v 130.665802 690.921570 -258.545197
v 147.907303 690.921570 -258.545197
v 156.068497 731.951904 -258.545197
v 140.139496 738.549927 -258.545197
v 165.976700 750.488281 -258.545197
v 151.640900 760.067078 -258.545197
v 179.310303 766.735718 -258.545197
v 167.118805 778.927185 -258.545197
v 195.557800 780.069580 -258.545288
v 185.979095 794.405273 -258.545288
v 214.094193 789.977478 -258.545288
v 207.496307 805.906494 -258.545288
v 219.610001 791.650818 -258.545288
v 219.610001 809.581177 -258.545288
v 133.057205 715.202271 -258.545197
v 133.057297 715.202271 -255.320297
v 130.665894 690.921570 -255.320297
v 130.665802 690.921570 -258.545197
v 140.139496 738.549927 -258.545197
v 125.214401 716.762329 -245.392197
v 122.669098 690.921570 -245.392197
v 140.139603 738.549927 -255.320297
v 151.640900 760.067078 -258.545197
v 120.998100 690.921570 -245.392197
v 120.998100 717.601074 -245.392197
v 120.998100 720.818420 -244.773102
v 132.751801 741.610107 -245.392197
v 127.913200 743.614380 -245.392197
v 151.640900 760.067078 -255.320297
v 167.118805 778.927185 -258.545197
v 144.991806 764.509888 -245.392197
v 140.637207 767.419678 -245.392197
v 167.118896 778.927185 -255.320404
v 185.979095 794.405273 -258.545288
v 161.464401 784.581787 -245.392197
v 157.761093 788.285217 -245.392197
v 185.979095 794.405273 -255.320404
v 207.496307 805.906494 -258.545288
v 181.536194 801.054321 -245.392197
v 178.626602 805.408997 -245.392197
v 207.496399 805.906494 -255.320404
v 219.610001 809.581177 -258.545288
v 219.610107 809.581177 -255.320404
v 204.436005 813.294373 -245.392197
v 202.431900 818.133179 -245.392197
v 219.610107 817.897522 -245.392197
v 219.610107 823.344177 -245.392197
v 165.976700 750.488281 -258.545197
v 165.976807 750.488281 -302.353088
v 179.310394 766.735718 -302.353088
v 156.068497 731.951904 -258.545197
v 179.310303 766.735718 -258.545197
v 156.068604 731.951904 -302.353088
v 195.557800 780.069580 -302.353088
v 149.967300 711.838623 -258.545197
v 195.557800 780.069580 -258.545288
v 149.967300 711.838623 -302.353088
v 147.907303 690.921570 -258.545197
v 147.907303 690.921570 -302.353088
v 214.094299 789.977478 -302.353088
v 214.094193 789.977478 -258.545288
v 219.610107 791.650818 -302.353088
v 219.610001 791.650818 -258.545288
v 165.976807 750.488281 -302.353088
v 140.637100 767.419678 -302.353088
v 157.761093 788.285217 -302.353088
v 156.068604 731.951904 -302.353088
v 179.310394 766.735718 -302.353088
v 127.913101 743.614380 -302.353088
v 178.626602 805.409119 -302.353088
v 195.557800 780.069580 -302.353088
v 202.431900 818.133179 -302.353088
v 214.094299 789.977478 -302.353088
v 219.610107 791.650818 -302.353088
v 219.610107 823.344177 -302.353088
v 149.967300 711.838623 -302.353088
v 120.998100 717.601074 -302.353088
v 120.998100 720.818420 -302.353088
v 120.998100 690.921570 -302.353088
v 147.907303 690.921570 -302.353088
v 140.637100 767.419678 -302.353088
v 140.637207 767.419678 -245.392197
v 157.761093 788.285217 -245.392197
v 127.913101 743.614380 -302.353088
v 157.761093 788.285217 -302.353088
v 127.913200 743.614380 -245.392197
v 120.998100 720.818420 -302.353088
v 120.998100 720.818420 -244.773102
v 178.626602 805.408997 -245.392197
v 178.626602 805.409119 -302.353088
v 202.431900 818.133179 -245.392197
v 202.431900 818.133179 -302.353088
v 219.610107 823.344177 -245.392197
v 219.610107 823.344177 -302.353088
v 305.712097 690.921570 -258.545197
v 305.712097 715.112488 -258.545197
v 289.252899 711.838623 -258.545197
v 291.312897 690.921570 -258.545197
v 283.151703 731.951904 -258.545197
v 299.080811 738.549927 -258.545197
v 273.243591 750.488281 -258.545197
v 287.579315 760.067078 -258.545197
v 259.909912 766.735718 -258.545197
v 272.101410 778.927185 -258.545197
v 243.662399 780.069580 -258.545288
v 253.241302 794.405273 -258.545288
v 225.126007 789.977478 -258.545288
v 231.723999 805.906494 -258.545288
v 219.610001 791.650818 -258.545288
v 219.610001 809.581177 -258.545288
v 272.101410 778.927185 -255.320404
v 253.241302 794.405273 -255.320404
v 253.241302 794.405273 -258.545288
v 272.101410 778.927185 -258.545197
v 231.723999 805.906494 -258.545288
v 287.579407 760.067078 -255.320297
v 287.579315 760.067078 -258.545197
v 294.228485 764.509888 -245.392197
v 299.080811 738.549927 -255.320297
v 299.080811 738.549927 -258.545197
v 305.712097 716.689026 -258.550415
v 305.712189 716.689026 -255.320297
v 305.712189 741.296814 -245.630997
v 305.712189 743.025513 -245.392197
v 305.712189 754.082275 -245.392197
v 298.583191 767.419678 -245.392197
v 277.755890 784.581787 -245.392197
v 281.459198 788.285217 -245.392197
v 257.684113 801.054321 -245.392197
v 260.593597 805.408997 -245.392197
v 231.723999 805.906494 -255.320404
v 219.610001 809.581177 -258.545288
v 219.610107 809.581177 -255.320404
v 234.784302 813.294373 -245.392197
v 219.610107 817.897522 -245.392197
v 236.788406 818.133179 -245.392197
v 219.610107 823.344177 -245.392197
v 259.910004 766.735718 -302.353088
v 273.243591 750.488281 -302.353088
v 273.243591 750.488281 -258.545197
v 259.909912 766.735718 -258.545197
v 283.151703 731.951904 -258.545197
v 243.662506 780.069580 -302.353088
v 283.151703 731.951904 -302.353088
v 243.662399 780.069580 -258.545288
v 289.252899 711.838623 -258.545197
v 225.126007 789.977478 -302.353088
v 289.252991 711.838623 -302.353088
v 291.312897 690.921570 -258.545197
v 291.312988 690.921570 -302.353088
v 225.126007 789.977478 -258.545288
v 219.610107 791.650818 -302.353088
v 219.610001 791.650818 -258.545288
v 281.459106 788.285217 -302.353088
v 298.583099 767.419678 -302.353088
v 273.243591 750.488281 -302.353088
v 259.910004 766.735718 -302.353088
v 260.593597 805.409119 -302.353088
v 283.151703 731.951904 -302.353088
v 243.662506 780.069580 -302.353088
v 236.788300 818.133179 -302.353088
v 225.126007 789.977478 -302.353088
v 219.610107 791.650818 -302.353088
v 219.610107 823.344177 -302.353088
v 305.712189 741.296814 -302.353088
v 305.712189 754.082275 -302.353088
v 305.712189 715.112488 -302.353088
v 289.252991 711.838623 -302.353088
v 305.712189 690.921570 -302.353088
v 291.312988 690.921570 -302.353088
v 281.459198 788.285217 -245.392197
v 298.583191 767.419678 -245.392197
v 298.583099 767.419678 -302.353088
v 305.712189 754.082275 -302.353088
v 305.712189 754.082275 -245.392197
v 281.459106 788.285217 -302.353088
v 260.593597 805.408997 -245.392197
v 260.593597 805.409119 -302.353088
v 236.788406 818.133179 -245.392197
v 236.788300 818.133179 -302.353088
v 219.610107 823.344177 -245.392197
v 219.610107 823.344177 -302.353088
v 305.712097 715.112488 -258.545197
v 305.712097 716.689026 -258.550415
v 299.080811 738.549927 -258.545197
v 111.330101 690.921570 -258.545197
v 108.938499 715.202271 -258.545197
v 92.028397 711.838623 -258.545197
v 94.088501 690.921570 -258.545197
v 85.927002 731.951904 -258.545197
v 101.856102 738.549927 -258.545197
v 76.019302 750.488281 -258.545197
v 90.355003 760.067078 -258.545197
v 62.685299 766.735718 -258.545197
v 74.876801 778.927185 -258.545197
v 46.438000 780.069580 -258.545288
v 56.016998 794.405273 -258.545288
v 27.901501 789.977478 -258.545288
v 34.499599 805.906494 -258.545288
v 22.385599 791.650818 -258.545288
v 22.385599 809.581177 -258.545288
v 111.330200 690.921570 -255.320297
v 108.938599 715.202271 -255.320297
v 108.938499 715.202271 -258.545197
v 111.330101 690.921570 -258.545197
v 101.856102 738.549927 -258.545197
v 116.781601 716.762329 -245.392197
v 119.326698 690.921570 -245.392197
v 101.856201 738.549927 -255.320297
v 90.355003 760.067078 -258.545197
v 120.998100 690.921570 -245.392197
v 120.998100 717.601074 -245.392197
v 120.998100 720.818420 -244.773102
v 109.244301 741.610107 -245.392197
v 114.082901 743.614380 -245.392197
v 90.355003 760.067078 -255.320297
v 74.876801 778.927185 -258.545197
v 97.003998 764.509888 -245.392197
v 101.358803 767.419678 -245.392197
v 74.876999 778.927185 -255.320404
v 56.016998 794.405273 -258.545288
v 80.531502 784.581787 -245.392197
v 84.234901 788.285217 -245.392197
v 56.016998 794.405273 -255.320404
v 34.499599 805.906494 -258.545288
v 60.459599 801.054321 -245.392197
v 63.369598 805.408997 -245.392197
v 34.499699 805.906494 -255.320404
v 22.385599 809.581177 -258.545288
v 22.385700 809.581177 -255.320404
v 37.559799 813.294373 -245.392197
v 22.385700 817.897522 -245.392197
v 39.564098 818.133179 -245.392197
v 22.385700 823.344177 -245.392197
v 62.685299 766.735718 -302.353088
v 76.019203 750.488281 -302.353088
v 76.019302 750.488281 -258.545197
v 62.685299 766.735718 -258.545197
v 85.927002 731.951904 -258.545197
v 46.438000 780.069580 -302.353088
v 85.927101 731.951904 -302.353088
v 46.438000 780.069580 -258.545288
v 92.028397 711.838623 -258.545197
v 27.901600 789.977478 -302.353088
v 92.028397 711.838623 -302.353088
v 94.088501 690.921570 -258.545197
v 94.088600 690.921570 -302.353088
v 27.901501 789.977478 -258.545288
v 22.385700 791.650818 -302.353088
v 22.385599 791.650818 -258.545288
v 84.234901 788.285217 -302.353088
v 101.358704 767.419678 -302.353088
v 76.019203 750.488281 -302.353088
v 62.685299 766.735718 -302.353088
v 85.927101 731.951904 -302.353088
v 63.369400 805.409119 -302.353088
v 114.082901 743.614380 -302.353088
v 46.438000 780.069580 -302.353088
v 39.563999 818.133179 -302.353088
v 27.901600 789.977478 -302.353088
v 22.385700 791.650818 -302.353088
v 22.385700 823.344177 -302.353088
v 92.028397 711.838623 -302.353088
v 120.998100 717.601074 -302.353088
v 120.998100 720.818420 -302.353088
v 120.998100 690.921570 -302.353088
v 94.088600 690.921570 -302.353088
v 84.234901 788.285217 -245.392197
v 101.358803 767.419678 -245.392197
v 101.358704 767.419678 -302.353088
v 84.234901 788.285217 -302.353088
v 114.082901 743.614380 -302.353088
v 63.369598 805.408997 -245.392197
v 114.082901 743.614380 -245.392197
v 120.998100 720.818420 -302.353088
v 120.998100 720.818420 -244.773102
v 63.369400 805.409119 -302.353088
v 39.564098 818.133179 -245.392197
v 39.563999 818.133179 -302.353088
v 22.385700 823.344177 -245.392197
v 22.385700 823.344177 -302.353088
v -47.257099 711.838623 -258.545197
v -63.539902 715.077515 -258.545197
v -63.539902 690.921570 -258.545197
v -49.317299 690.921570 -258.545197
v -41.155800 731.951904 -258.545197
v -57.084801 738.549927 -258.545197
v -31.247900 750.488281 -258.545197
v -45.583698 760.067078 -258.545197
v -17.914000 766.735718 -258.545197
v -30.105600 778.927185 -258.545197
v -1.666700 780.069580 -258.545288
v -11.245500 794.405273 -258.545288
v 16.869801 789.977478 -258.545288
v 10.271700 805.906494 -258.545288
v 22.385599 791.650818 -258.545288
v 22.385599 809.581177 -258.545288
v -11.245500 794.405273 -258.545288
v -11.245500 794.405273 -255.320404
v -30.105499 778.927185 -255.320404
v 10.271700 805.906494 -258.545288
v -30.105600 778.927185 -258.545197
v 10.271800 805.906494 -255.320404
v 22.385599 809.581177 -258.545288
v 22.385700 809.581177 -255.320404
v -45.583599 760.067078 -255.320297
v -45.583698 760.067078 -258.545197
v -52.232498 764.509888 -245.392197
v -57.084702 738.549927 -255.320297
v -57.084801 738.549927 -258.545197
v -63.539700 741.223572 -245.830994
v -63.539700 717.270508 -255.320297
v -63.539902 717.270508 -258.692108
v -63.539700 743.355530 -245.392197
v -63.539700 754.412415 -245.392197
v -56.587200 767.419678 -245.392197
v -35.759998 784.581787 -245.392197
v -39.463402 788.285217 -245.392197
v -15.688200 801.054321 -245.392197
v -18.598000 805.408997 -245.392197
v 7.211700 813.294373 -245.392197
v 5.207400 818.133179 -245.392197
v 22.385700 817.897522 -245.392197
v 22.385700 823.344177 -245.392197
v -31.247900 750.488281 -258.545197
v -31.247900 750.488281 -302.353088
v -17.914000 766.735718 -302.353088
v -41.155800 731.951904 -258.545197
v -17.914000 766.735718 -258.545197
v -41.155701 731.951904 -302.353088
v -1.666700 780.069580 -302.353088
v -47.257099 711.838623 -258.545197
v -1.666700 780.069580 -258.545288
v -47.257099 711.838623 -302.353088
v -49.317299 690.921570 -258.545197
v -49.317200 690.921570 -302.353088
v 16.869801 789.977478 -302.353088
v 16.869801 789.977478 -258.545288
v 22.385700 791.650818 -302.353088
v 22.385599 791.650818 -258.545288
v -31.247900 750.488281 -302.353088
v -56.587299 767.419678 -302.353088
v -39.463402 788.285217 -302.353088
v -17.914000 766.735718 -302.353088
v -18.598000 805.409119 -302.353088
v -41.155701 731.951904 -302.353088
v -1.666700 780.069580 -302.353088
v 5.207300 818.133179 -302.353088
v 16.869801 789.977478 -302.353088
v 22.385700 791.650818 -302.353088
v 22.385700 823.344177 -302.353088
v -63.539799 741.223572 -302.353088
v -63.539799 754.412415 -302.353088
v -63.539799 715.077515 -302.353088
v -47.257099 711.838623 -302.353088
v -63.539799 690.921570 -302.353088
v -49.317200 690.921570 -302.353088
v -56.587299 767.419678 -302.353088
v -56.587200 767.419678 -245.392197
v -39.463402 788.285217 -245.392197
v -63.539799 754.412415 -302.353088
v -63.539700 754.412415 -245.392197
v -39.463402 788.285217 -302.353088
v -18.598000 805.408997 -245.392197
v -18.598000 805.409119 -302.353088
v 5.207400 818.133179 -245.392197
v 5.207300 818.133179 -302.353088
v 22.385700 823.344177 -245.392197
v 22.385700 823.344177 -302.353088
v -57.084801 738.549927 -258.545197
v -63.539902 717.270508 -258.692108
v -63.539902 715.077515 -258.545197
v 520.586487 711.838623 -258.545197
v 503.676392 715.202271 -258.545197
v 501.285004 690.921570 -258.545197
v 518.526489 690.921570 -258.545197
v 526.687683 731.951904 -258.545197
v 510.758789 738.549927 -258.545197
v 536.595581 750.488281 -258.545197
v 522.259888 760.067078 -258.545197
v 549.929626 766.735718 -258.545197
v 537.737915 778.927185 -258.545197
v 566.176880 780.069580 -258.545288
v 556.598206 794.405273 -258.545288
v 584.713318 789.977478 -258.545288
v 578.115295 805.906494 -258.545288
v 590.229187 791.650818 -258.545288
v 590.229187 809.581177 -258.545288
v 503.676392 715.202271 -258.545197
v 503.676514 715.202271 -255.320297
v 501.285004 690.921570 -255.320297
v 501.285004 690.921570 -258.545197
v 510.758789 738.549927 -258.545197
v 495.833405 716.762329 -245.392197
v 493.288300 690.921570 -245.392197
v 510.758911 738.549927 -255.320297
v 522.259888 760.067078 -258.545197
v 491.717102 690.921570 -245.392197
v 491.717102 717.581177 -245.392197
v 491.717102 721.148193 -244.773102
v 503.370789 741.610107 -245.392197
v 498.532013 743.614380 -245.392197
v 522.259888 760.067078 -255.320297
v 537.737915 778.927185 -258.545197
v 515.611084 764.509888 -245.392197
v 511.256287 767.419678 -245.392197
v 537.737915 778.927185 -255.320404
v 556.598206 794.405273 -258.545288
v 532.083679 784.581787 -245.392197
v 528.380188 788.285217 -245.392197
v 556.598206 794.405273 -255.320404
v 578.115295 805.906494 -258.545288
v 552.155518 801.054321 -245.392197
v 549.245605 805.408997 -245.392197
v 578.115417 805.906494 -255.320404
v 590.229187 809.581177 -258.545288
v 590.229370 809.581177 -255.320404
v 575.055298 813.294373 -245.392197
v 573.051025 818.133179 -245.392197
v 590.229370 817.897522 -245.392197
v 590.229370 823.344177 -245.392197
v 536.595581 750.488281 -258.545197
v 536.595581 750.488281 -302.353088
v 549.929626 766.735718 -302.353088
v 526.687683 731.951904 -258.545197
v 549.929626 766.735718 -258.545197
v 526.687927 731.951904 -302.353088
v 566.176880 780.069580 -302.353088
v 520.586487 711.838623 -258.545197
v 566.176880 780.069580 -258.545288
v 520.586487 711.838623 -302.353088
v 518.526489 690.921570 -258.545197
v 518.526489 690.921570 -302.353088
v 584.713318 789.977478 -302.353088
v 584.713318 789.977478 -258.545288
v 590.229370 791.650818 -302.353088
v 590.229187 791.650818 -258.545288
v 536.595581 750.488281 -302.353088
v 511.256287 767.419678 -302.353088
v 528.380188 788.285217 -302.353088
v 526.687927 731.951904 -302.353088
v 549.929626 766.735718 -302.353088
v 498.532013 743.614380 -302.353088
v 549.245605 805.409119 -302.353088
v 566.176880 780.069580 -302.353088
v 573.051025 818.133179 -302.353088
v 584.713318 789.977478 -302.353088
v 590.229370 791.650818 -302.353088
v 590.229370 823.344177 -302.353210
v 520.586487 711.838623 -302.353088
v 491.717102 717.581177 -302.353088
v 491.717102 721.148193 -302.353088
v 491.717102 690.921570 -302.353088
v 518.526489 690.921570 -302.353088
v 511.256287 767.419678 -302.353088
v 511.256287 767.419678 -245.392197
v 528.380188 788.285217 -245.392197
v 498.532013 743.614380 -302.353088
v 528.380188 788.285217 -302.353088
v 498.532013 743.614380 -245.392197
v 491.717102 721.148193 -302.353088
v 491.717102 721.148193 -244.773102
v 549.245605 805.408997 -245.392197
v 549.245605 805.409119 -302.353088
v 573.051025 818.133179 -245.392197
v 573.051025 818.133179 -302.353088
v 590.229370 823.344177 -245.392197
v 590.229370 823.344177 -302.353210
v 677.078308 690.921570 -258.545197
v 677.078308 714.994507 -258.545197
v 659.871887 711.838623 -258.545197
v 661.932190 690.921570 -258.545197
v 653.770630 731.951904 -258.545197
v 669.699829 738.549927 -258.545197
v 677.078308 718.442993 -258.666107
v 643.862671 750.488281 -258.545197
v 658.198608 760.067078 -258.545197
v 630.528687 766.735718 -258.545197
v 642.720581 778.927185 -258.545197
v 614.281494 780.069580 -258.545288
v 623.860474 794.405273 -258.545288
v 595.745117 789.977478 -258.545288
v 602.343079 805.906494 -258.545288
v 590.229187 791.650818 -258.545288
v 590.229187 809.581177 -258.545288
v 642.720703 778.927185 -255.320404
v 623.860474 794.405273 -255.320404
v 623.860474 794.405273 -258.545288
v 642.720581 778.927185 -258.545197
v 602.343079 805.906494 -258.545288
v 658.198608 760.067078 -255.320297
v 658.198608 760.067078 -258.545197
v 664.847473 764.509888 -245.392197
v 669.699890 738.549927 -255.320297
v 669.699829 738.549927 -258.545197
v 677.078308 718.442993 -258.666107
v 677.078308 718.442993 -255.320297
v 677.078308 741.076294 -246.234299
v 677.078308 744.099609 -245.392197
v 677.078308 755.090027 -245.392197
v 669.202515 767.419678 -245.392197
v 648.375122 784.581787 -245.392197
v 652.078430 788.285217 -245.392197
v 628.303223 801.054321 -245.392197
v 631.212891 805.408997 -245.392197
v 602.343079 805.906494 -255.320404
v 590.229187 809.581177 -258.545288
v 590.229370 809.581177 -255.320404
v 605.403381 813.294373 -245.392197
v 590.229370 817.897522 -245.392197
v 607.407715 818.133179 -245.392197
v 590.229370 823.344177 -245.392197
v 630.528809 766.735718 -302.353088
v 643.862671 750.488281 -302.353088
v 643.862671 750.488281 -258.545197
v 630.528687 766.735718 -258.545197
v 653.770630 731.951904 -258.545197
v 614.281494 780.069580 -302.353088
v 653.770691 731.951904 -302.353088
v 614.281494 780.069580 -258.545288
v 659.871887 711.838623 -258.545197
v 595.745178 789.977478 -302.353088
v 659.871887 711.838623 -302.353088
v 661.932190 690.921570 -258.545197
v 661.932312 690.921570 -302.353088
v 595.745117 789.977478 -258.545288
v 590.229370 791.650818 -302.353088
v 590.229187 791.650818 -258.545288
v 652.078430 788.285217 -302.353088
v 669.202393 767.419678 -302.353088
v 643.862671 750.488281 -302.353088
v 630.528809 766.735718 -302.353088
v 631.212891 805.409119 -302.353088
v 653.770691 731.951904 -302.353088
v 614.281494 780.069580 -302.353088
v 607.407715 818.133179 -302.353088
v 595.745178 789.977478 -302.353088
v 590.229370 791.650818 -302.353088
v 590.229370 823.344177 -302.353210
v 677.078308 741.045715 -302.353088
v 677.078308 755.090027 -302.353088
v 677.078308 714.994507 -302.353088
v 659.871887 711.838623 -302.353088
v 677.078308 690.921570 -302.353088
v 661.932312 690.921570 -302.353088
v 652.078430 788.285217 -245.392197
v 669.202515 767.419678 -245.392197
v 669.202393 767.419678 -302.353088
v 677.078308 755.090027 -302.353088
v 677.078308 755.090027 -245.392197
v 652.078430 788.285217 -302.353088
v 631.212891 805.408997 -245.392197
v 631.212891 805.409119 -302.353088
v 607.407715 818.133179 -245.392197
v 607.407715 818.133179 -302.353088
v 590.229370 823.344177 -245.392197
v 590.229370 823.344177 -302.353210
v -589.927429 711.838623 -258.545197
v -606.837280 715.202271 -258.545197
v -609.228882 690.921570 -258.545197
v -591.987183 690.921570 -258.545197
v -583.825989 731.951904 -258.545197
v -599.755005 738.549927 -258.545197
v -573.918091 750.488281 -258.545197
v -588.253479 760.067078 -258.545197
v -560.584106 766.735718 -258.545197
v -572.775818 778.927185 -258.545197
v -544.336792 780.069580 -258.545288
v -553.915588 794.405273 -258.545288
v -525.800720 789.977478 -258.545288
v -532.398071 805.906494 -258.545288
v -520.284302 791.650818 -258.545288
v -520.284302 809.581177 -258.545288
v -606.837280 715.202271 -258.545197
v -606.836975 715.202271 -255.320297
v -609.228577 690.921570 -255.320297
v -609.228882 690.921570 -258.545197
v -599.755005 738.549927 -258.545197
v -614.679871 716.762329 -245.392197
v -617.225098 690.921570 -245.392197
v -599.754822 738.549927 -255.320297
v -588.253479 760.067078 -258.545197
v -618.796570 690.921570 -245.392197
v -618.796570 717.581177 -245.392197
v -618.796814 721.148193 -244.773102
v -607.142822 741.610107 -245.392197
v -611.981384 743.614380 -245.392197
v -588.253479 760.067078 -255.320297
v -572.775818 778.927185 -258.545197
v -594.902283 764.509888 -245.392197
v -599.257324 767.419678 -245.392197
v -572.775513 778.927185 -255.320404
v -553.915588 794.405273 -258.545288
v -578.429871 784.581787 -245.392197
v -582.133301 788.285217 -245.392197
v -553.915405 794.405273 -255.320404
v -532.398071 805.906494 -258.545288
v -558.357910 801.054321 -245.392197
v -561.267578 805.408997 -245.392197
v -532.398071 805.906494 -255.320404
v -520.284302 809.581177 -258.545288
v -520.284119 809.581177 -255.320404
v -535.458130 813.294373 -245.392197
v -537.462830 818.133179 -245.392197
v -520.284119 817.897522 -245.392197
v -520.284119 823.344177 -245.392197
v -573.918091 750.488281 -258.545197
v -573.918091 750.488281 -302.353088
v -560.584106 766.735718 -302.353088
v -583.825989 731.951904 -258.545197
v -560.584106 766.735718 -258.545197
v -583.825989 731.951904 -302.353088
v -544.336792 780.069580 -302.353088
v -589.927429 711.838623 -258.545197
v -544.336792 780.069580 -258.545288
v -589.927429 711.838623 -302.353088
v -591.987183 690.921570 -258.545197
v -591.987183 690.921570 -302.353088
v -525.800415 789.977478 -302.353088
v -525.800720 789.977478 -258.545288
v -520.284302 791.650818 -302.353088
v -520.284302 791.650818 -258.545288
v -573.918091 750.488281 -302.353088
v -599.257385 767.419678 -302.353088
v -582.133423 788.285217 -302.353088
v -583.825989 731.951904 -302.353088
v -560.584106 766.735718 -302.353088
v -611.981812 743.614380 -302.353088
v -561.267700 805.409119 -302.353088
v -544.336792 780.069580 -302.353088
v -537.462830 818.133179 -302.353088
v -525.800415 789.977478 -302.353088
v -520.284302 791.650818 -302.353088
v -520.284302 823.344177 -302.353210
v -589.927429 711.838623 -302.353088
v -618.796814 717.581177 -302.353088
v -618.796814 721.148193 -302.353088
v -618.796814 690.921570 -302.353088
v -591.987183 690.921570 -302.353088
v -599.257385 767.419678 -302.353088
v -599.257324 767.419678 -245.392197
v -582.133301 788.285217 -245.392197
v -611.981812 743.614380 -302.353088
v -582.133423 788.285217 -302.353088
v -611.981384 743.614380 -245.392197
v -618.796814 721.148193 -302.353088
v -618.796814 721.148193 -244.773102
v -561.267578 805.408997 -245.392197
v -561.267700 805.409119 -302.353088
v -537.462830 818.133179 -245.392197
v -537.462830 818.133179 -302.353088
v -520.284119 823.344177 -245.392197
v -520.284302 823.344177 -302.353210
v -432.791901 690.921570 -258.545197
v -432.791901 715.112488 -258.545197
v -450.641510 711.838623 -258.545197
v -448.581390 690.921570 -258.545197
v -456.743011 731.951904 -258.545197
v -440.813812 738.549927 -258.545197
v -466.650787 750.488281 -258.545197
v -452.315094 760.067078 -258.545197
v -479.984711 766.735718 -258.545197
v -467.793091 778.927185 -258.545197
v -496.232086 780.069580 -258.545288
v -486.653198 794.405273 -258.545288
v -514.768372 789.977478 -258.545288
v -508.170807 805.906494 -258.545288
v -520.284302 791.650818 -258.545288
v -520.284302 809.581177 -258.545288
v -467.792786 778.927185 -255.320404
v -486.653015 794.405273 -255.320404
v -486.653198 794.405273 -258.545288
v -467.793091 778.927185 -258.545197
v -508.170807 805.906494 -258.545288
v -452.315094 760.067078 -255.320297
v -452.315094 760.067078 -258.545197
v -445.665894 764.509888 -245.392197
v -440.813812 738.549927 -255.320297
v -440.813812 738.549927 -258.545197
v -432.791901 716.689026 -258.540009
v -432.791901 716.689026 -255.320297
v -432.791901 741.296814 -245.630997
v -432.791901 743.025513 -245.392197
v -432.791901 754.082275 -245.392197
v -441.311188 767.419678 -245.392197
v -462.138489 784.581787 -245.392197
v -458.435211 788.285217 -245.392197
v -482.210297 801.054321 -245.392197
v -479.300690 805.408997 -245.392197
v -508.170502 805.906494 -255.320404
v -520.284302 809.581177 -258.545288
v -520.284119 809.581177 -255.320404
v -505.109985 813.294373 -245.392197
v -520.284119 817.897522 -245.392197
v -503.105804 818.133179 -245.392197
v -520.284119 823.344177 -245.392197
v -479.984497 766.735718 -302.353088
v -466.650787 750.488281 -302.353088
v -466.650787 750.488281 -258.545197
v -479.984711 766.735718 -258.545197
v -456.743011 731.951904 -258.545197
v -496.232086 780.069580 -302.353088
v -456.743011 731.951904 -302.353088
v -496.232086 780.069580 -258.545288
v -450.641510 711.838623 -258.545197
v -514.768372 789.977478 -302.353088
v -450.641510 711.838623 -302.353088
v -448.581390 690.921570 -258.545197
v -448.581696 690.921570 -302.353088
v -514.768372 789.977478 -258.545288
v -520.284302 791.650818 -302.353088
v -520.284302 791.650818 -258.545288
v -458.435211 788.285217 -302.353088
v -441.311188 767.419678 -302.353088
v -466.650787 750.488281 -302.353088
v -479.984497 766.735718 -302.353088
v -479.300903 805.409119 -302.353088
v -456.743011 731.951904 -302.353088
v -496.232086 780.069580 -302.353088
v -503.105804 818.133179 -302.353088
v -514.768372 789.977478 -302.353088
v -520.284302 791.650818 -302.353088
v -520.284302 823.344177 -302.353210
v -432.791901 741.296814 -302.353088
v -432.791901 754.082275 -302.353088
v -432.791901 715.112488 -302.353088
v -450.641510 711.838623 -302.353088
v -432.791901 690.921570 -302.353088
v -448.581696 690.921570 -302.353088
v -458.435211 788.285217 -245.392197
v -441.311188 767.419678 -245.392197
v -441.311188 767.419678 -302.353088
v -432.791901 754.082275 -302.353088
v -432.791901 754.082275 -245.392197
v -458.435211 788.285217 -302.353088
v -479.300690 805.408997 -245.392197
v -479.300903 805.409119 -302.353088
v -503.105804 818.133179 -245.392197
v -503.105804 818.133179 -302.353088
v -520.284119 823.344177 -245.392197
v -520.284302 823.344177 -302.353210
v -432.791901 715.112488 -258.545197
v -432.791901 716.689026 -258.540009
v -440.813812 738.549927 -258.545197
v -257.745300 690.921570 -258.545197
v -260.136810 715.202271 -258.545197
v -277.046997 711.838623 -258.545197
v -274.986908 690.921570 -258.545197
v -283.148285 731.951904 -258.545197
v -267.219086 738.549927 -258.545197
v -293.056305 750.488281 -258.545197
v -278.720795 760.067078 -258.545197
v -306.390015 766.735718 -258.545197
v -294.198395 778.927185 -258.545197
v -322.637299 780.069580 -258.545288
v -313.058502 794.405273 -258.545288
v -341.173706 789.977478 -258.545288
v -334.575806 805.906494 -258.545288
v -346.689606 791.650818 -258.545288
v -346.689606 809.581177 -258.545288
v -257.745209 690.921570 -255.320297
v -260.136810 715.202271 -255.320297
v -260.136810 715.202271 -258.545197
v -257.745300 690.921570 -258.545197
v -267.219086 738.549927 -258.545197
v -252.293793 716.762329 -245.392197
v -249.748596 690.921570 -245.392197
v -267.219086 738.549927 -255.320297
v -278.720795 760.067078 -258.545197
v -248.077499 690.921570 -245.392197
v -248.077499 717.601074 -245.392197
v -248.077499 720.818420 -244.773102
v -259.831085 741.610107 -245.392197
v -254.992493 743.614380 -245.392197
v -278.720306 760.067078 -255.320297
v -294.198395 778.927185 -258.545197
v -272.071411 764.509888 -245.392197
v -267.716705 767.419678 -245.392197
v -294.198395 778.927185 -255.320404
v -313.058502 794.405273 -258.545288
v -288.543793 784.581787 -245.392197
v -284.840515 788.285217 -245.392197
v -313.058502 794.405273 -255.320404
v -334.575806 805.906494 -258.545288
v -308.615601 801.054321 -245.392197
v -305.705902 805.408997 -245.392197
v -334.575806 805.906494 -255.320404
v -346.689606 809.581177 -258.545288
v -346.689606 809.581177 -255.320404
v -331.515503 813.294373 -245.392197
v -346.689606 817.897522 -245.392197
v -329.511108 818.133179 -245.392197
v -346.689606 823.344177 -245.392197
v -306.390015 766.735718 -302.353088
v -293.056000 750.488281 -302.353088
v -293.056305 750.488281 -258.545197
v -306.390015 766.735718 -258.545197
v -283.148285 731.951904 -258.545197
v -322.637299 780.069580 -302.353088
v -283.148285 731.951904 -302.353088
v -322.637299 780.069580 -258.545288
v -277.046997 711.838623 -258.545197
v -341.173706 789.977478 -302.353088
v -277.046997 711.838623 -302.353088
v -274.986908 690.921570 -258.545197
v -274.986694 690.921570 -302.353088
v -341.173706 789.977478 -258.545288
v -346.689606 791.650818 -302.353088
v -346.689606 791.650818 -258.545288
v -284.840515 788.285217 -302.353088
v -267.716705 767.419678 -302.353088
v -293.056000 750.488281 -302.353088
v -306.390015 766.735718 -302.353088
v -283.148285 731.951904 -302.353088
v -305.706207 805.409119 -302.353088
v -254.992493 743.614380 -302.353088
v -322.637299 780.069580 -302.353088
v -329.511414 818.133179 -302.353088
v -341.173706 789.977478 -302.353088
v -346.689606 791.650818 -302.353088
v -346.689606 823.344177 -302.353088
v -277.046997 711.838623 -302.353088
v -248.077606 717.601074 -302.353088
v -248.077606 720.818420 -302.353088
v -248.077606 690.921570 -302.353088
v -274.986694 690.921570 -302.353088
v -284.840515 788.285217 -245.392197
v -267.716705 767.419678 -245.392197
v -267.716705 767.419678 -302.353088
v -284.840515 788.285217 -302.353088
v -254.992493 743.614380 -302.353088
v -305.705902 805.408997 -245.392197
v -254.992493 743.614380 -245.392197
v -248.077606 720.818420 -302.353088
v -248.077499 720.818420 -244.773102
v -305.706207 805.409119 -302.353088
v -329.511108 818.133179 -245.392197
v -329.511414 818.133179 -302.353088
v -346.689606 823.344177 -245.392197
v -346.689606 823.344177 -302.353088
v -416.332611 711.838623 -258.545197
v -432.791901 715.112488 -258.545197
v -432.791901 690.921570 -258.545197
v -418.392487 690.921570 -258.545197
v -410.231110 731.951904 -258.545197
v -426.160309 738.549927 -258.545197
v -400.323090 750.488281 -258.545197
v -414.659088 760.067078 -258.545197
v -386.989594 766.735718 -258.545197
v -399.181000 778.927185 -258.545197
v -370.742096 780.069580 -258.545288
v -380.320892 794.405273 -258.545288
v -352.205688 789.977478 -258.545288
v -358.803589 805.906494 -258.545288
v -346.689606 791.650818 -258.545288
v -346.689606 809.581177 -258.545288
v -380.320892 794.405273 -258.545288
v -380.320709 794.405273 -255.320404
v -399.180786 778.927185 -255.320404
v -358.803589 805.906494 -258.545288
v -399.181000 778.927185 -258.545197
v -358.803589 805.906494 -255.320404
v -346.689606 809.581177 -258.545288
v -346.689606 809.581177 -255.320404
v -414.659088 760.067078 -255.320297
v -414.659088 760.067078 -258.545197
v -421.308014 764.509888 -245.392197
v -361.863586 813.294373 -245.392197
v -346.689606 817.897522 -245.392197
v -363.867798 818.133179 -245.392197
v -346.689606 823.344177 -245.392197
v -387.673492 805.408997 -245.392197
v -384.763306 801.054321 -245.392197
v -408.538696 788.285217 -245.392197
v -404.835297 784.581787 -245.392197
v -425.662506 767.419678 -245.392197
v -432.791901 754.082275 -245.392197
v -432.791901 743.025513 -245.392197
v -432.791901 741.296814 -245.630997
v -426.160004 738.549927 -255.320297
v -432.791901 716.689026 -255.320297
v -426.160309 738.549927 -258.545197
v -432.791901 716.689026 -258.540009
v -400.323090 750.488281 -258.545197
v -400.323090 750.488281 -302.353088
v -386.989594 766.735718 -302.353088
v -410.231110 731.951904 -258.545197
v -386.989594 766.735718 -258.545197
v -410.231110 731.951904 -302.353088
v -370.741791 780.069580 -302.353088
v -416.332611 711.838623 -258.545197
v -370.742096 780.069580 -258.545288
v -416.332611 711.838623 -302.353088
v -418.392487 690.921570 -258.545197
v -418.392487 690.921570 -302.353088
v -352.205688 789.977478 -302.353088
v -352.205688 789.977478 -258.545288
v -346.689606 791.650818 -302.353088
v -346.689606 791.650818 -258.545288
v -400.323090 750.488281 -302.353088
v -425.662994 767.419678 -302.353088
v -408.538696 788.285217 -302.353088
v -386.989594 766.735718 -302.353088
v -387.673492 805.409119 -302.353088
v -410.231110 731.951904 -302.353088
v -370.741791 780.069580 -302.353088
v -363.868011 818.133179 -302.353088
v -352.205688 789.977478 -302.353088
v -346.689606 791.650818 -302.353088
v -346.689606 823.344177 -302.353088
v -432.791901 741.296814 -302.353088
v -432.791901 754.082275 -302.353088
v -432.791901 715.112488 -302.353088
v -416.332611 711.838623 -302.353088
v -432.791901 690.921570 -302.353088
v -418.392487 690.921570 -302.353088
v -425.662994 767.419678 -302.353088
v -425.662506 767.419678 -245.392197
v -408.538696 788.285217 -245.392197
v -432.791901 754.082275 -302.353088
v -432.791901 754.082275 -245.392197
v -408.538696 788.285217 -302.353088
v -387.673492 805.408997 -245.392197
v -387.673492 805.409119 -302.353088
v -363.867798 818.133179 -245.392197
v -363.868011 818.133179 -302.353088
v -346.689606 823.344177 -245.392197
v -346.689606 823.344177 -302.353088
v -426.160309 738.549927 -258.545197
v -432.791901 716.689026 -258.540009
v -432.791901 715.112488 -258.545197
v -219.108002 711.838623 -258.545197
v -236.018402 715.202271 -258.545197
v -238.409607 690.921570 -258.545197
v -221.168198 690.921570 -258.545197
v -213.006805 731.951904 -258.545197
v -228.935898 738.549927 -258.545197
v -203.098801 750.488281 -258.545197
v -217.434601 760.067078 -258.545197
v -189.764999 766.735718 -258.545197
v -201.956604 778.927185 -258.545197
v -173.517593 780.069580 -258.545288
v -183.096497 794.405273 -258.545288
v -154.981003 789.977478 -258.545288
v -161.579193 805.906494 -258.545288
v -149.465302 791.650818 -258.545288
v -149.465302 809.581177 -258.545288
v -236.018402 715.202271 -258.545197
v -236.018204 715.202271 -255.320297
v -238.409500 690.921570 -255.320297
v -238.409607 690.921570 -258.545197
v -228.935898 738.549927 -258.545197
v -243.860992 716.762329 -245.392197
v -246.406296 690.921570 -245.392197
v -228.935898 738.549927 -255.320297
v -217.434601 760.067078 -258.545197
v -248.077499 690.921570 -245.392197
v -248.077499 717.601074 -245.392197
v -248.077499 720.818420 -244.773102
v -236.323502 741.610107 -245.392197
v -241.162292 743.614380 -245.392197
v -217.434494 760.067078 -255.320297
v -201.956604 778.927185 -258.545197
v -224.083405 764.509888 -245.392197
v -228.438202 767.419678 -245.392197
v -201.956497 778.927185 -255.320404
v -183.096497 794.405273 -258.545288
v -207.610992 784.581787 -245.392197
v -211.314301 788.285217 -245.392197
v -183.096405 794.405273 -255.320404
v -161.579193 805.906494 -258.545288
v -187.539200 801.054321 -245.392197
v -190.448898 805.408997 -245.392197
v -161.578995 805.906494 -255.320404
v -149.465302 809.581177 -258.545288
v -149.465195 809.581177 -255.320404
v -164.639297 813.294373 -245.392197
v -166.643494 818.133179 -245.392197
v -149.465195 817.897522 -245.392197
v -149.465195 823.344177 -245.392197
v -203.098801 750.488281 -258.545197
v -203.098694 750.488281 -302.353088
v -189.764999 766.735718 -302.353088
v -213.006805 731.951904 -258.545197
v -189.764999 766.735718 -258.545197
v -213.006897 731.951904 -302.353088
v -173.517593 780.069580 -302.353088
v -219.108002 711.838623 -258.545197
v -173.517593 780.069580 -258.545288
v -219.108002 711.838623 -302.353088
v -221.168198 690.921570 -258.545197
v -221.168198 690.921570 -302.353088
v -154.981003 789.977478 -302.353088
v -154.981003 789.977478 -258.545288
v -149.465302 791.650818 -302.353088
v -149.465302 791.650818 -258.545288
v -203.098694 750.488281 -302.353088
v -228.438202 767.419678 -302.353088
v -211.314301 788.285217 -302.353088
v -213.006897 731.951904 -302.353088
v -189.764999 766.735718 -302.353088
v -241.162292 743.614380 -302.353088
v -190.449005 805.409119 -302.353088
v -173.517593 780.069580 -302.353088
v -166.643494 818.133179 -302.353088
v -154.981003 789.977478 -302.353088
v -149.465302 791.650818 -302.353088
v -149.465302 823.344177 -302.353088
v -219.108002 711.838623 -302.353088
v -248.077606 717.601074 -302.353088
v -248.077606 720.818420 -302.353088
v -248.077606 690.921570 -302.353088
v -221.168198 690.921570 -302.353088
v -228.438202 767.419678 -302.353088
v -228.438202 767.419678 -245.392197
v -211.314301 788.285217 -245.392197
v -241.162292 743.614380 -302.353088
v -211.314301 788.285217 -302.353088
v -241.162292 743.614380 -245.392197
v -248.077606 720.818420 -302.353088
v -248.077499 720.818420 -244.773102
v -190.448898 805.408997 -245.392197
v -190.449005 805.409119 -302.353088
v -166.643494 818.133179 -245.392197
v -166.643494 818.133179 -302.353088
v -149.465195 823.344177 -245.392197
v -149.465302 823.344177 -302.353088
v -63.539902 690.921570 -258.545197
v -63.539902 715.077515 -258.545197
v -79.822601 711.838623 -258.545197
v -77.762497 690.921570 -258.545197
v -85.923897 731.951904 -258.545197
v -69.994797 738.549927 -258.545197
v -95.831703 750.488281 -258.545197
v -81.496002 760.067078 -258.545197
v -109.165604 766.735718 -258.545197
v -96.974098 778.927185 -258.545197
v -125.413002 780.069580 -258.545288
v -115.834099 794.405273 -258.545288
v -143.949493 789.977478 -258.545288
v -137.351303 805.906494 -258.545288
v -149.465302 791.650818 -258.545288
v -149.465302 809.581177 -258.545288
v -96.973999 778.927185 -255.320404
v -115.834000 794.405273 -255.320404
v -115.834099 794.405273 -258.545288
v -96.974098 778.927185 -258.545197
v -137.351303 805.906494 -258.545288
v -81.495903 760.067078 -255.320297
v -81.496002 760.067078 -258.545197
v -74.846901 764.509888 -245.392197
v -69.994797 738.549927 -255.320297
v -69.994797 738.549927 -258.545197
v -63.539700 741.223572 -245.830994
v -63.539700 717.270508 -255.320297
v -63.539902 717.270508 -258.692108
v -63.539700 743.355530 -245.392197
v -63.539700 754.412415 -245.392197
v -70.492203 767.419678 -245.392197
v -91.319504 784.581787 -245.392197
v -87.616096 788.285217 -245.392197
v -111.391197 801.054321 -245.392197
v -108.481499 805.408997 -245.392197
v -137.351105 805.906494 -255.320404
v -149.465302 809.581177 -258.545288
v -149.465195 809.581177 -255.320404
v -134.291107 813.294373 -245.392197
v -149.465195 817.897522 -245.392197
v -132.286896 818.133179 -245.392197
v -149.465195 823.344177 -245.392197
v -109.165604 766.735718 -302.353088
v -95.831703 750.488281 -302.353088
v -95.831703 750.488281 -258.545197
v -109.165604 766.735718 -258.545197
v -85.923897 731.951904 -258.545197
v -125.413002 780.069580 -302.353088
v -85.923897 731.951904 -302.353088
v -125.413002 780.069580 -258.545288
v -79.822601 711.838623 -258.545197
v -143.949493 789.977478 -302.353088
v -79.822601 711.838623 -302.353088
v -77.762497 690.921570 -258.545197
v -77.762398 690.921570 -302.353088
v -143.949493 789.977478 -258.545288
v -149.465302 791.650818 -302.353088
v -149.465302 791.650818 -258.545288
v -87.616096 788.285217 -302.353088
v -70.492401 767.419678 -302.353088
v -95.831703 750.488281 -302.353088
v -109.165604 766.735718 -302.353088
v -108.481499 805.409119 -302.353088
v -85.923897 731.951904 -302.353088
v -125.413002 780.069580 -302.353088
v -132.287003 818.133179 -302.353088
v -143.949493 789.977478 -302.353088
v -149.465302 791.650818 -302.353088
v -149.465302 823.344177 -302.353088
v -63.539799 741.223572 -302.353088
v -63.539799 754.412415 -302.353088
v -63.539799 715.077515 -302.353088
v -79.822601 711.838623 -302.353088
v -63.539799 690.921570 -302.353088
v -77.762398 690.921570 -302.353088
v -87.616096 788.285217 -245.392197
v -70.492203 767.419678 -245.392197
v -70.492401 767.419678 -302.353088
v -63.539799 754.412415 -302.353088
v -63.539700 754.412415 -245.392197
v -87.616096 788.285217 -302.353088
v -108.481499 805.408997 -245.392197
v -108.481499 805.409119 -302.353088
v -132.286896 818.133179 -245.392197
v -132.287003 818.133179 -302.353088
v -149.465195 823.344177 -245.392197
v -149.465302 823.344177 -302.353088
v -63.539902 715.077515 -258.545197
v -63.539902 717.270508 -258.692108
v -69.994797 738.549927 -258.545197
v -628.364624 690.921570 -258.545197
v -630.756226 715.202271 -258.545197
v -647.666077 711.838623 -258.545197
v -645.606323 690.921570 -258.545197
v -653.767517 731.951904 -258.545197
v -637.838501 738.549927 -258.545197
v -663.675415 750.488281 -258.545197
v -649.339478 760.067078 -258.545197
v -677.009216 766.735718 -258.545197
v -664.817688 778.927185 -258.545197
v -693.256714 780.069580 -258.545288
v -683.677917 794.405273 -258.545288
v -711.793091 789.977478 -258.545288
v -705.194885 805.906494 -258.545288
v -717.309021 791.650818 -258.545288
v -717.309021 809.581177 -258.545288
v -628.364624 690.921570 -255.320297
v -630.755981 715.202271 -255.320297
v -630.756226 715.202271 -258.545197
v -628.364624 690.921570 -258.545197
v -637.838501 738.549927 -258.545197
v -622.912598 716.762329 -245.392197
v -620.367676 690.921570 -245.392197
v -637.838501 738.549927 -255.320297
v -649.339478 760.067078 -258.545197
v -618.796570 690.921570 -245.392197
v -618.796570 717.581177 -245.392197
v -618.796814 721.148193 -244.773102
v -630.450195 741.610107 -245.392197
v -625.611328 743.614380 -245.392197
v -649.339172 760.067078 -255.320297
v -664.817688 778.927185 -258.545197
v -642.690186 764.509888 -245.392197
v -638.335693 767.419678 -245.392197
v -664.817505 778.927185 -255.320404
v -683.677917 794.405273 -258.545288
v -659.163086 784.581787 -245.392197
v -655.459473 788.285217 -245.392197
v -683.677917 794.405273 -255.320404
v -705.194885 805.906494 -258.545288
v -679.234924 801.054321 -245.392197
v -676.325012 805.408997 -245.392197
v -705.194885 805.906494 -255.320404
v -717.309021 809.581177 -258.545288
v -717.308716 809.581177 -255.320404
v -702.134521 813.294373 -245.392197
v -717.308594 817.897522 -245.392197
v -700.130371 818.133179 -245.392197
v -717.308594 823.344177 -245.392197
v -677.009216 766.735718 -302.353088
v -663.675415 750.488281 -302.353088
v -663.675415 750.488281 -258.545197
v -677.009216 766.735718 -258.545197
v -653.767517 731.951904 -258.545197
v -693.256714 780.069580 -302.353088
v -653.767517 731.951904 -302.353088
v -693.256714 780.069580 -258.545288
v -647.666077 711.838623 -258.545197
v -711.793091 789.977478 -302.353088
v -647.666077 711.838623 -302.353088
v -645.606323 690.921570 -258.545197
v -645.606323 690.921570 -302.353088
v -711.793091 789.977478 -258.545288
v -717.309021 791.650818 -302.353088
v -717.309021 791.650818 -258.545288
v -655.459778 788.285217 -302.353088
v -638.336121 767.419678 -302.353088
v -663.675415 750.488281 -302.353088
v -677.009216 766.735718 -302.353088
v -653.767517 731.951904 -302.353088
v -676.325073 805.409119 -302.353088
v -625.611694 743.614380 -302.353088
v -693.256714 780.069580 -302.353088
v -700.130676 818.133179 -302.353088
v -711.793091 789.977478 -302.353088
v -717.309021 791.650818 -302.353088
v -717.309021 823.344177 -302.353210
v -647.666077 711.838623 -302.353088
v -618.796814 717.581177 -302.353088
v -618.796814 721.148193 -302.353088
v -618.796814 690.921570 -302.353088
v -645.606323 690.921570 -302.353088
v -655.459473 788.285217 -245.392197
v -638.335693 767.419678 -245.392197
v -638.336121 767.419678 -302.353088
v -655.459778 788.285217 -302.353088
v -625.611694 743.614380 -302.353088
v -676.325012 805.408997 -245.392197
v -625.611328 743.614380 -245.392197
v -618.796814 721.148193 -302.353088
v -618.796814 721.148193 -244.773102
v -676.325073 805.409119 -302.353088
v -700.130371 818.133179 -245.392197
v -700.130676 818.133179 -302.353088
v -717.308594 823.344177 -245.392197
v -717.309021 823.344177 -302.353210
v -786.951477 711.838623 -258.545197
v -804.617310 715.078674 -258.545197
v -804.617310 690.921570 -258.545197
v -789.011780 690.921570 -258.545197
v -780.850525 731.951904 -258.545197
v -796.779419 738.549927 -258.545197
v -770.942505 750.488281 -258.545197
v -785.278198 760.067078 -258.545197
v -757.608521 766.735718 -258.545197
v -769.800415 778.927185 -258.545197
v -741.361206 780.069580 -258.545288
v -750.940308 794.405273 -258.545288
v -722.824829 789.977478 -258.545288
v -729.422729 805.906494 -258.545288
v -717.309021 791.650818 -258.545288
v -717.309021 809.581177 -258.545288
v -750.940308 794.405273 -258.545288
v -750.940125 794.405273 -255.320404
v -769.800171 778.927185 -255.320404
v -729.422729 805.906494 -258.545288
v -769.800415 778.927185 -258.545197
v -729.422729 805.906494 -255.320404
v -717.309021 809.581177 -258.545288
v -717.308716 809.581177 -255.320404
v -785.278198 760.067078 -255.320297
v -785.278198 760.067078 -258.545197
v -791.926819 764.509888 -245.392197
v -796.779175 738.549927 -255.320297
v -796.779419 738.549927 -258.545197
v -804.617310 741.233582 -245.803696
v -804.617310 717.191406 -255.320297
v -804.617310 717.191406 -258.713593
v -804.617188 743.333130 -245.392197
v -804.617188 754.370972 -245.392197
v -796.281677 767.419678 -245.392197
v -775.454590 784.581787 -245.392197
v -779.158020 788.285217 -245.392197
v -755.382629 801.054321 -245.392197
v -758.292175 805.408997 -245.392197
v -732.482727 813.294373 -245.392197
v -734.487122 818.133179 -245.392197
v -717.308594 817.897522 -245.392197
v -717.308594 823.344177 -245.392197
v -770.942505 750.488281 -258.545197
v -770.942322 750.488281 -302.353088
v -757.608276 766.735718 -302.353088
v -780.850525 731.951904 -258.545197
v -757.608521 766.735718 -258.545197
v -780.850525 731.951904 -302.353088
v -741.361206 780.069580 -302.353088
v -786.951477 711.838623 -258.545197
v -741.361206 780.069580 -258.545288
v -786.951477 711.838623 -302.353088
v -789.011780 690.921570 -258.545197
v -789.011780 690.921570 -302.353088
v -722.825073 789.977478 -302.353088
v -722.824829 789.977478 -258.545288
v -717.309021 791.650818 -302.353088
v -717.309021 791.650818 -258.545288
v -770.942322 750.488281 -302.353088
v -796.282104 767.419678 -302.353088
v -779.158081 788.285217 -302.353088
v -757.608276 766.735718 -302.353088
v -758.292419 805.409119 -302.353088
v -780.850525 731.951904 -302.353088
v -741.361206 780.069580 -302.353088
v -734.487427 818.133179 -302.353088
v -722.825073 789.977478 -302.353088
v -717.309021 791.650818 -302.353088
v -717.309021 823.344177 -302.353210
v -804.617310 741.224915 -302.353088
v -804.617310 754.370972 -302.353088
v -804.617310 715.078674 -302.353088
v -786.951477 711.838623 -302.353088
v -804.617310 690.921570 -302.353088
v -789.011780 690.921570 -302.353088
v -796.282104 767.419678 -302.353088
v -796.281677 767.419678 -245.392197
v -779.158020 788.285217 -245.392197
v -804.617310 754.370972 -302.353088
v -804.617188 754.370972 -245.392197
v -779.158081 788.285217 -302.353088
v -758.292175 805.408997 -245.392197
v -758.292419 805.409119 -302.353088
v -734.487122 818.133179 -245.392197
v -734.487427 818.133179 -302.353088
v -717.308594 823.344177 -245.392197
v -717.309021 823.344177 -302.353210
v -796.779419 738.549927 -258.545197
v -804.617310 717.191406 -258.713593
v -804.617310 715.078674 -258.545197
v 852.871704 690.921570 -258.545197
v 850.480225 715.202271 -258.545197
v 833.570129 711.838623 -258.545197
v 835.630127 690.921570 -258.545197
v 827.468872 731.951904 -258.545197
v 843.397827 738.549927 -258.545197
v 817.560974 750.488281 -258.545197
v 831.896790 760.067078 -258.545197
v 804.227112 766.735718 -258.545197
v 816.418823 778.927185 -258.545197
v 787.979675 780.069580 -258.545288
v 797.558472 794.405273 -258.545288
v 769.443420 789.977478 -258.545288
v 776.041321 805.906494 -258.545288
v 763.927429 791.650818 -258.545288
v 763.927429 809.581177 -258.545288
v 852.871704 690.921570 -255.320297
v 850.480103 715.202271 -255.320297
v 850.480225 715.202271 -258.545197
v 852.871704 690.921570 -258.545197
v 843.397827 738.549927 -258.545197
v 858.323303 716.762329 -245.392197
v 860.868286 690.921570 -245.392197
v 843.397705 738.549927 -255.320297
v 831.896790 760.067078 -258.545197
v 862.439575 690.921570 -245.392197
v 862.439575 717.581177 -245.392197
v 862.439575 721.148193 -244.773102
v 850.785828 741.610107 -245.392197
v 855.624573 743.614380 -245.392197
v 831.896790 760.067078 -255.320297
v 816.418823 778.927185 -258.545197
v 838.545471 764.509888 -245.392197
v 842.900330 767.419678 -245.392197
v 816.418823 778.927185 -255.320404
v 797.558472 794.405273 -258.545288
v 822.072876 784.581787 -245.392197
v 825.776489 788.285217 -245.392197
v 797.558472 794.405273 -255.320404
v 776.041321 805.906494 -258.545288
v 802.001099 801.054321 -245.392197
v 804.911072 805.408997 -245.392197
v 776.041321 805.906494 -255.320404
v 763.927429 809.581177 -258.545288
v 763.927185 809.581177 -255.320404
v 779.101318 813.294373 -245.392197
v 763.927185 817.897522 -245.392197
v 781.105713 818.133179 -245.392197
v 763.927185 823.344177 -245.392197
v 804.227112 766.735718 -302.353088
v 817.560974 750.488281 -302.353088
v 817.560974 750.488281 -258.545197
v 804.227112 766.735718 -258.545197
v 827.468872 731.951904 -258.545197
v 787.979797 780.069580 -302.353088
v 827.468811 731.951904 -302.353088
v 787.979675 780.069580 -258.545288
v 833.570129 711.838623 -258.545197
v 769.443420 789.977478 -302.353088
v 833.570129 711.838623 -302.353088
v 835.630127 690.921570 -258.545197
v 835.630188 690.921570 -302.353088
v 769.443420 789.977478 -258.545288
v 763.927185 791.650818 -302.353088
v 763.927429 791.650818 -258.545288
v 825.776489 788.285217 -302.353088
v 842.900330 767.419678 -302.353088
v 817.560974 750.488281 -302.353088
v 804.227112 766.735718 -302.353088
v 827.468811 731.951904 -302.353088
v 804.911072 805.409119 -302.353088
v 855.624573 743.614380 -302.353088
v 787.979797 780.069580 -302.353088
v 781.105713 818.133179 -302.353088
v 769.443420 789.977478 -302.353088
v 763.927185 791.650818 -302.353088
v 763.927185 823.344177 -302.353210
v 833.570129 711.838623 -302.353088
v 862.439575 717.581177 -302.353088
v 862.439575 721.148193 -302.353088
v 862.439575 690.921570 -302.353088
v 835.630188 690.921570 -302.353088
v 825.776489 788.285217 -245.392197
v 842.900330 767.419678 -245.392197
v 842.900330 767.419678 -302.353088
v 825.776489 788.285217 -302.353088
v 855.624573 743.614380 -302.353088
v 804.911072 805.408997 -245.392197
v 855.624573 743.614380 -245.392197
v 862.439575 721.148193 -302.353088
v 862.439575 721.148193 -244.773102
v 804.911072 805.409119 -302.353088
v 781.105713 818.133179 -245.392197
v 781.105713 818.133179 -302.353088
v 763.927185 823.344177 -245.392197
v 763.927185 823.344177 -302.353210
v 694.284729 711.838623 -258.545197
v 677.078308 714.994507 -258.545197
v 677.078308 690.921570 -258.545197
v 692.224487 690.921570 -258.545197
v 700.385986 731.951904 -258.545197
v 684.456909 738.549927 -258.545197
v 677.078308 718.442993 -258.666107
v 710.293884 750.488281 -258.545197
v 695.958008 760.067078 -258.545197
v 723.627930 766.735718 -258.545197
v 711.435974 778.927185 -258.545197
v 739.875183 780.069580 -258.545288
v 730.296082 794.405273 -258.545288
v 758.411499 789.977478 -258.545288
v 751.813477 805.906494 -258.545288
v 763.927429 791.650818 -258.545288
v 763.927429 809.581177 -258.545288
v 730.296082 794.405273 -258.545288
v 730.296082 794.405273 -255.320404
v 711.435913 778.927185 -255.320404
v 751.813477 805.906494 -258.545288
v 711.435974 778.927185 -258.545197
v 751.813477 805.906494 -255.320404
v 763.927429 809.581177 -258.545288
v 763.927185 809.581177 -255.320404
v 695.958008 760.067078 -255.320297
v 695.958008 760.067078 -258.545197
v 689.309204 764.509888 -245.392197
v 748.753174 813.294373 -245.392197
v 763.927185 817.897522 -245.392197
v 746.748901 818.133179 -245.392197
v 763.927185 823.344177 -245.392197
v 722.943726 805.408997 -245.392197
v 725.853516 801.054321 -245.392197
v 702.078186 788.285217 -245.392197
v 705.781494 784.581787 -245.392197
v 684.954224 767.419678 -245.392197
v 677.078308 755.090027 -245.392197
v 677.078308 744.099609 -245.392197
v 677.078308 741.076294 -246.234299
v 684.456787 738.549927 -255.320297
v 677.078308 718.442993 -255.320297
v 684.456909 738.549927 -258.545197
v 677.078308 718.442993 -258.666107
v 710.293884 750.488281 -258.545197
v 710.293884 750.488281 -302.353088
v 723.627808 766.735718 -302.353088
v 700.385986 731.951904 -258.545197
v 723.627930 766.735718 -258.545197
v 700.385986 731.951904 -302.353088
v 739.875183 780.069580 -302.353088
v 694.284729 711.838623 -258.545197
v 739.875183 780.069580 -258.545288
v 694.284729 711.838623 -302.353088
v 692.224487 690.921570 -258.545197
v 692.224426 690.921570 -302.353088
v 758.411377 789.977478 -302.353088
v 758.411499 789.977478 -258.545288
v 763.927185 791.650818 -302.353088
v 763.927429 791.650818 -258.545288
v 710.293884 750.488281 -302.353088
v 684.954224 767.419678 -302.353088
v 702.078186 788.285217 -302.353088
v 723.627808 766.735718 -302.353088
v 722.943726 805.409119 -302.353088
v 700.385986 731.951904 -302.353088
v 739.875183 780.069580 -302.353088
v 746.748901 818.133179 -302.353088
v 758.411377 789.977478 -302.353088
v 763.927185 791.650818 -302.353088
v 763.927185 823.344177 -302.353210
v 677.078308 741.045715 -302.353088
v 677.078308 755.090027 -302.353088
v 677.078308 714.994507 -302.353088
v 694.284729 711.838623 -302.353088
v 677.078308 690.921570 -302.353088
v 692.224426 690.921570 -302.353088
v 684.954224 767.419678 -302.353088
v 684.954224 767.419678 -245.392197
v 702.078186 788.285217 -245.392197
v 677.078308 755.090027 -302.353088
v 677.078308 755.090027 -245.392197
v 702.078186 788.285217 -302.353088
v 722.943726 805.408997 -245.392197
v 722.943726 805.409119 -302.353088
v 746.748901 818.133179 -245.392197
v 746.748901 818.133179 -302.353088
v 763.927185 823.344177 -245.392197
v 763.927185 823.344177 -302.353210
v -961.568176 711.838623 -258.545197
v -978.478088 715.202271 -258.545197
v -980.869812 690.921570 -258.545197
v -963.628113 690.921570 -258.545197
v -955.466919 731.951904 -258.545197
v -971.395874 738.549927 -258.545197
v -945.559021 750.488281 -258.545197
v -959.894897 760.067078 -258.545197
v -932.225220 766.735718 -258.545197
v -944.416626 778.927185 -258.545197
v -915.977722 780.069580 -258.545288
v -925.556519 794.405273 -258.545288
v -897.441284 789.977478 -258.545288
v -904.039429 805.906494 -258.545288
v -891.925415 791.650818 -258.545288
v -891.925415 809.581177 -258.545288
v -978.478088 715.202271 -258.545197
v -978.478394 715.202271 -255.320297
v -980.869812 690.921570 -255.320297
v -980.869812 690.921570 -258.545197
v -971.395874 738.549927 -258.545197
v -986.321716 716.762329 -245.104507
v -988.866577 690.921570 -245.104507
v -971.396118 738.549927 -255.320297
v -959.894897 760.067078 -258.545197
v -990.437622 690.921570 -245.104507
v -990.437622 717.581177 -245.104507
v -990.437622 721.148193 -245.104507
v -978.783875 741.610107 -245.392197
v -983.622803 743.614380 -245.392197
v -959.895081 760.067078 -255.320297
v -944.416626 778.927185 -258.545197
v -966.543884 764.509888 -245.392197
v -970.898376 767.419678 -245.392197
v -944.416870 778.927185 -255.320404
v -925.556519 794.405273 -258.545288
v -950.070984 784.581787 -245.392197
v -953.774719 788.285217 -245.392197
v -925.556519 794.405273 -255.320404
v -904.039429 805.906494 -258.545288
v -929.999329 801.054321 -245.392197
v -932.909180 805.408997 -245.392197
v -904.039429 805.906494 -255.320404
v -891.925415 809.581177 -258.545288
v -891.925720 809.581177 -255.320404
v -907.099609 813.294373 -245.392197
v -909.103821 818.133179 -245.392197
v -891.925476 817.897522 -245.392197
v -891.925476 823.344177 -245.392197
v -945.559021 750.488281 -258.545197
v -945.559021 750.488281 -302.353088
v -932.225220 766.735718 -302.353088
v -955.466919 731.951904 -258.545197
v -932.225220 766.735718 -258.545197
v -955.466919 731.951904 -302.353088
v -915.977722 780.069580 -302.353088
v -961.568176 711.838623 -258.545197
v -915.977722 780.069580 -258.545288
v -961.568176 711.838623 -302.353088
v -963.628113 690.921570 -258.545197
v -963.628113 690.921570 -302.353088
v -897.441284 789.977478 -302.353088
v -897.441284 789.977478 -258.545288
v -891.925415 791.650818 -302.353088
v -891.925415 791.650818 -258.545288
v -945.559021 750.488281 -302.353088
v -970.898315 767.419678 -302.353088
v -953.774475 788.285217 -302.353088
v -955.466919 731.951904 -302.353088
v -932.225220 766.735718 -302.353088
v -983.622681 743.614380 -302.353088
v -932.909302 805.409119 -302.353088
v -915.977722 780.069580 -302.353088
v -909.103577 818.133179 -302.353088
v -897.441284 789.977478 -302.353088
v -891.925415 791.650818 -302.353088
v -891.925415 823.344177 -302.353210
v -961.568176 711.838623 -302.353088
v -990.437622 717.581177 -302.353088
v -990.437622 721.148193 -302.353088
v -990.437622 690.921570 -302.353088
v -963.628113 690.921570 -302.353088
v -970.898315 767.419678 -302.353088
v -970.898376 767.419678 -245.392197
v -953.774719 788.285217 -245.392197
v -983.622681 743.614380 -302.353088
v -953.774475 788.285217 -302.353088
v -983.622803 743.614380 -245.392197
v -990.437622 721.148193 -302.353088
v -990.437622 721.148193 -245.104507
v -932.909180 805.408997 -245.392197
v -932.909302 805.409119 -302.353088
v -909.103821 818.133179 -245.392197
v -909.103577 818.133179 -302.353088
v -891.925476 823.344177 -245.392197
v -891.925415 823.344177 -302.353210
v -804.617310 690.921570 -258.545197
v -804.617310 715.078674 -258.545197
v -822.282776 711.838623 -258.545197
v -820.222473 690.921570 -258.545197
v -828.383911 731.951904 -258.545197
v -812.455017 738.549927 -258.545197
v -838.291870 750.488281 -258.545197
v -823.956177 760.067078 -258.545197
v -851.625916 766.735718 -258.545197
v -839.434021 778.927185 -258.545197
v -867.873230 780.069580 -258.545288
v -858.294128 794.405273 -258.545288
v -886.409485 789.977478 -258.545288
v -879.811584 805.906494 -258.545288
v -891.925415 791.650818 -258.545288
v -891.925415 809.581177 -258.545288
v -839.434204 778.927185 -255.320404
v -858.294312 794.405273 -255.320404
v -858.294128 794.405273 -258.545288
v -839.434021 778.927185 -258.545197
v -879.811584 805.906494 -258.545288
v -823.956177 760.067078 -255.320297
v -823.956177 760.067078 -258.545197
v -817.307373 764.509888 -245.392197
v -812.455200 738.549927 -255.320297
v -812.455017 738.549927 -258.545197
v -804.617310 741.233582 -245.803696
v -804.617310 717.191406 -255.320297
v -804.617310 717.191406 -258.713593
v -804.617188 743.333130 -245.392197
v -804.617188 754.370972 -245.392197
v -812.952393 767.419678 -245.392197
v -833.779480 784.581787 -245.392197
v -830.076416 788.285217 -245.392197
v -853.851624 801.054321 -245.392197
v -850.941895 805.408997 -245.392197
v -879.811584 805.906494 -255.320404
v -891.925415 809.581177 -258.545288
v -891.925720 809.581177 -255.320404
v -876.751526 813.294373 -245.392197
v -891.925476 817.897522 -245.392197
v -874.747070 818.133179 -245.392197
v -891.925476 823.344177 -245.392197
v -851.626099 766.735718 -302.353088
v -838.292114 750.488281 -302.353088
v -838.291870 750.488281 -258.545197
v -851.625916 766.735718 -258.545197
v -828.383911 731.951904 -258.545197
v -867.873230 780.069580 -302.353088
v -828.383911 731.951904 -302.353088
v -867.873230 780.069580 -258.545288
v -822.282776 711.838623 -258.545197
v -886.409485 789.977478 -302.353088
v -822.282776 711.838623 -302.353088
v -820.222473 690.921570 -258.545197
v -820.222473 690.921570 -302.353088
v -886.409485 789.977478 -258.545288
v -891.925415 791.650818 -302.353088
v -891.925415 791.650818 -258.545288
v -830.076294 788.285217 -302.353088
v -812.952271 767.419678 -302.353088
v -838.292114 750.488281 -302.353088
v -851.626099 766.735718 -302.353088
v -850.942017 805.409119 -302.353088
v -828.383911 731.951904 -302.353088
v -867.873230 780.069580 -302.353088
v -874.747192 818.133179 -302.353088
v -886.409485 789.977478 -302.353088
v -891.925415 791.650818 -302.353088
v -891.925415 823.344177 -302.353210
v -804.617310 741.224915 -302.353088
v -804.617310 754.370972 -302.353088
v -804.617310 715.078674 -302.353088
v -822.282776 711.838623 -302.353088
v -804.617310 690.921570 -302.353088
v -820.222473 690.921570 -302.353088
v -830.076416 788.285217 -245.392197
v -812.952393 767.419678 -245.392197
v -812.952271 767.419678 -302.353088
v -804.617310 754.370972 -302.353088
v -804.617188 754.370972 -245.392197
v -830.076294 788.285217 -302.353088
v -850.941895 805.408997 -245.392197
v -850.942017 805.409119 -302.353088
v -874.747070 818.133179 -245.392197
v -874.747192 818.133179 -302.353088
v -891.925476 823.344177 -245.392197
v -891.925415 823.344177 -302.353210
v -804.617310 715.078674 -258.545197
v -804.617310 717.191406 -258.713593
v -812.455017 738.549927 -258.545197
v 462.847687 711.838623 187.626404
v 479.757812 715.202271 187.626404
v 482.149200 690.921570 187.626404
v 464.907593 690.921570 187.626404
v 456.746307 731.951904 187.626404
v 472.675415 738.549927 187.626404
v 446.838501 750.488281 187.626404
v 461.174103 760.067078 187.626404
v 433.504608 766.735718 187.626404
v 445.696198 778.927185 187.626404
v 417.257202 780.069580 187.626404
v 426.835907 794.405273 187.626404
v 398.720886 789.977478 187.626404
v 405.318787 805.906494 187.626404
v 393.204803 791.650818 187.626404
v 393.204803 809.581177 187.626404
v 479.757812 715.202271 187.626404
v 479.757812 715.202271 184.401505
v 482.149200 690.921570 184.401505
v 482.149200 690.921570 187.626404
v 472.675415 738.549927 187.626404
v 487.600800 716.762329 174.473297
v 490.145905 690.921570 174.473297
v 472.675507 738.549927 184.401505
v 461.174103 760.067078 187.626404
v 491.717194 690.921570 174.473297
v 491.717194 717.581177 174.473297
v 491.717194 721.148193 173.854202
v 480.063385 741.610107 174.473297
v 484.902191 743.614380 174.473297
v 461.174194 760.067078 184.401505
v 445.696198 778.927185 187.626404
v 467.823090 764.509888 174.473297
v 472.178009 767.419678 174.473297
v 445.696198 778.927185 184.401505
v 426.835907 794.405273 187.626404
v 451.350494 784.581787 174.473404
v 455.053986 788.285217 174.473404
v 426.835999 794.405273 184.401505
v 405.318787 805.906494 187.626404
v 431.278809 801.054321 174.473404
v 434.188599 805.408997 174.473404
v 405.318787 805.906494 184.401505
v 393.204803 809.581177 187.626404
v 393.204895 809.581177 184.401505
v 408.378998 813.294373 174.473404
v 410.383209 818.133179 174.473404
v 393.204895 817.897522 174.473404
v 393.204895 823.344177 174.473404
v 446.838501 750.488281 187.626404
v 446.838501 750.488281 231.434296
v 433.504608 766.735718 231.434296
v 456.746307 731.951904 187.626404
v 433.504608 766.735718 187.626404
v 456.746490 731.951904 231.434296
v 417.257202 780.069580 231.434296
v 462.847687 711.838623 187.626404
v 417.257202 780.069580 187.626404
v 462.847809 711.838623 231.434296
v 464.907593 690.921570 187.626404
v 464.907715 690.921570 231.434204
v 398.720886 789.977478 231.434296
v 398.720886 789.977478 187.626404
v 393.204803 791.650818 231.434296
v 393.204803 791.650818 187.626404
v 446.838501 750.488281 231.434296
v 472.177887 767.419678 231.434296
v 455.053986 788.285217 231.434296
v 456.746490 731.951904 231.434296
v 433.504608 766.735718 231.434296
v 484.902100 743.614380 231.434296
v 434.188507 805.409119 231.434296
v 417.257202 780.069580 231.434296
v 410.383209 818.133179 231.434296
v 398.720886 789.977478 231.434296
v 393.204803 791.650818 231.434296
v 393.204803 823.344177 231.434402
v 462.847809 711.838623 231.434296
v 491.717194 717.581177 231.434296
v 491.717194 721.148193 231.434296
v 491.717194 690.921570 231.434204
v 464.907715 690.921570 231.434204
v 472.177887 767.419678 231.434296
v 472.178009 767.419678 174.473297
v 455.053986 788.285217 174.473404
v 484.902100 743.614380 231.434296
v 455.053986 788.285217 231.434296
v 484.902191 743.614380 174.473297
v 491.717194 721.148193 231.434296
v 491.717194 721.148193 173.854202
v 434.188599 805.408997 174.473404
v 434.188507 805.409119 231.434296
v 410.383209 818.133179 174.473404
v 410.383209 818.133179 231.434296
v 393.204895 823.344177 174.473404
v 393.204803 823.344177 231.434402
v 305.712189 690.921570 187.626404
v 305.712189 715.112488 187.626404
v 323.562286 711.838623 187.626404
v 321.502106 690.921570 187.626404
v 329.663513 731.951904 187.626404
v 313.734406 738.549927 187.626404
v 339.571411 750.488281 187.626404
v 325.235687 760.067078 187.626404
v 352.905396 766.735718 187.626404
v 340.713593 778.927185 187.626404
v 369.152588 780.069580 187.626404
v 359.573700 794.405273 187.626404
v 387.688904 789.977478 187.626404
v 381.091003 805.906494 187.626404
v 393.204803 791.650818 187.626404
v 393.204803 809.581177 187.626404
v 340.713715 778.927185 184.401505
v 359.573700 794.405273 184.401505
v 359.573700 794.405273 187.626404
v 340.713593 778.927185 187.626404
v 381.091003 805.906494 187.626404
v 325.235687 760.067078 184.401505
v 325.235687 760.067078 187.626404
v 318.586792 764.509888 174.473297
v 313.734406 738.549927 184.401505
v 313.734406 738.549927 187.626404
v 305.712189 716.689026 187.631500
v 305.712311 716.689026 184.401505
v 305.712311 741.296814 174.712097
v 305.712311 743.025513 174.473297
v 305.712311 754.082275 174.473297
v 314.231903 767.419678 174.473297
v 335.059296 784.581787 174.473404
v 331.355804 788.285217 174.473404
v 355.131012 801.054321 174.473404
v 352.221191 805.408997 174.473404
v 381.091095 805.906494 184.401505
v 393.204803 809.581177 187.626404
v 393.204895 809.581177 184.401505
v 378.030792 813.294373 174.473404
v 393.204895 817.897522 174.473404
v 376.026489 818.133179 174.473404
v 393.204895 823.344177 174.473404
v 352.905304 766.735718 231.434296
v 339.571411 750.488281 231.434296
v 339.571411 750.488281 187.626404
v 352.905396 766.735718 187.626404
v 329.663513 731.951904 187.626404
v 369.152588 780.069580 231.434296
v 329.663513 731.951904 231.434296
v 369.152588 780.069580 187.626404
v 323.562286 711.838623 187.626404
v 387.688904 789.977478 231.434296
v 323.562286 711.838623 231.434296
v 321.502106 690.921570 187.626404
v 321.502014 690.921570 231.434204
v 387.688904 789.977478 187.626404
v 393.204803 791.650818 231.434296
v 393.204803 791.650818 187.626404
v 331.355804 788.285217 231.434296
v 314.231903 767.419678 231.434296
v 339.571411 750.488281 231.434296
v 352.905304 766.735718 231.434296
v 352.221191 805.409119 231.434296
v 329.663513 731.951904 231.434296
v 369.152588 780.069580 231.434296
v 376.026489 818.133179 231.434296
v 387.688904 789.977478 231.434296
v 393.204803 791.650818 231.434296
v 393.204803 823.344177 231.434402
v 305.712311 741.296814 231.434296
v 305.712311 754.082275 231.434296
v 305.712311 715.112488 231.434296
v 323.562286 711.838623 231.434296
v 305.712311 690.921570 231.434204
v 321.502014 690.921570 231.434204
v 331.355804 788.285217 174.473404
v 314.231903 767.419678 174.473297
v 314.231903 767.419678 231.434296
v 305.712311 754.082275 231.434296
v 305.712311 754.082275 174.473297
v 331.355804 788.285217 231.434296
v 352.221191 805.408997 174.473404
v 352.221191 805.409119 231.434296
v 376.026489 818.133179 174.473404
v 376.026489 818.133179 231.434296
v 393.204895 823.344177 174.473404
v 393.204803 823.344177 231.434402
v 305.712189 715.112488 187.626404
v 305.712189 716.689026 187.631500
v 313.734406 738.549927 187.626404
v 130.666000 690.921570 187.626404
v 133.057297 715.202271 187.626404
v 149.967407 711.838623 187.626404
v 147.907394 690.921570 187.626404
v 156.068695 731.951904 187.626404
v 140.139603 738.549927 187.626404
v 165.976898 750.488281 187.626404
v 151.641006 760.067078 187.626404
v 179.310394 766.735718 187.626404
v 167.119003 778.927185 187.626404
v 195.557907 780.069580 187.626404
v 185.979202 794.405273 187.626404
v 214.094406 789.977478 187.626404
v 207.496506 805.906494 187.626404
v 219.610199 791.650818 187.626404
v 219.610199 809.581177 187.626404
v 130.666000 690.921570 184.401505
v 133.057404 715.202271 184.401505
v 133.057297 715.202271 187.626404
v 130.666000 690.921570 187.626404
v 140.139603 738.549927 187.626404
v 125.214500 716.762329 174.473297
v 122.669296 690.921570 174.473297
v 140.139694 738.549927 184.401505
v 151.641006 760.067078 187.626404
v 120.998199 690.921570 174.473297
v 120.998199 717.601074 174.473297
v 120.998199 720.818420 173.854202
v 132.751999 741.610107 174.473297
v 127.913300 743.614380 174.473297
v 151.641098 760.067078 184.401505
v 167.119003 778.927185 187.626404
v 144.991898 764.509888 174.473297
v 140.637299 767.419678 174.473297
v 167.119003 778.927185 184.401505
v 185.979202 794.405273 187.626404
v 161.464493 784.581787 174.473404
v 157.761200 788.285217 174.473404
v 185.979202 794.405273 184.401505
v 207.496506 805.906494 187.626404
v 181.536301 801.054321 174.473404
v 178.626801 805.408997 174.473404
v 207.496506 805.906494 184.401505
v 219.610199 809.581177 187.626404
v 219.610199 809.581177 184.401505
v 204.436203 813.294373 174.473404
v 219.610199 817.897522 174.473404
v 202.432007 818.133179 174.473404
v 219.610199 823.344177 174.473404
v 179.310501 766.735718 231.434296
v 165.976898 750.488281 231.434296
v 165.976898 750.488281 187.626404
v 179.310394 766.735718 187.626404
v 156.068695 731.951904 187.626404
v 195.557907 780.069580 231.434296
v 156.068695 731.951904 231.434296
v 195.557907 780.069580 187.626404
v 149.967407 711.838623 187.626404
v 214.094406 789.977478 231.434296
v 149.967499 711.838623 231.434296
v 147.907394 690.921570 187.626404
v 147.907394 690.921570 231.434204
v 214.094406 789.977478 187.626404
v 219.610199 791.650818 231.434296
v 219.610199 791.650818 187.626404
v 157.761200 788.285217 231.434296
v 140.637299 767.419678 231.434296
v 165.976898 750.488281 231.434296
v 179.310501 766.735718 231.434296
v 156.068695 731.951904 231.434296
v 178.626801 805.409119 231.434296
v 127.913200 743.614380 231.434296
v 195.557907 780.069580 231.434296
v 202.432007 818.133179 231.434296
v 214.094406 789.977478 231.434296
v 219.610199 791.650818 231.434296
v 219.610199 823.344177 231.434296
v 149.967499 711.838623 231.434296
v 120.998199 717.601074 231.434296
v 120.998199 720.818420 231.434296
v 120.998199 690.921570 231.434204
v 147.907394 690.921570 231.434204
v 157.761200 788.285217 174.473404
v 140.637299 767.419678 174.473297
v 140.637299 767.419678 231.434296
v 157.761200 788.285217 231.434296
v 127.913200 743.614380 231.434296
v 178.626801 805.408997 174.473404
v 127.913300 743.614380 174.473297
v 120.998199 720.818420 231.434296
v 120.998199 720.818420 173.854202
v 178.626801 805.409119 231.434296
v 202.432007 818.133179 174.473404
v 202.432007 818.133179 231.434296
v 219.610199 823.344177 174.473404
v 219.610199 823.344177 231.434296
v 289.253113 711.838623 187.626404
v 305.712189 715.112488 187.626404
v 305.712189 690.921570 187.626404
v 291.312988 690.921570 187.626404
v 283.151886 731.951904 187.626404
v 299.080902 738.549927 187.626404
v 273.243713 750.488281 187.626404
v 287.579498 760.067078 187.626404
v 259.910004 766.735718 187.626404
v 272.101501 778.927185 187.626404
v 243.662506 780.069580 187.626404
v 253.241394 794.405273 187.626404
v 225.126099 789.977478 187.626404
v 231.724106 805.906494 187.626404
v 219.610199 791.650818 187.626404
v 219.610199 809.581177 187.626404
v 253.241394 794.405273 187.626404
v 253.241394 794.405273 184.401505
v 272.101593 778.927185 184.401505
v 231.724106 805.906494 187.626404
v 272.101501 778.927185 187.626404
v 231.724106 805.906494 184.401505
v 219.610199 809.581177 187.626404
v 219.610199 809.581177 184.401505
v 287.579498 760.067078 184.401505
v 287.579498 760.067078 187.626404
v 294.228607 764.509888 174.473297
v 234.784393 813.294373 174.473404
v 219.610199 817.897522 174.473404
v 236.788498 818.133179 174.473404
v 219.610199 823.344177 174.473404
v 260.593811 805.408997 174.473404
v 257.684204 801.054321 174.473404
v 281.459290 788.285217 174.473404
v 277.756012 784.581787 174.473404
v 298.583313 767.419678 174.473297
v 305.712311 754.082275 174.473297
v 305.712311 743.025513 174.473297
v 305.712311 741.296814 174.712097
v 299.080902 738.549927 184.401505
v 305.712311 716.689026 184.401505
v 299.080902 738.549927 187.626404
v 305.712189 716.689026 187.631500
v 273.243713 750.488281 187.626404
v 273.243713 750.488281 231.434296
v 259.910095 766.735718 231.434296
v 283.151886 731.951904 187.626404
v 259.910004 766.735718 187.626404
v 283.151886 731.951904 231.434296
v 243.662598 780.069580 231.434296
v 289.253113 711.838623 187.626404
v 243.662506 780.069580 187.626404
v 289.253113 711.838623 231.434296
v 291.312988 690.921570 187.626404
v 291.313110 690.921570 231.434204
v 225.126099 789.977478 231.434296
v 225.126099 789.977478 187.626404
v 219.610199 791.650818 231.434296
v 219.610199 791.650818 187.626404
v 273.243713 750.488281 231.434296
v 298.583191 767.419678 231.434296
v 281.459198 788.285217 231.434296
v 259.910095 766.735718 231.434296
v 260.593811 805.409119 231.434296
v 283.151886 731.951904 231.434296
v 243.662598 780.069580 231.434296
v 236.788498 818.133179 231.434296
v 225.126099 789.977478 231.434296
v 219.610199 791.650818 231.434296
v 219.610199 823.344177 231.434296
v 305.712311 741.296814 231.434296
v 305.712311 754.082275 231.434296
v 305.712311 715.112488 231.434296
v 289.253113 711.838623 231.434296
v 305.712311 690.921570 231.434204
v 291.313110 690.921570 231.434204
v 298.583191 767.419678 231.434296
v 298.583313 767.419678 174.473297
v 281.459290 788.285217 174.473404
v 305.712311 754.082275 231.434296
v 305.712311 754.082275 174.473297
v 281.459198 788.285217 231.434296
v 260.593811 805.408997 174.473404
v 260.593811 805.409119 231.434296
v 236.788498 818.133179 174.473404
v 236.788498 818.133179 231.434296
v 219.610199 823.344177 174.473404
v 219.610199 823.344177 231.434296
v 299.080902 738.549927 187.626404
v 305.712189 716.689026 187.631500
v 305.712189 715.112488 187.626404
v 92.028503 711.838623 187.626404
v 108.938599 715.202271 187.626404
v 111.330299 690.921570 187.626404
v 94.088600 690.921570 187.626404
v 85.927101 731.951904 187.626404
v 101.856201 738.549927 187.626404
v 76.019402 750.488281 187.626404
v 90.355202 760.067078 187.626404
v 62.685398 766.735718 187.626404
v 74.876999 778.927185 187.626404
v 46.438099 780.069580 187.626404
v 56.017101 794.405273 187.626404
v 27.901600 789.977478 187.626404
v 34.499802 805.906494 187.626404
v 22.385700 791.650818 187.626404
v 22.385700 809.581177 187.626404
v 108.938599 715.202271 187.626404
v 108.938698 715.202271 184.401505
v 111.330299 690.921570 184.401505
v 111.330299 690.921570 187.626404
v 101.856201 738.549927 187.626404
v 116.781700 716.762329 174.473297
v 119.326797 690.921570 174.473297
v 101.856300 738.549927 184.401505
v 90.355202 760.067078 187.626404
v 120.998199 690.921570 174.473297
v 120.998199 717.601074 174.473297
v 120.998199 720.818420 173.854202
v 109.244400 741.610107 174.473297
v 114.083099 743.614380 174.473297
v 90.355202 760.067078 184.401505
v 74.876999 778.927185 187.626404
v 97.004097 764.509888 174.473297
v 101.358902 767.419678 174.473297
v 74.877098 778.927185 184.401505
v 56.017101 794.405273 187.626404
v 80.531601 784.581787 174.473404
v 84.235001 788.285217 174.473404
v 56.017200 794.405273 184.401505
v 34.499802 805.906494 187.626404
v 60.459702 801.054321 174.473404
v 63.369701 805.408997 174.473404
v 34.499802 805.906494 184.401505
v 22.385700 809.581177 187.626404
v 22.385900 809.581177 184.401505
v 37.559898 813.294373 174.473404
v 39.564201 818.133179 174.473404
v 22.385900 817.897522 174.473404
v 22.385900 823.344177 174.473404
v 76.019402 750.488281 187.626404
v 76.019302 750.488281 231.434296
v 62.685398 766.735718 231.434296
v 85.927101 731.951904 187.626404
v 62.685398 766.735718 187.626404
v 85.927200 731.951904 231.434296
v 46.438202 780.069580 231.434296
v 92.028503 711.838623 187.626404
v 46.438099 780.069580 187.626404
v 92.028503 711.838623 231.434296
v 94.088600 690.921570 187.626404
v 94.088699 690.921570 231.434204
v 27.901699 789.977478 231.434296
v 27.901600 789.977478 187.626404
v 22.385799 791.650818 231.434296
v 22.385700 791.650818 187.626404
v 76.019302 750.488281 231.434296
v 101.358803 767.419678 231.434296
v 84.235001 788.285217 231.434296
v 85.927200 731.951904 231.434296
v 62.685398 766.735718 231.434296
v 114.083000 743.614380 231.434296
v 63.369598 805.409119 231.434296
v 46.438202 780.069580 231.434296
v 39.564098 818.133179 231.434296
v 27.901699 789.977478 231.434296
v 22.385799 791.650818 231.434296
v 22.385799 823.344177 231.434296
v 92.028503 711.838623 231.434296
v 120.998199 717.601074 231.434296
v 120.998199 720.818420 231.434296
v 120.998199 690.921570 231.434204
v 94.088699 690.921570 231.434204
v 101.358803 767.419678 231.434296
v 101.358902 767.419678 174.473297
v 84.235001 788.285217 174.473404
v 114.083000 743.614380 231.434296
v 84.235001 788.285217 231.434296
v 114.083099 743.614380 174.473297
v 120.998199 720.818420 231.434296
v 120.998199 720.818420 173.854202
v 63.369701 805.408997 174.473404
v 63.369598 805.409119 231.434296
v 39.564201 818.133179 174.473404
v 39.564098 818.133179 231.434296
v 22.385900 823.344177 174.473404
v 22.385799 823.344177 231.434296
v -63.539700 690.921570 187.626404
v -63.539700 715.077515 187.626404
v -47.257000 711.838623 187.626404
v -49.317101 690.921570 187.626404
v -41.155602 731.951904 187.626404
v -57.084702 738.549927 187.626404
v -31.247801 750.488281 187.626404
v -45.583599 760.067078 187.626404
v -17.913900 766.735718 187.626404
v -30.105499 778.927185 187.626404
v -1.666600 780.069580 187.626404
v -11.245400 794.405273 187.626404
v 16.869900 789.977478 187.626404
v 10.271900 805.906494 187.626404
v 22.385700 791.650818 187.626404
v 22.385700 809.581177 187.626404
v -30.105400 778.927185 184.401505
v -11.245400 794.405273 184.401505
v -11.245400 794.405273 187.626404
v -30.105499 778.927185 187.626404
v 10.271900 805.906494 187.626404
v -45.583401 760.067078 184.401505
v -45.583599 760.067078 187.626404
v -52.232399 764.509888 174.473297
v -57.084599 738.549927 184.401505
v -57.084702 738.549927 187.626404
v -63.539600 741.223572 174.912094
v -63.539600 717.270508 184.401505
v -63.539700 717.270508 187.773300
v -63.539600 743.355530 174.473297
v -63.539600 754.412415 174.473297
v -56.587002 767.419678 174.473297
v -35.759899 784.581787 174.473404
v -39.463299 788.285217 174.473404
v -15.688100 801.054321 174.473404
v -18.597799 805.408997 174.473404
v 10.271900 805.906494 184.401505
v 22.385700 809.581177 187.626404
v 22.385900 809.581177 184.401505
v 7.211800 813.294373 174.473404
v 22.385900 817.897522 174.473404
v 5.207500 818.133179 174.473404
v 22.385900 823.344177 174.473404
v -17.913900 766.735718 231.434296
v -31.247700 750.488281 231.434296
v -31.247801 750.488281 187.626404
v -17.913900 766.735718 187.626404
v -41.155602 731.951904 187.626404
v -1.666600 780.069580 231.434296
v -41.155602 731.951904 231.434296
v -1.666600 780.069580 187.626404
v -47.257000 711.838623 187.626404
v 16.869900 789.977478 231.434296
v -47.257000 711.838623 231.434296
v -49.317101 690.921570 187.626404
v -49.317101 690.921570 231.434204
v 16.869900 789.977478 187.626404
v 22.385799 791.650818 231.434296
v 22.385700 791.650818 187.626404
v -39.463299 788.285217 231.434296
v -56.587200 767.419678 231.434296
v -31.247700 750.488281 231.434296
v -17.913900 766.735718 231.434296
v -18.597900 805.409119 231.434296
v -41.155602 731.951904 231.434296
v -1.666600 780.069580 231.434296
v 5.207500 818.133179 231.434296
v 16.869900 789.977478 231.434296
v 22.385799 791.650818 231.434296
v 22.385799 823.344177 231.434296
v -63.539700 741.223572 231.434296
v -63.539700 754.412415 231.434296
v -63.539700 715.077515 231.434296
v -47.257000 711.838623 231.434296
v -63.539700 690.921570 231.434204
v -49.317101 690.921570 231.434204
v -39.463299 788.285217 174.473404
v -56.587002 767.419678 174.473297
v -56.587200 767.419678 231.434296
v -63.539700 754.412415 231.434296
v -63.539600 754.412415 174.473297
v -39.463299 788.285217 231.434296
v -18.597799 805.408997 174.473404
v -18.597900 805.409119 231.434296
v 5.207500 818.133179 174.473404
v 5.207500 818.133179 231.434296
v 22.385900 823.344177 174.473404
v 22.385799 823.344177 231.434296
v -63.539700 715.077515 187.626404
v -63.539700 717.270508 187.773300
v -57.084702 738.549927 187.626404
v 501.285095 690.921570 187.626404
v 503.676514 715.202271 187.626404
v 520.586670 711.838623 187.626404
v 518.526611 690.921570 187.626404
v 526.687927 731.951904 187.626404
v 510.758911 738.549927 187.626404
v 536.595703 750.488281 187.626404
v 522.260010 760.067078 187.626404
v 549.929688 766.735718 187.626404
v 537.737976 778.927185 187.626404
v 566.177002 780.069580 187.626404
v 556.598328 794.405273 187.626404
v 584.713379 789.977478 187.626404
v 578.115417 805.906494 187.626404
v 590.229370 791.650818 187.626404
v 590.229370 809.581177 187.626404
v 501.285095 690.921570 184.401505
v 503.676605 715.202271 184.401505
v 503.676514 715.202271 187.626404
v 501.285095 690.921570 187.626404
v 510.758911 738.549927 187.626404
v 495.833496 716.762329 174.473297
v 493.288513 690.921570 174.473297
v 510.759003 738.549927 184.401505
v 522.260010 760.067078 187.626404
v 491.717194 690.921570 174.473297
v 491.717194 717.581177 174.473297
v 491.717194 721.148193 173.854202
v 503.370911 741.610107 174.473297
v 498.532196 743.614380 174.473297
v 522.260010 760.067078 184.401505
v 537.737976 778.927185 187.626404
v 515.611206 764.509888 174.473297
v 511.256409 767.419678 174.473297
v 537.737976 778.927185 184.401505
v 556.598328 794.405273 187.626404
v 532.083923 784.581787 174.473404
v 528.380310 788.285217 174.473404
v 556.598328 794.405273 184.401505
v 578.115417 805.906494 187.626404
v 552.155579 801.054321 174.473404
v 549.245728 805.408997 174.473404
v 578.115479 805.906494 184.401505
v 590.229370 809.581177 187.626404
v 590.229492 809.581177 184.401505
v 575.055420 813.294373 174.473404
v 590.229492 817.897522 174.473404
v 573.051086 818.133179 174.473404
v 590.229492 823.344177 174.473404
v 549.929688 766.735718 231.434296
v 536.595825 750.488281 231.434296
v 536.595703 750.488281 187.626404
v 549.929688 766.735718 187.626404
v 526.687927 731.951904 187.626404
v 566.177002 780.069580 231.434296
v 526.687988 731.951904 231.434296
v 566.177002 780.069580 187.626404
v 520.586670 711.838623 187.626404
v 584.713379 789.977478 231.434296
v 520.586670 711.838623 231.434296
v 518.526611 690.921570 187.626404
v 518.526611 690.921570 231.434204
v 584.713379 789.977478 187.626404
v 590.229492 791.650818 231.434296
v 590.229370 791.650818 187.626404
v 528.380310 788.285217 231.434296
v 511.256409 767.419678 231.434296
v 536.595825 750.488281 231.434296
v 549.929688 766.735718 231.434296
v 526.687988 731.951904 231.434296
v 549.245728 805.409119 231.434296
v 498.532196 743.614380 231.434296
v 566.177002 780.069580 231.434296
v 573.051086 818.133179 231.434296
v 584.713379 789.977478 231.434296
v 590.229492 791.650818 231.434296
v 590.229492 823.344177 231.434402
v 520.586670 711.838623 231.434296
v 491.717194 717.581177 231.434296
v 491.717194 721.148193 231.434296
v 491.717194 690.921570 231.434204
v 518.526611 690.921570 231.434204
v 528.380310 788.285217 174.473404
v 511.256409 767.419678 174.473297
v 511.256409 767.419678 231.434296
v 528.380310 788.285217 231.434296
v 498.532196 743.614380 231.434296
v 549.245728 805.408997 174.473404
v 498.532196 743.614380 174.473297
v 491.717194 721.148193 231.434296
v 491.717194 721.148193 173.854202
v 549.245728 805.409119 231.434296
v 573.051086 818.133179 174.473404
v 573.051086 818.133179 231.434296
v 590.229492 823.344177 174.473404
v 590.229492 823.344177 231.434402
v 659.872009 711.838623 187.626404
v 677.078430 714.994507 187.626404
v 677.078430 690.921570 187.626404
v 661.932312 690.921570 187.626404
v 653.770813 731.951904 187.626404
v 669.699890 738.549927 187.626404
v 677.078430 718.442993 187.747299
v 643.862793 750.488281 187.626404
v 658.198730 760.067078 187.626404
v 630.528870 766.735718 187.626404
v 642.720703 778.927185 187.626404
v 614.281616 780.069580 187.626404
v 623.860596 794.405273 187.626404
v 595.745178 789.977478 187.626404
v 602.343323 805.906494 187.626404
v 590.229370 791.650818 187.626404
v 590.229370 809.581177 187.626404
v 623.860596 794.405273 187.626404
v 623.860596 794.405273 184.401505
v 642.720825 778.927185 184.401505
v 602.343323 805.906494 187.626404
v 642.720703 778.927185 187.626404
v 602.343323 805.906494 184.401505
v 590.229370 809.581177 187.626404
v 590.229492 809.581177 184.401505
v 658.198730 760.067078 184.401505
v 658.198730 760.067078 187.626404
v 664.847595 764.509888 174.473297
v 605.403625 813.294373 174.473404
v 590.229492 817.897522 174.473404
v 607.407776 818.133179 174.473404
v 590.229492 823.344177 174.473404
v 631.213013 805.408997 174.473404
v 628.303284 801.054321 174.473404
v 652.078491 788.285217 174.473404
v 648.375183 784.581787 174.473404
v 669.202576 767.419678 174.473297
v 677.078430 755.090027 174.473297
v 677.078430 744.099609 174.473297
v 677.078430 741.076294 175.315399
v 669.700012 738.549927 184.401505
v 677.078430 718.442993 184.401505
v 669.699890 738.549927 187.626404
v 677.078430 718.442993 187.747299
v 643.862793 750.488281 187.626404
v 643.862793 750.488281 231.434296
v 630.528870 766.735718 231.434296
v 653.770813 731.951904 187.626404
v 630.528870 766.735718 187.626404
v 653.770813 731.951904 231.434296
v 614.281616 780.069580 231.434296
v 659.872009 711.838623 187.626404
v 614.281616 780.069580 187.626404
v 659.872070 711.838623 231.434296
v 661.932312 690.921570 187.626404
v 661.932373 690.921570 231.434204
v 595.745422 789.977478 231.434296
v 595.745178 789.977478 187.626404
v 590.229492 791.650818 231.434296
v 590.229370 791.650818 187.626404
v 643.862793 750.488281 231.434296
v 669.202515 767.419678 231.434296
v 652.078491 788.285217 231.434296
v 630.528870 766.735718 231.434296
v 631.213013 805.409119 231.434296
v 653.770813 731.951904 231.434296
v 614.281616 780.069580 231.434296
v 607.407776 818.133179 231.434296
v 595.745422 789.977478 231.434296
v 590.229492 791.650818 231.434296
v 590.229492 823.344177 231.434402
v 677.078430 741.045715 231.434296
v 677.078430 755.090027 231.434296
v 677.078430 714.994507 231.434296
v 659.872070 711.838623 231.434296
v 677.078430 690.921570 231.434204
v 661.932373 690.921570 231.434204
v 669.202515 767.419678 231.434296
v 669.202576 767.419678 174.473297
v 652.078491 788.285217 174.473404
v 677.078430 755.090027 231.434296
v 677.078430 755.090027 174.473297
v 652.078491 788.285217 231.434296
v 631.213013 805.408997 174.473404
v 631.213013 805.409119 231.434296
v 607.407776 818.133179 174.473404
v 607.407776 818.133179 231.434296
v 590.229492 823.344177 174.473404
v 590.229492 823.344177 231.434402
v -609.228821 690.921570 187.626404
v -606.837219 715.202271 187.626404
v -589.927185 711.838623 187.626404
v -591.987122 690.921570 187.626404
v -583.825928 731.951904 187.626404
v -599.754883 738.549927 187.626404
v -573.918030 750.488281 187.626404
v -588.253418 760.067078 187.626404
v -560.583984 766.735718 187.626404
v -572.775574 778.927185 187.626404
v -544.336670 780.069580 187.626404
v -553.915527 794.405273 187.626404
v -525.800476 789.977478 187.626404
v -532.397888 805.906494 187.626404
v -520.284180 791.650818 187.626404
v -520.284180 809.581177 187.626404
v -609.228516 690.921570 184.401505
v -606.836914 715.202271 184.401505
v -606.837219 715.202271 187.626404
v -609.228821 690.921570 187.626404
v -599.754883 738.549927 187.626404
v -614.679810 716.762329 174.473297
v -617.224976 690.921570 174.473297
v -599.754578 738.549927 184.401505
v -588.253418 760.067078 187.626404
v -618.796509 690.921570 174.473297
v -618.796509 717.581177 174.473297
v -618.796570 721.148193 173.854202
v -607.142700 741.610107 174.473297
v -611.981323 743.614380 174.473297
v -588.253418 760.067078 184.401505
v -572.775574 778.927185 187.626404
v -594.902222 764.509888 174.473297
v -599.257202 767.419678 174.473297
v -572.775391 778.927185 184.401505
v -553.915527 794.405273 187.626404
v -578.429810 784.581787 174.473404
v -582.133179 788.285217 174.473404
v -553.915283 794.405273 184.401505
v -532.397888 805.906494 187.626404
v -558.357788 801.054321 174.473404
v -561.267517 805.408997 174.473404
v -532.397888 805.906494 184.401505
v -520.284180 809.581177 187.626404
v -520.283875 809.581177 184.401505
v -535.458008 813.294373 174.473404
v -520.283875 817.897522 174.473404
v -537.462585 818.133179 174.473404
v -520.283875 823.344177 174.473404
v -560.583984 766.735718 231.434296
v -573.918030 750.488281 231.434296
v -573.918030 750.488281 187.626404
v -560.583984 766.735718 187.626404
v -583.825928 731.951904 187.626404
v -544.336670 780.069580 231.434296
v -583.825928 731.951904 231.434296
v -544.336670 780.069580 187.626404
v -589.927185 711.838623 187.626404
v -525.800293 789.977478 231.434296
v -589.927185 711.838623 231.434296
v -591.987122 690.921570 187.626404
v -591.987122 690.921570 231.434204
v -525.800476 789.977478 187.626404
v -520.284180 791.650818 231.434296
v -520.284180 791.650818 187.626404
v -582.133301 788.285217 231.434296
v -599.257324 767.419678 231.434296
v -573.918030 750.488281 231.434296
v -560.583984 766.735718 231.434296
v -583.825928 731.951904 231.434296
v -561.267578 805.409119 231.434296
v -611.981689 743.614380 231.434296
v -544.336670 780.069580 231.434296
v -537.462585 818.133179 231.434296
v -525.800293 789.977478 231.434296
v -520.284180 791.650818 231.434296
v -520.284180 823.344177 231.434402
v -589.927185 711.838623 231.434296
v -618.796570 717.581177 231.434296
v -618.796570 721.148193 231.434296
v -618.796570 690.921570 231.434204
v -591.987122 690.921570 231.434204
v -582.133179 788.285217 174.473404
v -599.257202 767.419678 174.473297
v -599.257324 767.419678 231.434296
v -582.133301 788.285217 231.434296
v -611.981689 743.614380 231.434296
v -561.267517 805.408997 174.473404
v -611.981323 743.614380 174.473297
v -618.796570 721.148193 231.434296
v -618.796570 721.148193 173.854202
v -561.267578 805.409119 231.434296
v -537.462585 818.133179 174.473404
v -537.462585 818.133179 231.434296
v -520.283875 823.344177 174.473404
v -520.284180 823.344177 231.434402
v -450.641388 711.838623 187.626404
v -432.791687 715.112488 187.626404
v -432.791687 690.921570 187.626404
v -448.581299 690.921570 187.626404
v -456.742889 731.951904 187.626404
v -440.813690 738.549927 187.626404
v -466.650604 750.488281 187.626404
v -452.314911 760.067078 187.626404
v -479.984589 766.735718 187.626404
v -467.792999 778.927185 187.626404
v -496.231903 780.069580 187.626404
v -486.653107 794.405273 187.626404
v -514.768311 789.977478 187.626404
v -508.170685 805.906494 187.626404
v -520.284180 791.650818 187.626404
v -520.284180 809.581177 187.626404
v -486.653107 794.405273 187.626404
v -486.652802 794.405273 184.401505
v -467.792694 778.927185 184.401505
v -508.170685 805.906494 187.626404
v -467.792999 778.927185 187.626404
v -508.170410 805.906494 184.401505
v -520.284180 809.581177 187.626404
v -520.283875 809.581177 184.401505
v -452.314911 760.067078 184.401505
v -452.314911 760.067078 187.626404
v -445.665802 764.509888 174.473297
v -505.109894 813.294373 174.473404
v -520.283875 817.897522 174.473404
v -503.105713 818.133179 174.473404
v -520.283875 823.344177 174.473404
v -479.300507 805.408997 174.473404
v -482.210205 801.054321 174.473404
v -458.435089 788.285217 174.473404
v -462.138397 784.581787 174.473404
v -441.311005 767.419678 174.473297
v -432.791687 754.082275 174.473297
v -432.791687 743.025513 174.473297
v -432.791687 741.296814 174.712097
v -440.813690 738.549927 184.401505
v -432.791687 716.689026 184.401505
v -440.813690 738.549927 187.626404
v -432.791687 716.689026 187.621094
v -466.650604 750.488281 187.626404
v -466.650604 750.488281 231.434296
v -479.984406 766.735718 231.434296
v -456.742889 731.951904 187.626404
v -479.984589 766.735718 187.626404
v -456.742889 731.951904 231.434296
v -496.231903 780.069580 231.434296
v -450.641388 711.838623 187.626404
v -496.231903 780.069580 187.626404
v -450.641388 711.838623 231.434296
v -448.581299 690.921570 187.626404
v -448.581512 690.921570 231.434204
v -514.768311 789.977478 231.434296
v -514.768311 789.977478 187.626404
v -520.284180 791.650818 231.434296
v -520.284180 791.650818 187.626404
v -466.650604 750.488281 231.434296
v -441.311005 767.419678 231.434296
v -458.435089 788.285217 231.434296
v -479.984406 766.735718 231.434296
v -479.300812 805.409119 231.434296
v -456.742889 731.951904 231.434296
v -496.231903 780.069580 231.434296
v -503.105713 818.133179 231.434296
v -514.768311 789.977478 231.434296
v -520.284180 791.650818 231.434296
v -520.284180 823.344177 231.434402
v -432.791687 741.296814 231.434296
v -432.791687 754.082275 231.434296
v -432.791687 715.112488 231.434296
v -450.641388 711.838623 231.434296
v -432.791687 690.921570 231.434204
v -448.581512 690.921570 231.434204
v -441.311005 767.419678 231.434296
v -441.311005 767.419678 174.473297
v -458.435089 788.285217 174.473404
v -432.791687 754.082275 231.434296
v -432.791687 754.082275 174.473297
v -458.435089 788.285217 231.434296
v -479.300507 805.408997 174.473404
v -479.300812 805.409119 231.434296
v -503.105713 818.133179 174.473404
v -503.105713 818.133179 231.434296
v -520.283875 823.344177 174.473404
v -520.284180 823.344177 231.434402
v -440.813690 738.549927 187.626404
v -432.791687 716.689026 187.621094
v -432.791687 715.112488 187.626404
v -277.046906 711.838623 187.626404
v -260.136688 715.202271 187.626404
v -257.745209 690.921570 187.626404
v -274.986786 690.921570 187.626404
v -283.148193 731.951904 187.626404
v -267.218994 738.549927 187.626404
v -293.056213 750.488281 187.626404
v -278.720703 760.067078 187.626404
v -306.389893 766.735718 187.626404
v -294.198212 778.927185 187.626404
v -322.637207 780.069580 187.626404
v -313.058289 794.405273 187.626404
v -341.173615 789.977478 187.626404
v -334.575714 805.906494 187.626404
v -346.689514 791.650818 187.626404
v -346.689514 809.581177 187.626404
v -260.136688 715.202271 187.626404
v -260.136688 715.202271 184.401505
v -257.745087 690.921570 184.401505
v -257.745209 690.921570 187.626404
v -267.218994 738.549927 187.626404
v -252.293594 716.762329 174.473297
v -249.748505 690.921570 174.473297
v -267.218994 738.549927 184.401505
v -278.720703 760.067078 187.626404
v -248.077301 690.921570 174.473297
v -248.077301 717.601074 174.473297
v -248.077301 720.818420 173.854202
v -259.830994 741.610107 174.473297
v -254.992401 743.614380 174.473297
v -278.720215 760.067078 184.401505
v -294.198212 778.927185 187.626404
v -272.071289 764.509888 174.473297
v -267.716614 767.419678 174.473297
v -294.198212 778.927185 184.401505
v -313.058289 794.405273 187.626404
v -288.543701 784.581787 174.473404
v -284.840302 788.285217 174.473404
v -313.058289 794.405273 184.401505
v -334.575714 805.906494 187.626404
v -308.615509 801.054321 174.473404
v -305.705811 805.408997 174.473404
v -334.575714 805.906494 184.401505
v -346.689514 809.581177 187.626404
v -346.689514 809.581177 184.401505
v -331.515411 813.294373 174.473404
v -329.510986 818.133179 174.473404
v -346.689514 817.897522 174.473404
v -346.689514 823.344177 174.473404
v -293.056213 750.488281 187.626404
v -293.055908 750.488281 231.434296
v -306.389893 766.735718 231.434296
v -283.148193 731.951904 187.626404
v -306.389893 766.735718 187.626404
v -283.148193 731.951904 231.434296
v -322.637207 780.069580 231.434296
v -277.046906 711.838623 187.626404
v -322.637207 780.069580 187.626404
v -277.046906 711.838623 231.434296
v -274.986786 690.921570 187.626404
v -274.986603 690.921570 231.434204
v -341.173615 789.977478 231.434296
v -341.173615 789.977478 187.626404
v -346.689514 791.650818 231.434296
v -346.689514 791.650818 187.626404
v -293.055908 750.488281 231.434296
v -267.716614 767.419678 231.434296
v -284.840302 788.285217 231.434296
v -283.148193 731.951904 231.434296
v -306.389893 766.735718 231.434296
v -254.992401 743.614380 231.434296
v -305.706085 805.409119 231.434296
v -322.637207 780.069580 231.434296
v -329.511200 818.133179 231.434296
v -341.173615 789.977478 231.434296
v -346.689514 791.650818 231.434296
v -346.689514 823.344177 231.434296
v -277.046906 711.838623 231.434296
v -248.077499 717.601074 231.434296
v -248.077499 720.818420 231.434296
v -248.077499 690.921570 231.434204
v -274.986603 690.921570 231.434204
v -267.716614 767.419678 231.434296
v -267.716614 767.419678 174.473297
v -284.840302 788.285217 174.473404
v -254.992401 743.614380 231.434296
v -284.840302 788.285217 231.434296
v -254.992401 743.614380 174.473297
v -248.077499 720.818420 231.434296
v -248.077301 720.818420 173.854202
v -305.705811 805.408997 174.473404
v -305.706085 805.409119 231.434296
v -329.510986 818.133179 174.473404
v -329.511200 818.133179 231.434296
v -346.689514 823.344177 174.473404
v -346.689514 823.344177 231.434296
v -432.791687 690.921570 187.626404
v -432.791687 715.112488 187.626404
v -416.332489 711.838623 187.626404
v -418.392303 690.921570 187.626404
v -410.230988 731.951904 187.626404
v -426.160187 738.549927 187.626404
v -400.322998 750.488281 187.626404
v -414.658905 760.067078 187.626404
v -386.989502 766.735718 187.626404
v -399.180908 778.927185 187.626404
v -370.741913 780.069580 187.626404
v -380.320801 794.405273 187.626404
v -352.205597 789.977478 187.626404
v -358.803497 805.906494 187.626404
v -346.689514 791.650818 187.626404
v -346.689514 809.581177 187.626404
v -399.180695 778.927185 184.401505
v -380.320587 794.405273 184.401505
v -380.320801 794.405273 187.626404
v -399.180908 778.927185 187.626404
v -358.803497 805.906494 187.626404
v -414.658905 760.067078 184.401505
v -414.658905 760.067078 187.626404
v -421.307892 764.509888 174.473297
v -426.159912 738.549927 184.401505
v -426.160187 738.549927 187.626404
v -432.791687 716.689026 187.621094
v -432.791687 716.689026 184.401505
v -432.791687 741.296814 174.712097
v -432.791687 743.025513 174.473297
v -432.791687 754.082275 174.473297
v -425.662415 767.419678 174.473297
v -404.835205 784.581787 174.473404
v -408.538605 788.285217 174.473404
v -384.763214 801.054321 174.473404
v -387.673309 805.408997 174.473404
v -358.803497 805.906494 184.401505
v -346.689514 809.581177 187.626404
v -346.689514 809.581177 184.401505
v -361.863495 813.294373 174.473404
v -346.689514 817.897522 174.473404
v -363.867706 818.133179 174.473404
v -346.689514 823.344177 174.473404
v -386.989502 766.735718 231.434296
v -400.322998 750.488281 231.434296
v -400.322998 750.488281 187.626404
v -386.989502 766.735718 187.626404
v -410.230988 731.951904 187.626404
v -370.741699 780.069580 231.434296
v -410.230988 731.951904 231.434296
v -370.741913 780.069580 187.626404
v -416.332489 711.838623 187.626404
v -352.205597 789.977478 231.434296
v -416.332489 711.838623 231.434296
v -418.392303 690.921570 187.626404
v -418.392303 690.921570 231.434204
v -352.205597 789.977478 187.626404
v -346.689514 791.650818 231.434296
v -346.689514 791.650818 187.626404
v -408.538605 788.285217 231.434296
v -425.662811 767.419678 231.434296
v -400.322998 750.488281 231.434296
v -386.989502 766.735718 231.434296
v -387.673309 805.409119 231.434296
v -410.230988 731.951904 231.434296
v -370.741699 780.069580 231.434296
v -363.867889 818.133179 231.434296
v -352.205597 789.977478 231.434296
v -346.689514 791.650818 231.434296
v -346.689514 823.344177 231.434296
v -432.791687 741.296814 231.434296
v -432.791687 754.082275 231.434296
v -432.791687 715.112488 231.434296
v -416.332489 711.838623 231.434296
v -432.791687 690.921570 231.434204
v -418.392303 690.921570 231.434204
v -408.538605 788.285217 174.473404
v -425.662415 767.419678 174.473297
v -425.662811 767.419678 231.434296
v -432.791687 754.082275 231.434296
v -432.791687 754.082275 174.473297
v -408.538605 788.285217 231.434296
v -387.673309 805.408997 174.473404
v -387.673309 805.409119 231.434296
v -363.867706 818.133179 174.473404
v -363.867889 818.133179 231.434296
v -346.689514 823.344177 174.473404
v -346.689514 823.344177 231.434296
v -432.791687 715.112488 187.626404
v -432.791687 716.689026 187.621094
v -426.160187 738.549927 187.626404
v -238.409500 690.921570 187.626404
v -236.018204 715.202271 187.626404
v -219.107803 711.838623 187.626404
v -221.167999 690.921570 187.626404
v -213.006699 731.951904 187.626404
v -228.935699 738.549927 187.626404
v -203.098694 750.488281 187.626404
v -217.434494 760.067078 187.626404
v -189.764801 766.735718 187.626404
v -201.956497 778.927185 187.626404
v -173.517502 780.069580 187.626404
v -183.096405 794.405273 187.626404
v -154.980896 789.977478 187.626404
v -161.578995 805.906494 187.626404
v -149.465195 791.650818 187.626404
v -149.465195 809.581177 187.626404
v -238.409393 690.921570 184.401505
v -236.018097 715.202271 184.401505
v -236.018204 715.202271 187.626404
v -238.409500 690.921570 187.626404
v -228.935699 738.549927 187.626404
v -243.860901 716.762329 174.473297
v -246.406204 690.921570 174.473297
v -228.935699 738.549927 184.401505
v -217.434494 760.067078 187.626404
v -248.077301 690.921570 174.473297
v -248.077301 717.601074 174.473297
v -248.077301 720.818420 173.854202
v -236.323395 741.610107 174.473297
v -241.162201 743.614380 174.473297
v -217.434402 760.067078 184.401505
v -201.956497 778.927185 187.626404
v -224.083298 764.509888 174.473297
v -228.438004 767.419678 174.473297
v -201.956406 778.927185 184.401505
v -183.096405 794.405273 187.626404
v -207.610901 784.581787 174.473404
v -211.314102 788.285217 174.473404
v -183.096298 794.405273 184.401505
v -161.578995 805.906494 187.626404
v -187.539093 801.054321 174.473404
v -190.448807 805.408997 174.473404
v -161.578903 805.906494 184.401505
v -149.465195 809.581177 187.626404
v -149.465103 809.581177 184.401505
v -164.639206 813.294373 174.473404
v -149.465103 817.897522 174.473404
v -166.643402 818.133179 174.473404
v -149.465103 823.344177 174.473404
v -189.764801 766.735718 231.434296
v -203.098602 750.488281 231.434296
v -203.098694 750.488281 187.626404
v -189.764801 766.735718 187.626404
v -213.006699 731.951904 187.626404
v -173.517502 780.069580 231.434296
v -213.006805 731.951904 231.434296
v -173.517502 780.069580 187.626404
v -219.107803 711.838623 187.626404
v -154.980896 789.977478 231.434296
v -219.107803 711.838623 231.434296
v -221.167999 690.921570 187.626404
v -221.167999 690.921570 231.434204
v -154.980896 789.977478 187.626404
v -149.465195 791.650818 231.434296
v -149.465195 791.650818 187.626404
v -211.314102 788.285217 231.434296
v -228.438004 767.419678 231.434296
v -203.098602 750.488281 231.434296
v -189.764801 766.735718 231.434296
v -213.006805 731.951904 231.434296
v -190.448898 805.409119 231.434296
v -241.162201 743.614380 231.434296
v -173.517502 780.069580 231.434296
v -166.643402 818.133179 231.434296
v -154.980896 789.977478 231.434296
v -149.465195 791.650818 231.434296
v -149.465195 823.344177 231.434296
v -219.107803 711.838623 231.434296
v -248.077499 717.601074 231.434296
v -248.077499 720.818420 231.434296
v -248.077499 690.921570 231.434204
v -221.167999 690.921570 231.434204
v -211.314102 788.285217 174.473404
v -228.438004 767.419678 174.473297
v -228.438004 767.419678 231.434296
v -211.314102 788.285217 231.434296
v -241.162201 743.614380 231.434296
v -190.448807 805.408997 174.473404
v -241.162201 743.614380 174.473297
v -248.077499 720.818420 231.434296
v -248.077301 720.818420 173.854202
v -190.448898 805.409119 231.434296
v -166.643402 818.133179 174.473404
v -166.643402 818.133179 231.434296
v -149.465103 823.344177 174.473404
v -149.465195 823.344177 231.434296
v -79.822403 711.838623 187.626404
v -63.539700 715.077515 187.626404
v -63.539700 690.921570 187.626404
v -77.762299 690.921570 187.626404
v -85.923798 731.951904 187.626404
v -69.994698 738.549927 187.626404
v -95.831497 750.488281 187.626404
v -81.495903 760.067078 187.626404
v -109.165497 766.735718 187.626404
v -96.973999 778.927185 187.626404
v -125.412804 780.069580 187.626404
v -115.834000 794.405273 187.626404
v -143.949295 789.977478 187.626404
v -137.351105 805.906494 187.626404
v -149.465195 791.650818 187.626404
v -149.465195 809.581177 187.626404
v -115.834000 794.405273 187.626404
v -115.833900 794.405273 184.401505
v -96.973900 778.927185 184.401505
v -137.351105 805.906494 187.626404
v -96.973999 778.927185 187.626404
v -137.350998 805.906494 184.401505
v -149.465195 809.581177 187.626404
v -149.465103 809.581177 184.401505
v -81.495796 760.067078 184.401505
v -81.495903 760.067078 187.626404
v -74.846802 764.509888 174.473297
v -69.994598 738.549927 184.401505
v -69.994698 738.549927 187.626404
v -63.539600 741.223572 174.912094
v -63.539600 717.270508 184.401505
v -63.539700 717.270508 187.773300
v -63.539600 743.355530 174.473297
v -63.539600 754.412415 174.473297
v -70.492104 767.419678 174.473297
v -91.319298 784.581787 174.473404
v -87.615997 788.285217 174.473404
v -111.391098 801.054321 174.473404
v -108.481400 805.408997 174.473404
v -134.291000 813.294373 174.473404
v -132.286697 818.133179 174.473404
v -149.465103 817.897522 174.473404
v -149.465103 823.344177 174.473404
v -95.831497 750.488281 187.626404
v -95.831497 750.488281 231.434296
v -109.165497 766.735718 231.434296
v -85.923798 731.951904 187.626404
v -109.165497 766.735718 187.626404
v -85.923798 731.951904 231.434296
v -125.412804 780.069580 231.434296
v -79.822403 711.838623 187.626404
v -125.412804 780.069580 187.626404
v -79.822502 711.838623 231.434296
v -77.762299 690.921570 187.626404
v -77.762299 690.921570 231.434204
v -143.949295 789.977478 231.434296
v -143.949295 789.977478 187.626404
v -149.465195 791.650818 231.434296
v -149.465195 791.650818 187.626404
v -95.831497 750.488281 231.434296
v -70.492203 767.419678 231.434296
v -87.615997 788.285217 231.434296
v -109.165497 766.735718 231.434296
v -108.481400 805.409119 231.434296
v -85.923798 731.951904 231.434296
v -125.412804 780.069580 231.434296
v -132.286896 818.133179 231.434296
v -143.949295 789.977478 231.434296
v -149.465195 791.650818 231.434296
v -149.465195 823.344177 231.434296
v -63.539700 741.223572 231.434296
v -63.539700 754.412415 231.434296
v -63.539700 715.077515 231.434296
v -79.822502 711.838623 231.434296
v -63.539700 690.921570 231.434204
v -77.762299 690.921570 231.434204
v -70.492203 767.419678 231.434296
v -70.492104 767.419678 174.473297
v -87.615997 788.285217 174.473404
v -63.539700 754.412415 231.434296
v -63.539600 754.412415 174.473297
v -87.615997 788.285217 231.434296
v -108.481400 805.408997 174.473404
v -108.481400 805.409119 231.434296
v -132.286697 818.133179 174.473404
v -132.286896 818.133179 231.434296
v -149.465103 823.344177 174.473404
v -149.465195 823.344177 231.434296
v -69.994698 738.549927 187.626404
v -63.539700 717.270508 187.773300
v -63.539700 715.077515 187.626404
v -647.666016 711.838623 187.626404
v -630.756104 715.202271 187.626404
v -628.364502 690.921570 187.626404
v -645.606201 690.921570 187.626404
v -653.767273 731.951904 187.626404
v -637.838379 738.549927 187.626404
v -663.675293 750.488281 187.626404
v -649.339417 760.067078 187.626404
v -677.008972 766.735718 187.626404
v -664.817627 778.927185 187.626404
v -693.256592 780.069580 187.626404
v -683.677673 794.405273 187.626404
v -711.793030 789.977478 187.626404
v -705.194824 805.906494 187.626404
v -717.308777 791.650818 187.626404
v -717.308777 809.581177 187.626404
v -630.756104 715.202271 187.626404
v -630.755920 715.202271 184.401505
v -628.364502 690.921570 184.401505
v -628.364502 690.921570 187.626404
v -637.838379 738.549927 187.626404
v -622.912476 716.762329 174.473297
v -620.367615 690.921570 174.473297
v -637.838379 738.549927 184.401505
v -649.339417 760.067078 187.626404
v -618.796509 690.921570 174.473297
v -618.796509 717.581177 174.473297
v -618.796570 721.148193 173.854202
v -630.450073 741.610107 174.473297
v -625.611206 743.614380 174.473297
v -649.339111 760.067078 184.401505
v -664.817627 778.927185 187.626404
v -642.690125 764.509888 174.473297
v -638.335571 767.419678 174.473297
v -664.817383 778.927185 184.401505
v -683.677673 794.405273 187.626404
v -659.163025 784.581787 174.473404
v -655.459412 788.285217 174.473404
v -683.677673 794.405273 184.401505
v -705.194824 805.906494 187.626404
v -679.234680 801.054321 174.473404
v -676.324829 805.408997 174.473404
v -705.194824 805.906494 184.401505
v -717.308777 809.581177 187.626404
v -717.308594 809.581177 184.401505
v -702.134399 813.294373 174.473404
v -700.130188 818.133179 174.473404
v -717.308472 817.897522 174.473404
v -717.308472 823.344177 174.473404
v -663.675293 750.488281 187.626404
v -663.675293 750.488281 231.434296
v -677.008972 766.735718 231.434296
v -653.767273 731.951904 187.626404
v -677.008972 766.735718 187.626404
v -653.767273 731.951904 231.434296
v -693.256592 780.069580 231.434296
v -647.666016 711.838623 187.626404
v -693.256592 780.069580 187.626404
v -647.666016 711.838623 231.434296
v -645.606201 690.921570 187.626404
v -645.606201 690.921570 231.434204
v -711.793030 789.977478 231.434296
v -711.793030 789.977478 187.626404
v -717.308777 791.650818 231.434296
v -717.308777 791.650818 187.626404
v -663.675293 750.488281 231.434296
v -638.335876 767.419678 231.434296
v -655.459717 788.285217 231.434296
v -653.767273 731.951904 231.434296
v -677.008972 766.735718 231.434296
v -625.611572 743.614380 231.434296
v -676.325012 805.409119 231.434296
v -693.256592 780.069580 231.434296
v -700.130615 818.133179 231.434296
v -711.793030 789.977478 231.434296
v -717.308777 791.650818 231.434296
v -717.308777 823.344177 231.434402
v -647.666016 711.838623 231.434296
v -618.796570 717.581177 231.434296
v -618.796570 721.148193 231.434296
v -618.796570 690.921570 231.434204
v -645.606201 690.921570 231.434204
v -638.335876 767.419678 231.434296
v -638.335571 767.419678 174.473297
v -655.459412 788.285217 174.473404
v -625.611572 743.614380 231.434296
v -655.459717 788.285217 231.434296
v -625.611206 743.614380 174.473297
v -618.796570 721.148193 231.434296
v -618.796570 721.148193 173.854202
v -676.324829 805.408997 174.473404
v -676.325012 805.409119 231.434296
v -700.130188 818.133179 174.473404
v -700.130615 818.133179 231.434296
v -717.308472 823.344177 174.473404
v -717.308777 823.344177 231.434402
v -804.617188 690.921570 187.626404
v -804.617188 715.078674 187.626404
v -786.951416 711.838623 187.626404
v -789.011719 690.921570 187.626404
v -780.850281 731.951904 187.626404
v -796.779297 738.549927 187.626404
v -770.942383 750.488281 187.626404
v -785.278076 760.067078 187.626404
v -757.608398 766.735718 187.626404
v -769.800293 778.927185 187.626404
v -741.361084 780.069580 187.626404
v -750.940186 794.405273 187.626404
v -722.824707 789.977478 187.626404
v -729.422607 805.906494 187.626404
v -717.308777 791.650818 187.626404
v -717.308777 809.581177 187.626404
v -769.799988 778.927185 184.401505
v -750.939880 794.405273 184.401505
v -750.940186 794.405273 187.626404
v -769.800293 778.927185 187.626404
v -729.422607 805.906494 187.626404
v -785.278076 760.067078 184.401505
v -785.278076 760.067078 187.626404
v -791.926575 764.509888 174.473297
v -796.779114 738.549927 184.401505
v -796.779297 738.549927 187.626404
v -804.617188 741.233582 174.884903
v -804.617188 717.191406 184.401505
v -804.617188 717.191406 187.794800
v -804.617126 743.333130 174.473297
v -804.617126 754.370972 174.473297
v -796.281616 767.419678 174.473297
v -775.454529 784.581787 174.473404
v -779.157776 788.285217 174.473404
v -755.382385 801.054321 174.473404
v -758.292114 805.408997 174.473404
v -729.422607 805.906494 184.401505
v -717.308777 809.581177 187.626404
v -717.308594 809.581177 184.401505
v -732.482483 813.294373 174.473404
v -717.308472 817.897522 174.473404
v -734.486877 818.133179 174.473404
v -717.308472 823.344177 174.473404
v -757.608215 766.735718 231.434296
v -770.942078 750.488281 231.434296
v -770.942383 750.488281 187.626404
v -757.608398 766.735718 187.626404
v -780.850281 731.951904 187.626404
v -741.361084 780.069580 231.434296
v -780.850281 731.951904 231.434296
v -741.361084 780.069580 187.626404
v -786.951416 711.838623 187.626404
v -722.825012 789.977478 231.434296
v -786.951416 711.838623 231.434296
v -789.011719 690.921570 187.626404
v -789.011719 690.921570 231.434204
v -722.824707 789.977478 187.626404
v -717.308777 791.650818 231.434296
v -717.308777 791.650818 187.626404
v -779.158020 788.285217 231.434296
v -796.281982 767.419678 231.434296
v -770.942078 750.488281 231.434296
v -757.608215 766.735718 231.434296
v -758.292175 805.409119 231.434296
v -780.850281 731.951904 231.434296
v -741.361084 780.069580 231.434296
v -734.487305 818.133179 231.434296
v -722.825012 789.977478 231.434296
v -717.308777 791.650818 231.434296
v -717.308777 823.344177 231.434402
v -804.617188 741.224915 231.434296
v -804.617188 754.370972 231.434296
v -804.617188 715.078674 231.434296
v -786.951416 711.838623 231.434296
v -804.617188 690.921570 231.434204
v -789.011719 690.921570 231.434204
v -779.157776 788.285217 174.473404
v -796.281616 767.419678 174.473297
v -796.281982 767.419678 231.434296
v -804.617188 754.370972 231.434296
v -804.617126 754.370972 174.473297
v -779.158020 788.285217 231.434296
v -758.292114 805.408997 174.473404
v -758.292175 805.409119 231.434296
v -734.486877 818.133179 174.473404
v -734.487305 818.133179 231.434296
v -717.308472 823.344177 174.473404
v -717.308777 823.344177 231.434402
v -804.617188 715.078674 187.626404
v -804.617188 717.191406 187.794800
v -796.779297 738.549927 187.626404
v 833.570190 711.838623 187.626404
v 850.480286 715.202271 187.626404
v 852.871826 690.921570 187.626404
v 835.630188 690.921570 187.626404
v 827.468994 731.951904 187.626404
v 843.397888 738.549927 187.626404
v 817.561218 750.488281 187.626404
v 831.896912 760.067078 187.626404
v 804.227173 766.735718 187.626404
v 816.418884 778.927185 187.626404
v 787.979919 780.069580 187.626404
v 797.558594 794.405273 187.626404
v 769.443481 789.977478 187.626404
v 776.041382 805.906494 187.626404
v 763.927490 791.650818 187.626404
v 763.927490 809.581177 187.626404
v 850.480286 715.202271 187.626404
v 850.480225 715.202271 184.401505
v 852.871826 690.921570 184.401505
v 852.871826 690.921570 187.626404
v 843.397888 738.549927 187.626404
v 858.323425 716.762329 174.473297
v 860.868408 690.921570 174.473297
v 843.397827 738.549927 184.401505
v 831.896912 760.067078 187.626404
v 862.439697 690.921570 174.473297
v 862.439697 717.581177 174.473297
v 862.439697 721.148193 173.854202
v 850.785889 741.610107 174.473297
v 855.624695 743.614380 174.473297
v 831.896912 760.067078 184.401505
v 816.418884 778.927185 187.626404
v 838.545715 764.509888 174.473297
v 842.900513 767.419678 174.473297
v 816.418884 778.927185 184.401505
v 797.558594 794.405273 187.626404
v 822.072998 784.581787 174.473404
v 825.776611 788.285217 174.473404
v 797.558594 794.405273 184.401505
v 776.041382 805.906494 187.626404
v 802.001221 801.054321 174.473404
v 804.911194 805.408997 174.473404
v 776.041382 805.906494 184.401505
v 763.927490 809.581177 187.626404
v 763.927429 809.581177 184.401505
v 779.101379 813.294373 174.473404
v 781.105774 818.133179 174.473404
v 763.927429 817.897522 174.473404
v 763.927429 823.344177 174.473404
v 817.561218 750.488281 187.626404
v 817.561096 750.488281 231.434296
v 804.227173 766.735718 231.434296
v 827.468994 731.951904 187.626404
v 804.227173 766.735718 187.626404
v 827.468872 731.951904 231.434296
v 787.979919 780.069580 231.434296
v 833.570190 711.838623 187.626404
v 787.979919 780.069580 187.626404
v 833.570190 711.838623 231.434296
v 835.630188 690.921570 187.626404
v 835.630310 690.921570 231.434204
v 769.443481 789.977478 231.434296
v 769.443481 789.977478 187.626404
v 763.927429 791.650818 231.434296
v 763.927490 791.650818 187.626404
v 817.561096 750.488281 231.434296
v 842.900513 767.419678 231.434296
v 825.776611 788.285217 231.434296
v 827.468872 731.951904 231.434296
v 804.227173 766.735718 231.434296
v 855.624695 743.614380 231.434296
v 804.911194 805.409119 231.434296
v 787.979919 780.069580 231.434296
v 781.105774 818.133179 231.434296
v 769.443481 789.977478 231.434296
v 763.927429 791.650818 231.434296
v 763.927429 823.344177 231.434402
v 833.570190 711.838623 231.434296
v 862.439697 717.581177 231.434296
v 862.439697 721.148193 231.434296
v 862.439697 690.921570 231.434204
v 835.630310 690.921570 231.434204
v 842.900513 767.419678 231.434296
v 842.900513 767.419678 174.473297
v 825.776611 788.285217 174.473404
v 855.624695 743.614380 231.434296
v 825.776611 788.285217 231.434296
v 855.624695 743.614380 174.473297
v 862.439697 721.148193 231.434296
v 862.439697 721.148193 173.854202
v 804.911194 805.408997 174.473404
v 804.911194 805.409119 231.434296
v 781.105774 818.133179 174.473404
v 781.105774 818.133179 231.434296
v 763.927429 823.344177 174.473404
v 763.927429 823.344177 231.434402
v 677.078430 690.921570 187.626404
v 677.078430 714.994507 187.626404
v 694.284912 711.838623 187.626404
v 692.224609 690.921570 187.626404
v 700.386108 731.951904 187.626404
v 684.456970 738.549927 187.626404
v 677.078430 718.442993 187.747299
v 710.294128 750.488281 187.626404
v 695.958130 760.067078 187.626404
v 723.627991 766.735718 187.626404
v 711.436218 778.927185 187.626404
v 739.875305 780.069580 187.626404
v 730.296326 794.405273 187.626404
v 758.411621 789.977478 187.626404
v 751.813599 805.906494 187.626404
v 763.927490 791.650818 187.626404
v 763.927490 809.581177 187.626404
v 711.435974 778.927185 184.401505
v 730.296326 794.405273 184.401505
v 730.296326 794.405273 187.626404
v 711.436218 778.927185 187.626404
v 751.813599 805.906494 187.626404
v 695.958130 760.067078 184.401505
v 695.958130 760.067078 187.626404
v 689.309326 764.509888 174.473297
v 684.456909 738.549927 184.401505
v 684.456970 738.549927 187.626404
v 677.078430 718.442993 187.747299
v 677.078430 718.442993 184.401505
v 677.078430 741.076294 175.315399
v 677.078430 744.099609 174.473297
v 677.078430 755.090027 174.473297
v 684.954285 767.419678 174.473297
v 705.781616 784.581787 174.473404
v 702.078430 788.285217 174.473404
v 725.853577 801.054321 174.473404
v 722.943787 805.408997 174.473404
v 751.813599 805.906494 184.401505
v 763.927490 809.581177 187.626404
v 763.927429 809.581177 184.401505
v 748.753296 813.294373 174.473404
v 763.927429 817.897522 174.473404
v 746.749023 818.133179 174.473404
v 763.927429 823.344177 174.473404
v 723.627930 766.735718 231.434296
v 710.294128 750.488281 231.434296
v 710.294128 750.488281 187.626404
v 723.627991 766.735718 187.626404
v 700.386108 731.951904 187.626404
v 739.875305 780.069580 231.434296
v 700.386108 731.951904 231.434296
v 739.875305 780.069580 187.626404
v 694.284912 711.838623 187.626404
v 758.411499 789.977478 231.434296
v 694.284790 711.838623 231.434296
v 692.224609 690.921570 187.626404
v 692.224487 690.921570 231.434204
v 758.411621 789.977478 187.626404
v 763.927429 791.650818 231.434296
v 763.927490 791.650818 187.626404
v 702.078430 788.285217 231.434296
v 684.954285 767.419678 231.434296
v 710.294128 750.488281 231.434296
v 723.627930 766.735718 231.434296
v 722.943787 805.409119 231.434296
v 700.386108 731.951904 231.434296
v 739.875305 780.069580 231.434296
v 746.749023 818.133179 231.434296
v 758.411499 789.977478 231.434296
v 763.927429 791.650818 231.434296
v 763.927429 823.344177 231.434402
v 677.078430 741.045715 231.434296
v 677.078430 755.090027 231.434296
v 677.078430 714.994507 231.434296
v 694.284790 711.838623 231.434296
v 677.078430 690.921570 231.434204
v 692.224487 690.921570 231.434204
v 702.078430 788.285217 174.473404
v 684.954285 767.419678 174.473297
v 684.954285 767.419678 231.434296
v 677.078430 755.090027 231.434296
v 677.078430 755.090027 174.473297
v 702.078430 788.285217 231.434296
v 722.943787 805.408997 174.473404
v 722.943787 805.409119 231.434296
v 746.749023 818.133179 174.473404
v 746.749023 818.133179 231.434296
v 763.927429 823.344177 174.473404
v 763.927429 823.344177 231.434402
v -980.869629 690.921570 187.626404
v -978.478027 715.202271 187.626404
v -961.568115 711.838623 187.626404
v -963.627930 690.921570 187.626404
v -955.466797 731.951904 187.626404
v -971.395813 738.549927 187.626404
v -945.558777 750.488281 187.626404
v -959.894775 760.067078 187.626404
v -932.225098 766.735718 187.626404
v -944.416504 778.927185 187.626404
v -915.977478 780.069580 187.626404
v -925.556396 794.405273 187.626404
v -897.441223 789.977478 187.626404
v -904.039307 805.906494 187.626404
v -891.925293 791.650818 187.626404
v -891.925293 809.581177 187.626404
v -980.869629 690.921570 184.401505
v -978.478271 715.202271 184.401505
v -978.478027 715.202271 187.626404
v -980.869629 690.921570 187.626404
v -971.395813 738.549927 187.626404
v -986.321472 716.762329 174.185593
v -988.866516 690.921570 174.185593
v -971.395996 738.549927 184.401505
v -959.894775 760.067078 187.626404
v -990.437500 690.921570 174.185593
v -990.437500 717.581177 174.185593
v -990.437500 721.148193 174.185593
v -978.783813 741.610107 174.473297
v -983.622681 743.614380 174.473297
v -959.895020 760.067078 184.401505
v -944.416504 778.927185 187.626404
v -966.543823 764.509888 174.473297
v -970.898315 767.419678 174.473297
v -944.416687 778.927185 184.401505
v -925.556396 794.405273 187.626404
v -950.070923 784.581787 174.473404
v -953.774475 788.285217 174.473404
v -925.556396 794.405273 184.401505
v -904.039307 805.906494 187.626404
v -929.999084 801.054321 174.473404
v -932.909119 805.408997 174.473404
v -904.039307 805.906494 184.401505
v -891.925293 809.581177 187.626404
v -891.925476 809.581177 184.401505
v -907.099487 813.294373 174.473404
v -891.925415 817.897522 174.473404
v -909.103577 818.133179 174.473404
v -891.925415 823.344177 174.473404
v -932.225098 766.735718 231.434296
v -945.558777 750.488281 231.434296
v -945.558777 750.488281 187.626404
v -932.225098 766.735718 187.626404
v -955.466797 731.951904 187.626404
v -915.977478 780.069580 231.434296
v -955.466797 731.951904 231.434296
v -915.977478 780.069580 187.626404
v -961.568115 711.838623 187.626404
v -897.441223 789.977478 231.434296
v -961.568115 711.838623 231.434296
v -963.627930 690.921570 187.626404
v -963.627930 690.921570 231.434204
v -897.441223 789.977478 187.626404
v -891.925293 791.650818 231.434296
v -891.925293 791.650818 187.626404
v -953.774414 788.285217 231.434296
v -970.898193 767.419678 231.434296
v -945.558777 750.488281 231.434296
v -932.225098 766.735718 231.434296
v -955.466797 731.951904 231.434296
v -932.909180 805.409119 231.434296
v -983.622620 743.614380 231.434296
v -915.977478 780.069580 231.434296
v -909.103516 818.133179 231.434296
v -897.441223 789.977478 231.434296
v -891.925293 791.650818 231.434296
v -891.925293 823.344177 231.434402
v -961.568115 711.838623 231.434296
v -990.437500 717.581177 231.434296
v -990.437500 721.148193 231.434296
v -990.437500 690.921570 231.434204
v -963.627930 690.921570 231.434204
v -953.774475 788.285217 174.473404
v -970.898315 767.419678 174.473297
v -970.898193 767.419678 231.434296
v -953.774414 788.285217 231.434296
v -983.622620 743.614380 231.434296
v -932.909119 805.408997 174.473404
v -983.622681 743.614380 174.473297
v -990.437500 721.148193 231.434296
v -990.437500 721.148193 174.185593
v -932.909180 805.409119 231.434296
v -909.103577 818.133179 174.473404
v -909.103516 818.133179 231.434296
v -891.925415 823.344177 174.473404
v -891.925293 823.344177 231.434402
v -822.282715 711.838623 187.626404
v -804.617188 715.078674 187.626404
v -804.617188 690.921570 187.626404
v -820.222412 690.921570 187.626404
v -828.383789 731.951904 187.626404
v -812.454773 738.549927 187.626404
v -838.291687 750.488281 187.626404
v -823.956116 760.067078 187.626404
v -851.625671 766.735718 187.626404
v -839.433777 778.927185 187.626404
v -867.872986 780.069580 187.626404
v -858.293884 794.405273 187.626404
v -886.409424 789.977478 187.626404
v -879.811523 805.906494 187.626404
v -891.925293 791.650818 187.626404
v -891.925293 809.581177 187.626404
v -858.293884 794.405273 187.626404
v -858.294189 794.405273 184.401505
v -839.434082 778.927185 184.401505
v -879.811523 805.906494 187.626404
v -839.433777 778.927185 187.626404
v -879.811523 805.906494 184.401505
v -891.925293 809.581177 187.626404
v -891.925476 809.581177 184.401505
v -823.956116 760.067078 184.401505
v -823.956116 760.067078 187.626404
v -817.307312 764.509888 174.473297
v -812.455078 738.549927 184.401505
v -812.454773 738.549927 187.626404
v -804.617188 741.233582 174.884903
v -804.617188 717.191406 184.401505
v -804.617188 717.191406 187.794800
v -804.617126 743.333130 174.473297
v -804.617126 754.370972 174.473297
v -812.952271 767.419678 174.473297
v -833.779419 784.581787 174.473404
v -830.076294 788.285217 174.473404
v -853.851379 801.054321 174.473404
v -850.941772 805.408997 174.473404
v -876.751282 813.294373 174.473404
v -874.746887 818.133179 174.473404
v -891.925415 817.897522 174.473404
v -891.925415 823.344177 174.473404
v -838.291687 750.488281 187.626404
v -838.291992 750.488281 231.434296
v -851.625977 766.735718 231.434296
v -828.383789 731.951904 187.626404
v -851.625671 766.735718 187.626404
v -828.383789 731.951904 231.434296
v -867.872986 780.069580 231.434296
v -822.282715 711.838623 187.626404
v -867.872986 780.069580 187.626404
v -822.282715 711.838623 231.434296
v -820.222412 690.921570 187.626404
v -820.222412 690.921570 231.434204
v -886.409424 789.977478 231.434296
v -886.409424 789.977478 187.626404
v -891.925293 791.650818 231.434296
v -891.925293 791.650818 187.626404
v -838.291992 750.488281 231.434296
v -812.952087 767.419678 231.434296
v -830.076172 788.285217 231.434296
v -851.625977 766.735718 231.434296
v -850.941895 805.409119 231.434296
v -828.383789 731.951904 231.434296
v -867.872986 780.069580 231.434296
v -874.747070 818.133179 231.434296
v -886.409424 789.977478 231.434296
v -891.925293 791.650818 231.434296
v -891.925293 823.344177 231.434402
v -804.617188 741.224915 231.434296
v -804.617188 754.370972 231.434296
v -804.617188 715.078674 231.434296
v -822.282715 711.838623 231.434296
v -804.617188 690.921570 231.434204
v -820.222412 690.921570 231.434204
v -812.952087 767.419678 231.434296
v -812.952271 767.419678 174.473297
v -830.076294 788.285217 174.473404
v -804.617188 754.370972 231.434296
v -804.617126 754.370972 174.473297
v -830.076172 788.285217 231.434296
v -850.941772 805.408997 174.473404
v -850.941895 805.409119 231.434296
v -874.746887 818.133179 174.473404
v -874.747070 818.133179 231.434296
v -891.925415 823.344177 174.473404
v -891.925293 823.344177 231.434402
v -812.454773 738.549927 187.626404
v -804.617188 717.191406 187.794800
v -804.617188 715.078674 187.626404
vn -0.0000 -1.0000 -0.0000
vn -0.0000 -0.0000 1.0000
vn -0.0000 1.0000 -0.0000
vn -0.0000 -0.7071 -0.7071
vn -0.0000 0.7071 0.7071
vn -0.0000 -0.0000 -1.0000
vn -0.0000 0.7071 -0.7071
vn 1.0000 -0.0000 -0.0000
vn 0.7071 0.7071 -0.0000
vn -1.0000 -0.0000 -0.0000
vn 0.7071 -0.7071 -0.0000
vn -0.7071 0.7071 -0.0000
vn -0.0000 -0.7071 0.7071
vn -0.0000 0.7072 0.7071
vn -0.7070 0.7072 -0.0000
vn -0.0000 0.0001 -1.0000
vn -0.0000 0.7072 -0.7071
vn -0.7071 -0.7071 -0.0000
vn 0.7070 0.7072 -0.0000
vn 0.1629 -0.9866 -0.0000
vn 0.3369 -0.9415 -0.0000
vn 0.5141 -0.8577 -0.0000
vn 0.6716 -0.7410 -0.0000
vn 0.8032 -0.5957 -0.0000
vn 0.9040 -0.4276 -0.0000
vn 0.9659 -0.2588 -0.0000
vn 0.9934 -0.1143 -0.0000
vn 0.9988 -0.0491 -0.0000
vn -0.0042 -0.0088 -1.0000
vn -0.0065 -0.0072 -1.0000
vn 0.6707 -0.0010 -0.7417
vn 0.6691 0.0005 -0.7431
vn -0.1629 0.9866 -0.0000
vn -0.3369 0.9415 -0.0000
vn -0.5141 0.8577 -0.0000
vn -0.6716 0.7410 -0.0000
vn -0.8032 0.5957 -0.0000
vn -0.9044 0.4266 -0.0013
vn -0.9057 0.4239 -0.0013
vn -0.9415 0.3368 -0.0079
vn -0.9428 0.3217 -0.0871
vn -0.9408 0.3388 -0.0029
vn -0.9364 0.3510 -0.0000
vn -0.1629 -0.9866 -0.0000
vn -0.3369 -0.9415 -0.0000
vn -0.5141 -0.8577 -0.0000
vn -0.6716 -0.7409 -0.0000
vn -0.6716 -0.7410 -0.0000
vn -0.8032 -0.5957 -0.0000
vn -0.9040 -0.4276 -0.0000
vn -0.9659 -0.2588 -0.0000
vn -0.9934 -0.1143 -0.0000
vn -0.9988 -0.0491 -0.0000
vn -0.0085 0.0180 0.9998
vn -0.0141 0.0060 0.9999
vn -0.0177 0.0036 0.9998
vn -0.0438 -0.0091 0.9990
vn -0.0223 -0.0000 0.9998
vn -0.0246 -0.0010 0.9997
vn -0.0515 -0.0054 0.9987
vn -0.0260 -0.0004 0.9997
vn -0.0530 -0.0026 0.9986
vn 0.0136 0.0025 -0.9999
vn 0.3457 0.0176 -0.9382
vn 0.1733 0.0223 -0.9846
vn 0.1931 -0.0000 -0.9812
vn 0.1649 -0.0000 -0.9863
vn 0.1629 0.9866 -0.0000
vn 0.3369 0.9415 -0.0000
vn 0.5141 0.8577 -0.0000
vn 0.6716 0.7410 -0.0000
vn 0.8032 0.5957 -0.0000
vn 0.9123 0.4095 -0.0000
vn 0.9135 0.4068 -0.0000
vn 0.0591 0.9983 -0.0000
vn -0.0172 0.9999 -0.0000
vn 0.6759 -0.0783 -0.7328
vn 0.6405 -0.0894 -0.7627
vn 0.6483 -0.1296 -0.7503
vn 0.6169 -0.0322 -0.7864
vn 0.6812 -0.0335 -0.7314
vn 0.6614 -0.1799 -0.7282
vn 0.6630 -0.1818 -0.7262
vn 0.6156 -0.2921 -0.7320
vn 0.8720 -0.0986 -0.4794
vn 0.6157 -0.2933 -0.7314
vn 0.5478 -0.4063 -0.7314
vn 0.4580 -0.5053 -0.7314
vn 0.3506 -0.5850 -0.7314
vn 0.2298 -0.6421 -0.7314
vn 0.1115 -0.6729 -0.7313
vn 0.1107 -0.6730 -0.7313
vn -0.0000 -0.6816 -0.7318
vn -0.4580 -0.5053 -0.7314
vn -0.3506 -0.5850 -0.7314
vn -0.2298 -0.6421 -0.7314
vn -0.5478 -0.4063 -0.7314
vn -0.1107 -0.6730 -0.7313
vn -0.6165 -0.2916 -0.7314
vn -0.1115 -0.6729 -0.7313
vn -0.6587 -0.1770 -0.7313
vn -0.6586 -0.1775 -0.7313
vn -0.0124 -0.1076 -0.9941
vn -0.6771 -0.0782 -0.7317
vn 0.0028 -0.0456 -0.9990
vn -0.6812 -0.0335 -0.7314
vn -0.0000 -0.7730 -0.6344
vn -0.0000 -0.8315 -0.5556
vn -0.0000 -0.6344 -0.7730
vn -0.0000 -0.8819 -0.4714
vn -0.0000 -0.5441 -0.8390
vn -0.0000 -0.9239 -0.3827
vn -0.0000 -0.3931 -0.9195
vn -0.0000 -0.9569 -0.2903
vn -0.0000 -0.2268 -0.9740
vn -0.0000 -0.2268 -0.9739
vn -0.0000 -0.9808 -0.1951
vn -0.0000 -0.1042 -0.9946
vn -0.0000 -0.9952 -0.0980
vn -0.0000 -0.0469 -0.9989
vn 0.6706 -0.0010 -0.7419
vn 0.6690 0.0006 -0.7432
vn -0.0000 0.7730 0.6344
vn -0.0000 0.8315 0.5556
vn -0.0000 0.6344 0.7730
vn -0.0000 0.8819 0.4714
vn -0.0070 0.5368 0.8437
vn -0.0000 0.9239 0.3827
vn -0.0000 0.9569 0.2903
vn -0.0000 0.9808 0.1951
vn -0.0000 0.9952 0.0980
vn 0.0034 0.5435 0.8394
vn -0.0402 0.4264 0.9037
vn -0.4278 0.4465 0.7859
vn 0.0051 0.4076 0.9132
vn 0.0040 0.3265 0.9452
vn -0.0000 0.2509 0.9680
vn -0.0000 0.2501 0.9682
vn -0.0000 0.1252 0.9921
vn -0.0000 0.1163 0.9932
vn -0.0000 0.0612 0.9981
vn -0.0000 -0.5451 -0.8384
vn 0.0001 -0.4003 -0.9164
vn -0.0000 -0.2414 -0.9704
vn -0.0000 -0.1175 -0.9931
vn -0.0000 -0.0567 -0.9984
vn 0.6905 -0.5115 -0.5115
vn 0.6905 -0.4589 -0.5591
vn 0.6906 -0.3942 -0.6063
vn 0.6905 -0.5591 -0.4589
vn 0.6905 -0.3948 -0.6061
vn 0.6905 -0.6014 -0.4019
vn 0.6922 -0.2875 -0.6619
vn 0.6905 -0.6379 -0.3410
vn 0.6905 -0.6683 -0.2768
vn 0.6905 -0.6922 -0.2100
vn 0.6905 -0.7094 -0.1411
vn 0.6905 -0.7199 -0.0709
vn 0.6905 -0.7233 -0.0000
vn 0.6874 -0.2858 -0.6677
vn 0.8721 -0.0987 -0.4793
vn 0.6386 -0.1620 -0.7523
vn 0.5962 -0.0837 -0.7985
vn 0.5761 -0.0415 -0.8164
vn 0.5759 -0.0253 -0.8171
vn 0.5679 -0.0467 -0.8218
vn 0.9040 0.4276 -0.0000
vn 0.0001 1.0000 -0.0000
vn 0.6716 -0.7409 -0.0000
vn -0.9040 0.4276 -0.0000
vn -0.0001 1.0000 -0.0000
vn -0.6761 -0.0781 -0.7327
vn -0.6587 -0.1762 -0.7315
vn 0.0001 -0.1060 -0.9944
vn 0.0001 -0.0450 -0.9990
vn 0.6554 -0.1773 -0.7342
vn 0.6587 -0.1770 -0.7313
vn 0.6622 -0.0754 -0.7455
vn 0.6165 -0.2916 -0.7314
vn -0.0001 -0.0958 -0.9954
vn -0.0001 -0.0339 -0.9994
vn 0.1731 0.0223 -0.9846
vn 0.1929 -0.0000 -0.9812
vn 0.1647 -0.0000 -0.9863
vn -0.0174 0.9998 -0.0000
vn 0.0589 0.9983 -0.0000
vn 0.6758 -0.0785 -0.7329
vn -0.0126 -0.1076 -0.9941
vn 0.6587 -0.1762 -0.7315
vn 0.0026 -0.0456 -0.9990
vn 0.6795 -0.0334 -0.7329
vn -0.6622 -0.0754 -0.7455
vn -0.6554 -0.1773 -0.7342
vn 0.0001 -0.0957 -0.9954
vn 0.0001 -0.0339 -0.9994
vn 0.0063 -0.0251 -0.9997
vn -0.0000 -0.0211 -0.9998
vn -0.0000 -0.0499 -0.9988
vn 0.6761 -0.0781 -0.7327
vn -0.0001 -0.1061 -0.9944
vn -0.0001 -0.0450 -0.9990
vn 0.0001 -0.1082 -0.9941
vn 0.0001 -0.0457 -0.9990
vn 0.0042 -0.0088 -1.0000
vn 0.0065 -0.0072 -1.0000
vn -0.6707 -0.0010 -0.7417
vn -0.6691 0.0005 -0.7431
vn 0.9044 0.4266 -0.0013
vn 0.9057 0.4239 -0.0013
vn 0.9415 0.3368 -0.0079
vn 0.9429 0.3217 -0.0866
vn 0.9408 0.3388 -0.0029
vn 0.9364 0.3510 -0.0000
vn -0.0063 -0.0251 -0.9997
vn -0.6759 -0.0783 -0.7328
vn -0.6614 -0.1799 -0.7282
vn -0.6483 -0.1296 -0.7503
vn -0.6405 -0.0894 -0.7627
vn -0.6169 -0.0322 -0.7864
vn -0.6812 -0.0335 -0.7313
vn -0.6630 -0.1818 -0.7262
vn -0.6156 -0.2921 -0.7320
vn -0.8721 -0.0987 -0.4792
vn -0.6157 -0.2933 -0.7314
vn 0.3506 -0.5850 -0.7313
vn 0.6586 -0.1775 -0.7313
vn -0.0001 -0.1082 -0.9941
vn 0.6771 -0.0782 -0.7317
vn -0.0001 -0.0457 -0.9990
vn -0.0000 -0.9953 -0.0967
vn -0.0000 -0.4003 -0.9164
vn -0.6905 -0.7199 -0.0699
vn -0.6905 -0.7199 -0.0700
vn -0.6905 -0.7234 -0.0000
vn -0.6905 -0.7233 -0.0000
vn -0.6905 -0.7094 -0.1411
vn -0.6905 -0.6922 -0.2100
vn -0.6905 -0.6683 -0.2768
vn -0.6905 -0.6379 -0.3410
vn -0.6905 -0.6014 -0.4019
vn -0.6905 -0.5591 -0.4589
vn -0.6905 -0.5115 -0.5115
vn -0.6905 -0.4589 -0.5591
vn -0.6906 -0.3942 -0.6063
vn -0.6905 -0.3948 -0.6061
vn -0.6922 -0.2875 -0.6619
vn -0.6874 -0.2858 -0.6677
vn -0.8722 -0.0987 -0.4792
vn -0.6386 -0.1620 -0.7523
vn -0.5962 -0.0836 -0.7985
vn -0.5761 -0.0415 -0.8164
vn -0.5759 -0.0253 -0.8171
vn -0.5679 -0.0467 -0.8218
vn -0.0000 -0.9953 -0.0965
vn -0.6705 -0.0010 -0.7419
vn -0.6690 0.0005 -0.7432
vn 0.0070 0.5368 0.8437
vn -0.0000 0.9953 0.0967
vn -0.0034 0.5435 0.8394
vn 0.0402 0.4264 0.9037
vn 0.4278 0.4464 0.7860
vn -0.0051 0.4076 0.9132
vn -0.0040 0.3265 0.9452
vn -0.0042 -0.0088 1.0000
vn -0.0065 -0.0072 1.0000
vn 0.6707 -0.0010 0.7417
vn 0.6692 0.0005 0.7431
vn -0.9044 0.4266 0.0013
vn -0.9057 0.4239 0.0013
vn -0.9415 0.3368 0.0079
vn -0.9428 0.3217 0.0871
vn -0.9408 0.3388 0.0029
vn -0.0085 0.0180 -0.9998
vn -0.0141 0.0060 -0.9999
vn -0.0177 0.0036 -0.9998
vn -0.0438 -0.0091 -0.9990
vn -0.0223 -0.0000 -0.9998
vn -0.0246 -0.0010 -0.9997
vn -0.0515 -0.0054 -0.9987
vn -0.0260 -0.0004 -0.9997
vn -0.0530 -0.0026 -0.9986
vn 0.0136 0.0025 0.9999
vn 0.3457 0.0176 0.9382
vn 0.1733 0.0223 0.9846
vn 0.1931 -0.0000 0.9812
vn 0.1649 -0.0000 0.9863
vn 0.6759 -0.0783 0.7328
vn 0.6614 -0.1799 0.7282
vn 0.6483 -0.1296 0.7503
vn 0.6405 -0.0894 0.7627
vn 0.6169 -0.0322 0.7864
vn 0.6812 -0.0335 0.7314
vn 0.6630 -0.1818 0.7262
vn 0.6156 -0.2921 0.7320
vn 0.8720 -0.0987 0.4794
vn 0.6157 -0.2933 0.7313
vn 0.5478 -0.4063 0.7314
vn 0.4580 -0.5053 0.7313
vn 0.3506 -0.5850 0.7314
vn 0.2298 -0.6421 0.7314
vn 0.1115 -0.6729 0.7313
vn 0.1107 -0.6730 0.7313
vn -0.0000 -0.6816 0.7318
vn -0.3506 -0.5850 0.7314
vn -0.4580 -0.5053 0.7313
vn -0.2298 -0.6421 0.7314
vn -0.5478 -0.4063 0.7314
vn -0.1107 -0.6730 0.7313
vn -0.1115 -0.6729 0.7313
vn -0.6165 -0.2916 0.7314
vn -0.6587 -0.1770 0.7313
vn -0.6586 -0.1775 0.7313
vn -0.0124 -0.1076 0.9941
vn -0.6771 -0.0782 0.7317
vn 0.0028 -0.0456 0.9990
vn -0.6812 -0.0335 0.7313
vn -0.0000 -0.7730 0.6344
vn -0.0000 -0.8315 0.5556
vn -0.0000 -0.6344 0.7730
vn -0.0000 -0.8819 0.4714
vn -0.0000 -0.5441 0.8390
vn -0.0000 -0.9239 0.3827
vn -0.0000 -0.3931 0.9195
vn -0.0000 -0.9569 0.2903
vn -0.0000 -0.2268 0.9740
vn -0.0000 -0.9808 0.1951
vn -0.0000 -0.1042 0.9946
vn -0.0000 -0.9952 0.0980
vn -0.0000 -0.0469 0.9989
vn 0.6706 -0.0010 0.7419
vn 0.6690 0.0005 0.7432
vn -0.0000 0.7730 -0.6344
vn -0.0000 0.8315 -0.5556
vn -0.0000 0.6344 -0.7730
vn -0.0000 0.8819 -0.4714
vn -0.0000 0.9239 -0.3827
vn -0.0070 0.5368 -0.8437
vn -0.0000 0.9569 -0.2903
vn -0.0000 0.9808 -0.1951
vn -0.0000 0.9952 -0.0980
vn 0.0034 0.5435 -0.8394
vn -0.0402 0.4264 -0.9037
vn -0.4278 0.4465 -0.7859
vn 0.0051 0.4076 -0.9132
vn 0.0040 0.3265 -0.9452
vn -0.0000 0.2509 -0.9680
vn -0.0000 0.2501 -0.9682
vn -0.0000 0.1252 -0.9921
vn -0.0000 0.1163 -0.9932
vn -0.0000 0.0612 -0.9981
vn -0.0000 -0.5451 0.8384
vn -0.0000 -0.4003 0.9164
vn -0.0000 -0.2414 0.9704
vn -0.0000 -0.1175 0.9931
vn -0.0000 -0.0567 0.9984
vn 0.6905 -0.4589 0.5591
vn 0.6905 -0.5115 0.5115
vn 0.6906 -0.3942 0.6063
vn 0.6905 -0.5591 0.4589
vn 0.6905 -0.3948 0.6061
vn 0.6922 -0.2875 0.6619
vn 0.6905 -0.6014 0.4019
vn 0.6905 -0.6379 0.3410
vn 0.6905 -0.6683 0.2768
vn 0.6905 -0.6922 0.2100
vn 0.6905 -0.7094 0.1411
vn 0.6905 -0.7199 0.0709
vn 0.6874 -0.2857 0.6677
vn 0.6386 -0.1620 0.7523
vn 0.5962 -0.0837 0.7985
vn 0.5761 -0.0415 0.8164
vn 0.5759 -0.0253 0.8171
vn 0.5679 -0.0467 0.8218
vn -0.6761 -0.0781 0.7327
vn 0.0001 -0.1061 0.9944
vn -0.6587 -0.1762 0.7315
vn 0.0001 -0.0450 0.9990
vn -0.6812 -0.0335 0.7314
vn -0.5478 -0.4063 0.7313
vn -0.4580 -0.5053 0.7314
vn -0.3506 -0.5850 0.7313
vn 0.6622 -0.0754 0.7455
vn 0.6587 -0.1770 0.7313
vn 0.6554 -0.1773 0.7342
vn -0.0001 -0.0957 0.9954
vn -0.0001 -0.0339 0.9994
vn 0.6165 -0.2916 0.7314
vn 0.4580 -0.5053 0.7314
vn 0.1731 0.0223 0.9846
vn 0.1929 -0.0000 0.9812
vn 0.1647 -0.0000 0.9863
vn 0.6758 -0.0785 0.7329
vn 0.6587 -0.1762 0.7315
vn 0.6165 -0.2916 0.7313
vn -0.0126 -0.1076 0.9941
vn 0.0026 -0.0456 0.9990
vn 0.6795 -0.0334 0.7329
vn 0.3506 -0.5850 0.7313
vn 0.2298 -0.6421 0.7313
vn -0.6554 -0.1773 0.7342
vn -0.6622 -0.0754 0.7455
vn 0.0001 -0.0957 0.9954
vn 0.0001 -0.0339 0.9994
vn 0.0063 -0.0251 0.9997
vn -0.0000 -0.0211 0.9998
vn -0.0000 -0.0499 0.9988
vn 0.6761 -0.0781 0.7327
vn -0.0001 -0.1061 0.9944
vn -0.0001 -0.0450 0.9990
vn 0.0001 -0.1082 0.9941
vn 0.0001 -0.0457 0.9990
vn 0.0042 -0.0088 1.0000
vn 0.0065 -0.0072 1.0000
vn -0.6707 -0.0010 0.7417
vn -0.6691 0.0005 0.7431
vn 0.9044 0.4266 0.0013
vn 0.9057 0.4239 0.0013
vn 0.9415 0.3368 0.0079
vn 0.9428 0.3217 0.0870
vn 0.9408 0.3388 0.0029
vn -0.0063 -0.0251 0.9997
vn -0.6759 -0.0783 0.7328
vn -0.6405 -0.0894 0.7627
vn -0.6483 -0.1296 0.7503
vn -0.6169 -0.0322 0.7864
vn -0.6614 -0.1799 0.7282
vn -0.6630 -0.1818 0.7262
vn -0.6156 -0.2921 0.7320
vn -0.8721 -0.0985 0.4792
vn -0.6157 -0.2933 0.7314
vn 0.5478 -0.4063 0.7313
vn 0.6586 -0.1775 0.7313
vn -0.0001 -0.1082 0.9941
vn 0.6771 -0.0782 0.7317
vn -0.0001 -0.0457 0.9990
vn -0.0000 -0.9953 0.0967
vn -0.6905 -0.7199 0.0700
vn -0.6905 -0.7199 0.0699
vn -0.6905 -0.7094 0.1411
vn -0.6905 -0.6922 0.2100
vn -0.6905 -0.6683 0.2768
vn -0.6905 -0.6379 0.3410
vn -0.6905 -0.6014 0.4019
vn -0.6905 -0.5591 0.4589
vn -0.6905 -0.5115 0.5115
vn -0.6905 -0.4589 0.5591
vn -0.6906 -0.3942 0.6063
vn -0.6905 -0.3948 0.6061
vn -0.6922 -0.2875 0.6619
vn -0.6874 -0.2858 0.6677
vn -0.8722 -0.0986 0.4791
vn -0.6386 -0.1620 0.7523
vn -0.5962 -0.0836 0.7985
vn -0.5760 -0.0415 0.8164
vn -0.5759 -0.0253 0.8171
vn -0.5679 -0.0467 0.8218
vn -0.0000 -0.2268 0.9739
vn -0.0000 -0.9953 0.0965
vn -0.6705 -0.0010 0.7419
vn -0.6690 0.0006 0.7432
vn 0.0070 0.5368 -0.8437
vn -0.0000 0.9953 -0.0967
vn -0.0000 0.9953 -0.0968
vn -0.0034 0.5435 -0.8394
vn 0.0402 0.4264 -0.9037
vn 0.4278 0.4464 -0.7860
vn -0.0051 0.4076 -0.9132
vn -0.0040 0.3265 -0.9452
vn -0.0000 -0.1951 -0.9808
vn -0.0000 -0.0667 -0.9978
vn -0.0000 -0.3827 -0.9239
vn -0.0000 -0.5556 -0.8315
vn -0.0000 -0.5556 0.8315
vn -0.0000 -0.3827 0.9239
vn -0.0000 -0.1951 0.9808
vn -0.0000 -0.0442 0.9990
vn -1.0000 -0.0000 -0.0001
vn -1.0000 -0.0000 -0.0002
vn -0.0000 -0.0391 0.9992
vn -0.0000 -0.9239 -0.3826
vn -0.0000 -1.0000 0.0001
vn 0.6905 -0.1411 0.7094
vn 0.6896 -0.0280 0.7236
vn 0.6903 -0.0261 0.7231
vn 0.6905 -0.2768 0.6683
vn 0.6905 -0.4019 0.6014
vn 0.6905 -0.4019 -0.6014
vn 0.6905 -0.2768 -0.6683
vn 0.6905 -0.1411 -0.7094
vn 0.9564 -0.2922 0.0001
vn 0.9763 -0.2163 0.0001
vn 0.9947 -0.1026 0.0001
vn 1.0000 -0.0000 0.0001
vn -0.0000 0.5556 -0.8315
vn -0.0000 0.3827 -0.9239
vn -0.0000 0.5556 0.8315
vn -0.0000 1.0000 0.0001
vn -0.0000 0.1951 -0.9808
vn -0.0000 0.0359 -0.9994
vn -0.0000 -0.0353 -0.9994
vn -0.0000 0.0200 0.9998
vn 0.6859 0.0146 0.7276
vn 0.6871 0.0153 0.7264
vn -0.0000 0.0098 1.0000
vn -0.0000 -0.0264 -0.9997
vn -0.0000 -0.0667 0.9978
vn -0.0000 -0.0442 -0.9990
vn -1.0000 -0.0000 0.0001
vn -1.0000 -0.0000 0.0002
vn -0.0000 -0.0391 -0.9992
vn -0.0000 -0.9239 0.3826
vn -0.0000 -1.0000 -0.0001
vn 0.6896 -0.0280 -0.7236
vn 0.6903 -0.0261 -0.7231
vn 0.6905 -0.7095 0.1411
vn 0.6905 -0.1411 0.7095
vn 0.9563 -0.2922 -0.0001
vn 0.9763 -0.2163 -0.0001
vn 0.9947 -0.1026 -0.0001
vn -0.0000 0.3827 0.9239
vn -0.0000 0.1951 0.9808
vn -0.0000 1.0000 -0.0001
vn -0.0000 0.0359 0.9994
vn -0.0000 -0.0353 0.9994
vn -0.0000 0.0200 -0.9998
vn 0.6871 0.0153 -0.7264
vn 0.6859 0.0146 -0.7276
vn -0.0000 0.0098 -1.0000
vn -0.0000 -0.0264 0.9997
vn -0.6896 -0.0280 0.7236
vn -0.6905 -0.1411 0.7094
vn -0.6903 -0.0261 0.7231
vn -0.6905 -0.2768 0.6683
vn -0.6905 -0.4019 0.6014
vn -0.6905 -0.4019 -0.6014
vn -0.6905 -0.2768 -0.6683
vn -0.6905 -0.1411 -0.7094
vn -0.9563 -0.2922 0.0001
vn -0.9763 -0.2163 0.0001
vn -0.9947 -0.1026 0.0001
vn -0.6871 0.0153 0.7264
vn -0.6859 0.0146 0.7276
vn -0.6896 -0.0280 -0.7236
vn -0.6903 -0.0261 -0.7231
vn -0.9564 -0.2922 -0.0001
vn -0.9763 -0.2163 -0.0001
vn -0.9947 -0.1026 -0.0001
vn -0.6859 0.0146 -0.7276
vn -0.6871 0.0153 -0.7264
vn 0.1907 0.4403 0.8773
vn 0.0001 0.4799 0.8773
vn 0.0001 0.5694 0.8221
vn 0.0001 0.5931 0.8051
vn 0.2357 0.5442 0.8051
vn 0.2263 0.5225 0.8221
vn 0.0001 0.9473 0.3203
vn 0.3500 0.3283 0.8773
vn 0.4326 0.4057 0.8051
vn 0.3765 0.8693 0.3203
vn 0.3975 0.9176 -0.0000
vn 0.4154 0.3895 0.8221
vn 0.6910 0.6480 0.3203
vn 0.7295 0.6840 -0.0000
vn 0.4517 0.1621 0.8773
vn 0.5582 0.2003 0.8051
vn 0.5359 0.1923 0.8221
vn 0.4786 -0.0267 0.8776
vn 0.5921 -0.0337 0.8051
vn 0.8917 0.3199 0.3203
vn 0.9412 0.3377 -0.0000
vn 0.5697 -0.0321 0.8212
vn 0.4329 -0.2043 0.8780
vn 0.5364 -0.2531 0.8051
vn 0.9461 -0.0530 0.3195
vn 0.9984 -0.0562 -0.0000
vn 0.5172 -0.2441 0.8203
vn 0.3275 -0.3492 0.8780
vn 0.4057 -0.4326 0.8051
vn 0.8572 -0.4045 0.3188
vn 0.9044 -0.4267 -0.0000
vn 0.3912 -0.4172 0.8203
vn 0.1761 -0.4452 0.8780
vn 0.2181 -0.5515 0.8051
vn 0.6483 -0.6914 0.3188
vn 0.6840 -0.7295 -0.0000
vn 0.0001 -0.4787 0.8780
vn 0.0001 -0.5931 0.8051
vn 0.2104 -0.5318 0.8203
vn 0.0001 -0.5719 0.8203
vn 0.3486 -0.8814 0.3188
vn 0.3678 -0.9299 -0.0000
vn 0.0001 -0.9478 0.3188
vn 0.0001 -1.0000 -0.0000
vn -0.9412 -0.3377 -0.0000
vn -0.9984 0.0562 -0.0000
vn -0.7295 -0.6840 -0.0000
vn -0.9044 0.4268 -0.0000
vn -0.3975 -0.9176 -0.0000
vn -0.9044 0.4267 -0.0000
vn -0.0001 -1.0000 -0.0000
vn -0.6840 0.7295 -0.0000
vn -0.3678 0.9299 -0.0000
vn -0.0000 0.4799 0.8773
vn -0.1907 0.4403 0.8773
vn -0.2263 0.5225 0.8221
vn -0.2357 0.5442 0.8051
vn -0.0001 0.5931 0.8051
vn -0.4326 0.4057 0.8051
vn -0.0001 0.5694 0.8221
vn -0.3501 0.3283 0.8773
vn -0.5582 0.2003 0.8051
vn -0.3765 0.8693 0.3203
vn -0.0001 0.9473 0.3203
vn -0.3975 0.9176 -0.0000
vn -0.6910 0.6480 0.3203
vn -0.7295 0.6840 -0.0000
vn -0.4153 0.3895 0.8221
vn -0.8917 0.3199 0.3203
vn -0.9412 0.3377 -0.0000
vn -0.9984 -0.0562 -0.0000
vn -0.4517 0.1621 0.8773
vn -0.5359 0.1923 0.8221
vn -0.9461 -0.0530 0.3195
vn -0.4786 -0.0267 0.8776
vn -0.5921 -0.0337 0.8051
vn -0.5364 -0.2531 0.8051
vn -0.5698 -0.0321 0.8212
vn -0.4329 -0.2043 0.8780
vn -0.4057 -0.4326 0.8051
vn -0.5172 -0.2441 0.8203
vn -0.8572 -0.4045 0.3188
vn -0.9044 -0.4267 -0.0000
vn -0.3275 -0.3492 0.8780
vn -0.2181 -0.5515 0.8051
vn -0.6483 -0.6914 0.3188
vn -0.6840 -0.7295 -0.0000
vn -0.3912 -0.4172 0.8203
vn -0.3486 -0.8814 0.3188
vn -0.3678 -0.9299 -0.0000
vn -0.0001 -0.9478 0.3188
vn -0.2104 -0.5318 0.8203
vn -0.0001 -0.5719 0.8203
vn -0.0001 -0.4787 0.8780
vn -0.1761 -0.4452 0.8780
vn -0.0001 -0.5931 0.8051
vn 0.9984 0.0562 -0.0000
vn 0.9412 -0.3377 -0.0000
vn 0.7295 -0.6840 -0.0000
vn 0.9044 0.4268 -0.0000
vn 0.3975 -0.9176 -0.0000
vn 0.6840 0.7295 -0.0000
vn 0.3678 0.9299 -0.0000
vn 0.3501 0.3283 0.8773
vn -0.0001 -1.0000 -0.0001
vn -0.0001 0.4799 0.8773
vn -0.0000 -0.5719 0.8203
vn 0.9044 0.4267 -0.0000
vn 0.7294 0.6840 -0.0000
vn 0.5921 -0.0338 0.8051
vn -0.0000 -0.4787 0.8780
vn 0.2103 -0.5318 0.8203
vn -0.3500 0.3283 0.8773
vn -0.5921 -0.0338 0.8051
vn 0.8221 0.5694 0.0001
vn 0.8773 0.4799 0.0001
vn 0.8773 0.4403 0.1907
vn 0.8051 0.5931 0.0001
vn 0.8051 0.5442 0.2357
vn 0.8221 0.5225 0.2263
vn 0.3203 0.9473 0.0001
vn 0.8773 0.3283 0.3501
vn 0.8051 0.4057 0.4326
vn 0.3203 0.8693 0.3765
vn -0.0000 0.9176 0.3975
vn 0.8221 0.3895 0.4153
vn 0.3203 0.6480 0.6910
vn -0.0000 0.6840 0.7295
vn 0.8773 0.1621 0.4517
vn 0.8051 0.2003 0.5582
vn 0.8221 0.1923 0.5359
vn 0.3203 0.3199 0.8917
vn -0.0000 0.3377 0.9412
vn 0.8776 -0.0267 0.4786
vn 0.8051 -0.0338 0.5922
vn 0.8212 -0.0321 0.5697
vn 0.3195 -0.0530 0.9461
vn -0.0000 -0.0562 0.9984
vn 0.8780 -0.2043 0.4329
vn 0.8051 -0.2531 0.5364
vn 0.8203 -0.2441 0.5172
vn 0.3187 -0.4045 0.8572
vn -0.0000 -0.4267 0.9044
vn 0.8780 -0.3492 0.3275
vn 0.8051 -0.4326 0.4057
vn 0.8203 -0.4172 0.3912
vn 0.3187 -0.6914 0.6484
vn -0.0000 -0.7295 0.6840
vn 0.8780 -0.4452 0.1761
vn 0.8051 -0.5515 0.2181
vn 0.8780 -0.4787 0.0001
vn 0.8051 -0.5931 0.0001
vn 0.8203 -0.5318 0.2103
vn 0.8203 -0.5719 0.0001
vn 0.3188 -0.8814 0.3486
vn 0.3188 -0.9478 0.0001
vn -0.0000 -0.9299 0.3678
vn -0.0000 0.0562 -0.9984
vn -0.0000 -0.3377 -0.9412
vn -0.0000 -0.6840 -0.7295
vn -0.0000 0.4267 -0.9044
vn -0.0000 -0.9176 -0.3975
vn -0.0000 0.7295 -0.6840
vn -0.0000 0.9299 -0.3678
vn -0.0001 1.0000 -0.0001
vn 0.8221 0.5225 -0.2263
vn 0.8773 0.4403 -0.1907
vn 0.8773 0.4799 -0.0001
vn 0.8051 0.5442 -0.2357
vn 0.8051 0.5931 -0.0001
vn 0.8051 0.4057 -0.4326
vn 0.8221 0.5694 -0.0001
vn 0.8773 0.3283 -0.3501
vn 0.8051 0.2003 -0.5582
vn 0.3203 0.8693 -0.3765
vn 0.3203 0.9473 -0.0001
vn -0.0000 0.9176 -0.3975
vn 0.3203 0.6480 -0.6910
vn -0.0000 0.6840 -0.7295
vn 0.8221 0.3895 -0.4154
vn 0.3203 0.3199 -0.8917
vn -0.0000 0.3377 -0.9412
vn -0.0000 -0.0562 -0.9984
vn 0.8773 0.1621 -0.4517
vn 0.8221 0.1923 -0.5359
vn 0.8776 -0.0267 -0.4786
vn 0.8051 -0.0337 -0.5921
vn 0.8051 -0.2531 -0.5364
vn 0.3196 -0.0530 -0.9461
vn 0.8212 -0.0321 -0.5698
vn 0.8780 -0.2043 -0.4329
vn 0.8051 -0.4326 -0.4057
vn 0.8203 -0.2441 -0.5172
vn 0.3188 -0.4045 -0.8572
vn -0.0000 -0.4267 -0.9044
vn 0.8780 -0.3492 -0.3275
vn 0.8051 -0.5515 -0.2181
vn 0.3188 -0.6914 -0.6483
vn -0.0000 -0.7295 -0.6840
vn 0.8203 -0.4172 -0.3912
vn 0.3188 -0.8814 -0.3486
vn -0.0000 -0.9299 -0.3678
vn 0.3188 -0.9478 -0.0001
vn 0.8203 -0.5318 -0.2103
vn 0.8203 -0.5719 -0.0001
vn 0.8780 -0.4787 -0.0001
vn 0.8051 -0.5931 -0.0001
vn 0.8780 -0.4452 -0.1761
vn -0.0000 -0.3377 0.9412
vn -0.0000 0.0562 0.9984
vn -0.0000 -0.6840 0.7295
vn -0.0000 0.4268 0.9044
vn -0.0000 -0.9176 0.3975
vn -0.0000 0.7295 0.6840
vn -0.0000 0.9299 0.3678
vn 0.0001 0.5694 -0.8221
vn 0.0001 0.4799 -0.8773
vn 0.1907 0.4403 -0.8773
vn 0.0001 0.5931 -0.8051
vn 0.2357 0.5442 -0.8052
vn 0.2263 0.5225 -0.8221
vn 0.0001 0.9473 -0.3203
vn 0.3501 0.3283 -0.8773
vn 0.4326 0.4057 -0.8051
vn 0.3765 0.8693 -0.3203
vn 0.4154 0.3895 -0.8221
vn 0.6910 0.6480 -0.3203
vn 0.4517 0.1621 -0.8773
vn 0.5582 0.2003 -0.8051
vn 0.5359 0.1923 -0.8221
vn 0.8917 0.3199 -0.3203
vn 0.4786 -0.0267 -0.8776
vn 0.5921 -0.0337 -0.8051
vn 0.5697 -0.0321 -0.8212
vn 0.9461 -0.0530 -0.3195
vn 0.4329 -0.2043 -0.8780
vn 0.5364 -0.2531 -0.8052
vn 0.5172 -0.2441 -0.8203
vn 0.8572 -0.4045 -0.3188
vn 0.3275 -0.3492 -0.8780
vn 0.4057 -0.4326 -0.8051
vn 0.3912 -0.4172 -0.8203
vn 0.6483 -0.6914 -0.3188
vn 0.1761 -0.4452 -0.8780
vn 0.2181 -0.5515 -0.8052
vn 0.0001 -0.4787 -0.8780
vn 0.0001 -0.5931 -0.8051
vn 0.2103 -0.5318 -0.8203
vn 0.0001 -0.5719 -0.8203
vn 0.3486 -0.8814 -0.3188
vn 0.0001 -0.9478 -0.3188
vn -0.2263 0.5225 -0.8221
vn -0.1907 0.4403 -0.8773
vn -0.0001 0.4799 -0.8773
vn -0.2357 0.5442 -0.8052
vn -0.0001 0.5931 -0.8051
vn -0.4326 0.4057 -0.8051
vn -0.0001 0.5694 -0.8221
vn -0.3500 0.3283 -0.8773
vn -0.5582 0.2003 -0.8051
vn -0.3765 0.8693 -0.3203
vn -0.0001 0.9473 -0.3203
vn -0.6910 0.6480 -0.3203
vn -0.4153 0.3895 -0.8221
vn -0.8917 0.3199 -0.3203
vn -0.4517 0.1621 -0.8773
vn -0.5359 0.1923 -0.8221
vn -0.4786 -0.0267 -0.8776
vn -0.5921 -0.0337 -0.8051
vn -0.5364 -0.2531 -0.8051
vn -0.9461 -0.0530 -0.3196
vn -0.5698 -0.0321 -0.8212
vn -0.4329 -0.2043 -0.8780
vn -0.4057 -0.4326 -0.8051
vn -0.5172 -0.2441 -0.8203
vn -0.8572 -0.4045 -0.3188
vn -0.3275 -0.3492 -0.8780
vn -0.2181 -0.5515 -0.8052
vn -0.6483 -0.6914 -0.3188
vn -0.6840 -0.7294 -0.0000
vn -0.3912 -0.4172 -0.8203
vn -0.3486 -0.8814 -0.3188
vn -0.0001 -0.9478 -0.3188
vn -0.2104 -0.5318 -0.8203
vn -0.0001 -0.5719 -0.8203
vn -0.0001 -0.4787 -0.8780
vn -0.0001 -0.5931 -0.8051
vn -0.1761 -0.4452 -0.8780
vn 0.6840 0.7294 -0.0000
vn 0.4153 0.3895 -0.8221
vn 0.5582 0.2003 -0.8052
vn 0.4057 -0.4326 -0.8052
vn -0.0001 1.0000 0.0001
vn -0.5582 0.2003 -0.8052
vn -0.7294 0.6840 -0.0000
vn -0.5363 -0.2531 -0.8052
vn -0.9461 -0.0530 -0.3195
vn -0.4057 -0.4326 -0.8052
vn -0.2181 -0.5515 -0.8051
vn 0.2357 0.5442 -0.8051
vn 0.5921 -0.0338 -0.8051
vn 0.5364 -0.2531 -0.8051
vn 0.2181 -0.5515 -0.8051
vn -0.2357 0.5442 -0.8051
vn -0.2103 -0.5318 -0.8203
vn -0.6840 0.7294 -0.0000
vn -0.8916 0.3199 -0.3203
vn -0.5921 -0.0338 -0.8051
vn -0.7732 -0.0000 -0.6342
vn -0.7731 -0.0000 -0.6342
vn -0.0000 -0.7731 -0.6342
vn 0.7732 -0.0000 -0.6342
vn 0.7731 -0.0000 -0.6342
vn -0.0000 -0.7732 -0.6342
vn 0.6342 -0.0000 -0.7732
vn 0.6342 -0.7732 -0.0000
vn 0.6342 -0.7731 -0.0000
vn 0.6342 -0.0000 0.7732
vn -0.7731 -0.0000 0.6342
vn -0.7732 -0.0000 0.6342
vn -0.0000 -0.7732 0.6342
vn -0.0000 -0.7731 0.6342
vn 0.7731 -0.0000 0.6342
vn 0.7732 -0.0000 0.6342
vn -0.0000 0.7072 0.7070
vn -0.0000 0.7072 -0.7070
vn -0.7072 0.7071 -0.0000
vn 0.7071 0.7072 -0.0000
vn 0.2455 0.9378 -0.2454
vn 0.2456 0.9378 0.2454
vn -0.2455 0.9378 -0.2456
vn -0.2454 0.9378 -0.2455
vn 0.2454 0.9378 -0.2456
vn -0.2456 0.9378 0.2454
vn -0.2456 0.9378 -0.2454
vn 0.2454 0.9378 0.2456
vn -0.2454 0.9378 0.2456
vn -0.9367 -0.0923 0.3378
vn -0.9226 -0.1835 0.3393
vn -0.9808 -0.1951 -0.0000
vn -0.9952 -0.0980 -0.0000
vn -0.9239 -0.3827 -0.0000
vn -0.4150 -0.1040 0.9039
vn -0.4089 -0.0403 0.9117
vn -0.8691 -0.3600 0.3393
vn -0.8315 -0.5556 -0.0000
vn -0.0000 -0.0964 0.9953
vn -0.0000 -0.0661 0.9978
vn -0.3844 -0.1515 0.9107
vn -0.0051 0.0122 0.9999
vn -0.7822 -0.5226 0.3393
vn -0.3403 -0.2274 0.9124
vn -0.6652 -0.6652 0.3393
vn -0.5556 -0.8315 -0.0000
vn -0.2894 -0.2894 0.9124
vn -0.5226 -0.7822 0.3393
vn -0.3827 -0.9239 -0.0000
vn -0.2274 -0.3403 0.9124
vn -0.3600 -0.8691 0.3393
vn -0.0001 -0.9315 0.3638
vn -0.1566 -0.3781 0.9124
vn -0.0000 -0.3538 0.9353
vn 0.8315 0.5556 -0.0000
vn 0.9239 0.3827 -0.0000
vn 0.5556 0.8315 -0.0000
vn 0.9242 0.3819 -0.0000
vn 0.9569 0.2903 -0.0000
vn 0.3827 0.9239 -0.0000
vn -0.0000 0.0003 1.0000
vn 0.5556 -0.8315 -0.0000
vn 0.5226 -0.7822 0.3393
vn 0.6652 -0.6652 0.3392
vn 0.3827 -0.9239 -0.0000
vn 0.3600 -0.8691 0.3393
vn 0.0001 -0.9315 0.3638
vn 0.7794 -0.5251 0.3418
vn 0.8315 -0.5556 -0.0000
vn 0.3399 -0.2326 0.9112
vn 0.1566 -0.3781 0.9124
vn 0.2274 -0.3403 0.9124
vn 0.2894 -0.2894 0.9124
vn -0.0126 -0.1139 0.9934
vn -0.0328 -0.3895 0.9204
vn 0.8523 -0.3832 0.3559
vn -0.0239 -0.8955 0.4445
vn 0.9126 -0.4089 -0.0000
vn -0.0285 -0.9996 0.0001
vn 0.9239 -0.3827 -0.0000
vn 0.9808 -0.1951 -0.0000
vn 0.9952 -0.0980 -0.0000
vn -0.8093 0.5874 -0.0000
vn -0.8427 0.5383 -0.0000
vn -0.5556 0.8315 -0.0000
vn -0.3827 0.9239 -0.0000
vn -0.0001 -0.0000 1.0000
vn 0.0011 0.0033 1.0000
vn 0.9226 -0.1835 0.3392
vn 0.9367 -0.0923 0.3378
vn 0.4157 -0.1046 0.9034
vn 0.4089 -0.0403 0.9117
vn 0.8691 -0.3600 0.3392
vn -0.0000 -0.1066 0.9943
vn -0.0000 -0.0738 0.9973
vn 0.3843 -0.1516 0.9107
vn 0.0050 0.0121 0.9999
vn 0.7822 -0.5226 0.3393
vn 0.3403 -0.2274 0.9124
vn 0.6652 -0.6652 0.3393
vn -0.8315 0.5556 -0.0000
vn -0.9239 0.3827 -0.0000
vn -0.9242 0.3819 -0.0000
vn -0.9569 0.2903 -0.0000
vn -0.7851 -0.5199 0.3365
vn -0.3405 -0.2219 0.9137
vn -0.8755 -0.3626 0.3194
vn -0.0287 -0.9996 -0.0000
vn -0.0241 -0.8955 0.4445
vn -0.0326 -0.3895 0.9204
vn -0.0128 -0.1139 0.9934
vn 0.8819 0.4714 -0.0000
vn 0.0001 1.0000 0.0001
vn 0.0001 -0.0000 1.0000
vn -0.4157 -0.1046 0.9034
vn -0.3843 -0.1516 0.9107
vn -0.0050 0.0121 0.9999
vn -0.0000 0.0057 1.0000
vn -0.0022 0.0006 1.0000
vn 0.7853 -0.5198 0.3363
vn 0.3405 -0.2217 0.9137
vn 0.8759 -0.3628 0.3179
vn 0.9240 -0.3825 -0.0000
vn -0.0001 -0.4157 0.9095
vn 0.0001 -0.8965 0.4431
vn 0.0001 -0.1684 0.9857
vn -0.8819 0.4714 -0.0000
vn -0.0023 0.0006 1.0000
vn -0.0001 0.0668 0.9978
vn -0.0001 0.0057 1.0000
vn 0.4150 -0.1040 0.9039
vn 0.8691 -0.3600 0.3393
vn 0.3844 -0.1515 0.9107
vn 0.0051 0.0122 0.9999
vn -0.0000 0.0034 1.0000
vn 0.0018 0.0006 1.0000
vn 0.0001 0.0350 0.9994
vn -0.7802 -0.5244 0.3411
vn -0.3400 -0.2311 0.9116
vn -0.8539 -0.3839 0.3513
vn -0.9126 -0.4088 -0.0000
vn -0.0001 -0.8963 0.4435
vn 0.0001 -0.4111 0.9116
vn -0.0001 -0.2189 0.9758
vn 0.8093 0.5874 -0.0000
vn 0.8427 0.5383 -0.0000
vn 0.9808 -0.1951 -0.0001
vn 0.9952 -0.0980 -0.0001
vn 0.9239 -0.3827 -0.0001
vn 0.5226 -0.7822 0.3392
vn -0.0000 -0.0003 1.0000
vn -0.7071 -0.7071 0.0001
vn -0.7794 -0.5251 0.3418
vn -0.3399 -0.2326 0.9112
vn -0.8523 -0.3832 0.3559
vn -0.9126 -0.4089 -0.0000
vn 0.0285 -0.9996 -0.0000
vn 0.0239 -0.8955 0.4445
vn 0.0328 -0.3895 0.9204
vn 0.0126 -0.1139 0.9934
vn -0.0001 -0.3538 0.9353
vn 0.0011 -0.0033 1.0000
vn -0.8315 -0.5556 0.0001
vn -0.7821 -0.5226 0.3393
vn 0.7851 -0.5199 0.3365
vn 0.3405 -0.2219 0.9137
vn 0.0001 -0.3538 0.9353
vn 0.0128 -0.1139 0.9934
vn 0.0326 -0.3895 0.9204
vn 0.8755 -0.3626 0.3194
vn 0.0241 -0.8954 0.4445
vn 0.0287 -0.9996 0.0005
vn 0.4158 -0.1046 0.9034
vn 0.7822 -0.5226 0.3392
vn 0.0022 0.0006 1.0000
vn -0.7853 -0.5198 0.3364
vn -0.3405 -0.2217 0.9137
vn -0.8759 -0.3628 0.3180
vn -0.9240 -0.3825 -0.0000
vn 0.0001 -0.4157 0.9095
vn -0.0001 -0.8965 0.4431
vn -0.0001 -0.1684 0.9857
vn 0.0001 0.0057 1.0000
vn 0.0001 0.0668 0.9978
vn 0.0023 0.0006 1.0000
vn -0.9808 -0.1951 0.0001
vn -0.0000 0.0082 1.0000
vn -0.0023 0.0008 1.0000
vn 0.7796 -0.5249 0.3416
vn 0.3400 -0.2322 0.9113
vn 0.8528 -0.3834 0.3547
vn 0.9126 -0.4088 -0.0000
vn -0.0001 -0.3917 0.9201
vn 0.0001 -0.8956 0.4449
vn 0.0001 -0.1581 0.9874
vn -0.0024 0.0008 1.0000
vn -0.0001 0.0795 0.9968
vn -0.0001 0.0082 1.0000
vn -0.9226 -0.1835 0.3392
vn 0.0192 -0.0964 0.9952
vn -0.0663 -0.0660 0.9956
vn -0.0018 0.0006 1.0000
vn -0.0001 0.0350 0.9994
vn 0.7802 -0.5244 0.3411
vn 0.3400 -0.2311 0.9116
vn 0.0001 -0.2189 0.9757
vn -0.0001 -0.4111 0.9116
vn 0.8539 -0.3839 0.3513
vn 0.0001 -0.8963 0.4435
vn 0.9808 -0.1951 0.0001
vn 0.9250 -0.1840 0.3325
vn 0.9391 -0.0925 0.3310
vn 0.9239 -0.3827 0.0001
vn 0.4075 -0.0783 0.9098
vn 0.4150 -0.0409 0.9089
vn 0.8699 -0.3588 0.3383
vn 0.8315 -0.5556 0.0001
vn 0.0065 0.0066 1.0000
vn 0.3809 -0.1518 0.9121
vn 0.0024 0.0057 1.0000
vn 0.7821 -0.5226 0.3393
vn -0.9240 0.3823 -0.0000
vn 0.0023 0.0008 1.0000
vn -0.6652 -0.6652 0.3392
vn -0.5226 -0.7822 0.3392
vn -0.7796 -0.5249 0.3416
vn -0.3400 -0.2322 0.9113
vn -0.8528 -0.3834 0.3546
vn -0.9126 -0.4088 -0.0001
vn 0.0001 -0.3917 0.9201
vn -0.0001 -0.8955 0.4450
vn -0.0001 -0.1581 0.9874
vn 0.0001 0.0082 1.0000
vn 0.0001 0.0795 0.9968
vn 0.0024 0.0008 1.0000
vn -0.9226 -0.1835 -0.3393
vn -0.9367 -0.0923 -0.3378
vn -0.4150 -0.1040 -0.9039
vn -0.4089 -0.0403 -0.9117
vn -0.8691 -0.3600 -0.3393
vn -0.0000 -0.0964 -0.9953
vn -0.0000 -0.0661 -0.9978
vn -0.3844 -0.1515 -0.9107
vn -0.0051 0.0122 -0.9999
vn -0.7822 -0.5226 -0.3393
vn -0.3403 -0.2274 -0.9124
vn -0.6652 -0.6652 -0.3393
vn -0.2894 -0.2894 -0.9124
vn -0.5226 -0.7822 -0.3393
vn -0.2274 -0.3403 -0.9124
vn -0.3600 -0.8691 -0.3393
vn -0.0001 -0.9315 -0.3638
vn -0.1566 -0.3781 -0.9124
vn -0.0001 -0.3538 -0.9353
vn 0.6652 -0.6652 -0.3392
vn 0.5226 -0.7822 -0.3393
vn 0.7794 -0.5251 -0.3418
vn 0.3399 -0.2326 -0.9112
vn 0.8523 -0.3832 -0.3559
vn -0.0285 -0.9996 -0.0000
vn -0.0239 -0.8955 -0.4445
vn -0.0328 -0.3895 -0.9204
vn -0.0126 -0.1139 -0.9934
vn 0.2894 -0.2894 -0.9124
vn 0.2274 -0.3403 -0.9124
vn 0.3600 -0.8691 -0.3393
vn 0.0001 -0.9315 -0.3638
vn 0.1566 -0.3781 -0.9124
vn 0.0001 -0.3538 -0.9353
vn -0.0000 0.0003 -1.0000
vn 0.0011 0.0033 -1.0000
vn -0.0001 -0.0000 -1.0000
vn 0.9367 -0.0923 -0.3378
vn 0.9226 -0.1835 -0.3392
vn 0.4157 -0.1046 -0.9034
vn 0.4089 -0.0403 -0.9117
vn 0.8691 -0.3600 -0.3392
vn -0.0000 -0.1066 -0.9943
vn -0.0000 -0.0738 -0.9973
vn 0.3843 -0.1516 -0.9107
vn 0.0050 0.0121 -0.9999
vn 0.7822 -0.5226 -0.3393
vn 0.3403 -0.2274 -0.9124
vn 0.6652 -0.6652 -0.3393
vn -0.0000 -0.3538 -0.9353
vn -0.7851 -0.5199 -0.3365
vn -0.3405 -0.2219 -0.9137
vn -0.0128 -0.1139 -0.9934
vn -0.0326 -0.3895 -0.9204
vn -0.8755 -0.3626 -0.3194
vn -0.0241 -0.8954 -0.4445
vn -0.0287 -0.9996 -0.0001
vn 0.0001 -0.0000 -1.0000
vn -0.4157 -0.1046 -0.9034
vn -0.3843 -0.1516 -0.9107
vn -0.0050 0.0121 -0.9999
vn -0.0000 0.0057 -1.0000
vn -0.0022 0.0006 -1.0000
vn 0.7853 -0.5198 -0.3363
vn 0.3405 -0.2217 -0.9137
vn 0.8759 -0.3628 -0.3179
vn -0.0001 -0.4157 -0.9095
vn 0.0001 -0.8965 -0.4431
vn 0.0001 -0.1684 -0.9857
vn -0.0001 0.0057 -1.0000
vn -0.0001 0.0668 -0.9978
vn -0.0023 0.0006 -1.0000
vn 0.4150 -0.1040 -0.9039
vn 0.8691 -0.3600 -0.3393
vn 0.3844 -0.1515 -0.9107
vn 0.0051 0.0122 -0.9999
vn -0.0000 0.0034 -1.0000
vn 0.0018 0.0006 -1.0000
vn 0.0001 0.0350 -0.9994
vn -0.7802 -0.5244 -0.3411
vn -0.3400 -0.2311 -0.9116
vn -0.0001 -0.2189 -0.9757
vn 0.0001 -0.4111 -0.9116
vn -0.8539 -0.3839 -0.3513
vn -0.0001 -0.8963 -0.4435
vn 0.9952 -0.0980 0.0001
vn 0.5226 -0.7822 -0.3392
vn -0.0000 -0.0003 -1.0000
vn -0.7071 -0.7071 -0.0001
vn -0.7794 -0.5251 -0.3418
vn -0.3399 -0.2326 -0.9112
vn 0.0126 -0.1139 -0.9934
vn 0.0328 -0.3895 -0.9204
vn -0.8523 -0.3832 -0.3559
vn 0.0239 -0.8955 -0.4445
vn 0.0285 -0.9996 -0.0005
vn 0.0011 -0.0033 -1.0000
vn -0.8315 -0.5556 -0.0001
vn -0.7821 -0.5226 -0.3393
vn 0.7851 -0.5199 -0.3365
vn 0.3405 -0.2219 -0.9137
vn 0.8755 -0.3627 -0.3194
vn 0.0287 -0.9996 -0.0000
vn 0.0241 -0.8955 -0.4445
vn 0.0326 -0.3895 -0.9204
vn 0.0128 -0.1139 -0.9934
vn 0.4158 -0.1046 -0.9034
vn 0.7822 -0.5226 -0.3392
vn 0.0022 0.0006 -1.0000
vn -0.7853 -0.5198 -0.3364
vn -0.3405 -0.2217 -0.9137
vn -0.8759 -0.3628 -0.3180
vn 0.0001 -0.4157 -0.9095
vn -0.0001 -0.8965 -0.4431
vn -0.0001 -0.1684 -0.9857
vn 0.0023 0.0006 -1.0000
vn 0.0001 0.0668 -0.9978
vn 0.0001 0.0057 -1.0000
vn -0.9808 -0.1951 -0.0001
vn 0.0001 1.0000 -0.0001
vn -0.0000 0.0082 -1.0000
vn -0.0023 0.0008 -1.0000
vn 0.7796 -0.5249 -0.3416
vn 0.3400 -0.2322 -0.9113
vn 0.8528 -0.3834 -0.3547
vn 0.9126 -0.4088 0.0001
vn -0.0001 -0.3917 -0.9201
vn 0.0001 -0.8955 -0.4450
vn 0.0001 -0.1581 -0.9874
vn -0.0001 0.0082 -1.0000
vn -0.0001 0.0795 -0.9968
vn -0.0024 0.0008 -1.0000
vn -0.8691 -0.3600 -0.3392
vn 0.0192 -0.0964 -0.9952
vn -0.0663 -0.0660 -0.9956
vn -0.0018 0.0006 -1.0000
vn -0.0001 0.0350 -0.9994
vn 0.7802 -0.5244 -0.3411
vn 0.3400 -0.2311 -0.9116
vn 0.8539 -0.3839 -0.3513
vn 0.0001 -0.8963 -0.4435
vn -0.0001 -0.4110 -0.9116
vn 0.0001 -0.2189 -0.9758
vn 0.9391 -0.0925 -0.3310
vn 0.9250 -0.1840 -0.3325
vn 0.4075 -0.0783 -0.9098
vn 0.4150 -0.0409 -0.9089
vn 0.8699 -0.3588 -0.3383
vn 0.0065 0.0066 -1.0000
vn 0.3809 -0.1518 -0.9121
vn 0.0024 0.0057 -1.0000
vn 0.0023 0.0008 -1.0000
vn -0.5556 -0.8315 0.0001
vn -0.5226 -0.7822 -0.3392
vn -0.6652 -0.6652 -0.3392
vn -0.7796 -0.5249 -0.3416
vn -0.3400 -0.2322 -0.9113
vn -0.8528 -0.3834 -0.3546
vn -0.9126 -0.4088 0.0001
vn 0.0001 -0.3917 -0.9201
vn -0.0001 -0.8956 -0.4449
vn -0.0001 -0.1581 -0.9874
vn 0.0024 0.0008 -1.0000
vn 0.0001 0.0795 -0.9968
vn 0.0001 0.0082 -1.0000
vt 0.989700 0.570500
vt 0.989700 0.751300
vt 0.011100 0.751300
vt 0.011100 0.570500
vt 0.989700 0.782100
vt 0.011100 0.782100
vt 0.989700 0.344400
vt 0.989700 0.533400
vt 0.011100 0.533400
vt 0.011100 0.344400
vt 0.989700 0.549800
vt 0.011100 0.549800
vt 0.989700 0.338200
vt 0.011100 0.338200
vt 0.988700 0.751300
vt 0.988700 0.570500
vt 0.988700 0.782100
vt 0.988700 0.533400
vt 0.988700 0.344400
vt 0.988700 0.549800
vt 0.988700 0.338200
vt 0.011100 0.539600
vt 0.989700 0.539600
vt 0.988700 0.539600
vt 0.689300 0.549800
vt 0.689300 0.539600
vt 0.683100 0.533400
vt 0.668700 0.570500
vt 0.487900 0.751300
vt 0.487900 0.782100
vt 0.494100 0.344400
vt 0.487900 0.338200
vt 0.786500 0.549800
vt 0.786500 0.539600
vt 0.786500 0.533400
vt 0.786500 0.751300
vt 0.786500 0.570500
vt 0.786500 0.782100
vt 0.786500 0.344400
vt 0.786500 0.338200
vt 0.003300 0.187800
vt 0.061000 0.187800
vt 0.061000 0.154300
vt 0.003300 0.154300
vt 0.147600 0.187800
vt 0.147600 0.154300
vt 0.263000 0.154300
vt 0.263000 0.187800
vt 0.378400 0.154300
vt 0.378400 0.187800
vt 0.493800 0.154300
vt 0.493800 0.187800
vt 0.609100 0.154300
vt 0.609100 0.187800
vt 0.724500 0.154300
vt 0.724500 0.187800
vt 0.839900 0.154300
vt 0.839900 0.187800
vt 0.926500 0.154300
vt 0.926500 0.187800
vt 0.926500 0.019700
vt 0.839900 0.019700
vt 0.724500 0.019700
vt 0.609100 0.019700
vt 0.493800 0.019700
vt 0.378400 0.019700
vt 0.263000 0.019700
vt 0.147600 0.019700
vt 0.061000 0.019700
vt 0.003300 0.019700
vt 0.926500 0.063800
vt 0.926500 0.004700
vt 0.839900 0.004700
vt 0.839900 0.063800
vt 0.724500 0.063800
vt 0.724500 0.004700
vt 0.609100 0.063800
vt 0.609100 0.004700
vt 0.493800 0.063800
vt 0.493800 0.004700
vt 0.378400 0.063800
vt 0.378400 0.004700
vt 0.263000 0.063800
vt 0.263000 0.004700
vt 0.147600 0.063800
vt 0.155100 0.004700
vt 0.147600 0.006100
vt 0.061000 0.014800
vt 0.061000 0.063800
vt 0.003300 0.016300
vt 0.003300 0.063800
vt 0.926500 0.206700
vt 0.839900 0.206700
vt 0.839900 0.216900
vt 0.926500 0.216900
vt 0.724500 0.216900
vt 0.724500 0.206700
vt 0.609100 0.216900
vt 0.609100 0.206700
vt 0.493800 0.216900
vt 0.493800 0.206700
vt 0.378400 0.216900
vt 0.378400 0.206700
vt 0.263000 0.216900
vt 0.263000 0.206700
vt 0.204700 0.216900
vt 0.156000 0.206700
vt 0.839900 0.326300
vt 0.926500 0.326300
vt 0.724500 0.326300
vt 0.609100 0.326300
vt 0.493800 0.326300
vt 0.378400 0.326300
vt 0.263000 0.326300
vt 0.195500 0.218900
vt 0.155100 0.326300
vt 0.155500 0.227400
vt 0.169000 0.004700
vt 0.147600 0.008800
vt 0.061000 0.017400
vt 0.003300 0.018900
vt 0.147600 0.206700
vt 0.169000 0.216900
vt 0.147600 0.212800
vt 0.061000 0.203600
vt 0.169000 0.326300
vt 0.061000 0.195500
vt 0.124300 0.202500
vt 0.003300 0.192900
vt 0.147600 0.205100
vt 0.003300 0.201800
vt 0.531200 0.063800
vt 0.473100 0.063800
vt 0.473100 0.154300
vt 0.531200 0.154300
vt 0.414900 0.154300
vt 0.589400 0.063800
vt 0.414900 0.063800
vt 0.589400 0.154300
vt 0.356800 0.154300
vt 0.647600 0.063800
vt 0.356800 0.063800
vt 0.647600 0.154300
vt 0.298600 0.154300
vt 0.705700 0.063800
vt 0.298600 0.063800
vt 0.705700 0.154300
vt 0.240400 0.154300
vt 0.763900 0.063800
vt 0.240400 0.063800
vt 0.763900 0.154300
vt 0.182300 0.154300
vt 0.822000 0.063800
vt 0.182300 0.063800
vt 0.822000 0.154300
vt 0.124100 0.154300
vt 0.865700 0.063800
vt 0.124100 0.063800
vt 0.067300 0.154300
vt 0.067300 0.063800
vt 0.865700 0.154300
vt 0.880200 0.063800
vt 0.880200 0.154300
vt 0.531200 0.004700
vt 0.473100 0.004700
vt 0.589400 0.004700
vt 0.414900 0.004700
vt 0.647600 0.004700
vt 0.356800 0.004700
vt 0.705700 0.004700
vt 0.298600 0.004700
vt 0.763900 0.004700
vt 0.240400 0.004700
vt 0.822000 0.004700
vt 0.182300 0.004700
vt 0.865700 0.004700
vt 0.124100 0.004700
vt 0.067100 0.004700
vt 0.880200 0.004700
vt 0.531200 0.206700
vt 0.473100 0.206700
vt 0.473100 0.216900
vt 0.531200 0.216900
vt 0.414900 0.216900
vt 0.589400 0.206700
vt 0.414900 0.206700
vt 0.589400 0.216900
vt 0.356800 0.216900
vt 0.647600 0.206700
vt 0.356800 0.206700
vt 0.647600 0.216900
vt 0.298600 0.216900
vt 0.699100 0.216900
vt 0.705700 0.206700
vt 0.739400 0.206700
vt 0.298600 0.206700
vt 0.240400 0.216900
vt 0.240400 0.206700
vt 0.182300 0.216900
vt 0.182300 0.206700
vt 0.124100 0.216900
vt 0.124100 0.206700
vt 0.067100 0.216900
vt 0.067100 0.206700
vt 0.473100 0.326300
vt 0.531200 0.326300
vt 0.414900 0.326300
vt 0.589400 0.326300
vt 0.356800 0.326300
vt 0.298600 0.326300
vt 0.240400 0.326300
vt 0.182300 0.326300
vt 0.124100 0.326300
vt 0.067100 0.326300
vt 0.647600 0.326300
vt 0.705700 0.216900
vt 0.705700 0.326300
vt 0.740500 0.226800
vt 0.763900 0.326300
vt 0.763900 0.232100
vt 0.822000 0.326300
vt 0.822000 0.216900
vt 0.865700 0.216900
vt 0.865700 0.326300
vt 0.880200 0.216900
vt 0.880200 0.326300
vt 0.531200 0.187800
vt 0.589400 0.187800
vt 0.473100 0.187800
vt 0.647600 0.187800
vt 0.705700 0.187800
vt 0.414900 0.187800
vt 0.763900 0.187800
vt 0.356800 0.187800
vt 0.822000 0.187800
vt 0.298600 0.187800
vt 0.240400 0.187800
vt 0.865700 0.187800
vt 0.182300 0.187800
vt 0.880200 0.187800
vt 0.124100 0.187800
vt 0.067200 0.187800
vt 0.531200 0.190500
vt 0.589400 0.190500
vt 0.473100 0.190500
vt 0.647600 0.190500
vt 0.414900 0.190500
vt 0.705700 0.190500
vt 0.356800 0.190500
vt 0.763900 0.190500
vt 0.298600 0.190500
vt 0.822000 0.190500
vt 0.240400 0.190500
vt 0.865700 0.190500
vt 0.880200 0.190500
vt 0.182300 0.190500
vt 0.124100 0.190500
vt 0.067200 0.190500
vt 0.744500 0.206700
vt 0.763900 0.206700
vt 0.822000 0.206700
vt 0.865700 0.206700
vt 0.880200 0.206700
vt 0.155100 0.216900
vt 0.147600 0.215400
vt 0.061000 0.206800
vt 0.150300 0.004700
vt 0.147600 0.005200
vt 0.061000 0.013900
vt 0.003300 0.015400
vt 0.150300 0.216900
vt 0.147600 0.216400
vt 0.061000 0.207200
vt 0.150300 0.326300
vt 0.003300 0.204900
vt 0.003300 0.206000
vt 0.066000 0.187800
vt 0.066000 0.154300
vt 0.066000 0.190500
vt 0.066000 0.206700
vt 0.066000 0.063800
vt 0.066000 0.004700
vt 0.066000 0.216900
vt 0.066000 0.326300
vt 0.839900 0.014800
vt 0.926500 0.014800
vt 0.724500 0.014800
vt 0.609100 0.014800
vt 0.493800 0.014800
vt 0.378400 0.014800
vt 0.263000 0.014800
vt 0.147600 0.014800
vt 0.003300 0.014800
vt 0.934500 0.063800
vt 0.934500 0.154300
vt 0.996500 0.154300
vt 0.996500 0.063800
vt 0.872400 0.154300
vt 0.872400 0.063800
vt 0.810300 0.154300
vt 0.810300 0.063800
vt 0.748200 0.154300
vt 0.748200 0.063800
vt 0.686200 0.154300
vt 0.686200 0.063800
vt 0.624100 0.154300
vt 0.624100 0.063800
vt 0.562000 0.154300
vt 0.562000 0.063800
vt 0.499900 0.154300
vt 0.499900 0.063800
vt 0.437900 0.154300
vt 0.437900 0.063800
vt 0.375800 0.154300
vt 0.375800 0.063800
vt 0.313700 0.154300
vt 0.313700 0.063800
vt 0.251600 0.154300
vt 0.251600 0.063800
vt 0.189600 0.154300
vt 0.189600 0.063800
vt 0.127500 0.154300
vt 0.127500 0.063800
vt 0.065400 0.154300
vt 0.065400 0.063800
vt 0.976800 0.030400
vt 0.934500 0.030400
vt 0.996500 0.032100
vt 0.934500 0.026500
vt 0.872400 0.030400
vt 0.872400 0.008300
vt 0.865200 0.004700
vt 0.810300 0.030400
vt 0.810300 0.004700
vt 0.748200 0.030400
vt 0.748200 0.004700
vt 0.686200 0.030400
vt 0.686200 0.004700
vt 0.624100 0.030400
vt 0.624100 0.004700
vt 0.562000 0.030400
vt 0.562000 0.004700
vt 0.499900 0.030400
vt 0.499900 0.004700
vt 0.437900 0.030400
vt 0.437900 0.004700
vt 0.375800 0.030400
vt 0.375800 0.004700
vt 0.313700 0.030400
vt 0.313700 0.004700
vt 0.251600 0.030400
vt 0.251600 0.004700
vt 0.189600 0.030400
vt 0.189600 0.004700
vt 0.127500 0.030400
vt 0.127500 0.004700
vt 0.065400 0.030400
vt 0.065400 0.004700
vt 0.003300 0.030400
vt 0.003300 0.004700
vt 0.065400 0.187800
vt 0.127500 0.187800
vt 0.189600 0.187800
vt 0.251600 0.187800
vt 0.313700 0.187800
vt 0.375800 0.187800
vt 0.437900 0.187800
vt 0.499900 0.187800
vt 0.562000 0.187800
vt 0.624100 0.187800
vt 0.686200 0.187800
vt 0.748200 0.187800
vt 0.810300 0.187800
vt 0.872400 0.187800
vt 0.934500 0.187800
vt 0.976800 0.187800
vt 0.996500 0.186000
vt 0.003300 0.190500
vt 0.065400 0.190500
vt 0.127500 0.190500
vt 0.189600 0.190500
vt 0.251600 0.190500
vt 0.313700 0.190500
vt 0.375800 0.190500
vt 0.437900 0.190500
vt 0.499900 0.190500
vt 0.562000 0.190500
vt 0.624100 0.190500
vt 0.686200 0.190500
vt 0.748200 0.190500
vt 0.810300 0.190500
vt 0.872400 0.190500
vt 0.934500 0.190500
vt 0.976800 0.190500
vt 0.065400 0.206700
vt 0.003300 0.206700
vt 0.127500 0.206700
vt 0.189600 0.206700
vt 0.251600 0.206700
vt 0.313700 0.206700
vt 0.375800 0.206700
vt 0.437900 0.206700
vt 0.499900 0.206700
vt 0.562000 0.206700
vt 0.624100 0.206700
vt 0.686200 0.206700
vt 0.748200 0.206700
vt 0.810300 0.206700
vt 0.872400 0.206700
vt 0.893800 0.206700
vt 0.934500 0.194500
vt 0.437900 0.216900
vt 0.499900 0.216900
vt 0.375800 0.216900
vt 0.562000 0.216900
vt 0.313700 0.216900
vt 0.624100 0.216900
vt 0.251600 0.216900
vt 0.686200 0.216900
vt 0.189600 0.216900
vt 0.748200 0.216900
vt 0.127500 0.216900
vt 0.065400 0.216900
vt 0.003300 0.216900
vt 0.810300 0.216900
vt 0.872400 0.213200
vt 0.865200 0.216900
vt 0.437900 0.326300
vt 0.499900 0.326300
vt 0.375800 0.326300
vt 0.562000 0.326300
vt 0.313700 0.326300
vt 0.624100 0.326300
vt 0.251600 0.326300
vt 0.686200 0.326300
vt 0.189600 0.326300
vt 0.748200 0.326300
vt 0.127500 0.326300
vt 0.810300 0.326300
vt 0.865200 0.326300
vt 0.065400 0.326300
vt 0.003300 0.326300
vt 0.936400 0.154300
vt 0.936400 0.063800
vt 0.942700 0.033200
vt 0.063500 0.154300
vt 0.056600 0.187800
vt 0.052200 0.004700
vt 0.056600 0.030400
vt 0.063500 0.063800
vt 0.056600 0.190500
vt 0.053900 0.206700
vt 0.052200 0.216900
vt 0.052200 0.326300
vt 0.942700 0.185000
vt 0.003300 0.162100
vt 0.127500 0.162100
vt 0.003300 0.145100
vt 0.127500 0.145100
vt 0.251600 0.162100
vt 0.251600 0.145100
vt 0.375800 0.162100
vt 0.375800 0.145100
vt 0.499900 0.162100
vt 0.614300 0.187800
vt 0.614300 0.216900
vt 0.499900 0.145100
vt 0.614300 0.162100
vt 0.728700 0.187800
vt 0.728700 0.216900
vt 0.614300 0.145100
vt 0.614300 0.063800
vt 0.728700 0.162100
vt 0.843100 0.187800
vt 0.843100 0.216900
vt 0.728700 0.145100
vt 0.728700 0.063800
vt 0.957500 0.187800
vt 0.957500 0.216900
vt 0.843100 0.162100
vt 0.957500 0.162100
vt 0.843100 0.145100
vt 0.843100 0.063800
vt 0.957500 0.145100
vt 0.957500 0.063800
vt 0.614300 0.326300
vt 0.728700 0.326300
vt 0.843100 0.326300
vt 0.957500 0.326300
vt 0.787800 0.063800
vt 0.787800 0.154300
vt 0.738400 0.206700
vt 0.728200 0.216900
vt 0.996500 0.216900
vt 0.996500 0.206700
vt 0.728200 0.326300
vt 0.996500 0.326300
vt 0.754100 0.187800
vt 0.996500 0.187800
vt 0.848700 0.154300
vt 0.848700 0.187800
vt 0.848700 0.206700
vt 0.848700 0.063800
vt 0.848700 0.216900
vt 0.848700 0.326300
vt 22.785400 0.288500
vt 22.785400 0.329400
vt 20.227800 0.329400
vt 20.227800 0.288500
vt 8.700400 0.288600
vt 8.700400 0.329500
vt -0.269400 0.329500
vt -0.269400 0.288600
vt 11.258000 0.288600
vt 11.258000 0.329400
vt 22.753000 0.392900
vt 20.260201 0.392900
vt 8.668000 0.393000
vt -0.237000 0.393000
vt 11.225600 0.393000
vt 8.732800 0.393000
vt 20.195400 0.393000
vt 11.290400 0.393000
vt 0.003300 0.186200
vt 0.121200 0.186200
vt 0.121200 0.155700
vt 0.003300 0.155700
vt 0.239000 0.155700
vt 0.239000 0.186200
vt 0.356900 0.155700
vt 0.356900 0.186200
vt 0.474700 0.155700
vt 0.474700 0.186200
vt 0.592600 0.155700
vt 0.592600 0.186200
vt 0.710400 0.155700
vt 0.710400 0.186200
vt 0.742800 0.155700
vt 0.771600 0.186200
vt 0.003300 0.191500
vt 0.121200 0.191500
vt 0.121200 0.206700
vt 0.239000 0.191500
vt 0.003300 0.209800
vt 0.121200 0.214900
vt 0.136500 0.216900
vt 0.239000 0.206700
vt 0.239000 0.216900
vt 0.356900 0.191500
vt 0.356900 0.206700
vt 0.356900 0.216900
vt 0.474700 0.191500
vt 0.474700 0.206700
vt 0.474700 0.216900
vt 0.592600 0.191500
vt 0.592600 0.206700
vt 0.592600 0.216900
vt 0.710400 0.191500
vt 0.771600 0.191500
vt 0.710400 0.206700
vt 0.782400 0.206700
vt 0.710400 0.216900
vt 0.788800 0.216900
vt 0.474700 0.063800
vt 0.356900 0.063800
vt 0.592600 0.063800
vt 0.239000 0.063800
vt 0.710400 0.063800
vt 0.121200 0.063800
vt 0.742800 0.063800
vt 0.474700 0.004700
vt 0.356900 0.004700
vt 0.356900 0.127700
vt 0.474700 0.127700
vt 0.239000 0.127700
vt 0.592600 0.004700
vt 0.239000 0.004700
vt 0.592600 0.127700
vt 0.710400 0.004700
vt 0.710400 0.127700
vt 0.742800 0.127700
vt 0.788800 0.004700
vt 0.121200 0.127700
vt 0.121200 0.006700
vt 0.136500 0.004700
vt 0.003300 0.011800
vt 0.003300 0.127700
vt 0.356900 0.326300
vt 0.474700 0.326300
vt 0.239000 0.326300
vt 0.136500 0.326300
vt 0.592600 0.326300
vt 0.710400 0.326300
vt 0.788800 0.326300
vt 0.121200 0.186900
vt 0.003300 0.182300
vt 0.290900 0.216900
vt 0.246300 0.206700
vt 0.239000 0.205100
vt 0.128700 0.191500
vt 0.128700 0.186200
vt 0.239000 0.016400
vt 0.290900 0.004700
vt 0.121200 0.051300
vt 0.003300 0.056000
vt 0.290900 0.326300
vt 0.003300 0.210000
vt 0.121200 0.215100
vt 0.135000 0.216900
vt 0.121200 0.006500
vt 0.135000 0.004700
vt 0.003300 0.011600
vt 0.135000 0.326300
vt 0.121200 0.186600
vt 0.003300 0.181900
vt 0.239000 0.204700
vt 0.131600 0.191500
vt 0.131600 0.186200
vt 0.248000 0.206700
vt 0.292500 0.216900
vt 0.239000 0.016800
vt 0.292500 0.004700
vt 0.121200 0.051700
vt 0.003300 0.056300
vt 0.292500 0.326300
vt 0.003300 0.181100
vt 0.121200 0.185700
vt 0.137500 0.186200
vt 0.137500 0.191500
vt 0.239000 0.203900
vt 0.251800 0.206700
vt 0.295800 0.216900
vt 0.239000 0.017700
vt 0.295800 0.004700
vt 0.121200 0.052500
vt 0.003300 0.057100
vt 0.295800 0.326300
vt 0.003300 0.182000
vt 0.131200 0.191500
vt 0.131200 0.186200
vt 0.247900 0.206700
vt 0.292300 0.216900
vt 0.292300 0.004700
vt 0.292300 0.326300
s 0
f 1/1/1 2/2/1 3/3/1
f 1/1/1 3/3/1 4/4/1
f 5/2/2 6/5/2 7/6/2
f 5/2/2 7/6/2 8/3/2
f 9/7/3 10/8/3 11/9/3
f 9/7/3 11/9/3 12/10/3
f 13/11/4 14/1/4 15/4/4
f 13/11/4 15/4/4 16/12/4
f 17/13/5 18/7/5 19/10/5
f 17/13/5 19/10/5 20/14/5
f 21/3/1 22/15/1 23/16/1
f 21/3/1 23/16/1 24/4/1
f 25/6/2 26/17/2 27/15/2
f 25/6/2 27/15/2 28/3/2
f 29/9/3 30/18/3 31/19/3
f 29/9/3 31/19/3 32/10/3
f 33/4/4 34/16/4 35/20/4
f 33/4/4 35/20/4 36/12/4
f 37/10/5 38/19/5 39/21/5
f 37/10/5 39/21/5 40/14/5
f 41/12/6 42/22/6 43/23/6
f 41/12/6 43/23/6 44/11/6
f 45/22/7 46/9/7 47/8/7
f 45/22/7 47/8/7 48/23/7
f 49/22/6 50/12/6 51/20/6
f 49/22/6 51/20/6 52/24/6
f 53/9/7 54/22/7 55/24/7
f 53/9/7 55/24/7 56/18/7
f 57/20/6 58/25/6 59/26/6
f 57/20/6 59/26/6 60/24/6
f 61/18/7 62/24/7 63/26/7
f 61/18/7 63/26/7 64/27/7
f 65/28/1 66/16/1 67/15/1
f 65/28/1 67/15/1 68/29/1
f 69/15/2 70/17/2 71/30/2
f 69/15/2 71/30/2 72/29/2
f 73/19/3 74/18/3 75/27/3
f 73/19/3 75/27/3 76/31/3
f 77/25/4 78/20/4 79/16/4
f 77/25/4 79/16/4 80/28/4
f 81/21/5 82/19/5 83/31/5
f 81/21/5 83/31/5 84/32/5
f 85/20/8 86/33/8 87/34/8
f 85/20/8 87/34/8 88/24/8
f 89/24/9 90/34/9 91/35/9
f 89/24/9 91/35/9 92/18/9
f 93/26/8 94/25/8 95/20/8
f 93/26/8 95/20/8 96/24/8
f 97/18/9 98/27/9 99/26/9
f 97/18/9 99/26/9 100/24/9
f 101/28/1 102/29/1 103/15/1
f 101/28/1 103/15/1 104/16/1
f 105/30/10 106/17/10 107/15/10
f 105/30/10 107/15/10 108/29/10
f 109/27/3 110/18/3 111/19/3
f 109/27/3 111/19/3 112/31/3
f 113/25/11 114/28/11 115/16/11
f 113/25/11 115/16/11 116/20/11
f 117/31/12 118/19/12 119/21/12
f 117/31/12 119/21/12 120/32/12
f 121/16/1 122/15/1 123/36/1
f 121/16/1 123/36/1 124/37/1
f 125/15/10 126/17/10 127/38/10
f 125/15/10 127/38/10 128/36/10
f 129/19/3 130/18/3 131/35/3
f 129/19/3 131/35/3 132/39/3
f 133/20/11 134/16/11 135/37/11
f 133/20/11 135/37/11 136/33/11
f 137/21/12 138/19/12 139/39/12
f 137/21/12 139/39/12 140/40/12
f 141/3/1 142/2/1 143/1/1
f 141/3/1 143/1/1 144/4/1
f 145/6/6 146/5/6 147/2/6
f 145/6/6 147/2/6 148/3/6
f 149/9/3 150/8/3 151/7/3
f 149/9/3 151/7/3 152/10/3
f 153/4/13 154/1/13 155/11/13
f 153/4/13 155/11/13 156/12/13
f 157/10/7 158/7/7 159/13/7
f 157/10/7 159/13/7 160/14/7
f 161/16/1 162/15/1 163/3/1
f 161/16/1 163/3/1 164/4/1
f 165/15/6 166/17/6 167/6/6
f 165/15/6 167/6/6 168/3/6
f 169/19/3 170/18/3 171/9/3
f 169/19/3 171/9/3 172/10/3
f 173/20/13 174/16/13 175/4/13
f 173/20/13 175/4/13 176/12/13
f 177/21/7 178/19/7 179/10/7
f 177/21/7 179/10/7 180/14/7
f 181/23/2 182/22/2 183/12/2
f 181/23/2 183/12/2 184/11/2
f 185/8/14 186/9/14 187/22/14
f 185/8/5 187/22/5 188/23/5
f 189/20/2 190/12/2 191/22/2
f 189/20/2 191/22/2 192/24/2
f 193/24/5 194/22/5 195/9/5
f 193/24/5 195/9/5 196/18/5
f 197/26/2 198/25/2 199/20/2
f 197/26/2 199/20/2 200/24/2
f 201/18/5 202/27/5 203/26/5
f 201/18/5 203/26/5 204/24/5
f 205/28/1 206/29/1 207/15/1
f 205/28/1 207/15/1 208/16/1
f 209/30/6 210/17/6 211/15/6
f 209/30/6 211/15/6 212/29/6
f 213/27/3 214/18/3 215/19/3
f 213/27/3 215/19/3 216/31/3
f 217/25/13 218/28/13 219/16/13
f 217/25/13 219/16/13 220/20/13
f 221/31/7 222/19/7 223/21/7
f 221/31/7 223/21/7 224/32/7
f 225/34/8 226/33/8 227/20/8
f 225/34/8 227/20/8 228/24/8
f 229/35/9 230/34/9 231/24/9
f 229/35/9 231/24/9 232/18/9
f 233/20/8 234/25/8 235/26/8
f 233/20/8 235/26/8 236/24/8
f 237/18/9 238/24/9 239/26/9
f 237/18/9 239/26/9 240/27/9
f 241/28/1 242/16/1 243/15/1
f 241/28/1 243/15/1 244/29/1
f 245/15/10 246/17/10 247/30/10
f 245/15/10 247/30/10 248/29/10
f 249/19/3 250/18/3 251/27/3
f 249/19/3 251/27/3 252/31/3
f 253/25/11 254/20/11 255/16/11
f 253/25/11 255/16/11 256/28/11
f 257/21/12 258/19/12 259/31/12
f 257/21/15 259/31/15 260/32/15
f 261/36/1 262/15/1 263/16/1
f 261/36/1 263/16/1 264/37/1
f 265/38/10 266/17/10 267/15/10
f 265/38/10 267/15/10 268/36/10
f 269/35/3 270/18/3 271/19/3
f 269/35/3 271/19/3 272/39/3
f 273/37/11 274/16/11 275/20/11
f 273/37/11 275/20/11 276/33/11
f 277/39/12 278/19/12 279/21/12
f 277/39/12 279/21/12 280/40/12
f 281/3/1 282/2/1 283/1/1
f 281/3/1 283/1/1 284/4/1
f 285/6/2 286/5/2 287/2/2
f 285/6/2 287/2/2 288/3/2
f 289/9/3 290/8/3 291/7/3
f 289/9/3 291/7/3 292/10/3
f 293/4/4 294/1/4 295/11/4
f 293/4/4 295/11/4 296/12/4
f 297/10/5 298/7/5 299/13/5
f 297/10/5 299/13/5 300/14/5
f 301/16/1 302/15/1 303/3/1
f 301/16/1 303/3/1 304/4/1
f 305/15/2 306/17/2 307/6/2
f 305/15/2 307/6/2 308/3/2
f 309/19/3 310/18/3 311/9/3
f 309/19/3 311/9/3 312/10/3
f 313/20/4 314/16/4 315/4/4
f 313/20/4 315/4/4 316/12/4
f 317/21/5 318/19/5 319/10/5
f 317/21/5 319/10/5 320/14/5
f 321/23/6 322/22/6 323/12/6
f 321/23/6 323/12/6 324/11/6
f 325/8/7 326/9/7 327/22/7
f 325/8/7 327/22/7 328/23/7
f 329/20/6 330/12/6 331/22/6
f 329/20/16 331/22/16 332/24/16
f 333/24/7 334/22/7 335/9/7
f 333/24/7 335/9/7 336/18/7
f 337/26/6 338/25/6 339/20/6
f 337/26/16 339/20/16 340/24/16
f 341/18/17 342/27/17 343/26/17
f 341/18/7 343/26/7 344/24/7
f 345/28/1 346/29/1 347/15/1
f 345/28/1 347/15/1 348/16/1
f 349/30/2 350/17/2 351/15/2
f 349/30/2 351/15/2 352/29/2
f 353/27/3 354/18/3 355/19/3
f 353/27/3 355/19/3 356/31/3
f 357/25/4 358/28/4 359/16/4
f 357/25/4 359/16/4 360/20/4
f 361/31/5 362/19/5 363/21/5
f 361/31/5 363/21/5 364/32/5
f 365/34/10 366/33/10 367/20/10
f 365/34/10 367/20/10 368/24/10
f 369/35/12 370/34/12 371/24/12
f 369/35/12 371/24/12 372/18/12
f 373/20/10 374/25/10 375/26/10
f 373/20/10 375/26/10 376/24/10
f 377/18/12 378/24/12 379/26/12
f 377/18/12 379/26/12 380/27/12
f 381/28/1 382/16/1 383/15/1
f 381/28/1 383/15/1 384/29/1
f 385/15/8 386/17/8 387/30/8
f 385/15/8 387/30/8 388/29/8
f 389/19/3 390/18/3 391/27/3
f 389/19/3 391/27/3 392/31/3
f 393/25/18 394/20/18 395/16/18
f 393/25/18 395/16/18 396/28/18
f 397/21/9 398/19/9 399/31/9
f 397/21/9 399/31/9 400/32/9
f 401/36/1 402/15/1 403/16/1
f 401/36/1 403/16/1 404/37/1
f 405/38/8 406/17/8 407/15/8
f 405/38/8 407/15/8 408/36/8
f 409/35/3 410/18/3 411/19/3
f 409/35/3 411/19/3 412/39/3
f 413/37/18 414/16/18 415/20/18
f 413/37/18 415/20/18 416/33/18
f 417/39/9 418/19/9 419/21/9
f 417/39/9 419/21/9 420/40/9
f 421/1/1 422/2/1 423/3/1
f 421/1/1 423/3/1 424/4/1
f 425/2/6 426/5/6 427/6/6
f 425/2/6 427/6/6 428/3/6
f 429/7/3 430/8/3 431/9/3
f 429/7/3 431/9/3 432/10/3
f 433/11/13 434/1/13 435/4/13
f 433/11/13 435/4/13 436/12/13
f 437/13/7 438/7/7 439/10/7
f 437/13/7 439/10/7 440/14/7
f 441/3/1 442/15/1 443/16/1
f 441/3/1 443/16/1 444/4/1
f 445/6/6 446/17/6 447/15/6
f 445/6/6 447/15/6 448/3/6
f 449/9/3 450/18/3 451/19/3
f 449/9/3 451/19/3 452/10/3
f 453/4/13 454/16/13 455/20/13
f 453/4/13 455/20/13 456/12/13
f 457/10/7 458/19/7 459/21/7
f 457/10/7 459/21/7 460/14/7
f 461/12/2 462/22/2 463/23/2
f 461/12/2 463/23/2 464/11/2
f 465/22/5 466/9/5 467/8/5
f 465/22/5 467/8/5 468/23/5
f 469/22/2 470/12/2 471/20/2
f 469/22/2 471/20/2 472/24/2
f 473/9/5 474/22/5 475/24/5
f 473/9/5 475/24/5 476/18/5
f 477/20/2 478/25/2 479/26/2
f 477/20/2 479/26/2 480/24/2
f 481/18/5 482/24/5 483/26/5
f 481/18/5 483/26/5 484/27/5
f 485/28/1 486/16/1 487/15/1
f 485/28/1 487/15/1 488/29/1
f 489/15/6 490/17/6 491/30/6
f 489/15/6 491/30/6 492/29/6
f 493/19/3 494/18/3 495/27/3
f 493/19/3 495/27/3 496/31/3
f 497/25/13 498/20/13 499/16/13
f 497/25/13 499/16/13 500/28/13
f 501/21/7 502/19/7 503/31/7
f 501/21/7 503/31/7 504/32/7
f 505/20/10 506/33/10 507/34/10
f 505/20/10 507/34/10 508/24/10
f 509/24/12 510/34/12 511/35/12
f 509/24/12 511/35/12 512/18/12
f 513/26/10 514/25/10 515/20/10
f 513/26/10 515/20/10 516/24/10
f 517/18/12 518/27/12 519/26/12
f 517/18/12 519/26/12 520/24/12
f 521/28/1 522/29/1 523/15/1
f 521/28/1 523/15/1 524/16/1
f 525/30/8 526/17/8 527/15/8
f 525/30/8 527/15/8 528/29/8
f 529/27/3 530/18/3 531/19/3
f 529/27/3 531/19/3 532/31/3
f 533/25/18 534/28/18 535/16/18
f 533/25/18 535/16/18 536/20/18
f 537/31/9 538/19/9 539/21/9
f 537/31/19 539/21/19 540/32/19
f 541/16/1 542/15/1 543/36/1
f 541/16/1 543/36/1 544/37/1
f 545/15/8 546/17/8 547/38/8
f 545/15/8 547/38/8 548/36/8
f 549/19/3 550/18/3 551/35/3
f 549/19/3 551/35/3 552/39/3
f 553/20/18 554/16/18 555/37/18
f 553/20/18 555/37/18 556/33/18
f 557/21/9 558/19/9 559/39/9
f 557/21/9 559/39/9 560/40/9
f 561/41/6 562/42/6 563/43/6
f 561/41/6 563/43/6 564/44/6
f 563/43/6 562/42/6 565/45/6
f 563/43/6 565/45/6 566/46/6
f 565/45/6 567/47/6 566/46/6
f 565/45/6 568/48/6 567/47/6
f 568/48/6 569/49/6 567/47/6
f 568/48/6 570/50/6 569/49/6
f 570/50/6 571/51/6 569/49/6
f 570/50/6 572/52/6 571/51/6
f 572/52/6 573/53/6 571/51/6
f 572/52/6 574/54/6 573/53/6
f 574/54/6 575/55/6 573/53/6
f 574/54/6 576/56/6 575/55/6
f 576/56/6 577/57/6 575/55/6
f 576/56/6 578/58/6 577/57/6
f 578/58/6 579/59/6 577/57/6
f 578/58/6 580/60/6 579/59/6
s 1
f 581/61/1 582/62/20 583/57/20
f 581/61/1 583/57/20 584/59/1
f 582/62/20 585/55/21 583/57/20
f 582/62/20 586/63/21 585/55/21
f 586/63/21 587/53/22 585/55/21
f 586/63/21 588/64/22 587/53/22
f 588/64/22 589/51/23 587/53/22
f 588/64/22 590/65/23 589/51/23
f 590/65/23 591/49/24 589/51/23
f 590/65/23 592/66/24 591/49/24
f 592/66/24 593/47/25 591/49/24
f 592/66/24 594/67/25 593/47/25
f 594/67/25 595/46/26 593/47/25
f 594/67/25 596/68/26 595/46/26
f 596/68/26 597/43/27 595/46/26
f 596/68/26 598/69/27 597/43/27
f 598/69/27 599/44/28 597/43/27
f 598/69/27 600/70/28 599/44/28
s 0
f 601/71/2 602/72/2 603/73/2
f 601/71/2 603/73/2 604/74/2
f 603/73/2 605/75/2 604/74/2
f 603/73/2 606/76/2 605/75/2
f 606/76/2 607/77/2 605/75/2
f 606/76/2 608/78/2 607/77/2
f 608/78/2 609/79/2 607/77/2
f 608/78/2 610/80/2 609/79/2
f 610/80/2 611/81/2 609/79/2
f 610/80/2 612/82/2 611/81/2
f 612/82/2 613/83/2 611/81/2
f 612/82/2 614/84/2 613/83/2
f 613/83/2 614/84/2 615/85/2
f 616/86/2 615/85/2 614/84/2
f 616/86/2 617/87/2 615/85/2
f 615/85/2 617/87/2 618/88/2
f 615/85/2 618/88/2 619/89/2
f 619/89/2 618/88/2 620/90/2
f 619/89/2 620/90/2 621/91/2
f 622/92/6 623/93/6 624/94/6
f 622/92/6 624/94/6 625/95/6
f 623/93/6 626/96/6 624/94/6
f 623/93/6 627/97/6 626/96/6
f 627/97/6 628/98/6 626/96/6
f 627/97/6 629/99/6 628/98/6
f 629/99/6 630/100/6 628/98/6
f 629/99/6 631/101/6 630/100/6
f 631/101/6 632/102/6 630/100/6
f 631/101/6 633/103/6 632/102/6
s 1
f 633/103/6 634/104/29 632/102/6
f 633/103/6 635/105/30 634/104/29
f 636/106/31 634/104/29 635/105/30
f 636/106/31 635/105/30 637/107/32
f 638/95/3 639/94/33 640/108/33
f 638/95/3 640/108/33 641/109/3
f 639/94/33 642/110/34 640/108/33
f 639/94/33 643/96/34 642/110/34
f 643/96/34 644/111/35 642/110/34
f 643/96/34 645/98/35 644/111/35
f 645/98/35 646/112/36 644/111/35
f 645/98/35 647/100/36 646/112/36
f 647/100/36 648/113/37 646/112/36
f 647/100/36 649/102/37 648/113/37
f 649/102/37 650/114/38 648/113/37
f 649/102/37 651/104/39 650/114/38
f 651/104/39 652/115/40 650/114/38
f 651/104/39 653/106/41 652/115/40
f 652/115/40 654/116/42 650/114/38
f 652/115/40 655/117/43 654/116/42
s 0
f 656/43/6 657/42/6 658/41/6
f 656/43/6 658/41/6 659/44/6
f 656/43/6 660/45/6 657/42/6
f 656/43/6 661/46/6 660/45/6
f 661/46/6 662/48/6 660/45/6
f 661/46/6 663/47/6 662/48/6
f 663/47/6 664/50/6 662/48/6
f 663/47/6 665/49/6 664/50/6
f 665/49/6 666/52/6 664/50/6
f 665/49/6 667/51/6 666/52/6
f 667/51/6 668/54/6 666/52/6
f 667/51/6 669/53/6 668/54/6
f 669/53/6 670/56/6 668/54/6
f 669/53/6 671/55/6 670/56/6
f 671/55/6 672/58/6 670/56/6
f 671/55/6 673/57/6 672/58/6
f 672/58/6 673/57/6 674/59/6
f 672/58/6 674/59/6 675/60/6
s 1
f 676/57/44 677/62/44 678/61/1
f 676/57/44 678/61/1 679/59/1
f 676/57/44 680/63/45 677/62/44
f 676/57/44 681/55/45 680/63/45
f 681/55/45 682/64/46 680/63/45
f 681/55/45 683/53/46 682/64/46
f 683/53/46 684/65/47 682/64/46
f 683/53/46 685/51/48 684/65/47
f 685/51/48 686/66/49 684/65/47
f 685/51/48 687/49/49 686/66/49
f 687/49/49 688/67/50 686/66/49
f 687/49/49 689/47/50 688/67/50
f 689/47/50 690/68/51 688/67/50
f 689/47/50 691/46/51 690/68/51
f 691/46/51 692/69/52 690/68/51
f 691/46/51 693/43/52 692/69/52
f 693/43/52 694/70/53 692/69/52
f 693/43/52 695/44/53 694/70/53
s 0
f 696/71/2 697/74/2 698/73/2
f 696/71/2 698/73/2 699/72/2
f 697/74/2 700/76/2 698/73/2
f 697/74/2 701/75/2 700/76/2
f 701/75/2 702/78/2 700/76/2
f 701/75/2 703/77/2 702/78/2
f 703/77/2 704/80/2 702/78/2
f 703/77/2 705/79/2 704/80/2
f 705/79/2 706/82/2 704/80/2
f 705/79/2 707/81/2 706/82/2
s 1
f 707/81/2 708/84/54 706/82/2
f 707/81/2 709/83/55 708/84/54
f 708/84/54 709/83/55 710/118/56
f 711/85/57 710/118/56 709/83/55
f 711/85/57 712/119/58 710/118/56
f 711/85/57 713/120/59 712/119/58
f 711/85/57 714/89/60 713/120/59
f 714/89/60 715/121/61 713/120/59
f 714/89/60 716/91/62 715/121/61
s 0
f 717/94/6 718/93/6 719/92/6
f 717/94/6 719/92/6 720/95/6
f 717/94/6 721/97/6 718/93/6
f 717/94/6 722/96/6 721/97/6
f 722/96/6 723/99/6 721/97/6
f 722/96/6 724/98/6 723/99/6
f 724/98/6 725/101/6 723/99/6
f 724/98/6 726/100/6 725/101/6
f 726/100/6 727/103/6 725/101/6
f 726/100/6 728/102/6 727/103/6
f 728/102/6 729/105/6 727/103/6
s 1
f 728/102/6 730/104/63 729/105/6
f 729/105/6 730/104/63 731/122/64
f 732/123/65 731/122/64 730/104/63
f 732/123/65 733/124/66 731/122/64
f 731/122/64 733/124/66 734/125/67
f 735/108/68 736/94/68 737/95/3
f 735/108/68 737/95/3 738/109/3
f 735/108/68 739/96/69 736/94/68
f 735/108/68 740/110/69 739/96/69
f 740/110/69 741/98/70 739/96/69
f 740/110/69 742/111/70 741/98/70
f 742/111/70 743/100/71 741/98/70
f 742/111/70 744/112/71 743/100/71
f 744/112/71 745/102/72 743/100/71
f 744/112/71 746/113/72 745/102/72
f 746/113/72 747/104/73 745/102/72
f 746/113/72 748/114/74 747/104/73
f 748/114/74 749/123/75 747/104/73
f 748/114/74 750/126/76 749/123/75
f 751/42/77 752/127/78 753/128/79
f 754/129/80 752/127/78 751/42/77
f 754/129/80 751/42/77 755/41/81
f 751/42/77 753/128/79 756/45/82
f 756/45/82 753/128/79 757/130/83
f 756/45/82 757/130/83 758/48/84
f 759/107/85 758/48/84 757/130/83
f 759/107/85 760/105/86 758/48/84
f 760/105/86 761/50/87 758/48/84
f 760/105/86 762/103/87 761/50/87
f 762/103/87 763/52/88 761/50/87
f 762/103/87 764/101/88 763/52/88
f 764/101/88 765/54/89 763/52/88
f 764/101/88 766/99/89 765/54/89
f 766/99/89 767/56/90 765/54/89
f 766/99/89 768/97/90 767/56/90
f 768/97/90 769/58/91 767/56/90
f 768/97/90 770/93/92 769/58/91
f 770/93/92 771/60/93 769/58/91
f 770/93/92 772/92/93 771/60/93
f 773/52/94 774/54/95 775/99/95
f 773/52/94 775/99/95 776/101/94
f 774/54/95 777/97/96 775/99/95
f 778/50/97 773/52/94 776/101/94
f 774/54/95 779/56/96 777/97/96
f 778/50/97 776/101/94 780/103/97
f 779/56/96 781/93/98 777/97/96
f 782/48/99 778/50/97 780/103/97
f 779/56/96 783/58/100 781/93/98
f 783/58/100 784/92/93 781/93/98
f 783/58/100 785/60/93 784/92/93
f 782/48/99 780/103/97 786/105/99
f 787/45/101 782/48/99 786/105/99
f 787/45/101 786/105/99 788/122/102
f 789/125/103 787/45/101 788/122/102
f 789/125/103 790/42/104 787/45/101
f 791/131/105 790/42/104 789/125/103
f 791/131/105 792/41/106 790/42/104
f 793/132/4 794/133/107 795/134/107
f 793/132/4 795/134/107 796/135/4
f 794/133/107 797/136/108 795/134/107
f 798/137/109 793/132/4 796/135/4
f 794/133/107 799/138/108 797/136/108
f 798/137/109 796/135/4 800/139/109
f 799/138/108 801/140/110 797/136/108
f 802/141/111 798/137/109 800/139/109
f 799/138/108 803/142/110 801/140/110
f 802/141/111 800/139/109 804/143/111
f 803/142/110 805/144/112 801/140/110
f 806/145/113 802/141/111 804/143/111
f 803/142/110 807/146/112 805/144/112
f 806/145/113 804/143/111 808/147/113
f 807/146/112 809/148/114 805/144/112
f 810/149/115 806/145/113 808/147/113
f 807/146/112 811/150/114 809/148/114
f 810/149/115 808/147/113 812/151/116
f 811/150/114 813/152/117 809/148/114
f 814/153/118 810/149/115 812/151/116
f 811/150/114 815/154/117 813/152/117
f 814/153/118 812/151/116 816/155/118
f 815/154/117 817/156/119 813/152/117
f 818/157/120 814/153/118 816/155/118
f 815/154/117 819/158/119 817/156/119
f 819/158/119 820/159/1 817/156/119
f 819/158/119 821/160/1 820/159/1
f 818/157/120 816/155/118 822/161/120
s 0
f 823/162/120 818/157/120 822/161/120
f 823/162/120 822/161/120 824/163/120
f 825/164/10 826/165/10 827/133/10
f 825/164/10 827/133/10 828/132/10
f 826/165/10 829/138/10 827/133/10
f 830/166/10 825/164/10 828/132/10
f 826/165/10 831/167/10 829/138/10
f 830/166/10 828/132/10 832/137/10
f 831/167/10 833/142/10 829/138/10
f 834/168/10 830/166/10 832/137/10
f 831/167/10 835/169/10 833/142/10
f 834/168/10 832/137/10 836/141/10
f 835/169/10 837/146/10 833/142/10
f 838/170/10 834/168/10 836/141/10
f 835/169/10 839/171/10 837/146/10
f 838/170/10 836/141/10 840/145/10
f 839/171/10 841/150/10 837/146/10
f 842/172/10 838/170/10 840/145/10
f 839/171/10 843/173/10 841/150/10
f 842/172/10 840/145/10 844/149/10
f 843/173/10 845/154/10 841/150/10
f 846/174/10 842/172/10 844/149/10
f 843/173/10 847/175/10 845/154/10
f 846/174/10 844/149/10 848/153/10
f 847/175/10 849/158/10 845/154/10
f 850/176/10 846/174/10 848/153/10
f 847/175/10 851/177/10 849/158/10
f 851/177/10 852/160/10 849/158/10
f 851/177/10 853/178/10 852/160/10
f 850/176/10 848/153/10 854/157/10
f 855/162/10 850/176/10 854/157/10
f 855/162/10 856/179/10 850/176/10
f 857/180/8 858/181/8 859/182/8
f 857/180/8 859/182/8 860/183/8
f 858/181/8 861/184/8 859/182/8
f 862/185/8 857/180/8 860/183/8
f 858/181/8 863/186/8 861/184/8
f 862/185/8 860/183/8 864/187/8
f 863/186/8 865/188/8 861/184/8
f 866/189/8 862/185/8 864/187/8
f 863/186/8 867/190/8 865/188/8
f 866/189/8 864/187/8 868/191/8
f 867/190/8 869/192/8 865/188/8
s 1
f 870/193/121 866/189/8 868/191/8
f 870/193/121 871/194/8 866/189/8
f 870/193/121 872/195/122 871/194/8
s 0
f 867/190/8 873/196/8 869/192/8
f 873/196/8 874/197/8 869/192/8
f 873/196/8 875/198/8 874/197/8
f 875/198/8 876/199/8 874/197/8
f 875/198/8 877/200/8 876/199/8
f 877/200/8 878/201/8 876/199/8
f 877/200/8 879/202/8 878/201/8
f 879/202/8 880/203/8 878/201/8
f 879/202/8 881/204/8 880/203/8
s 1
f 882/183/5 883/182/123 884/205/123
f 882/183/5 884/205/123 885/206/5
f 883/182/123 886/207/124 884/205/123
f 887/187/125 882/183/5 885/206/5
f 883/182/123 888/184/124 886/207/124
f 887/187/125 885/206/5 889/208/125
f 888/184/124 890/209/126 886/207/124
f 891/191/127 887/187/125 889/208/125
f 888/184/124 892/188/126 890/209/126
f 892/188/126 893/210/128 890/209/126
f 892/188/126 894/192/128 893/210/128
f 894/192/128 895/211/129 893/210/128
f 894/192/128 896/197/129 895/211/129
f 896/197/129 897/212/130 895/211/129
f 896/197/129 898/199/130 897/212/130
f 898/199/130 899/213/131 897/212/130
f 898/199/130 900/201/131 899/213/131
f 900/201/131 901/214/3 899/213/131
f 900/201/131 902/203/3 901/214/3
f 891/191/127 889/208/125 903/215/132
f 904/216/133 891/191/127 903/215/132
f 904/216/133 905/193/134 891/191/127
f 906/217/135 904/216/133 903/215/132
f 906/217/135 907/218/136 904/216/133
f 908/219/137 907/218/136 906/217/135
f 908/219/137 909/220/138 907/218/136
f 910/221/139 909/220/138 908/219/137
f 910/221/139 911/222/140 909/220/138
f 912/223/141 911/222/140 910/221/139
f 912/223/141 910/221/139 913/224/141
s 0
f 914/225/141 912/223/141 913/224/141
f 914/225/141 913/224/141 915/226/141
f 916/227/8 917/228/8 918/139/8
f 916/227/8 918/139/8 919/135/8
f 917/228/8 920/143/8 918/139/8
f 921/229/8 916/227/8 919/135/8
f 917/228/8 922/230/8 920/143/8
f 921/229/8 919/135/8 923/134/8
f 920/143/8 922/230/8 924/231/8
f 925/232/8 921/229/8 923/134/8
f 920/143/8 924/231/8 926/147/8
f 925/232/8 923/134/8 927/136/8
f 926/147/8 924/231/8 928/233/8
f 929/234/8 925/232/8 927/136/8
f 926/147/8 928/233/8 930/151/8
f 929/234/8 927/136/8 931/140/8
f 930/151/8 928/233/8 932/235/8
f 933/236/8 929/234/8 931/140/8
f 930/151/8 932/235/8 934/155/8
f 933/236/8 931/140/8 935/144/8
f 936/237/8 933/236/8 935/144/8
f 936/237/8 935/144/8 937/148/8
f 934/155/8 932/235/8 938/238/8
f 939/239/8 936/237/8 937/148/8
f 934/155/8 938/238/8 940/161/8
f 938/238/8 941/163/8 940/161/8
f 938/238/8 942/240/8 941/163/8
f 939/239/8 937/148/8 943/152/8
f 944/241/8 939/239/8 943/152/8
f 944/241/8 943/152/8 945/156/8
f 944/241/8 945/156/8 946/159/8
f 944/241/8 946/159/8 947/242/8
s 1
f 948/243/4 949/244/109 950/228/109
f 948/243/4 950/228/109 951/227/4
f 949/244/109 952/230/142 950/228/109
f 953/245/107 948/243/4 951/227/4
f 949/244/109 954/246/142 952/230/142
f 953/245/107 951/227/4 955/229/107
f 954/246/142 956/231/143 952/230/142
f 957/247/108 953/245/107 955/229/107
f 954/246/142 958/248/143 956/231/143
f 957/247/108 955/229/107 959/232/108
f 958/248/143 960/233/144 956/231/143
f 961/249/110 957/247/108 959/232/108
f 958/248/143 962/250/144 960/233/144
f 961/249/110 959/232/108 963/234/110
f 962/250/144 964/235/145 960/233/144
f 965/251/112 961/249/110 963/234/110
f 962/250/144 966/252/145 964/235/145
f 965/251/112 963/234/110 967/236/112
f 966/252/145 968/238/146 964/235/145
f 969/253/114 965/251/112 967/236/112
f 966/252/145 970/254/146 968/238/146
f 970/254/146 971/240/146 968/238/146
f 970/254/146 972/255/146 971/240/146
f 969/253/114 967/236/112 973/237/114
f 974/256/117 969/253/114 973/237/114
f 974/256/117 973/237/114 975/239/117
f 976/257/119 974/256/117 975/239/117
f 976/257/119 975/239/117 977/241/119
f 976/257/119 977/241/119 978/242/1
f 976/257/119 978/242/1 979/258/1
f 980/180/147 981/185/148 982/244/148
f 980/180/147 982/244/148 983/243/147
f 981/185/148 984/246/149 982/244/148
f 985/181/150 980/180/147 983/243/147
f 981/185/148 986/189/151 984/246/149
f 985/181/150 983/243/147 987/245/150
f 988/186/152 985/181/150 987/245/150
f 988/186/152 987/245/150 989/247/152
f 984/246/149 986/189/151 990/194/153
f 991/190/154 988/186/152 989/247/152
f 991/190/154 989/247/152 992/249/154
f 993/196/155 991/190/154 992/249/154
f 993/196/155 992/249/154 994/251/155
f 995/198/156 993/196/155 994/251/155
f 995/198/156 994/251/155 996/253/156
f 997/200/157 995/198/156 996/253/156
f 997/200/157 996/253/156 998/256/157
f 999/202/158 997/200/157 998/256/157
f 999/202/158 998/256/157 1000/257/158
f 999/202/158 1000/257/158 1001/258/159
f 999/202/158 1001/258/159 1002/204/159
f 984/246/149 990/194/153 1003/248/160
f 1004/259/83 1003/248/160 990/194/153
f 1004/259/83 990/194/153 1005/195/161
f 1004/259/83 1006/250/162 1003/248/160
f 1004/259/83 1007/260/79 1006/250/162
f 1006/250/162 1007/260/79 1008/261/78
f 1006/250/162 1008/261/78 1009/252/163
f 1009/252/163 1008/261/78 1010/262/80
f 1009/252/163 1010/262/80 1011/254/164
f 1011/254/164 1010/262/80 1012/263/165
f 1011/254/164 1012/263/165 1013/255/166
s 0
f 1014/43/6 1015/42/6 1016/41/6
f 1014/43/6 1016/41/6 1017/44/6
f 1014/43/6 1018/45/6 1015/42/6
f 1014/43/6 1019/46/6 1018/45/6
f 1020/47/6 1018/45/6 1019/46/6
f 1020/47/6 1021/48/6 1018/45/6
f 1022/49/6 1021/48/6 1020/47/6
f 1022/49/6 1023/50/6 1021/48/6
f 1024/51/6 1023/50/6 1022/49/6
f 1024/51/6 1025/52/6 1023/50/6
f 1026/53/6 1025/52/6 1024/51/6
f 1026/53/6 1027/54/6 1025/52/6
f 1028/55/6 1027/54/6 1026/53/6
f 1028/55/6 1029/56/6 1027/54/6
f 1030/57/6 1029/56/6 1028/55/6
f 1030/57/6 1031/58/6 1029/56/6
f 1032/59/6 1031/58/6 1030/57/6
f 1032/59/6 1033/60/6 1031/58/6
s 1
f 1034/57/44 1035/62/44 1036/61/1
f 1034/57/44 1036/61/1 1037/59/1
f 1038/55/45 1035/62/44 1034/57/44
f 1038/55/45 1039/63/45 1035/62/44
f 1040/53/46 1039/63/45 1038/55/45
f 1040/53/46 1041/64/46 1039/63/45
f 1042/51/47 1041/64/46 1040/53/46
f 1042/51/47 1043/65/48 1041/64/46
f 1044/49/49 1043/65/48 1042/51/47
f 1044/49/49 1045/66/49 1043/65/48
f 1046/47/50 1045/66/49 1044/49/49
f 1046/47/50 1047/67/50 1045/66/49
f 1048/46/51 1047/67/50 1046/47/50
f 1048/46/51 1049/68/51 1047/67/50
f 1050/43/52 1049/68/51 1048/46/51
f 1050/43/52 1051/69/52 1049/68/51
f 1052/44/53 1051/69/52 1050/43/52
f 1052/44/53 1053/70/53 1051/69/52
s 0
f 1054/71/2 1055/74/2 1056/73/2
f 1054/71/2 1056/73/2 1057/72/2
f 1058/75/2 1056/73/2 1055/74/2
f 1058/75/2 1059/76/2 1056/73/2
f 1060/77/2 1059/76/2 1058/75/2
f 1060/77/2 1061/78/2 1059/76/2
f 1062/79/2 1061/78/2 1060/77/2
f 1062/79/2 1063/80/2 1061/78/2
f 1064/81/2 1063/80/2 1062/79/2
f 1064/81/2 1065/82/2 1063/80/2
f 1066/83/2 1065/82/2 1064/81/2
f 1066/83/2 1067/84/2 1065/82/2
f 1066/83/2 1068/85/2 1067/84/2
f 1068/85/2 1069/86/2 1067/84/2
f 1068/85/2 1070/87/2 1069/86/2
f 1068/85/2 1071/88/2 1070/87/2
f 1068/85/2 1072/89/2 1071/88/2
f 1072/89/2 1073/90/2 1071/88/2
f 1072/89/2 1074/91/2 1073/90/2
f 1075/94/6 1076/93/6 1077/92/6
f 1075/94/6 1077/92/6 1078/95/6
f 1079/96/6 1076/93/6 1075/94/6
f 1079/96/6 1080/97/6 1076/93/6
f 1081/98/6 1080/97/6 1079/96/6
f 1081/98/6 1082/99/6 1080/97/6
f 1083/100/6 1082/99/6 1081/98/6
f 1083/100/6 1084/101/6 1082/99/6
f 1085/102/6 1084/101/6 1083/100/6
f 1085/102/6 1086/103/6 1084/101/6
f 1087/104/6 1086/103/6 1085/102/6
f 1087/104/6 1088/105/6 1086/103/6
f 1087/104/6 1089/264/6 1088/105/6
f 1089/264/6 1090/122/6 1088/105/6
f 1089/264/6 1091/265/6 1090/122/6
f 1092/266/6 1090/122/6 1091/265/6
s 1
f 1093/108/68 1094/94/68 1095/95/3
f 1093/108/68 1095/95/3 1096/109/3
f 1097/110/69 1094/94/68 1093/108/68
f 1097/110/69 1098/96/69 1094/94/68
f 1099/111/70 1098/96/69 1097/110/69
f 1099/111/70 1100/98/70 1098/96/69
f 1101/112/71 1100/98/70 1099/111/70
f 1101/112/71 1102/100/71 1100/98/70
f 1103/113/72 1102/100/71 1101/112/71
f 1103/113/72 1104/102/72 1102/100/71
f 1105/114/167 1104/102/72 1103/113/72
f 1105/114/167 1106/104/167 1104/102/72
f 1107/116/168 1106/104/167 1105/114/167
f 1107/116/168 1108/264/168 1106/104/167
s 0
f 1109/41/6 1110/42/6 1111/43/6
f 1109/41/6 1111/43/6 1112/44/6
f 1113/45/6 1111/43/6 1110/42/6
f 1113/45/6 1114/46/6 1111/43/6
f 1115/48/6 1114/46/6 1113/45/6
f 1115/48/6 1116/47/6 1114/46/6
f 1117/50/6 1116/47/6 1115/48/6
f 1117/50/6 1118/49/6 1116/47/6
f 1119/52/6 1118/49/6 1117/50/6
f 1119/52/6 1120/51/6 1118/49/6
f 1121/54/6 1120/51/6 1119/52/6
f 1121/54/6 1122/53/6 1120/51/6
f 1123/56/6 1122/53/6 1121/54/6
f 1123/56/6 1124/55/6 1122/53/6
f 1125/58/6 1124/55/6 1123/56/6
f 1125/58/6 1126/57/6 1124/55/6
f 1125/58/6 1127/59/6 1126/57/6
f 1125/58/6 1128/60/6 1127/59/6
s 1
f 1129/61/1 1130/62/20 1131/57/20
f 1129/61/1 1131/57/20 1132/59/1
f 1133/63/21 1131/57/20 1130/62/20
f 1133/63/21 1134/55/21 1131/57/20
f 1135/64/22 1134/55/21 1133/63/21
f 1135/64/22 1136/53/22 1134/55/21
f 1137/65/169 1136/53/22 1135/64/22
f 1137/65/169 1138/51/23 1136/53/22
f 1139/66/24 1138/51/23 1137/65/169
f 1139/66/24 1140/49/24 1138/51/23
f 1141/67/25 1140/49/24 1139/66/24
f 1141/67/25 1142/47/25 1140/49/24
f 1143/68/26 1142/47/25 1141/67/25
f 1143/68/26 1144/46/26 1142/47/25
f 1145/69/27 1144/46/26 1143/68/26
f 1145/69/27 1146/43/27 1144/46/26
f 1147/70/28 1146/43/27 1145/69/27
f 1147/70/28 1148/44/28 1146/43/27
s 0
f 1149/71/2 1150/72/2 1151/73/2
f 1149/71/2 1151/73/2 1152/74/2
f 1153/76/2 1152/74/2 1151/73/2
f 1153/76/2 1154/75/2 1152/74/2
f 1155/78/2 1154/75/2 1153/76/2
f 1155/78/2 1156/77/2 1154/75/2
f 1157/80/2 1156/77/2 1155/78/2
f 1157/80/2 1158/79/2 1156/77/2
f 1159/82/2 1158/79/2 1157/80/2
f 1159/82/2 1160/81/2 1158/79/2
f 1161/84/2 1160/81/2 1159/82/2
f 1161/84/2 1162/83/2 1160/81/2
f 1161/84/2 1163/267/2 1162/83/2
f 1163/267/2 1164/85/2 1162/83/2
f 1163/267/2 1165/268/2 1164/85/2
f 1166/269/2 1164/85/2 1165/268/2
f 1166/269/2 1167/89/2 1164/85/2
f 1168/270/2 1167/89/2 1166/269/2
f 1168/270/2 1169/91/2 1167/89/2
f 1170/92/6 1171/93/6 1172/94/6
f 1170/92/6 1172/94/6 1173/95/6
f 1174/97/6 1172/94/6 1171/93/6
f 1174/97/6 1175/96/6 1172/94/6
f 1176/99/6 1175/96/6 1174/97/6
f 1176/99/6 1177/98/6 1175/96/6
f 1178/101/6 1177/98/6 1176/99/6
f 1178/101/6 1179/100/6 1177/98/6
f 1180/103/6 1179/100/6 1178/101/6
f 1180/103/6 1181/102/6 1179/100/6
f 1182/105/6 1181/102/6 1180/103/6
f 1182/105/6 1183/104/6 1181/102/6
f 1182/105/6 1184/122/6 1183/104/6
f 1184/122/6 1185/271/6 1183/104/6
f 1184/122/6 1186/272/6 1185/271/6
f 1184/122/6 1187/273/6 1186/272/6
s 1
f 1188/95/3 1189/94/33 1190/108/33
f 1188/95/3 1190/108/33 1191/109/3
f 1192/96/34 1190/108/33 1189/94/33
f 1192/96/34 1193/110/34 1190/108/33
f 1194/98/35 1193/110/34 1192/96/34
f 1194/98/35 1195/111/35 1193/110/34
f 1196/100/36 1195/111/35 1194/98/35
f 1196/100/36 1197/112/36 1195/111/35
f 1198/102/37 1197/112/36 1196/100/36
f 1198/102/37 1199/113/37 1197/112/36
f 1200/104/170 1199/113/37 1198/102/37
f 1200/104/170 1201/114/170 1199/113/37
f 1202/271/171 1201/114/170 1200/104/170
f 1202/271/171 1203/274/171 1201/114/170
f 1204/42/172 1205/45/101 1206/122/173
f 1207/48/99 1206/122/173 1205/45/101
f 1204/42/172 1206/122/173 1208/266/174
f 1209/275/175 1204/42/172 1208/266/174
f 1209/275/175 1210/41/106 1204/42/172
f 1207/48/99 1211/105/99 1206/122/173
f 1212/50/97 1211/105/99 1207/48/99
f 1212/50/97 1213/103/97 1211/105/99
f 1214/52/94 1213/103/97 1212/50/97
f 1214/52/94 1215/101/94 1213/103/97
f 1216/54/95 1215/101/94 1214/52/94
f 1216/54/95 1217/99/95 1215/101/94
f 1218/56/96 1217/99/95 1216/54/95
f 1218/56/96 1219/97/96 1217/99/95
f 1220/58/100 1219/97/96 1218/56/96
f 1220/58/100 1221/93/98 1219/97/96
f 1222/60/93 1221/93/98 1220/58/100
f 1222/60/93 1223/92/93 1221/93/98
f 1224/122/176 1225/45/177 1226/42/178
f 1227/105/179 1225/45/177 1224/122/176
f 1224/122/176 1226/42/178 1228/273/180
f 1227/105/179 1229/48/179 1225/45/177
f 1226/42/178 1230/276/181 1228/273/180
f 1226/42/178 1231/41/81 1230/276/181
f 1232/103/87 1229/48/179 1227/105/179
f 1232/103/87 1233/50/87 1229/48/179
f 1234/101/88 1233/50/87 1232/103/87
f 1234/101/88 1235/52/88 1233/50/87
f 1236/99/89 1235/52/88 1234/101/88
f 1236/99/89 1237/54/89 1235/52/88
f 1238/97/90 1237/54/89 1236/99/89
f 1238/97/90 1239/56/90 1237/54/89
f 1240/93/92 1239/56/90 1238/97/90
f 1240/93/92 1241/58/91 1239/56/90
f 1242/92/93 1241/58/91 1240/93/92
f 1242/92/93 1243/60/93 1241/58/91
s 0
f 1244/41/6 1245/42/6 1246/43/6
f 1244/41/6 1246/43/6 1247/44/6
f 1246/43/6 1245/42/6 1248/45/6
f 1246/43/6 1248/45/6 1249/46/6
f 1248/45/6 1250/47/6 1249/46/6
f 1248/45/6 1251/48/6 1250/47/6
f 1251/48/6 1252/49/6 1250/47/6
f 1251/48/6 1253/50/6 1252/49/6
f 1253/50/6 1254/51/6 1252/49/6
f 1253/50/6 1255/52/6 1254/51/6
f 1255/52/6 1256/53/6 1254/51/6
f 1255/52/6 1257/54/6 1256/53/6
f 1257/54/6 1258/55/6 1256/53/6
f 1257/54/6 1259/56/6 1258/55/6
f 1259/56/6 1260/57/6 1258/55/6
f 1259/56/6 1261/58/6 1260/57/6
f 1261/58/6 1262/59/6 1260/57/6
f 1261/58/6 1263/60/6 1262/59/6
s 1
f 1264/61/1 1265/62/20 1266/57/20
f 1264/61/1 1266/57/20 1267/59/1
f 1265/62/20 1268/55/21 1266/57/20
f 1265/62/20 1269/63/21 1268/55/21
f 1269/63/21 1270/53/22 1268/55/21
f 1269/63/21 1271/64/22 1270/53/22
f 1271/64/22 1272/51/23 1270/53/22
f 1271/64/22 1273/65/23 1272/51/23
f 1273/65/23 1274/49/24 1272/51/23
f 1273/65/23 1275/66/24 1274/49/24
f 1275/66/24 1276/47/25 1274/49/24
f 1275/66/24 1277/67/25 1276/47/25
f 1277/67/25 1278/46/26 1276/47/25
f 1277/67/25 1279/68/26 1278/46/26
f 1279/68/26 1280/43/27 1278/46/26
f 1279/68/26 1281/69/27 1280/43/27
f 1281/69/27 1282/44/28 1280/43/27
f 1281/69/27 1283/70/28 1282/44/28
s 0
f 1284/71/2 1285/72/2 1286/73/2
f 1284/71/2 1286/73/2 1287/74/2
f 1286/73/2 1288/75/2 1287/74/2
f 1286/73/2 1289/76/2 1288/75/2
f 1289/76/2 1290/77/2 1288/75/2
f 1289/76/2 1291/78/2 1290/77/2
f 1291/78/2 1292/79/2 1290/77/2
f 1291/78/2 1293/80/2 1292/79/2
f 1293/80/2 1294/81/2 1292/79/2
f 1293/80/2 1295/82/2 1294/81/2
f 1295/82/2 1296/83/2 1294/81/2
f 1295/82/2 1297/84/2 1296/83/2
f 1296/83/2 1297/84/2 1298/85/2
s 1
f 1299/86/56 1298/85/2 1297/84/2
f 1299/86/56 1300/87/58 1298/85/2
f 1298/85/2 1300/87/58 1301/88/59
f 1298/85/2 1301/88/59 1302/89/2
f 1302/89/2 1301/88/59 1303/90/61
f 1302/89/2 1303/90/61 1304/91/2
s 0
f 1305/92/6 1306/93/6 1307/94/6
f 1305/92/6 1307/94/6 1308/95/6
f 1306/93/6 1309/96/6 1307/94/6
f 1306/93/6 1310/97/6 1309/96/6
f 1310/97/6 1311/98/6 1309/96/6
f 1310/97/6 1312/99/6 1311/98/6
f 1312/99/6 1313/100/6 1311/98/6
f 1312/99/6 1314/101/6 1313/100/6
f 1314/101/6 1315/102/6 1313/100/6
f 1314/101/6 1316/103/6 1315/102/6
f 1316/103/6 1317/104/6 1315/102/6
f 1316/103/6 1318/105/6 1317/104/6
s 1
f 1317/104/6 1318/105/6 1319/264/182
f 1320/122/6 1319/264/182 1318/105/6
f 1320/122/6 1321/265/183 1319/264/182
f 1322/266/184 1321/265/183 1320/122/6
f 1323/95/3 1324/94/33 1325/108/33
f 1323/95/3 1325/108/33 1326/109/3
f 1324/94/33 1327/110/34 1325/108/33
f 1324/94/33 1328/96/34 1327/110/34
f 1328/96/34 1329/111/35 1327/110/34
f 1328/96/34 1330/98/35 1329/111/35
f 1330/98/35 1331/112/36 1329/111/35
f 1330/98/35 1332/100/36 1331/112/36
f 1332/100/36 1333/113/37 1331/112/36
f 1332/100/36 1334/102/37 1333/113/37
f 1334/102/37 1335/114/170 1333/113/37
f 1334/102/37 1336/104/170 1335/114/170
f 1336/104/170 1337/116/185 1335/114/170
f 1336/104/170 1338/264/186 1337/116/185
s 0
f 1339/43/6 1340/42/6 1341/41/6
f 1339/43/6 1341/41/6 1342/44/6
f 1339/43/6 1343/45/6 1340/42/6
f 1339/43/6 1344/46/6 1343/45/6
f 1344/46/6 1345/48/6 1343/45/6
f 1344/46/6 1346/47/6 1345/48/6
f 1346/47/6 1347/50/6 1345/48/6
f 1346/47/6 1348/49/6 1347/50/6
f 1348/49/6 1349/52/6 1347/50/6
f 1348/49/6 1350/51/6 1349/52/6
f 1350/51/6 1351/54/6 1349/52/6
f 1350/51/6 1352/53/6 1351/54/6
f 1352/53/6 1353/56/6 1351/54/6
f 1352/53/6 1354/55/6 1353/56/6
f 1354/55/6 1355/58/6 1353/56/6
f 1354/55/6 1356/57/6 1355/58/6
f 1355/58/6 1356/57/6 1357/59/6
f 1355/58/6 1357/59/6 1358/60/6
s 1
f 1359/57/44 1360/62/44 1361/61/1
f 1359/57/44 1361/61/1 1362/59/1
f 1359/57/44 1363/63/45 1360/62/44
f 1359/57/44 1364/55/45 1363/63/45
f 1364/55/45 1365/64/46 1363/63/45
f 1364/55/45 1366/53/46 1365/64/46
f 1366/53/46 1367/65/48 1365/64/46
f 1366/53/46 1368/51/48 1367/65/48
f 1368/51/48 1369/66/49 1367/65/48
f 1368/51/48 1370/49/49 1369/66/49
f 1370/49/49 1371/67/50 1369/66/49
f 1370/49/49 1372/47/50 1371/67/50
f 1372/47/50 1373/68/51 1371/67/50
f 1372/47/50 1374/46/51 1373/68/51
f 1374/46/51 1375/69/52 1373/68/51
f 1374/46/51 1376/43/52 1375/69/52
f 1376/43/52 1377/70/53 1375/69/52
f 1376/43/52 1378/44/53 1377/70/53
s 0
f 1379/71/2 1380/74/2 1381/73/2
f 1379/71/2 1381/73/2 1382/72/2
f 1383/75/2 1381/73/2 1380/74/2
f 1383/75/2 1384/76/2 1381/73/2
f 1385/77/2 1384/76/2 1383/75/2
f 1385/77/2 1386/78/2 1384/76/2
f 1387/79/2 1386/78/2 1385/77/2
f 1387/79/2 1388/80/2 1386/78/2
f 1389/81/2 1388/80/2 1387/79/2
f 1389/81/2 1390/82/2 1388/80/2
f 1391/83/2 1390/82/2 1389/81/2
f 1391/83/2 1392/84/2 1390/82/2
f 1391/83/2 1393/85/2 1392/84/2
f 1393/85/2 1394/267/2 1392/84/2
f 1393/85/2 1395/268/2 1394/267/2
f 1393/85/2 1396/269/2 1395/268/2
f 1393/85/2 1397/89/2 1396/269/2
f 1397/89/2 1398/270/2 1396/269/2
f 1397/89/2 1399/91/2 1398/270/2
f 1400/94/6 1401/93/6 1402/92/6
f 1400/94/6 1402/92/6 1403/95/6
f 1400/94/6 1404/97/6 1401/93/6
f 1400/94/6 1405/96/6 1404/97/6
f 1405/96/6 1406/99/6 1404/97/6
f 1405/96/6 1407/98/6 1406/99/6
f 1407/98/6 1408/101/6 1406/99/6
f 1407/98/6 1409/100/6 1408/101/6
f 1409/100/6 1410/103/6 1408/101/6
f 1409/100/6 1411/102/6 1410/103/6
f 1411/102/6 1412/105/6 1410/103/6
f 1411/102/6 1413/104/6 1412/105/6
f 1412/105/6 1413/104/6 1414/122/6
f 1415/271/6 1414/122/6 1413/104/6
f 1415/271/6 1416/272/6 1414/122/6
f 1414/122/6 1416/272/6 1417/273/6
s 1
f 1418/108/68 1419/94/68 1420/95/3
f 1418/108/68 1420/95/3 1421/109/3
f 1418/108/68 1422/96/69 1419/94/68
f 1418/108/68 1423/110/69 1422/96/69
f 1423/110/69 1424/98/70 1422/96/69
f 1423/110/69 1425/111/70 1424/98/70
f 1425/111/70 1426/100/71 1424/98/70
f 1425/111/70 1427/112/71 1426/100/71
f 1427/112/71 1428/102/72 1426/100/71
f 1427/112/71 1429/113/72 1428/102/72
f 1429/113/72 1430/104/167 1428/102/72
f 1429/113/72 1431/114/167 1430/104/167
f 1431/114/167 1432/271/168 1430/104/167
f 1431/114/167 1433/274/168 1432/271/168
f 1434/42/187 1435/266/188 1436/122/189
f 1437/275/190 1435/266/188 1434/42/187
f 1437/275/190 1434/42/187 1438/41/191
f 1434/42/187 1436/122/189 1439/45/177
f 1436/122/189 1440/48/179 1439/45/177
f 1436/122/189 1441/105/179 1440/48/179
f 1441/105/179 1442/50/87 1440/48/179
f 1441/105/179 1443/103/87 1442/50/87
f 1443/103/87 1444/52/88 1442/50/87
f 1443/103/87 1445/101/88 1444/52/88
f 1445/101/88 1446/54/89 1444/52/88
f 1445/101/88 1447/99/89 1446/54/89
f 1447/99/89 1448/56/90 1446/54/89
f 1447/99/89 1449/97/90 1448/56/90
f 1449/97/90 1450/58/91 1448/56/90
f 1449/97/90 1451/93/92 1450/58/91
f 1451/93/92 1452/60/93 1450/58/91
f 1451/93/92 1453/92/93 1452/60/93
f 1454/42/192 1455/45/101 1456/122/193
f 1454/42/192 1456/122/193 1457/273/194
f 1458/276/195 1454/42/192 1457/273/194
f 1458/276/195 1459/41/106 1454/42/192
f 1455/45/101 1460/105/99 1456/122/193
f 1455/45/101 1461/48/99 1460/105/99
f 1461/48/99 1462/103/97 1460/105/99
f 1461/48/99 1463/50/97 1462/103/97
f 1463/50/97 1464/101/94 1462/103/97
f 1463/50/97 1465/52/94 1464/101/94
f 1465/52/94 1466/99/95 1464/101/94
f 1465/52/94 1467/54/95 1466/99/95
f 1467/54/95 1468/97/96 1466/99/95
f 1467/54/95 1469/56/96 1468/97/96
f 1469/56/96 1470/93/98 1468/97/96
f 1469/56/96 1471/58/100 1470/93/98
f 1471/58/100 1472/92/93 1470/93/98
f 1471/58/100 1473/60/93 1472/92/93
s 0
f 1474/41/6 1475/42/6 1476/43/6
f 1474/41/6 1476/43/6 1477/44/6
f 1476/43/6 1475/42/6 1478/45/6
f 1476/43/6 1478/45/6 1479/46/6
f 1478/45/6 1480/47/6 1479/46/6
f 1478/45/6 1481/48/6 1480/47/6
f 1481/48/6 1482/49/6 1480/47/6
f 1481/48/6 1483/50/6 1482/49/6
f 1483/50/6 1484/51/6 1482/49/6
f 1483/50/6 1485/52/6 1484/51/6
f 1485/52/6 1486/53/6 1484/51/6
f 1485/52/6 1487/54/6 1486/53/6
f 1487/54/6 1488/55/6 1486/53/6
f 1487/54/6 1489/56/6 1488/55/6
f 1489/56/6 1490/57/6 1488/55/6
f 1489/56/6 1491/58/6 1490/57/6
f 1491/58/6 1492/59/6 1490/57/6
f 1491/58/6 1493/60/6 1492/59/6
s 1
f 1494/61/1 1495/62/20 1496/57/20
f 1494/61/1 1496/57/20 1497/59/1
f 1495/62/20 1498/55/21 1496/57/20
f 1495/62/20 1499/63/21 1498/55/21
f 1499/63/21 1500/53/22 1498/55/21
f 1499/63/21 1501/64/22 1500/53/22
f 1501/64/22 1502/51/23 1500/53/22
f 1501/64/22 1503/65/23 1502/51/23
f 1503/65/23 1504/49/24 1502/51/23
f 1503/65/23 1505/66/24 1504/49/24
f 1505/66/24 1506/47/25 1504/49/24
f 1505/66/24 1507/67/25 1506/47/25
f 1507/67/25 1508/46/26 1506/47/25
f 1507/67/25 1509/68/26 1508/46/26
f 1509/68/26 1510/43/27 1508/46/26
f 1509/68/26 1511/69/27 1510/43/27
f 1511/69/27 1512/44/28 1510/43/27
f 1511/69/27 1513/70/28 1512/44/28
s 0
f 1514/71/2 1515/72/2 1516/73/2
f 1514/71/2 1516/73/2 1517/74/2
f 1516/73/2 1518/75/2 1517/74/2
f 1516/73/2 1519/76/2 1518/75/2
f 1519/76/2 1520/77/2 1518/75/2
f 1519/76/2 1521/78/2 1520/77/2
f 1521/78/2 1522/79/2 1520/77/2
f 1521/78/2 1523/80/2 1522/79/2
f 1523/80/2 1524/81/2 1522/79/2
f 1523/80/2 1525/82/2 1524/81/2
f 1525/82/2 1526/83/2 1524/81/2
f 1525/82/2 1527/84/2 1526/83/2
f 1526/83/2 1527/84/2 1528/85/2
f 1529/86/2 1528/85/2 1527/84/2
f 1529/86/2 1530/87/2 1528/85/2
f 1528/85/2 1530/87/2 1531/88/2
f 1528/85/2 1531/88/2 1532/89/2
f 1532/89/2 1531/88/2 1533/90/2
f 1532/89/2 1533/90/2 1534/91/2
f 1535/92/6 1536/93/6 1537/94/6
f 1535/92/6 1537/94/6 1538/95/6
f 1536/93/6 1539/96/6 1537/94/6
f 1536/93/6 1540/97/6 1539/96/6
f 1540/97/6 1541/98/6 1539/96/6
f 1540/97/6 1542/99/6 1541/98/6
f 1542/99/6 1543/100/6 1541/98/6
f 1542/99/6 1544/101/6 1543/100/6
f 1544/101/6 1545/102/6 1543/100/6
f 1544/101/6 1546/103/6 1545/102/6
f 1546/103/6 1547/104/6 1545/102/6
f 1546/103/6 1548/105/6 1547/104/6
f 1547/104/6 1548/105/6 1549/264/6
f 1550/122/6 1549/264/6 1548/105/6
f 1550/122/6 1551/265/6 1549/264/6
f 1551/265/6 1550/122/6 1552/266/6
s 1
f 1553/95/3 1554/94/33 1555/108/33
f 1553/95/3 1555/108/33 1556/109/3
f 1554/94/33 1557/110/34 1555/108/33
f 1554/94/33 1558/96/34 1557/110/34
f 1558/96/34 1559/111/35 1557/110/34
f 1558/96/34 1560/98/35 1559/111/35
f 1560/98/35 1561/112/36 1559/111/35
f 1560/98/35 1562/100/36 1561/112/36
f 1562/100/36 1563/113/37 1561/112/36
f 1562/100/36 1564/102/37 1563/113/37
f 1564/102/37 1565/114/170 1563/113/37
f 1564/102/37 1566/104/170 1565/114/170
f 1566/104/170 1567/116/171 1565/114/170
f 1566/104/170 1568/264/171 1567/116/171
s 0
f 1569/43/6 1570/42/6 1571/41/6
f 1569/43/6 1571/41/6 1572/44/6
f 1569/43/6 1573/45/6 1570/42/6
f 1569/43/6 1574/46/6 1573/45/6
f 1574/46/6 1575/48/6 1573/45/6
f 1574/46/6 1576/47/6 1575/48/6
f 1576/47/6 1577/50/6 1575/48/6
f 1576/47/6 1578/49/6 1577/50/6
f 1578/49/6 1579/52/6 1577/50/6
f 1578/49/6 1580/51/6 1579/52/6
f 1580/51/6 1581/54/6 1579/52/6
f 1580/51/6 1582/53/6 1581/54/6
f 1582/53/6 1583/56/6 1581/54/6
f 1582/53/6 1584/55/6 1583/56/6
f 1584/55/6 1585/58/6 1583/56/6
f 1584/55/6 1586/57/6 1585/58/6
f 1585/58/6 1586/57/6 1587/59/6
f 1585/58/6 1587/59/6 1588/60/6
s 1
f 1589/57/44 1590/62/44 1591/61/1
f 1589/57/44 1591/61/1 1592/59/1
f 1589/57/44 1593/63/45 1590/62/44
f 1589/57/44 1594/55/45 1593/63/45
f 1594/55/45 1595/64/46 1593/63/45
f 1594/55/45 1596/53/46 1595/64/46
f 1596/53/46 1597/65/48 1595/64/46
f 1596/53/46 1598/51/48 1597/65/48
f 1598/51/48 1599/66/49 1597/65/48
f 1598/51/48 1600/49/49 1599/66/49
f 1600/49/49 1601/67/50 1599/66/49
f 1600/49/49 1602/47/50 1601/67/50
f 1602/47/50 1603/68/51 1601/67/50
f 1602/47/50 1604/46/51 1603/68/51
f 1604/46/51 1605/69/52 1603/68/51
f 1604/46/51 1606/43/52 1605/69/52
f 1606/43/52 1607/70/53 1605/69/52
f 1606/43/52 1608/44/53 1607/70/53
s 0
f 1609/71/2 1610/74/2 1611/73/2
f 1609/71/2 1611/73/2 1612/72/2
f 1613/75/2 1611/73/2 1610/74/2
f 1613/75/2 1614/76/2 1611/73/2
f 1615/77/2 1614/76/2 1613/75/2
f 1615/77/2 1616/78/2 1614/76/2
f 1617/79/2 1616/78/2 1615/77/2
f 1617/79/2 1618/80/2 1616/78/2
f 1619/81/2 1618/80/2 1617/79/2
f 1619/81/2 1620/82/2 1618/80/2
f 1621/83/2 1620/82/2 1619/81/2
f 1621/83/2 1622/84/2 1620/82/2
f 1621/83/2 1623/85/2 1622/84/2
f 1623/85/2 1624/118/2 1622/84/2
f 1623/85/2 1625/119/2 1624/118/2
f 1623/85/2 1626/120/2 1625/119/2
f 1623/85/2 1627/89/2 1626/120/2
f 1627/89/2 1628/121/2 1626/120/2
f 1627/89/2 1629/91/2 1628/121/2
f 1630/94/6 1631/93/6 1632/92/6
f 1630/94/6 1632/92/6 1633/95/6
f 1630/94/6 1634/97/6 1631/93/6
f 1630/94/6 1635/96/6 1634/97/6
f 1635/96/6 1636/99/6 1634/97/6
f 1635/96/6 1637/98/6 1636/99/6
f 1637/98/6 1638/101/6 1636/99/6
f 1637/98/6 1639/100/6 1638/101/6
f 1639/100/6 1640/103/6 1638/101/6
f 1639/100/6 1641/102/6 1640/103/6
f 1641/102/6 1642/105/6 1640/103/6
f 1641/102/6 1643/104/6 1642/105/6
s 1
f 1642/105/6 1643/104/6 1644/122/196
f 1645/123/6 1644/122/196 1643/104/6
f 1645/123/6 1646/124/197 1644/122/196
f 1644/122/196 1646/124/197 1647/125/198
f 1648/108/68 1649/94/68 1650/95/3
f 1648/108/68 1650/95/3 1651/109/3
f 1648/108/68 1652/96/69 1649/94/68
f 1648/108/68 1653/110/69 1652/96/69
f 1653/110/69 1654/98/70 1652/96/69
f 1653/110/69 1655/111/70 1654/98/70
f 1655/111/70 1656/100/71 1654/98/70
f 1655/111/70 1657/112/71 1656/100/71
f 1657/112/71 1658/102/72 1656/100/71
f 1657/112/71 1659/113/72 1658/102/72
f 1659/113/72 1660/104/167 1658/102/72
f 1659/113/72 1661/114/167 1660/104/167
f 1661/114/167 1662/123/168 1660/104/167
f 1661/114/167 1663/126/168 1662/123/168
f 1664/42/199 1665/266/200 1666/122/189
f 1667/275/201 1665/266/200 1664/42/199
f 1667/275/201 1664/42/199 1668/41/81
f 1664/42/199 1666/122/189 1669/45/177
f 1666/122/189 1670/48/179 1669/45/177
f 1666/122/189 1671/105/179 1670/48/179
f 1671/105/179 1672/50/87 1670/48/179
f 1671/105/179 1673/103/87 1672/50/87
f 1673/103/87 1674/52/88 1672/50/87
f 1673/103/87 1675/101/88 1674/52/88
f 1675/101/88 1676/54/89 1674/52/88
f 1675/101/88 1677/99/89 1676/54/89
f 1677/99/89 1678/56/90 1676/54/89
f 1677/99/89 1679/97/90 1678/56/90
f 1679/97/90 1680/58/91 1678/56/90
f 1679/97/90 1681/93/92 1680/58/91
f 1681/93/92 1682/60/93 1680/58/91
f 1681/93/92 1683/92/93 1682/60/93
f 1684/52/94 1685/54/95 1686/99/95
f 1684/52/94 1686/99/95 1687/101/94
f 1685/54/95 1688/97/96 1686/99/95
f 1689/50/97 1684/52/94 1687/101/94
f 1685/54/95 1690/56/96 1688/97/96
f 1689/50/97 1687/101/94 1691/103/97
f 1690/56/96 1692/93/98 1688/97/96
f 1693/48/99 1689/50/97 1691/103/97
f 1690/56/96 1694/58/100 1692/93/98
f 1694/58/100 1695/92/93 1692/93/98
f 1694/58/100 1696/60/93 1695/92/93
f 1693/48/99 1691/103/97 1697/105/99
f 1698/45/101 1693/48/99 1697/105/99
f 1698/45/101 1697/105/99 1699/122/102
f 1700/125/202 1698/45/101 1699/122/102
f 1700/125/202 1701/42/104 1698/45/101
f 1702/131/203 1701/42/104 1700/125/202
f 1702/131/203 1703/41/106 1701/42/104
s 0
f 1704/43/6 1705/42/6 1706/41/6
f 1704/43/6 1706/41/6 1707/44/6
f 1704/43/6 1708/45/6 1705/42/6
f 1704/43/6 1709/46/6 1708/45/6
f 1710/47/6 1708/45/6 1709/46/6
f 1710/47/6 1711/48/6 1708/45/6
f 1712/49/6 1711/48/6 1710/47/6
f 1712/49/6 1713/50/6 1711/48/6
f 1714/51/6 1713/50/6 1712/49/6
f 1714/51/6 1715/52/6 1713/50/6
f 1716/53/6 1715/52/6 1714/51/6
f 1716/53/6 1717/54/6 1715/52/6
f 1718/55/6 1717/54/6 1716/53/6
f 1718/55/6 1719/56/6 1717/54/6
f 1720/57/6 1719/56/6 1718/55/6
f 1720/57/6 1721/58/6 1719/56/6
f 1722/59/6 1721/58/6 1720/57/6
f 1722/59/6 1723/60/6 1721/58/6
s 1
f 1724/57/44 1725/62/44 1726/61/1
f 1724/57/44 1726/61/1 1727/59/1
f 1728/55/45 1725/62/44 1724/57/44
f 1728/55/45 1729/63/45 1725/62/44
f 1730/53/46 1729/63/45 1728/55/45
f 1730/53/46 1731/64/46 1729/63/45
f 1732/51/48 1731/64/46 1730/53/46
f 1732/51/48 1733/65/48 1731/64/46
f 1734/49/49 1733/65/48 1732/51/48
f 1734/49/49 1735/66/49 1733/65/48
f 1736/47/50 1735/66/49 1734/49/49
f 1736/47/50 1737/67/50 1735/66/49
f 1738/46/51 1737/67/50 1736/47/50
f 1738/46/51 1739/68/51 1737/67/50
f 1740/43/52 1739/68/51 1738/46/51
f 1740/43/52 1741/69/52 1739/68/51
f 1742/44/53 1741/69/52 1740/43/52
f 1742/44/53 1743/70/53 1741/69/52
s 0
f 1744/71/2 1745/74/2 1746/73/2
f 1744/71/2 1746/73/2 1747/72/2
f 1748/75/2 1746/73/2 1745/74/2
f 1748/75/2 1749/76/2 1746/73/2
f 1750/77/2 1749/76/2 1748/75/2
f 1750/77/2 1751/78/2 1749/76/2
f 1752/79/2 1751/78/2 1750/77/2
f 1752/79/2 1753/80/2 1751/78/2
f 1754/81/2 1753/80/2 1752/79/2
f 1754/81/2 1755/82/2 1753/80/2
f 1756/83/2 1755/82/2 1754/81/2
f 1756/83/2 1757/84/2 1755/82/2
f 1756/83/2 1758/85/2 1757/84/2
f 1758/85/2 1759/86/2 1757/84/2
f 1758/85/2 1760/87/2 1759/86/2
f 1758/85/2 1761/88/2 1760/87/2
f 1758/85/2 1762/89/2 1761/88/2
f 1762/89/2 1763/90/2 1761/88/2
f 1762/89/2 1764/91/2 1763/90/2
f 1765/94/6 1766/93/6 1767/92/6
f 1765/94/6 1767/92/6 1768/95/6
f 1769/96/6 1766/93/6 1765/94/6
f 1769/96/6 1770/97/6 1766/93/6
f 1771/98/6 1770/97/6 1769/96/6
f 1771/98/6 1772/99/6 1770/97/6
f 1773/100/6 1772/99/6 1771/98/6
f 1773/100/6 1774/101/6 1772/99/6
f 1775/102/6 1774/101/6 1773/100/6
f 1775/102/6 1776/103/6 1774/101/6
s 1
f 1777/104/204 1776/103/6 1775/102/6
f 1777/104/204 1778/105/205 1776/103/6
f 1778/105/205 1777/104/204 1779/106/206
f 1778/105/205 1779/106/206 1780/107/207
f 1781/108/68 1782/94/68 1783/95/3
f 1781/108/68 1783/95/3 1784/109/3
f 1785/110/69 1782/94/68 1781/108/68
f 1785/110/69 1786/96/69 1782/94/68
f 1787/111/70 1786/96/69 1785/110/69
f 1787/111/70 1788/98/70 1786/96/69
f 1789/112/71 1788/98/70 1787/111/70
f 1789/112/71 1790/100/71 1788/98/70
f 1791/113/72 1790/100/71 1789/112/71
f 1791/113/72 1792/102/72 1790/100/71
f 1793/114/208 1792/102/72 1791/113/72
f 1793/114/208 1794/104/209 1792/102/72
f 1795/115/210 1794/104/209 1793/114/208
f 1795/115/210 1796/106/211 1794/104/209
f 1797/116/212 1795/115/210 1793/114/208
f 1797/116/212 1798/117/213 1795/115/210
s 0
f 1799/41/6 1800/42/6 1801/43/6
f 1799/41/6 1801/43/6 1802/44/6
f 1803/45/6 1801/43/6 1800/42/6
f 1803/45/6 1804/46/6 1801/43/6
f 1805/48/6 1804/46/6 1803/45/6
f 1805/48/6 1806/47/6 1804/46/6
f 1807/50/6 1806/47/6 1805/48/6
f 1807/50/6 1808/49/6 1806/47/6
f 1809/52/6 1808/49/6 1807/50/6
f 1809/52/6 1810/51/6 1808/49/6
f 1811/54/6 1810/51/6 1809/52/6
f 1811/54/6 1812/53/6 1810/51/6
f 1813/56/6 1812/53/6 1811/54/6
f 1813/56/6 1814/55/6 1812/53/6
f 1815/58/6 1814/55/6 1813/56/6
f 1815/58/6 1816/57/6 1814/55/6
f 1815/58/6 1817/59/6 1816/57/6
f 1815/58/6 1818/60/6 1817/59/6
s 1
f 1819/61/1 1820/62/20 1821/57/20
f 1819/61/1 1821/57/20 1822/59/1
f 1823/63/21 1821/57/20 1820/62/20
f 1823/63/21 1824/55/21 1821/57/20
f 1825/64/22 1824/55/21 1823/63/21
f 1825/64/22 1826/53/22 1824/55/21
f 1827/65/169 1826/53/22 1825/64/22
f 1827/65/169 1828/51/23 1826/53/22
f 1829/66/24 1828/51/23 1827/65/169
f 1829/66/24 1830/49/24 1828/51/23
f 1831/67/25 1830/49/24 1829/66/24
f 1831/67/25 1832/47/25 1830/49/24
f 1833/68/26 1832/47/25 1831/67/25
f 1833/68/26 1834/46/26 1832/47/25
f 1835/69/27 1834/46/26 1833/68/26
f 1835/69/27 1836/43/27 1834/46/26
f 1837/70/28 1836/43/27 1835/69/27
f 1837/70/28 1838/44/28 1836/43/27
s 0
f 1839/71/2 1840/72/2 1841/73/2
f 1839/71/2 1841/73/2 1842/74/2
f 1843/76/2 1842/74/2 1841/73/2
f 1843/76/2 1844/75/2 1842/74/2
f 1845/78/2 1844/75/2 1843/76/2
f 1845/78/2 1846/77/2 1844/75/2
f 1847/80/2 1846/77/2 1845/78/2
f 1847/80/2 1848/79/2 1846/77/2
f 1849/82/2 1848/79/2 1847/80/2
f 1849/82/2 1850/81/2 1848/79/2
f 1851/84/2 1850/81/2 1849/82/2
f 1851/84/2 1852/83/2 1850/81/2
f 1851/84/2 1853/118/2 1852/83/2
f 1853/118/2 1854/85/2 1852/83/2
f 1853/118/2 1855/119/2 1854/85/2
f 1856/120/2 1854/85/2 1855/119/2
f 1856/120/2 1857/89/2 1854/85/2
f 1858/121/2 1857/89/2 1856/120/2
f 1858/121/2 1859/91/2 1857/89/2
f 1860/92/6 1861/93/6 1862/94/6
f 1860/92/6 1862/94/6 1863/95/6
f 1864/97/6 1862/94/6 1861/93/6
f 1864/97/6 1865/96/6 1862/94/6
f 1866/99/6 1865/96/6 1864/97/6
f 1866/99/6 1867/98/6 1865/96/6
f 1868/101/6 1867/98/6 1866/99/6
f 1868/101/6 1869/100/6 1867/98/6
f 1870/103/6 1869/100/6 1868/101/6
f 1870/103/6 1871/102/6 1869/100/6
f 1872/105/6 1871/102/6 1870/103/6
f 1872/105/6 1873/104/6 1871/102/6
s 1
f 1872/105/6 1874/122/214 1873/104/6
f 1874/122/214 1875/123/6 1873/104/6
f 1874/122/214 1876/124/197 1875/123/6
f 1874/122/214 1877/125/198 1876/124/197
f 1878/95/3 1879/94/33 1880/108/33
f 1878/95/3 1880/108/33 1881/109/3
f 1882/96/34 1880/108/33 1879/94/33
f 1882/96/34 1883/110/34 1880/108/33
f 1884/98/35 1883/110/34 1882/96/34
f 1884/98/35 1885/111/35 1883/110/34
f 1886/100/36 1885/111/35 1884/98/35
f 1886/100/36 1887/112/36 1885/111/35
f 1888/102/37 1887/112/36 1886/100/36
f 1888/102/37 1889/113/37 1887/112/36
f 1890/104/170 1889/113/37 1888/102/37
f 1890/104/170 1891/114/170 1889/113/37
f 1892/123/171 1891/114/170 1890/104/170
f 1892/123/171 1893/126/171 1891/114/170
f 1894/42/215 1895/45/216 1896/128/217
f 1894/42/215 1896/128/217 1897/127/218
f 1898/129/219 1894/42/215 1897/127/218
f 1898/129/219 1899/41/220 1894/42/215
f 1895/45/216 1900/130/221 1896/128/217
f 1895/45/216 1901/48/222 1900/130/221
f 1901/48/222 1902/107/223 1900/130/221
f 1901/48/222 1903/105/224 1902/107/223
f 1904/50/97 1903/105/224 1901/48/222
f 1904/50/97 1905/103/97 1903/105/224
f 1906/52/94 1905/103/97 1904/50/97
f 1906/52/94 1907/101/94 1905/103/97
f 1908/54/95 1907/101/94 1906/52/94
f 1908/54/95 1909/99/95 1907/101/94
f 1910/56/96 1909/99/95 1908/54/95
f 1910/56/96 1911/97/96 1909/99/95
f 1912/58/100 1911/97/96 1910/56/96
f 1912/58/100 1913/93/98 1911/97/96
f 1914/60/93 1913/93/98 1912/58/100
f 1914/60/93 1915/92/93 1913/93/98
f 1916/99/89 1917/54/225 1918/52/88
f 1919/97/90 1917/54/225 1916/99/89
f 1916/99/89 1918/52/88 1920/101/88
f 1919/97/90 1921/56/90 1917/54/225
f 1920/101/88 1918/52/88 1922/50/87
f 1923/93/92 1921/56/90 1919/97/90
f 1920/101/88 1922/50/87 1924/103/87
f 1923/93/92 1925/58/91 1921/56/90
f 1926/92/93 1925/58/91 1923/93/92
f 1926/92/93 1927/60/93 1925/58/91
f 1924/103/87 1922/50/87 1928/48/179
f 1924/103/87 1928/48/179 1929/105/179
f 1929/105/179 1928/48/179 1930/45/177
f 1929/105/179 1930/45/177 1931/122/226
f 1932/125/227 1931/122/226 1930/45/177
f 1932/125/227 1930/45/177 1933/42/228
f 1934/131/229 1932/125/227 1933/42/228
f 1934/131/229 1933/42/228 1935/41/81
s 0
f 1936/156/10 1937/241/10 1938/277/10
f 1936/156/10 1938/277/10 1939/278/10
f 1940/152/10 1937/241/10 1936/156/10
f 1940/152/10 1941/239/10 1937/241/10
f 1942/148/10 1941/239/10 1940/152/10
f 1942/148/10 1943/237/10 1941/239/10
f 1944/144/10 1943/237/10 1942/148/10
f 1944/144/10 1945/236/10 1943/237/10
f 1946/140/10 1945/236/10 1944/144/10
f 1946/140/10 1947/234/10 1945/236/10
f 1948/136/10 1947/234/10 1946/140/10
f 1948/136/10 1949/232/10 1947/234/10
f 1950/134/10 1949/232/10 1948/136/10
f 1950/134/10 1951/229/10 1949/232/10
f 1952/135/10 1951/229/10 1950/134/10
f 1952/135/10 1953/227/10 1951/229/10
f 1954/139/10 1953/227/10 1952/135/10
f 1954/139/10 1955/228/10 1953/227/10
f 1956/143/10 1955/228/10 1954/139/10
f 1956/143/10 1957/230/10 1955/228/10
f 1956/143/10 1958/231/10 1957/230/10
f 1956/143/10 1959/147/10 1958/231/10
f 1959/147/10 1960/233/10 1958/231/10
f 1959/147/10 1961/151/10 1960/233/10
f 1961/151/10 1962/235/10 1960/233/10
f 1961/151/10 1963/155/10 1962/235/10
f 1963/155/10 1964/238/10 1962/235/10
f 1963/155/10 1965/161/10 1964/238/10
f 1966/163/10 1964/238/10 1965/161/10
f 1966/163/10 1967/240/10 1964/238/10
s 1
f 1968/241/230 1969/257/230 1970/279/1
f 1968/241/230 1970/279/1 1971/277/1
f 1972/239/117 1969/257/230 1968/241/230
f 1972/239/117 1973/256/117 1969/257/230
f 1974/237/114 1973/256/117 1972/239/117
f 1974/237/114 1975/253/114 1973/256/117
f 1976/236/112 1975/253/114 1974/237/114
f 1976/236/112 1977/251/112 1975/253/114
f 1978/234/110 1977/251/112 1976/236/112
f 1978/234/110 1979/249/110 1977/251/112
f 1980/232/108 1979/249/110 1978/234/110
f 1980/232/108 1981/247/108 1979/249/110
f 1982/229/107 1981/247/108 1980/232/108
f 1982/229/107 1983/245/107 1981/247/108
f 1984/227/4 1983/245/107 1982/229/107
f 1984/227/4 1985/243/4 1983/245/107
f 1986/228/109 1985/243/4 1984/227/4
f 1986/228/109 1987/244/109 1985/243/4
f 1988/230/142 1987/244/109 1986/228/109
f 1988/230/142 1989/246/142 1987/244/109
f 1990/231/231 1989/246/142 1988/230/142
f 1990/231/231 1991/248/231 1989/246/142
f 1992/233/144 1991/248/231 1990/231/231
f 1992/233/144 1993/250/144 1991/248/231
f 1994/235/145 1993/250/144 1992/233/144
f 1994/235/145 1995/252/145 1993/250/144
f 1996/238/146 1995/252/145 1994/235/145
f 1996/238/146 1997/254/146 1995/252/145
s 0
f 1998/240/146 1997/254/146 1996/238/146
f 1998/240/146 1999/255/146 1997/254/146
s 1
f 2000/257/232 2001/202/233 2002/280/234
f 2000/257/232 2002/280/234 2003/279/235
f 2004/256/236 2001/202/233 2000/257/232
f 2004/256/236 2005/200/236 2001/202/233
f 2006/253/237 2005/200/236 2004/256/236
f 2006/253/237 2007/198/237 2005/200/236
f 2008/251/238 2007/198/237 2006/253/237
f 2008/251/238 2009/196/238 2007/198/237
f 2010/249/239 2009/196/238 2008/251/238
f 2010/249/239 2011/190/239 2009/196/238
f 2012/247/240 2011/190/239 2010/249/239
f 2012/247/240 2013/186/240 2011/190/239
f 2014/245/241 2013/186/240 2012/247/240
f 2014/245/241 2015/181/241 2013/186/240
f 2016/243/242 2015/181/241 2014/245/241
f 2016/243/242 2017/180/242 2015/181/241
f 2018/244/243 2017/180/242 2016/243/242
f 2018/244/243 2019/185/243 2017/180/242
f 2020/246/244 2019/185/243 2018/244/243
f 2020/246/244 2021/189/245 2019/185/243
f 2020/246/244 2022/194/246 2021/189/245
f 2020/246/244 2023/248/247 2022/194/246
f 2024/259/221 2022/194/246 2023/248/247
f 2024/259/221 2025/195/248 2022/194/246
f 2026/250/249 2024/259/221 2023/248/247
f 2026/250/249 2027/260/217 2024/259/221
f 2026/250/249 2028/261/218 2027/260/217
f 2026/250/249 2029/252/250 2028/261/218
f 2029/252/250 2030/262/219 2028/261/218
f 2029/252/250 2031/254/251 2030/262/219
f 2031/254/251 2032/263/252 2030/262/219
f 2031/254/251 2033/255/253 2032/263/252
f 2034/134/107 2035/133/107 2036/132/4
f 2037/136/108 2035/133/107 2034/134/107
f 2034/134/107 2036/132/4 2038/135/4
f 2037/136/108 2039/138/108 2035/133/107
f 2038/135/4 2036/132/4 2040/137/109
f 2041/140/110 2039/138/108 2037/136/108
f 2038/135/4 2040/137/109 2042/139/109
f 2041/140/110 2043/142/110 2039/138/108
f 2042/139/109 2040/137/109 2044/141/111
f 2045/144/112 2043/142/110 2041/140/110
f 2042/139/109 2044/141/111 2046/143/111
f 2045/144/112 2047/146/112 2043/142/110
f 2046/143/111 2044/141/111 2048/145/113
f 2049/148/114 2047/146/112 2045/144/112
f 2046/143/111 2048/145/113 2050/147/113
f 2049/148/114 2051/150/114 2047/146/112
f 2050/147/113 2048/145/113 2052/149/115
f 2053/152/117 2051/150/114 2049/148/114
f 2050/147/113 2052/149/115 2054/151/115
f 2053/152/117 2055/154/117 2051/150/114
f 2054/151/115 2052/149/115 2056/153/118
f 2057/156/254 2055/154/117 2053/152/117
f 2054/151/115 2056/153/118 2058/155/118
f 2057/156/254 2059/158/254 2055/154/117
f 2060/278/1 2059/158/254 2057/156/254
f 2060/278/1 2061/281/1 2059/158/254
f 2058/155/118 2056/153/118 2062/157/120
f 2058/155/118 2062/157/120 2063/161/120
s 0
f 2063/161/120 2062/157/120 2064/162/120
f 2063/161/120 2064/162/120 2065/163/120
f 2066/133/8 2067/165/8 2068/164/8
f 2069/138/8 2067/165/8 2066/133/8
f 2066/133/8 2068/164/8 2070/132/8
f 2069/138/8 2071/167/8 2067/165/8
f 2070/132/8 2068/164/8 2072/166/8
f 2073/142/8 2071/167/8 2069/138/8
f 2070/132/8 2072/166/8 2074/137/8
f 2073/142/8 2075/169/8 2071/167/8
f 2074/137/8 2072/166/8 2076/168/8
f 2077/146/8 2075/169/8 2073/142/8
f 2074/137/8 2076/168/8 2078/141/8
f 2077/146/8 2079/171/8 2075/169/8
f 2078/141/8 2076/168/8 2080/170/8
f 2081/150/8 2079/171/8 2077/146/8
f 2078/141/8 2080/170/8 2082/145/8
f 2081/150/8 2083/173/8 2079/171/8
f 2082/145/8 2080/170/8 2084/172/8
f 2085/154/8 2083/173/8 2081/150/8
f 2082/145/8 2084/172/8 2086/149/8
f 2085/154/8 2087/175/8 2083/173/8
f 2086/149/8 2084/172/8 2088/174/8
f 2089/158/8 2087/175/8 2085/154/8
f 2086/149/8 2088/174/8 2090/153/8
f 2089/158/8 2091/177/8 2087/175/8
f 2092/281/8 2091/177/8 2089/158/8
f 2092/281/8 2093/282/8 2091/177/8
f 2090/153/8 2088/174/8 2094/176/8
f 2090/153/8 2094/176/8 2095/157/8
f 2096/162/8 2095/157/8 2094/176/8
f 2096/162/8 2094/176/8 2097/179/8
f 2098/182/10 2099/181/10 2100/180/10
f 2101/184/10 2099/181/10 2098/182/10
f 2098/182/10 2100/180/10 2102/183/10
f 2101/184/10 2103/186/10 2099/181/10
f 2102/183/10 2100/180/10 2104/185/10
f 2105/188/10 2103/186/10 2101/184/10
f 2102/183/10 2104/185/10 2106/187/10
f 2105/188/10 2107/190/10 2103/186/10
f 2108/192/10 2107/190/10 2105/188/10
f 2108/192/10 2109/196/10 2107/190/10
f 2106/187/10 2104/185/10 2110/189/10
f 2111/197/10 2109/196/10 2108/192/10
f 2106/187/10 2110/189/10 2112/191/10
f 2111/197/10 2113/198/10 2109/196/10
s 1
f 2114/193/255 2112/191/10 2110/189/10
f 2114/193/255 2110/189/10 2115/194/10
f 2114/193/255 2115/194/10 2116/195/256
s 0
f 2117/199/10 2113/198/10 2111/197/10
f 2117/199/10 2118/200/10 2113/198/10
f 2119/201/10 2118/200/10 2117/199/10
f 2119/201/10 2120/202/10 2118/200/10
f 2121/283/10 2120/202/10 2119/201/10
f 2121/283/10 2122/280/10 2120/202/10
s 1
f 2123/205/123 2124/182/123 2125/183/5
f 2126/207/124 2124/182/123 2123/205/123
f 2123/205/123 2125/183/5 2127/206/5
f 2126/207/124 2128/184/124 2124/182/123
f 2127/206/5 2125/183/5 2129/187/125
f 2130/209/126 2128/184/124 2126/207/124
f 2127/206/5 2129/187/125 2131/208/125
f 2130/209/126 2132/188/126 2128/184/124
f 2133/210/128 2132/188/126 2130/209/126
f 2133/210/128 2134/192/128 2132/188/126
f 2131/208/125 2129/187/125 2135/191/257
f 2136/211/129 2134/192/128 2133/210/128
f 2136/211/129 2137/197/129 2134/192/128
f 2138/212/130 2137/197/129 2136/211/129
f 2138/212/130 2139/199/130 2137/197/129
f 2140/213/258 2139/199/130 2138/212/130
f 2140/213/258 2141/201/258 2139/199/130
f 2142/284/3 2141/201/258 2140/213/258
f 2142/284/3 2143/283/3 2141/201/258
f 2131/208/125 2135/191/257 2144/215/259
f 2135/191/257 2145/216/260 2144/215/259
f 2135/191/257 2146/193/261 2145/216/260
f 2147/217/262 2144/215/259 2145/216/260
f 2147/217/262 2145/216/260 2148/218/263
f 2149/219/137 2147/217/262 2148/218/263
f 2149/219/137 2148/218/263 2150/220/138
f 2151/221/139 2149/219/137 2150/220/138
f 2151/221/139 2150/220/138 2152/222/140
f 2151/221/139 2152/222/140 2153/223/141
f 2151/221/139 2153/223/141 2154/224/141
s 0
f 2154/224/141 2153/223/141 2155/225/141
f 2154/224/141 2155/225/141 2156/226/141
f 2157/43/2 2158/42/2 2159/41/2
f 2157/43/2 2159/41/2 2160/44/2
f 2157/43/2 2161/45/2 2158/42/2
f 2157/43/2 2162/46/2 2161/45/2
f 2163/47/2 2161/45/2 2162/46/2
f 2163/47/2 2164/48/2 2161/45/2
f 2165/49/2 2164/48/2 2163/47/2
f 2165/49/2 2166/50/2 2164/48/2
f 2167/51/2 2166/50/2 2165/49/2
f 2167/51/2 2168/52/2 2166/50/2
f 2169/53/2 2168/52/2 2167/51/2
f 2169/53/2 2170/54/2 2168/52/2
f 2171/55/2 2170/54/2 2169/53/2
f 2171/55/2 2172/56/2 2170/54/2
f 2173/57/2 2172/56/2 2171/55/2
f 2173/57/2 2174/58/2 2172/56/2
f 2175/59/2 2174/58/2 2173/57/2
f 2175/59/2 2176/60/2 2174/58/2
s 1
f 2177/57/20 2178/285/20 2179/286/1
f 2177/57/20 2179/286/1 2180/59/1
f 2181/55/21 2178/285/20 2177/57/20
f 2181/55/21 2182/287/21 2178/285/20
f 2183/53/22 2182/287/21 2181/55/21
f 2183/53/22 2184/288/22 2182/287/21
f 2185/51/23 2184/288/22 2183/53/22
f 2185/51/23 2186/289/23 2184/288/22
f 2187/49/24 2186/289/23 2185/51/23
f 2187/49/24 2188/290/24 2186/289/23
f 2189/47/25 2188/290/24 2187/49/24
f 2189/47/25 2190/291/25 2188/290/24
f 2191/46/26 2190/291/25 2189/47/25
f 2191/46/26 2192/292/26 2190/291/25
f 2193/43/27 2192/292/26 2191/46/26
f 2193/43/27 2194/88/27 2192/292/26
f 2195/44/28 2194/88/27 2193/43/27
f 2195/44/28 2196/293/28 2194/88/27
s 0
f 2197/71/6 2198/74/6 2199/73/6
f 2197/71/6 2199/73/6 2200/72/6
f 2201/75/6 2199/73/6 2198/74/6
f 2201/75/6 2202/76/6 2199/73/6
f 2203/77/6 2202/76/6 2201/75/6
f 2203/77/6 2204/78/6 2202/76/6
f 2205/79/6 2204/78/6 2203/77/6
f 2205/79/6 2206/80/6 2204/78/6
f 2207/81/6 2206/80/6 2205/79/6
f 2207/81/6 2208/82/6 2206/80/6
f 2209/83/6 2208/82/6 2207/81/6
f 2209/83/6 2210/84/6 2208/82/6
f 2209/83/6 2211/85/6 2210/84/6
f 2211/85/6 2212/86/6 2210/84/6
f 2211/85/6 2213/87/6 2212/86/6
f 2211/85/6 2214/88/6 2213/87/6
f 2211/85/6 2215/89/6 2214/88/6
f 2215/89/6 2216/90/6 2214/88/6
f 2215/89/6 2217/91/6 2216/90/6
f 2218/94/2 2219/93/2 2220/92/2
f 2218/94/2 2220/92/2 2221/95/2
f 2222/96/2 2219/93/2 2218/94/2
f 2222/96/2 2223/97/2 2219/93/2
f 2224/98/2 2223/97/2 2222/96/2
f 2224/98/2 2225/99/2 2223/97/2
f 2226/100/2 2225/99/2 2224/98/2
f 2226/100/2 2227/101/2 2225/99/2
f 2228/102/2 2227/101/2 2226/100/2
f 2228/102/2 2229/103/2 2227/101/2
s 1
f 2230/104/264 2229/103/2 2228/102/2
f 2230/104/264 2231/105/265 2229/103/2
f 2231/105/265 2230/104/264 2232/106/266
f 2231/105/265 2232/106/266 2233/107/267
f 2234/108/33 2235/94/33 2236/95/3
f 2234/108/33 2236/95/3 2237/109/3
f 2238/110/34 2235/94/33 2234/108/33
f 2238/110/34 2239/96/34 2235/94/33
f 2240/111/35 2239/96/34 2238/110/34
f 2240/111/35 2241/98/35 2239/96/34
f 2242/112/36 2241/98/35 2240/111/35
f 2242/112/36 2243/100/36 2241/98/35
f 2244/113/37 2243/100/36 2242/112/36
f 2244/113/37 2245/102/37 2243/100/36
f 2246/114/268 2245/102/37 2244/113/37
f 2246/114/268 2247/104/269 2245/102/37
f 2248/115/270 2247/104/269 2246/114/268
f 2248/115/270 2249/106/271 2247/104/269
f 2250/116/272 2248/115/270 2246/114/268
f 2250/116/272 2251/117/43 2248/115/270
s 0
f 2252/41/2 2253/42/2 2254/43/2
f 2252/41/2 2254/43/2 2255/44/2
f 2256/45/2 2254/43/2 2253/42/2
f 2256/45/2 2257/46/2 2254/43/2
f 2258/48/2 2257/46/2 2256/45/2
f 2258/48/2 2259/47/2 2257/46/2
f 2260/50/2 2259/47/2 2258/48/2
f 2260/50/2 2261/49/2 2259/47/2
f 2262/52/2 2261/49/2 2260/50/2
f 2262/52/2 2263/51/2 2261/49/2
f 2264/54/2 2263/51/2 2262/52/2
f 2264/54/2 2265/53/2 2263/51/2
f 2266/56/2 2265/53/2 2264/54/2
f 2266/56/2 2267/55/2 2265/53/2
f 2268/58/2 2267/55/2 2266/56/2
f 2268/58/2 2269/57/2 2267/55/2
f 2268/58/2 2270/59/2 2269/57/2
f 2268/58/2 2271/60/2 2270/59/2
s 1
f 2272/286/1 2273/285/44 2274/57/44
f 2272/286/1 2274/57/44 2275/59/1
f 2276/287/45 2274/57/44 2273/285/44
f 2276/287/45 2277/55/45 2274/57/44
f 2278/288/46 2277/55/45 2276/287/45
f 2278/288/46 2279/53/46 2277/55/45
f 2280/289/47 2279/53/46 2278/288/46
f 2280/289/47 2281/51/48 2279/53/46
f 2282/290/49 2281/51/48 2280/289/47
f 2282/290/49 2283/49/49 2281/51/48
f 2284/291/50 2283/49/49 2282/290/49
f 2284/291/50 2285/47/50 2283/49/49
f 2286/292/51 2285/47/50 2284/291/50
f 2286/292/51 2287/46/51 2285/47/50
f 2288/88/52 2287/46/51 2286/292/51
f 2288/88/52 2289/43/52 2287/46/51
f 2290/293/53 2289/43/52 2288/88/52
f 2290/293/53 2291/44/53 2289/43/52
s 0
f 2292/71/6 2293/72/6 2294/73/6
f 2292/71/6 2294/73/6 2295/74/6
f 2296/76/6 2295/74/6 2294/73/6
f 2296/76/6 2297/75/6 2295/74/6
f 2298/78/6 2297/75/6 2296/76/6
f 2298/78/6 2299/77/6 2297/75/6
f 2300/80/6 2299/77/6 2298/78/6
f 2300/80/6 2301/79/6 2299/77/6
f 2302/82/6 2301/79/6 2300/80/6
f 2302/82/6 2303/81/6 2301/79/6
s 1
f 2304/84/273 2303/81/6 2302/82/6
f 2304/84/273 2305/83/274 2303/81/6
f 2304/84/273 2306/118/275 2305/83/274
f 2306/118/275 2307/85/276 2305/83/274
f 2306/118/275 2308/119/277 2307/85/276
f 2309/120/278 2307/85/276 2308/119/277
f 2309/120/278 2310/89/279 2307/85/276
f 2311/121/280 2310/89/279 2309/120/278
f 2311/121/280 2312/91/281 2310/89/279
s 0
f 2313/92/2 2314/93/2 2315/94/2
f 2313/92/2 2315/94/2 2316/95/2
f 2317/97/2 2315/94/2 2314/93/2
f 2317/97/2 2318/96/2 2315/94/2
f 2319/99/2 2318/96/2 2317/97/2
f 2319/99/2 2320/98/2 2318/96/2
f 2321/101/2 2320/98/2 2319/99/2
f 2321/101/2 2322/100/2 2320/98/2
f 2323/103/2 2322/100/2 2321/101/2
f 2323/103/2 2324/102/2 2322/100/2
f 2325/105/2 2324/102/2 2323/103/2
s 1
f 2325/105/2 2326/104/282 2324/102/2
f 2325/105/2 2327/122/283 2326/104/282
f 2327/122/283 2328/123/284 2326/104/282
f 2327/122/283 2329/124/285 2328/123/284
f 2327/122/283 2330/125/286 2329/124/285
f 2331/95/3 2332/94/68 2333/108/68
f 2331/95/3 2333/108/68 2334/109/3
f 2335/96/69 2333/108/68 2332/94/68
f 2335/96/69 2336/110/69 2333/108/68
f 2337/98/70 2336/110/69 2335/96/69
f 2337/98/70 2338/111/70 2336/110/69
f 2339/100/71 2338/111/70 2337/98/70
f 2339/100/71 2340/112/71 2338/111/70
f 2341/102/72 2340/112/71 2339/100/71
f 2341/102/72 2342/113/72 2340/112/71
f 2343/104/73 2342/113/72 2341/102/72
f 2343/104/73 2344/114/74 2342/113/72
f 2345/123/75 2344/114/74 2343/104/73
f 2345/123/75 2346/126/76 2344/114/74
f 2347/42/287 2348/45/288 2349/128/289
f 2347/42/287 2349/128/289 2350/127/290
f 2351/129/291 2347/42/287 2350/127/290
f 2351/129/291 2352/41/292 2347/42/287
f 2348/45/288 2353/130/293 2349/128/289
f 2348/45/288 2354/48/294 2353/130/293
f 2354/48/294 2355/107/295 2353/130/293
f 2354/48/294 2356/105/296 2355/107/295
f 2357/50/297 2356/105/296 2354/48/294
f 2357/50/297 2358/103/297 2356/105/296
f 2359/52/298 2358/103/297 2357/50/297
f 2359/52/298 2360/101/298 2358/103/297
f 2361/54/299 2360/101/298 2359/52/298
f 2361/54/299 2362/99/299 2360/101/298
f 2363/56/300 2362/99/299 2361/54/299
f 2363/56/300 2364/97/300 2362/99/299
f 2365/58/301 2364/97/300 2363/56/300
f 2365/58/301 2366/93/302 2364/97/300
f 2367/60/303 2366/93/302 2365/58/301
f 2367/60/303 2368/92/303 2366/93/302
f 2369/99/304 2370/54/304 2371/52/305
f 2372/97/306 2370/54/304 2369/99/304
f 2369/99/304 2371/52/305 2373/101/305
f 2372/97/306 2374/56/306 2370/54/304
f 2373/101/305 2371/52/305 2375/50/307
f 2376/93/308 2374/56/306 2372/97/306
f 2373/101/305 2375/50/307 2377/103/307
f 2376/93/308 2378/58/309 2374/56/306
f 2379/92/303 2378/58/309 2376/93/308
f 2379/92/303 2380/60/303 2378/58/309
f 2377/103/307 2375/50/307 2381/48/310
f 2377/103/307 2381/48/310 2382/105/310
f 2382/105/310 2381/48/310 2383/45/311
f 2382/105/310 2383/45/311 2384/122/312
f 2385/125/313 2384/122/312 2383/45/311
f 2385/125/313 2383/45/311 2386/42/314
f 2387/131/315 2385/125/313 2386/42/314
f 2387/131/315 2386/42/314 2388/41/316
f 2389/134/317 2390/133/317 2391/132/13
f 2392/136/318 2390/133/317 2389/134/317
f 2389/134/317 2391/132/13 2393/135/13
f 2392/136/318 2394/138/318 2390/133/317
f 2393/135/13 2391/132/13 2395/137/319
f 2396/140/320 2394/138/318 2392/136/318
f 2393/135/13 2395/137/319 2397/139/319
f 2396/140/320 2398/142/320 2394/138/318
f 2397/139/319 2395/137/319 2399/141/321
f 2400/144/322 2398/142/320 2396/140/320
f 2397/139/319 2399/141/321 2401/143/321
f 2400/144/322 2402/146/322 2398/142/320
f 2401/143/321 2399/141/321 2403/145/323
f 2404/148/324 2402/146/322 2400/144/322
f 2401/143/321 2403/145/323 2405/147/323
f 2404/148/324 2406/150/324 2402/146/322
f 2405/147/323 2403/145/323 2407/149/325
f 2408/152/326 2406/150/324 2404/148/324
f 2405/147/323 2407/149/325 2409/151/325
f 2408/152/326 2410/154/326 2406/150/324
f 2409/151/325 2407/149/325 2411/153/327
f 2412/156/328 2410/154/326 2408/152/326
f 2409/151/325 2411/153/327 2413/155/327
f 2412/156/328 2414/158/328 2410/154/326
f 2415/159/1 2414/158/328 2412/156/328
f 2415/159/1 2416/160/1 2414/158/328
f 2413/155/327 2411/153/327 2417/157/329
f 2413/155/327 2417/157/329 2418/161/329
s 0
f 2418/161/329 2417/157/329 2419/162/329
f 2418/161/329 2419/162/329 2420/163/329
f 2421/133/10 2422/165/10 2423/164/10
f 2424/138/10 2422/165/10 2421/133/10
f 2421/133/10 2423/164/10 2425/132/10
f 2424/138/10 2426/167/10 2422/165/10
f 2425/132/10 2423/164/10 2427/166/10
f 2428/142/10 2426/167/10 2424/138/10
f 2425/132/10 2427/166/10 2429/137/10
f 2428/142/10 2430/169/10 2426/167/10
f 2429/137/10 2427/166/10 2431/168/10
f 2432/146/10 2430/169/10 2428/142/10
f 2429/137/10 2431/168/10 2433/141/10
f 2432/146/10 2434/171/10 2430/169/10
f 2433/141/10 2431/168/10 2435/170/10
f 2436/150/10 2434/171/10 2432/146/10
f 2433/141/10 2435/170/10 2437/145/10
f 2436/150/10 2438/173/10 2434/171/10
f 2437/145/10 2435/170/10 2439/172/10
f 2440/154/10 2438/173/10 2436/150/10
f 2437/145/10 2439/172/10 2441/149/10
f 2440/154/10 2442/175/10 2438/173/10
f 2441/149/10 2439/172/10 2443/174/10
f 2444/158/10 2442/175/10 2440/154/10
f 2441/149/10 2443/174/10 2445/153/10
f 2444/158/10 2446/177/10 2442/175/10
f 2447/160/10 2446/177/10 2444/158/10
f 2447/160/10 2448/178/10 2446/177/10
f 2445/153/10 2443/174/10 2449/176/10
f 2445/153/10 2449/176/10 2450/157/10
f 2451/162/10 2450/157/10 2449/176/10
f 2451/162/10 2449/176/10 2452/179/10
f 2453/182/8 2454/181/8 2455/180/8
f 2456/184/8 2454/181/8 2453/182/8
f 2453/182/8 2455/180/8 2457/183/8
f 2456/184/8 2458/186/8 2454/181/8
f 2457/183/8 2455/180/8 2459/185/8
f 2460/188/8 2458/186/8 2456/184/8
f 2457/183/8 2459/185/8 2461/187/8
f 2460/188/8 2462/190/8 2458/186/8
f 2463/192/8 2462/190/8 2460/188/8
f 2463/192/8 2464/196/8 2462/190/8
f 2461/187/8 2459/185/8 2465/189/8
f 2466/197/8 2464/196/8 2463/192/8
f 2461/187/8 2465/189/8 2467/191/8
f 2466/197/8 2468/198/8 2464/196/8
s 1
f 2469/193/330 2467/191/8 2465/189/8
f 2469/193/330 2465/189/8 2470/194/8
f 2469/193/330 2470/194/8 2471/195/331
s 0
f 2472/199/8 2468/198/8 2466/197/8
f 2472/199/8 2473/200/8 2468/198/8
f 2474/201/8 2473/200/8 2472/199/8
f 2474/201/8 2475/202/8 2473/200/8
f 2476/203/8 2475/202/8 2474/201/8
f 2476/203/8 2477/204/8 2475/202/8
s 1
f 2478/205/332 2479/182/332 2480/183/7
f 2481/207/333 2479/182/332 2478/205/332
f 2478/205/332 2480/183/7 2482/206/7
f 2481/207/333 2483/184/333 2479/182/332
f 2482/206/7 2480/183/7 2484/187/334
f 2485/209/335 2483/184/333 2481/207/333
f 2482/206/7 2484/187/334 2486/208/334
f 2485/209/335 2487/188/335 2483/184/333
f 2488/210/336 2487/188/335 2485/209/335
f 2488/210/336 2489/192/336 2487/188/335
f 2486/208/334 2484/187/334 2490/191/337
f 2491/211/338 2489/192/336 2488/210/336
f 2491/211/338 2492/197/338 2489/192/336
f 2493/212/339 2492/197/338 2491/211/338
f 2493/212/339 2494/199/339 2492/197/338
f 2495/213/340 2494/199/339 2493/212/339
f 2495/213/340 2496/201/340 2494/199/339
f 2497/214/3 2496/201/340 2495/213/340
f 2497/214/3 2498/203/3 2496/201/340
f 2486/208/334 2490/191/337 2499/215/341
f 2490/191/337 2500/216/342 2499/215/341
f 2490/191/337 2501/193/343 2500/216/342
f 2502/217/344 2499/215/341 2500/216/342
f 2502/217/344 2500/216/342 2503/218/345
f 2504/219/346 2502/217/344 2503/218/345
f 2504/219/346 2503/218/345 2505/220/347
f 2506/221/348 2504/219/346 2505/220/347
f 2506/221/348 2505/220/347 2507/222/349
f 2506/221/348 2507/222/349 2508/223/350
f 2506/221/348 2508/223/350 2509/224/350
s 0
f 2509/224/350 2508/223/350 2510/225/350
f 2509/224/350 2510/225/350 2511/226/350
f 2512/139/8 2513/228/8 2514/227/8
f 2512/139/8 2514/227/8 2515/135/8
f 2516/143/8 2513/228/8 2512/139/8
f 2515/135/8 2514/227/8 2517/229/8
f 2516/143/8 2518/230/8 2513/228/8
f 2515/135/8 2517/229/8 2519/134/8
f 2516/143/8 2520/231/8 2518/230/8
f 2519/134/8 2517/229/8 2521/232/8
f 2516/143/8 2522/147/8 2520/231/8
f 2519/134/8 2521/232/8 2523/136/8
f 2522/147/8 2524/233/8 2520/231/8
f 2523/136/8 2521/232/8 2525/234/8
f 2522/147/8 2526/151/8 2524/233/8
f 2523/136/8 2525/234/8 2527/140/8
f 2526/151/8 2528/235/8 2524/233/8
f 2527/140/8 2525/234/8 2529/236/8
f 2526/151/8 2530/155/8 2528/235/8
f 2527/140/8 2529/236/8 2531/144/8
f 2530/155/8 2532/238/8 2528/235/8
f 2531/144/8 2529/236/8 2533/237/8
f 2530/155/8 2534/161/8 2532/238/8
f 2535/163/8 2532/238/8 2534/161/8
f 2535/163/8 2536/240/8 2532/238/8
f 2531/144/8 2533/237/8 2537/148/8
f 2537/148/8 2533/237/8 2538/239/8
f 2537/148/8 2538/239/8 2539/152/8
f 2539/152/8 2538/239/8 2540/241/8
f 2539/152/8 2540/241/8 2541/156/8
f 2542/159/8 2541/156/8 2540/241/8
f 2542/159/8 2540/241/8 2543/242/8
s 1
f 2544/228/319 2545/244/319 2546/243/13
f 2547/230/351 2545/244/319 2544/228/319
f 2544/228/319 2546/243/13 2548/227/13
f 2547/230/351 2549/246/351 2545/244/319
f 2548/227/13 2546/243/13 2550/245/317
f 2551/231/352 2549/246/351 2547/230/351
f 2548/227/13 2550/245/317 2552/229/317
f 2551/231/352 2553/248/352 2549/246/351
f 2552/229/317 2550/245/317 2554/247/318
f 2555/233/353 2553/248/352 2551/231/352
f 2552/229/317 2554/247/318 2556/232/318
f 2555/233/353 2557/250/353 2553/248/352
f 2556/232/318 2554/247/318 2558/249/320
f 2559/235/354 2557/250/353 2555/233/353
f 2556/232/318 2558/249/320 2560/234/320
f 2559/235/354 2561/252/354 2557/250/353
f 2560/234/320 2558/249/320 2562/251/322
f 2563/238/355 2561/252/354 2559/235/354
f 2560/234/320 2562/251/322 2564/236/322
f 2563/238/355 2565/254/355 2561/252/354
f 2566/240/355 2565/254/355 2563/238/355
f 2566/240/355 2567/255/355 2565/254/355
f 2564/236/322 2562/251/322 2568/253/324
f 2564/236/322 2568/253/324 2569/237/324
f 2569/237/324 2568/253/324 2570/256/326
f 2569/237/324 2570/256/326 2571/239/326
f 2571/239/326 2570/256/326 2572/257/328
f 2571/239/326 2572/257/328 2573/241/328
f 2574/242/1 2573/241/328 2572/257/328
f 2574/242/1 2572/257/328 2575/258/1
f 2576/244/356 2577/185/356 2578/180/357
f 2576/244/356 2578/180/357 2579/243/357
f 2580/246/358 2577/185/356 2576/244/356
f 2579/243/357 2578/180/357 2581/181/359
f 2580/246/358 2582/189/360 2577/185/356
f 2579/243/357 2581/181/359 2583/245/359
f 2580/246/358 2584/194/361 2582/189/360
f 2583/245/359 2581/181/359 2585/186/362
f 2583/245/359 2585/186/362 2586/247/362
f 2586/247/362 2585/186/362 2587/190/363
f 2586/247/362 2587/190/363 2588/249/363
f 2588/249/363 2587/190/363 2589/196/364
f 2588/249/363 2589/196/364 2590/251/364
f 2590/251/364 2589/196/364 2591/198/365
f 2590/251/364 2591/198/365 2592/253/365
f 2592/253/365 2591/198/365 2593/200/366
f 2592/253/365 2593/200/366 2594/256/366
f 2594/256/366 2593/200/366 2595/202/367
f 2594/256/366 2595/202/367 2596/257/367
f 2597/258/159 2596/257/367 2595/202/367
f 2597/258/159 2595/202/367 2598/204/159
f 2580/246/358 2599/248/368 2584/194/361
f 2600/259/293 2584/194/361 2599/248/368
f 2600/259/293 2601/195/295 2584/194/361
f 2602/250/369 2600/259/293 2599/248/368
f 2602/250/369 2603/260/289 2600/259/293
f 2602/250/369 2604/261/290 2603/260/289
f 2602/250/369 2605/252/370 2604/261/290
f 2605/252/370 2606/262/291 2604/261/290
f 2605/252/370 2607/254/371 2606/262/291
f 2607/254/371 2608/263/372 2606/262/291
f 2607/254/371 2609/255/373 2608/263/372
s 0
f 2610/41/2 2611/42/2 2612/43/2
f 2610/41/2 2612/43/2 2613/44/2
f 2612/43/2 2611/42/2 2614/45/2
f 2612/43/2 2614/45/2 2615/46/2
f 2614/45/2 2616/47/2 2615/46/2
f 2614/45/2 2617/48/2 2616/47/2
f 2617/48/2 2618/49/2 2616/47/2
f 2617/48/2 2619/50/2 2618/49/2
f 2619/50/2 2620/51/2 2618/49/2
f 2619/50/2 2621/52/2 2620/51/2
f 2621/52/2 2622/53/2 2620/51/2
f 2621/52/2 2623/54/2 2622/53/2
f 2623/54/2 2624/55/2 2622/53/2
f 2623/54/2 2625/56/2 2624/55/2
f 2625/56/2 2626/57/2 2624/55/2
f 2625/56/2 2627/58/2 2626/57/2
f 2627/58/2 2628/59/2 2626/57/2
f 2627/58/2 2629/60/2 2628/59/2
s 1
f 2630/286/1 2631/285/44 2632/57/44
f 2630/286/1 2632/57/44 2633/59/1
f 2631/285/44 2634/55/45 2632/57/44
f 2631/285/44 2635/287/45 2634/55/45
f 2635/287/45 2636/53/46 2634/55/45
f 2635/287/45 2637/288/46 2636/53/46
f 2637/288/46 2638/51/48 2636/53/46
f 2637/288/46 2639/289/48 2638/51/48
f 2639/289/48 2640/49/49 2638/51/48
f 2639/289/48 2641/290/49 2640/49/49
f 2641/290/49 2642/47/50 2640/49/49
f 2641/290/49 2643/291/50 2642/47/50
f 2643/291/50 2644/46/51 2642/47/50
f 2643/291/50 2645/292/51 2644/46/51
f 2645/292/51 2646/43/52 2644/46/51
f 2645/292/51 2647/88/52 2646/43/52
f 2647/88/52 2648/44/53 2646/43/52
f 2647/88/52 2649/293/53 2648/44/53
s 0
f 2650/71/6 2651/72/6 2652/73/6
f 2650/71/6 2652/73/6 2653/74/6
f 2652/73/6 2654/75/6 2653/74/6
f 2652/73/6 2655/76/6 2654/75/6
f 2655/76/6 2656/77/6 2654/75/6
f 2655/76/6 2657/78/6 2656/77/6
f 2657/78/6 2658/79/6 2656/77/6
f 2657/78/6 2659/80/6 2658/79/6
f 2659/80/6 2660/81/6 2658/79/6
f 2659/80/6 2661/82/6 2660/81/6
f 2661/82/6 2662/83/6 2660/81/6
f 2661/82/6 2663/84/6 2662/83/6
f 2662/83/6 2663/84/6 2664/85/6
f 2665/86/6 2664/85/6 2663/84/6
f 2665/86/6 2666/87/6 2664/85/6
f 2664/85/6 2666/87/6 2667/88/6
f 2664/85/6 2667/88/6 2668/89/6
f 2668/89/6 2667/88/6 2669/90/6
f 2668/89/6 2669/90/6 2670/91/6
f 2671/92/2 2672/93/2 2673/94/2
f 2671/92/2 2673/94/2 2674/95/2
f 2672/93/2 2675/96/2 2673/94/2
f 2672/93/2 2676/97/2 2675/96/2
f 2676/97/2 2677/98/2 2675/96/2
f 2676/97/2 2678/99/2 2677/98/2
f 2678/99/2 2679/100/2 2677/98/2
f 2678/99/2 2680/101/2 2679/100/2
f 2680/101/2 2681/102/2 2679/100/2
f 2680/101/2 2682/103/2 2681/102/2
f 2682/103/2 2683/104/2 2681/102/2
f 2682/103/2 2684/105/2 2683/104/2
f 2683/104/2 2684/105/2 2685/264/2
f 2686/122/2 2685/264/2 2684/105/2
f 2686/122/2 2687/265/2 2685/264/2
f 2688/266/2 2687/265/2 2686/122/2
s 1
f 2689/95/3 2690/94/68 2691/108/68
f 2689/95/3 2691/108/68 2692/109/3
f 2690/94/68 2693/110/69 2691/108/68
f 2690/94/68 2694/96/69 2693/110/69
f 2694/96/69 2695/111/70 2693/110/69
f 2694/96/69 2696/98/70 2695/111/70
f 2696/98/70 2697/112/71 2695/111/70
f 2696/98/70 2698/100/71 2697/112/71
f 2698/100/71 2699/113/72 2697/112/71
f 2698/100/71 2700/102/72 2699/113/72
f 2700/102/72 2701/114/167 2699/113/72
f 2700/102/72 2702/104/167 2701/114/167
f 2702/104/167 2703/116/168 2701/114/167
f 2702/104/167 2704/264/168 2703/116/168
s 0
f 2705/43/2 2706/42/2 2707/41/2
f 2705/43/2 2707/41/2 2708/44/2
f 2705/43/2 2709/45/2 2706/42/2
f 2705/43/2 2710/46/2 2709/45/2
f 2710/46/2 2711/48/2 2709/45/2
f 2710/46/2 2712/47/2 2711/48/2
f 2712/47/2 2713/50/2 2711/48/2
f 2712/47/2 2714/49/2 2713/50/2
f 2714/49/2 2715/52/2 2713/50/2
f 2714/49/2 2716/51/2 2715/52/2
f 2716/51/2 2717/54/2 2715/52/2
f 2716/51/2 2718/53/2 2717/54/2
f 2718/53/2 2719/56/2 2717/54/2
f 2718/53/2 2720/55/2 2719/56/2
f 2720/55/2 2721/58/2 2719/56/2
f 2720/55/2 2722/57/2 2721/58/2
f 2721/58/2 2722/57/2 2723/59/2
f 2721/58/2 2723/59/2 2724/60/2
s 1
f 2725/57/20 2726/285/20 2727/286/1
f 2725/57/20 2727/286/1 2728/59/1
f 2725/57/20 2729/287/21 2726/285/20
f 2725/57/20 2730/55/21 2729/287/21
f 2730/55/21 2731/288/22 2729/287/21
f 2730/55/21 2732/53/22 2731/288/22
f 2732/53/22 2733/289/169 2731/288/22
f 2732/53/22 2734/51/23 2733/289/169
f 2734/51/23 2735/290/24 2733/289/169
f 2734/51/23 2736/49/24 2735/290/24
f 2736/49/24 2737/291/25 2735/290/24
f 2736/49/24 2738/47/25 2737/291/25
f 2738/47/25 2739/292/26 2737/291/25
f 2738/47/25 2740/46/26 2739/292/26
f 2740/46/26 2741/88/27 2739/292/26
f 2740/46/26 2742/43/27 2741/88/27
f 2742/43/27 2743/293/28 2741/88/27
f 2742/43/27 2744/44/28 2743/293/28
s 0
f 2745/71/6 2746/74/6 2747/73/6
f 2745/71/6 2747/73/6 2748/72/6
f 2746/74/6 2749/76/6 2747/73/6
f 2746/74/6 2750/75/6 2749/76/6
f 2750/75/6 2751/78/6 2749/76/6
f 2750/75/6 2752/77/6 2751/78/6
f 2752/77/6 2753/80/6 2751/78/6
f 2752/77/6 2754/79/6 2753/80/6
f 2754/79/6 2755/82/6 2753/80/6
f 2754/79/6 2756/81/6 2755/82/6
f 2756/81/6 2757/84/6 2755/82/6
f 2756/81/6 2758/83/6 2757/84/6
f 2757/84/6 2758/83/6 2759/267/6
f 2760/85/6 2759/267/6 2758/83/6
f 2760/85/6 2761/268/6 2759/267/6
f 2760/85/6 2762/269/6 2761/268/6
f 2760/85/6 2763/89/6 2762/269/6
f 2763/89/6 2764/270/6 2762/269/6
f 2763/89/6 2765/91/6 2764/270/6
f 2766/94/2 2767/93/2 2768/92/2
f 2766/94/2 2768/92/2 2769/95/2
f 2766/94/2 2770/97/2 2767/93/2
f 2766/94/2 2771/96/2 2770/97/2
f 2771/96/2 2772/99/2 2770/97/2
f 2771/96/2 2773/98/2 2772/99/2
f 2773/98/2 2774/101/2 2772/99/2
f 2773/98/2 2775/100/2 2774/101/2
f 2775/100/2 2776/103/2 2774/101/2
f 2775/100/2 2777/102/2 2776/103/2
f 2777/102/2 2778/105/2 2776/103/2
f 2777/102/2 2779/104/2 2778/105/2
f 2778/105/2 2779/104/2 2780/122/2
f 2781/271/2 2780/122/2 2779/104/2
f 2781/271/2 2782/272/2 2780/122/2
f 2780/122/2 2782/272/2 2783/273/2
s 1
f 2784/108/33 2785/94/33 2786/95/3
f 2784/108/33 2786/95/3 2787/109/3
f 2784/108/33 2788/96/34 2785/94/33
f 2784/108/33 2789/110/34 2788/96/34
f 2789/110/34 2790/98/35 2788/96/34
f 2789/110/34 2791/111/35 2790/98/35
f 2791/111/35 2792/100/36 2790/98/35
f 2791/111/35 2793/112/36 2792/100/36
f 2793/112/36 2794/102/37 2792/100/36
f 2793/112/36 2795/113/37 2794/102/37
f 2795/113/37 2796/104/170 2794/102/37
f 2795/113/37 2797/114/170 2796/104/170
f 2797/114/170 2798/271/171 2796/104/170
f 2797/114/170 2799/274/171 2798/271/171
f 2800/42/374 2801/266/375 2802/122/376
f 2803/275/377 2801/266/375 2800/42/374
f 2803/275/377 2800/42/374 2804/41/378
f 2800/42/374 2802/122/376 2805/45/311
f 2802/122/376 2806/48/310 2805/45/311
f 2802/122/376 2807/105/310 2806/48/310
f 2807/105/310 2808/50/379 2806/48/310
f 2807/105/310 2809/103/379 2808/50/379
f 2809/103/379 2810/52/380 2808/50/379
f 2809/103/379 2811/101/380 2810/52/380
f 2811/101/380 2812/54/381 2810/52/380
f 2811/101/380 2813/99/381 2812/54/381
f 2813/99/381 2814/56/306 2812/54/381
f 2813/99/381 2815/97/306 2814/56/306
f 2815/97/306 2816/58/309 2814/56/306
f 2815/97/306 2817/93/308 2816/58/309
f 2817/93/308 2818/60/303 2816/58/309
f 2817/93/308 2819/92/303 2818/60/303
f 2820/42/382 2821/45/383 2822/122/384
f 2820/42/382 2822/122/384 2823/273/385
f 2824/276/386 2820/42/382 2823/273/385
f 2824/276/386 2825/41/292 2820/42/382
f 2821/45/383 2826/105/387 2822/122/384
f 2821/45/383 2827/48/387 2826/105/387
f 2827/48/387 2828/103/297 2826/105/387
f 2827/48/387 2829/50/297 2828/103/297
f 2829/50/297 2830/101/388 2828/103/297
f 2829/50/297 2831/52/388 2830/101/388
f 2831/52/388 2832/99/299 2830/101/388
f 2831/52/388 2833/54/299 2832/99/299
f 2833/54/299 2834/97/300 2832/99/299
f 2833/54/299 2835/56/300 2834/97/300
f 2835/56/300 2836/93/302 2834/97/300
f 2835/56/300 2837/58/301 2836/93/302
f 2837/58/301 2838/92/303 2836/93/302
f 2837/58/301 2839/60/303 2838/92/303
s 0
f 2840/43/2 2841/42/2 2842/41/2
f 2840/43/2 2842/41/2 2843/44/2
f 2840/43/2 2844/45/2 2841/42/2
f 2840/43/2 2845/46/2 2844/45/2
f 2846/47/2 2844/45/2 2845/46/2
f 2846/47/2 2847/48/2 2844/45/2
f 2848/49/2 2847/48/2 2846/47/2
f 2848/49/2 2849/50/2 2847/48/2
f 2850/51/2 2849/50/2 2848/49/2
f 2850/51/2 2851/52/2 2849/50/2
f 2852/53/2 2851/52/2 2850/51/2
f 2852/53/2 2853/54/2 2851/52/2
f 2854/55/2 2853/54/2 2852/53/2
f 2854/55/2 2855/56/2 2853/54/2
f 2856/57/2 2855/56/2 2854/55/2
f 2856/57/2 2857/58/2 2855/56/2
f 2858/59/2 2857/58/2 2856/57/2
f 2858/59/2 2859/60/2 2857/58/2
s 1
f 2860/57/20 2861/285/20 2862/286/1
f 2860/57/20 2862/286/1 2863/59/1
f 2864/55/21 2861/285/20 2860/57/20
f 2864/55/21 2865/287/21 2861/285/20
f 2866/53/22 2865/287/21 2864/55/21
f 2866/53/22 2867/288/22 2865/287/21
f 2868/51/23 2867/288/22 2866/53/22
f 2868/51/23 2869/289/23 2867/288/22
f 2870/49/24 2869/289/23 2868/51/23
f 2870/49/24 2871/290/24 2869/289/23
f 2872/47/25 2871/290/24 2870/49/24
f 2872/47/25 2873/291/25 2871/290/24
f 2874/46/26 2873/291/25 2872/47/25
f 2874/46/26 2875/292/26 2873/291/25
f 2876/43/27 2875/292/26 2874/46/26
f 2876/43/27 2877/88/27 2875/292/26
f 2878/44/28 2877/88/27 2876/43/27
f 2878/44/28 2879/293/28 2877/88/27
s 0
f 2880/71/6 2881/74/6 2882/73/6
f 2880/71/6 2882/73/6 2883/72/6
f 2884/75/6 2882/73/6 2881/74/6
f 2884/75/6 2885/76/6 2882/73/6
f 2886/77/6 2885/76/6 2884/75/6
f 2886/77/6 2887/78/6 2885/76/6
f 2888/79/6 2887/78/6 2886/77/6
f 2888/79/6 2889/80/6 2887/78/6
f 2890/81/6 2889/80/6 2888/79/6
f 2890/81/6 2891/82/6 2889/80/6
f 2892/83/6 2891/82/6 2890/81/6
f 2892/83/6 2893/84/6 2891/82/6
f 2892/83/6 2894/85/6 2893/84/6
s 1
f 2894/85/6 2895/86/275 2893/84/6
f 2894/85/6 2896/87/277 2895/86/275
f 2894/85/6 2897/88/278 2896/87/277
f 2894/85/6 2898/89/6 2897/88/278
f 2898/89/6 2899/90/280 2897/88/278
f 2898/89/6 2900/91/6 2899/90/280
s 0
f 2901/94/2 2902/93/2 2903/92/2
f 2901/94/2 2903/92/2 2904/95/2
f 2905/96/2 2902/93/2 2901/94/2
f 2905/96/2 2906/97/2 2902/93/2
f 2907/98/2 2906/97/2 2905/96/2
f 2907/98/2 2908/99/2 2906/97/2
f 2909/100/2 2908/99/2 2907/98/2
f 2909/100/2 2910/101/2 2908/99/2
f 2911/102/2 2910/101/2 2909/100/2
f 2911/102/2 2912/103/2 2910/101/2
f 2913/104/2 2912/103/2 2911/102/2
f 2913/104/2 2914/105/2 2912/103/2
s 1
f 2913/104/2 2915/264/389 2914/105/2
f 2915/264/389 2916/122/2 2914/105/2
f 2915/264/389 2917/265/390 2916/122/2
f 2918/266/391 2916/122/2 2917/265/390
f 2919/108/33 2920/94/33 2921/95/3
f 2919/108/33 2921/95/3 2922/109/3
f 2923/110/34 2920/94/33 2919/108/33
f 2923/110/34 2924/96/34 2920/94/33
f 2925/111/35 2924/96/34 2923/110/34
f 2925/111/35 2926/98/35 2924/96/34
f 2927/112/36 2926/98/35 2925/111/35
f 2927/112/36 2928/100/36 2926/98/35
f 2929/113/37 2928/100/36 2927/112/36
f 2929/113/37 2930/102/37 2928/100/36
f 2931/114/170 2930/102/37 2929/113/37
f 2931/114/170 2932/104/170 2930/102/37
f 2933/116/185 2932/104/170 2931/114/170
f 2933/116/185 2934/264/186 2932/104/170
s 0
f 2935/41/2 2936/42/2 2937/43/2
f 2935/41/2 2937/43/2 2938/44/2
f 2939/45/2 2937/43/2 2936/42/2
f 2939/45/2 2940/46/2 2937/43/2
f 2941/48/2 2940/46/2 2939/45/2
f 2941/48/2 2942/47/2 2940/46/2
f 2943/50/2 2942/47/2 2941/48/2
f 2943/50/2 2944/49/2 2942/47/2
f 2945/52/2 2944/49/2 2943/50/2
f 2945/52/2 2946/51/2 2944/49/2
f 2947/54/2 2946/51/2 2945/52/2
f 2947/54/2 2948/53/2 2946/51/2
f 2949/56/2 2948/53/2 2947/54/2
f 2949/56/2 2950/55/2 2948/53/2
f 2951/58/2 2950/55/2 2949/56/2
f 2951/58/2 2952/57/2 2950/55/2
f 2951/58/2 2953/59/2 2952/57/2
f 2951/58/2 2954/60/2 2953/59/2
s 1
f 2955/286/1 2956/285/44 2957/57/44
f 2955/286/1 2957/57/44 2958/59/1
f 2959/287/45 2957/57/44 2956/285/44
f 2959/287/45 2960/55/45 2957/57/44
f 2961/288/46 2960/55/45 2959/287/45
f 2961/288/46 2962/53/46 2960/55/45
f 2963/289/48 2962/53/46 2961/288/46
f 2963/289/48 2964/51/48 2962/53/46
f 2965/290/49 2964/51/48 2963/289/48
f 2965/290/49 2966/49/49 2964/51/48
f 2967/291/50 2966/49/49 2965/290/49
f 2967/291/50 2968/47/50 2966/49/49
f 2969/292/51 2968/47/50 2967/291/50
f 2969/292/51 2970/46/51 2968/47/50
f 2971/88/52 2970/46/51 2969/292/51
f 2971/88/52 2972/43/52 2970/46/51
f 2973/293/53 2972/43/52 2971/88/52
f 2973/293/53 2974/44/53 2972/43/52
s 0
f 2975/71/6 2976/72/6 2977/73/6
f 2975/71/6 2977/73/6 2978/74/6
f 2977/73/6 2979/75/6 2978/74/6
f 2977/73/6 2980/76/6 2979/75/6
f 2980/76/6 2981/77/6 2979/75/6
f 2980/76/6 2982/78/6 2981/77/6
f 2982/78/6 2983/79/6 2981/77/6
f 2982/78/6 2984/80/6 2983/79/6
f 2984/80/6 2985/81/6 2983/79/6
f 2984/80/6 2986/82/6 2985/81/6
f 2986/82/6 2987/83/6 2985/81/6
f 2986/82/6 2988/84/6 2987/83/6
f 2987/83/6 2988/84/6 2989/85/6
f 2990/267/6 2989/85/6 2988/84/6
f 2990/267/6 2991/268/6 2989/85/6
f 2989/85/6 2991/268/6 2992/269/6
f 2989/85/6 2992/269/6 2993/89/6
f 2993/89/6 2992/269/6 2994/270/6
f 2993/89/6 2994/270/6 2995/91/6
f 2996/92/2 2997/93/2 2998/94/2
f 2996/92/2 2998/94/2 2999/95/2
f 3000/97/2 2998/94/2 2997/93/2
f 3000/97/2 3001/96/2 2998/94/2
f 3002/99/2 3001/96/2 3000/97/2
f 3002/99/2 3003/98/2 3001/96/2
f 3004/101/2 3003/98/2 3002/99/2
f 3004/101/2 3005/100/2 3003/98/2
f 3006/103/2 3005/100/2 3004/101/2
f 3006/103/2 3007/102/2 3005/100/2
f 3008/105/2 3007/102/2 3006/103/2
f 3008/105/2 3009/104/2 3007/102/2
f 3008/105/2 3010/122/2 3009/104/2
f 3010/122/2 3011/271/2 3009/104/2
f 3010/122/2 3012/272/2 3011/271/2
f 3010/122/2 3013/273/2 3012/272/2
s 1
f 3014/95/3 3015/94/68 3016/108/68
f 3014/95/3 3016/108/68 3017/109/3
f 3018/96/69 3016/108/68 3015/94/68
f 3018/96/69 3019/110/69 3016/108/68
f 3020/98/70 3019/110/69 3018/96/69
f 3020/98/70 3021/111/70 3019/110/69
f 3022/100/71 3021/111/70 3020/98/70
f 3022/100/71 3023/112/71 3021/111/70
f 3024/102/72 3023/112/71 3022/100/71
f 3024/102/72 3025/113/72 3023/112/71
f 3026/104/167 3025/113/72 3024/102/72
f 3026/104/167 3027/114/167 3025/113/72
f 3028/271/168 3027/114/167 3026/104/167
f 3028/271/168 3029/274/168 3027/114/167
f 3030/42/392 3031/45/383 3032/122/393
f 3033/48/394 3032/122/393 3031/45/383
f 3030/42/392 3032/122/393 3034/266/395
f 3035/275/396 3030/42/392 3034/266/395
f 3035/275/396 3036/41/397 3030/42/392
f 3033/48/394 3037/105/394 3032/122/393
f 3038/50/297 3037/105/394 3033/48/394
f 3038/50/297 3039/103/297 3037/105/394
f 3040/52/298 3039/103/297 3038/50/297
f 3040/52/298 3041/101/298 3039/103/297
f 3042/54/398 3041/101/298 3040/52/298
f 3042/54/398 3043/99/398 3041/101/298
f 3044/56/399 3043/99/398 3042/54/398
f 3044/56/399 3045/97/300 3043/99/398
f 3046/58/301 3045/97/300 3044/56/399
f 3046/58/301 3047/93/302 3045/97/300
f 3048/60/303 3047/93/302 3046/58/301
f 3048/60/303 3049/92/303 3047/93/302
f 3050/122/400 3051/45/311 3052/42/401
f 3053/105/310 3051/45/311 3050/122/400
f 3050/122/400 3052/42/401 3054/273/402
f 3053/105/310 3055/48/310 3051/45/311
f 3056/276/403 3054/273/402 3052/42/401
f 3056/276/403 3052/42/401 3057/41/316
f 3058/103/307 3055/48/310 3053/105/310
f 3058/103/307 3059/50/307 3055/48/310
f 3060/101/380 3059/50/307 3058/103/307
f 3060/101/380 3061/52/380 3059/50/307
f 3062/99/304 3061/52/380 3060/101/380
f 3062/99/304 3063/54/304 3061/52/380
f 3064/97/306 3063/54/304 3062/99/304
f 3064/97/306 3065/56/306 3063/54/304
f 3066/93/308 3065/56/306 3064/97/306
f 3066/93/308 3067/58/309 3065/56/306
f 3068/92/303 3067/58/309 3066/93/308
f 3068/92/303 3069/60/303 3067/58/309
s 0
f 3070/43/2 3071/42/2 3072/41/2
f 3070/43/2 3072/41/2 3073/44/2
f 3070/43/2 3074/45/2 3071/42/2
f 3070/43/2 3075/46/2 3074/45/2
f 3076/47/2 3074/45/2 3075/46/2
f 3076/47/2 3077/48/2 3074/45/2
f 3078/49/2 3077/48/2 3076/47/2
f 3078/49/2 3079/50/2 3077/48/2
f 3080/51/2 3079/50/2 3078/49/2
f 3080/51/2 3081/52/2 3079/50/2
f 3082/53/2 3081/52/2 3080/51/2
f 3082/53/2 3083/54/2 3081/52/2
f 3084/55/2 3083/54/2 3082/53/2
f 3084/55/2 3085/56/2 3083/54/2
f 3086/57/2 3085/56/2 3084/55/2
f 3086/57/2 3087/58/2 3085/56/2
f 3088/59/2 3087/58/2 3086/57/2
f 3088/59/2 3089/60/2 3087/58/2
s 1
f 3090/57/20 3091/285/20 3092/286/1
f 3090/57/20 3092/286/1 3093/59/1
f 3094/55/21 3091/285/20 3090/57/20
f 3094/55/21 3095/287/21 3091/285/20
f 3096/53/22 3095/287/21 3094/55/21
f 3096/53/22 3097/288/22 3095/287/21
f 3098/51/23 3097/288/22 3096/53/22
f 3098/51/23 3099/289/23 3097/288/22
f 3100/49/24 3099/289/23 3098/51/23
f 3100/49/24 3101/290/24 3099/289/23
f 3102/47/25 3101/290/24 3100/49/24
f 3102/47/25 3103/291/25 3101/290/24
f 3104/46/26 3103/291/25 3102/47/25
f 3104/46/26 3105/292/26 3103/291/25
f 3106/43/27 3105/292/26 3104/46/26
f 3106/43/27 3107/88/27 3105/292/26
f 3108/44/28 3107/88/27 3106/43/27
f 3108/44/28 3109/293/28 3107/88/27
s 0
f 3110/71/6 3111/74/6 3112/73/6
f 3110/71/6 3112/73/6 3113/72/6
f 3114/75/6 3112/73/6 3111/74/6
f 3114/75/6 3115/76/6 3112/73/6
f 3116/77/6 3115/76/6 3114/75/6
f 3116/77/6 3117/78/6 3115/76/6
f 3118/79/6 3117/78/6 3116/77/6
f 3118/79/6 3119/80/6 3117/78/6
f 3120/81/6 3119/80/6 3118/79/6
f 3120/81/6 3121/82/6 3119/80/6
f 3122/83/6 3121/82/6 3120/81/6
f 3122/83/6 3123/84/6 3121/82/6
f 3122/83/6 3124/85/6 3123/84/6
f 3124/85/6 3125/86/6 3123/84/6
f 3124/85/6 3126/87/6 3125/86/6
f 3124/85/6 3127/88/6 3126/87/6
f 3124/85/6 3128/89/6 3127/88/6
f 3128/89/6 3129/90/6 3127/88/6
f 3128/89/6 3130/91/6 3129/90/6
f 3131/94/2 3132/93/2 3133/92/2
f 3131/94/2 3133/92/2 3134/95/2
f 3135/96/2 3132/93/2 3131/94/2
f 3135/96/2 3136/97/2 3132/93/2
f 3137/98/2 3136/97/2 3135/96/2
f 3137/98/2 3138/99/2 3136/97/2
f 3139/100/2 3138/99/2 3137/98/2
f 3139/100/2 3140/101/2 3138/99/2
f 3141/102/2 3140/101/2 3139/100/2
f 3141/102/2 3142/103/2 3140/101/2
f 3143/104/2 3142/103/2 3141/102/2
f 3143/104/2 3144/105/2 3142/103/2
f 3143/104/2 3145/264/2 3144/105/2
f 3145/264/2 3146/122/2 3144/105/2
f 3145/264/2 3147/265/2 3146/122/2
f 3147/265/2 3148/266/2 3146/122/2
s 1
f 3149/108/33 3150/94/33 3151/95/3
f 3149/108/33 3151/95/3 3152/109/3
f 3153/110/34 3150/94/33 3149/108/33
f 3153/110/34 3154/96/34 3150/94/33
f 3155/111/35 3154/96/34 3153/110/34
f 3155/111/35 3156/98/35 3154/96/34
f 3157/112/36 3156/98/35 3155/111/35
f 3157/112/36 3158/100/36 3156/98/35
f 3159/113/37 3158/100/36 3157/112/36
f 3159/113/37 3160/102/37 3158/100/36
f 3161/114/170 3160/102/37 3159/113/37
f 3161/114/170 3162/104/170 3160/102/37
f 3163/116/171 3162/104/170 3161/114/170
f 3163/116/171 3164/264/171 3162/104/170
s 0
f 3165/41/2 3166/42/2 3167/43/2
f 3165/41/2 3167/43/2 3168/44/2
f 3169/45/2 3167/43/2 3166/42/2
f 3169/45/2 3170/46/2 3167/43/2
f 3171/48/2 3170/46/2 3169/45/2
f 3171/48/2 3172/47/2 3170/46/2
f 3173/50/2 3172/47/2 3171/48/2
f 3173/50/2 3174/49/2 3172/47/2
f 3175/52/2 3174/49/2 3173/50/2
f 3175/52/2 3176/51/2 3174/49/2
f 3177/54/2 3176/51/2 3175/52/2
f 3177/54/2 3178/53/2 3176/51/2
f 3179/56/2 3178/53/2 3177/54/2
f 3179/56/2 3180/55/2 3178/53/2
f 3181/58/2 3180/55/2 3179/56/2
f 3181/58/2 3182/57/2 3180/55/2
f 3181/58/2 3183/59/2 3182/57/2
f 3181/58/2 3184/60/2 3183/59/2
s 1
f 3185/286/1 3186/285/44 3187/57/44
f 3185/286/1 3187/57/44 3188/59/1
f 3189/287/45 3187/57/44 3186/285/44
f 3189/287/45 3190/55/45 3187/57/44
f 3191/288/46 3190/55/45 3189/287/45
f 3191/288/46 3192/53/46 3190/55/45
f 3193/289/48 3192/53/46 3191/288/46
f 3193/289/48 3194/51/48 3192/53/46
f 3195/290/49 3194/51/48 3193/289/48
f 3195/290/49 3196/49/49 3194/51/48
f 3197/291/50 3196/49/49 3195/290/49
f 3197/291/50 3198/47/50 3196/49/49
f 3199/292/51 3198/47/50 3197/291/50
f 3199/292/51 3200/46/51 3198/47/50
f 3201/88/52 3200/46/51 3199/292/51
f 3201/88/52 3202/43/52 3200/46/51
f 3203/293/53 3202/43/52 3201/88/52
f 3203/293/53 3204/44/53 3202/43/52
s 0
f 3205/71/6 3206/72/6 3207/73/6
f 3205/71/6 3207/73/6 3208/74/6
f 3207/73/6 3209/75/6 3208/74/6
f 3207/73/6 3210/76/6 3209/75/6
f 3210/76/6 3211/77/6 3209/75/6
f 3210/76/6 3212/78/6 3211/77/6
f 3212/78/6 3213/79/6 3211/77/6
f 3212/78/6 3214/80/6 3213/79/6
f 3214/80/6 3215/81/6 3213/79/6
f 3214/80/6 3216/82/6 3215/81/6
f 3216/82/6 3217/83/6 3215/81/6
f 3216/82/6 3218/84/6 3217/83/6
f 3217/83/6 3218/84/6 3219/85/6
f 3220/118/6 3219/85/6 3218/84/6
f 3220/118/6 3221/119/6 3219/85/6
f 3219/85/6 3221/119/6 3222/120/6
f 3219/85/6 3222/120/6 3223/89/6
f 3223/89/6 3222/120/6 3224/121/6
f 3223/89/6 3224/121/6 3225/91/6
f 3226/92/2 3227/93/2 3228/94/2
f 3226/92/2 3228/94/2 3229/95/2
f 3230/97/2 3228/94/2 3227/93/2
f 3230/97/2 3231/96/2 3228/94/2
f 3232/99/2 3231/96/2 3230/97/2
f 3232/99/2 3233/98/2 3231/96/2
f 3234/101/2 3233/98/2 3232/99/2
f 3234/101/2 3235/100/2 3233/98/2
f 3236/103/2 3235/100/2 3234/101/2
f 3236/103/2 3237/102/2 3235/100/2
f 3238/105/2 3237/102/2 3236/103/2
f 3238/105/2 3239/104/2 3237/102/2
s 1
f 3238/105/2 3240/122/404 3239/104/2
f 3240/122/404 3241/123/2 3239/104/2
f 3240/122/404 3242/124/405 3241/123/2
f 3240/122/404 3243/125/406 3242/124/405
f 3244/95/3 3245/94/68 3246/108/68
f 3244/95/3 3246/108/68 3247/109/3
f 3248/96/69 3246/108/68 3245/94/68
f 3248/96/69 3249/110/69 3246/108/68
f 3250/98/70 3249/110/69 3248/96/69
f 3250/98/70 3251/111/70 3249/110/69
f 3252/100/71 3251/111/70 3250/98/70
f 3252/100/71 3253/112/71 3251/111/70
f 3254/102/72 3253/112/71 3252/100/71
f 3254/102/72 3255/113/72 3253/112/71
f 3256/104/167 3255/113/72 3254/102/72
f 3256/104/167 3257/114/167 3255/113/72
f 3258/123/168 3257/114/167 3256/104/167
f 3258/123/168 3259/126/168 3257/114/167
f 3260/42/407 3261/45/383 3262/122/393
f 3263/48/387 3262/122/393 3261/45/383
f 3260/42/407 3262/122/393 3264/266/408
f 3265/275/409 3260/42/407 3264/266/408
f 3265/275/409 3266/41/292 3260/42/407
f 3263/48/387 3267/105/387 3262/122/393
f 3268/50/297 3267/105/387 3263/48/387
f 3268/50/297 3269/103/297 3267/105/387
f 3270/52/388 3269/103/297 3268/50/297
f 3270/52/388 3271/101/298 3269/103/297
f 3272/54/299 3271/101/298 3270/52/388
f 3272/54/299 3273/99/299 3271/101/298
f 3274/56/300 3273/99/299 3272/54/299
f 3274/56/300 3275/97/300 3273/99/299
f 3276/58/301 3275/97/300 3274/56/300
f 3276/58/301 3277/93/302 3275/97/300
f 3278/60/303 3277/93/302 3276/58/301
f 3278/60/303 3279/92/303 3277/93/302
f 3280/99/304 3281/54/304 3282/52/305
f 3283/97/306 3281/54/304 3280/99/304
f 3280/99/304 3282/52/305 3284/101/305
f 3283/97/306 3285/56/306 3281/54/304
f 3284/101/305 3282/52/305 3286/50/307
f 3287/93/308 3285/56/306 3283/97/306
f 3284/101/305 3286/50/307 3288/103/307
f 3287/93/308 3289/58/309 3285/56/306
f 3290/92/303 3289/58/309 3287/93/308
f 3290/92/303 3291/60/303 3289/58/309
f 3288/103/307 3286/50/307 3292/48/310
f 3288/103/307 3292/48/310 3293/105/310
f 3293/105/310 3292/48/310 3294/45/311
f 3293/105/310 3294/45/311 3295/122/312
f 3296/125/410 3295/122/312 3294/45/311
f 3296/125/410 3294/45/311 3297/42/314
f 3298/131/411 3296/125/410 3297/42/314
f 3298/131/411 3297/42/314 3299/41/316
s 0
f 3300/41/2 3301/42/2 3302/43/2
f 3300/41/2 3302/43/2 3303/44/2
f 3302/43/2 3301/42/2 3304/45/2
f 3302/43/2 3304/45/2 3305/46/2
f 3304/45/2 3306/47/2 3305/46/2
f 3304/45/2 3307/48/2 3306/47/2
f 3307/48/2 3308/49/2 3306/47/2
f 3307/48/2 3309/50/2 3308/49/2
f 3309/50/2 3310/51/2 3308/49/2
f 3309/50/2 3311/52/2 3310/51/2
f 3311/52/2 3312/53/2 3310/51/2
f 3311/52/2 3313/54/2 3312/53/2
f 3313/54/2 3314/55/2 3312/53/2
f 3313/54/2 3315/56/2 3314/55/2
f 3315/56/2 3316/57/2 3314/55/2
f 3315/56/2 3317/58/2 3316/57/2
f 3317/58/2 3318/59/2 3316/57/2
f 3317/58/2 3319/60/2 3318/59/2
s 1
f 3320/286/1 3321/285/44 3322/57/44
f 3320/286/1 3322/57/44 3323/59/1
f 3321/285/44 3324/55/45 3322/57/44
f 3321/285/44 3325/287/45 3324/55/45
f 3325/287/45 3326/53/46 3324/55/45
f 3325/287/45 3327/288/46 3326/53/46
f 3327/288/46 3328/51/48 3326/53/46
f 3327/288/46 3329/289/48 3328/51/48
f 3329/289/48 3330/49/49 3328/51/48
f 3329/289/48 3331/290/49 3330/49/49
f 3331/290/49 3332/47/50 3330/49/49
f 3331/290/49 3333/291/50 3332/47/50
f 3333/291/50 3334/46/51 3332/47/50
f 3333/291/50 3335/292/51 3334/46/51
f 3335/292/51 3336/43/52 3334/46/51
f 3335/292/51 3337/88/52 3336/43/52
f 3337/88/52 3338/44/53 3336/43/52
f 3337/88/52 3339/293/53 3338/44/53
s 0
f 3340/71/6 3341/72/6 3342/73/6
f 3340/71/6 3342/73/6 3343/74/6
f 3342/73/6 3344/75/6 3343/74/6
f 3342/73/6 3345/76/6 3344/75/6
f 3345/76/6 3346/77/6 3344/75/6
f 3345/76/6 3347/78/6 3346/77/6
f 3347/78/6 3348/79/6 3346/77/6
f 3347/78/6 3349/80/6 3348/79/6
f 3349/80/6 3350/81/6 3348/79/6
f 3349/80/6 3351/82/6 3350/81/6
f 3351/82/6 3352/83/6 3350/81/6
f 3351/82/6 3353/84/6 3352/83/6
f 3352/83/6 3353/84/6 3354/85/6
f 3355/86/6 3354/85/6 3353/84/6
f 3355/86/6 3356/87/6 3354/85/6
f 3354/85/6 3356/87/6 3357/88/6
f 3354/85/6 3357/88/6 3358/89/6
f 3358/89/6 3357/88/6 3359/90/6
f 3358/89/6 3359/90/6 3360/91/6
f 3361/92/2 3362/93/2 3363/94/2
f 3361/92/2 3363/94/2 3364/95/2
f 3362/93/2 3365/96/2 3363/94/2
f 3362/93/2 3366/97/2 3365/96/2
f 3366/97/2 3367/98/2 3365/96/2
f 3366/97/2 3368/99/2 3367/98/2
f 3368/99/2 3369/100/2 3367/98/2
f 3368/99/2 3370/101/2 3369/100/2
f 3370/101/2 3371/102/2 3369/100/2
f 3370/101/2 3372/103/2 3371/102/2
s 1
f 3372/103/2 3373/104/412 3371/102/2
f 3372/103/2 3374/105/413 3373/104/412
f 3375/106/414 3373/104/412 3374/105/413
f 3375/106/414 3374/105/413 3376/107/415
f 3377/95/3 3378/94/68 3379/108/68
f 3377/95/3 3379/108/68 3380/109/3
f 3378/94/68 3381/110/69 3379/108/68
f 3378/94/68 3382/96/69 3381/110/69
f 3382/96/69 3383/111/70 3381/110/69
f 3382/96/69 3384/98/70 3383/111/70
f 3384/98/70 3385/112/71 3383/111/70
f 3384/98/70 3386/100/71 3385/112/71
f 3386/100/71 3387/113/72 3385/112/71
f 3386/100/71 3388/102/72 3387/113/72
f 3388/102/72 3389/114/416 3387/113/72
f 3388/102/72 3390/104/417 3389/114/416
f 3390/104/417 3391/115/418 3389/114/416
f 3390/104/417 3392/106/419 3391/115/418
f 3391/115/418 3393/116/420 3389/114/416
f 3391/115/418 3394/117/213 3393/116/420
s 0
f 3395/43/2 3396/42/2 3397/41/2
f 3395/43/2 3397/41/2 3398/44/2
f 3395/43/2 3399/45/2 3396/42/2
f 3395/43/2 3400/46/2 3399/45/2
f 3400/46/2 3401/48/2 3399/45/2
f 3400/46/2 3402/47/2 3401/48/2
f 3402/47/2 3403/50/2 3401/48/2
f 3402/47/2 3404/49/2 3403/50/2
f 3404/49/2 3405/52/2 3403/50/2
f 3404/49/2 3406/51/2 3405/52/2
f 3406/51/2 3407/54/2 3405/52/2
f 3406/51/2 3408/53/2 3407/54/2
f 3408/53/2 3409/56/2 3407/54/2
f 3408/53/2 3410/55/2 3409/56/2
f 3410/55/2 3411/58/2 3409/56/2
f 3410/55/2 3412/57/2 3411/58/2
f 3411/58/2 3412/57/2 3413/59/2
f 3411/58/2 3413/59/2 3414/60/2
s 1
f 3415/57/20 3416/285/20 3417/286/1
f 3415/57/20 3417/286/1 3418/59/1
f 3415/57/20 3419/287/21 3416/285/20
f 3415/57/20 3420/55/21 3419/287/21
f 3420/55/21 3421/288/22 3419/287/21
f 3420/55/21 3422/53/22 3421/288/22
f 3422/53/22 3423/289/169 3421/288/22
f 3422/53/22 3424/51/23 3423/289/169
f 3424/51/23 3425/290/24 3423/289/169
f 3424/51/23 3426/49/24 3425/290/24
f 3426/49/24 3427/291/25 3425/290/24
f 3426/49/24 3428/47/25 3427/291/25
f 3428/47/25 3429/292/26 3427/291/25
f 3428/47/25 3430/46/26 3429/292/26
f 3430/46/26 3431/88/27 3429/292/26
f 3430/46/26 3432/43/27 3431/88/27
f 3432/43/27 3433/293/28 3431/88/27
f 3432/43/27 3434/44/28 3433/293/28
s 0
f 3435/71/6 3436/74/6 3437/73/6
f 3435/71/6 3437/73/6 3438/72/6
f 3436/74/6 3439/76/6 3437/73/6
f 3436/74/6 3440/75/6 3439/76/6
f 3440/75/6 3441/78/6 3439/76/6
f 3440/75/6 3442/77/6 3441/78/6
f 3442/77/6 3443/80/6 3441/78/6
f 3442/77/6 3444/79/6 3443/80/6
f 3444/79/6 3445/82/6 3443/80/6
f 3444/79/6 3446/81/6 3445/82/6
f 3446/81/6 3447/84/6 3445/82/6
f 3446/81/6 3448/83/6 3447/84/6
f 3447/84/6 3448/83/6 3449/118/6
f 3450/85/6 3449/118/6 3448/83/6
f 3450/85/6 3451/119/6 3449/118/6
f 3450/85/6 3452/120/6 3451/119/6
f 3450/85/6 3453/89/6 3452/120/6
f 3453/89/6 3454/121/6 3452/120/6
f 3453/89/6 3455/91/6 3454/121/6
f 3456/94/2 3457/93/2 3458/92/2
f 3456/94/2 3458/92/2 3459/95/2
f 3456/94/2 3460/97/2 3457/93/2
f 3456/94/2 3461/96/2 3460/97/2
f 3461/96/2 3462/99/2 3460/97/2
f 3461/96/2 3463/98/2 3462/99/2
f 3463/98/2 3464/101/2 3462/99/2
f 3463/98/2 3465/100/2 3464/101/2
f 3465/100/2 3466/103/2 3464/101/2
f 3465/100/2 3467/102/2 3466/103/2
f 3467/102/2 3468/105/2 3466/103/2
f 3467/102/2 3469/104/2 3468/105/2
s 1
f 3468/105/2 3469/104/2 3470/122/421
f 3471/123/2 3470/122/421 3469/104/2
f 3471/123/2 3472/124/405 3470/122/421
f 3470/122/421 3472/124/405 3473/125/406
f 3474/108/33 3475/94/33 3476/95/3
f 3474/108/33 3476/95/3 3477/109/3
f 3474/108/33 3478/96/34 3475/94/33
f 3474/108/33 3479/110/34 3478/96/34
f 3479/110/34 3480/98/35 3478/96/34
f 3479/110/34 3481/111/35 3480/98/35
f 3481/111/35 3482/100/36 3480/98/35
f 3481/111/35 3483/112/36 3482/100/36
f 3483/112/36 3484/102/37 3482/100/36
f 3483/112/36 3485/113/37 3484/102/37
f 3485/113/37 3486/104/170 3484/102/37
f 3485/113/37 3487/114/170 3486/104/170
f 3487/114/170 3488/123/171 3486/104/170
f 3487/114/170 3489/126/171 3488/123/171
f 3490/42/422 3491/127/423 3492/128/424
f 3493/129/425 3491/127/423 3490/42/422
f 3493/129/425 3490/42/422 3494/41/316
f 3490/42/422 3492/128/424 3495/45/426
f 3495/45/426 3492/128/424 3496/130/427
f 3495/45/426 3496/130/427 3497/48/428
f 3498/107/429 3497/48/428 3496/130/427
f 3498/107/429 3499/105/430 3497/48/428
f 3499/105/430 3500/50/307 3497/48/428
f 3499/105/430 3501/103/307 3500/50/307
f 3501/103/307 3502/52/380 3500/50/307
f 3501/103/307 3503/101/305 3502/52/380
f 3503/101/305 3504/54/381 3502/52/380
f 3503/101/305 3505/99/381 3504/54/381
f 3505/99/381 3506/56/306 3504/54/381
f 3505/99/381 3507/97/306 3506/56/306
f 3507/97/306 3508/58/309 3506/56/306
f 3507/97/306 3509/93/308 3508/58/309
f 3509/93/308 3510/60/303 3508/58/309
f 3509/93/308 3511/92/303 3510/60/303
f 3512/52/388 3513/54/398 3514/99/398
f 3512/52/388 3514/99/398 3515/101/388
f 3513/54/398 3516/97/399 3514/99/398
f 3517/50/431 3512/52/388 3515/101/388
f 3513/54/398 3518/56/300 3516/97/399
f 3517/50/431 3515/101/388 3519/103/431
f 3518/56/300 3520/93/302 3516/97/399
f 3521/48/387 3517/50/431 3519/103/431
f 3518/56/300 3522/58/301 3520/93/302
f 3522/58/301 3523/92/303 3520/93/302
f 3522/58/301 3524/60/303 3523/92/303
f 3521/48/387 3519/103/431 3525/105/387
f 3526/45/383 3521/48/387 3525/105/387
f 3526/45/383 3525/105/387 3527/122/432
f 3528/125/433 3526/45/383 3527/122/432
f 3528/125/433 3529/42/434 3526/45/383
f 3530/131/435 3529/42/434 3528/125/433
f 3530/131/435 3531/41/292 3529/42/434
s 0
f 3532/277/10 3533/241/10 3534/156/10
f 3532/277/10 3534/156/10 3535/278/10
f 3533/241/10 3536/152/10 3534/156/10
f 3533/241/10 3537/239/10 3536/152/10
f 3537/239/10 3538/148/10 3536/152/10
f 3537/239/10 3539/237/10 3538/148/10
f 3539/237/10 3540/144/10 3538/148/10
f 3539/237/10 3541/236/10 3540/144/10
f 3541/236/10 3542/140/10 3540/144/10
f 3541/236/10 3543/234/10 3542/140/10
f 3543/234/10 3544/136/10 3542/140/10
f 3543/234/10 3545/232/10 3544/136/10
f 3545/232/10 3546/134/10 3544/136/10
f 3545/232/10 3547/229/10 3546/134/10
f 3547/229/10 3548/135/10 3546/134/10
f 3547/229/10 3549/227/10 3548/135/10
f 3549/227/10 3550/139/10 3548/135/10
f 3549/227/10 3551/228/10 3550/139/10
f 3551/228/10 3552/143/10 3550/139/10
f 3551/228/10 3553/230/10 3552/143/10
f 3552/143/10 3553/230/10 3554/231/10
f 3552/143/10 3554/231/10 3555/147/10
f 3555/147/10 3554/231/10 3556/233/10
f 3555/147/10 3556/233/10 3557/151/10
f 3557/151/10 3556/233/10 3558/235/10
f 3557/151/10 3558/235/10 3559/155/10
f 3559/155/10 3558/235/10 3560/238/10
f 3559/155/10 3560/238/10 3561/161/10
f 3560/238/10 3562/163/10 3561/161/10
f 3560/238/10 3563/240/10 3562/163/10
s 1
f 3564/279/1 3565/257/436 3566/241/436
f 3564/279/1 3566/241/436 3567/277/1
f 3565/257/436 3568/239/326 3566/241/436
f 3565/257/436 3569/256/326 3568/239/326
f 3569/256/326 3570/237/324 3568/239/326
f 3569/256/326 3571/253/324 3570/237/324
f 3571/253/324 3572/236/322 3570/237/324
f 3571/253/324 3573/251/322 3572/236/322
f 3573/251/322 3574/234/320 3572/236/322
f 3573/251/322 3575/249/320 3574/234/320
f 3575/249/320 3576/232/318 3574/234/320
f 3575/249/320 3577/247/318 3576/232/318
f 3577/247/318 3578/229/317 3576/232/318
f 3577/247/318 3579/245/317 3578/229/317
f 3579/245/317 3580/227/13 3578/229/317
f 3579/245/317 3581/243/13 3580/227/13
f 3581/243/13 3582/228/319 3580/227/13
f 3581/243/13 3583/244/319 3582/228/319
f 3583/244/319 3584/230/351 3582/228/319
f 3583/244/319 3585/246/351 3584/230/351
f 3585/246/351 3586/231/352 3584/230/351
f 3585/246/351 3587/248/352 3586/231/352
f 3587/248/352 3588/233/353 3586/231/352
f 3587/248/352 3589/250/353 3588/233/353
f 3589/250/353 3590/235/354 3588/233/353
f 3589/250/353 3591/252/354 3590/235/354
f 3591/252/354 3592/238/355 3590/235/354
f 3591/252/354 3593/254/355 3592/238/355
s 0
f 3593/254/355 3594/240/355 3592/238/355
f 3593/254/355 3595/255/355 3594/240/355
s 1
f 3596/280/234 3597/202/437 3598/257/438
f 3596/280/234 3598/257/438 3599/279/235
f 3597/202/437 3600/256/439 3598/257/438
f 3597/202/437 3601/200/439 3600/256/439
f 3601/200/439 3602/253/440 3600/256/439
f 3601/200/439 3603/198/440 3602/253/440
f 3603/198/440 3604/251/441 3602/253/440
f 3603/198/440 3605/196/441 3604/251/441
f 3605/196/441 3606/249/442 3604/251/441
f 3605/196/441 3607/190/442 3606/249/442
f 3607/190/442 3608/247/443 3606/249/442
f 3607/190/442 3609/186/443 3608/247/443
f 3609/186/443 3610/245/444 3608/247/443
f 3609/186/443 3611/181/444 3610/245/444
f 3611/181/444 3612/243/445 3610/245/444
f 3611/181/444 3613/180/445 3612/243/445
f 3613/180/445 3614/244/446 3612/243/445
f 3613/180/445 3615/185/446 3614/244/446
f 3615/185/446 3616/246/447 3614/244/446
f 3615/185/446 3617/189/448 3616/246/447
f 3616/246/447 3617/189/448 3618/194/449
f 3616/246/447 3618/194/449 3619/248/450
f 3620/259/427 3619/248/450 3618/194/449
f 3620/259/427 3618/194/449 3621/195/451
f 3620/259/427 3622/250/452 3619/248/450
f 3620/259/427 3623/260/424 3622/250/452
f 3622/250/452 3623/260/424 3624/261/423
f 3622/250/452 3624/261/423 3625/252/453
f 3625/252/453 3624/261/423 3626/262/425
f 3625/252/453 3626/262/425 3627/254/454
f 3627/254/454 3626/262/425 3628/263/455
f 3627/254/454 3628/263/455 3629/255/456
f 3630/132/13 3631/133/317 3632/134/317
f 3630/132/13 3632/134/317 3633/135/13
f 3631/133/317 3634/136/318 3632/134/317
f 3635/137/319 3630/132/13 3633/135/13
f 3631/133/317 3636/138/318 3634/136/318
f 3635/137/319 3633/135/13 3637/139/319
f 3636/138/318 3638/140/320 3634/136/318
f 3639/141/321 3635/137/319 3637/139/319
f 3636/138/318 3640/142/320 3638/140/320
f 3639/141/321 3637/139/319 3641/143/321
f 3640/142/320 3642/144/322 3638/140/320
f 3643/145/323 3639/141/321 3641/143/321
f 3640/142/320 3644/146/322 3642/144/322
f 3643/145/323 3641/143/321 3645/147/323
f 3644/146/322 3646/148/324 3642/144/322
f 3647/149/325 3643/145/323 3645/147/323
f 3644/146/322 3648/150/324 3646/148/324
f 3647/149/325 3645/147/323 3649/151/457
f 3648/150/324 3650/152/326 3646/148/324
f 3651/153/327 3647/149/325 3649/151/457
f 3648/150/324 3652/154/326 3650/152/326
f 3651/153/327 3649/151/457 3653/155/327
f 3652/154/326 3654/156/458 3650/152/326
f 3655/157/329 3651/153/327 3653/155/327
f 3652/154/326 3656/158/458 3654/156/458
f 3656/158/458 3657/278/1 3654/156/458
f 3656/158/458 3658/281/1 3657/278/1
f 3655/157/329 3653/155/327 3659/161/329
s 0
f 3660/162/329 3655/157/329 3659/161/329
f 3660/162/329 3659/161/329 3661/163/329
f 3662/164/8 3663/165/8 3664/133/8
f 3662/164/8 3664/133/8 3665/132/8
f 3663/165/8 3666/138/8 3664/133/8
f 3667/166/8 3662/164/8 3665/132/8
f 3663/165/8 3668/167/8 3666/138/8
f 3667/166/8 3665/132/8 3669/137/8
f 3668/167/8 3670/142/8 3666/138/8
f 3671/168/8 3667/166/8 3669/137/8
f 3668/167/8 3672/169/8 3670/142/8
f 3671/168/8 3669/137/8 3673/141/8
f 3672/169/8 3674/146/8 3670/142/8
f 3675/170/8 3671/168/8 3673/141/8
f 3672/169/8 3676/171/8 3674/146/8
f 3675/170/8 3673/141/8 3677/145/8
f 3676/171/8 3678/150/8 3674/146/8
f 3679/172/8 3675/170/8 3677/145/8
f 3676/171/8 3680/173/8 3678/150/8
f 3679/172/8 3677/145/8 3681/149/8
f 3680/173/8 3682/154/8 3678/150/8
f 3683/174/8 3679/172/8 3681/149/8
f 3680/173/8 3684/175/8 3682/154/8
f 3683/174/8 3681/149/8 3685/153/8
f 3684/175/8 3686/158/8 3682/154/8
f 3687/176/8 3683/174/8 3685/153/8
f 3684/175/8 3688/177/8 3686/158/8
f 3688/177/8 3689/281/8 3686/158/8
f 3688/177/8 3690/282/8 3689/281/8
f 3687/176/8 3685/153/8 3691/157/8
f 3692/162/8 3687/176/8 3691/157/8
f 3692/162/8 3693/179/8 3687/176/8
f 3694/180/10 3695/181/10 3696/182/10
f 3694/180/10 3696/182/10 3697/183/10
f 3695/181/10 3698/184/10 3696/182/10
f 3699/185/10 3694/180/10 3697/183/10
f 3695/181/10 3700/186/10 3698/184/10
f 3699/185/10 3697/183/10 3701/187/10
f 3700/186/10 3702/188/10 3698/184/10
f 3703/189/10 3699/185/10 3701/187/10
f 3700/186/10 3704/190/10 3702/188/10
f 3703/189/10 3701/187/10 3705/191/10
f 3704/190/10 3706/192/10 3702/188/10
s 1
f 3707/193/459 3703/189/10 3705/191/10
f 3707/193/459 3708/194/10 3703/189/10
f 3707/193/459 3709/195/460 3708/194/10
s 0
f 3704/190/10 3710/196/10 3706/192/10
f 3710/196/10 3711/197/10 3706/192/10
f 3710/196/10 3712/198/10 3711/197/10
f 3712/198/10 3713/199/10 3711/197/10
f 3712/198/10 3714/200/10 3713/199/10
f 3714/200/10 3715/201/10 3713/199/10
f 3714/200/10 3716/202/10 3715/201/10
f 3716/202/10 3717/283/10 3715/201/10
f 3716/202/10 3718/280/10 3717/283/10
s 1
f 3719/183/7 3720/182/332 3721/205/332
f 3719/183/7 3721/205/332 3722/206/7
f 3720/182/332 3723/207/333 3721/205/332
f 3724/187/334 3719/183/7 3722/206/7
f 3720/182/332 3725/184/333 3723/207/333
f 3724/187/334 3722/206/7 3726/208/334
f 3725/184/333 3727/209/335 3723/207/333
f 3728/191/461 3724/187/334 3726/208/334
f 3725/184/333 3729/188/335 3727/209/335
f 3729/188/335 3730/210/336 3727/209/335
f 3729/188/335 3731/192/336 3730/210/336
f 3731/192/336 3732/211/338 3730/210/336
f 3731/192/336 3733/197/338 3732/211/338
f 3733/197/338 3734/212/339 3732/211/338
f 3733/197/338 3735/199/339 3734/212/339
f 3735/199/339 3736/213/462 3734/212/339
f 3735/199/339 3737/201/463 3736/213/462
f 3737/201/463 3738/284/3 3736/213/462
f 3737/201/463 3739/283/3 3738/284/3
f 3728/191/461 3726/208/334 3740/215/464
f 3741/216/465 3728/191/461 3740/215/464
f 3741/216/465 3742/193/466 3728/191/461
f 3743/217/467 3741/216/465 3740/215/464
f 3743/217/467 3744/218/468 3741/216/465
f 3745/219/346 3744/218/468 3743/217/467
f 3745/219/346 3746/220/347 3744/218/468
f 3747/221/348 3746/220/347 3745/219/346
f 3747/221/348 3748/222/349 3746/220/347
f 3749/223/350 3748/222/349 3747/221/348
f 3749/223/350 3747/221/348 3750/224/350
s 0
f 3751/225/350 3749/223/350 3750/224/350
f 3751/225/350 3750/224/350 3752/226/350
s 1
f 3753/294/469 3754/295/469 3755/296/470
f 3753/294/469 3755/296/470 3756/297/470
f 3753/294/469 3757/298/471 3754/295/469
f 3753/294/469 3758/299/471 3757/298/471
f 3758/299/471 3759/300/472 3757/298/471
f 3758/299/471 3760/301/472 3759/300/472
f 3760/301/472 3761/302/4 3759/300/472
f 3760/301/472 3762/303/4 3761/302/4
f 3762/303/4 3763/304/108 3761/302/4
f 3762/303/4 3764/305/108 3763/304/108
f 3764/305/108 3765/306/112 3763/304/108
f 3764/305/108 3766/307/112 3765/306/112
f 3766/307/112 3767/308/117 3765/306/112
f 3766/307/112 3768/309/117 3767/308/117
f 3768/309/117 3769/310/1 3767/308/117
f 3768/309/117 3770/311/1 3769/310/1
f 3770/311/1 3771/312/326 3769/310/1
f 3770/311/1 3772/313/326 3771/312/326
f 3772/313/326 3773/314/322 3771/312/326
f 3772/313/326 3774/315/322 3773/314/322
f 3774/315/322 3775/316/318 3773/314/322
f 3774/315/322 3776/317/318 3775/316/318
f 3776/317/318 3777/318/13 3775/316/318
f 3776/317/318 3778/319/13 3777/318/13
f 3778/319/13 3779/320/473 3777/318/13
f 3778/319/13 3780/321/473 3779/320/473
f 3780/321/473 3781/322/474 3779/320/473
f 3780/321/473 3782/323/474 3781/322/474
f 3782/323/474 3783/324/475 3781/322/474
f 3782/323/474 3784/325/475 3783/324/475
f 3784/325/475 3785/44/476 3783/324/475
f 3784/325/475 3786/91/476 3785/44/476
s 0
f 3787/326/10 3788/327/10 3789/294/10
f 3787/326/10 3789/294/10 3790/328/10
f 3791/297/10 3790/328/10 3789/294/10
f 3787/326/477 3792/329/477 3788/327/477
f 3788/327/10 3793/299/10 3789/294/10
f 3792/329/478 3794/330/478 3788/327/478
f 3788/327/10 3794/330/10 3793/299/10
f 3792/329/10 3795/331/10 3794/330/10
f 3794/330/10 3796/301/10 3793/299/10
f 3794/330/10 3795/331/10 3797/332/10
f 3794/330/10 3798/333/10 3796/301/10
f 3794/330/10 3797/332/10 3798/333/10
f 3798/333/10 3799/303/10 3796/301/10
f 3800/334/10 3798/333/10 3797/332/10
f 3798/333/10 3801/335/10 3799/303/10
f 3801/335/10 3798/333/10 3800/334/10
f 3801/335/10 3802/305/10 3799/303/10
f 3801/335/10 3800/334/10 3803/336/10
f 3801/335/10 3804/337/10 3802/305/10
f 3804/337/10 3801/335/10 3803/336/10
f 3804/337/10 3805/307/10 3802/305/10
f 3804/337/10 3803/336/10 3806/338/10
f 3804/337/10 3807/339/10 3805/307/10
f 3807/339/10 3804/337/10 3806/338/10
f 3807/339/10 3808/309/10 3805/307/10
f 3807/339/10 3806/338/10 3809/340/10
f 3807/339/10 3810/341/10 3808/309/10
f 3810/341/10 3807/339/10 3809/340/10
f 3810/341/10 3811/311/10 3808/309/10
f 3810/341/10 3809/340/10 3812/342/10
f 3810/341/10 3813/343/10 3811/311/10
f 3813/343/10 3810/341/10 3812/342/10
f 3813/343/10 3814/313/10 3811/311/10
f 3813/343/10 3812/342/10 3815/344/10
f 3813/343/10 3816/345/10 3814/313/10
f 3816/345/10 3813/343/10 3815/344/10
f 3816/345/10 3817/315/10 3814/313/10
f 3816/345/10 3815/344/10 3818/346/10
f 3816/345/10 3819/347/10 3817/315/10
f 3819/347/10 3816/345/10 3818/346/10
f 3819/347/10 3820/317/10 3817/315/10
f 3819/347/10 3818/346/10 3821/348/10
f 3819/347/10 3822/349/10 3820/317/10
f 3822/349/10 3819/347/10 3821/348/10
f 3822/349/10 3823/319/10 3820/317/10
f 3822/349/10 3821/348/10 3824/350/10
f 3822/349/10 3825/351/10 3823/319/10
f 3825/351/10 3822/349/10 3824/350/10
f 3825/351/10 3826/321/10 3823/319/10
f 3825/351/10 3824/350/10 3827/352/10
f 3825/351/10 3828/353/10 3826/321/10
f 3828/353/10 3825/351/10 3827/352/10
f 3828/353/10 3829/323/10 3826/321/10
f 3828/353/10 3827/352/10 3830/354/10
f 3828/353/10 3831/355/10 3829/323/10
f 3831/355/10 3828/353/10 3830/354/10
f 3831/355/10 3832/325/10 3829/323/10
f 3831/355/10 3830/354/10 3833/356/10
f 3831/355/10 3834/357/10 3832/325/10
f 3834/357/10 3831/355/10 3833/356/10
f 3834/357/10 3835/91/10 3832/325/10
f 3834/357/10 3833/356/10 3836/358/10
f 3834/357/10 3837/359/10 3835/91/10
f 3834/357/10 3836/358/10 3838/360/10
f 3834/357/10 3838/360/10 3837/359/10
f 3839/41/8 3840/361/8 3841/324/8
f 3839/41/8 3841/324/8 3842/44/8
f 3840/361/8 3843/322/8 3841/324/8
f 3840/361/8 3844/362/8 3843/322/8
f 3844/362/8 3845/320/8 3843/322/8
f 3844/362/8 3846/363/8 3845/320/8
f 3846/363/8 3847/318/8 3845/320/8
f 3846/363/8 3848/364/8 3847/318/8
f 3848/364/8 3849/316/8 3847/318/8
f 3848/364/8 3850/365/8 3849/316/8
f 3850/365/8 3851/314/8 3849/316/8
f 3850/365/8 3852/366/8 3851/314/8
f 3852/366/8 3853/312/8 3851/314/8
f 3852/366/8 3854/367/8 3853/312/8
f 3854/367/8 3855/310/8 3853/312/8
f 3854/367/8 3856/368/8 3855/310/8
f 3856/368/8 3857/308/8 3855/310/8
f 3856/368/8 3858/369/8 3857/308/8
f 3858/369/8 3859/306/8 3857/308/8
f 3858/369/8 3860/370/8 3859/306/8
f 3860/370/8 3861/304/8 3859/306/8
f 3860/370/8 3862/371/8 3861/304/8
f 3862/371/8 3863/302/8 3861/304/8
f 3862/371/8 3864/372/8 3863/302/8
f 3864/372/8 3865/300/8 3863/302/8
f 3864/372/8 3866/373/8 3865/300/8
f 3866/373/8 3867/298/8 3865/300/8
f 3866/373/8 3868/374/8 3867/298/8
f 3868/374/8 3869/295/8 3867/298/8
f 3868/374/8 3870/375/8 3869/295/8
f 3869/295/8 3870/375/8 3871/296/8
f 3872/376/8 3871/296/8 3870/375/8
f 3872/376/8 3873/377/8 3871/296/8
s 1
f 3874/378/479 3875/379/475 3876/361/475
f 3874/378/479 3876/361/475 3877/41/479
f 3875/379/475 3878/362/474 3876/361/475
f 3875/379/475 3879/380/474 3878/362/474
f 3879/380/474 3880/363/473 3878/362/474
f 3879/380/474 3881/381/473 3880/363/473
f 3881/381/473 3882/364/13 3880/363/473
f 3881/381/473 3883/382/13 3882/364/13
f 3883/382/13 3884/365/318 3882/364/13
f 3883/382/13 3885/383/318 3884/365/318
f 3885/383/318 3886/366/322 3884/365/318
f 3885/383/318 3887/384/322 3886/366/322
f 3887/384/322 3888/367/326 3886/366/322
f 3887/384/322 3889/385/326 3888/367/326
f 3889/385/326 3890/368/1 3888/367/326
f 3889/385/326 3891/386/1 3890/368/1
f 3891/386/1 3892/369/117 3890/368/1
f 3891/386/1 3893/387/117 3892/369/117
f 3893/387/117 3894/370/480 3892/369/117
f 3893/387/117 3895/388/480 3894/370/480
f 3895/388/480 3896/371/108 3894/370/480
f 3895/388/480 3897/389/108 3896/371/108
f 3897/389/108 3898/372/4 3896/371/108
f 3897/389/108 3899/390/4 3898/372/4
f 3899/390/4 3900/373/472 3898/372/4
f 3899/390/4 3901/391/472 3900/373/472
f 3901/391/472 3902/374/471 3900/373/472
f 3901/391/472 3903/392/471 3902/374/471
f 3903/392/471 3904/375/469 3902/374/471
f 3903/392/471 3905/393/469 3904/375/469
f 3905/393/469 3906/376/481 3904/375/469
f 3905/393/469 3907/394/481 3906/376/481
f 3908/395/482 3909/379/482 3910/378/483
f 3908/395/482 3910/378/483 3911/396/484
f 3908/395/482 3912/380/485 3909/379/482
f 3908/395/482 3913/397/485 3912/380/485
f 3913/397/485 3914/381/486 3912/380/485
f 3913/397/485 3915/398/486 3914/381/486
f 3915/398/486 3916/382/357 3914/381/486
f 3915/398/486 3917/399/357 3916/382/357
f 3917/399/357 3918/383/362 3916/382/357
f 3917/399/357 3919/400/362 3918/383/362
f 3919/400/362 3920/384/364 3918/383/362
f 3919/400/362 3921/401/364 3920/384/364
f 3921/401/364 3922/385/366 3920/384/364
f 3921/401/364 3923/402/366 3922/385/366
f 3923/402/366 3924/386/159 3922/385/366
f 3923/402/366 3925/403/159 3924/386/159
f 3925/403/159 3926/387/157 3924/386/159
f 3925/403/159 3927/404/157 3926/387/157
f 3927/404/157 3928/388/155 3926/387/157
f 3927/404/157 3929/405/155 3928/388/155
f 3929/405/155 3930/389/152 3928/388/155
f 3929/405/155 3931/406/152 3930/389/152
f 3931/406/152 3932/390/147 3930/389/152
f 3931/406/152 3933/407/147 3932/390/147
f 3933/407/147 3934/391/487 3932/390/147
f 3933/407/147 3935/408/487 3934/391/487
f 3935/408/487 3936/392/488 3934/391/487
f 3935/408/487 3937/409/488 3936/392/488
f 3936/392/488 3937/409/488 3938/393/489
f 3939/410/490 3938/393/489 3937/409/488
f 3939/410/490 3940/411/491 3938/393/489
f 3938/393/489 3940/411/491 3941/394/492
s 0
f 3942/403/8 3943/402/8 3944/412/8
f 3942/403/8 3944/412/8 3945/413/8
f 3943/402/8 3946/414/8 3944/412/8
f 3947/404/8 3942/403/8 3945/413/8
f 3943/402/8 3948/401/8 3946/414/8
f 3947/404/8 3945/413/8 3949/415/8
f 3948/401/8 3950/416/8 3946/414/8
f 3951/405/8 3947/404/8 3949/415/8
f 3948/401/8 3952/400/8 3950/416/8
f 3951/405/8 3949/415/8 3953/417/8
f 3952/400/8 3954/418/8 3950/416/8
f 3955/406/8 3951/405/8 3953/417/8
f 3952/400/8 3956/399/8 3954/418/8
f 3955/406/8 3953/417/8 3957/419/8
f 3956/399/8 3958/420/8 3954/418/8
f 3959/407/8 3955/406/8 3957/419/8
f 3956/399/8 3960/398/8 3958/420/8
f 3959/407/8 3957/419/8 3961/421/8
f 3960/398/8 3962/422/8 3958/420/8
f 3963/408/8 3959/407/8 3961/421/8
f 3960/398/8 3964/397/8 3962/422/8
f 3964/397/493 3965/423/493 3962/422/493
f 3964/397/8 3966/395/8 3965/423/8
f 3966/395/8 3967/424/8 3965/423/8
f 3966/395/8 3968/396/8 3967/424/8
f 3963/408/8 3961/421/8 3969/425/8
f 3970/426/8 3963/408/8 3969/425/8
f 3971/427/8 3970/426/8 3969/425/8
f 3970/426/8 3972/409/8 3963/408/8
f 3970/426/8 3973/410/8 3972/409/8
s 1
f 3974/413/3 3975/412/339 3976/428/339
f 3974/413/3 3976/428/339 3977/429/3
f 3975/412/339 3978/430/336 3976/428/339
f 3979/415/130 3974/413/3 3977/429/3
f 3975/412/339 3980/414/336 3978/430/336
f 3979/415/130 3977/429/3 3981/431/130
f 3980/414/336 3982/432/333 3978/430/336
f 3983/417/128 3979/415/130 3981/431/130
f 3980/414/336 3984/416/333 3982/432/333
f 3983/417/128 3981/431/130 3985/433/128
f 3984/416/333 3986/434/7 3982/432/333
f 3987/419/124 3983/417/128 3985/433/128
f 3984/416/333 3988/418/7 3986/434/7
f 3987/419/124 3985/433/128 3989/435/124
f 3988/418/7 3990/436/494 3986/434/7
f 3991/421/5 3987/419/124 3989/435/124
f 3988/418/7 3992/420/494 3990/436/494
f 3991/421/5 3989/435/124 3993/437/5
f 3992/420/494 3994/438/495 3990/436/494
f 3995/425/496 3991/421/5 3993/437/5
f 3992/420/494 3996/422/495 3994/438/495
f 3995/425/496 3993/437/5 3997/439/496
f 3998/427/497 3995/425/496 3997/439/496
f 3998/427/497 3997/439/496 3999/440/497
f 3996/422/495 4000/441/498 3994/438/495
f 3996/422/495 4001/423/498 4000/441/498
f 4001/423/498 4002/442/499 4000/441/498
f 4001/423/498 4003/424/499 4002/442/499
f 4004/296/470 4005/443/500 4006/444/500
f 4004/296/470 4006/444/500 4007/297/470
s 0
f 4008/444/10 4009/445/10 4010/328/10
f 4008/444/10 4010/328/10 4011/297/10
f 4012/44/8 4013/446/8 4014/447/8
f 4012/44/8 4014/447/8 4015/41/8
f 4016/359/10 4017/360/10 4018/448/10
f 4016/359/10 4018/448/10 4019/449/10
f 4019/449/10 4020/91/10 4016/359/10
f 4019/449/10 4021/450/10 4020/91/10
s 1
f 4022/447/501 4023/451/501 4024/378/479
f 4022/447/501 4024/378/479 4025/41/479
f 4026/378/483 4027/451/502 4028/452/503
f 4026/378/483 4028/452/503 4029/396/484
f 4030/446/504 4031/44/476 4032/91/476
f 4030/446/504 4032/91/476 4033/450/504
s 0
f 4034/453/8 4035/424/8 4036/396/8
f 4034/453/8 4036/396/8 4037/452/8
s 1
f 4038/454/505 4039/442/499 4040/424/499
f 4038/454/505 4040/424/499 4041/453/505
s 0
f 4042/377/8 4043/455/8 4044/443/8
f 4042/377/8 4044/443/8 4045/296/8
s 1
f 4046/296/506 4047/295/475 4048/294/475
f 4046/296/506 4048/294/475 4049/297/506
f 4050/298/474 4048/294/475 4047/295/475
f 4050/298/474 4051/299/474 4048/294/475
f 4052/300/473 4051/299/474 4050/298/474
f 4052/300/473 4053/301/473 4051/299/474
f 4054/302/13 4053/301/473 4052/300/473
f 4054/302/13 4055/303/13 4053/301/473
f 4056/304/318 4055/303/13 4054/302/13
f 4056/304/318 4057/305/318 4055/303/13
f 4058/306/322 4057/305/318 4056/304/318
f 4058/306/322 4059/307/322 4057/305/318
f 4060/308/326 4059/307/322 4058/306/322
f 4060/308/326 4061/309/326 4059/307/322
f 4062/310/1 4061/309/326 4060/308/326
f 4062/310/1 4063/311/1 4061/309/326
f 4064/312/117 4063/311/1 4062/310/1
f 4064/312/117 4065/313/117 4063/311/1
f 4066/314/112 4065/313/117 4064/312/117
f 4066/314/112 4067/315/112 4065/313/117
f 4068/316/108 4067/315/112 4066/314/112
f 4068/316/108 4069/317/108 4067/315/112
f 4070/318/4 4069/317/108 4068/316/108
f 4070/318/4 4071/319/4 4069/317/108
f 4072/320/472 4071/319/4 4070/318/4
f 4072/320/472 4073/321/472 4071/319/4
f 4074/322/471 4073/321/472 4072/320/472
f 4074/322/471 4075/323/471 4073/321/472
f 4076/324/469 4075/323/471 4074/322/471
f 4076/324/469 4077/325/469 4075/323/471
f 4078/44/507 4077/325/469 4076/324/469
f 4078/44/507 4079/91/507 4077/325/469
s 0
f 4080/294/10 4081/327/10 4082/326/10
f 4080/294/10 4082/326/10 4083/328/10
f 4084/297/10 4080/294/10 4083/328/10
f 4082/326/508 4081/327/508 4085/329/508
f 4086/299/10 4081/327/10 4080/294/10
f 4085/329/509 4081/327/509 4087/330/509
f 4086/299/10 4087/330/10 4081/327/10
f 4085/329/10 4087/330/10 4088/331/10
f 4089/301/10 4087/330/10 4086/299/10
f 4090/332/10 4088/331/10 4087/330/10
f 4089/301/10 4091/333/10 4087/330/10
f 4090/332/10 4087/330/10 4091/333/10
f 4092/303/10 4091/333/10 4089/301/10
f 4093/334/10 4090/332/10 4091/333/10
f 4092/303/10 4094/335/10 4091/333/10
f 4093/334/10 4091/333/10 4094/335/10
f 4095/305/10 4094/335/10 4092/303/10
f 4093/334/10 4094/335/10 4096/336/10
f 4095/305/10 4097/337/10 4094/335/10
f 4096/336/10 4094/335/10 4097/337/10
f 4098/307/10 4097/337/10 4095/305/10
f 4096/336/10 4097/337/10 4099/338/10
f 4098/307/10 4100/339/10 4097/337/10
f 4099/338/10 4097/337/10 4100/339/10
f 4101/309/10 4100/339/10 4098/307/10
f 4099/338/10 4100/339/10 4102/340/10
f 4101/309/10 4103/341/10 4100/339/10
f 4102/340/10 4100/339/10 4103/341/10
f 4104/311/10 4103/341/10 4101/309/10
f 4102/340/10 4103/341/10 4105/342/10
f 4104/311/10 4106/343/10 4103/341/10
f 4105/342/10 4103/341/10 4106/343/10
f 4107/313/10 4106/343/10 4104/311/10
f 4105/342/10 4106/343/10 4108/344/10
f 4107/313/10 4109/345/10 4106/343/10
f 4108/344/10 4106/343/10 4109/345/10
f 4110/315/10 4109/345/10 4107/313/10
f 4108/344/10 4109/345/10 4111/346/10
f 4110/315/10 4112/347/10 4109/345/10
f 4111/346/10 4109/345/10 4112/347/10
f 4113/317/10 4112/347/10 4110/315/10
f 4111/346/10 4112/347/10 4114/348/10
f 4113/317/10 4115/349/10 4112/347/10
f 4114/348/10 4112/347/10 4115/349/10
f 4116/319/10 4115/349/10 4113/317/10
f 4114/348/10 4115/349/10 4117/350/10
f 4116/319/10 4118/351/10 4115/349/10
f 4117/350/10 4115/349/10 4118/351/10
f 4119/321/10 4118/351/10 4116/319/10
f 4117/350/10 4118/351/10 4120/352/10
f 4119/321/10 4121/353/10 4118/351/10
f 4120/352/10 4118/351/10 4121/353/10
f 4122/323/10 4121/353/10 4119/321/10
f 4120/352/10 4121/353/10 4123/354/10
f 4122/323/10 4124/355/10 4121/353/10
f 4123/354/10 4121/353/10 4124/355/10
f 4125/325/10 4124/355/10 4122/323/10
f 4123/354/10 4124/355/10 4126/356/10
f 4125/325/10 4127/357/10 4124/355/10
f 4126/356/10 4124/355/10 4127/357/10
f 4128/91/10 4127/357/10 4125/325/10
f 4126/356/10 4127/357/10 4129/358/10
f 4128/91/10 4130/359/10 4127/357/10
f 4131/360/10 4129/358/10 4127/357/10
f 4131/360/10 4127/357/10 4130/359/10
f 4132/324/8 4133/361/8 4134/41/8
f 4132/324/8 4134/41/8 4135/44/8
f 4136/322/8 4133/361/8 4132/324/8
f 4136/322/8 4137/362/8 4133/361/8
f 4138/320/8 4137/362/8 4136/322/8
f 4138/320/8 4139/363/8 4137/362/8
f 4140/318/8 4139/363/8 4138/320/8
f 4140/318/8 4141/364/8 4139/363/8
f 4142/316/8 4141/364/8 4140/318/8
f 4142/316/8 4143/365/8 4141/364/8
f 4144/314/8 4143/365/8 4142/316/8
f 4144/314/8 4145/366/8 4143/365/8
f 4146/312/8 4145/366/8 4144/314/8
f 4146/312/8 4147/367/8 4145/366/8
f 4148/310/8 4147/367/8 4146/312/8
f 4148/310/8 4149/368/8 4147/367/8
f 4150/308/8 4149/368/8 4148/310/8
f 4150/308/8 4151/369/8 4149/368/8
f 4152/306/8 4151/369/8 4150/308/8
f 4152/306/8 4153/370/8 4151/369/8
f 4154/304/8 4153/370/8 4152/306/8
f 4154/304/8 4155/371/8 4153/370/8
f 4156/302/8 4155/371/8 4154/304/8
f 4156/302/8 4157/372/8 4155/371/8
f 4158/300/8 4157/372/8 4156/302/8
f 4158/300/8 4159/373/8 4157/372/8
f 4160/298/8 4159/373/8 4158/300/8
f 4160/298/8 4161/374/8 4159/373/8
f 4162/295/8 4161/374/8 4160/298/8
f 4162/295/8 4163/375/8 4161/374/8
f 4162/295/8 4164/296/8 4163/375/8
f 4164/296/8 4165/376/8 4163/375/8
f 4164/296/8 4166/377/8 4165/376/8
s 1
f 4167/361/469 4168/379/469 4169/378/510
f 4167/361/469 4169/378/510 4170/41/510
f 4171/362/471 4168/379/469 4167/361/469
f 4171/362/471 4172/380/471 4168/379/469
f 4173/363/472 4172/380/471 4171/362/471
f 4173/363/472 4174/381/472 4172/380/471
f 4175/364/4 4174/381/472 4173/363/472
f 4175/364/4 4176/382/4 4174/381/472
f 4177/365/108 4176/382/4 4175/364/4
f 4177/365/108 4178/383/108 4176/382/4
f 4179/366/112 4178/383/108 4177/365/108
f 4179/366/112 4180/384/112 4178/383/108
f 4181/367/117 4180/384/112 4179/366/112
f 4181/367/117 4182/385/117 4180/384/112
f 4183/368/1 4182/385/117 4181/367/117
f 4183/368/1 4184/386/1 4182/385/117
f 4185/369/326 4184/386/1 4183/368/1
f 4185/369/326 4186/387/326 4184/386/1
f 4187/370/511 4186/387/326 4185/369/326
f 4187/370/511 4188/388/511 4186/387/326
f 4189/371/318 4188/388/511 4187/370/511
f 4189/371/318 4190/389/318 4188/388/511
f 4191/372/13 4190/389/318 4189/371/318
f 4191/372/13 4192/390/13 4190/389/318
f 4193/373/473 4192/390/13 4191/372/13
f 4193/373/473 4194/391/473 4192/390/13
f 4195/374/474 4194/391/473 4193/373/473
f 4195/374/474 4196/392/474 4194/391/473
f 4197/375/475 4196/392/474 4195/374/474
f 4197/375/475 4198/393/475 4196/392/474
f 4199/376/512 4198/393/475 4197/375/475
f 4199/376/512 4200/394/512 4198/393/475
f 4201/378/513 4202/379/489 4203/395/489
f 4201/378/513 4203/395/489 4204/396/514
f 4205/380/488 4203/395/489 4202/379/489
f 4205/380/488 4206/397/488 4203/395/489
f 4207/381/487 4206/397/488 4205/380/488
f 4207/381/487 4208/398/487 4206/397/488
f 4209/382/147 4208/398/487 4207/381/487
f 4209/382/147 4210/399/147 4208/398/487
f 4211/383/152 4210/399/147 4209/382/147
f 4211/383/152 4212/400/152 4210/399/147
f 4213/384/155 4212/400/152 4211/383/152
f 4213/384/155 4214/401/155 4212/400/152
f 4215/385/157 4214/401/155 4213/384/155
f 4215/385/157 4216/402/157 4214/401/155
f 4217/386/159 4216/402/157 4215/385/157
f 4217/386/159 4218/403/159 4216/402/157
f 4219/387/515 4218/403/159 4217/386/159
f 4219/387/515 4220/404/515 4218/403/159
f 4221/388/364 4220/404/515 4219/387/515
f 4221/388/364 4222/405/364 4220/404/515
f 4223/389/362 4222/405/364 4221/388/364
f 4223/389/362 4224/406/362 4222/405/364
f 4225/390/357 4224/406/362 4223/389/362
f 4225/390/357 4226/407/357 4224/406/362
f 4227/391/486 4226/407/357 4225/390/357
f 4227/391/486 4228/408/486 4226/407/357
f 4229/392/485 4228/408/486 4227/391/486
f 4229/392/485 4230/409/485 4228/408/486
f 4229/392/485 4231/393/516 4230/409/485
f 4231/393/516 4232/410/517 4230/409/485
f 4231/393/516 4233/411/518 4232/410/517
f 4231/393/516 4234/394/519 4233/411/518
s 0
f 4235/412/8 4236/402/8 4237/403/8
f 4238/414/8 4236/402/8 4235/412/8
f 4235/412/8 4237/403/8 4239/413/8
f 4238/414/8 4240/401/8 4236/402/8
f 4239/413/8 4237/403/8 4241/404/8
f 4242/416/8 4240/401/8 4238/414/8
f 4239/413/8 4241/404/8 4243/415/8
f 4242/416/8 4244/400/8 4240/401/8
f 4243/415/8 4241/404/8 4245/405/8
f 4246/418/8 4244/400/8 4242/416/8
f 4243/415/8 4245/405/8 4247/417/8
f 4246/418/8 4248/399/8 4244/400/8
f 4247/417/8 4245/405/8 4249/406/8
f 4250/420/8 4248/399/8 4246/418/8
f 4247/417/8 4249/406/8 4251/419/8
f 4250/420/8 4252/398/8 4248/399/8
f 4251/419/8 4249/406/8 4253/407/8
f 4254/422/8 4252/398/8 4250/420/8
f 4251/419/8 4253/407/8 4255/421/8
f 4254/422/8 4256/397/8 4252/398/8
f 4257/423/8 4256/397/8 4254/422/8
f 4257/423/8 4258/395/8 4256/397/8
f 4259/424/8 4258/395/8 4257/423/8
f 4259/424/8 4260/396/8 4258/395/8
f 4255/421/8 4253/407/8 4261/408/8
f 4255/421/8 4261/408/8 4262/425/8
f 4261/408/8 4263/426/8 4262/425/8
f 4264/427/8 4262/425/8 4263/426/8
f 4261/408/8 4265/409/8 4263/426/8
f 4263/426/8 4265/409/8 4266/410/8
s 1
f 4267/428/130 4268/412/130 4269/413/3
f 4270/430/128 4268/412/130 4267/428/130
f 4267/428/130 4269/413/3 4271/429/3
f 4270/430/128 4272/414/128 4268/412/130
f 4271/429/3 4269/413/3 4273/415/339
f 4274/432/124 4272/414/128 4270/430/128
f 4271/429/3 4273/415/339 4275/431/339
f 4274/432/124 4276/416/124 4272/414/128
f 4275/431/339 4273/415/339 4277/417/336
f 4278/434/5 4276/416/124 4274/432/124
f 4275/431/339 4277/417/336 4279/433/336
f 4278/434/5 4280/418/5 4276/416/124
f 4279/433/336 4277/417/336 4281/419/333
f 4282/436/496 4280/418/5 4278/434/5
f 4279/433/336 4281/419/333 4283/435/333
f 4282/436/496 4284/420/496 4280/418/5
f 4283/435/333 4281/419/333 4285/421/7
f 4286/438/520 4284/420/496 4282/436/496
f 4283/435/333 4285/421/7 4287/437/7
f 4286/438/520 4288/422/520 4284/420/496
f 4287/437/7 4285/421/7 4289/425/494
f 4290/441/521 4288/422/520 4286/438/520
f 4287/437/7 4289/425/494 4291/439/494
f 4290/441/521 4292/423/521 4288/422/520
f 4291/439/494 4289/425/494 4293/427/522
f 4291/439/494 4293/427/522 4294/440/522
f 4295/442/523 4292/423/521 4290/441/521
f 4295/442/523 4296/424/523 4292/423/521
f 4297/444/524 4298/443/524 4299/296/506
f 4297/444/524 4299/296/506 4300/297/506
s 0
f 4301/328/10 4302/445/10 4303/444/10
f 4301/328/10 4303/444/10 4304/297/10
f 4305/44/8 4306/41/8 4307/447/8
f 4305/44/8 4307/447/8 4308/446/8
f 4309/359/10 4310/449/10 4311/448/10
f 4309/359/10 4311/448/10 4312/360/10
f 4310/449/10 4309/359/10 4313/91/10
f 4310/449/10 4313/91/10 4314/450/10
s 1
f 4315/378/510 4316/451/525 4317/447/525
f 4315/378/510 4317/447/525 4318/41/510
f 4319/452/526 4320/451/527 4321/378/513
f 4319/452/526 4321/378/513 4322/396/514
f 4323/91/507 4324/44/507 4325/446/528
f 4323/91/507 4325/446/528 4326/450/528
s 0
f 4327/396/8 4328/424/8 4329/453/8
f 4327/396/8 4329/453/8 4330/452/8
s 1
f 4331/424/523 4332/442/523 4333/454/529
f 4331/424/523 4333/454/529 4334/453/529
s 0
f 4335/377/8 4336/296/8 4337/443/8
f 4335/377/8 4337/443/8 4338/455/8
s 1
f 4339/296/470 4340/295/469 4341/294/469
f 4339/296/470 4341/294/469 4342/297/470
f 4343/298/471 4341/294/469 4340/295/469
f 4343/298/471 4344/299/471 4341/294/469
f 4345/300/472 4344/299/471 4343/298/471
f 4345/300/472 4346/301/472 4344/299/471
f 4347/302/4 4346/301/472 4345/300/472
f 4347/302/4 4348/303/4 4346/301/472
f 4349/304/108 4348/303/4 4347/302/4
f 4349/304/108 4350/305/108 4348/303/4
f 4351/306/112 4350/305/108 4349/304/108
f 4351/306/112 4352/307/112 4350/305/108
f 4353/308/117 4352/307/112 4351/306/112
f 4353/308/117 4354/309/117 4352/307/112
f 4355/310/1 4354/309/117 4353/308/117
f 4355/310/1 4356/311/1 4354/309/117
f 4357/312/326 4356/311/1 4355/310/1
f 4357/312/326 4358/313/326 4356/311/1
f 4359/314/322 4358/313/326 4357/312/326
f 4359/314/322 4360/315/322 4358/313/326
f 4361/316/318 4360/315/322 4359/314/322
f 4361/316/318 4362/317/318 4360/315/322
f 4363/318/13 4362/317/318 4361/316/318
f 4363/318/13 4364/319/13 4362/317/318
f 4365/320/473 4364/319/13 4363/318/13
f 4365/320/473 4366/321/473 4364/319/13
f 4367/322/474 4366/321/473 4365/320/473
f 4367/322/474 4368/323/474 4366/321/473
f 4369/324/475 4368/323/474 4367/322/474
f 4369/324/475 4370/325/475 4368/323/474
f 4371/44/476 4370/325/475 4369/324/475
f 4371/44/476 4372/91/476 4370/325/475
s 0
f 4373/294/8 4374/327/8 4375/326/8
f 4373/294/8 4375/326/8 4376/328/8
f 4377/297/8 4373/294/8 4376/328/8
f 4375/326/8 4374/327/8 4378/329/8
f 4379/299/8 4374/327/8 4373/294/8
f 4378/329/8 4374/327/8 4380/330/8
f 4379/299/8 4380/330/8 4374/327/8
f 4378/329/8 4380/330/8 4381/331/8
f 4382/301/8 4380/330/8 4379/299/8
f 4383/332/8 4381/331/8 4380/330/8
f 4382/301/8 4384/333/8 4380/330/8
f 4383/332/8 4380/330/8 4384/333/8
f 4385/303/8 4384/333/8 4382/301/8
f 4386/334/8 4383/332/8 4384/333/8
f 4385/303/8 4387/335/8 4384/333/8
f 4386/334/8 4384/333/8 4387/335/8
f 4388/305/8 4387/335/8 4385/303/8
f 4386/334/8 4387/335/8 4389/336/8
f 4388/305/8 4390/337/8 4387/335/8
f 4389/336/8 4387/335/8 4390/337/8
f 4391/307/8 4390/337/8 4388/305/8
f 4389/336/8 4390/337/8 4392/338/8
f 4391/307/8 4393/339/8 4390/337/8
f 4392/338/8 4390/337/8 4393/339/8
f 4394/309/8 4393/339/8 4391/307/8
f 4392/338/8 4393/339/8 4395/340/8
f 4394/309/8 4396/341/8 4393/339/8
f 4395/340/8 4393/339/8 4396/341/8
f 4397/311/8 4396/341/8 4394/309/8
f 4395/340/8 4396/341/8 4398/342/8
f 4397/311/8 4399/343/8 4396/341/8
f 4398/342/8 4396/341/8 4399/343/8
f 4400/313/8 4399/343/8 4397/311/8
f 4398/342/8 4399/343/8 4401/344/8
f 4400/313/8 4402/345/8 4399/343/8
f 4401/344/8 4399/343/8 4402/345/8
f 4403/315/8 4402/345/8 4400/313/8
f 4401/344/8 4402/345/8 4404/346/8
f 4403/315/8 4405/347/8 4402/345/8
f 4404/346/8 4402/345/8 4405/347/8
f 4406/317/8 4405/347/8 4403/315/8
f 4404/346/8 4405/347/8 4407/348/8
f 4406/317/8 4408/349/8 4405/347/8
f 4407/348/8 4405/347/8 4408/349/8
f 4409/319/8 4408/349/8 4406/317/8
f 4407/348/8 4408/349/8 4410/350/8
f 4409/319/8 4411/351/8 4408/349/8
f 4410/350/8 4408/349/8 4411/351/8
f 4412/321/8 4411/351/8 4409/319/8
f 4410/350/8 4411/351/8 4413/352/8
f 4412/321/8 4414/353/8 4411/351/8
f 4413/352/8 4411/351/8 4414/353/8
f 4415/323/8 4414/353/8 4412/321/8
f 4413/352/8 4414/353/8 4416/354/8
f 4415/323/8 4417/355/8 4414/353/8
f 4416/354/8 4414/353/8 4417/355/8
f 4418/325/8 4417/355/8 4415/323/8
f 4416/354/8 4417/355/8 4419/356/8
f 4418/325/8 4420/357/8 4417/355/8
f 4419/356/8 4417/355/8 4420/357/8
f 4421/91/8 4420/357/8 4418/325/8
f 4419/356/8 4420/357/8 4422/358/8
f 4421/91/8 4423/359/8 4420/357/8
f 4424/360/8 4422/358/8 4420/357/8
f 4424/360/8 4420/357/8 4423/359/8
f 4425/324/10 4426/361/10 4427/41/10
f 4425/324/10 4427/41/10 4428/44/10
f 4429/322/10 4426/361/10 4425/324/10
f 4429/322/10 4430/362/10 4426/361/10
f 4431/320/10 4430/362/10 4429/322/10
f 4431/320/10 4432/363/10 4430/362/10
f 4433/318/10 4432/363/10 4431/320/10
f 4433/318/10 4434/364/10 4432/363/10
f 4435/316/10 4434/364/10 4433/318/10
f 4435/316/10 4436/365/10 4434/364/10
f 4437/314/10 4436/365/10 4435/316/10
f 4437/314/10 4438/366/10 4436/365/10
f 4439/312/10 4438/366/10 4437/314/10
f 4439/312/10 4440/367/10 4438/366/10
f 4441/310/10 4440/367/10 4439/312/10
f 4441/310/10 4442/368/10 4440/367/10
f 4443/308/10 4442/368/10 4441/310/10
f 4443/308/10 4444/369/10 4442/368/10
f 4445/306/10 4444/369/10 4443/308/10
f 4445/306/10 4446/370/10 4444/369/10
f 4447/304/10 4446/370/10 4445/306/10
f 4447/304/10 4448/371/10 4446/370/10
f 4449/302/10 4448/371/10 4447/304/10
f 4449/302/10 4450/372/10 4448/371/10
f 4451/300/10 4450/372/10 4449/302/10
f 4451/300/10 4452/373/10 4450/372/10
f 4453/298/10 4452/373/10 4451/300/10
f 4453/298/10 4454/374/10 4452/373/10
f 4455/295/10 4454/374/10 4453/298/10
f 4455/295/10 4456/375/10 4454/374/10
f 4455/295/10 4457/296/10 4456/375/10
f 4457/296/10 4458/376/10 4456/375/10
f 4457/296/10 4459/377/10 4458/376/10
s 1
f 4460/361/475 4461/379/475 4462/378/479
f 4460/361/475 4462/378/479 4463/41/479
f 4464/362/474 4461/379/475 4460/361/475
f 4464/362/474 4465/380/474 4461/379/475
f 4466/363/473 4465/380/474 4464/362/474
f 4466/363/473 4467/381/473 4465/380/474
f 4468/364/13 4467/381/473 4466/363/473
f 4468/364/13 4469/382/13 4467/381/473
f 4470/365/318 4469/382/13 4468/364/13
f 4470/365/318 4471/383/318 4469/382/13
f 4472/366/322 4471/383/318 4470/365/318
f 4472/366/322 4473/384/322 4471/383/318
f 4474/367/326 4473/384/322 4472/366/322
f 4474/367/326 4475/385/326 4473/384/322
f 4476/368/1 4475/385/326 4474/367/326
f 4476/368/1 4477/386/1 4475/385/326
f 4478/369/117 4477/386/1 4476/368/1
f 4478/369/117 4479/387/117 4477/386/1
f 4480/370/112 4479/387/117 4478/369/117
f 4480/370/112 4481/388/112 4479/387/117
f 4482/371/108 4481/388/112 4480/370/112
f 4482/371/108 4483/389/108 4481/388/112
f 4484/372/4 4483/389/108 4482/371/108
f 4484/372/4 4485/390/4 4483/389/108
f 4486/373/472 4485/390/4 4484/372/4
f 4486/373/472 4487/391/472 4485/390/4
f 4488/374/471 4487/391/472 4486/373/472
f 4488/374/471 4489/392/471 4487/391/472
f 4490/375/469 4489/392/471 4488/374/471
f 4490/375/469 4491/393/469 4489/392/471
f 4492/376/481 4491/393/469 4490/375/469
f 4492/376/481 4493/394/481 4491/393/469
f 4494/378/530 4495/379/531 4496/395/531
f 4494/378/530 4496/395/531 4497/396/532
f 4498/380/533 4496/395/531 4495/379/531
f 4498/380/533 4499/397/533 4496/395/531
f 4500/381/534 4499/397/533 4498/380/533
f 4500/381/534 4501/398/534 4499/397/533
f 4502/382/445 4501/398/534 4500/381/534
f 4502/382/445 4503/399/445 4501/398/534
f 4504/383/443 4503/399/445 4502/382/445
f 4504/383/443 4505/400/443 4503/399/445
f 4506/384/441 4505/400/443 4504/383/443
f 4506/384/441 4507/401/441 4505/400/443
f 4508/385/439 4507/401/441 4506/384/441
f 4508/385/439 4509/402/439 4507/401/441
f 4510/386/235 4509/402/439 4508/385/439
f 4510/386/235 4511/403/235 4509/402/439
f 4512/387/236 4511/403/235 4510/386/235
f 4512/387/236 4513/404/236 4511/403/235
f 4514/388/238 4513/404/236 4512/387/236
f 4514/388/238 4515/405/238 4513/404/236
f 4516/389/240 4515/405/238 4514/388/238
f 4516/389/240 4517/406/240 4515/405/238
f 4518/390/242 4517/406/240 4516/389/240
f 4518/390/242 4519/407/242 4517/406/240
f 4520/391/535 4519/407/242 4518/390/242
f 4520/391/535 4521/408/535 4519/407/242
f 4522/392/536 4521/408/535 4520/391/535
f 4522/392/536 4523/409/536 4521/408/535
f 4522/392/536 4524/393/537 4523/409/536
f 4524/393/537 4525/410/538 4523/409/536
f 4524/393/537 4526/411/539 4525/410/538
f 4524/393/537 4527/394/540 4526/411/539
s 0
f 4528/412/10 4529/402/10 4530/403/10
f 4531/414/10 4529/402/10 4528/412/10
f 4528/412/10 4530/403/10 4532/413/10
f 4531/414/10 4533/401/10 4529/402/10
f 4532/413/10 4530/403/10 4534/404/10
f 4535/416/10 4533/401/10 4531/414/10
f 4532/413/10 4534/404/10 4536/415/10
f 4535/416/10 4537/400/10 4533/401/10
f 4536/415/10 4534/404/10 4538/405/10
f 4539/418/10 4537/400/10 4535/416/10
f 4536/415/10 4538/405/10 4540/417/10
f 4539/418/10 4541/399/10 4537/400/10
f 4540/417/10 4538/405/10 4542/406/10
f 4543/420/10 4541/399/10 4539/418/10
f 4540/417/10 4542/406/10 4544/419/10
f 4543/420/10 4545/398/10 4541/399/10
f 4544/419/10 4542/406/10 4546/407/10
f 4547/422/10 4545/398/10 4543/420/10
f 4544/419/10 4546/407/10 4548/421/10
f 4547/422/10 4549/397/10 4545/398/10
f 4550/423/10 4549/397/10 4547/422/10
f 4550/423/10 4551/395/10 4549/397/10
f 4552/424/10 4551/395/10 4550/423/10
f 4552/424/10 4553/396/10 4551/395/10
f 4548/421/10 4546/407/10 4554/408/10
f 4548/421/10 4554/408/10 4555/425/10
f 4554/408/10 4556/426/10 4555/425/10
f 4557/427/10 4555/425/10 4556/426/10
f 4554/408/10 4558/409/10 4556/426/10
f 4556/426/477 4558/409/477 4559/410/477
s 1
f 4560/428/339 4561/412/339 4562/413/3
f 4563/430/336 4561/412/339 4560/428/339
f 4560/428/339 4562/413/3 4564/429/3
f 4563/430/336 4565/414/336 4561/412/339
f 4564/429/3 4562/413/3 4566/415/130
f 4567/432/333 4565/414/336 4563/430/336
f 4564/429/3 4566/415/130 4568/431/130
f 4567/432/333 4569/416/333 4565/414/336
f 4568/431/130 4566/415/130 4570/417/128
f 4571/434/7 4569/416/333 4567/432/333
f 4568/431/130 4570/417/128 4572/433/128
f 4571/434/7 4573/418/7 4569/416/333
f 4572/433/128 4570/417/128 4574/419/124
f 4575/436/494 4573/418/7 4571/434/7
f 4572/433/128 4574/419/124 4576/435/124
f 4575/436/494 4577/420/494 4573/418/7
f 4576/435/124 4574/419/124 4578/421/5
f 4579/438/495 4577/420/494 4575/436/494
f 4576/435/124 4578/421/5 4580/437/5
f 4579/438/495 4581/422/495 4577/420/494
f 4580/437/5 4578/421/5 4582/425/496
f 4583/441/498 4581/422/495 4579/438/495
f 4580/437/5 4582/425/496 4584/439/496
f 4583/441/498 4585/423/498 4581/422/495
f 4584/439/496 4582/425/496 4586/427/497
f 4584/439/496 4586/427/497 4587/440/497
f 4588/442/499 4585/423/498 4583/441/498
f 4588/442/499 4589/424/499 4585/423/498
f 4590/444/500 4591/443/500 4592/296/470
f 4590/444/500 4592/296/470 4593/297/470
s 0
f 4594/328/8 4595/445/8 4596/444/8
f 4594/328/8 4596/444/8 4597/297/8
f 4598/44/10 4599/41/10 4600/447/10
f 4598/44/10 4600/447/10 4601/446/10
f 4602/359/8 4603/449/8 4604/448/8
f 4602/359/8 4604/448/8 4605/360/8
f 4603/449/8 4602/359/8 4606/91/8
f 4603/449/8 4606/91/8 4607/450/8
s 1
f 4608/378/479 4609/451/501 4610/447/501
f 4608/378/479 4610/447/501 4611/41/479
f 4612/452/541 4613/451/542 4614/378/530
f 4612/452/541 4614/378/530 4615/396/532
f 4616/91/476 4617/44/476 4618/446/504
f 4616/91/476 4618/446/504 4619/450/504
s 0
f 4620/396/10 4621/424/10 4622/453/10
f 4620/396/10 4622/453/10 4623/452/10
s 1
f 4624/424/499 4625/442/499 4626/454/505
f 4624/424/499 4626/454/505 4627/453/505
s 0
f 4628/377/10 4629/296/10 4630/443/10
f 4628/377/10 4630/443/10 4631/455/10
s 1
f 4632/294/475 4633/295/475 4634/296/506
f 4632/294/475 4634/296/506 4635/297/506
f 4632/294/475 4636/298/474 4633/295/475
f 4632/294/475 4637/299/474 4636/298/474
f 4637/299/474 4638/300/473 4636/298/474
f 4637/299/474 4639/301/473 4638/300/473
f 4639/301/473 4640/302/13 4638/300/473
f 4639/301/473 4641/303/13 4640/302/13
f 4641/303/13 4642/304/318 4640/302/13
f 4641/303/13 4643/305/318 4642/304/318
f 4643/305/318 4644/306/322 4642/304/318
f 4643/305/318 4645/307/322 4644/306/322
f 4645/307/322 4646/308/326 4644/306/322
f 4645/307/322 4647/309/326 4646/308/326
f 4647/309/326 4648/310/1 4646/308/326
f 4647/309/326 4649/311/1 4648/310/1
f 4649/311/1 4650/312/117 4648/310/1
f 4649/311/1 4651/313/117 4650/312/117
f 4651/313/117 4652/314/112 4650/312/117
f 4651/313/117 4653/315/112 4652/314/112
f 4653/315/112 4654/316/108 4652/314/112
f 4653/315/112 4655/317/108 4654/316/108
f 4655/317/108 4656/318/4 4654/316/108
f 4655/317/108 4657/319/4 4656/318/4
f 4657/319/4 4658/320/472 4656/318/4
f 4657/319/4 4659/321/472 4658/320/472
f 4659/321/472 4660/322/471 4658/320/472
f 4659/321/472 4661/323/471 4660/322/471
f 4661/323/471 4662/324/469 4660/322/471
f 4661/323/471 4663/325/469 4662/324/469
f 4663/325/469 4664/44/507 4662/324/469
f 4663/325/469 4665/91/507 4664/44/507
s 0
f 4666/326/8 4667/327/8 4668/294/8
f 4666/326/8 4668/294/8 4669/328/8
f 4670/297/8 4669/328/8 4668/294/8
f 4666/326/8 4671/329/8 4667/327/8
f 4667/327/8 4672/299/8 4668/294/8
f 4671/329/8 4673/330/8 4667/327/8
f 4667/327/8 4673/330/8 4672/299/8
f 4671/329/8 4674/331/8 4673/330/8
f 4673/330/8 4675/301/8 4672/299/8
f 4673/330/8 4674/331/8 4676/332/8
f 4673/330/8 4677/333/8 4675/301/8
f 4673/330/8 4676/332/8 4677/333/8
f 4677/333/8 4678/303/8 4675/301/8
f 4679/334/8 4677/333/8 4676/332/8
f 4677/333/8 4680/335/8 4678/303/8
f 4680/335/8 4677/333/8 4679/334/8
f 4680/335/8 4681/305/8 4678/303/8
f 4680/335/8 4679/334/8 4682/336/8
f 4680/335/8 4683/337/8 4681/305/8
f 4683/337/8 4680/335/8 4682/336/8
f 4683/337/8 4684/307/8 4681/305/8
f 4683/337/8 4682/336/8 4685/338/8
f 4683/337/8 4686/339/8 4684/307/8
f 4686/339/8 4683/337/8 4685/338/8
f 4686/339/8 4687/309/8 4684/307/8
f 4686/339/8 4685/338/8 4688/340/8
f 4686/339/8 4689/341/8 4687/309/8
f 4689/341/8 4686/339/8 4688/340/8
f 4689/341/8 4690/311/8 4687/309/8
f 4689/341/8 4688/340/8 4691/342/8
f 4689/341/8 4692/343/8 4690/311/8
f 4692/343/8 4689/341/8 4691/342/8
f 4692/343/8 4693/313/8 4690/311/8
f 4692/343/8 4691/342/8 4694/344/8
f 4692/343/8 4695/345/8 4693/313/8
f 4695/345/8 4692/343/8 4694/344/8
f 4695/345/8 4696/315/8 4693/313/8
f 4695/345/8 4694/344/8 4697/346/8
f 4695/345/8 4698/347/8 4696/315/8
f 4698/347/8 4695/345/8 4697/346/8
f 4698/347/8 4699/317/8 4696/315/8
f 4698/347/8 4697/346/8 4700/348/8
f 4698/347/8 4701/349/8 4699/317/8
f 4701/349/8 4698/347/8 4700/348/8
f 4701/349/8 4702/319/8 4699/317/8
f 4701/349/8 4700/348/8 4703/350/8
f 4701/349/8 4704/351/8 4702/319/8
f 4704/351/8 4701/349/8 4703/350/8
f 4704/351/8 4705/321/8 4702/319/8
f 4704/351/8 4703/350/8 4706/352/8
f 4704/351/8 4707/353/8 4705/321/8
f 4707/353/8 4704/351/8 4706/352/8
f 4707/353/8 4708/323/8 4705/321/8
f 4707/353/8 4706/352/8 4709/354/8
f 4707/353/8 4710/355/8 4708/323/8
f 4710/355/8 4707/353/8 4709/354/8
f 4710/355/8 4711/325/8 4708/323/8
f 4710/355/8 4709/354/8 4712/356/8
f 4710/355/8 4713/357/8 4711/325/8
f 4713/357/8 4710/355/8 4712/356/8
f 4713/357/8 4714/91/8 4711/325/8
f 4713/357/8 4712/356/8 4715/358/8
f 4713/357/8 4716/359/8 4714/91/8
f 4713/357/8 4715/358/8 4717/360/8
f 4713/357/8 4717/360/8 4716/359/8
f 4718/41/10 4719/361/10 4720/324/10
f 4718/41/10 4720/324/10 4721/44/10
f 4719/361/10 4722/322/10 4720/324/10
f 4719/361/10 4723/362/10 4722/322/10
f 4723/362/10 4724/320/10 4722/322/10
f 4723/362/10 4725/363/10 4724/320/10
f 4725/363/10 4726/318/10 4724/320/10
f 4725/363/10 4727/364/10 4726/318/10
f 4727/364/10 4728/316/10 4726/318/10
f 4727/364/10 4729/365/10 4728/316/10
f 4729/365/10 4730/314/10 4728/316/10
f 4729/365/10 4731/366/10 4730/314/10
f 4731/366/10 4732/312/10 4730/314/10
f 4731/366/10 4733/367/10 4732/312/10
f 4733/367/10 4734/310/10 4732/312/10
f 4733/367/10 4735/368/10 4734/310/10
f 4735/368/10 4736/308/10 4734/310/10
f 4735/368/10 4737/369/10 4736/308/10
f 4737/369/10 4738/306/10 4736/308/10
f 4737/369/10 4739/370/10 4738/306/10
f 4739/370/10 4740/304/10 4738/306/10
f 4739/370/10 4741/371/10 4740/304/10
f 4741/371/10 4742/302/10 4740/304/10
f 4741/371/10 4743/372/10 4742/302/10
f 4743/372/10 4744/300/10 4742/302/10
f 4743/372/10 4745/373/10 4744/300/10
f 4745/373/10 4746/298/10 4744/300/10
f 4745/373/10 4747/374/10 4746/298/10
f 4747/374/10 4748/295/10 4746/298/10
f 4747/374/10 4749/375/10 4748/295/10
f 4748/295/10 4749/375/10 4750/296/10
f 4751/376/10 4750/296/10 4749/375/10
f 4751/376/10 4752/377/10 4750/296/10
s 1
f 4753/378/510 4754/379/469 4755/361/469
f 4753/378/510 4755/361/469 4756/41/510
f 4754/379/469 4757/362/471 4755/361/469
f 4754/379/469 4758/380/471 4757/362/471
f 4758/380/471 4759/363/472 4757/362/471
f 4758/380/471 4760/381/472 4759/363/472
f 4760/381/472 4761/364/4 4759/363/472
f 4760/381/472 4762/382/4 4761/364/4
f 4762/382/4 4763/365/108 4761/364/4
f 4762/382/4 4764/383/108 4763/365/108
f 4764/383/108 4765/366/112 4763/365/108
f 4764/383/108 4766/384/112 4765/366/112
f 4766/384/112 4767/367/117 4765/366/112
f 4766/384/112 4768/385/117 4767/367/117
f 4768/385/117 4769/368/1 4767/367/117
f 4768/385/117 4770/386/1 4769/368/1
f 4770/386/1 4771/369/326 4769/368/1
f 4770/386/1 4772/387/326 4771/369/326
f 4772/387/326 4773/370/322 4771/369/326
f 4772/387/326 4774/388/322 4773/370/322
f 4774/388/322 4775/371/318 4773/370/322
f 4774/388/322 4776/389/318 4775/371/318
f 4776/389/318 4777/372/13 4775/371/318
f 4776/389/318 4778/390/13 4777/372/13
f 4778/390/13 4779/373/473 4777/372/13
f 4778/390/13 4780/391/473 4779/373/473
f 4780/391/473 4781/374/474 4779/373/473
f 4780/391/473 4782/392/474 4781/374/474
f 4782/392/474 4783/375/475 4781/374/474
f 4782/392/474 4784/393/475 4783/375/475
f 4784/393/475 4785/376/512 4783/375/475
f 4784/393/475 4786/394/512 4785/376/512
f 4787/395/537 4788/379/537 4789/378/543
f 4787/395/537 4789/378/543 4790/396/544
f 4787/395/537 4791/380/536 4788/379/537
f 4787/395/537 4792/397/536 4791/380/536
f 4792/397/536 4793/381/535 4791/380/536
f 4792/397/536 4794/398/535 4793/381/535
f 4794/398/535 4795/382/242 4793/381/535
f 4794/398/535 4796/399/242 4795/382/242
f 4796/399/242 4797/383/240 4795/382/242
f 4796/399/242 4798/400/240 4797/383/240
f 4798/400/240 4799/384/238 4797/383/240
f 4798/400/240 4800/401/238 4799/384/238
f 4800/401/238 4801/385/236 4799/384/238
f 4800/401/238 4802/402/236 4801/385/236
f 4802/402/236 4803/386/235 4801/385/236
f 4802/402/236 4804/403/235 4803/386/235
f 4804/403/235 4805/387/439 4803/386/235
f 4804/403/235 4806/404/439 4805/387/439
f 4806/404/439 4807/388/441 4805/387/439
f 4806/404/439 4808/405/441 4807/388/441
f 4808/405/441 4809/389/443 4807/388/441
f 4808/405/441 4810/406/443 4809/389/443
f 4810/406/443 4811/390/445 4809/389/443
f 4810/406/443 4812/407/445 4811/390/445
f 4812/407/445 4813/391/534 4811/390/445
f 4812/407/445 4814/408/534 4813/391/534
f 4814/408/534 4815/392/533 4813/391/534
f 4814/408/534 4816/409/533 4815/392/533
f 4815/392/533 4816/409/533 4817/393/531
f 4818/410/545 4817/393/531 4816/409/533
f 4818/410/545 4819/411/546 4817/393/531
f 4817/393/531 4819/411/546 4820/394/547
s 0
f 4821/403/10 4822/402/10 4823/412/10
f 4821/403/10 4823/412/10 4824/413/10
f 4822/402/10 4825/414/10 4823/412/10
f 4826/404/10 4821/403/10 4824/413/10
f 4822/402/10 4827/401/10 4825/414/10
f 4826/404/10 4824/413/10 4828/415/10
f 4827/401/10 4829/416/10 4825/414/10
f 4830/405/10 4826/404/10 4828/415/10
f 4827/401/10 4831/400/10 4829/416/10
f 4830/405/10 4828/415/10 4832/417/10
f 4831/400/10 4833/418/10 4829/416/10
f 4834/406/10 4830/405/10 4832/417/10
f 4831/400/10 4835/399/10 4833/418/10
f 4834/406/10 4832/417/10 4836/419/10
f 4835/399/10 4837/420/10 4833/418/10
f 4838/407/10 4834/406/10 4836/419/10
f 4835/399/10 4839/398/10 4837/420/10
f 4838/407/10 4836/419/10 4840/421/10
f 4839/398/10 4841/422/10 4837/420/10
f 4842/408/10 4838/407/10 4840/421/10
f 4839/398/10 4843/397/10 4841/422/10
f 4843/397/10 4844/423/10 4841/422/10
f 4843/397/10 4845/395/10 4844/423/10
f 4845/395/10 4846/424/10 4844/423/10
f 4845/395/10 4847/396/10 4846/424/10
f 4842/408/10 4840/421/10 4848/425/10
f 4849/426/10 4842/408/10 4848/425/10
f 4850/427/10 4849/426/10 4848/425/10
f 4849/426/10 4851/409/10 4842/408/10
f 4849/426/508 4852/410/508 4851/409/508
s 1
f 4853/413/3 4854/412/130 4855/428/130
f 4853/413/3 4855/428/130 4856/429/3
f 4854/412/130 4857/430/128 4855/428/130
f 4858/415/339 4853/413/3 4856/429/3
f 4854/412/130 4859/414/128 4857/430/128
f 4858/415/339 4856/429/3 4860/431/339
f 4859/414/128 4861/432/124 4857/430/128
f 4862/417/336 4858/415/339 4860/431/339
f 4859/414/128 4863/416/124 4861/432/124
f 4862/417/336 4860/431/339 4864/433/336
f 4863/416/124 4865/434/5 4861/432/124
f 4866/419/333 4862/417/336 4864/433/336
f 4863/416/124 4867/418/5 4865/434/5
f 4866/419/333 4864/433/336 4868/435/333
f 4867/418/5 4869/436/496 4865/434/5
f 4870/421/7 4866/419/333 4868/435/333
f 4867/418/5 4871/420/496 4869/436/496
f 4870/421/7 4868/435/333 4872/437/7
f 4871/420/496 4873/438/520 4869/436/496
f 4874/425/494 4870/421/7 4872/437/7
f 4871/420/496 4875/422/520 4873/438/520
f 4874/425/494 4872/437/7 4876/439/494
f 4877/427/522 4874/425/494 4876/439/494
f 4877/427/522 4876/439/494 4878/440/522
f 4875/422/520 4879/441/521 4873/438/520
f 4875/422/520 4880/423/521 4879/441/521
f 4880/423/521 4881/442/523 4879/441/521
f 4880/423/521 4882/424/523 4881/442/523
f 4883/296/506 4884/443/524 4885/444/524
f 4883/296/506 4885/444/524 4886/297/506
s 0
f 4887/444/8 4888/445/8 4889/328/8
f 4887/444/8 4889/328/8 4890/297/8
f 4891/44/10 4892/446/10 4893/447/10
f 4891/44/10 4893/447/10 4894/41/10
f 4895/359/8 4896/360/8 4897/448/8
f 4895/359/8 4897/448/8 4898/449/8
f 4898/449/8 4899/91/8 4895/359/8
f 4898/449/8 4900/450/8 4899/91/8
s 1
f 4901/447/525 4902/451/525 4903/378/510
f 4901/447/525 4903/378/510 4904/41/510
f 4905/378/543 4906/451/548 4907/452/549
f 4905/378/543 4907/452/549 4908/396/544
f 4909/446/528 4910/44/507 4911/91/507
f 4909/446/528 4911/91/507 4912/450/528
s 0
f 4913/453/10 4914/424/10 4915/396/10
f 4913/453/10 4915/396/10 4916/452/10
s 1
f 4917/454/529 4918/442/523 4919/424/523
f 4917/454/529 4919/424/523 4920/453/529
s 0
f 4921/377/10 4922/455/10 4923/443/10
f 4921/377/10 4923/443/10 4924/296/10
s 1
f 4925/362/550 4926/41/551 4927/456/552
f 4928/424/553 4926/41/551 4925/362/550
f 4928/424/553 4925/362/550 4929/422/554
f 4925/362/550 4927/456/552 4930/457/555
f 4930/457/555 4927/456/552 4931/458/556
f 4929/422/554 4925/362/550 4932/364/557
f 4932/364/557 4925/362/550 4930/457/555
f 4929/422/554 4932/364/557 4933/418/558
f 4930/457/555 4931/458/556 4934/459/559
f 4935/91/168 4934/459/559 4931/458/556
f 4935/91/168 4936/323/560 4934/459/559
f 4937/460/561 4930/457/555 4934/459/559
f 4932/364/557 4930/457/555 4937/460/561
f 4936/323/560 4938/461/562 4934/459/559
f 4937/460/561 4934/459/559 4938/461/562
f 4936/323/560 4939/319/563 4938/461/562
f 4940/366/564 4932/364/557 4937/460/561
f 4933/418/558 4932/364/557 4940/366/564
f 4933/418/558 4940/366/564 4941/414/565
f 4940/366/564 4937/460/561 4942/462/566
f 4942/462/566 4937/460/561 4938/461/562
f 4941/414/565 4940/366/564 4943/368/567
f 4943/368/567 4940/366/564 4942/462/566
f 4941/414/565 4943/368/567 4944/413/568
f 4939/319/563 4945/463/569 4938/461/562
f 4942/462/566 4938/461/562 4945/463/569
f 4939/319/563 4946/315/570 4945/463/569
f 4943/368/567 4942/462/566 4947/464/571
f 4947/464/571 4942/462/566 4945/463/569
f 4944/413/568 4943/368/567 4948/465/572
f 4948/465/572 4943/368/567 4947/464/571
f 4944/413/568 4948/465/572 4949/466/573
f 4946/315/570 4950/467/574 4945/463/569
f 4947/464/571 4945/463/569 4950/467/574
f 4946/315/570 4951/311/575 4950/467/574
f 4948/465/572 4947/464/571 4952/468/576
f 4952/468/576 4947/464/571 4950/467/574
f 4949/466/573 4948/465/572 4953/469/577
f 4953/469/577 4948/465/572 4952/468/576
f 4949/466/573 4953/469/577 4954/470/578
f 4951/311/575 4955/471/579 4950/467/574
f 4952/468/576 4950/467/574 4955/471/579
f 4951/311/575 4956/472/580 4955/471/579
f 4953/469/577 4952/468/576 4957/473/581
f 4957/473/581 4952/468/576 4955/471/579
f 4954/470/578 4953/469/577 4958/474/582
f 4958/474/582 4953/469/577 4957/473/581
f 4954/470/578 4958/474/582 4959/475/583
f 4956/472/580 4960/476/584 4955/471/579
f 4957/473/581 4955/471/579 4960/476/584
f 4956/472/580 4961/477/585 4960/476/584
f 4959/475/583 4958/474/582 4962/478/586
f 4959/475/583 4962/478/586 4963/479/587
f 4958/474/582 4957/473/581 4964/480/588
f 4962/478/586 4958/474/582 4964/480/588
f 4964/480/588 4957/473/581 4960/476/584
f 4962/478/586 4964/480/588 4965/481/589
f 4961/477/585 4966/482/590 4960/476/584
f 4964/480/588 4960/476/584 4966/482/590
f 4965/481/589 4964/480/588 4966/482/590
f 4961/477/585 4967/483/591 4966/482/590
f 4965/481/589 4966/482/590 4968/484/592
f 4967/483/591 4968/484/592 4966/482/590
f 4967/483/591 4969/485/593 4968/484/592
f 4970/430/594 4971/414/594 4972/413/595
f 4973/434/596 4971/414/594 4970/430/594
f 4970/430/594 4972/413/595 4974/429/595
f 4973/434/596 4975/418/596 4971/414/594
f 4974/429/595 4972/413/595 4976/466/597
f 4977/438/598 4975/418/596 4973/434/596
f 4974/429/595 4976/466/597 4978/486/599
f 4977/438/598 4979/422/598 4975/418/596
f 4980/442/600 4979/422/598 4977/438/598
f 4980/442/600 4981/424/600 4979/422/598
f 4978/486/599 4976/466/597 4982/470/601
f 4978/486/599 4982/470/601 4983/487/601
f 4983/487/601 4982/470/601 4984/475/602
f 4983/487/601 4984/475/602 4985/488/602
f 4985/488/602 4984/475/602 4986/479/171
f 4985/488/602 4986/479/171 4987/489/171
f 4988/41/603 4989/362/604 4990/457/605
f 4988/41/603 4991/422/606 4989/362/604
f 4988/41/603 4992/424/607 4991/422/606
f 4989/362/604 4991/422/606 4993/418/608
f 4988/41/603 4990/457/605 4994/456/609
f 4989/362/604 4993/418/608 4995/364/610
f 4995/364/610 4990/457/605 4989/362/604
f 4995/364/610 4993/418/608 4996/414/611
f 4994/456/609 4990/457/605 4997/459/612
f 4994/456/609 4997/459/612 4998/458/613
f 4999/91/171 4998/458/613 4997/459/612
f 4999/91/171 4997/459/612 5000/323/614
f 5000/323/614 4997/459/612 5001/461/615
f 4990/457/605 5001/461/615 4997/459/612
f 5000/323/614 5001/461/615 5002/319/616
f 4995/364/610 5003/460/617 4990/457/605
f 4990/457/605 5003/460/617 5001/461/615
f 5002/319/616 5001/461/615 5004/463/618
f 5003/460/617 5004/463/618 5001/461/615
f 5002/319/616 5004/463/618 5005/315/619
f 5006/311/620 5005/315/619 5004/463/618
f 5007/366/621 5003/460/617 4995/364/610
f 4995/364/610 4996/414/611 5007/366/621
f 5003/460/617 5008/462/622 5004/463/618
f 5007/366/621 5008/462/622 5003/460/617
f 5006/311/620 5004/463/618 5009/467/623
f 5008/462/622 5009/467/623 5004/463/618
f 5010/368/624 5007/366/621 4996/414/611
f 5010/368/624 5008/462/622 5007/366/621
f 5010/368/624 4996/414/611 5011/413/625
f 5010/368/624 5011/413/625 5012/466/626
f 5010/368/624 5013/464/627 5008/462/622
f 5008/462/622 5013/464/627 5009/467/623
f 5010/368/624 5012/466/626 5014/465/628
f 5014/465/628 5012/466/626 5015/470/629
f 5010/368/624 5016/468/630 5013/464/627
f 5010/368/624 5014/465/628 5016/468/630
f 5013/464/627 5017/471/631 5009/467/623
f 5006/311/620 5009/467/623 5017/471/631
f 5013/464/627 5016/468/630 5017/471/631
f 5006/311/620 5017/471/631 5018/472/632
f 5014/465/628 5015/470/629 5019/469/633
f 5019/469/633 5016/468/630 5014/465/628
f 5019/469/633 5015/470/629 5020/475/634
f 5018/472/632 5017/471/631 5021/476/635
f 5016/468/630 5021/476/635 5017/471/631
f 5018/472/632 5021/476/635 5022/477/636
f 5019/469/633 5023/473/637 5016/468/630
f 5016/468/630 5023/473/637 5021/476/635
f 5022/477/636 5021/476/635 5024/482/638
f 5023/473/637 5024/482/638 5021/476/635
f 5022/477/636 5024/482/638 5025/483/639
f 5026/485/600 5025/483/639 5024/482/638
f 5026/485/600 5024/482/638 5027/484/640
f 5028/480/641 5027/484/640 5024/482/638
f 5023/473/637 5028/480/641 5024/482/638
f 5028/480/641 5029/481/642 5027/484/640
f 5030/478/643 5029/481/642 5028/480/641
f 5031/474/644 5028/480/641 5023/473/637
f 5030/478/643 5028/480/641 5031/474/644
f 5031/474/644 5023/473/637 5019/469/633
f 5019/469/633 5020/475/634 5031/474/644
f 5030/478/643 5031/474/644 5020/475/634
f 5030/478/643 5020/475/634 5032/479/645
f 5033/413/646 5034/414/647 5035/430/647
f 5036/418/648 5035/430/647 5034/414/647
f 5033/413/646 5035/430/647 5037/429/646
f 5036/418/648 5038/434/648 5035/430/647
f 5033/413/646 5037/429/646 5039/486/649
f 5040/422/650 5038/434/648 5036/418/648
f 5033/413/646 5039/486/649 5041/466/649
f 5040/422/650 5042/438/650 5038/434/648
f 5043/424/593 5042/438/650 5040/422/650
f 5043/424/593 5044/442/593 5042/438/650
f 5041/466/649 5039/486/649 5045/487/651
f 5041/466/649 5045/487/651 5046/470/651
f 5046/470/651 5045/487/651 5047/488/652
f 5046/470/651 5047/488/652 5048/475/652
f 5049/479/168 5048/475/652 5047/488/652
f 5049/479/168 5047/488/652 5050/489/168
f 5051/362/550 5052/41/551 5053/456/552
f 5054/424/553 5052/41/551 5051/362/550
f 5054/424/553 5051/362/550 5055/422/554
f 5051/362/550 5053/456/552 5056/457/555
f 5056/457/555 5053/456/552 5057/458/556
f 5055/422/554 5051/362/550 5058/364/653
f 5058/364/653 5051/362/550 5056/457/555
f 5055/422/554 5058/364/653 5059/418/558
f 5056/457/555 5057/458/556 5060/459/559
f 5061/91/168 5060/459/559 5057/458/556
f 5061/91/168 5062/323/560 5060/459/559
f 5063/460/561 5056/457/555 5060/459/559
f 5058/364/653 5056/457/555 5063/460/561
f 5062/323/560 5064/461/562 5060/459/559
f 5063/460/561 5060/459/559 5064/461/562
f 5062/323/560 5065/319/563 5064/461/562
f 5066/366/564 5058/364/653 5063/460/561
f 5059/418/558 5058/364/653 5066/366/564
f 5059/418/558 5066/366/564 5067/414/565
f 5066/366/564 5063/460/561 5068/462/566
f 5068/462/566 5063/460/561 5064/461/562
f 5067/414/565 5066/366/564 5069/368/567
f 5069/368/567 5066/366/564 5068/462/566
f 5067/414/565 5069/368/567 5070/413/568
f 5065/319/563 5071/463/569 5064/461/562
f 5068/462/566 5064/461/562 5071/463/569
f 5065/319/563 5072/315/570 5071/463/569
f 5069/368/567 5068/462/566 5073/464/571
f 5073/464/571 5068/462/566 5071/463/569
f 5070/413/568 5069/368/567 5074/465/572
f 5074/465/572 5069/368/567 5073/464/571
f 5070/413/568 5074/465/572 5075/466/573
f 5072/315/570 5076/467/574 5071/463/569
f 5073/464/571 5071/463/569 5076/467/574
f 5072/315/570 5077/311/575 5076/467/574
f 5074/465/572 5073/464/571 5078/468/576
f 5078/468/576 5073/464/571 5076/467/574
f 5075/466/573 5074/465/572 5079/469/577
f 5079/469/577 5074/465/572 5078/468/576
f 5075/466/573 5079/469/577 5080/470/578
f 5077/311/575 5081/471/579 5076/467/574
f 5078/468/576 5076/467/574 5081/471/579
f 5077/311/575 5082/472/580 5081/471/579
f 5079/469/577 5078/468/576 5083/473/581
f 5083/473/581 5078/468/576 5081/471/579
f 5080/470/578 5079/469/577 5084/474/582
f 5084/474/582 5079/469/577 5083/473/581
f 5080/470/578 5084/474/582 5085/475/583
f 5082/472/580 5086/476/584 5081/471/579
f 5083/473/581 5081/471/579 5086/476/584
f 5082/472/580 5087/477/585 5086/476/584
f 5085/475/583 5084/474/582 5088/478/586
f 5085/475/583 5088/478/586 5089/479/587
f 5084/474/582 5083/473/581 5090/480/588
f 5088/478/586 5084/474/582 5090/480/588
f 5090/480/588 5083/473/581 5086/476/584
f 5088/478/586 5090/480/588 5091/481/589
f 5087/477/585 5092/482/590 5086/476/584
f 5090/480/588 5086/476/584 5092/482/590
f 5091/481/589 5090/480/588 5092/482/590
f 5087/477/585 5093/483/591 5092/482/590
f 5091/481/589 5092/482/590 5094/484/592
f 5093/483/591 5094/484/592 5092/482/590
f 5093/483/591 5095/485/593 5094/484/592
f 5096/430/594 5097/414/594 5098/413/595
f 5099/434/596 5097/414/594 5096/430/594
f 5096/430/594 5098/413/595 5100/429/595
f 5099/434/596 5101/418/596 5097/414/594
f 5100/429/595 5098/413/595 5102/466/597
f 5103/438/598 5101/418/596 5099/434/596
f 5100/429/595 5102/466/597 5104/486/599
f 5103/438/598 5105/422/598 5101/418/596
f 5106/442/600 5105/422/598 5103/438/598
f 5106/442/600 5107/424/654 5105/422/598
f 5104/486/599 5102/466/597 5108/470/601
f 5104/486/599 5108/470/601 5109/487/601
f 5109/487/601 5108/470/601 5110/475/602
f 5109/487/601 5110/475/602 5111/488/602
f 5111/488/602 5110/475/602 5112/479/171
f 5111/488/602 5112/479/171 5113/489/171
f 5114/41/655 5115/362/604 5116/457/605
f 5114/41/655 5117/422/606 5115/362/604
f 5114/41/655 5118/424/607 5117/422/606
f 5115/362/604 5117/422/606 5119/418/608
f 5114/41/655 5116/457/605 5120/456/609
f 5115/362/604 5119/418/608 5121/364/610
f 5121/364/610 5116/457/605 5115/362/604
f 5121/364/610 5119/418/608 5122/414/611
f 5120/456/609 5116/457/605 5123/459/612
f 5120/456/609 5123/459/612 5124/458/613
f 5125/91/171 5124/458/613 5123/459/612
f 5125/91/171 5123/459/612 5126/323/614
f 5126/323/614 5123/459/612 5127/461/615
f 5116/457/605 5127/461/615 5123/459/612
f 5126/323/614 5127/461/615 5128/319/616
f 5121/364/610 5129/460/617 5116/457/605
f 5116/457/605 5129/460/617 5127/461/615
f 5128/319/616 5127/461/615 5130/463/618
f 5129/460/617 5130/463/618 5127/461/615
f 5128/319/616 5130/463/618 5131/315/619
f 5132/311/620 5131/315/619 5130/463/618
f 5133/366/621 5129/460/617 5121/364/610
f 5121/364/610 5122/414/611 5133/366/621
f 5129/460/617 5134/462/622 5130/463/618
f 5133/366/621 5134/462/622 5129/460/617
f 5132/311/620 5130/463/618 5135/467/623
f 5134/462/622 5135/467/623 5130/463/618
f 5136/368/624 5133/366/621 5122/414/611
f 5136/368/624 5134/462/622 5133/366/621
f 5136/368/624 5122/414/611 5137/413/625
f 5136/368/624 5137/413/625 5138/466/626
f 5136/368/624 5139/464/627 5134/462/622
f 5134/462/622 5139/464/627 5135/467/623
f 5136/368/624 5138/466/626 5140/465/628
f 5140/465/628 5138/466/626 5141/470/629
f 5136/368/624 5142/468/630 5139/464/627
f 5136/368/624 5140/465/628 5142/468/630
f 5139/464/627 5143/471/631 5135/467/623
f 5132/311/620 5135/467/623 5143/471/631
f 5139/464/627 5142/468/630 5143/471/631
f 5132/311/620 5143/471/631 5144/472/632
f 5140/465/628 5141/470/629 5145/469/633
f 5145/469/633 5142/468/630 5140/465/628
f 5145/469/633 5141/470/629 5146/475/634
f 5144/472/632 5143/471/631 5147/476/635
f 5142/468/630 5147/476/635 5143/471/631
f 5144/472/632 5147/476/635 5148/477/636
f 5145/469/633 5149/473/637 5142/468/630
f 5142/468/630 5149/473/637 5147/476/635
f 5148/477/636 5147/476/635 5150/482/638
f 5149/473/637 5150/482/638 5147/476/635
f 5148/477/636 5150/482/638 5151/483/639
f 5152/485/600 5151/483/639 5150/482/638
f 5152/485/600 5150/482/638 5153/484/640
f 5154/480/641 5153/484/640 5150/482/638
f 5149/473/637 5154/480/641 5150/482/638
f 5154/480/641 5155/481/656 5153/484/640
f 5156/478/643 5155/481/656 5154/480/641
f 5157/474/644 5154/480/641 5149/473/637
f 5156/478/643 5154/480/641 5157/474/644
f 5157/474/644 5149/473/637 5145/469/633
f 5145/469/633 5146/475/634 5157/474/644
f 5156/478/643 5157/474/644 5146/475/634
f 5156/478/643 5146/475/634 5158/479/645
f 5159/413/646 5160/414/647 5161/430/647
f 5162/418/648 5161/430/647 5160/414/647
f 5159/413/646 5161/430/647 5163/429/646
f 5162/418/648 5164/434/648 5161/430/647
f 5159/413/646 5163/429/646 5165/486/649
f 5166/422/650 5164/434/648 5162/418/648
f 5159/413/646 5165/486/649 5167/466/657
f 5166/422/650 5168/438/650 5164/434/648
f 5169/424/593 5168/438/650 5166/422/650
f 5169/424/593 5170/442/593 5168/438/650
f 5167/466/657 5165/486/649 5171/487/651
f 5167/466/657 5171/487/651 5172/470/651
f 5172/470/651 5171/487/651 5173/488/652
f 5172/470/651 5173/488/652 5174/475/652
f 5175/479/168 5174/475/652 5173/488/652
f 5175/479/168 5173/488/652 5176/489/168
f 5177/362/550 5178/41/551 5179/456/552
f 5180/424/553 5178/41/551 5177/362/550
f 5180/424/553 5177/362/550 5181/422/554
f 5177/362/550 5179/456/552 5182/457/555
f 5182/457/555 5179/456/552 5183/458/556
f 5181/422/554 5177/362/550 5184/364/557
f 5184/364/557 5177/362/550 5182/457/555
f 5181/422/554 5184/364/557 5185/418/558
f 5182/457/555 5183/458/556 5186/459/559
f 5187/91/168 5186/459/559 5183/458/556
f 5187/91/168 5188/323/560 5186/459/559
f 5189/460/561 5182/457/555 5186/459/559
f 5184/364/557 5182/457/555 5189/460/561
f 5188/323/560 5190/461/562 5186/459/559
f 5189/460/561 5186/459/559 5190/461/562
f 5188/323/560 5191/319/658 5190/461/562
f 5192/366/564 5184/364/557 5189/460/561
f 5185/418/558 5184/364/557 5192/366/564
f 5185/418/558 5192/366/564 5193/414/565
f 5192/366/564 5189/460/561 5194/462/566
f 5194/462/566 5189/460/561 5190/461/562
f 5193/414/565 5192/366/564 5195/368/567
f 5195/368/567 5192/366/564 5194/462/566
f 5193/414/565 5195/368/567 5196/413/659
f 5191/319/658 5197/463/569 5190/461/562
f 5194/462/566 5190/461/562 5197/463/569
f 5191/319/658 5198/315/570 5197/463/569
f 5195/368/567 5194/462/566 5199/464/571
f 5199/464/571 5194/462/566 5197/463/569
f 5196/413/659 5195/368/567 5200/465/572
f 5200/465/572 5195/368/567 5199/464/571
f 5196/413/659 5200/465/572 5201/466/573
f 5198/315/570 5202/467/574 5197/463/569
f 5199/464/571 5197/463/569 5202/467/574
f 5198/315/570 5203/311/575 5202/467/574
f 5200/465/572 5199/464/571 5204/468/576
f 5204/468/576 5199/464/571 5202/467/574
f 5201/466/573 5200/465/572 5205/469/577
f 5205/469/577 5200/465/572 5204/468/576
f 5201/466/573 5205/469/577 5206/470/578
f 5203/311/575 5207/471/579 5202/467/574
f 5204/468/576 5202/467/574 5207/471/579
f 5203/311/575 5208/472/580 5207/471/579
f 5205/469/577 5204/468/576 5209/473/581
f 5209/473/581 5204/468/576 5207/471/579
f 5206/470/578 5205/469/577 5210/474/582
f 5210/474/582 5205/469/577 5209/473/581
f 5206/470/578 5210/474/582 5211/475/583
f 5208/472/580 5212/476/584 5207/471/579
f 5209/473/581 5207/471/579 5212/476/584
f 5208/472/580 5213/477/585 5212/476/584
f 5211/475/583 5210/474/582 5214/478/660
f 5211/475/583 5214/478/660 5215/479/587
f 5210/474/582 5209/473/581 5216/480/661
f 5214/478/660 5210/474/582 5216/480/661
f 5216/480/661 5209/473/581 5212/476/584
f 5214/478/660 5216/480/661 5217/481/656
f 5213/477/585 5218/482/590 5212/476/584
f 5216/480/661 5212/476/584 5218/482/590
f 5217/481/656 5216/480/661 5218/482/590
f 5213/477/585 5219/483/591 5218/482/590
f 5217/481/656 5218/482/590 5220/484/592
f 5219/483/591 5220/484/592 5218/482/590
f 5219/483/591 5221/485/593 5220/484/592
f 5222/430/594 5223/414/594 5224/413/595
f 5225/434/596 5223/414/594 5222/430/594
f 5222/430/594 5224/413/595 5226/429/595
f 5225/434/596 5227/418/596 5223/414/594
f 5226/429/595 5224/413/595 5228/466/597
f 5229/438/598 5227/418/596 5225/434/596
f 5226/429/595 5228/466/597 5230/486/599
f 5229/438/598 5231/422/598 5227/418/596
f 5232/442/600 5231/422/598 5229/438/598
f 5232/442/600 5233/424/600 5231/422/598
f 5230/486/599 5228/466/597 5234/470/601
f 5230/486/599 5234/470/601 5235/487/601
f 5235/487/601 5234/470/601 5236/475/602
f 5235/487/601 5236/475/602 5237/488/602
f 5237/488/602 5236/475/602 5238/479/171
f 5237/488/602 5238/479/171 5239/489/171
f 5240/41/603 5241/362/604 5242/457/605
f 5240/41/603 5243/422/606 5241/362/604
f 5240/41/603 5244/424/607 5243/422/606
f 5241/362/604 5243/422/606 5245/418/608
f 5240/41/603 5242/457/605 5246/456/609
f 5241/362/604 5245/418/608 5247/364/610
f 5247/364/610 5242/457/605 5241/362/604
f 5247/364/610 5245/418/608 5248/414/611
f 5246/456/609 5242/457/605 5249/459/612
f 5246/456/609 5249/459/612 5250/458/613
f 5251/91/171 5250/458/613 5249/459/612
f 5251/91/171 5249/459/612 5252/323/614
f 5252/323/614 5249/459/612 5253/461/615
f 5242/457/605 5253/461/615 5249/459/612
f 5252/323/614 5253/461/615 5254/319/616
f 5247/364/610 5255/460/617 5242/457/605
f 5242/457/605 5255/460/617 5253/461/615
f 5254/319/616 5253/461/615 5256/463/618
f 5255/460/617 5256/463/618 5253/461/615
f 5254/319/616 5256/463/618 5257/315/619
f 5258/311/620 5257/315/619 5256/463/618
f 5259/366/621 5255/460/617 5247/364/610
f 5247/364/610 5248/414/611 5259/366/621
f 5255/460/617 5260/462/622 5256/463/618
f 5259/366/621 5260/462/622 5255/460/617
f 5258/311/620 5256/463/618 5261/467/623
f 5260/462/622 5261/467/623 5256/463/618
f 5262/368/624 5259/366/621 5248/414/611
f 5262/368/624 5260/462/622 5259/366/621
f 5262/368/624 5248/414/611 5263/413/625
f 5262/368/624 5263/413/625 5264/466/626
f 5262/368/624 5265/464/627 5260/462/622
f 5260/462/622 5265/464/627 5261/467/623
f 5262/368/624 5264/466/626 5266/465/628
f 5266/465/628 5264/466/626 5267/470/629
f 5262/368/624 5268/468/630 5265/464/627
f 5262/368/624 5266/465/628 5268/468/630
f 5265/464/627 5269/471/631 5261/467/623
f 5258/311/620 5261/467/623 5269/471/631
f 5265/464/627 5268/468/630 5269/471/631
f 5258/311/620 5269/471/631 5270/472/632
f 5266/465/628 5267/470/629 5271/469/633
f 5271/469/633 5268/468/630 5266/465/628
f 5271/469/633 5267/470/629 5272/475/634
f 5270/472/632 5269/471/631 5273/476/635
f 5268/468/630 5273/476/635 5269/471/631
f 5270/472/632 5273/476/635 5274/477/636
f 5271/469/633 5275/473/637 5268/468/630
f 5268/468/630 5275/473/637 5273/476/635
f 5274/477/636 5273/476/635 5276/482/638
f 5275/473/637 5276/482/638 5273/476/635
f 5274/477/636 5276/482/638 5277/483/639
f 5278/485/600 5277/483/639 5276/482/638
f 5278/485/600 5276/482/638 5279/484/640
f 5280/480/641 5279/484/640 5276/482/638
f 5275/473/637 5280/480/641 5276/482/638
f 5280/480/641 5281/481/656 5279/484/640
f 5282/478/643 5281/481/656 5280/480/641
f 5283/474/644 5280/480/641 5275/473/637
f 5282/478/643 5280/480/641 5283/474/644
f 5283/474/644 5275/473/637 5271/469/633
f 5271/469/633 5272/475/634 5283/474/644
f 5282/478/643 5283/474/644 5272/475/634
f 5282/478/643 5272/475/634 5284/479/645
f 5285/413/646 5286/414/647 5287/430/647
f 5288/418/648 5287/430/647 5286/414/647
f 5285/413/646 5287/430/647 5289/429/646
f 5288/418/648 5290/434/648 5287/430/647
f 5285/413/646 5289/429/646 5291/486/649
f 5292/422/650 5290/434/648 5288/418/648
f 5285/413/646 5291/486/649 5293/466/657
f 5292/422/650 5294/438/650 5290/434/648
f 5295/424/593 5294/438/650 5292/422/650
f 5295/424/593 5296/442/593 5294/438/650
f 5293/466/657 5291/486/649 5297/487/651
f 5293/466/657 5297/487/651 5298/470/651
f 5298/470/651 5297/487/651 5299/488/652
f 5298/470/651 5299/488/652 5300/475/652
f 5301/479/168 5300/475/652 5299/488/652
f 5301/479/168 5299/488/652 5302/489/168
f 5303/362/550 5304/41/551 5305/456/552
f 5306/424/553 5304/41/551 5303/362/550
f 5306/424/553 5303/362/550 5307/422/554
f 5303/362/550 5305/456/552 5308/457/555
f 5308/457/555 5305/456/552 5309/458/556
f 5307/422/554 5303/362/550 5310/364/557
f 5310/364/557 5303/362/550 5308/457/555
f 5307/422/554 5310/364/557 5311/418/558
f 5308/457/555 5309/458/556 5312/459/559
f 5313/91/168 5312/459/559 5309/458/556
f 5313/91/168 5314/323/560 5312/459/559
f 5315/460/561 5308/457/555 5312/459/559
f 5310/364/557 5308/457/555 5315/460/561
f 5314/323/560 5316/461/562 5312/459/559
f 5315/460/561 5312/459/559 5316/461/562
f 5314/323/560 5317/319/563 5316/461/562
f 5318/366/564 5310/364/557 5315/460/561
f 5311/418/558 5310/364/557 5318/366/564
f 5311/418/558 5318/366/564 5319/414/565
f 5318/366/564 5315/460/561 5320/462/566
f 5320/462/566 5315/460/561 5316/461/562
f 5319/414/565 5318/366/564 5321/368/567
f 5321/368/567 5318/366/564 5320/462/566
f 5319/414/565 5321/368/567 5322/413/568
f 5317/319/563 5323/463/569 5316/461/562
f 5320/462/566 5316/461/562 5323/463/569
f 5317/319/563 5324/315/570 5323/463/569
f 5321/368/567 5320/462/566 5325/464/571
f 5325/464/571 5320/462/566 5323/463/569
f 5322/413/568 5321/368/567 5326/465/572
f 5326/465/572 5321/368/567 5325/464/571
f 5322/413/568 5326/465/572 5327/466/573
f 5324/315/570 5328/467/574 5323/463/569
f 5325/464/571 5323/463/569 5328/467/574
f 5324/315/570 5329/311/575 5328/467/574
f 5326/465/572 5325/464/571 5330/468/576
f 5330/468/576 5325/464/571 5328/467/574
f 5327/466/573 5326/465/572 5331/469/577
f 5331/469/577 5326/465/572 5330/468/576
f 5327/466/573 5331/469/577 5332/470/578
f 5329/311/575 5333/471/579 5328/467/574
f 5330/468/576 5328/467/574 5333/471/579
f 5329/311/575 5334/472/580 5333/471/579
f 5331/469/577 5330/468/576 5335/473/581
f 5335/473/581 5330/468/576 5333/471/579
f 5332/470/578 5331/469/577 5336/474/582
f 5336/474/582 5331/469/577 5335/473/581
f 5332/470/578 5336/474/582 5337/475/583
f 5334/472/580 5338/476/584 5333/471/579
f 5335/473/581 5333/471/579 5338/476/584
f 5334/472/580 5339/477/585 5338/476/584
f 5337/475/583 5336/474/582 5340/478/660
f 5337/475/583 5340/478/660 5341/479/587
f 5336/474/582 5335/473/581 5342/480/588
f 5340/478/660 5336/474/582 5342/480/588
f 5342/480/588 5335/473/581 5338/476/584
f 5340/478/660 5342/480/588 5343/481/589
f 5339/477/585 5344/482/590 5338/476/584
f 5342/480/588 5338/476/584 5344/482/590
f 5343/481/589 5342/480/588 5344/482/590
f 5339/477/585 5345/483/591 5344/482/590
f 5343/481/589 5344/482/590 5346/484/592
f 5345/483/591 5346/484/592 5344/482/590
f 5345/483/591 5347/485/593 5346/484/592
f 5348/430/594 5349/414/594 5350/413/595
f 5351/434/596 5349/414/594 5348/430/594
f 5348/430/594 5350/413/595 5352/429/595
f 5351/434/596 5353/418/596 5349/414/594
f 5352/429/595 5350/413/595 5354/466/597
f 5355/438/598 5353/418/596 5351/434/596
f 5352/429/595 5354/466/597 5356/486/599
f 5355/438/598 5357/422/598 5353/418/596
f 5358/442/600 5357/422/598 5355/438/598
f 5358/442/600 5359/424/600 5357/422/598
f 5356/486/599 5354/466/597 5360/470/601
f 5356/486/599 5360/470/601 5361/487/601
f 5361/487/601 5360/470/601 5362/475/602
f 5361/487/601 5362/475/602 5363/488/602
f 5363/488/602 5362/475/602 5364/479/171
f 5363/488/602 5364/479/171 5365/489/171
f 5366/41/603 5367/362/604 5368/457/605
f 5366/41/603 5369/422/606 5367/362/604
f 5366/41/603 5370/424/607 5369/422/606
f 5367/362/604 5369/422/606 5371/418/608
f 5366/41/603 5368/457/605 5372/456/609
f 5367/362/604 5371/418/608 5373/364/662
f 5373/364/662 5368/457/605 5367/362/604
f 5373/364/662 5371/418/608 5374/414/611
f 5372/456/609 5368/457/605 5375/459/612
f 5372/456/609 5375/459/612 5376/458/613
f 5377/91/171 5376/458/613 5375/459/612
f 5377/91/171 5375/459/612 5378/323/614
f 5378/323/614 5375/459/612 5379/461/615
f 5368/457/605 5379/461/615 5375/459/612
f 5378/323/614 5379/461/615 5380/319/616
f 5373/364/662 5381/460/617 5368/457/605
f 5368/457/605 5381/460/617 5379/461/615
f 5380/319/616 5379/461/615 5382/463/618
f 5381/460/617 5382/463/618 5379/461/615
f 5380/319/616 5382/463/618 5383/315/619
f 5384/311/620 5383/315/619 5382/463/618
f 5385/366/621 5381/460/617 5373/364/662
f 5373/364/662 5374/414/611 5385/366/621
f 5381/460/617 5386/462/622 5382/463/618
f 5385/366/621 5386/462/622 5381/460/617
f 5384/311/620 5382/463/618 5387/467/623
f 5386/462/622 5387/467/623 5382/463/618
f 5388/368/624 5385/366/621 5374/414/611
f 5388/368/624 5386/462/622 5385/366/621
f 5388/368/624 5374/414/611 5389/413/663
f 5388/368/624 5389/413/663 5390/466/626
f 5388/368/624 5391/464/627 5386/462/622
f 5386/462/622 5391/464/627 5387/467/623
f 5388/368/624 5390/466/626 5392/465/628
f 5392/465/628 5390/466/626 5393/470/629
f 5388/368/624 5394/468/630 5391/464/627
f 5388/368/624 5392/465/628 5394/468/630
f 5391/464/627 5395/471/631 5387/467/623
f 5384/311/620 5387/467/623 5395/471/631
f 5391/464/627 5394/468/630 5395/471/631
f 5384/311/620 5395/471/631 5396/472/632
f 5392/465/628 5393/470/629 5397/469/633
f 5397/469/633 5394/468/630 5392/465/628
f 5397/469/633 5393/470/629 5398/475/634
f 5396/472/632 5395/471/631 5399/476/635
f 5394/468/630 5399/476/635 5395/471/631
f 5396/472/632 5399/476/635 5400/477/636
f 5397/469/633 5401/473/637 5394/468/630
f 5394/468/630 5401/473/637 5399/476/635
f 5400/477/636 5399/476/635 5402/482/638
f 5401/473/637 5402/482/638 5399/476/635
f 5400/477/636 5402/482/638 5403/483/639
f 5404/485/600 5403/483/639 5402/482/638
f 5404/485/600 5402/482/638 5405/484/640
f 5406/480/641 5405/484/640 5402/482/638
f 5401/473/637 5406/480/641 5402/482/638
f 5406/480/641 5407/481/642 5405/484/640
f 5408/478/643 5407/481/642 5406/480/641
f 5409/474/644 5406/480/641 5401/473/637
f 5408/478/643 5406/480/641 5409/474/644
f 5409/474/644 5401/473/637 5397/469/633
f 5397/469/633 5398/475/634 5409/474/644
f 5408/478/643 5409/474/644 5398/475/634
f 5408/478/643 5398/475/634 5410/479/645
f 5411/413/646 5412/414/647 5413/430/647
f 5414/418/648 5413/430/647 5412/414/647
f 5411/413/646 5413/430/647 5415/429/646
f 5414/418/648 5416/434/648 5413/430/647
f 5411/413/646 5415/429/646 5417/486/649
f 5418/422/650 5416/434/648 5414/418/648
f 5411/413/646 5417/486/649 5419/466/657
f 5418/422/650 5420/438/650 5416/434/648
f 5421/424/593 5420/438/650 5418/422/650
f 5421/424/593 5422/442/593 5420/438/650
f 5419/466/657 5417/486/649 5423/487/651
f 5419/466/657 5423/487/651 5424/470/651
f 5424/470/651 5423/487/651 5425/488/652
f 5424/470/651 5425/488/652 5426/475/652
f 5427/479/168 5426/475/652 5425/488/652
f 5427/479/168 5425/488/652 5428/489/168
f 5429/456/664 5430/41/665 5431/362/666
f 5431/362/666 5430/41/665 5432/424/667
f 5431/362/666 5432/424/667 5433/422/668
f 5429/456/664 5431/362/666 5434/457/669
f 5435/458/670 5429/456/664 5434/457/669
f 5436/364/671 5431/362/666 5433/422/668
f 5434/457/669 5431/362/666 5436/364/671
f 5436/364/671 5433/422/668 5437/418/672
f 5435/458/670 5434/457/669 5438/459/673
f 5438/459/673 5439/91/497 5435/458/670
f 5438/459/673 5440/323/674 5439/91/497
f 5438/459/673 5434/457/669 5441/460/675
f 5434/457/669 5436/364/671 5441/460/675
f 5442/461/676 5440/323/674 5438/459/673
f 5438/459/673 5441/460/675 5442/461/676
f 5442/461/676 5443/319/677 5440/323/674
f 5444/366/678 5436/364/671 5437/418/672
f 5441/460/675 5436/364/671 5444/366/678
f 5444/366/678 5437/418/672 5445/414/679
f 5442/461/676 5441/460/675 5446/462/680
f 5441/460/675 5444/366/678 5446/462/680
f 5447/463/681 5443/319/677 5442/461/676
f 5442/461/676 5446/462/680 5447/463/681
f 5447/463/681 5448/315/682 5443/319/677
f 5449/368/683 5444/366/678 5445/414/679
f 5446/462/680 5444/366/678 5449/368/683
f 5449/368/683 5445/414/679 5450/413/684
f 5447/463/681 5446/462/680 5451/464/685
f 5446/462/680 5449/368/683 5451/464/685
f 5452/467/686 5448/315/682 5447/463/681
f 5447/463/681 5451/464/685 5452/467/686
f 5452/467/686 5453/311/687 5448/315/682
f 5454/465/688 5449/368/683 5450/413/684
f 5451/464/685 5449/368/683 5454/465/688
f 5454/465/688 5450/413/684 5455/466/689
f 5452/467/686 5451/464/685 5456/468/690
f 5451/464/685 5454/465/688 5456/468/690
f 5457/471/691 5453/311/687 5452/467/686
f 5452/467/686 5456/468/690 5457/471/691
f 5457/471/691 5458/472/692 5453/311/687
f 5459/469/693 5454/465/688 5455/466/689
f 5456/468/690 5454/465/688 5459/469/693
f 5459/469/693 5455/466/689 5460/470/694
f 5457/471/691 5456/468/690 5461/473/695
f 5456/468/690 5459/469/693 5461/473/695
f 5462/476/696 5458/472/692 5457/471/691
f 5457/471/691 5461/473/695 5462/476/696
f 5462/476/696 5463/477/697 5458/472/692
f 5464/474/698 5459/469/693 5460/470/694
f 5461/473/695 5459/469/693 5464/474/698
f 5464/474/698 5460/470/694 5465/475/699
f 5466/478/700 5464/474/698 5465/475/699
f 5466/478/700 5465/475/699 5467/479/701
f 5461/473/695 5464/474/698 5468/480/702
f 5468/480/702 5464/474/698 5466/478/700
f 5462/476/696 5461/473/695 5468/480/702
f 5468/480/702 5466/478/700 5469/481/703
f 5462/476/696 5468/480/702 5470/482/704
f 5470/482/704 5468/480/702 5469/481/703
f 5470/482/704 5463/477/697 5462/476/696
f 5470/482/704 5469/481/703 5471/484/705
f 5470/482/704 5472/483/706 5463/477/697
f 5471/484/705 5472/483/706 5470/482/704
f 5471/484/705 5473/485/481 5472/483/706
f 5474/413/707 5475/414/708 5476/430/708
f 5474/413/707 5476/430/708 5477/429/707
f 5475/414/708 5478/434/709 5476/430/708
f 5479/466/710 5474/413/707 5477/429/707
f 5475/414/708 5480/418/709 5478/434/709
f 5479/466/710 5477/429/707 5481/486/710
f 5480/418/709 5482/438/711 5478/434/709
f 5483/470/712 5479/466/710 5481/486/710
f 5480/418/709 5484/422/711 5482/438/711
f 5484/422/711 5485/442/512 5482/438/711
f 5484/422/711 5486/424/512 5485/442/512
f 5483/470/712 5481/486/710 5487/487/712
f 5488/475/713 5483/470/712 5487/487/712
f 5488/475/713 5487/487/712 5489/488/713
f 5490/479/714 5488/475/713 5489/488/713
f 5490/479/714 5489/488/713 5491/489/522
f 5492/457/715 5493/362/716 5494/41/717
f 5495/422/718 5494/41/717 5493/362/716
f 5495/422/718 5496/424/719 5494/41/717
f 5497/418/720 5495/422/718 5493/362/716
f 5492/457/715 5494/41/717 5498/456/721
f 5497/418/720 5493/362/716 5499/364/722
f 5492/457/715 5499/364/722 5493/362/716
f 5500/414/723 5497/418/720 5499/364/722
f 5501/459/724 5492/457/715 5498/456/721
f 5501/459/724 5498/456/721 5502/458/725
f 5501/459/724 5502/458/725 5503/91/522
f 5501/459/724 5503/91/522 5504/323/726
f 5505/461/727 5501/459/724 5504/323/726
f 5505/461/727 5492/457/715 5501/459/724
f 5505/461/727 5504/323/726 5506/319/728
f 5505/461/727 5507/460/729 5492/457/715
f 5492/457/715 5507/460/729 5499/364/722
f 5508/463/730 5505/461/727 5506/319/728
f 5508/463/730 5507/460/729 5505/461/727
f 5508/463/730 5506/319/728 5509/315/731
f 5508/463/730 5509/315/731 5510/311/732
f 5507/460/729 5511/366/733 5499/364/722
f 5500/414/723 5499/364/722 5511/366/733
f 5508/463/730 5512/462/734 5507/460/729
f 5507/460/729 5512/462/734 5511/366/733
f 5500/414/723 5511/366/733 5513/368/735
f 5512/462/734 5513/368/735 5511/366/733
f 5500/414/723 5513/368/735 5514/413/736
f 5515/466/737 5514/413/736 5513/368/735
f 5516/467/738 5512/462/734 5508/463/730
f 5508/463/730 5510/311/732 5516/467/738
f 5512/462/734 5517/464/739 5513/368/735
f 5516/467/738 5517/464/739 5512/462/734
f 5515/466/737 5513/368/735 5518/465/740
f 5519/470/741 5515/466/737 5518/465/740
f 5520/468/742 5513/368/735 5517/464/739
f 5520/468/742 5518/465/740 5513/368/735
f 5521/471/743 5517/464/739 5516/467/738
f 5521/471/743 5516/467/738 5510/311/732
f 5521/471/743 5520/468/742 5517/464/739
f 5521/471/743 5510/311/732 5522/472/744
f 5519/470/741 5518/465/740 5523/469/745
f 5520/468/742 5523/469/745 5518/465/740
f 5524/475/746 5519/470/741 5523/469/745
f 5525/476/747 5521/471/743 5522/472/744
f 5525/476/747 5520/468/742 5521/471/743
f 5525/476/747 5522/472/744 5526/477/748
f 5520/468/742 5527/473/749 5523/469/745
f 5525/476/747 5527/473/749 5520/468/742
f 5528/482/750 5525/476/747 5526/477/748
f 5528/482/750 5527/473/749 5525/476/747
f 5528/482/750 5526/477/748 5529/483/751
f 5528/482/750 5529/483/751 5530/485/512
f 5528/482/750 5530/485/512 5531/484/752
f 5531/484/752 5532/480/753 5528/482/750
f 5528/482/750 5532/480/753 5527/473/749
f 5531/484/752 5533/481/754 5532/480/753
f 5532/480/753 5533/481/754 5534/478/755
f 5524/475/746 5534/478/755 5535/479/756
f 5527/473/749 5532/480/753 5536/474/757
f 5532/480/753 5534/478/755 5536/474/757
f 5524/475/746 5536/474/757 5534/478/755
f 5527/473/749 5536/474/757 5523/469/745
f 5524/475/746 5523/469/745 5536/474/757
f 5537/430/758 5538/414/758 5539/413/759
f 5537/430/758 5540/418/760 5538/414/758
f 5537/430/758 5539/413/759 5541/429/759
f 5537/430/758 5542/434/760 5540/418/760
f 5543/486/761 5541/429/759 5539/413/759
f 5542/434/760 5544/422/762 5540/418/760
f 5543/486/761 5539/413/759 5545/466/761
f 5542/434/760 5546/438/762 5544/422/762
f 5546/438/762 5547/424/481 5544/422/762
f 5546/438/762 5548/442/481 5547/424/481
f 5549/487/763 5543/486/761 5545/466/761
f 5549/487/763 5545/466/761 5550/470/763
f 5551/488/764 5549/487/763 5550/470/763
f 5551/488/764 5550/470/763 5552/475/764
f 5551/488/764 5552/475/764 5553/479/497
f 5551/488/764 5553/479/497 5554/489/497
f 5555/456/765 5556/41/766 5557/362/767
f 5557/362/767 5556/41/766 5558/424/768
f 5557/362/767 5558/424/768 5559/422/769
f 5555/456/765 5557/362/767 5560/457/770
f 5561/458/771 5555/456/765 5560/457/770
f 5562/364/772 5557/362/767 5559/422/769
f 5560/457/770 5557/362/767 5562/364/772
f 5562/364/772 5559/422/769 5563/418/773
f 5561/458/771 5560/457/770 5564/459/774
f 5564/459/774 5565/91/168 5561/458/771
f 5564/459/774 5566/323/560 5565/91/168
f 5564/459/774 5560/457/770 5567/460/775
f 5560/457/770 5562/364/772 5567/460/775
f 5568/461/776 5566/323/560 5564/459/774
f 5564/459/774 5567/460/775 5568/461/776
f 5568/461/776 5569/319/658 5566/323/560
f 5570/366/777 5562/364/772 5563/418/773
f 5567/460/775 5562/364/772 5570/366/777
f 5570/366/777 5563/418/773 5571/414/778
f 5568/461/776 5567/460/775 5572/462/779
f 5567/460/775 5570/366/777 5572/462/779
f 5573/463/780 5569/319/658 5568/461/776
f 5568/461/776 5572/462/779 5573/463/780
f 5573/463/780 5574/315/570 5569/319/658
f 5575/368/781 5570/366/777 5571/414/778
f 5572/462/779 5570/366/777 5575/368/781
f 5575/368/781 5571/414/778 5576/413/782
f 5573/463/780 5572/462/779 5577/464/783
f 5572/462/779 5575/368/781 5577/464/783
f 5578/467/784 5574/315/570 5573/463/780
f 5573/463/780 5577/464/783 5578/467/784
f 5578/467/784 5579/311/575 5574/315/570
f 5580/465/785 5575/368/781 5576/413/782
f 5577/464/783 5575/368/781 5580/465/785
f 5580/465/785 5576/413/782 5581/466/786
f 5578/467/784 5577/464/783 5582/468/787
f 5577/464/783 5580/465/785 5582/468/787
f 5583/471/788 5579/311/575 5578/467/784
f 5578/467/784 5582/468/787 5583/471/788
f 5583/471/788 5584/472/580 5579/311/575
f 5585/469/789 5580/465/785 5581/466/786
f 5582/468/787 5580/465/785 5585/469/789
f 5585/469/789 5581/466/786 5586/470/790
f 5583/471/788 5582/468/787 5587/473/791
f 5582/468/787 5585/469/789 5587/473/791
f 5588/476/792 5584/472/580 5583/471/788
f 5583/471/788 5587/473/791 5588/476/792
f 5588/476/792 5589/477/585 5584/472/580
f 5590/474/793 5585/469/789 5586/470/790
f 5587/473/791 5585/469/789 5590/474/793
f 5590/474/793 5586/470/790 5591/475/794
f 5592/478/795 5590/474/793 5591/475/794
f 5592/478/795 5591/475/794 5593/479/796
f 5587/473/791 5590/474/793 5594/480/797
f 5594/480/797 5590/474/793 5592/478/795
f 5588/476/792 5587/473/791 5594/480/797
f 5594/480/797 5592/478/795 5595/481/798
f 5588/476/792 5594/480/797 5596/482/799
f 5596/482/799 5594/480/797 5595/481/798
f 5596/482/799 5589/477/585 5588/476/792
f 5596/482/799 5595/481/798 5597/484/800
f 5596/482/799 5598/483/591 5589/477/585
f 5597/484/800 5598/483/591 5596/482/799
f 5597/484/800 5599/485/593 5598/483/591
f 5600/413/595 5601/414/594 5602/430/594
f 5600/413/595 5602/430/594 5603/429/595
f 5601/414/594 5604/434/596 5602/430/594
f 5605/466/597 5600/413/595 5603/429/595
f 5601/414/594 5606/418/596 5604/434/596
f 5605/466/597 5603/429/595 5607/486/599
f 5606/418/596 5608/438/598 5604/434/596
f 5609/470/601 5605/466/597 5607/486/599
f 5606/418/596 5610/422/598 5608/438/598
f 5610/422/598 5611/442/600 5608/438/598
f 5610/422/598 5612/424/600 5611/442/600
f 5609/470/601 5607/486/599 5613/487/601
f 5614/475/602 5609/470/601 5613/487/601
f 5614/475/602 5613/487/601 5615/488/602
f 5616/479/171 5614/475/602 5615/488/602
f 5616/479/171 5615/488/602 5617/489/171
f 5618/457/801 5619/362/802 5620/41/803
f 5621/422/804 5620/41/803 5619/362/802
f 5621/422/804 5622/424/805 5620/41/803
f 5623/418/806 5621/422/804 5619/362/802
f 5618/457/801 5620/41/803 5624/456/807
f 5623/418/806 5619/362/802 5625/364/808
f 5618/457/801 5625/364/808 5619/362/802
f 5626/414/809 5623/418/806 5625/364/808
f 5627/459/810 5618/457/801 5624/456/807
f 5627/459/810 5624/456/807 5628/458/811
f 5627/459/810 5628/458/811 5629/91/171
f 5627/459/810 5629/91/171 5630/323/614
f 5631/461/812 5627/459/810 5630/323/614
f 5631/461/812 5618/457/801 5627/459/810
f 5631/461/812 5630/323/614 5632/319/616
f 5631/461/812 5633/460/813 5618/457/801
f 5618/457/801 5633/460/813 5625/364/808
f 5634/463/814 5631/461/812 5632/319/616
f 5634/463/814 5633/460/813 5631/461/812
f 5634/463/814 5632/319/616 5635/315/619
f 5634/463/814 5635/315/619 5636/311/620
f 5633/460/813 5637/366/815 5625/364/808
f 5626/414/809 5625/364/808 5637/366/815
f 5634/463/814 5638/462/816 5633/460/813
f 5633/460/813 5638/462/816 5637/366/815
f 5626/414/809 5637/366/815 5639/368/817
f 5638/462/816 5639/368/817 5637/366/815
f 5626/414/809 5639/368/817 5640/413/818
f 5641/466/819 5640/413/818 5639/368/817
f 5642/467/820 5638/462/816 5634/463/814
f 5634/463/814 5636/311/620 5642/467/820
f 5638/462/816 5643/464/821 5639/368/817
f 5642/467/820 5643/464/821 5638/462/816
f 5641/466/819 5639/368/817 5644/465/822
f 5645/470/823 5641/466/819 5644/465/822
f 5646/468/824 5639/368/817 5643/464/821
f 5646/468/824 5644/465/822 5639/368/817
f 5647/471/825 5643/464/821 5642/467/820
f 5647/471/825 5642/467/820 5636/311/620
f 5647/471/825 5646/468/824 5643/464/821
f 5647/471/825 5636/311/620 5648/472/632
f 5645/470/823 5644/465/822 5649/469/826
f 5646/468/824 5649/469/826 5644/465/822
f 5650/475/827 5645/470/823 5649/469/826
f 5651/476/828 5647/471/825 5648/472/632
f 5651/476/828 5646/468/824 5647/471/825
f 5651/476/828 5648/472/632 5652/477/829
f 5646/468/824 5653/473/830 5649/469/826
f 5651/476/828 5653/473/830 5646/468/824
f 5654/482/831 5651/476/828 5652/477/829
f 5654/482/831 5653/473/830 5651/476/828
f 5654/482/831 5652/477/829 5655/483/639
f 5654/482/831 5655/483/639 5656/485/600
f 5654/482/831 5656/485/600 5657/484/832
f 5657/484/832 5658/480/833 5654/482/831
f 5654/482/831 5658/480/833 5653/473/830
f 5657/484/832 5659/481/834 5658/480/833
f 5658/480/833 5659/481/834 5660/478/835
f 5650/475/827 5660/478/835 5661/479/836
f 5653/473/830 5658/480/833 5662/474/837
f 5658/480/833 5660/478/835 5662/474/837
f 5650/475/827 5662/474/837 5660/478/835
f 5653/473/830 5662/474/837 5649/469/826
f 5650/475/827 5649/469/826 5662/474/837
f 5663/430/647 5664/414/647 5665/413/646
f 5663/430/647 5666/418/648 5664/414/647
f 5663/430/647 5665/413/646 5667/429/646
f 5663/430/647 5668/434/648 5666/418/648
f 5669/486/649 5667/429/646 5665/413/646
f 5668/434/648 5670/422/650 5666/418/648
f 5669/486/649 5665/413/646 5671/466/657
f 5668/434/648 5672/438/650 5670/422/650
f 5672/438/650 5673/424/593 5670/422/650
f 5672/438/650 5674/442/593 5673/424/593
f 5675/487/651 5669/486/649 5671/466/657
f 5675/487/651 5671/466/657 5676/470/838
f 5677/488/652 5675/487/651 5676/470/838
f 5677/488/652 5676/470/838 5678/475/652
f 5677/488/652 5678/475/652 5679/479/168
f 5677/488/652 5679/479/168 5680/489/168
f 5681/456/765 5682/41/766 5683/362/767
f 5683/362/767 5682/41/766 5684/424/768
f 5683/362/767 5684/424/768 5685/422/769
f 5681/456/765 5683/362/767 5686/457/770
f 5687/458/771 5681/456/765 5686/457/770
f 5688/364/772 5683/362/767 5685/422/769
f 5686/457/770 5683/362/767 5688/364/772
f 5688/364/772 5685/422/769 5689/418/773
f 5687/458/771 5686/457/770 5690/459/774
f 5690/459/774 5691/91/168 5687/458/771
f 5690/459/774 5692/323/560 5691/91/168
f 5690/459/774 5686/457/770 5693/460/839
f 5686/457/770 5688/364/772 5693/460/839
f 5694/461/776 5692/323/560 5690/459/774
f 5690/459/774 5693/460/839 5694/461/776
f 5694/461/776 5695/319/658 5692/323/560
f 5696/366/777 5688/364/772 5689/418/773
f 5693/460/839 5688/364/772 5696/366/777
f 5696/366/777 5689/418/773 5697/414/840
f 5694/461/776 5693/460/839 5698/462/779
f 5693/460/839 5696/366/777 5698/462/779
f 5699/463/780 5695/319/658 5694/461/776
f 5694/461/776 5698/462/779 5699/463/780
f 5699/463/780 5700/315/570 5695/319/658
f 5701/368/781 5696/366/777 5697/414/840
f 5698/462/779 5696/366/777 5701/368/781
f 5701/368/781 5697/414/840 5702/413/782
f 5699/463/780 5698/462/779 5703/464/783
f 5698/462/779 5701/368/781 5703/464/783
f 5704/467/784 5700/315/570 5699/463/780
f 5699/463/780 5703/464/783 5704/467/784
f 5704/467/784 5705/311/575 5700/315/570
f 5706/465/785 5701/368/781 5702/413/782
f 5703/464/783 5701/368/781 5706/465/785
f 5706/465/785 5702/413/782 5707/466/786
f 5704/467/784 5703/464/783 5708/468/787
f 5703/464/783 5706/465/785 5708/468/787
f 5709/471/788 5705/311/575 5704/467/784
f 5704/467/784 5708/468/787 5709/471/788
f 5709/471/788 5710/472/580 5705/311/575
f 5711/469/789 5706/465/785 5707/466/786
f 5708/468/787 5706/465/785 5711/469/789
f 5711/469/789 5707/466/786 5712/470/841
f 5709/471/788 5708/468/787 5713/473/791
f 5708/468/787 5711/469/789 5713/473/791
f 5714/476/792 5710/472/580 5709/471/788
f 5709/471/788 5713/473/791 5714/476/792
f 5714/476/792 5715/477/585 5710/472/580
f 5716/474/793 5711/469/789 5712/470/841
f 5713/473/791 5711/469/789 5716/474/793
f 5716/474/793 5712/470/841 5717/475/794
f 5718/478/795 5716/474/793 5717/475/794
f 5718/478/795 5717/475/794 5719/479/796
f 5713/473/791 5716/474/793 5720/480/797
f 5720/480/797 5716/474/793 5718/478/795
f 5714/476/792 5713/473/791 5720/480/797
f 5720/480/797 5718/478/795 5721/481/798
f 5714/476/792 5720/480/797 5722/482/799
f 5722/482/799 5720/480/797 5721/481/798
f 5722/482/799 5715/477/585 5714/476/792
f 5722/482/799 5721/481/798 5723/484/800
f 5722/482/799 5724/483/591 5715/477/585
f 5723/484/800 5724/483/591 5722/482/799
f 5723/484/800 5725/485/593 5724/483/591
f 5726/413/595 5727/414/594 5728/430/594
f 5726/413/595 5728/430/594 5729/429/595
f 5727/414/594 5730/434/596 5728/430/594
f 5731/466/597 5726/413/595 5729/429/595
f 5727/414/594 5732/418/596 5730/434/596
f 5731/466/597 5729/429/595 5733/486/599
f 5732/418/596 5734/438/598 5730/434/596
f 5735/470/601 5731/466/597 5733/486/599
f 5732/418/596 5736/422/598 5734/438/598
f 5736/422/598 5737/442/654 5734/438/598
f 5736/422/598 5738/424/600 5737/442/654
f 5735/470/601 5733/486/599 5739/487/601
f 5740/475/602 5735/470/601 5739/487/601
f 5740/475/602 5739/487/601 5741/488/602
f 5742/479/842 5740/475/602 5741/488/602
f 5742/479/842 5741/488/602 5743/489/171
f 5744/457/801 5745/362/802 5746/41/803
f 5747/422/804 5746/41/803 5745/362/802
f 5747/422/804 5748/424/805 5746/41/803
f 5749/418/806 5747/422/804 5745/362/802
f 5744/457/801 5746/41/803 5750/456/807
f 5749/418/806 5745/362/802 5751/364/808
f 5744/457/801 5751/364/808 5745/362/802
f 5752/414/843 5749/418/806 5751/364/808
f 5753/459/810 5744/457/801 5750/456/807
f 5753/459/810 5750/456/807 5754/458/811
f 5753/459/810 5754/458/811 5755/91/171
f 5753/459/810 5755/91/171 5756/323/614
f 5757/461/812 5753/459/810 5756/323/614
f 5757/461/812 5744/457/801 5753/459/810
f 5757/461/812 5756/323/614 5758/319/844
f 5757/461/812 5759/460/813 5744/457/801
f 5744/457/801 5759/460/813 5751/364/808
f 5760/463/814 5757/461/812 5758/319/844
f 5760/463/814 5759/460/813 5757/461/812
f 5760/463/814 5758/319/844 5761/315/619
f 5760/463/814 5761/315/619 5762/311/620
f 5759/460/813 5763/366/815 5751/364/808
f 5752/414/843 5751/364/808 5763/366/815
f 5760/463/814 5764/462/816 5759/460/813
f 5759/460/813 5764/462/816 5763/366/815
f 5752/414/843 5763/366/815 5765/368/817
f 5764/462/816 5765/368/817 5763/366/815
f 5752/414/843 5765/368/817 5766/413/818
f 5767/466/845 5766/413/818 5765/368/817
f 5768/467/846 5764/462/816 5760/463/814
f 5760/463/814 5762/311/620 5768/467/846
f 5764/462/816 5769/464/821 5765/368/817
f 5768/467/846 5769/464/821 5764/462/816
f 5767/466/845 5765/368/817 5770/465/822
f 5771/470/847 5767/466/845 5770/465/822
f 5772/468/824 5765/368/817 5769/464/821
f 5772/468/824 5770/465/822 5765/368/817
f 5773/471/825 5769/464/821 5768/467/846
f 5773/471/825 5768/467/846 5762/311/620
f 5773/471/825 5772/468/824 5769/464/821
f 5773/471/825 5762/311/620 5774/472/632
f 5771/470/847 5770/465/822 5775/469/826
f 5772/468/824 5775/469/826 5770/465/822
f 5776/475/848 5771/470/847 5775/469/826
f 5777/476/828 5773/471/825 5774/472/632
f 5777/476/828 5772/468/824 5773/471/825
f 5777/476/828 5774/472/632 5778/477/636
f 5772/468/824 5779/473/830 5775/469/826
f 5777/476/828 5779/473/830 5772/468/824
f 5780/482/831 5777/476/828 5778/477/636
f 5780/482/831 5779/473/830 5777/476/828
f 5780/482/831 5778/477/636 5781/483/639
f 5780/482/831 5781/483/639 5782/485/600
f 5780/482/831 5782/485/600 5783/484/832
f 5783/484/832 5784/480/833 5780/482/831
f 5780/482/831 5784/480/833 5779/473/830
f 5783/484/832 5785/481/834 5784/480/833
f 5784/480/833 5785/481/834 5786/478/835
f 5776/475/848 5786/478/835 5787/479/836
f 5779/473/830 5784/480/833 5788/474/837
f 5784/480/833 5786/478/835 5788/474/837
f 5776/475/848 5788/474/837 5786/478/835
f 5779/473/830 5788/474/837 5775/469/826
f 5776/475/848 5775/469/826 5788/474/837
f 5789/430/647 5790/414/647 5791/413/646
f 5789/430/647 5792/418/648 5790/414/647
f 5789/430/647 5791/413/646 5793/429/646
f 5789/430/647 5794/434/648 5792/418/648
f 5795/486/649 5793/429/646 5791/413/646
f 5794/434/648 5796/422/650 5792/418/648
f 5795/486/649 5791/413/646 5797/466/657
f 5794/434/648 5798/438/650 5796/422/650
f 5798/438/650 5799/424/593 5796/422/650
f 5798/438/650 5800/442/593 5799/424/593
f 5801/487/651 5795/486/649 5797/466/657
f 5801/487/651 5797/466/657 5802/470/651
f 5803/488/652 5801/487/651 5802/470/651
f 5803/488/652 5802/470/651 5804/475/652
f 5803/488/652 5804/475/652 5805/479/168
f 5803/488/652 5805/479/168 5806/489/168
f 5807/456/765 5808/41/766 5809/362/767
f 5809/362/767 5808/41/766 5810/424/768
f 5809/362/767 5810/424/768 5811/422/849
f 5807/456/765 5809/362/767 5812/457/770
f 5813/458/771 5807/456/765 5812/457/770
f 5814/364/772 5809/362/767 5811/422/849
f 5812/457/770 5809/362/767 5814/364/772
f 5814/364/772 5811/422/849 5815/418/773
f 5813/458/771 5812/457/770 5816/459/774
f 5816/459/774 5817/91/168 5813/458/771
f 5816/459/774 5818/323/560 5817/91/168
f 5816/459/774 5812/457/770 5819/460/839
f 5812/457/770 5814/364/772 5819/460/839
f 5820/461/776 5818/323/560 5816/459/774
f 5816/459/774 5819/460/839 5820/461/776
f 5820/461/776 5821/319/658 5818/323/560
f 5822/366/777 5814/364/772 5815/418/773
f 5819/460/839 5814/364/772 5822/366/777
f 5822/366/777 5815/418/773 5823/414/778
f 5820/461/776 5819/460/839 5824/462/779
f 5819/460/839 5822/366/777 5824/462/779
f 5825/463/780 5821/319/658 5820/461/776
f 5820/461/776 5824/462/779 5825/463/780
f 5825/463/780 5826/315/570 5821/319/658
f 5827/368/781 5822/366/777 5823/414/778
f 5824/462/779 5822/366/777 5827/368/781
f 5827/368/781 5823/414/778 5828/413/850
f 5825/463/780 5824/462/779 5829/464/783
f 5824/462/779 5827/368/781 5829/464/783
f 5830/467/784 5826/315/570 5825/463/780
f 5825/463/780 5829/464/783 5830/467/784
f 5830/467/784 5831/311/575 5826/315/570
f 5832/465/785 5827/368/781 5828/413/850
f 5829/464/783 5827/368/781 5832/465/785
f 5832/465/785 5828/413/850 5833/466/851
f 5830/467/784 5829/464/783 5834/468/787
f 5829/464/783 5832/465/785 5834/468/787
f 5835/471/788 5831/311/575 5830/467/784
f 5830/467/784 5834/468/787 5835/471/788
f 5835/471/788 5836/472/580 5831/311/575
f 5837/469/789 5832/465/785 5833/466/851
f 5834/468/787 5832/465/785 5837/469/789
f 5837/469/789 5833/466/851 5838/470/790
f 5835/471/788 5834/468/787 5839/473/791
f 5834/468/787 5837/469/789 5839/473/791
f 5840/476/792 5836/472/580 5835/471/788
f 5835/471/788 5839/473/791 5840/476/792
f 5840/476/792 5841/477/585 5836/472/580
f 5842/474/793 5837/469/789 5838/470/790
f 5839/473/791 5837/469/789 5842/474/793
f 5842/474/793 5838/470/790 5843/475/852
f 5844/478/795 5842/474/793 5843/475/852
f 5844/478/795 5843/475/852 5845/479/796
f 5839/473/791 5842/474/793 5846/480/797
f 5846/480/797 5842/474/793 5844/478/795
f 5840/476/792 5839/473/791 5846/480/797
f 5846/480/797 5844/478/795 5847/481/798
f 5840/476/792 5846/480/797 5848/482/799
f 5848/482/799 5846/480/797 5847/481/798
f 5848/482/799 5841/477/585 5840/476/792
f 5848/482/799 5847/481/798 5849/484/800
f 5848/482/799 5850/483/591 5841/477/585
f 5849/484/800 5850/483/591 5848/482/799
f 5849/484/800 5851/485/593 5850/483/591
f 5852/413/595 5853/414/594 5854/430/594
f 5852/413/595 5854/430/594 5855/429/595
f 5853/414/594 5856/434/596 5854/430/594
f 5857/466/597 5852/413/595 5855/429/595
f 5853/414/594 5858/418/596 5856/434/596
f 5857/466/597 5855/429/595 5859/486/599
f 5858/418/596 5860/438/598 5856/434/596
f 5861/470/601 5857/466/597 5859/486/599
f 5858/418/596 5862/422/598 5860/438/598
f 5862/422/598 5863/442/600 5860/438/598
f 5862/422/598 5864/424/600 5863/442/600
f 5861/470/601 5859/486/599 5865/487/601
f 5866/475/602 5861/470/601 5865/487/601
f 5866/475/602 5865/487/601 5867/488/602
f 5868/479/171 5866/475/602 5867/488/602
f 5868/479/171 5867/488/602 5869/489/171
f 5870/457/801 5871/362/802 5872/41/803
f 5873/422/853 5872/41/803 5871/362/802
f 5873/422/853 5874/424/805 5872/41/803
f 5875/418/806 5873/422/853 5871/362/802
f 5870/457/801 5872/41/803 5876/456/807
f 5875/418/806 5871/362/802 5877/364/808
f 5870/457/801 5877/364/808 5871/362/802
f 5878/414/809 5875/418/806 5877/364/808
f 5879/459/810 5870/457/801 5876/456/807
f 5879/459/810 5876/456/807 5880/458/811
f 5879/459/810 5880/458/811 5881/91/171
f 5879/459/810 5881/91/171 5882/323/614
f 5883/461/812 5879/459/810 5882/323/614
f 5883/461/812 5870/457/801 5879/459/810
f 5883/461/812 5882/323/614 5884/319/844
f 5883/461/812 5885/460/813 5870/457/801
f 5870/457/801 5885/460/813 5877/364/808
f 5886/463/814 5883/461/812 5884/319/844
f 5886/463/814 5885/460/813 5883/461/812
f 5886/463/814 5884/319/844 5887/315/619
f 5886/463/814 5887/315/619 5888/311/620
f 5885/460/813 5889/366/815 5877/364/808
f 5878/414/809 5877/364/808 5889/366/815
f 5886/463/814 5890/462/816 5885/460/813
f 5885/460/813 5890/462/816 5889/366/815
f 5878/414/809 5889/366/815 5891/368/817
f 5890/462/816 5891/368/817 5889/366/815
f 5878/414/809 5891/368/817 5892/413/818
f 5893/466/819 5892/413/818 5891/368/817
f 5894/467/820 5890/462/816 5886/463/814
f 5886/463/814 5888/311/620 5894/467/820
f 5890/462/816 5895/464/821 5891/368/817
f 5894/467/820 5895/464/821 5890/462/816
f 5893/466/819 5891/368/817 5896/465/822
f 5897/470/823 5893/466/819 5896/465/822
f 5898/468/824 5891/368/817 5895/464/821
f 5898/468/824 5896/465/822 5891/368/817
f 5899/471/825 5895/464/821 5894/467/820
f 5899/471/825 5894/467/820 5888/311/620
f 5899/471/825 5898/468/824 5895/464/821
f 5899/471/825 5888/311/620 5900/472/632
f 5897/470/823 5896/465/822 5901/469/826
f 5898/468/824 5901/469/826 5896/465/822
f 5902/475/848 5897/470/823 5901/469/826
f 5903/476/828 5899/471/825 5900/472/632
f 5903/476/828 5898/468/824 5899/471/825
f 5903/476/828 5900/472/632 5904/477/636
f 5898/468/824 5905/473/830 5901/469/826
f 5903/476/828 5905/473/830 5898/468/824
f 5906/482/831 5903/476/828 5904/477/636
f 5906/482/831 5905/473/830 5903/476/828
f 5906/482/831 5904/477/636 5907/483/639
f 5906/482/831 5907/483/639 5908/485/600
f 5906/482/831 5908/485/600 5909/484/832
f 5909/484/832 5910/480/854 5906/482/831
f 5906/482/831 5910/480/854 5905/473/830
f 5909/484/832 5911/481/834 5910/480/854
f 5910/480/854 5911/481/834 5912/478/835
f 5902/475/848 5912/478/835 5913/479/836
f 5905/473/830 5910/480/854 5914/474/837
f 5910/480/854 5912/478/835 5914/474/837
f 5902/475/848 5914/474/837 5912/478/835
f 5905/473/830 5914/474/837 5901/469/826
f 5902/475/848 5901/469/826 5914/474/837
f 5915/430/647 5916/414/647 5917/413/646
f 5915/430/647 5918/418/648 5916/414/647
f 5915/430/647 5917/413/646 5919/429/646
f 5915/430/647 5920/434/648 5918/418/648
f 5921/486/649 5919/429/646 5917/413/646
f 5920/434/648 5922/422/650 5918/418/648
f 5921/486/649 5917/413/646 5923/466/657
f 5920/434/648 5924/438/650 5922/422/650
f 5924/438/650 5925/424/593 5922/422/650
f 5924/438/650 5926/442/593 5925/424/593
f 5927/487/651 5921/486/649 5923/466/657
f 5927/487/651 5923/466/657 5928/470/651
f 5929/488/652 5927/487/651 5928/470/651
f 5929/488/652 5928/470/651 5930/475/652
f 5929/488/652 5930/475/652 5931/479/168
f 5929/488/652 5931/479/168 5932/489/168
f 5933/456/765 5934/41/766 5935/362/767
f 5935/362/767 5934/41/766 5936/424/768
f 5935/362/767 5936/424/768 5937/422/849
f 5933/456/765 5935/362/767 5938/457/770
f 5939/458/771 5933/456/765 5938/457/770
f 5940/364/772 5935/362/767 5937/422/849
f 5938/457/770 5935/362/767 5940/364/772
f 5940/364/772 5937/422/849 5941/418/773
f 5939/458/771 5938/457/770 5942/459/774
f 5942/459/774 5943/91/168 5939/458/771
f 5942/459/774 5944/323/560 5943/91/168
f 5942/459/774 5938/457/770 5945/460/839
f 5938/457/770 5940/364/772 5945/460/839
f 5946/461/776 5944/323/560 5942/459/774
f 5942/459/774 5945/460/839 5946/461/776
f 5946/461/776 5947/319/563 5944/323/560
f 5948/366/777 5940/364/772 5941/418/773
f 5945/460/839 5940/364/772 5948/366/777
f 5948/366/777 5941/418/773 5949/414/778
f 5946/461/776 5945/460/839 5950/462/779
f 5945/460/839 5948/366/777 5950/462/779
f 5951/463/780 5947/319/563 5946/461/776
f 5946/461/776 5950/462/779 5951/463/780
f 5951/463/780 5952/315/570 5947/319/563
f 5953/368/781 5948/366/777 5949/414/778
f 5950/462/779 5948/366/777 5953/368/781
f 5953/368/781 5949/414/778 5954/413/850
f 5951/463/780 5950/462/779 5955/464/783
f 5950/462/779 5953/368/781 5955/464/783
f 5956/467/784 5952/315/570 5951/463/780
f 5951/463/780 5955/464/783 5956/467/784
f 5956/467/784 5957/311/575 5952/315/570
f 5958/465/785 5953/368/781 5954/413/850
f 5955/464/783 5953/368/781 5958/465/785
f 5958/465/785 5954/413/850 5959/466/851
f 5956/467/784 5955/464/783 5960/468/787
f 5955/464/783 5958/465/785 5960/468/787
f 5961/471/788 5957/311/575 5956/467/784
f 5956/467/784 5960/468/787 5961/471/788
f 5961/471/788 5962/472/580 5957/311/575
f 5963/469/789 5958/465/785 5959/466/851
f 5960/468/787 5958/465/785 5963/469/789
f 5963/469/789 5959/466/851 5964/470/790
f 5961/471/788 5960/468/787 5965/473/791
f 5960/468/787 5963/469/789 5965/473/791
f 5966/476/792 5962/472/580 5961/471/788
f 5961/471/788 5965/473/791 5966/476/792
f 5966/476/792 5967/477/585 5962/472/580
f 5968/474/793 5963/469/789 5964/470/790
f 5965/473/791 5963/469/789 5968/474/793
f 5968/474/793 5964/470/790 5969/475/852
f 5970/478/795 5968/474/793 5969/475/852
f 5970/478/795 5969/475/852 5971/479/796
f 5965/473/791 5968/474/793 5972/480/797
f 5972/480/797 5968/474/793 5970/478/795
f 5966/476/792 5965/473/791 5972/480/797
f 5972/480/797 5970/478/795 5973/481/798
f 5966/476/792 5972/480/797 5974/482/799
f 5974/482/799 5972/480/797 5973/481/798
f 5974/482/799 5967/477/585 5966/476/792
f 5974/482/799 5973/481/798 5975/484/800
f 5974/482/799 5976/483/591 5967/477/585
f 5975/484/800 5976/483/591 5974/482/799
f 5975/484/800 5977/485/593 5976/483/591
f 5978/413/595 5979/414/594 5980/430/594
f 5978/413/595 5980/430/594 5981/429/595
f 5979/414/594 5982/434/596 5980/430/594
f 5983/466/597 5978/413/595 5981/429/595
f 5979/414/594 5984/418/596 5982/434/596
f 5983/466/597 5981/429/595 5985/486/599
f 5984/418/596 5986/438/598 5982/434/596
f 5987/470/601 5983/466/597 5985/486/599
f 5984/418/596 5988/422/598 5986/438/598
f 5988/422/598 5989/442/600 5986/438/598
f 5988/422/598 5990/424/600 5989/442/600
f 5987/470/601 5985/486/599 5991/487/855
f 5992/475/602 5987/470/601 5991/487/855
f 5992/475/602 5991/487/855 5993/488/602
f 5994/479/171 5992/475/602 5993/488/602
f 5994/479/171 5993/488/602 5995/489/171
f 5996/457/801 5997/362/802 5998/41/803
f 5999/422/853 5998/41/803 5997/362/802
f 5999/422/853 6000/424/805 5998/41/803
f 6001/418/806 5999/422/853 5997/362/802
f 5996/457/801 5998/41/803 6002/456/807
f 6001/418/806 5997/362/802 6003/364/808
f 5996/457/801 6003/364/808 5997/362/802
f 6004/414/843 6001/418/806 6003/364/808
f 6005/459/810 5996/457/801 6002/456/807
f 6005/459/810 6002/456/807 6006/458/811
f 6005/459/810 6006/458/811 6007/91/171
f 6005/459/810 6007/91/171 6008/323/614
f 6009/461/812 6005/459/810 6008/323/614
f 6009/461/812 5996/457/801 6005/459/810
f 6009/461/812 6008/323/614 6010/319/616
f 6009/461/812 6011/460/813 5996/457/801
f 5996/457/801 6011/460/813 6003/364/808
f 6012/463/856 6009/461/812 6010/319/616
f 6012/463/856 6011/460/813 6009/461/812
f 6012/463/856 6010/319/616 6013/315/619
f 6012/463/856 6013/315/619 6014/311/620
f 6011/460/813 6015/366/815 6003/364/808
f 6004/414/843 6003/364/808 6015/366/815
f 6012/463/856 6016/462/816 6011/460/813
f 6011/460/813 6016/462/816 6015/366/815
f 6004/414/843 6015/366/815 6017/368/817
f 6016/462/816 6017/368/817 6015/366/815
f 6004/414/843 6017/368/817 6018/413/857
f 6019/466/819 6018/413/857 6017/368/817
f 6020/467/820 6016/462/816 6012/463/856
f 6012/463/856 6014/311/620 6020/467/820
f 6016/462/816 6021/464/821 6017/368/817
f 6020/467/820 6021/464/821 6016/462/816
f 6019/466/819 6017/368/817 6022/465/822
f 6023/470/823 6019/466/819 6022/465/822
f 6024/468/824 6017/368/817 6021/464/821
f 6024/468/824 6022/465/822 6017/368/817
f 6025/471/825 6021/464/821 6020/467/820
f 6025/471/825 6020/467/820 6014/311/620
f 6025/471/825 6024/468/824 6021/464/821
f 6025/471/825 6014/311/620 6026/472/632
f 6023/470/823 6022/465/822 6027/469/826
f 6024/468/824 6027/469/826 6022/465/822
f 6028/475/848 6023/470/823 6027/469/826
f 6029/476/828 6025/471/825 6026/472/632
f 6029/476/828 6024/468/824 6025/471/825
f 6029/476/828 6026/472/632 6030/477/636
f 6024/468/824 6031/473/830 6027/469/826
f 6029/476/828 6031/473/830 6024/468/824
f 6032/482/831 6029/476/828 6030/477/636
f 6032/482/831 6031/473/830 6029/476/828
f 6032/482/831 6030/477/636 6033/483/639
f 6032/482/831 6033/483/639 6034/485/600
f 6032/482/831 6034/485/600 6035/484/832
f 6035/484/832 6036/480/854 6032/482/831
f 6032/482/831 6036/480/854 6031/473/830
f 6035/484/832 6037/481/834 6036/480/854
f 6036/480/854 6037/481/834 6038/478/835
f 6028/475/848 6038/478/835 6039/479/836
f 6031/473/830 6036/480/854 6040/474/837
f 6036/480/854 6038/478/835 6040/474/837
f 6028/475/848 6040/474/837 6038/478/835
f 6031/473/830 6040/474/837 6027/469/826
f 6028/475/848 6027/469/826 6040/474/837
f 6041/430/647 6042/414/647 6043/413/646
f 6041/430/647 6044/418/648 6042/414/647
f 6041/430/647 6043/413/646 6045/429/646
f 6041/430/647 6046/434/648 6044/418/648
f 6047/486/649 6045/429/646 6043/413/646
f 6046/434/648 6048/422/650 6044/418/648
f 6047/486/649 6043/413/646 6049/466/657
f 6046/434/648 6050/438/650 6048/422/650
f 6050/438/650 6051/424/593 6048/422/650
f 6050/438/650 6052/442/593 6051/424/593
f 6053/487/651 6047/486/649 6049/466/657
f 6053/487/651 6049/466/657 6054/470/651
f 6055/488/652 6053/487/651 6054/470/651
f 6055/488/652 6054/470/651 6056/475/652
f 6055/488/652 6056/475/652 6057/479/168
f 6055/488/652 6057/479/168 6058/489/168
s 0
f 6059/490/10 6060/491/10 6061/296/10
f 6059/490/10 6061/296/10 6062/297/10
f 6063/492/6 6064/493/6 6065/494/6
f 6063/492/6 6065/494/6 6066/495/6
f 6067/494/8 6068/493/8 6069/496/8
f 6067/494/8 6069/496/8 6070/497/8
f 6071/491/6 6072/498/6 6073/499/6
f 6071/491/6 6073/499/6 6074/296/6
f 6075/498/858 6076/492/858 6077/495/858
f 6075/498/859 6077/495/859 6078/499/859
f 6079/491/6 6080/500/6 6081/501/6
f 6079/491/6 6081/501/6 6082/498/6
f 6083/498/860 6084/501/860 6085/502/860
f 6083/498/860 6085/502/860 6086/492/860
f 6087/500/1 6088/491/1 6089/490/1
f 6087/500/1 6089/490/1 6090/503/1
f 6091/504/6 6092/493/6 6093/492/6
f 6091/504/6 6093/492/6 6094/502/6
f 6095/505/3 6096/496/3 6097/493/3
f 6095/505/3 6097/493/3 6098/504/3
f 6099/296/8 6100/491/8 6101/490/8
f 6099/296/8 6101/490/8 6102/297/8
f 6103/494/6 6104/493/6 6105/492/6
f 6103/494/6 6105/492/6 6106/495/6
f 6107/496/10 6108/493/10 6109/494/10
f 6107/496/10 6109/494/10 6110/497/10
f 6111/491/6 6112/296/6 6113/499/6
f 6111/491/6 6113/499/6 6114/498/6
f 6115/498/861 6116/499/861 6117/495/861
f 6115/498/862 6117/495/862 6118/492/862
f 6119/491/6 6120/498/6 6121/501/6
f 6119/491/6 6121/501/6 6122/500/6
f 6123/498/863 6124/492/863 6125/502/863
f 6123/498/860 6125/502/860 6126/501/860
f 6127/490/1 6128/491/1 6129/500/1
f 6127/490/1 6129/500/1 6130/503/1
f 6131/492/6 6132/493/6 6133/504/6
f 6131/492/6 6133/504/6 6134/502/6
f 6135/493/3 6136/496/3 6137/505/3
f 6135/493/3 6137/505/3 6138/504/3
f 6139/490/10 6140/491/10 6141/296/10
f 6139/490/10 6141/296/10 6142/297/10
f 6143/492/6 6144/493/6 6145/494/6
f 6143/492/6 6145/494/6 6146/495/6
f 6147/494/8 6148/493/8 6149/496/8
f 6147/494/8 6149/496/8 6150/497/8
f 6151/491/6 6152/498/6 6153/499/6
f 6151/491/6 6153/499/6 6154/296/6
f 6155/498/859 6156/492/859 6157/495/859
f 6155/498/859 6157/495/859 6158/499/859
f 6159/491/6 6160/500/6 6161/501/6
f 6159/491/6 6161/501/6 6162/498/6
f 6163/498/860 6164/501/860 6165/502/860
f 6163/498/860 6165/502/860 6166/492/860
f 6167/500/1 6168/491/1 6169/490/1
f 6167/500/1 6169/490/1 6170/503/1
f 6171/504/6 6172/493/6 6173/492/6
f 6171/504/6 6173/492/6 6174/502/6
f 6175/505/3 6176/496/3 6177/493/3
f 6175/505/3 6177/493/3 6178/504/3
f 6179/296/8 6180/491/8 6181/490/8
f 6179/296/8 6181/490/8 6182/297/8
f 6183/494/6 6184/493/6 6185/492/6
f 6183/494/6 6185/492/6 6186/495/6
f 6187/496/10 6188/493/10 6189/494/10
f 6187/496/10 6189/494/10 6190/497/10
f 6191/491/6 6192/296/6 6193/499/6
f 6191/491/6 6193/499/6 6194/498/6
f 6195/498/861 6196/499/861 6197/495/861
f 6195/498/861 6197/495/861 6198/492/861
f 6199/491/6 6200/498/6 6201/501/6
f 6199/491/6 6201/501/6 6202/500/6
f 6203/498/860 6204/492/860 6205/502/860
f 6203/498/860 6205/502/860 6206/501/860
f 6207/490/1 6208/491/1 6209/500/1
f 6207/490/1 6209/500/1 6210/503/1
f 6211/492/6 6212/493/6 6213/504/6
f 6211/492/6 6213/504/6 6214/502/6
f 6215/493/3 6216/496/3 6217/505/3
f 6215/493/3 6217/505/3 6218/504/3
f 6219/490/10 6220/491/10 6221/296/10
f 6219/490/10 6221/296/10 6222/297/10
f 6223/492/6 6224/493/6 6225/494/6
f 6223/492/6 6225/494/6 6226/495/6
f 6227/494/8 6228/493/8 6229/496/8
f 6227/494/8 6229/496/8 6230/497/8
f 6231/491/6 6232/498/6 6233/499/6
f 6231/491/6 6233/499/6 6234/296/6
f 6235/498/859 6236/492/859 6237/495/859
f 6235/498/859 6237/495/859 6238/499/859
f 6239/491/6 6240/500/6 6241/501/6
f 6239/491/6 6241/501/6 6242/498/6
f 6243/498/860 6244/501/860 6245/502/860
f 6243/498/860 6245/502/860 6246/492/860
f 6247/500/1 6248/491/1 6249/490/1
f 6247/500/1 6249/490/1 6250/503/1
f 6251/504/6 6252/493/6 6253/492/6
f 6251/504/6 6253/492/6 6254/502/6
f 6255/505/3 6256/496/3 6257/493/3
f 6255/505/3 6257/493/3 6258/504/3
f 6259/296/8 6260/491/8 6261/490/8
f 6259/296/8 6261/490/8 6262/297/8
f 6263/494/6 6264/493/6 6265/492/6
f 6263/494/6 6265/492/6 6266/495/6
f 6267/496/10 6268/493/10 6269/494/10
f 6267/496/10 6269/494/10 6270/497/10
f 6271/491/6 6272/296/6 6273/499/6
f 6271/491/6 6273/499/6 6274/498/6
f 6275/498/862 6276/499/862 6277/495/862
f 6275/498/862 6277/495/862 6278/492/862
f 6279/491/6 6280/498/6 6281/501/6
f 6279/491/6 6281/501/6 6282/500/6
f 6283/498/860 6284/492/860 6285/502/860
f 6283/498/860 6285/502/860 6286/501/860
f 6287/490/1 6288/491/1 6289/500/1
f 6287/490/1 6289/500/1 6290/503/1
f 6291/492/6 6292/493/6 6293/504/6
f 6291/492/6 6293/504/6 6294/502/6
f 6295/493/3 6296/496/3 6297/505/3
f 6295/493/3 6297/505/3 6298/504/3
f 6299/490/10 6300/491/10 6301/296/10
f 6299/490/10 6301/296/10 6302/297/10
f 6303/492/6 6304/493/6 6305/494/6
f 6303/492/6 6305/494/6 6306/495/6
f 6307/494/8 6308/493/8 6309/496/8
f 6307/494/8 6309/496/8 6310/497/8
f 6311/491/6 6312/498/6 6313/499/6
f 6311/491/6 6313/499/6 6314/296/6
f 6315/498/859 6316/492/859 6317/495/859
f 6315/498/859 6317/495/859 6318/499/859
f 6319/491/6 6320/500/6 6321/501/6
f 6319/491/6 6321/501/6 6322/498/6
f 6323/498/860 6324/501/860 6325/502/860
f 6323/498/860 6325/502/860 6326/492/860
f 6327/500/1 6328/491/1 6329/490/1
f 6327/500/1 6329/490/1 6330/503/1
f 6331/504/6 6332/493/6 6333/492/6
f 6331/504/6 6333/492/6 6334/502/6
f 6335/505/3 6336/496/3 6337/493/3
f 6335/505/3 6337/493/3 6338/504/3
f 6339/296/8 6340/491/8 6341/490/8
f 6339/296/8 6341/490/8 6342/297/8
f 6343/494/6 6344/493/6 6345/492/6
f 6343/494/6 6345/492/6 6346/495/6
f 6347/496/10 6348/493/10 6349/494/10
f 6347/496/10 6349/494/10 6350/497/10
f 6351/491/6 6352/296/6 6353/499/6
f 6351/491/6 6353/499/6 6354/498/6
f 6355/498/862 6356/499/862 6357/495/862
f 6355/498/862 6357/495/862 6358/492/862
f 6359/491/6 6360/498/6 6361/501/6
f 6359/491/6 6361/501/6 6362/500/6
f 6363/498/860 6364/492/860 6365/502/860
f 6363/498/860 6365/502/860 6366/501/860
f 6367/490/1 6368/491/1 6369/500/1
f 6367/490/1 6369/500/1 6370/503/1
f 6371/492/6 6372/493/6 6373/504/6
f 6371/492/6 6373/504/6 6374/502/6
f 6375/493/3 6376/496/3 6377/505/3
f 6375/493/3 6377/505/3 6378/504/3
f 6379/490/10 6380/491/10 6381/296/10
f 6379/490/10 6381/296/10 6382/297/10
f 6383/492/6 6384/493/6 6385/494/6
f 6383/492/6 6385/494/6 6386/495/6
f 6387/494/8 6388/493/8 6389/496/8
f 6387/494/8 6389/496/8 6390/497/8
f 6391/491/6 6392/498/6 6393/499/6
f 6391/491/6 6393/499/6 6394/296/6
f 6395/498/859 6396/492/859 6397/495/859
f 6395/498/859 6397/495/859 6398/499/859
f 6399/491/6 6400/500/6 6401/501/6
f 6399/491/6 6401/501/6 6402/498/6
f 6403/498/860 6404/501/860 6405/502/860
f 6403/498/860 6405/502/860 6406/492/860
f 6407/500/1 6408/491/1 6409/490/1
f 6407/500/1 6409/490/1 6410/503/1
f 6411/504/6 6412/493/6 6413/492/6
f 6411/504/6 6413/492/6 6414/502/6
f 6415/505/3 6416/496/3 6417/493/3
f 6415/505/3 6417/493/3 6418/504/3
f 6419/296/8 6420/491/8 6421/490/8
f 6419/296/8 6421/490/8 6422/297/8
f 6423/494/6 6424/493/6 6425/492/6
f 6423/494/6 6425/492/6 6426/495/6
f 6427/496/10 6428/493/10 6429/494/10
f 6427/496/10 6429/494/10 6430/497/10
f 6431/491/6 6432/296/6 6433/499/6
f 6431/491/6 6433/499/6 6434/498/6
f 6435/498/862 6436/499/862 6437/495/862
f 6435/498/862 6437/495/862 6438/492/862
f 6439/491/6 6440/498/6 6441/501/6
f 6439/491/6 6441/501/6 6442/500/6
f 6443/498/860 6444/492/860 6445/502/860
f 6443/498/860 6445/502/860 6446/501/860
f 6447/490/1 6448/491/1 6449/500/1
f 6447/490/1 6449/500/1 6450/503/1
f 6451/492/6 6452/493/6 6453/504/6
f 6451/492/6 6453/504/6 6454/502/6
f 6455/493/3 6456/496/3 6457/505/3
f 6455/493/3 6457/505/3 6458/504/3
f 6459/490/6 6460/491/6 6461/296/6
f 6459/490/6 6461/296/6 6462/297/6
f 6463/492/8 6464/493/8 6465/494/8
f 6463/492/8 6465/494/8 6466/495/8
f 6467/494/2 6468/493/2 6469/496/2
f 6467/494/2 6469/496/2 6470/497/2
f 6471/491/8 6472/498/8 6473/499/8
f 6471/491/8 6473/499/8 6474/296/8
f 6475/498/864 6476/492/864 6477/495/864
f 6475/498/864 6477/495/864 6478/499/864
f 6479/491/8 6480/500/8 6481/501/8
f 6479/491/8 6481/501/8 6482/498/8
f 6483/498/865 6484/501/865 6485/502/865
f 6483/498/866 6485/502/866 6486/492/866
f 6487/500/1 6488/491/1 6489/490/1
f 6487/500/1 6489/490/1 6490/503/1
f 6491/504/8 6492/493/8 6493/492/8
f 6491/504/8 6493/492/8 6494/502/8
f 6495/505/3 6496/496/3 6497/493/3
f 6495/505/3 6497/493/3 6498/504/3
f 6499/296/2 6500/491/2 6501/490/2
f 6499/296/2 6501/490/2 6502/297/2
f 6503/494/8 6504/493/8 6505/492/8
f 6503/494/8 6505/492/8 6506/495/8
f 6507/496/6 6508/493/6 6509/494/6
f 6507/496/6 6509/494/6 6510/497/6
f 6511/491/8 6512/296/8 6513/499/8
f 6511/491/8 6513/499/8 6514/498/8
f 6515/498/867 6516/499/867 6517/495/867
f 6515/498/867 6517/495/867 6518/492/867
f 6519/491/8 6520/498/8 6521/501/8
f 6519/491/8 6521/501/8 6522/500/8
f 6523/498/866 6524/492/866 6525/502/866
f 6523/498/865 6525/502/865 6526/501/865
f 6527/490/1 6528/491/1 6529/500/1
f 6527/490/1 6529/500/1 6530/503/1
f 6531/492/8 6532/493/8 6533/504/8
f 6531/492/8 6533/504/8 6534/502/8
f 6535/493/3 6536/496/3 6537/505/3
f 6535/493/3 6537/505/3 6538/504/3
f 6539/296/10 6540/491/10 6541/490/10
f 6539/296/10 6541/490/10 6542/297/10
f 6543/494/2 6544/493/2 6545/492/2
f 6543/494/2 6545/492/2 6546/495/2
f 6547/496/8 6548/493/8 6549/494/8
f 6547/496/8 6549/494/8 6550/497/8
f 6551/491/2 6552/296/2 6553/499/2
f 6551/491/2 6553/499/2 6554/498/2
f 6555/498/868 6556/499/868 6557/495/868
f 6555/498/869 6557/495/869 6558/492/869
f 6559/491/2 6560/498/2 6561/501/2
f 6559/491/2 6561/501/2 6562/500/2
f 6563/498/870 6564/492/870 6565/502/870
f 6563/498/871 6565/502/871 6566/501/871
f 6567/490/1 6568/491/1 6569/500/1
f 6567/490/1 6569/500/1 6570/503/1
f 6571/492/2 6572/493/2 6573/504/2
f 6571/492/2 6573/504/2 6574/502/2
f 6575/493/3 6576/496/3 6577/505/3
f 6575/493/3 6577/505/3 6578/504/3
f 6579/490/8 6580/491/8 6581/296/8
f 6579/490/8 6581/296/8 6582/297/8
f 6583/492/2 6584/493/2 6585/494/2
f 6583/492/2 6585/494/2 6586/495/2
f 6587/494/10 6588/493/10 6589/496/10
f 6587/494/10 6589/496/10 6590/497/10
f 6591/491/2 6592/498/2 6593/499/2
f 6591/491/2 6593/499/2 6594/296/2
f 6595/498/872 6596/492/872 6597/495/872
f 6595/498/873 6597/495/873 6598/499/873
f 6599/491/2 6600/500/2 6601/501/2
f 6599/491/2 6601/501/2 6602/498/2
f 6603/498/871 6604/501/871 6605/502/871
f 6603/498/870 6605/502/870 6606/492/870
f 6607/500/1 6608/491/1 6609/490/1
f 6607/500/1 6609/490/1 6610/503/1
f 6611/504/2 6612/493/2 6613/492/2
f 6611/504/2 6613/492/2 6614/502/2
f 6615/505/3 6616/496/3 6617/493/3
f 6615/505/3 6617/493/3 6618/504/3
f 6619/296/10 6620/491/10 6621/490/10
f 6619/296/10 6621/490/10 6622/297/10
f 6623/494/2 6624/493/2 6625/492/2
f 6623/494/2 6625/492/2 6626/495/2
f 6627/496/8 6628/493/8 6629/494/8
f 6627/496/8 6629/494/8 6630/497/8
f 6631/491/2 6632/296/2 6633/499/2
f 6631/491/2 6633/499/2 6634/498/2
f 6635/498/869 6636/499/869 6637/495/869
f 6635/498/868 6637/495/868 6638/492/868
f 6639/491/2 6640/498/2 6641/501/2
f 6639/491/2 6641/501/2 6642/500/2
f 6643/498/871 6644/492/871 6645/502/871
f 6643/498/870 6645/502/870 6646/501/870
f 6647/490/1 6648/491/1 6649/500/1
f 6647/490/1 6649/500/1 6650/503/1
f 6651/492/2 6652/493/2 6653/504/2
f 6651/492/2 6653/504/2 6654/502/2
f 6655/493/3 6656/496/3 6657/505/3
f 6655/493/3 6657/505/3 6658/504/3
f 6659/490/8 6660/491/8 6661/296/8
f 6659/490/8 6661/296/8 6662/297/8
f 6663/492/2 6664/493/2 6665/494/2
f 6663/492/2 6665/494/2 6666/495/2
f 6667/494/10 6668/493/10 6669/496/10
f 6667/494/10 6669/496/10 6670/497/10
f 6671/491/2 6672/498/2 6673/499/2
f 6671/491/2 6673/499/2 6674/296/2
f 6675/498/873 6676/492/873 6677/495/873
f 6675/498/873 6677/495/873 6678/499/873
f 6679/491/2 6680/500/2 6681/501/2
f 6679/491/2 6681/501/2 6682/498/2
f 6683/498/871 6684/501/871 6685/502/871
f 6683/498/871 6685/502/871 6686/492/871
f 6687/500/1 6688/491/1 6689/490/1
f 6687/500/1 6689/490/1 6690/503/1
f 6691/504/2 6692/493/2 6693/492/2
f 6691/504/2 6693/492/2 6694/502/2
f 6695/505/3 6696/496/3 6697/493/3
f 6695/505/3 6697/493/3 6698/504/3
f 6699/296/10 6700/491/10 6701/490/10
f 6699/296/10 6701/490/10 6702/297/10
f 6703/494/2 6704/493/2 6705/492/2
f 6703/494/2 6705/492/2 6706/495/2
f 6707/496/8 6708/493/8 6709/494/8
f 6707/496/8 6709/494/8 6710/497/8
f 6711/491/2 6712/296/2 6713/499/2
f 6711/491/2 6713/499/2 6714/498/2
f 6715/498/869 6716/499/869 6717/495/869
f 6715/498/868 6717/495/868 6718/492/868
f 6719/491/2 6720/498/2 6721/501/2
f 6719/491/2 6721/501/2 6722/500/2
f 6723/498/871 6724/492/871 6725/502/871
f 6723/498/870 6725/502/870 6726/501/870
f 6727/490/1 6728/491/1 6729/500/1
f 6727/490/1 6729/500/1 6730/503/1
f 6731/492/2 6732/493/2 6733/504/2
f 6731/492/2 6733/504/2 6734/502/2
f 6735/493/3 6736/496/3 6737/505/3
f 6735/493/3 6737/505/3 6738/504/3
f 6739/490/8 6740/491/8 6741/296/8
f 6739/490/8 6741/296/8 6742/297/8
f 6743/492/2 6744/493/2 6745/494/2
f 6743/492/2 6745/494/2 6746/495/2
f 6747/494/10 6748/493/10 6749/496/10
f 6747/494/10 6749/496/10 6750/497/10
f 6751/491/2 6752/498/2 6753/499/2
f 6751/491/2 6753/499/2 6754/296/2
f 6755/498/872 6756/492/872 6757/495/872
f 6755/498/873 6757/495/873 6758/499/873
f 6759/491/2 6760/500/2 6761/501/2
f 6759/491/2 6761/501/2 6762/498/2
f 6763/498/871 6764/501/871 6765/502/871
f 6763/498/871 6765/502/871 6766/492/871
f 6767/500/1 6768/491/1 6769/490/1
f 6767/500/1 6769/490/1 6770/503/1
f 6771/504/2 6772/493/2 6773/492/2
f 6771/504/2 6773/492/2 6774/502/2
f 6775/505/3 6776/496/3 6777/493/3
f 6775/505/3 6777/493/3 6778/504/3
f 6779/296/10 6780/491/10 6781/490/10
f 6779/296/10 6781/490/10 6782/297/10
f 6783/494/2 6784/493/2 6785/492/2
f 6783/494/2 6785/492/2 6786/495/2
f 6787/496/8 6788/493/8 6789/494/8
f 6787/496/8 6789/494/8 6790/497/8
f 6791/491/2 6792/296/2 6793/499/2
f 6791/491/2 6793/499/2 6794/498/2
f 6795/498/869 6796/499/869 6797/495/869
f 6795/498/868 6797/495/868 6798/492/868
f 6799/491/2 6800/498/2 6801/501/2
f 6799/491/2 6801/501/2 6802/500/2
f 6803/498/871 6804/492/871 6805/502/871
f 6803/498/871 6805/502/871 6806/501/871
f 6807/490/1 6808/491/1 6809/500/1
f 6807/490/1 6809/500/1 6810/503/1
f 6811/492/2 6812/493/2 6813/504/2
f 6811/492/2 6813/504/2 6814/502/2
f 6815/493/3 6816/496/3 6817/505/3
f 6815/493/3 6817/505/3 6818/504/3
f 6819/490/8 6820/491/8 6821/296/8
f 6819/490/8 6821/296/8 6822/297/8
f 6823/492/2 6824/493/2 6825/494/2
f 6823/492/2 6825/494/2 6826/495/2
f 6827/494/10 6828/493/10 6829/496/10
f 6827/494/10 6829/496/10 6830/497/10
f 6831/491/2 6832/498/2 6833/499/2
f 6831/491/2 6833/499/2 6834/296/2
f 6835/498/873 6836/492/873 6837/495/873
f 6835/498/873 6837/495/873 6838/499/873
f 6839/491/2 6840/500/2 6841/501/2
f 6839/491/2 6841/501/2 6842/498/2
f 6843/498/871 6844/501/871 6845/502/871
f 6843/498/871 6845/502/871 6846/492/871
f 6847/500/1 6848/491/1 6849/490/1
f 6847/500/1 6849/490/1 6850/503/1
f 6851/504/2 6852/493/2 6853/492/2
f 6851/504/2 6853/492/2 6854/502/2
f 6855/505/3 6856/496/3 6857/493/3
f 6855/505/3 6857/493/3 6858/504/3
f 6859/296/10 6860/491/10 6861/490/10
f 6859/296/10 6861/490/10 6862/297/10
f 6863/494/2 6864/493/2 6865/492/2
f 6863/494/2 6865/492/2 6866/495/2
f 6867/496/8 6868/493/8 6869/494/8
f 6867/496/8 6869/494/8 6870/497/8
f 6871/491/2 6872/296/2 6873/499/2
f 6871/491/2 6873/499/2 6874/498/2
f 6875/498/868 6876/499/868 6877/495/868
f 6875/498/868 6877/495/868 6878/492/868
f 6879/491/2 6880/498/2 6881/501/2
f 6879/491/2 6881/501/2 6882/500/2
f 6883/498/871 6884/492/871 6885/502/871
f 6883/498/871 6885/502/871 6886/501/871
f 6887/490/1 6888/491/1 6889/500/1
f 6887/490/1 6889/500/1 6890/503/1
f 6891/492/2 6892/493/2 6893/504/2
f 6891/492/2 6893/504/2 6894/502/2
f 6895/493/3 6896/496/3 6897/505/3
f 6895/493/3 6897/505/3 6898/504/3
f 6899/490/8 6900/491/8 6901/296/8
f 6899/490/8 6901/296/8 6902/297/8
f 6903/492/2 6904/493/2 6905/494/2
f 6903/492/2 6905/494/2 6906/495/2
f 6907/494/10 6908/493/10 6909/496/10
f 6907/494/10 6909/496/10 6910/497/10
f 6911/491/2 6912/498/2 6913/499/2
f 6911/491/2 6913/499/2 6914/296/2
f 6915/498/872 6916/492/872 6917/495/872
f 6915/498/872 6917/495/872 6918/499/872
f 6919/491/2 6920/500/2 6921/501/2
f 6919/491/2 6921/501/2 6922/498/2
f 6923/498/871 6924/501/871 6925/502/871
f 6923/498/871 6925/502/871 6926/492/871
f 6927/500/1 6928/491/1 6929/490/1
f 6927/500/1 6929/490/1 6930/503/1
f 6931/504/2 6932/493/2 6933/492/2
f 6931/504/2 6933/492/2 6934/502/2
f 6935/505/3 6936/496/3 6937/493/3
f 6935/505/3 6937/493/3 6938/504/3
f 6939/1/1 6940/2/1 6941/3/1
f 6939/1/1 6941/3/1 6942/4/1
f 6943/2/2 6944/5/2 6945/6/2
f 6943/2/2 6945/6/2 6946/3/2
f 6947/7/3 6948/8/3 6949/9/3
f 6947/7/3 6949/9/3 6950/10/3
f 6951/11/4 6952/1/4 6953/4/4
f 6951/11/4 6953/4/4 6954/12/4
f 6955/13/5 6956/7/5 6957/10/5
f 6955/13/874 6957/10/874 6958/14/874
f 6959/3/1 6960/15/1 6961/16/1
f 6959/3/1 6961/16/1 6962/4/1
f 6963/6/2 6964/17/2 6965/15/2
f 6963/6/2 6965/15/2 6966/3/2
f 6967/9/3 6968/18/3 6969/19/3
f 6967/9/3 6969/19/3 6970/10/3
f 6971/4/4 6972/16/4 6973/20/4
f 6971/4/4 6973/20/4 6974/12/4
f 6975/10/5 6976/19/5 6977/21/5
f 6975/10/874 6977/21/874 6978/14/874
f 6979/12/6 6980/22/6 6981/23/6
f 6979/12/6 6981/23/6 6982/11/6
f 6983/22/875 6984/9/875 6985/8/875
f 6983/22/7 6985/8/7 6986/23/7
f 6987/22/6 6988/12/6 6989/20/6
f 6987/22/6 6989/20/6 6990/24/6
f 6991/9/875 6992/22/875 6993/24/875
f 6991/9/7 6993/24/7 6994/18/7
f 6995/20/6 6996/25/6 6997/26/6
f 6995/20/6 6997/26/6 6998/24/6
f 6999/18/7 7000/24/7 7001/26/7
f 6999/18/7 7001/26/7 7002/27/7
f 7003/28/1 7004/16/1 7005/15/1
f 7003/28/1 7005/15/1 7006/29/1
f 7007/15/2 7008/17/2 7009/30/2
f 7007/15/2 7009/30/2 7010/29/2
f 7011/19/3 7012/18/3 7013/27/3
f 7011/19/3 7013/27/3 7014/31/3
f 7015/25/4 7016/20/4 7017/16/4
f 7015/25/4 7017/16/4 7018/28/4
f 7019/21/5 7020/19/5 7021/31/5
f 7019/21/5 7021/31/5 7022/32/5
f 7023/20/8 7024/33/8 7025/34/8
f 7023/20/8 7025/34/8 7026/24/8
f 7027/24/9 7028/34/9 7029/35/9
f 7027/24/9 7029/35/9 7030/18/9
f 7031/26/8 7032/25/8 7033/20/8
f 7031/26/8 7033/20/8 7034/24/8
f 7035/18/9 7036/27/9 7037/26/9
f 7035/18/9 7037/26/9 7038/24/9
f 7039/28/1 7040/29/1 7041/15/1
f 7039/28/1 7041/15/1 7042/16/1
f 7043/30/10 7044/17/10 7045/15/10
f 7043/30/10 7045/15/10 7046/29/10
f 7047/27/3 7048/18/3 7049/19/3
f 7047/27/3 7049/19/3 7050/31/3
f 7051/25/11 7052/28/11 7053/16/11
f 7051/25/11 7053/16/11 7054/20/11
f 7055/31/12 7056/19/12 7057/21/12
f 7055/31/15 7057/21/15 7058/32/15
f 7059/16/1 7060/15/1 7061/36/1
f 7059/16/1 7061/36/1 7062/37/1
f 7063/15/10 7064/17/10 7065/38/10
f 7063/15/10 7065/38/10 7066/36/10
f 7067/19/3 7068/18/3 7069/35/3
f 7067/19/3 7069/35/3 7070/39/3
f 7071/20/11 7072/16/11 7073/37/11
f 7071/20/11 7073/37/11 7074/33/11
f 7075/21/12 7076/19/12 7077/39/12
f 7075/21/12 7077/39/12 7078/40/12
f 7079/3/1 7080/2/1 7081/1/1
f 7079/3/1 7081/1/1 7082/4/1
f 7083/6/6 7084/5/6 7085/2/6
f 7083/6/6 7085/2/6 7086/3/6
f 7087/9/3 7088/8/3 7089/7/3
f 7087/9/3 7089/7/3 7090/10/3
f 7091/4/13 7092/1/13 7093/11/13
f 7091/4/13 7093/11/13 7094/12/13
f 7095/10/7 7096/7/7 7097/13/7
f 7095/10/7 7097/13/7 7098/14/7
f 7099/16/1 7100/15/1 7101/3/1
f 7099/16/1 7101/3/1 7102/4/1
f 7103/15/6 7104/17/6 7105/6/6
f 7103/15/6 7105/6/6 7106/3/6
f 7107/19/3 7108/18/3 7109/9/3
f 7107/19/3 7109/9/3 7110/10/3
f 7111/20/13 7112/16/13 7113/4/13
f 7111/20/13 7113/4/13 7114/12/13
f 7115/21/7 7116/19/7 7117/10/7
f 7115/21/17 7117/10/17 7118/14/17
f 7119/23/2 7120/22/2 7121/12/2
f 7119/23/2 7121/12/2 7122/11/2
f 7123/8/874 7124/9/874 7125/22/874
f 7123/8/5 7125/22/5 7126/23/5
f 7127/20/2 7128/12/2 7129/22/2
f 7127/20/2 7129/22/2 7130/24/2
f 7131/24/874 7132/22/874 7133/9/874
f 7131/24/5 7133/9/5 7134/18/5
f 7135/26/2 7136/25/2 7137/20/2
f 7135/26/2 7137/20/2 7138/24/2
f 7139/18/5 7140/27/5 7141/26/5
f 7139/18/5 7141/26/5 7142/24/5
f 7143/28/1 7144/29/1 7145/15/1
f 7143/28/1 7145/15/1 7146/16/1
f 7147/30/6 7148/17/6 7149/15/6
f 7147/30/6 7149/15/6 7150/29/6
f 7151/27/3 7152/18/3 7153/19/3
f 7151/27/3 7153/19/3 7154/31/3
f 7155/25/13 7156/28/13 7157/16/13
f 7155/25/13 7157/16/13 7158/20/13
f 7159/31/7 7160/19/7 7161/21/7
f 7159/31/875 7161/21/875 7162/32/875
f 7163/34/8 7164/33/8 7165/20/8
f 7163/34/8 7165/20/8 7166/24/8
f 7167/35/9 7168/34/9 7169/24/9
f 7167/35/9 7169/24/9 7170/18/9
f 7171/20/8 7172/25/8 7173/26/8
f 7171/20/8 7173/26/8 7174/24/8
f 7175/18/9 7176/24/9 7177/26/9
f 7175/18/9 7177/26/9 7178/27/9
f 7179/28/1 7180/16/1 7181/15/1
f 7179/28/1 7181/15/1 7182/29/1
f 7183/15/10 7184/17/10 7185/30/10
f 7183/15/10 7185/30/10 7186/29/10
f 7187/19/3 7188/18/3 7189/27/3
f 7187/19/3 7189/27/3 7190/31/3
f 7191/25/11 7192/20/11 7193/16/11
f 7191/25/11 7193/16/11 7194/28/11
f 7195/21/12 7196/19/12 7197/31/12
f 7195/21/15 7197/31/15 7198/32/15
f 7199/36/1 7200/15/1 7201/16/1
f 7199/36/1 7201/16/1 7202/37/1
f 7203/38/10 7204/17/10 7205/15/10
f 7203/38/10 7205/15/10 7206/36/10
f 7207/35/3 7208/18/3 7209/19/3
f 7207/35/3 7209/19/3 7210/39/3
f 7211/37/11 7212/16/11 7213/20/11
f 7211/37/11 7213/20/11 7214/33/11
f 7215/39/12 7216/19/12 7217/21/12
f 7215/39/12 7217/21/12 7218/40/12
f 7219/3/1 7220/2/1 7221/1/1
f 7219/3/1 7221/1/1 7222/4/1
f 7223/6/2 7224/5/2 7225/2/2
f 7223/6/2 7225/2/2 7226/3/2
f 7227/9/3 7228/8/3 7229/7/3
f 7227/9/3 7229/7/3 7230/10/3
f 7231/4/4 7232/1/4 7233/11/4
f 7231/4/4 7233/11/4 7234/12/4
f 7235/10/5 7236/7/5 7237/13/5
f 7235/10/14 7237/13/14 7238/14/14
f 7239/16/1 7240/15/1 7241/3/1
f 7239/16/1 7241/3/1 7242/4/1
f 7243/15/2 7244/17/2 7245/6/2
f 7243/15/2 7245/6/2 7246/3/2
f 7247/19/3 7248/18/3 7249/9/3
f 7247/19/3 7249/9/3 7250/10/3
f 7251/20/4 7252/16/4 7253/4/4
f 7251/20/4 7253/4/4 7254/12/4
f 7255/21/5 7256/19/5 7257/10/5
f 7255/21/5 7257/10/5 7258/14/5
f 7259/23/6 7260/22/6 7261/12/6
f 7259/23/6 7261/12/6 7262/11/6
f 7263/8/7 7264/9/7 7265/22/7
f 7263/8/7 7265/22/7 7266/23/7
f 7267/20/6 7268/12/6 7269/22/6
f 7267/20/16 7269/22/16 7270/24/16
f 7271/24/7 7272/22/7 7273/9/7
f 7271/24/7 7273/9/7 7274/18/7
f 7275/26/6 7276/25/6 7277/20/6
f 7275/26/16 7277/20/16 7278/24/16
f 7279/18/7 7280/27/7 7281/26/7
f 7279/18/7 7281/26/7 7282/24/7
f 7283/28/1 7284/29/1 7285/15/1
f 7283/28/1 7285/15/1 7286/16/1
f 7287/30/2 7288/17/2 7289/15/2
f 7287/30/2 7289/15/2 7290/29/2
f 7291/27/3 7292/18/3 7293/19/3
f 7291/27/3 7293/19/3 7294/31/3
f 7295/25/4 7296/28/4 7297/16/4
f 7295/25/4 7297/16/4 7298/20/4
f 7299/31/5 7300/19/5 7301/21/5
f 7299/31/874 7301/21/874 7302/32/874
f 7303/34/10 7304/33/10 7305/20/10
f 7303/34/10 7305/20/10 7306/24/10
f 7307/35/12 7308/34/12 7309/24/12
f 7307/35/12 7309/24/12 7310/18/12
f 7311/20/10 7312/25/10 7313/26/10
f 7311/20/10 7313/26/10 7314/24/10
f 7315/18/876 7316/24/876 7317/26/876
f 7315/18/12 7317/26/12 7318/27/12
f 7319/28/1 7320/16/1 7321/15/1
f 7319/28/1 7321/15/1 7322/29/1
f 7323/15/8 7324/17/8 7325/30/8
f 7323/15/8 7325/30/8 7326/29/8
f 7327/19/3 7328/18/3 7329/27/3
f 7327/19/3 7329/27/3 7330/31/3
f 7331/25/18 7332/20/18 7333/16/18
f 7331/25/18 7333/16/18 7334/28/18
f 7335/21/9 7336/19/9 7337/31/9
f 7335/21/877 7337/31/877 7338/32/877
f 7339/36/1 7340/15/1 7341/16/1
f 7339/36/1 7341/16/1 7342/37/1
f 7343/38/8 7344/17/8 7345/15/8
f 7343/38/8 7345/15/8 7346/36/8
f 7347/35/3 7348/18/3 7349/19/3
f 7347/35/3 7349/19/3 7350/39/3
f 7351/37/18 7352/16/18 7353/20/18
f 7351/37/18 7353/20/18 7354/33/18
f 7355/39/9 7356/19/9 7357/21/9
f 7355/39/877 7357/21/877 7358/40/877
f 7359/1/1 7360/2/1 7361/3/1
f 7359/1/1 7361/3/1 7362/4/1
f 7363/2/6 7364/5/6 7365/6/6
f 7363/2/6 7365/6/6 7366/3/6
f 7367/7/3 7368/8/3 7369/9/3
f 7367/7/3 7369/9/3 7370/10/3
f 7371/11/13 7372/1/13 7373/4/13
f 7371/11/13 7373/4/13 7374/12/13
f 7375/13/7 7376/7/7 7377/10/7
f 7375/13/7 7377/10/7 7378/14/7
f 7379/3/1 7380/15/1 7381/16/1
f 7379/3/1 7381/16/1 7382/4/1
f 7383/6/6 7384/17/6 7385/15/6
f 7383/6/6 7385/15/6 7386/3/6
f 7387/9/3 7388/18/3 7389/19/3
f 7387/9/3 7389/19/3 7390/10/3
f 7391/4/13 7392/16/13 7393/20/13
f 7391/4/13 7393/20/13 7394/12/13
f 7395/10/7 7396/19/7 7397/21/7
f 7395/10/7 7397/21/7 7398/14/7
f 7399/12/2 7400/22/2 7401/23/2
f 7399/12/2 7401/23/2 7402/11/2
f 7403/22/874 7404/9/874 7405/8/874
f 7403/22/5 7405/8/5 7406/23/5
f 7407/22/2 7408/12/2 7409/20/2
f 7407/22/2 7409/20/2 7410/24/2
f 7411/9/14 7412/22/14 7413/24/14
f 7411/9/5 7413/24/5 7414/18/5
f 7415/20/2 7416/25/2 7417/26/2
f 7415/20/2 7417/26/2 7418/24/2
f 7419/18/5 7420/24/5 7421/26/5
f 7419/18/5 7421/26/5 7422/27/5
f 7423/28/1 7424/16/1 7425/15/1
f 7423/28/1 7425/15/1 7426/29/1
f 7427/15/6 7428/17/6 7429/30/6
f 7427/15/6 7429/30/6 7430/29/6
f 7431/19/3 7432/18/3 7433/27/3
f 7431/19/3 7433/27/3 7434/31/3
f 7435/25/13 7436/20/13 7437/16/13
f 7435/25/13 7437/16/13 7438/28/13
f 7439/21/7 7440/19/7 7441/31/7
f 7439/21/875 7441/31/875 7442/32/875
f 7443/20/10 7444/33/10 7445/34/10
f 7443/20/10 7445/34/10 7446/24/10
f 7447/24/12 7448/34/12 7449/35/12
f 7447/24/12 7449/35/12 7450/18/12
f 7451/26/10 7452/25/10 7453/20/10
f 7451/26/10 7453/20/10 7454/24/10
f 7455/18/12 7456/27/12 7457/26/12
f 7455/18/12 7457/26/12 7458/24/12
f 7459/28/1 7460/29/1 7461/15/1
f 7459/28/1 7461/15/1 7462/16/1
f 7463/30/8 7464/17/8 7465/15/8
f 7463/30/8 7465/15/8 7466/29/8
f 7467/27/3 7468/18/3 7469/19/3
f 7467/27/3 7469/19/3 7470/31/3
f 7471/25/18 7472/28/18 7473/16/18
f 7471/25/18 7473/16/18 7474/20/18
f 7475/31/9 7476/19/9 7477/21/9
f 7475/31/19 7477/21/19 7478/32/19
f 7479/16/1 7480/15/1 7481/36/1
f 7479/16/1 7481/36/1 7482/37/1
f 7483/15/8 7484/17/8 7485/38/8
f 7483/15/8 7485/38/8 7486/36/8
f 7487/19/3 7488/18/3 7489/35/3
f 7487/19/3 7489/35/3 7490/39/3
f 7491/20/18 7492/16/18 7493/37/18
f 7491/20/18 7493/37/18 7494/33/18
f 7495/21/9 7496/19/9 7497/39/9
f 7495/21/877 7497/39/877 7498/40/877
f 7499/506/8 7500/507/8 7501/508/8
f 7499/506/8 7501/508/8 7502/509/8
f 7503/510/6 7504/511/6 7505/512/6
f 7503/510/6 7505/512/6 7506/513/6
f 7507/510/10 7508/514/10 7509/515/10
f 7507/510/10 7509/515/10 7510/511/10
f 7511/514/2 7512/509/2 7513/508/2
f 7511/514/2 7513/508/2 7514/515/2
s 1
f 7515/507/878 7516/516/878 7517/517/879
f 7515/507/878 7517/517/879 7518/508/879
f 7519/511/880 7520/518/881 7521/519/882
f 7519/511/880 7521/519/882 7522/512/882
f 7523/515/883 7524/520/883 7525/521/884
f 7523/515/883 7525/521/884 7526/511/884
f 7527/508/885 7528/522/885 7529/523/886
f 7527/508/885 7529/523/886 7530/515/886
s 0
f 7531/524/2 7532/525/2 7533/526/2
f 7531/524/2 7533/526/2 7534/527/2
f 7532/525/2 7535/528/2 7533/526/2
f 7532/525/2 7536/529/2 7535/528/2
f 7536/529/2 7537/530/2 7535/528/2
f 7536/529/2 7538/531/2 7537/530/2
f 7538/531/2 7539/532/2 7537/530/2
f 7538/531/2 7540/533/2 7539/532/2
f 7540/533/2 7541/534/2 7539/532/2
f 7540/533/2 7542/535/2 7541/534/2
f 7542/535/2 7543/536/2 7541/534/2
f 7542/535/2 7544/537/2 7543/536/2
f 7544/537/2 7545/538/2 7543/536/2
f 7544/537/2 7546/539/2 7545/538/2
s 1
f 7547/540/887 7548/541/888 7549/525/889
f 7547/540/887 7549/525/889 7550/524/890
f 7548/541/888 7551/529/891 7549/525/889
f 7552/542/892 7548/541/888 7547/540/887
f 7552/542/892 7547/540/887 7553/396/893
f 7548/541/888 7554/543/894 7551/529/891
f 7552/542/892 7554/543/894 7548/541/888
f 7554/543/894 7555/531/895 7551/529/891
f 7552/542/892 7553/396/893 7556/544/2
f 7552/542/892 7556/544/2 7557/545/896
f 7552/542/892 7557/545/896 7558/546/897
f 7552/542/892 7558/546/897 7559/547/898
f 7552/542/892 7559/547/898 7554/543/894
f 7560/548/899 7559/547/898 7558/546/897
f 7554/543/894 7561/549/900 7555/531/895
f 7559/547/898 7561/549/900 7554/543/894
f 7561/549/900 7562/533/18 7555/531/895
f 7563/550/901 7559/547/898 7560/548/899
f 7559/547/898 7563/550/901 7561/549/900
f 7563/550/901 7560/548/899 7564/551/2
f 7561/549/900 7565/552/902 7562/533/18
f 7563/550/901 7565/552/902 7561/549/900
f 7565/552/902 7566/535/903 7562/533/18
f 7567/553/904 7563/550/901 7564/551/2
f 7563/550/901 7567/553/904 7565/552/902
f 7567/553/904 7564/551/2 7568/554/2
f 7565/552/902 7569/555/905 7566/535/903
f 7567/553/904 7569/555/905 7565/552/902
f 7569/555/905 7570/537/906 7566/535/903
f 7571/556/907 7567/553/904 7568/554/2
f 7567/553/904 7571/556/907 7569/555/905
f 7571/556/907 7568/554/2 7572/557/2
f 7569/555/905 7573/558/908 7570/537/906
f 7571/556/907 7573/558/908 7569/555/905
f 7573/558/908 7574/539/600 7570/537/906
f 7573/558/908 7575/559/909 7574/539/600
f 7571/556/907 7576/560/910 7573/558/908
f 7576/560/910 7575/559/909 7573/558/908
f 7576/560/910 7571/556/907 7572/557/2
f 7576/560/910 7577/561/911 7575/559/909
f 7576/560/910 7572/557/2 7578/562/2
f 7577/561/911 7576/560/910 7578/562/2
f 7577/561/911 7578/562/2 7579/563/2
f 7580/564/18 7581/565/895 7582/530/895
f 7580/564/18 7582/530/895 7583/532/18
f 7581/565/895 7584/528/891 7582/530/895
f 7585/566/903 7580/564/18 7583/532/18
f 7581/565/895 7586/567/891 7584/528/891
f 7585/566/903 7583/532/18 7587/534/903
f 7586/567/891 7588/526/889 7584/528/891
f 7589/568/906 7585/566/903 7587/534/903
f 7586/567/891 7590/569/889 7588/526/889
f 7590/569/889 7591/527/890 7588/526/889
f 7590/569/889 7592/91/890 7591/527/890
f 7589/568/906 7587/534/903 7593/536/906
f 7594/570/600 7589/568/906 7593/536/906
f 7594/570/600 7593/536/906 7595/538/600
s 0
f 7596/571/6 7597/572/6 7598/573/6
f 7596/571/6 7598/573/6 7599/574/6
f 7597/572/6 7600/575/6 7598/573/6
f 7601/576/6 7596/571/6 7599/574/6
f 7597/572/6 7602/577/6 7600/575/6
f 7601/576/6 7599/574/6 7603/578/6
f 7604/579/6 7601/576/6 7603/578/6
f 7604/579/6 7603/578/6 7605/580/6
f 7606/581/6 7604/579/6 7605/580/6
f 7606/581/6 7607/582/6 7604/579/6
f 7600/575/6 7602/577/6 7608/583/6
f 7602/577/6 7609/584/6 7608/583/6
f 7602/577/6 7610/585/6 7609/584/6
f 7608/583/6 7609/584/6 7611/586/6
f 7608/583/6 7611/586/6 7612/587/6
s 1
f 7613/554/9 7614/551/912 7615/588/912
f 7613/554/9 7615/588/912 7616/589/9
f 7614/551/912 7617/590/913 7615/588/912
f 7618/557/914 7613/554/9 7616/589/9
f 7614/551/912 7619/548/915 7617/590/913
f 7619/548/915 7620/591/916 7617/590/913
f 7619/548/915 7621/546/916 7620/591/916
f 7618/557/914 7616/589/9 7622/592/914
f 7623/562/917 7618/557/914 7622/592/914
f 7623/562/917 7622/592/914 7624/593/917
f 7625/563/168 7623/562/917 7624/593/917
f 7625/563/168 7624/593/917 7626/594/168
s 0
f 7627/526/2 7628/595/918 7629/596/2
f 7627/526/2 7629/596/2 7630/527/2
f 7627/526/2 7631/528/2 7628/595/2
f 7632/529/2 7628/595/918 7631/528/2
f 7633/530/2 7632/529/2 7631/528/2
f 7633/530/2 7634/531/2 7632/529/2
f 7635/532/2 7634/531/2 7633/530/2
f 7635/532/2 7636/533/2 7634/531/2
f 7637/534/2 7636/533/2 7635/532/2
f 7637/534/2 7638/535/2 7636/533/2
f 7639/536/2 7638/535/2 7637/534/2
f 7639/536/2 7640/537/2 7638/535/2
f 7641/538/2 7640/537/2 7639/536/2
f 7641/538/2 7642/539/2 7640/537/2
s 1
f 7643/535/919 7644/555/920 7645/552/921
f 7646/537/922 7644/555/920 7643/535/919
f 7643/535/919 7645/552/921 7647/533/11
f 7646/537/922 7648/558/923 7644/555/920
f 7649/539/593 7648/558/923 7646/537/922
f 7649/539/593 7650/559/924 7648/558/923
f 7647/533/11 7645/552/921 7651/549/925
f 7647/533/11 7651/549/925 7652/531/926
f 7645/552/921 7653/550/927 7651/549/925
f 7650/559/924 7654/560/928 7648/558/923
f 7650/559/924 7655/561/911 7654/560/928
f 7656/562/2 7654/560/928 7655/561/911
f 7656/562/2 7655/561/911 7657/563/2
f 7658/557/2 7654/560/928 7656/562/2
f 7648/558/923 7654/560/928 7659/556/929
f 7658/557/2 7659/556/929 7654/560/928
f 7648/558/923 7659/556/929 7644/555/920
f 7660/554/2 7659/556/929 7658/557/2
f 7644/555/920 7661/553/930 7645/552/921
f 7644/555/920 7659/556/929 7661/553/930
f 7660/554/2 7661/553/930 7659/556/929
f 7662/551/2 7661/553/930 7660/554/2
f 7645/552/921 7661/553/930 7653/550/927
f 7662/551/2 7653/550/927 7661/553/930
f 7663/597/2 7653/550/927 7662/551/2
f 7663/597/2 7664/598/931 7653/550/927
f 7653/550/927 7664/598/931 7665/599/932
f 7653/550/927 7665/599/932 7651/549/925
f 7666/543/933 7651/549/925 7665/599/932
f 7652/531/926 7651/549/925 7666/543/933
f 7665/599/932 7667/600/934 7666/543/933
f 7652/531/926 7666/543/933 7668/529/935
f 7669/601/936 7666/543/933 7667/600/934
f 7669/601/936 7668/529/935 7666/543/933
f 7670/530/926 7671/565/926 7672/564/11
f 7673/528/937 7671/565/926 7670/530/926
f 7670/530/926 7672/564/11 7674/532/11
f 7673/528/937 7675/567/937 7671/565/926
f 7674/532/11 7672/564/11 7676/566/919
f 7677/526/938 7675/567/937 7673/528/937
f 7674/532/11 7676/566/919 7678/534/919
f 7677/526/938 7679/569/938 7675/567/937
f 7680/527/939 7679/569/938 7677/526/938
f 7680/527/939 7681/91/939 7679/569/938
f 7678/534/919 7676/566/919 7682/568/922
f 7678/534/919 7682/568/922 7683/536/922
f 7683/536/922 7682/568/922 7684/570/593
f 7683/536/922 7684/570/593 7685/538/593
s 0
f 7686/573/6 7687/572/6 7688/571/6
f 7686/573/6 7688/571/6 7689/574/6
f 7689/574/6 7688/571/6 7690/576/6
f 7686/573/6 7691/575/6 7687/572/6
f 7689/574/6 7690/576/6 7692/578/6
f 7692/578/6 7690/576/6 7693/579/6
f 7692/578/6 7693/579/6 7694/580/6
f 7695/581/6 7694/580/6 7693/579/6
f 7695/581/6 7693/579/6 7696/582/6
f 7697/602/6 7687/572/6 7691/575/6
f 7697/602/6 7698/603/6 7687/572/6
f 7691/575/6 7699/604/6 7697/602/6
f 7691/575/6 7700/583/6 7699/604/6
f 7700/583/6 7701/605/6 7699/604/6
f 7700/583/6 7702/587/6 7701/605/6
s 1
f 7703/588/940 7704/551/940 7705/554/12
f 7706/606/941 7704/551/940 7703/588/940
f 7706/606/941 7707/597/941 7704/551/940
f 7703/588/940 7705/554/12 7708/589/12
f 7708/589/12 7705/554/12 7709/557/942
f 7708/589/12 7709/557/942 7710/592/942
f 7710/592/942 7709/557/942 7711/562/943
f 7710/592/942 7711/562/943 7712/593/943
f 7712/593/943 7711/562/943 7713/563/171
f 7712/593/943 7713/563/171 7714/594/842
f 7715/529/944 7716/601/945 7717/595/918
s 0
f 7718/526/2 7719/525/2 7720/524/2
f 7718/526/2 7720/524/2 7721/527/2
f 7722/528/2 7719/525/2 7718/526/2
f 7722/528/2 7723/529/2 7719/525/2
f 7724/530/2 7723/529/2 7722/528/2
f 7724/530/2 7725/531/2 7723/529/2
f 7726/532/2 7725/531/2 7724/530/2
f 7726/532/2 7727/533/2 7725/531/2
f 7728/534/2 7727/533/2 7726/532/2
f 7728/534/2 7729/535/2 7727/533/2
f 7730/536/2 7729/535/2 7728/534/2
f 7730/536/2 7731/537/2 7729/535/2
f 7732/538/2 7731/537/2 7730/536/2
f 7732/538/2 7733/539/2 7731/537/2
s 1
f 7734/525/938 7735/541/946 7736/540/947
f 7734/525/938 7736/540/947 7737/524/939
f 7738/529/937 7735/541/946 7734/525/938
f 7736/540/947 7735/541/946 7739/542/948
f 7736/540/947 7739/542/948 7740/396/949
f 7738/529/937 7741/543/950 7735/541/946
f 7741/543/950 7739/542/948 7735/541/946
f 7742/531/926 7741/543/950 7738/529/937
f 7743/607/2 7740/396/949 7739/542/948
f 7743/607/2 7739/542/948 7744/608/951
f 7745/609/952 7744/608/951 7739/542/948
f 7745/609/952 7739/542/948 7746/547/953
f 7741/543/950 7746/547/953 7739/542/948
f 7747/548/954 7745/609/952 7746/547/953
f 7742/531/926 7748/549/955 7741/543/950
f 7748/549/955 7746/547/953 7741/543/950
f 7749/533/11 7748/549/955 7742/531/926
f 7747/548/954 7746/547/953 7750/550/956
f 7748/549/955 7750/550/956 7746/547/953
f 7747/548/954 7750/550/956 7751/551/2
f 7749/533/11 7752/552/957 7748/549/955
f 7752/552/957 7750/550/956 7748/549/955
f 7753/535/919 7752/552/957 7749/533/11
f 7751/551/2 7750/550/956 7754/553/930
f 7752/552/957 7754/553/930 7750/550/956
f 7751/551/2 7754/553/930 7755/554/2
f 7753/535/919 7756/555/920 7752/552/957
f 7756/555/920 7754/553/930 7752/552/957
f 7757/537/922 7756/555/920 7753/535/919
f 7755/554/2 7754/553/930 7758/556/929
f 7756/555/920 7758/556/929 7754/553/930
f 7755/554/2 7758/556/929 7759/557/2
f 7757/537/922 7760/558/923 7756/555/920
f 7760/558/923 7758/556/929 7756/555/920
f 7761/539/593 7760/558/923 7757/537/922
f 7761/539/593 7762/559/924 7760/558/923
f 7760/558/923 7763/560/928 7758/556/929
f 7759/557/2 7758/556/929 7763/560/928
f 7762/559/924 7763/560/928 7760/558/923
f 7759/557/2 7763/560/928 7764/562/2
f 7762/559/924 7765/561/911 7763/560/928
f 7764/562/2 7763/560/928 7765/561/911
f 7764/562/2 7765/561/911 7766/563/2
f 7767/530/926 7768/565/926 7769/564/11
f 7770/528/937 7768/565/926 7767/530/926
f 7767/530/926 7769/564/11 7771/532/11
f 7770/528/937 7772/567/937 7768/565/926
f 7771/532/11 7769/564/11 7773/566/919
f 7774/526/938 7772/567/937 7770/528/937
f 7771/532/11 7773/566/919 7775/534/919
f 7774/526/938 7776/569/938 7772/567/937
f 7777/527/939 7776/569/938 7774/526/938
f 7777/527/939 7778/91/939 7776/569/938
f 7775/534/919 7773/566/919 7779/568/922
f 7775/534/919 7779/568/922 7780/536/922
f 7780/536/922 7779/568/922 7781/570/593
f 7780/536/922 7781/570/593 7782/538/593
s 0
f 7783/573/6 7784/572/6 7785/571/6
f 7786/575/6 7784/572/6 7783/573/6
f 7783/573/6 7785/571/6 7787/574/6
f 7786/575/6 7788/577/6 7784/572/6
f 7787/574/6 7785/571/6 7789/576/6
f 7787/574/6 7789/576/6 7790/578/6
f 7790/578/6 7789/576/6 7791/579/6
f 7790/578/6 7791/579/6 7792/580/6
f 7793/581/6 7792/580/6 7791/579/6
f 7793/581/6 7791/579/6 7794/582/6
f 7786/575/6 7795/583/6 7788/577/6
f 7796/610/6 7788/577/6 7795/583/6
f 7796/610/6 7797/611/6 7788/577/6
f 7795/583/6 7798/612/6 7796/610/6
f 7795/583/6 7799/587/6 7798/612/6
s 1
f 7800/588/958 7801/551/958 7802/554/12
f 7803/590/959 7801/551/958 7800/588/958
f 7800/588/958 7802/554/12 7804/589/12
f 7803/590/959 7805/548/960 7801/551/958
f 7806/613/961 7805/548/960 7803/590/959
f 7806/613/961 7807/609/961 7805/548/960
f 7804/589/12 7802/554/12 7808/557/942
f 7804/589/12 7808/557/942 7809/592/942
f 7809/592/942 7808/557/942 7810/562/943
f 7809/592/942 7810/562/943 7811/593/943
f 7811/593/943 7810/562/943 7812/563/171
f 7811/593/943 7812/563/171 7813/594/171
s 0
f 7814/596/2 7815/595/2 7816/526/2
f 7814/596/2 7816/526/2 7817/527/2
f 7816/526/2 7815/595/2 7818/528/2
f 7815/595/2 7819/529/2 7818/528/2
f 7819/529/2 7820/530/2 7818/528/2
f 7819/529/2 7821/531/2 7820/530/2
f 7821/531/2 7822/532/2 7820/530/2
f 7821/531/2 7823/533/2 7822/532/2
f 7823/533/2 7824/534/2 7822/532/2
f 7823/533/2 7825/535/2 7824/534/2
f 7825/535/2 7826/536/2 7824/534/2
f 7825/535/2 7827/537/2 7826/536/2
f 7827/537/2 7828/538/2 7826/536/2
f 7827/537/2 7829/539/2 7828/538/2
s 1
f 7830/552/902 7831/555/905 7832/535/903
f 7830/552/902 7832/535/903 7833/533/18
f 7831/555/905 7834/537/906 7832/535/903
f 7835/549/962 7830/552/902 7833/533/18
f 7835/549/962 7833/533/18 7836/531/895
f 7837/550/963 7830/552/902 7835/549/962
f 7838/543/964 7835/549/962 7836/531/895
f 7838/543/964 7836/531/895 7839/529/891
f 7838/543/964 7839/529/891 7840/601/965
f 7838/543/964 7840/601/965 7841/600/966
f 7842/599/967 7838/543/964 7841/600/966
f 7838/543/964 7842/599/967 7835/549/962
f 7842/599/967 7837/550/963 7835/549/962
f 7842/599/967 7843/598/968 7837/550/963
f 7837/550/963 7843/598/968 7844/597/2
f 7837/550/963 7844/597/2 7845/551/2
f 7846/553/904 7837/550/963 7845/551/2
f 7837/550/963 7846/553/904 7830/552/902
f 7846/553/904 7831/555/905 7830/552/902
f 7846/553/904 7845/551/2 7847/554/2
f 7848/556/907 7846/553/904 7847/554/2
f 7846/553/904 7848/556/907 7831/555/905
f 7848/556/907 7847/554/2 7849/557/2
f 7848/556/907 7850/558/908 7831/555/905
f 7831/555/905 7850/558/908 7834/537/906
f 7850/558/908 7851/539/600 7834/537/906
f 7850/558/908 7852/559/909 7851/539/600
f 7848/556/907 7853/560/910 7850/558/908
f 7853/560/910 7852/559/909 7850/558/908
f 7853/560/910 7848/556/907 7849/557/2
f 7853/560/910 7854/561/911 7852/559/909
f 7853/560/910 7849/557/2 7855/562/2
f 7854/561/911 7853/560/910 7855/562/2
f 7854/561/911 7855/562/2 7856/563/2
f 7857/564/18 7858/565/895 7859/530/895
f 7857/564/18 7859/530/895 7860/532/18
f 7858/565/895 7861/528/891 7859/530/895
f 7862/566/903 7857/564/18 7860/532/18
f 7858/565/895 7863/567/891 7861/528/891
f 7862/566/903 7860/532/18 7864/534/903
f 7863/567/891 7865/526/889 7861/528/891
f 7866/568/906 7862/566/903 7864/534/903
f 7863/567/891 7867/569/889 7865/526/889
f 7867/569/889 7868/527/890 7865/526/889
f 7867/569/889 7869/91/890 7868/527/890
f 7866/568/906 7864/534/903 7870/536/906
f 7871/570/600 7866/568/906 7870/536/906
f 7871/570/600 7870/536/906 7872/538/600
s 0
f 7873/571/6 7874/572/6 7875/573/6
f 7873/571/6 7875/573/6 7876/574/6
f 7877/576/6 7873/571/6 7876/574/6
f 7875/573/6 7874/572/6 7878/575/6
f 7877/576/6 7876/574/6 7879/578/6
f 7880/579/6 7877/576/6 7879/578/6
f 7880/579/6 7879/578/6 7881/580/6
f 7882/581/6 7880/579/6 7881/580/6
f 7882/581/6 7883/582/6 7880/579/6
f 7874/572/6 7884/602/6 7878/575/6
f 7874/572/6 7885/603/6 7884/602/6
f 7878/575/6 7884/602/6 7886/604/6
f 7878/575/6 7886/604/6 7887/583/6
f 7887/583/6 7886/604/6 7888/605/6
f 7887/583/6 7888/605/6 7889/587/6
s 1
f 7890/554/9 7891/551/912 7892/588/912
f 7891/551/912 7893/606/969 7892/588/912
f 7891/551/912 7894/597/969 7893/606/969
f 7890/554/9 7892/588/912 7895/589/9
f 7896/557/914 7890/554/9 7895/589/9
f 7896/557/914 7895/589/9 7897/592/914
f 7898/562/917 7896/557/914 7897/592/914
f 7898/562/917 7897/592/914 7899/593/917
f 7900/563/970 7898/562/917 7899/593/917
f 7900/563/970 7899/593/917 7901/594/168
f 7902/595/918 7903/601/945 7904/529/971
s 0
f 7905/524/2 7906/525/2 7907/526/2
f 7905/524/2 7907/526/2 7908/527/2
f 7906/525/2 7909/528/2 7907/526/2
f 7906/525/2 7910/529/2 7909/528/2
f 7910/529/2 7911/530/2 7909/528/2
f 7910/529/2 7912/531/2 7911/530/2
f 7912/531/2 7913/532/2 7911/530/2
f 7912/531/2 7914/533/2 7913/532/2
f 7914/533/2 7915/534/2 7913/532/2
f 7914/533/2 7916/535/2 7915/534/2
f 7916/535/2 7917/536/2 7915/534/2
f 7916/535/2 7918/537/2 7917/536/2
f 7918/537/2 7919/538/2 7917/536/2
f 7918/537/2 7920/539/2 7919/538/2
s 1
f 7921/540/887 7922/541/888 7923/525/889
f 7921/540/887 7923/525/889 7924/524/890
f 7922/541/888 7925/529/891 7923/525/889
f 7926/542/972 7922/541/888 7921/540/887
f 7926/542/972 7921/540/887 7927/396/893
f 7922/541/888 7928/543/894 7925/529/891
f 7926/542/972 7928/543/894 7922/541/888
f 7928/543/894 7929/531/895 7925/529/891
f 7926/542/972 7927/396/893 7930/607/2
f 7926/542/972 7930/607/2 7931/608/951
f 7926/542/972 7931/608/951 7932/609/952
f 7926/542/972 7932/609/952 7933/547/973
f 7926/542/972 7933/547/973 7928/543/894
f 7934/548/974 7933/547/973 7932/609/952
f 7928/543/894 7935/549/900 7929/531/895
f 7933/547/973 7935/549/900 7928/543/894
f 7935/549/900 7936/533/18 7929/531/895
f 7937/550/901 7933/547/973 7934/548/974
f 7933/547/973 7937/550/901 7935/549/900
f 7937/550/901 7934/548/974 7938/551/2
f 7935/549/900 7939/552/902 7936/533/18
f 7937/550/901 7939/552/902 7935/549/900
f 7939/552/902 7940/535/903 7936/533/18
f 7941/553/904 7937/550/901 7938/551/2
f 7937/550/901 7941/553/904 7939/552/902
f 7941/553/904 7938/551/2 7942/554/2
f 7939/552/902 7943/555/905 7940/535/903
f 7941/553/904 7943/555/905 7939/552/902
f 7943/555/905 7944/537/906 7940/535/903
f 7945/556/907 7941/553/904 7942/554/2
f 7941/553/904 7945/556/907 7943/555/905
f 7945/556/907 7942/554/2 7946/557/2
f 7943/555/905 7947/558/908 7944/537/906
f 7945/556/907 7947/558/908 7943/555/905
f 7947/558/908 7948/539/600 7944/537/906
f 7947/558/908 7949/559/909 7948/539/600
f 7945/556/907 7950/560/910 7947/558/908
f 7950/560/910 7949/559/909 7947/558/908
f 7950/560/910 7945/556/907 7946/557/2
f 7950/560/910 7951/561/911 7949/559/909
f 7950/560/910 7946/557/2 7952/562/2
f 7951/561/911 7950/560/910 7952/562/2
f 7951/561/911 7952/562/2 7953/563/2
f 7954/564/18 7955/565/895 7956/530/895
f 7954/564/18 7956/530/895 7957/532/18
f 7955/565/895 7958/528/891 7956/530/895
f 7959/566/903 7954/564/18 7957/532/18
f 7955/565/895 7960/567/891 7958/528/891
f 7959/566/903 7957/532/18 7961/534/903
f 7960/567/891 7962/526/889 7958/528/891
f 7963/568/906 7959/566/903 7961/534/903
f 7960/567/891 7964/569/889 7962/526/889
f 7964/569/889 7965/527/890 7962/526/889
f 7964/569/889 7966/91/890 7965/527/890
f 7963/568/906 7961/534/903 7967/536/906
f 7968/570/600 7963/568/906 7967/536/906
f 7968/570/600 7967/536/906 7969/538/600
s 0
f 7970/571/6 7971/572/6 7972/573/6
f 7970/571/6 7972/573/6 7973/574/6
f 7971/572/6 7974/575/6 7972/573/6
f 7975/576/6 7970/571/6 7973/574/6
f 7971/572/6 7976/577/6 7974/575/6
f 7975/576/6 7973/574/6 7977/578/6
f 7978/579/6 7975/576/6 7977/578/6
f 7978/579/6 7977/578/6 7979/580/6
f 7980/581/6 7978/579/6 7979/580/6
f 7980/581/6 7981/582/6 7978/579/6
f 7974/575/6 7976/577/6 7982/583/6
f 7976/577/6 7983/610/6 7982/583/6
f 7976/577/6 7984/611/6 7983/610/6
f 7982/583/6 7983/610/6 7985/612/6
f 7982/583/6 7985/612/6 7986/587/6
s 1
f 7987/554/9 7988/551/912 7989/588/912
f 7987/554/9 7989/588/912 7990/589/9
f 7988/551/912 7991/590/913 7989/588/912
f 7992/557/914 7987/554/9 7990/589/9
f 7988/551/912 7993/548/915 7991/590/913
f 7993/548/915 7994/613/916 7991/590/913
f 7993/548/915 7995/609/916 7994/613/916
f 7992/557/914 7990/589/9 7996/592/914
f 7997/562/917 7992/557/914 7996/592/914
f 7997/562/917 7996/592/914 7998/593/917
f 7999/563/168 7997/562/917 7998/593/917
f 7999/563/168 7998/593/917 8000/594/168
f 8001/526/2 8002/614/975 8003/615/2
s 0
f 8001/526/2 8003/615/2 8004/527/2
s 1
f 8001/526/2 8005/528/2 8002/614/975
f 8006/529/976 8002/614/975 8005/528/2
f 8007/530/2 8006/529/976 8005/528/2
f 8007/530/2 8008/531/2 8006/529/976
s 0
f 8009/532/2 8008/531/2 8007/530/2
f 8009/532/2 8010/533/2 8008/531/2
f 8011/534/2 8010/533/2 8009/532/2
f 8011/534/2 8012/535/2 8010/533/2
f 8013/536/2 8012/535/2 8011/534/2
f 8013/536/2 8014/537/2 8012/535/2
f 8015/538/2 8014/537/2 8013/536/2
f 8015/538/2 8016/539/2 8014/537/2
s 1
f 8017/535/919 8018/555/920 8019/552/957
f 8020/537/922 8018/555/920 8017/535/919
f 8017/535/919 8019/552/957 8021/533/11
f 8020/537/922 8022/558/923 8018/555/920
f 8023/539/593 8022/558/923 8020/537/922
f 8023/539/593 8024/559/924 8022/558/923
f 8021/533/11 8019/552/957 8025/549/977
f 8021/533/11 8025/549/977 8026/531/926
f 8019/552/957 8027/550/978 8025/549/977
f 8026/531/926 8025/549/977 8028/543/979
f 8026/531/926 8028/543/979 8029/529/980
f 8028/543/979 8025/549/977 8030/616/981
f 8027/550/978 8030/616/981 8025/549/977
f 8029/529/980 8028/543/979 8031/617/982
f 8031/617/982 8028/543/979 8030/616/981
f 8029/529/980 8031/617/982 8032/618/593
f 8027/550/978 8033/619/983 8030/616/981
f 8034/620/2 8033/619/983 8027/550/978
f 8034/620/2 8027/550/978 8035/551/2
f 8035/551/2 8027/550/978 8036/553/930
f 8019/552/957 8036/553/930 8027/550/978
f 8035/551/2 8036/553/930 8037/554/2
f 8018/555/920 8036/553/930 8019/552/957
f 8037/554/2 8036/553/930 8038/556/929
f 8018/555/920 8038/556/929 8036/553/930
f 8037/554/2 8038/556/929 8039/557/2
f 8022/558/923 8038/556/929 8018/555/920
f 8039/557/2 8038/556/929 8040/560/928
f 8022/558/923 8040/560/928 8038/556/929
f 8024/559/924 8040/560/928 8022/558/923
f 8039/557/2 8040/560/928 8041/562/2
f 8024/559/924 8042/561/911 8040/560/928
f 8041/562/2 8040/560/928 8042/561/911
f 8041/562/2 8042/561/911 8043/563/2
f 8044/530/926 8045/565/926 8046/564/11
f 8047/528/937 8045/565/926 8044/530/926
f 8044/530/926 8046/564/11 8048/532/11
f 8047/528/937 8049/567/937 8045/565/926
f 8048/532/11 8046/564/11 8050/566/919
f 8051/526/938 8049/567/937 8047/528/937
f 8048/532/11 8050/566/919 8052/534/919
f 8051/526/938 8053/569/938 8049/567/937
f 8054/527/939 8053/569/938 8051/526/938
f 8054/527/939 8055/91/939 8053/569/938
f 8052/534/919 8050/566/919 8056/568/922
f 8052/534/919 8056/568/922 8057/536/922
f 8057/536/922 8056/568/922 8058/570/593
f 8057/536/922 8058/570/593 8059/538/593
s 0
f 8060/573/6 8061/572/6 8062/571/6
f 8060/573/6 8062/571/6 8063/574/6
f 8063/574/6 8062/571/6 8064/576/6
f 8060/573/6 8065/575/6 8061/572/6
f 8063/574/6 8064/576/6 8066/578/6
f 8066/578/6 8064/576/6 8067/579/6
f 8066/578/6 8067/579/6 8068/580/6
f 8069/581/6 8068/580/6 8067/579/6
f 8069/581/6 8067/579/6 8070/582/6
f 8071/621/6 8061/572/6 8065/575/6
f 8071/621/6 8072/622/6 8061/572/6
f 8065/575/6 8073/623/6 8071/621/6
f 8065/575/6 8074/583/6 8073/623/6
f 8074/583/6 8075/624/6 8073/623/6
f 8074/583/6 8076/587/6 8075/624/6
s 1
f 8077/588/958 8078/551/958 8079/554/12
f 8080/625/984 8078/551/958 8077/588/958
f 8080/625/984 8081/620/984 8078/551/958
f 8077/588/958 8079/554/12 8082/589/12
f 8082/589/12 8079/554/12 8083/557/942
f 8082/589/12 8083/557/942 8084/592/942
f 8084/592/942 8083/557/942 8085/562/943
f 8084/592/942 8085/562/943 8086/593/943
f 8086/593/943 8085/562/943 8087/563/171
f 8086/593/943 8087/563/171 8088/594/171
f 8089/529/985 8090/618/986 8091/614/987
s 0
f 8092/526/2 8093/525/2 8094/524/2
f 8092/526/2 8094/524/2 8095/527/2
f 8096/528/2 8093/525/2 8092/526/2
f 8096/528/2 8097/529/2 8093/525/2
f 8098/530/2 8097/529/2 8096/528/2
f 8098/530/2 8099/531/2 8097/529/2
f 8100/532/2 8099/531/2 8098/530/2
f 8100/532/2 8101/533/2 8099/531/2
f 8102/534/2 8101/533/2 8100/532/2
f 8102/534/2 8103/535/2 8101/533/2
f 8104/536/2 8103/535/2 8102/534/2
f 8104/536/2 8105/537/2 8103/535/2
f 8106/538/2 8105/537/2 8104/536/2
f 8106/538/2 8107/539/2 8105/537/2
s 1
f 8108/525/938 8109/541/946 8110/540/947
f 8108/525/938 8110/540/947 8111/524/939
f 8112/529/937 8109/541/946 8108/525/938
f 8110/540/947 8109/541/946 8113/542/988
f 8110/540/947 8113/542/988 8114/396/949
f 8112/529/937 8115/543/989 8109/541/946
f 8115/543/989 8113/542/988 8109/541/946
f 8116/531/926 8115/543/989 8112/529/937
f 8117/544/2 8114/396/949 8113/542/988
f 8117/544/2 8113/542/988 8118/545/896
f 8119/546/897 8118/545/896 8113/542/988
f 8119/546/897 8113/542/988 8120/547/990
f 8115/543/989 8120/547/990 8113/542/988
f 8121/548/991 8119/546/897 8120/547/990
f 8116/531/926 8122/549/955 8115/543/989
f 8122/549/955 8120/547/990 8115/543/989
f 8123/533/11 8122/549/955 8116/531/926
f 8121/548/991 8120/547/990 8124/550/956
f 8122/549/955 8124/550/956 8120/547/990
f 8121/548/991 8124/550/956 8125/551/2
f 8123/533/11 8126/552/957 8122/549/955
f 8126/552/957 8124/550/956 8122/549/955
f 8127/535/919 8126/552/957 8123/533/11
f 8125/551/2 8124/550/956 8128/553/930
f 8126/552/957 8128/553/930 8124/550/956
f 8125/551/2 8128/553/930 8129/554/2
f 8127/535/919 8130/555/920 8126/552/957
f 8130/555/920 8128/553/930 8126/552/957
f 8131/537/922 8130/555/920 8127/535/919
f 8129/554/2 8128/553/930 8132/556/929
f 8130/555/920 8132/556/929 8128/553/930
f 8129/554/2 8132/556/929 8133/557/2
f 8131/537/922 8134/558/923 8130/555/920
f 8134/558/923 8132/556/929 8130/555/920
f 8135/539/593 8134/558/923 8131/537/922
f 8135/539/593 8136/559/924 8134/558/923
f 8134/558/923 8137/560/928 8132/556/929
f 8133/557/2 8132/556/929 8137/560/928
f 8136/559/924 8137/560/928 8134/558/923
f 8133/557/2 8137/560/928 8138/562/2
f 8136/559/924 8139/561/911 8137/560/928
f 8138/562/2 8137/560/928 8139/561/911
f 8138/562/2 8139/561/911 8140/563/2
f 8141/530/926 8142/565/926 8143/564/11
f 8144/528/937 8142/565/926 8141/530/926
f 8141/530/926 8143/564/11 8145/532/11
f 8144/528/937 8146/567/937 8142/565/926
f 8145/532/11 8143/564/11 8147/566/919
f 8148/526/938 8146/567/937 8144/528/937
f 8145/532/11 8147/566/919 8149/534/919
f 8148/526/938 8150/569/938 8146/567/937
f 8151/527/939 8150/569/938 8148/526/938
f 8151/527/939 8152/91/939 8150/569/938
f 8149/534/919 8147/566/919 8153/568/922
f 8149/534/919 8153/568/922 8154/536/922
f 8154/536/922 8153/568/922 8155/570/593
f 8154/536/922 8155/570/593 8156/538/593
s 0
f 8157/573/6 8158/572/6 8159/571/6
f 8160/575/6 8158/572/6 8157/573/6
f 8157/573/6 8159/571/6 8161/574/6
f 8160/575/6 8162/577/6 8158/572/6
f 8161/574/6 8159/571/6 8163/576/6
f 8161/574/6 8163/576/6 8164/578/6
f 8164/578/6 8163/576/6 8165/579/6
f 8164/578/6 8165/579/6 8166/580/6
f 8167/581/6 8166/580/6 8165/579/6
f 8167/581/6 8165/579/6 8168/582/6
f 8160/575/6 8169/583/6 8162/577/6
f 8170/584/6 8162/577/6 8169/583/6
f 8170/584/6 8171/585/6 8162/577/6
f 8169/583/6 8172/586/6 8170/584/6
f 8169/583/6 8173/587/6 8172/586/6
s 1
f 8174/588/958 8175/551/958 8176/554/12
f 8177/590/959 8175/551/958 8174/588/958
f 8174/588/958 8176/554/12 8178/589/12
f 8177/590/959 8179/548/960 8175/551/958
f 8180/591/961 8179/548/960 8177/590/959
f 8180/591/961 8181/546/961 8179/548/960
f 8178/589/12 8176/554/12 8182/557/942
f 8178/589/12 8182/557/942 8183/592/942
f 8183/592/942 8182/557/942 8184/562/943
f 8183/592/942 8184/562/943 8185/593/943
f 8185/593/943 8184/562/943 8186/563/171
f 8185/593/943 8186/563/171 8187/594/171
f 8188/626/2 8189/627/992 8190/526/2
s 0
f 8188/626/2 8190/526/2 8191/527/2
s 1
f 8190/526/2 8189/627/992 8192/528/2
f 8189/627/992 8193/529/993 8192/528/2
f 8189/627/992 8194/628/994 8193/529/993
f 8193/529/993 8195/530/2 8192/528/2
f 8193/529/993 8196/531/2 8195/530/2
s 0
f 8196/531/2 8197/532/2 8195/530/2
f 8196/531/2 8198/533/2 8197/532/2
f 8198/533/2 8199/534/2 8197/532/2
f 8198/533/2 8200/535/2 8199/534/2
f 8200/535/2 8201/536/2 8199/534/2
f 8200/535/2 8202/537/2 8201/536/2
f 8202/537/2 8203/538/2 8201/536/2
f 8202/537/2 8204/539/2 8203/538/2
s 1
f 8205/552/902 8206/555/905 8207/535/903
f 8205/552/902 8207/535/903 8208/533/18
f 8206/555/905 8209/537/906 8207/535/903
f 8210/549/995 8205/552/902 8208/533/18
f 8210/549/995 8208/533/18 8211/531/895
f 8212/550/996 8205/552/902 8210/549/995
f 8213/543/997 8210/549/995 8211/531/895
f 8213/543/997 8211/531/895 8214/529/998
f 8213/543/997 8214/529/998 8215/628/600
f 8213/543/997 8215/628/600 8216/629/999
f 8217/630/1000 8213/543/997 8216/629/999
f 8213/543/997 8217/630/1000 8210/549/995
f 8217/630/1000 8212/550/996 8210/549/995
f 8217/630/1000 8218/631/1001 8212/550/996
f 8212/550/996 8218/631/1001 8219/632/2
f 8212/550/996 8219/632/2 8220/551/2
f 8221/553/904 8212/550/996 8220/551/2
f 8212/550/996 8221/553/904 8205/552/902
f 8221/553/904 8206/555/905 8205/552/902
f 8221/553/904 8220/551/2 8222/554/2
f 8223/556/907 8221/553/904 8222/554/2
f 8221/553/904 8223/556/907 8206/555/905
f 8223/556/907 8222/554/2 8224/557/2
f 8223/556/907 8225/558/908 8206/555/905
f 8206/555/905 8225/558/908 8209/537/906
f 8225/558/908 8226/539/600 8209/537/906
f 8225/558/908 8227/559/909 8226/539/600
f 8223/556/907 8228/560/910 8225/558/908
f 8228/560/910 8227/559/909 8225/558/908
f 8228/560/910 8223/556/907 8224/557/2
f 8228/560/910 8229/561/911 8227/559/909
f 8228/560/910 8224/557/2 8230/562/2
f 8229/561/911 8228/560/910 8230/562/2
f 8229/561/911 8230/562/2 8231/563/2
f 8232/564/18 8233/565/895 8234/530/895
f 8232/564/18 8234/530/895 8235/532/18
f 8233/565/895 8236/528/891 8234/530/895
f 8237/566/903 8232/564/18 8235/532/18
f 8233/565/895 8238/567/891 8236/528/891
f 8237/566/903 8235/532/18 8239/534/903
f 8238/567/891 8240/526/889 8236/528/891
f 8241/568/906 8237/566/903 8239/534/903
f 8238/567/891 8242/569/889 8240/526/889
f 8242/569/889 8243/527/890 8240/526/889
f 8242/569/889 8244/91/890 8243/527/890
f 8241/568/906 8239/534/903 8245/536/906
f 8246/570/600 8241/568/906 8245/536/906
f 8246/570/600 8245/536/906 8247/538/600
s 0
f 8248/571/6 8249/572/6 8250/573/6
f 8248/571/6 8250/573/6 8251/574/6
f 8252/576/6 8248/571/6 8251/574/6
f 8250/573/6 8249/572/6 8253/575/6
f 8252/576/6 8251/574/6 8254/578/6
f 8255/579/6 8252/576/6 8254/578/6
f 8255/579/6 8254/578/6 8256/580/6
f 8257/581/6 8255/579/6 8256/580/6
f 8257/581/6 8258/582/6 8255/579/6
f 8249/572/6 8259/633/6 8253/575/6
f 8249/572/6 8260/634/6 8259/633/6
f 8253/575/6 8259/633/6 8261/635/6
f 8253/575/6 8261/635/6 8262/583/6
f 8262/583/6 8261/635/6 8263/636/6
f 8262/583/6 8263/636/6 8264/587/6
s 1
f 8265/554/9 8266/551/1002 8267/588/1002
f 8266/551/1002 8268/637/1003 8267/588/1002
f 8266/551/1002 8269/632/1003 8268/637/1003
f 8265/554/9 8267/588/1002 8270/589/9
f 8271/557/914 8265/554/9 8270/589/9
f 8271/557/914 8270/589/9 8272/592/914
f 8273/562/917 8271/557/914 8272/592/914
f 8273/562/917 8272/592/914 8274/593/917
f 8275/563/168 8273/562/917 8274/593/917
f 8275/563/168 8274/593/917 8276/594/168
s 0
f 8277/526/2 8278/525/2 8279/524/2
f 8277/526/2 8279/524/2 8280/527/2
f 8281/528/2 8278/525/2 8277/526/2
f 8281/528/2 8282/529/2 8278/525/2
f 8283/530/2 8282/529/2 8281/528/2
f 8283/530/2 8284/531/2 8282/529/2
f 8285/532/2 8284/531/2 8283/530/2
f 8285/532/2 8286/533/2 8284/531/2
f 8287/534/2 8286/533/2 8285/532/2
f 8287/534/2 8288/535/2 8286/533/2
f 8289/536/2 8288/535/2 8287/534/2
f 8289/536/2 8290/537/2 8288/535/2
f 8291/538/2 8290/537/2 8289/536/2
f 8291/538/2 8292/539/2 8290/537/2
s 1
f 8293/525/1004 8294/541/946 8295/540/947
f 8293/525/1004 8295/540/947 8296/524/1005
f 8297/529/1006 8294/541/946 8293/525/1004
f 8295/540/947 8294/541/946 8298/542/988
f 8295/540/947 8298/542/988 8299/396/949
f 8297/529/1006 8300/543/950 8294/541/946
f 8300/543/950 8298/542/988 8294/541/946
f 8301/531/926 8300/543/950 8297/529/1006
f 8302/544/2 8299/396/949 8298/542/988
f 8302/544/2 8298/542/988 8303/545/896
f 8304/546/897 8303/545/896 8298/542/988
f 8304/546/897 8298/542/988 8305/547/990
f 8300/543/950 8305/547/990 8298/542/988
f 8306/548/991 8304/546/897 8305/547/990
f 8301/531/926 8307/549/955 8300/543/950
f 8307/549/955 8305/547/990 8300/543/950
f 8308/533/11 8307/549/955 8301/531/926
f 8306/548/991 8305/547/990 8309/550/956
f 8307/549/955 8309/550/956 8305/547/990
f 8306/548/991 8309/550/956 8310/551/2
f 8308/533/11 8311/552/921 8307/549/955
f 8311/552/921 8309/550/956 8307/549/955
f 8312/535/919 8311/552/921 8308/533/11
f 8310/551/2 8309/550/956 8313/553/930
f 8311/552/921 8313/553/930 8309/550/956
f 8310/551/2 8313/553/930 8314/554/2
f 8312/535/919 8315/555/1007 8311/552/921
f 8315/555/1007 8313/553/930 8311/552/921
f 8316/537/922 8315/555/1007 8312/535/919
f 8314/554/2 8313/553/930 8317/556/929
f 8315/555/1007 8317/556/929 8313/553/930
f 8314/554/2 8317/556/929 8318/557/2
f 8316/537/922 8319/558/923 8315/555/1007
f 8319/558/923 8317/556/929 8315/555/1007
f 8320/539/593 8319/558/923 8316/537/922
f 8320/539/593 8321/559/924 8319/558/923
f 8319/558/923 8322/560/928 8317/556/929
f 8318/557/2 8317/556/929 8322/560/928
f 8321/559/924 8322/560/928 8319/558/923
f 8318/557/2 8322/560/928 8323/562/2
f 8321/559/924 8324/561/911 8322/560/928
f 8323/562/2 8322/560/928 8324/561/911
f 8323/562/2 8324/561/911 8325/563/2
f 8326/530/926 8327/565/926 8328/564/11
f 8329/528/937 8327/565/926 8326/530/926
f 8326/530/926 8328/564/11 8330/532/11
f 8329/528/937 8331/567/937 8327/565/926
f 8330/532/11 8328/564/11 8332/566/919
f 8333/526/938 8331/567/937 8329/528/937
f 8330/532/11 8332/566/919 8334/534/919
f 8333/526/938 8335/569/938 8331/567/937
f 8336/527/939 8335/569/938 8333/526/938
f 8336/527/939 8337/91/939 8335/569/938
f 8334/534/919 8332/566/919 8338/568/922
f 8334/534/919 8338/568/922 8339/536/922
f 8339/536/922 8338/568/922 8340/570/593
f 8339/536/922 8340/570/593 8341/538/593
s 0
f 8342/573/6 8343/572/6 8344/571/6
f 8345/575/6 8343/572/6 8342/573/6
f 8342/573/6 8344/571/6 8346/574/6
f 8345/575/6 8347/577/6 8343/572/6
f 8346/574/6 8344/571/6 8348/576/6
f 8346/574/6 8348/576/6 8349/578/6
f 8349/578/6 8348/576/6 8350/579/6
f 8349/578/6 8350/579/6 8351/580/6
f 8352/581/6 8351/580/6 8350/579/6
f 8352/581/6 8350/579/6 8353/582/6
f 8345/575/6 8354/583/6 8347/577/6
f 8355/584/6 8347/577/6 8354/583/6
f 8355/584/6 8356/585/6 8347/577/6
f 8354/583/6 8357/586/6 8355/584/6
f 8354/583/6 8358/587/6 8357/586/6
s 1
f 8359/588/958 8360/551/958 8361/554/12
f 8362/590/959 8360/551/958 8359/588/958
f 8359/588/958 8361/554/12 8363/589/12
f 8362/590/959 8364/548/960 8360/551/958
f 8365/591/961 8364/548/960 8362/590/959
f 8365/591/961 8366/546/961 8364/548/960
f 8363/589/12 8361/554/12 8367/557/942
f 8363/589/12 8367/557/942 8368/592/942
f 8368/592/942 8367/557/942 8369/562/943
f 8368/592/942 8369/562/943 8370/593/943
f 8370/593/943 8369/562/943 8371/563/171
f 8370/593/943 8371/563/171 8372/594/171
s 0
f 8373/596/2 8374/595/2 8375/526/2
f 8373/596/2 8375/526/2 8376/527/2
f 8375/526/2 8374/595/2 8377/528/2
f 8374/595/1008 8378/529/2 8377/528/2
f 8378/529/2 8379/530/2 8377/528/2
f 8378/529/2 8380/531/2 8379/530/2
f 8380/531/2 8381/532/2 8379/530/2
f 8380/531/2 8382/533/2 8381/532/2
f 8382/533/2 8383/534/2 8381/532/2
f 8382/533/2 8384/535/2 8383/534/2
f 8384/535/2 8385/536/2 8383/534/2
f 8384/535/2 8386/537/2 8385/536/2
f 8386/537/2 8387/538/2 8385/536/2
f 8386/537/2 8388/539/2 8387/538/2
s 1
f 8389/552/902 8390/555/905 8391/535/903
f 8389/552/902 8391/535/903 8392/533/1009
f 8390/555/905 8393/537/906 8391/535/903
f 8394/549/1010 8389/552/902 8392/533/1009
f 8394/549/1010 8392/533/1009 8395/531/895
f 8396/550/1011 8389/552/902 8394/549/1010
f 8397/543/1012 8394/549/1010 8395/531/895
f 8397/543/1012 8395/531/895 8398/529/1013
f 8397/543/1012 8398/529/1013 8399/601/1014
f 8397/543/1012 8399/601/1014 8400/600/1015
f 8401/599/1016 8397/543/1012 8400/600/1015
f 8397/543/1012 8401/599/1016 8394/549/1010
f 8401/599/1016 8396/550/1011 8394/549/1010
f 8401/599/1016 8402/598/1017 8396/550/1011
f 8396/550/1011 8402/598/1017 8403/597/2
f 8396/550/1011 8403/597/2 8404/551/2
f 8405/553/904 8396/550/1011 8404/551/2
f 8396/550/1011 8405/553/904 8389/552/902
f 8405/553/904 8390/555/905 8389/552/902
f 8405/553/904 8404/551/2 8406/554/2
f 8407/556/907 8405/553/904 8406/554/2
f 8405/553/904 8407/556/907 8390/555/905
f 8407/556/907 8406/554/2 8408/557/2
f 8407/556/907 8409/558/908 8390/555/905
f 8390/555/905 8409/558/908 8393/537/906
f 8409/558/908 8410/539/600 8393/537/906
f 8409/558/908 8411/559/909 8410/539/600
f 8407/556/907 8412/560/910 8409/558/908
f 8412/560/910 8411/559/909 8409/558/908
f 8412/560/910 8407/556/907 8408/557/2
f 8412/560/910 8413/561/1018 8411/559/909
f 8412/560/910 8408/557/2 8414/562/2
f 8413/561/1018 8412/560/910 8414/562/2
f 8413/561/1018 8414/562/2 8415/563/2
f 8416/564/18 8417/565/895 8418/530/895
f 8416/564/18 8418/530/895 8419/532/18
f 8417/565/895 8420/528/891 8418/530/895
f 8421/566/903 8416/564/18 8419/532/18
f 8417/565/895 8422/567/891 8420/528/891
f 8421/566/903 8419/532/18 8423/534/903
f 8422/567/891 8424/526/889 8420/528/891
f 8425/568/906 8421/566/903 8423/534/903
f 8422/567/891 8426/569/889 8424/526/889
f 8426/569/889 8427/527/890 8424/526/889
f 8426/569/889 8428/91/890 8427/527/890
f 8425/568/906 8423/534/903 8429/536/906
f 8430/570/600 8425/568/906 8429/536/906
f 8430/570/600 8429/536/906 8431/538/600
s 0
f 8432/571/6 8433/572/6 8434/573/6
f 8432/571/6 8434/573/6 8435/574/6
f 8436/576/6 8432/571/6 8435/574/6
f 8434/573/6 8433/572/6 8437/575/6
f 8436/576/6 8435/574/6 8438/578/6
f 8439/579/6 8436/576/6 8438/578/6
f 8439/579/6 8438/578/6 8440/580/6
f 8441/581/6 8439/579/6 8440/580/6
f 8441/581/6 8442/582/6 8439/579/6
f 8433/572/6 8443/602/6 8437/575/6
f 8433/572/6 8444/603/6 8443/602/6
f 8437/575/6 8443/602/6 8445/604/6
f 8437/575/6 8445/604/6 8446/583/6
f 8446/583/6 8445/604/6 8447/605/6
f 8446/583/6 8447/605/6 8448/587/6
s 1
f 8449/554/9 8450/551/1002 8451/588/1002
f 8450/551/1002 8452/606/1003 8451/588/1002
f 8450/551/1002 8453/597/1003 8452/606/1003
f 8449/554/9 8451/588/1002 8454/589/9
f 8455/557/914 8449/554/9 8454/589/9
f 8455/557/914 8454/589/9 8456/592/914
f 8457/562/917 8455/557/914 8456/592/914
f 8457/562/917 8456/592/914 8458/593/917
f 8459/563/168 8457/562/917 8458/593/917
f 8459/563/168 8458/593/917 8460/594/168
f 8461/595/1008 8462/601/1019 8463/529/944
s 0
f 8464/524/2 8465/525/2 8466/526/2
f 8464/524/2 8466/526/2 8467/527/2
f 8465/525/2 8468/528/2 8466/526/2
f 8465/525/2 8469/529/2 8468/528/2
f 8469/529/2 8470/530/2 8468/528/2
f 8469/529/2 8471/531/2 8470/530/2
f 8471/531/2 8472/532/2 8470/530/2
f 8471/531/2 8473/533/2 8472/532/2
f 8473/533/2 8474/534/2 8472/532/2
f 8473/533/2 8475/535/2 8474/534/2
f 8475/535/2 8476/536/2 8474/534/2
f 8475/535/2 8477/537/2 8476/536/2
f 8477/537/2 8478/538/2 8476/536/2
f 8477/537/2 8479/539/2 8478/538/2
s 1
f 8480/540/887 8481/541/888 8482/525/889
f 8480/540/887 8482/525/889 8483/524/890
f 8481/541/888 8484/529/891 8482/525/889
f 8485/542/972 8481/541/888 8480/540/887
f 8485/542/972 8480/540/887 8486/396/893
f 8481/541/888 8487/543/894 8484/529/891
f 8485/542/972 8487/543/894 8481/541/888
f 8487/543/894 8488/531/1020 8484/529/891
f 8485/542/972 8486/396/893 8489/607/2
f 8485/542/972 8489/607/2 8490/608/951
f 8485/542/972 8490/608/951 8491/609/952
f 8485/542/972 8491/609/952 8492/547/973
f 8485/542/972 8492/547/973 8487/543/894
f 8493/548/974 8492/547/973 8491/609/952
f 8487/543/894 8494/549/1021 8488/531/1020
f 8492/547/973 8494/549/1021 8487/543/894
f 8494/549/1021 8495/533/18 8488/531/1020
f 8496/550/901 8492/547/973 8493/548/974
f 8492/547/973 8496/550/901 8494/549/1021
f 8496/550/901 8493/548/974 8497/551/2
f 8494/549/1021 8498/552/902 8495/533/18
f 8496/550/901 8498/552/902 8494/549/1021
f 8498/552/902 8499/535/903 8495/533/18
f 8500/553/904 8496/550/901 8497/551/2
f 8496/550/901 8500/553/904 8498/552/902
f 8500/553/904 8497/551/2 8501/554/2
f 8498/552/902 8502/555/905 8499/535/903
f 8500/553/904 8502/555/905 8498/552/902
f 8502/555/905 8503/537/906 8499/535/903
f 8504/556/907 8500/553/904 8501/554/2
f 8500/553/904 8504/556/907 8502/555/905
f 8504/556/907 8501/554/2 8505/557/2
f 8502/555/905 8506/558/908 8503/537/906
f 8504/556/907 8506/558/908 8502/555/905
f 8506/558/908 8507/539/600 8503/537/906
f 8506/558/908 8508/559/909 8507/539/600
f 8504/556/907 8509/560/910 8506/558/908
f 8509/560/910 8508/559/909 8506/558/908
f 8509/560/910 8504/556/907 8505/557/2
f 8509/560/910 8510/561/911 8508/559/909
f 8509/560/910 8505/557/2 8511/562/2
f 8510/561/911 8509/560/910 8511/562/2
f 8510/561/911 8511/562/2 8512/563/2
f 8513/564/18 8514/565/895 8515/530/895
f 8513/564/18 8515/530/895 8516/532/18
f 8514/565/895 8517/528/891 8515/530/895
f 8518/566/903 8513/564/18 8516/532/18
f 8514/565/895 8519/567/891 8517/528/891
f 8518/566/903 8516/532/18 8520/534/903
f 8519/567/891 8521/526/889 8517/528/891
f 8522/568/906 8518/566/903 8520/534/903
f 8519/567/891 8523/569/889 8521/526/889
f 8523/569/889 8524/527/890 8521/526/889
f 8523/569/889 8525/91/890 8524/527/890
f 8522/568/906 8520/534/903 8526/536/906
f 8527/570/600 8522/568/906 8526/536/906
f 8527/570/600 8526/536/906 8528/538/600
s 0
f 8529/571/6 8530/572/6 8531/573/6
f 8529/571/6 8531/573/6 8532/574/6
f 8530/572/6 8533/575/6 8531/573/6
f 8534/576/6 8529/571/6 8532/574/6
f 8530/572/6 8535/577/6 8533/575/6
f 8534/576/6 8532/574/6 8536/578/6
f 8537/579/6 8534/576/6 8536/578/6
f 8537/579/6 8536/578/6 8538/580/6
f 8539/581/6 8537/579/6 8538/580/6
f 8539/581/6 8540/582/6 8537/579/6
f 8533/575/6 8535/577/6 8541/583/6
f 8535/577/6 8542/610/6 8541/583/6
f 8535/577/6 8543/611/6 8542/610/6
f 8541/583/6 8542/610/6 8544/612/6
f 8541/583/6 8544/612/6 8545/587/6
s 1
f 8546/554/9 8547/551/912 8548/588/912
f 8546/554/9 8548/588/912 8549/589/9
f 8547/551/912 8550/590/913 8548/588/912
f 8551/557/914 8546/554/9 8549/589/9
f 8547/551/912 8552/548/915 8550/590/913
f 8552/548/915 8553/613/916 8550/590/913
f 8552/548/915 8554/609/916 8553/613/916
f 8551/557/914 8549/589/9 8555/592/914
f 8556/562/917 8551/557/914 8555/592/914
f 8556/562/917 8555/592/914 8557/593/917
f 8558/563/168 8556/562/917 8557/593/917
f 8558/563/168 8557/593/917 8559/594/168
s 0
f 8560/526/2 8561/595/2 8562/596/2
f 8560/526/2 8562/596/2 8563/527/2
f 8560/526/2 8564/528/2 8561/595/2
f 8565/529/2 8561/595/1008 8564/528/2
f 8566/530/2 8565/529/2 8564/528/2
f 8566/530/2 8567/531/2 8565/529/2
f 8568/532/2 8567/531/2 8566/530/2
f 8568/532/2 8569/533/2 8567/531/2
f 8570/534/2 8569/533/2 8568/532/2
f 8570/534/2 8571/535/2 8569/533/2
f 8572/536/2 8571/535/2 8570/534/2
f 8572/536/2 8573/537/2 8571/535/2
f 8574/538/2 8573/537/2 8572/536/2
f 8574/538/2 8575/539/2 8573/537/2
s 1
f 8576/535/919 8577/555/1007 8578/552/921
f 8579/537/922 8577/555/1007 8576/535/919
f 8576/535/919 8578/552/921 8580/533/11
f 8579/537/922 8581/558/923 8577/555/1007
f 8582/539/593 8581/558/923 8579/537/922
f 8582/539/593 8583/559/924 8581/558/923
f 8580/533/11 8578/552/921 8584/549/1022
f 8580/533/11 8584/549/1022 8585/531/926
f 8578/552/921 8586/550/1023 8584/549/1022
f 8583/559/924 8587/560/928 8581/558/923
f 8583/559/924 8588/561/1024 8587/560/928
f 8589/562/2 8587/560/928 8588/561/1024
f 8589/562/2 8588/561/1024 8590/563/2
f 8591/557/2 8587/560/928 8589/562/2
f 8581/558/923 8587/560/928 8592/556/929
f 8591/557/2 8592/556/929 8587/560/928
f 8581/558/923 8592/556/929 8577/555/1007
f 8593/554/2 8592/556/929 8591/557/2
f 8577/555/1007 8594/553/930 8578/552/921
f 8577/555/1007 8592/556/929 8594/553/930
f 8593/554/2 8594/553/930 8592/556/929
f 8595/551/2 8594/553/930 8593/554/2
f 8578/552/921 8594/553/930 8586/550/1023
f 8595/551/2 8586/550/1023 8594/553/930
f 8596/597/2 8586/550/1023 8595/551/2
f 8596/597/2 8597/598/1025 8586/550/1023
f 8586/550/1023 8597/598/1025 8598/599/1026
f 8586/550/1023 8598/599/1026 8584/549/1022
f 8599/543/1027 8584/549/1022 8598/599/1026
f 8585/531/926 8584/549/1022 8599/543/1027
f 8598/599/1026 8600/600/1028 8599/543/1027
f 8585/531/926 8599/543/1027 8601/529/1006
f 8602/601/1029 8599/543/1027 8600/600/1028
f 8602/601/1029 8601/529/1006 8599/543/1027
f 8603/530/926 8604/565/926 8605/564/11
f 8606/528/937 8604/565/926 8603/530/926
f 8603/530/926 8605/564/11 8607/532/11
f 8606/528/937 8608/567/937 8604/565/926
f 8607/532/11 8605/564/11 8609/566/919
f 8610/526/938 8608/567/937 8606/528/937
f 8607/532/11 8609/566/919 8611/534/919
f 8610/526/938 8612/569/938 8608/567/937
f 8613/527/939 8612/569/938 8610/526/938
f 8613/527/939 8614/91/939 8612/569/938
f 8611/534/919 8609/566/919 8615/568/922
f 8611/534/919 8615/568/922 8616/536/922
f 8616/536/922 8615/568/922 8617/570/593
f 8616/536/922 8617/570/593 8618/538/593
s 0
f 8619/573/6 8620/572/6 8621/571/6
f 8619/573/6 8621/571/6 8622/574/6
f 8622/574/6 8621/571/6 8623/576/6
f 8619/573/6 8624/575/6 8620/572/6
f 8622/574/6 8623/576/6 8625/578/6
f 8625/578/6 8623/576/6 8626/579/6
f 8625/578/6 8626/579/6 8627/580/6
f 8628/581/6 8627/580/6 8626/579/6
f 8628/581/6 8626/579/6 8629/582/6
f 8630/602/6 8620/572/6 8624/575/6
f 8630/602/6 8631/603/6 8620/572/6
f 8624/575/6 8632/604/6 8630/602/6
f 8624/575/6 8633/583/6 8632/604/6
f 8633/583/6 8634/605/6 8632/604/6
f 8633/583/6 8635/587/6 8634/605/6
s 1
f 8636/588/958 8637/551/958 8638/554/12
f 8639/606/984 8637/551/958 8636/588/958
f 8639/606/984 8640/597/984 8637/551/958
f 8636/588/958 8638/554/12 8641/589/12
f 8641/589/12 8638/554/12 8642/557/942
f 8641/589/12 8642/557/942 8643/592/942
f 8643/592/942 8642/557/942 8644/562/943
f 8643/592/942 8644/562/943 8645/593/943
f 8645/593/943 8644/562/943 8646/563/171
f 8645/593/943 8646/563/171 8647/594/171
f 8648/529/971 8649/601/1019 8650/595/1008
s 0
f 8651/526/2 8652/525/2 8653/524/2
f 8651/526/2 8653/524/2 8654/527/2
f 8655/528/2 8652/525/2 8651/526/2
f 8655/528/2 8656/529/2 8652/525/2
f 8657/530/2 8656/529/2 8655/528/2
f 8657/530/2 8658/531/2 8656/529/2
f 8659/532/2 8658/531/2 8657/530/2
f 8659/532/2 8660/533/2 8658/531/2
f 8661/534/2 8660/533/2 8659/532/2
f 8661/534/2 8662/535/2 8660/533/2
f 8663/536/2 8662/535/2 8661/534/2
f 8663/536/2 8664/537/2 8662/535/2
f 8665/538/2 8664/537/2 8663/536/2
f 8665/538/2 8666/539/2 8664/537/2
s 1
f 8667/525/1004 8668/541/946 8669/540/947
f 8667/525/1004 8669/540/947 8670/524/939
f 8671/529/937 8668/541/946 8667/525/1004
f 8669/540/947 8668/541/946 8672/542/1030
f 8669/540/947 8672/542/1030 8673/396/949
f 8671/529/937 8674/543/989 8668/541/946
f 8674/543/989 8672/542/1030 8668/541/946
f 8675/531/926 8674/543/989 8671/529/937
f 8676/607/2 8673/396/949 8672/542/1030
f 8676/607/2 8672/542/1030 8677/608/951
f 8678/609/952 8677/608/951 8672/542/1030
f 8678/609/952 8672/542/1030 8679/547/953
f 8674/543/989 8679/547/953 8672/542/1030
f 8680/548/954 8678/609/952 8679/547/953
f 8675/531/926 8681/549/1031 8674/543/989
f 8681/549/1031 8679/547/953 8674/543/989
f 8682/533/11 8681/549/1031 8675/531/926
f 8680/548/954 8679/547/953 8683/550/956
f 8681/549/1031 8683/550/956 8679/547/953
f 8680/548/954 8683/550/956 8684/551/2
f 8682/533/11 8685/552/921 8681/549/1031
f 8685/552/921 8683/550/956 8681/549/1031
f 8686/535/919 8685/552/921 8682/533/11
f 8684/551/2 8683/550/956 8687/553/930
f 8685/552/921 8687/553/930 8683/550/956
f 8684/551/2 8687/553/930 8688/554/2
f 8686/535/919 8689/555/920 8685/552/921
f 8689/555/920 8687/553/930 8685/552/921
f 8690/537/922 8689/555/920 8686/535/919
f 8688/554/2 8687/553/930 8691/556/929
f 8689/555/920 8691/556/929 8687/553/930
f 8688/554/2 8691/556/929 8692/557/2
f 8690/537/922 8693/558/923 8689/555/920
f 8693/558/923 8691/556/929 8689/555/920
f 8694/539/593 8693/558/923 8690/537/922
f 8694/539/593 8695/559/924 8693/558/923
f 8693/558/923 8696/560/928 8691/556/929
f 8692/557/2 8691/556/929 8696/560/928
f 8695/559/924 8696/560/928 8693/558/923
f 8692/557/2 8696/560/928 8697/562/2
f 8695/559/924 8698/561/911 8696/560/928
f 8697/562/2 8696/560/928 8698/561/911
f 8697/562/2 8698/561/911 8699/563/2
f 8700/530/926 8701/565/926 8702/564/11
f 8703/528/937 8701/565/926 8700/530/926
f 8700/530/926 8702/564/11 8704/532/11
f 8703/528/937 8705/567/937 8701/565/926
f 8704/532/11 8702/564/11 8706/566/919
f 8707/526/938 8705/567/937 8703/528/937
f 8704/532/11 8706/566/919 8708/534/919
f 8707/526/938 8709/569/938 8705/567/937
f 8710/527/939 8709/569/938 8707/526/938
f 8710/527/939 8711/91/939 8709/569/938
f 8708/534/919 8706/566/919 8712/568/922
f 8708/534/919 8712/568/922 8713/536/922
f 8713/536/922 8712/568/922 8714/570/593
f 8713/536/922 8714/570/593 8715/538/593
s 0
f 8716/573/6 8717/572/6 8718/571/6
f 8719/575/6 8717/572/6 8716/573/6
f 8716/573/6 8718/571/6 8720/574/6
f 8719/575/6 8721/577/6 8717/572/6
f 8720/574/6 8718/571/6 8722/576/6
f 8720/574/6 8722/576/6 8723/578/6
f 8723/578/6 8722/576/6 8724/579/6
f 8723/578/6 8724/579/6 8725/580/6
f 8726/581/6 8725/580/6 8724/579/6
f 8726/581/6 8724/579/6 8727/582/6
f 8719/575/6 8728/583/6 8721/577/6
f 8729/610/6 8721/577/6 8728/583/6
f 8729/610/6 8730/611/6 8721/577/6
f 8728/583/6 8731/612/6 8729/610/6
f 8728/583/6 8732/587/6 8731/612/6
s 1
f 8733/588/958 8734/551/958 8735/554/12
f 8736/590/959 8734/551/958 8733/588/958
f 8733/588/958 8735/554/12 8737/589/12
f 8736/590/959 8738/548/960 8734/551/958
f 8739/613/961 8738/548/960 8736/590/959
f 8739/613/961 8740/609/961 8738/548/960
f 8737/589/12 8735/554/12 8741/557/942
f 8737/589/12 8741/557/942 8742/592/942
f 8742/592/942 8741/557/942 8743/562/943
f 8742/592/942 8743/562/943 8744/593/943
f 8744/593/943 8743/562/943 8745/563/171
f 8744/593/943 8745/563/171 8746/594/171
f 8747/615/2 8748/614/975 8749/526/2
s 0
f 8747/615/2 8749/526/2 8750/527/2
s 1
f 8749/526/2 8748/614/975 8751/528/2
f 8748/614/975 8752/529/1032 8751/528/2
f 8752/529/1032 8753/530/2 8751/528/2
f 8752/529/1032 8754/531/2 8753/530/2
s 0
f 8754/531/2 8755/532/2 8753/530/2
f 8754/531/2 8756/533/2 8755/532/2
f 8756/533/2 8757/534/2 8755/532/2
f 8756/533/2 8758/535/2 8757/534/2
f 8758/535/2 8759/536/2 8757/534/2
f 8758/535/2 8760/537/2 8759/536/2
f 8760/537/2 8761/538/2 8759/536/2
f 8760/537/2 8762/539/2 8761/538/2
s 1
f 8763/552/902 8764/555/905 8765/535/903
f 8763/552/902 8765/535/903 8766/533/18
f 8764/555/905 8767/537/906 8765/535/903
f 8768/549/1033 8763/552/902 8766/533/18
f 8768/549/1033 8766/533/18 8769/531/895
f 8770/550/1034 8763/552/902 8768/549/1033
f 8771/543/1035 8768/549/1033 8769/531/895
f 8771/543/1035 8769/531/895 8772/529/1036
f 8771/543/1035 8773/616/1037 8768/549/1033
f 8773/616/1037 8770/550/1034 8768/549/1033
f 8774/617/1038 8771/543/1035 8772/529/1036
f 8774/617/1038 8773/616/1037 8771/543/1035
f 8774/617/1038 8772/529/1036 8775/618/600
f 8773/616/1037 8776/619/1039 8770/550/1034
f 8770/550/1034 8776/619/1039 8777/620/2
f 8770/550/1034 8777/620/2 8778/551/2
f 8779/553/904 8770/550/1034 8778/551/2
f 8770/550/1034 8779/553/904 8763/552/902
f 8779/553/904 8764/555/905 8763/552/902
f 8779/553/904 8778/551/2 8780/554/2
f 8781/556/907 8779/553/904 8780/554/2
f 8779/553/904 8781/556/907 8764/555/905
f 8781/556/907 8780/554/2 8782/557/2
f 8781/556/907 8783/558/908 8764/555/905
f 8764/555/905 8783/558/908 8767/537/906
f 8783/558/908 8784/539/600 8767/537/906
f 8783/558/908 8785/559/909 8784/539/600
f 8781/556/907 8786/560/910 8783/558/908
f 8786/560/910 8785/559/909 8783/558/908
f 8786/560/910 8781/556/907 8782/557/2
f 8786/560/910 8787/561/1018 8785/559/909
f 8786/560/910 8782/557/2 8788/562/2
f 8787/561/1018 8786/560/910 8788/562/2
f 8787/561/1018 8788/562/2 8789/563/2
f 8790/564/18 8791/565/895 8792/530/895
f 8790/564/18 8792/530/895 8793/532/18
f 8791/565/895 8794/528/891 8792/530/895
f 8795/566/903 8790/564/18 8793/532/18
f 8791/565/895 8796/567/891 8794/528/891
f 8795/566/903 8793/532/18 8797/534/903
f 8796/567/891 8798/526/889 8794/528/891
f 8799/568/906 8795/566/903 8797/534/903
f 8796/567/891 8800/569/889 8798/526/889
f 8800/569/889 8801/527/890 8798/526/889
f 8800/569/889 8802/91/890 8801/527/890
f 8799/568/906 8797/534/903 8803/536/906
f 8804/570/600 8799/568/906 8803/536/906
f 8804/570/600 8803/536/906 8805/538/600
s 0
f 8806/571/6 8807/572/6 8808/573/6
f 8806/571/6 8808/573/6 8809/574/6
f 8810/576/6 8806/571/6 8809/574/6
f 8808/573/6 8807/572/6 8811/575/6
f 8810/576/6 8809/574/6 8812/578/6
f 8813/579/6 8810/576/6 8812/578/6
f 8813/579/6 8812/578/6 8814/580/6
f 8815/581/6 8813/579/6 8814/580/6
f 8815/581/6 8816/582/6 8813/579/6
f 8807/572/6 8817/621/6 8811/575/6
f 8807/572/6 8818/622/6 8817/621/6
f 8811/575/6 8817/621/6 8819/623/6
f 8811/575/6 8819/623/6 8820/583/6
f 8820/583/6 8819/623/6 8821/624/6
f 8820/583/6 8821/624/6 8822/587/6
s 1
f 8823/554/9 8824/551/912 8825/588/912
f 8824/551/912 8826/625/969 8825/588/912
f 8824/551/912 8827/620/969 8826/625/969
f 8823/554/9 8825/588/912 8828/589/9
f 8829/557/914 8823/554/9 8828/589/9
f 8829/557/914 8828/589/9 8830/592/914
f 8831/562/917 8829/557/914 8830/592/914
f 8831/562/917 8830/592/914 8832/593/917
f 8833/563/168 8831/562/917 8832/593/917
f 8833/563/168 8832/593/917 8834/594/168
f 8835/614/1040 8836/618/1041 8837/529/1042
s 0
f 8838/524/2 8839/525/2 8840/526/2
f 8838/524/2 8840/526/2 8841/527/2
f 8839/525/2 8842/528/2 8840/526/2
f 8839/525/2 8843/529/2 8842/528/2
f 8843/529/2 8844/530/2 8842/528/2
f 8843/529/2 8845/531/2 8844/530/2
f 8845/531/2 8846/532/2 8844/530/2
f 8845/531/2 8847/533/2 8846/532/2
f 8847/533/2 8848/534/2 8846/532/2
f 8847/533/2 8849/535/2 8848/534/2
f 8849/535/2 8850/536/2 8848/534/2
f 8849/535/2 8851/537/2 8850/536/2
f 8851/537/2 8852/538/2 8850/536/2
f 8851/537/2 8853/539/2 8852/538/2
s 1
f 8854/540/887 8855/541/888 8856/525/1043
f 8854/540/887 8856/525/1043 8857/524/890
f 8855/541/888 8858/529/891 8856/525/1043
f 8859/542/892 8855/541/888 8854/540/887
f 8859/542/892 8854/540/887 8860/396/893
f 8855/541/888 8861/543/894 8858/529/891
f 8859/542/892 8861/543/894 8855/541/888
f 8861/543/894 8862/531/1020 8858/529/891
f 8859/542/892 8860/396/893 8863/544/2
f 8859/542/892 8863/544/2 8864/545/896
f 8859/542/892 8864/545/896 8865/546/897
f 8859/542/892 8865/546/897 8866/547/898
f 8859/542/892 8866/547/898 8861/543/894
f 8867/548/899 8866/547/898 8865/546/897
f 8861/543/894 8868/549/1021 8862/531/1020
f 8866/547/898 8868/549/1021 8861/543/894
f 8868/549/1021 8869/533/18 8862/531/1020
f 8870/550/901 8866/547/898 8867/548/899
f 8866/547/898 8870/550/901 8868/549/1021
f 8870/550/901 8867/548/899 8871/551/2
f 8868/549/1021 8872/552/902 8869/533/18
f 8870/550/901 8872/552/902 8868/549/1021
f 8872/552/902 8873/535/903 8869/533/18
f 8874/553/904 8870/550/901 8871/551/2
f 8870/550/901 8874/553/904 8872/552/902
f 8874/553/904 8871/551/2 8875/554/2
f 8872/552/902 8876/555/905 8873/535/903
f 8874/553/904 8876/555/905 8872/552/902
f 8876/555/905 8877/537/906 8873/535/903
f 8878/556/907 8874/553/904 8875/554/2
f 8874/553/904 8878/556/907 8876/555/905
f 8878/556/907 8875/554/2 8879/557/2
f 8876/555/905 8880/558/908 8877/537/906
f 8878/556/907 8880/558/908 8876/555/905
f 8880/558/908 8881/539/600 8877/537/906
f 8880/558/908 8882/559/909 8881/539/600
f 8878/556/907 8883/560/910 8880/558/908
f 8883/560/910 8882/559/909 8880/558/908
f 8883/560/910 8878/556/907 8879/557/2
f 8883/560/910 8884/561/911 8882/559/909
f 8883/560/910 8879/557/2 8885/562/2
f 8884/561/911 8883/560/910 8885/562/2
f 8884/561/911 8885/562/2 8886/563/2
f 8887/564/18 8888/565/895 8889/530/895
f 8887/564/18 8889/530/895 8890/532/18
f 8888/565/895 8891/528/891 8889/530/895
f 8892/566/903 8887/564/18 8890/532/18
f 8888/565/895 8893/567/891 8891/528/891
f 8892/566/903 8890/532/18 8894/534/903
f 8893/567/891 8895/526/889 8891/528/891
f 8896/568/906 8892/566/903 8894/534/903
f 8893/567/891 8897/569/889 8895/526/889
f 8897/569/889 8898/527/890 8895/526/889
f 8897/569/889 8899/91/890 8898/527/890
f 8896/568/906 8894/534/903 8900/536/906
f 8901/570/600 8896/568/906 8900/536/906
f 8901/570/600 8900/536/906 8902/538/600
s 0
f 8903/571/6 8904/572/6 8905/573/6
f 8903/571/6 8905/573/6 8906/574/6
f 8904/572/6 8907/575/6 8905/573/6
f 8908/576/6 8903/571/6 8906/574/6
f 8904/572/6 8909/577/6 8907/575/6
f 8908/576/6 8906/574/6 8910/578/6
f 8911/579/6 8908/576/6 8910/578/6
f 8911/579/6 8910/578/6 8912/580/6
f 8913/581/6 8911/579/6 8912/580/6
f 8913/581/6 8914/582/6 8911/579/6
f 8907/575/6 8909/577/6 8915/583/6
f 8909/577/6 8916/584/6 8915/583/6
f 8909/577/6 8917/585/6 8916/584/6
f 8915/583/6 8916/584/6 8918/586/6
f 8915/583/6 8918/586/6 8919/587/6
s 1
f 8920/554/9 8921/551/912 8922/588/912
f 8920/554/9 8922/588/912 8923/589/9
f 8921/551/912 8924/590/913 8922/588/912
f 8925/557/914 8920/554/9 8923/589/9
f 8921/551/912 8926/548/915 8924/590/913
f 8926/548/915 8927/591/916 8924/590/913
f 8926/548/915 8928/546/916 8927/591/916
f 8925/557/914 8923/589/9 8929/592/914
f 8930/562/917 8925/557/914 8929/592/914
f 8930/562/917 8929/592/914 8931/593/917
f 8932/563/168 8930/562/917 8931/593/917
f 8932/563/168 8931/593/917 8933/594/168
f 8934/526/2 8935/614/1044 8936/638/2
s 0
f 8934/526/2 8936/638/2 8937/527/2
s 1
f 8934/526/2 8938/528/2 8935/614/1044
f 8939/529/1045 8935/614/1044 8938/528/2
f 8940/530/2 8939/529/1045 8938/528/2
f 8940/530/2 8941/531/2 8939/529/1045
s 0
f 8942/532/2 8941/531/2 8940/530/2
f 8942/532/2 8943/533/2 8941/531/2
f 8944/534/2 8943/533/2 8942/532/2
f 8944/534/2 8945/535/2 8943/533/2
f 8946/536/2 8945/535/2 8944/534/2
f 8946/536/2 8947/537/2 8945/535/2
f 8948/538/2 8947/537/2 8946/536/2
f 8948/538/2 8949/539/2 8947/537/2
s 1
f 8950/535/919 8951/555/1007 8952/552/921
f 8953/537/922 8951/555/1007 8950/535/919
f 8950/535/919 8952/552/921 8954/533/11
f 8953/537/922 8955/558/923 8951/555/1007
f 8956/539/593 8955/558/923 8953/537/922
f 8956/539/593 8957/559/924 8955/558/923
f 8954/533/11 8952/552/921 8958/549/1046
f 8954/533/11 8958/549/1046 8959/531/926
f 8952/552/921 8960/550/1047 8958/549/1046
f 8959/531/926 8958/549/1046 8961/543/1048
f 8959/531/926 8961/543/1048 8962/529/1049
f 8961/543/1048 8958/549/1046 8963/616/1050
f 8960/550/1047 8963/616/1050 8958/549/1046
f 8962/529/1049 8961/543/1048 8964/639/1051
f 8964/639/1051 8961/543/1048 8963/616/1050
f 8962/529/1049 8964/639/1051 8965/640/593
f 8960/550/1047 8966/641/1052 8963/616/1050
f 8967/642/2 8966/641/1052 8960/550/1047
f 8967/642/2 8960/550/1047 8968/551/2
f 8968/551/2 8960/550/1047 8969/553/930
f 8952/552/921 8969/553/930 8960/550/1047
f 8968/551/2 8969/553/930 8970/554/2
f 8951/555/1007 8969/553/930 8952/552/921
f 8970/554/2 8969/553/930 8971/556/929
f 8951/555/1007 8971/556/929 8969/553/930
f 8970/554/2 8971/556/929 8972/557/2
f 8955/558/923 8971/556/929 8951/555/1007
f 8972/557/2 8971/556/929 8973/560/928
f 8955/558/923 8973/560/928 8971/556/929
f 8957/559/924 8973/560/928 8955/558/923
f 8972/557/2 8973/560/928 8974/562/2
f 8957/559/924 8975/561/911 8973/560/928
f 8974/562/2 8973/560/928 8975/561/911
f 8974/562/2 8975/561/911 8976/563/2
f 8977/530/926 8978/565/926 8979/564/11
f 8980/528/937 8978/565/926 8977/530/926
f 8977/530/926 8979/564/11 8981/532/11
f 8980/528/937 8982/567/937 8978/565/926
f 8981/532/11 8979/564/11 8983/566/919
f 8984/526/938 8982/567/937 8980/528/937
f 8981/532/11 8983/566/919 8985/534/919
f 8984/526/938 8986/569/938 8982/567/937
f 8987/527/939 8986/569/938 8984/526/938
f 8987/527/939 8988/91/939 8986/569/938
f 8985/534/919 8983/566/919 8989/568/922
f 8985/534/919 8989/568/922 8990/536/922
f 8990/536/922 8989/568/922 8991/570/593
f 8990/536/922 8991/570/593 8992/538/593
s 0
f 8993/573/6 8994/572/6 8995/571/6
f 8993/573/6 8995/571/6 8996/574/6
f 8996/574/6 8995/571/6 8997/576/6
f 8993/573/6 8998/575/6 8994/572/6
f 8996/574/6 8997/576/6 8999/578/6
f 8999/578/6 8997/576/6 9000/579/6
f 8999/578/6 9000/579/6 9001/580/6
f 9002/581/6 9001/580/6 9000/579/6
f 9002/581/6 9000/579/6 9003/582/6
f 9004/621/6 8994/572/6 8998/575/6
f 9004/621/6 9005/643/6 8994/572/6
f 8998/575/6 9006/623/6 9004/621/6
f 8998/575/6 9007/583/6 9006/623/6
f 9007/583/6 9008/624/6 9006/623/6
f 9007/583/6 9009/587/6 9008/624/6
s 1
f 9010/588/940 9011/551/940 9012/554/12
f 9013/644/941 9011/551/940 9010/588/940
f 9013/644/941 9014/642/941 9011/551/940
f 9010/588/940 9012/554/12 9015/589/12
f 9015/589/12 9012/554/12 9016/557/942
f 9015/589/12 9016/557/942 9017/592/942
f 9017/592/942 9016/557/942 9018/562/943
f 9017/592/942 9018/562/943 9019/593/943
f 9019/593/943 9018/562/943 9020/563/171
f 9019/593/943 9020/563/171 9021/594/171
f 9022/529/1053 9023/640/1054 9024/614/1055
s 0
f 9025/524/2 9026/525/2 9027/526/2
f 9025/524/2 9027/526/2 9028/527/2
f 9026/525/2 9029/528/2 9027/526/2
f 9026/525/2 9030/529/2 9029/528/2
f 9030/529/2 9031/530/2 9029/528/2
f 9030/529/2 9032/531/2 9031/530/2
f 9032/531/2 9033/532/2 9031/530/2
f 9032/531/2 9034/533/2 9033/532/2
f 9034/533/2 9035/534/2 9033/532/2
f 9034/533/2 9036/535/2 9035/534/2
f 9036/535/2 9037/536/2 9035/534/2
f 9036/535/2 9038/537/2 9037/536/2
f 9038/537/2 9039/538/2 9037/536/2
f 9038/537/2 9040/539/2 9039/538/2
s 1
f 9041/540/887 9042/541/1056 9043/525/889
f 9041/540/887 9043/525/889 9044/524/890
f 9042/541/1056 9045/529/891 9043/525/889
f 9046/542/892 9042/541/1056 9041/540/887
f 9046/542/892 9041/540/887 9047/396/893
f 9042/541/1056 9048/543/894 9045/529/891
f 9046/542/892 9048/543/894 9042/541/1056
f 9048/543/894 9049/531/895 9045/529/891
f 9046/542/892 9047/396/893 9050/544/2
f 9046/542/892 9050/544/2 9051/545/1057
f 9046/542/892 9051/545/1057 9052/546/1058
f 9046/542/892 9052/546/1058 9053/547/898
f 9046/542/892 9053/547/898 9048/543/894
f 9054/548/899 9053/547/898 9052/546/1058
f 9048/543/894 9055/549/900 9049/531/895
f 9053/547/898 9055/549/900 9048/543/894
f 9055/549/900 9056/533/18 9049/531/895
f 9057/550/901 9053/547/898 9054/548/899
f 9053/547/898 9057/550/901 9055/549/900
f 9057/550/901 9054/548/899 9058/551/2
f 9055/549/900 9059/552/902 9056/533/18
f 9057/550/901 9059/552/902 9055/549/900
f 9059/552/902 9060/535/903 9056/533/18
f 9061/553/904 9057/550/901 9058/551/2
f 9057/550/901 9061/553/904 9059/552/902
f 9061/553/904 9058/551/2 9062/554/2
f 9059/552/902 9063/555/905 9060/535/903
f 9061/553/904 9063/555/905 9059/552/902
f 9063/555/905 9064/537/906 9060/535/903
f 9065/556/907 9061/553/904 9062/554/2
f 9061/553/904 9065/556/907 9063/555/905
f 9065/556/907 9062/554/2 9066/557/2
f 9063/555/905 9067/558/908 9064/537/906
f 9065/556/907 9067/558/908 9063/555/905
f 9067/558/908 9068/539/600 9064/537/906
f 9067/558/908 9069/559/909 9068/539/600
f 9065/556/907 9070/560/910 9067/558/908
f 9070/560/910 9069/559/909 9067/558/908
f 9070/560/910 9065/556/907 9066/557/2
f 9070/560/910 9071/561/911 9069/559/909
f 9070/560/910 9066/557/2 9072/562/2
f 9071/561/911 9070/560/910 9072/562/2
f 9071/561/911 9072/562/2 9073/563/2
f 9074/564/18 9075/565/895 9076/530/895
f 9074/564/18 9076/530/895 9077/532/18
f 9075/565/895 9078/528/891 9076/530/895
f 9079/566/903 9074/564/18 9077/532/18
f 9075/565/895 9080/567/891 9078/528/891
f 9079/566/903 9077/532/18 9081/534/903
f 9080/567/891 9082/526/889 9078/528/891
f 9083/568/906 9079/566/903 9081/534/903
f 9080/567/891 9084/569/889 9082/526/889
f 9084/569/889 9085/527/890 9082/526/889
f 9084/569/889 9086/91/890 9085/527/890
f 9083/568/906 9081/534/903 9087/536/906
f 9088/570/600 9083/568/906 9087/536/906
f 9088/570/600 9087/536/906 9089/538/600
s 0
f 9090/571/6 9091/572/6 9092/573/6
f 9090/571/6 9092/573/6 9093/574/6
f 9091/572/6 9094/575/6 9092/573/6
f 9095/576/6 9090/571/6 9093/574/6
f 9091/572/6 9096/577/6 9094/575/6
f 9095/576/6 9093/574/6 9097/578/6
f 9098/579/6 9095/576/6 9097/578/6
f 9098/579/6 9097/578/6 9099/580/6
f 9100/581/6 9098/579/6 9099/580/6
f 9100/581/6 9101/582/6 9098/579/6
f 9094/575/6 9096/577/6 9102/583/6
f 9096/577/6 9103/584/6 9102/583/6
f 9096/577/6 9104/585/6 9103/584/6
f 9102/583/6 9103/584/6 9105/586/6
f 9102/583/6 9105/586/6 9106/587/6
s 1
f 9107/554/9 9108/551/912 9109/588/912
f 9107/554/9 9109/588/912 9110/589/9
f 9108/551/912 9111/590/913 9109/588/912
f 9112/557/914 9107/554/9 9110/589/9
f 9108/551/912 9113/548/915 9111/590/913
f 9113/548/915 9114/591/916 9111/590/913
f 9113/548/915 9115/546/916 9114/591/916
f 9112/557/914 9110/589/9 9116/592/914
f 9117/562/917 9112/557/914 9116/592/914
f 9117/562/917 9116/592/914 9118/593/917
f 9119/563/168 9117/562/917 9118/593/917
f 9119/563/168 9118/593/917 9120/594/168
f 9121/526/2 9122/627/992 9123/626/2
s 0
f 9121/526/2 9123/626/2 9124/527/2
s 1
f 9121/526/2 9125/528/2 9122/627/992
f 9126/529/1059 9122/627/992 9125/528/2
f 9126/529/1059 9127/628/1060 9122/627/992
f 9128/530/2 9126/529/1059 9125/528/2
f 9128/530/2 9129/531/2 9126/529/1059
s 0
f 9130/532/2 9129/531/2 9128/530/2
f 9130/532/2 9131/533/2 9129/531/2
f 9132/534/2 9131/533/2 9130/532/2
f 9132/534/2 9133/535/2 9131/533/2
f 9134/536/2 9133/535/2 9132/534/2
f 9134/536/2 9135/537/2 9133/535/2
f 9136/538/2 9135/537/2 9134/536/2
f 9136/538/2 9137/539/2 9135/537/2
s 1
f 9138/535/919 9139/555/920 9140/552/957
f 9141/537/922 9139/555/920 9138/535/919
f 9138/535/919 9140/552/957 9142/533/11
f 9141/537/922 9143/558/923 9139/555/920
f 9144/539/593 9143/558/923 9141/537/922
f 9144/539/593 9145/559/924 9143/558/923
f 9142/533/11 9140/552/957 9146/549/1061
f 9142/533/11 9146/549/1061 9147/531/926
f 9140/552/957 9148/550/1062 9146/549/1061
f 9145/559/924 9149/560/928 9143/558/923
f 9145/559/924 9150/561/911 9149/560/928
f 9151/562/2 9149/560/928 9150/561/911
f 9151/562/2 9150/561/911 9152/563/2
f 9153/557/2 9149/560/928 9151/562/2
f 9143/558/923 9149/560/928 9154/556/929
f 9153/557/2 9154/556/929 9149/560/928
f 9143/558/923 9154/556/929 9139/555/920
f 9155/554/2 9154/556/929 9153/557/2
f 9139/555/920 9156/553/930 9140/552/957
f 9139/555/920 9154/556/929 9156/553/930
f 9155/554/2 9156/553/930 9154/556/929
f 9157/551/2 9156/553/930 9155/554/2
f 9140/552/957 9156/553/930 9148/550/1062
f 9157/551/2 9148/550/1062 9156/553/930
f 9158/632/2 9148/550/1062 9157/551/2
f 9158/632/2 9159/631/1063 9148/550/1062
f 9148/550/1062 9159/631/1063 9160/630/1064
f 9148/550/1062 9160/630/1064 9146/549/1061
f 9161/543/1065 9146/549/1061 9160/630/1064
f 9147/531/926 9146/549/1061 9161/543/1065
f 9160/630/1064 9162/629/1066 9161/543/1065
f 9147/531/926 9161/543/1065 9163/529/1049
f 9164/628/593 9161/543/1065 9162/629/1066
f 9164/628/593 9163/529/1049 9161/543/1065
f 9165/530/926 9166/565/926 9167/564/11
f 9168/528/937 9166/565/926 9165/530/926
f 9165/530/926 9167/564/11 9169/532/11
f 9168/528/937 9170/567/937 9166/565/926
f 9169/532/11 9167/564/11 9171/566/919
f 9172/526/938 9170/567/937 9168/528/937
f 9169/532/11 9171/566/919 9173/534/919
f 9172/526/938 9174/569/938 9170/567/937
f 9175/527/939 9174/569/938 9172/526/938
f 9175/527/939 9176/91/939 9174/569/938
f 9173/534/919 9171/566/919 9177/568/922
f 9173/534/919 9177/568/922 9178/536/922
f 9178/536/922 9177/568/922 9179/570/593
f 9178/536/922 9179/570/593 9180/538/593
s 0
f 9181/573/6 9182/572/6 9183/571/6
f 9181/573/6 9183/571/6 9184/574/6
f 9184/574/6 9183/571/6 9185/576/6
f 9181/573/6 9186/575/6 9182/572/6
f 9184/574/6 9185/576/6 9187/578/6
f 9187/578/6 9185/576/6 9188/579/6
f 9187/578/6 9188/579/6 9189/580/6
f 9190/581/6 9189/580/6 9188/579/6
f 9190/581/6 9188/579/6 9191/582/6
f 9192/633/6 9182/572/6 9186/575/6
f 9192/633/6 9193/634/6 9182/572/6
f 9186/575/6 9194/635/6 9192/633/6
f 9186/575/6 9195/583/6 9194/635/6
f 9195/583/6 9196/636/6 9194/635/6
f 9195/583/6 9197/587/6 9196/636/6
s 1
f 9198/588/940 9199/551/940 9200/554/12
f 9201/637/941 9199/551/940 9198/588/940
f 9201/637/941 9202/632/941 9199/551/940
f 9198/588/940 9200/554/12 9203/589/12
f 9203/589/12 9200/554/12 9204/557/942
f 9203/589/12 9204/557/942 9205/592/942
f 9205/592/942 9204/557/942 9206/562/943
f 9205/592/942 9206/562/943 9207/593/943
f 9207/593/943 9206/562/943 9208/563/171
f 9207/593/943 9208/563/171 9209/594/171
s 0
f 9210/526/2 9211/525/2 9212/524/2
f 9210/526/2 9212/524/2 9213/527/2
f 9214/528/2 9211/525/2 9210/526/2
f 9214/528/2 9215/529/2 9211/525/2
f 9216/530/2 9215/529/2 9214/528/2
f 9216/530/2 9217/531/2 9215/529/2
f 9218/532/2 9217/531/2 9216/530/2
f 9218/532/2 9219/533/2 9217/531/2
f 9220/534/2 9219/533/2 9218/532/2
f 9220/534/2 9221/535/2 9219/533/2
f 9222/536/2 9221/535/2 9220/534/2
f 9222/536/2 9223/537/2 9221/535/2
f 9224/538/2 9223/537/2 9222/536/2
f 9224/538/2 9225/539/2 9223/537/2
s 1
f 9226/525/1067 9227/541/1068 9228/540/1069
f 9226/525/1067 9228/540/1069 9229/524/939
f 9230/529/1070 9227/541/1068 9226/525/1067
f 9228/540/1069 9227/541/1068 9231/542/1071
f 9228/540/1069 9231/542/1071 9232/396/1072
f 9230/529/1070 9233/543/1073 9227/541/1068
f 9233/543/1073 9231/542/1071 9227/541/1068
f 9234/531/1074 9233/543/1073 9230/529/1070
f 9235/544/2 9232/396/1072 9231/542/1071
f 9235/544/2 9231/542/1071 9236/545/2
f 9237/546/1075 9236/545/2 9231/542/1071
f 9237/546/1075 9231/542/1071 9238/547/1076
f 9233/543/1073 9238/547/1076 9231/542/1071
f 9239/548/1077 9237/546/1075 9238/547/1076
f 9234/531/1074 9240/549/1078 9233/543/1073
f 9240/549/1078 9238/547/1076 9233/543/1073
f 9241/533/11 9240/549/1078 9234/531/1074
f 9239/548/1077 9238/547/1076 9242/550/956
f 9240/549/1078 9242/550/956 9238/547/1076
f 9239/548/1077 9242/550/956 9243/551/2
f 9241/533/11 9244/552/957 9240/549/1078
f 9244/552/957 9242/550/956 9240/549/1078
f 9245/535/919 9244/552/957 9241/533/11
f 9243/551/2 9242/550/956 9246/553/930
f 9244/552/957 9246/553/930 9242/550/956
f 9243/551/2 9246/553/930 9247/554/2
f 9245/535/919 9248/555/920 9244/552/957
f 9248/555/920 9246/553/930 9244/552/957
f 9249/537/922 9248/555/920 9245/535/919
f 9247/554/2 9246/553/930 9250/556/929
f 9248/555/920 9250/556/929 9246/553/930
f 9247/554/2 9250/556/929 9251/557/2
f 9249/537/922 9252/558/923 9248/555/920
f 9252/558/923 9250/556/929 9248/555/920
f 9253/539/593 9252/558/923 9249/537/922
f 9253/539/593 9254/559/924 9252/558/923
f 9252/558/923 9255/560/928 9250/556/929
f 9251/557/2 9250/556/929 9255/560/928
f 9254/559/924 9255/560/928 9252/558/923
f 9251/557/2 9255/560/928 9256/562/2
f 9254/559/924 9257/561/1024 9255/560/928
f 9256/562/2 9255/560/928 9257/561/1024
f 9256/562/2 9257/561/1024 9258/563/2
f 9259/530/926 9260/565/926 9261/564/11
f 9262/528/937 9260/565/926 9259/530/926
f 9259/530/926 9261/564/11 9263/532/11
f 9262/528/937 9264/567/937 9260/565/926
f 9263/532/11 9261/564/11 9265/566/919
f 9266/526/938 9264/567/937 9262/528/937
f 9263/532/11 9265/566/919 9267/534/919
f 9266/526/938 9268/569/938 9264/567/937
f 9269/527/939 9268/569/938 9266/526/938
f 9269/527/939 9270/91/939 9268/569/938
f 9267/534/919 9265/566/919 9271/568/922
f 9267/534/919 9271/568/922 9272/536/922
f 9272/536/922 9271/568/922 9273/570/593
f 9272/536/922 9273/570/593 9274/538/593
s 0
f 9275/573/6 9276/572/6 9277/571/6
f 9278/575/6 9276/572/6 9275/573/6
f 9275/573/6 9277/571/6 9279/574/6
f 9278/575/6 9280/577/6 9276/572/6
f 9279/574/6 9277/571/6 9281/576/6
f 9279/574/6 9281/576/6 9282/578/6
f 9282/578/6 9281/576/6 9283/579/6
f 9282/578/6 9283/579/6 9284/580/6
f 9285/581/6 9284/580/6 9283/579/6
f 9285/581/6 9283/579/6 9286/582/6
f 9278/575/6 9287/583/6 9280/577/6
f 9288/584/6 9280/577/6 9287/583/6
f 9288/584/6 9289/585/6 9280/577/6
f 9287/583/6 9290/586/6 9288/584/6
f 9287/583/6 9291/587/6 9290/586/6
s 1
f 9292/588/958 9293/551/958 9294/554/12
f 9295/590/959 9293/551/958 9292/588/958
f 9292/588/958 9294/554/12 9296/589/12
f 9295/590/959 9297/548/1079 9293/551/958
f 9298/591/961 9297/548/1079 9295/590/959
f 9298/591/961 9299/546/961 9297/548/1079
f 9296/589/12 9294/554/12 9300/557/942
f 9296/589/12 9300/557/942 9301/592/942
f 9301/592/942 9300/557/942 9302/562/943
f 9301/592/942 9302/562/943 9303/593/943
f 9303/593/943 9302/562/943 9304/563/171
f 9303/593/943 9304/563/171 9305/594/171
f 9306/638/2 9307/614/1044 9308/526/2
s 0
f 9306/638/2 9308/526/2 9309/527/2
s 1
f 9308/526/2 9307/614/1044 9310/528/2
f 9307/614/1044 9311/529/1080 9310/528/2
f 9311/529/1080 9312/530/2 9310/528/2
f 9311/529/1080 9313/531/2 9312/530/2
s 0
f 9313/531/2 9314/532/2 9312/530/2
f 9313/531/2 9315/533/2 9314/532/2
f 9315/533/2 9316/534/2 9314/532/2
f 9315/533/2 9317/535/2 9316/534/2
f 9317/535/2 9318/536/2 9316/534/2
f 9317/535/2 9319/537/2 9318/536/2
f 9319/537/2 9320/538/2 9318/536/2
f 9319/537/2 9321/539/2 9320/538/2
s 1
f 9322/552/1081 9323/555/1082 9324/535/903
f 9322/552/1081 9324/535/903 9325/533/18
f 9323/555/1082 9326/537/906 9324/535/903
f 9327/549/1083 9322/552/1081 9325/533/18
f 9327/549/1083 9325/533/18 9328/531/895
f 9329/550/1084 9322/552/1081 9327/549/1083
f 9330/543/1085 9327/549/1083 9328/531/895
f 9330/543/1085 9328/531/895 9331/529/1086
f 9330/543/1085 9332/616/1087 9327/549/1083
f 9332/616/1087 9329/550/1084 9327/549/1083
f 9333/639/1088 9330/543/1085 9331/529/1086
f 9333/639/1088 9332/616/1087 9330/543/1085
f 9333/639/1088 9331/529/1086 9334/640/600
f 9332/616/1087 9335/641/1089 9329/550/1084
f 9329/550/1084 9335/641/1089 9336/642/2
f 9329/550/1084 9336/642/2 9337/551/2
f 9338/553/904 9329/550/1084 9337/551/2
f 9329/550/1084 9338/553/904 9322/552/1081
f 9338/553/904 9323/555/1082 9322/552/1081
f 9338/553/904 9337/551/2 9339/554/2
f 9340/556/907 9338/553/904 9339/554/2
f 9338/553/904 9340/556/907 9323/555/1082
f 9340/556/907 9339/554/2 9341/557/2
f 9340/556/907 9342/558/908 9323/555/1082
f 9323/555/1082 9342/558/908 9326/537/906
f 9342/558/908 9343/539/600 9326/537/906
f 9342/558/908 9344/559/909 9343/539/600
f 9340/556/907 9345/560/910 9342/558/908
f 9345/560/910 9344/559/909 9342/558/908
f 9345/560/910 9340/556/907 9341/557/2
f 9345/560/910 9346/561/911 9344/559/909
f 9345/560/910 9341/557/2 9347/562/2
f 9346/561/911 9345/560/910 9347/562/2
f 9346/561/911 9347/562/2 9348/563/2
f 9349/564/18 9350/565/895 9351/530/895
f 9349/564/18 9351/530/895 9352/532/18
f 9350/565/895 9353/528/891 9351/530/895
f 9354/566/903 9349/564/18 9352/532/18
f 9350/565/895 9355/567/891 9353/528/891
f 9354/566/903 9352/532/18 9356/534/903
f 9355/567/891 9357/526/889 9353/528/891
f 9358/568/906 9354/566/903 9356/534/903
f 9355/567/891 9359/569/889 9357/526/889
f 9359/569/889 9360/527/890 9357/526/889
f 9359/569/889 9361/91/890 9360/527/890
f 9358/568/906 9356/534/903 9362/536/906
f 9363/570/600 9358/568/906 9362/536/906
f 9363/570/600 9362/536/906 9364/538/600
s 0
f 9365/571/6 9366/572/6 9367/573/6
f 9365/571/6 9367/573/6 9368/574/6
f 9369/576/6 9365/571/6 9368/574/6
f 9367/573/6 9366/572/6 9370/575/6
f 9369/576/6 9368/574/6 9371/578/6
f 9372/579/6 9369/576/6 9371/578/6
f 9372/579/6 9371/578/6 9373/580/6
f 9374/581/6 9372/579/6 9373/580/6
f 9374/581/6 9375/582/6 9372/579/6
f 9366/572/6 9376/621/6 9370/575/6
f 9366/572/6 9377/643/6 9376/621/6
f 9370/575/6 9376/621/6 9378/623/6
f 9370/575/6 9378/623/6 9379/583/6
f 9379/583/6 9378/623/6 9380/624/6
f 9379/583/6 9380/624/6 9381/587/6
s 1
f 9382/554/9 9383/551/1002 9384/588/1002
f 9383/551/1002 9385/644/1003 9384/588/1002
f 9383/551/1002 9386/642/1003 9385/644/1003
f 9382/554/9 9384/588/1002 9387/589/9
f 9388/557/914 9382/554/9 9387/589/9
f 9388/557/914 9387/589/9 9389/592/914
f 9390/562/917 9388/557/914 9389/592/914
f 9390/562/917 9389/592/914 9391/593/917
f 9392/563/168 9390/562/917 9391/593/917
f 9392/563/168 9391/593/917 9393/594/168
f 9394/614/1090 9395/640/1091 9396/529/1092
s 0
f 9397/526/6 9398/525/6 9399/524/6
f 9397/526/6 9399/524/6 9400/527/6
f 9401/528/6 9398/525/6 9397/526/6
f 9401/528/6 9402/529/6 9398/525/6
f 9403/530/6 9402/529/6 9401/528/6
f 9403/530/6 9404/531/6 9402/529/6
f 9405/532/6 9404/531/6 9403/530/6
f 9405/532/6 9406/533/6 9404/531/6
f 9407/534/6 9406/533/6 9405/532/6
f 9407/534/6 9408/535/6 9406/533/6
f 9409/536/6 9408/535/6 9407/534/6
f 9409/536/6 9410/537/6 9408/535/6
f 9411/538/6 9410/537/6 9409/536/6
f 9411/538/6 9412/539/6 9410/537/6
s 1
f 9413/525/889 9414/541/1093 9415/540/1094
f 9413/525/889 9415/540/1094 9416/524/890
f 9417/529/891 9414/541/1093 9413/525/889
f 9415/540/1094 9414/541/1093 9418/542/1095
f 9415/540/1094 9418/542/1095 9419/396/1096
f 9417/529/891 9420/543/1097 9414/541/1093
f 9420/543/1097 9418/542/1095 9414/541/1093
f 9421/531/895 9420/543/1097 9417/529/891
f 9422/544/6 9419/396/1096 9418/542/1095
f 9422/544/6 9418/542/1095 9423/545/1098
f 9424/546/1099 9423/545/1098 9418/542/1095
f 9424/546/1099 9418/542/1095 9425/547/1100
f 9420/543/1097 9425/547/1100 9418/542/1095
f 9426/548/1101 9424/546/1099 9425/547/1100
f 9421/531/895 9427/549/1102 9420/543/1097
f 9427/549/1102 9425/547/1100 9420/543/1097
f 9428/533/18 9427/549/1102 9421/531/895
f 9426/548/1101 9425/547/1100 9429/550/1103
f 9427/549/1102 9429/550/1103 9425/547/1100
f 9426/548/1101 9429/550/1103 9430/551/6
f 9428/533/18 9431/552/1104 9427/549/1102
f 9431/552/1104 9429/550/1103 9427/549/1102
f 9432/535/903 9431/552/1104 9428/533/18
f 9430/551/6 9429/550/1103 9433/553/1105
f 9431/552/1104 9433/553/1105 9429/550/1103
f 9430/551/6 9433/553/1105 9434/554/6
f 9432/535/903 9435/555/1106 9431/552/1104
f 9435/555/1106 9433/553/1105 9431/552/1104
f 9436/537/906 9435/555/1106 9432/535/903
f 9434/554/6 9433/553/1105 9437/556/1107
f 9435/555/1106 9437/556/1107 9433/553/1105
f 9434/554/6 9437/556/1107 9438/557/6
f 9436/537/906 9439/558/1108 9435/555/1106
f 9439/558/1108 9437/556/1107 9435/555/1106
f 9440/539/600 9439/558/1108 9436/537/906
f 9440/539/600 9441/559/1109 9439/558/1108
f 9439/558/1108 9442/560/1110 9437/556/1107
f 9438/557/6 9437/556/1107 9442/560/1110
f 9441/559/1109 9442/560/1110 9439/558/1108
f 9438/557/6 9442/560/1110 9443/562/6
f 9441/559/1109 9444/561/1111 9442/560/1110
f 9443/562/6 9442/560/1110 9444/561/1111
f 9443/562/6 9444/561/1111 9445/563/6
f 9446/530/895 9447/565/895 9448/564/18
f 9449/528/891 9447/565/895 9446/530/895
f 9446/530/895 9448/564/18 9450/532/18
f 9449/528/891 9451/567/891 9447/565/895
f 9450/532/18 9448/564/18 9452/566/903
f 9453/526/889 9451/567/891 9449/528/891
f 9450/532/18 9452/566/903 9454/534/903
f 9453/526/889 9455/569/889 9451/567/891
f 9456/527/890 9455/569/889 9453/526/889
f 9456/527/890 9457/91/890 9455/569/889
f 9454/534/903 9452/566/903 9458/568/906
f 9454/534/903 9458/568/906 9459/536/906
f 9459/536/906 9458/568/906 9460/570/600
f 9459/536/906 9460/570/600 9461/538/600
s 0
f 9462/573/2 9463/572/2 9464/571/2
f 9465/575/2 9463/572/2 9462/573/2
f 9462/573/2 9464/571/2 9466/574/2
f 9465/575/2 9467/577/2 9463/572/2
f 9466/574/2 9464/571/2 9468/576/2
f 9466/574/2 9468/576/2 9469/578/2
f 9469/578/2 9468/576/2 9470/579/2
f 9469/578/2 9470/579/2 9471/580/2
f 9472/581/2 9471/580/2 9470/579/2
f 9472/581/2 9470/579/2 9473/582/2
f 9465/575/2 9474/583/2 9467/577/2
f 9475/584/2 9467/577/2 9474/583/2
f 9475/584/2 9476/585/2 9467/577/2
f 9474/583/2 9477/586/2 9475/584/2
f 9474/583/2 9478/587/2 9477/586/2
s 1
f 9479/588/912 9480/551/912 9481/554/9
f 9482/590/913 9480/551/912 9479/588/912
f 9479/588/912 9481/554/9 9483/589/9
f 9482/590/913 9484/548/915 9480/551/912
f 9485/591/916 9484/548/915 9482/590/913
f 9485/591/916 9486/546/916 9484/548/915
f 9483/589/9 9481/554/9 9487/557/914
f 9483/589/9 9487/557/914 9488/592/914
f 9488/592/914 9487/557/914 9489/562/917
f 9488/592/914 9489/562/917 9490/593/917
f 9490/593/917 9489/562/917 9491/563/168
f 9490/593/917 9491/563/168 9492/594/168
s 0
f 9493/596/6 9494/595/6 9495/526/6
f 9493/596/6 9495/526/6 9496/527/6
f 9495/526/6 9494/595/6 9497/528/6
f 9494/595/6 9498/529/6 9497/528/6
f 9498/529/6 9499/530/6 9497/528/6
f 9498/529/6 9500/531/6 9499/530/6
f 9500/531/6 9501/532/6 9499/530/6
f 9500/531/6 9502/533/6 9501/532/6
f 9502/533/6 9503/534/6 9501/532/6
f 9502/533/6 9504/535/6 9503/534/6
f 9504/535/6 9505/536/6 9503/534/6
f 9504/535/6 9506/537/6 9505/536/6
f 9506/537/6 9507/538/6 9505/536/6
f 9506/537/6 9508/539/6 9507/538/6
s 1
f 9509/552/1112 9510/555/1113 9511/535/919
f 9509/552/1112 9511/535/919 9512/533/11
f 9510/555/1113 9513/537/922 9511/535/919
f 9514/549/1114 9509/552/1112 9512/533/11
f 9514/549/1114 9512/533/11 9515/531/926
f 9516/550/1115 9509/552/1112 9514/549/1114
f 9517/543/1116 9514/549/1114 9515/531/926
f 9517/543/1116 9515/531/926 9518/529/935
f 9517/543/1116 9518/529/935 9519/601/1117
f 9517/543/1116 9519/601/1117 9520/600/1118
f 9521/599/1119 9517/543/1116 9520/600/1118
f 9517/543/1116 9521/599/1119 9514/549/1114
f 9521/599/1119 9516/550/1115 9514/549/1114
f 9521/599/1119 9522/598/1120 9516/550/1115
f 9516/550/1115 9522/598/1120 9523/597/6
f 9516/550/1115 9523/597/6 9524/551/6
f 9525/553/1121 9516/550/1115 9524/551/6
f 9516/550/1115 9525/553/1121 9509/552/1112
f 9525/553/1121 9510/555/1113 9509/552/1112
f 9525/553/1121 9524/551/6 9526/554/6
f 9527/556/1122 9525/553/1121 9526/554/6
f 9525/553/1121 9527/556/1122 9510/555/1113
f 9527/556/1122 9526/554/6 9528/557/6
f 9527/556/1122 9529/558/1123 9510/555/1113
f 9510/555/1113 9529/558/1123 9513/537/922
f 9529/558/1123 9530/539/593 9513/537/922
f 9529/558/1123 9531/559/1124 9530/539/593
f 9527/556/1122 9532/560/1125 9529/558/1123
f 9532/560/1125 9531/559/1124 9529/558/1123
f 9532/560/1125 9527/556/1122 9528/557/6
f 9532/560/1125 9533/561/1126 9531/559/1124
f 9532/560/1125 9528/557/6 9534/562/6
f 9533/561/1126 9532/560/1125 9534/562/6
f 9533/561/1126 9534/562/6 9535/563/6
f 9536/564/11 9537/565/926 9538/530/926
f 9536/564/11 9538/530/926 9539/532/11
f 9537/565/926 9540/528/937 9538/530/926
f 9541/566/919 9536/564/11 9539/532/11
f 9537/565/926 9542/567/937 9540/528/937
f 9541/566/919 9539/532/11 9543/534/919
f 9542/567/937 9544/526/938 9540/528/937
f 9545/568/922 9541/566/919 9543/534/919
f 9542/567/937 9546/569/938 9544/526/938
f 9546/569/938 9547/527/939 9544/526/938
f 9546/569/938 9548/91/939 9547/527/939
f 9545/568/922 9543/534/919 9549/536/922
f 9550/570/593 9545/568/922 9549/536/922
f 9550/570/593 9549/536/922 9551/538/593
s 0
f 9552/571/2 9553/572/2 9554/573/2
f 9552/571/2 9554/573/2 9555/574/2
f 9556/576/2 9552/571/2 9555/574/2
f 9554/573/2 9553/572/2 9557/575/2
f 9556/576/2 9555/574/2 9558/578/2
f 9559/579/2 9556/576/2 9558/578/2
f 9559/579/2 9558/578/2 9560/580/2
f 9561/581/2 9559/579/2 9560/580/2
f 9561/581/2 9562/582/2 9559/579/2
f 9553/572/2 9563/602/2 9557/575/2
f 9553/572/2 9564/603/2 9563/602/2
f 9557/575/2 9563/602/2 9565/604/2
f 9557/575/2 9565/604/2 9566/583/2
f 9566/583/2 9565/604/2 9567/605/2
f 9566/583/2 9567/605/2 9568/587/2
s 1
f 9569/554/12 9570/551/940 9571/588/940
f 9570/551/940 9572/606/941 9571/588/940
f 9570/551/940 9573/597/941 9572/606/941
f 9569/554/12 9571/588/940 9574/589/12
f 9575/557/942 9569/554/12 9574/589/12
f 9575/557/942 9574/589/12 9576/592/942
f 9577/562/943 9575/557/942 9576/592/942
f 9577/562/943 9576/592/942 9578/593/943
f 9579/563/171 9577/562/943 9578/593/943
f 9579/563/171 9578/593/943 9580/594/171
f 9581/595/1127 9582/601/1128 9583/529/1129
s 0
f 9584/524/6 9585/525/6 9586/526/6
f 9584/524/6 9586/526/6 9587/527/6
f 9585/525/6 9588/528/6 9586/526/6
f 9585/525/6 9589/529/6 9588/528/6
f 9589/529/6 9590/530/6 9588/528/6
f 9589/529/6 9591/531/6 9590/530/6
f 9591/531/6 9592/532/6 9590/530/6
f 9591/531/6 9593/533/6 9592/532/6
f 9593/533/6 9594/534/6 9592/532/6
f 9593/533/6 9595/535/6 9594/534/6
f 9595/535/6 9596/536/6 9594/534/6
f 9595/535/6 9597/537/6 9596/536/6
f 9597/537/6 9598/538/6 9596/536/6
f 9597/537/6 9599/539/6 9598/538/6
s 1
f 9600/540/1130 9601/541/1131 9602/525/938
f 9600/540/1130 9602/525/938 9603/524/939
f 9601/541/1131 9604/529/937 9602/525/938
f 9605/542/1132 9601/541/1131 9600/540/1130
f 9605/542/1132 9600/540/1130 9606/396/1133
f 9601/541/1131 9607/543/1134 9604/529/937
f 9605/542/1132 9607/543/1134 9601/541/1131
f 9607/543/1134 9608/531/926 9604/529/937
f 9605/542/1132 9606/396/1133 9609/607/6
f 9605/542/1132 9609/607/6 9610/608/1135
f 9605/542/1132 9610/608/1135 9611/609/1136
f 9605/542/1132 9611/609/1136 9612/547/1137
f 9605/542/1132 9612/547/1137 9607/543/1134
f 9613/548/1138 9612/547/1137 9611/609/1136
f 9607/543/1134 9614/549/1139 9608/531/926
f 9612/547/1137 9614/549/1139 9607/543/1134
f 9614/549/1139 9615/533/11 9608/531/926
f 9616/550/1140 9612/547/1137 9613/548/1138
f 9612/547/1137 9616/550/1140 9614/549/1139
f 9616/550/1140 9613/548/1138 9617/551/6
f 9614/549/1139 9618/552/1141 9615/533/11
f 9616/550/1140 9618/552/1141 9614/549/1139
f 9618/552/1141 9619/535/919 9615/533/11
f 9620/553/1121 9616/550/1140 9617/551/6
f 9616/550/1140 9620/553/1121 9618/552/1141
f 9620/553/1121 9617/551/6 9621/554/6
f 9618/552/1141 9622/555/1113 9619/535/919
f 9620/553/1121 9622/555/1113 9618/552/1141
f 9622/555/1113 9623/537/922 9619/535/919
f 9624/556/1122 9620/553/1121 9621/554/6
f 9620/553/1121 9624/556/1122 9622/555/1113
f 9624/556/1122 9621/554/6 9625/557/6
f 9622/555/1113 9626/558/1123 9623/537/922
f 9624/556/1122 9626/558/1123 9622/555/1113
f 9626/558/1123 9627/539/593 9623/537/922
f 9626/558/1123 9628/559/1124 9627/539/593
f 9624/556/1122 9629/560/1125 9626/558/1123
f 9629/560/1125 9628/559/1124 9626/558/1123
f 9629/560/1125 9624/556/1122 9625/557/6
f 9629/560/1125 9630/561/1142 9628/559/1124
f 9629/560/1125 9625/557/6 9631/562/6
f 9630/561/1142 9629/560/1125 9631/562/6
f 9630/561/1142 9631/562/6 9632/563/6
f 9633/564/11 9634/565/926 9635/530/926
f 9633/564/11 9635/530/926 9636/532/11
f 9634/565/926 9637/528/937 9635/530/926
f 9638/566/919 9633/564/11 9636/532/11
f 9634/565/926 9639/567/937 9637/528/937
f 9638/566/919 9636/532/11 9640/534/919
f 9639/567/937 9641/526/938 9637/528/937
f 9642/568/922 9638/566/919 9640/534/919
f 9639/567/937 9643/569/938 9641/526/938
f 9643/569/938 9644/527/939 9641/526/938
f 9643/569/938 9645/91/939 9644/527/939
f 9642/568/922 9640/534/919 9646/536/922
f 9647/570/593 9642/568/922 9646/536/922
f 9647/570/593 9646/536/922 9648/538/593
s 0
f 9649/571/2 9650/572/2 9651/573/2
f 9649/571/2 9651/573/2 9652/574/2
f 9650/572/2 9653/575/2 9651/573/2
f 9654/576/2 9649/571/2 9652/574/2
f 9650/572/2 9655/577/2 9653/575/2
f 9654/576/2 9652/574/2 9656/578/2
f 9657/579/2 9654/576/2 9656/578/2
f 9657/579/2 9656/578/2 9658/580/2
f 9659/581/2 9657/579/2 9658/580/2
f 9659/581/2 9660/582/2 9657/579/2
f 9653/575/2 9655/577/2 9661/583/2
f 9655/577/2 9662/610/2 9661/583/2
f 9655/577/2 9663/611/2 9662/610/2
f 9661/583/2 9662/610/2 9664/612/2
f 9661/583/2 9664/612/2 9665/587/2
s 1
f 9666/554/12 9667/551/958 9668/588/958
f 9666/554/12 9668/588/958 9669/589/12
f 9667/551/958 9670/590/959 9668/588/958
f 9671/557/942 9666/554/12 9669/589/12
f 9667/551/958 9672/548/960 9670/590/959
f 9672/548/960 9673/613/961 9670/590/959
f 9672/548/960 9674/609/961 9673/613/961
f 9671/557/942 9669/589/12 9675/592/942
f 9676/562/943 9671/557/942 9675/592/942
f 9676/562/943 9675/592/942 9677/593/943
f 9678/563/171 9676/562/943 9677/593/943
f 9678/563/171 9677/593/943 9679/594/171
s 0
f 9680/526/6 9681/595/6 9682/596/6
f 9680/526/6 9682/596/6 9683/527/6
f 9680/526/6 9684/528/6 9681/595/6
f 9685/529/6 9681/595/6 9684/528/6
f 9686/530/6 9685/529/6 9684/528/6
f 9686/530/6 9687/531/6 9685/529/6
f 9688/532/6 9687/531/6 9686/530/6
f 9688/532/6 9689/533/6 9687/531/6
f 9690/534/6 9689/533/6 9688/532/6
f 9690/534/6 9691/535/6 9689/533/6
f 9692/536/6 9691/535/6 9690/534/6
f 9692/536/6 9693/537/6 9691/535/6
f 9694/538/6 9693/537/6 9692/536/6
f 9694/538/6 9695/539/6 9693/537/6
s 1
f 9696/535/903 9697/555/1106 9698/552/1104
f 9699/537/906 9697/555/1106 9696/535/903
f 9696/535/903 9698/552/1104 9700/533/18
f 9699/537/906 9701/558/1108 9697/555/1106
f 9702/539/600 9701/558/1108 9699/537/906
f 9702/539/600 9703/559/1109 9701/558/1108
f 9700/533/18 9698/552/1104 9704/549/1143
f 9700/533/18 9704/549/1143 9705/531/895
f 9698/552/1104 9706/550/1144 9704/549/1143
f 9703/559/1109 9707/560/1110 9701/558/1108
f 9703/559/1109 9708/561/1111 9707/560/1110
f 9709/562/6 9707/560/1110 9708/561/1111
f 9709/562/6 9708/561/1111 9710/563/6
f 9711/557/6 9707/560/1110 9709/562/6
f 9701/558/1108 9707/560/1110 9712/556/1107
f 9711/557/6 9712/556/1107 9707/560/1110
f 9701/558/1108 9712/556/1107 9697/555/1106
f 9713/554/6 9712/556/1107 9711/557/6
f 9697/555/1106 9714/553/1105 9698/552/1104
f 9697/555/1106 9712/556/1107 9714/553/1105
f 9713/554/6 9714/553/1105 9712/556/1107
f 9715/551/6 9714/553/1105 9713/554/6
f 9698/552/1104 9714/553/1105 9706/550/1144
f 9715/551/6 9706/550/1144 9714/553/1105
f 9716/597/6 9706/550/1144 9715/551/6
f 9716/597/6 9717/598/1145 9706/550/1144
f 9706/550/1144 9717/598/1145 9718/599/1146
f 9706/550/1144 9718/599/1146 9704/549/1143
f 9719/543/1147 9704/549/1143 9718/599/1146
f 9705/531/895 9704/549/1143 9719/543/1147
f 9718/599/1146 9720/600/1148 9719/543/1147
f 9705/531/895 9719/543/1147 9721/529/891
f 9722/601/1149 9719/543/1147 9720/600/1148
f 9722/601/1149 9721/529/891 9719/543/1147
f 9723/530/895 9724/565/895 9725/564/18
f 9726/528/891 9724/565/895 9723/530/895
f 9723/530/895 9725/564/18 9727/532/18
f 9726/528/891 9728/567/891 9724/565/895
f 9727/532/18 9725/564/18 9729/566/903
f 9730/526/889 9728/567/891 9726/528/891
f 9727/532/18 9729/566/903 9731/534/903
f 9730/526/889 9732/569/889 9728/567/891
f 9733/527/890 9732/569/889 9730/526/889
f 9733/527/890 9734/91/890 9732/569/889
f 9731/534/903 9729/566/903 9735/568/906
f 9731/534/903 9735/568/906 9736/536/906
f 9736/536/906 9735/568/906 9737/570/600
f 9736/536/906 9737/570/600 9738/538/600
s 0
f 9739/573/2 9740/572/2 9741/571/2
f 9739/573/2 9741/571/2 9742/574/2
f 9742/574/2 9741/571/2 9743/576/2
f 9739/573/2 9744/575/2 9740/572/2
f 9742/574/2 9743/576/2 9745/578/2
f 9745/578/2 9743/576/2 9746/579/2
f 9745/578/2 9746/579/2 9747/580/2
f 9748/581/2 9747/580/2 9746/579/2
f 9748/581/2 9746/579/2 9749/582/2
f 9750/602/2 9740/572/2 9744/575/2
f 9750/602/2 9751/603/2 9740/572/2
f 9744/575/2 9752/604/2 9750/602/2
f 9744/575/2 9753/583/2 9752/604/2
f 9753/583/2 9754/605/2 9752/604/2
f 9753/583/2 9755/587/2 9754/605/2
s 1
f 9756/588/912 9757/551/912 9758/554/9
f 9759/606/969 9757/551/912 9756/588/912
f 9759/606/969 9760/597/969 9757/551/912
f 9756/588/912 9758/554/9 9761/589/9
f 9761/589/9 9758/554/9 9762/557/914
f 9761/589/9 9762/557/914 9763/592/914
f 9763/592/914 9762/557/914 9764/562/917
f 9763/592/914 9764/562/917 9765/593/917
f 9765/593/917 9764/562/917 9766/563/168
f 9765/593/917 9766/563/168 9767/594/168
f 9768/529/1150 9769/601/1128 9770/595/1127
s 0
f 9771/526/6 9772/525/6 9773/524/6
f 9771/526/6 9773/524/6 9774/527/6
f 9775/528/6 9772/525/6 9771/526/6
f 9775/528/6 9776/529/6 9772/525/6
f 9777/530/6 9776/529/6 9775/528/6
f 9777/530/6 9778/531/6 9776/529/6
f 9779/532/6 9778/531/6 9777/530/6
f 9779/532/6 9780/533/6 9778/531/6
f 9781/534/6 9780/533/6 9779/532/6
f 9781/534/6 9782/535/6 9780/533/6
f 9783/536/6 9782/535/6 9781/534/6
f 9783/536/6 9784/537/6 9782/535/6
f 9785/538/6 9784/537/6 9783/536/6
f 9785/538/6 9786/539/6 9784/537/6
s 1
f 9787/525/889 9788/541/1093 9789/540/1094
f 9787/525/889 9789/540/1094 9790/524/890
f 9791/529/891 9788/541/1093 9787/525/889
f 9789/540/1094 9788/541/1093 9792/542/1151
f 9789/540/1094 9792/542/1151 9793/396/1096
f 9791/529/891 9794/543/1097 9788/541/1093
f 9794/543/1097 9792/542/1151 9788/541/1093
f 9795/531/895 9794/543/1097 9791/529/891
f 9796/607/6 9793/396/1096 9792/542/1151
f 9796/607/6 9792/542/1151 9797/608/1135
f 9798/609/1136 9797/608/1135 9792/542/1151
f 9798/609/1136 9792/542/1151 9799/547/1152
f 9794/543/1097 9799/547/1152 9792/542/1151
f 9800/548/1153 9798/609/1136 9799/547/1152
f 9795/531/895 9801/549/1102 9794/543/1097
f 9801/549/1102 9799/547/1152 9794/543/1097
f 9802/533/18 9801/549/1102 9795/531/895
f 9800/548/1153 9799/547/1152 9803/550/1103
f 9801/549/1102 9803/550/1103 9799/547/1152
f 9800/548/1153 9803/550/1103 9804/551/6
f 9802/533/18 9805/552/1104 9801/549/1102
f 9805/552/1104 9803/550/1103 9801/549/1102
f 9806/535/903 9805/552/1104 9802/533/18
f 9804/551/6 9803/550/1103 9807/553/1105
f 9805/552/1104 9807/553/1105 9803/550/1103
f 9804/551/6 9807/553/1105 9808/554/6
f 9806/535/903 9809/555/1106 9805/552/1104
f 9809/555/1106 9807/553/1105 9805/552/1104
f 9810/537/906 9809/555/1106 9806/535/903
f 9808/554/6 9807/553/1105 9811/556/1107
f 9809/555/1106 9811/556/1107 9807/553/1105
f 9808/554/6 9811/556/1107 9812/557/6
f 9810/537/906 9813/558/1108 9809/555/1106
f 9813/558/1108 9811/556/1107 9809/555/1106
f 9814/539/600 9813/558/1108 9810/537/906
f 9814/539/600 9815/559/1109 9813/558/1108
f 9813/558/1108 9816/560/1110 9811/556/1107
f 9812/557/6 9811/556/1107 9816/560/1110
f 9815/559/1109 9816/560/1110 9813/558/1108
f 9812/557/6 9816/560/1110 9817/562/6
f 9815/559/1109 9818/561/1142 9816/560/1110
f 9817/562/6 9816/560/1110 9818/561/1142
f 9817/562/6 9818/561/1142 9819/563/6
f 9820/530/895 9821/565/895 9822/564/18
f 9823/528/891 9821/565/895 9820/530/895
f 9820/530/895 9822/564/18 9824/532/18
f 9823/528/891 9825/567/891 9821/565/895
f 9824/532/18 9822/564/18 9826/566/903
f 9827/526/889 9825/567/891 9823/528/891
f 9824/532/18 9826/566/903 9828/534/903
f 9827/526/889 9829/569/889 9825/567/891
f 9830/527/890 9829/569/889 9827/526/889
f 9830/527/890 9831/91/890 9829/569/889
f 9828/534/903 9826/566/903 9832/568/906
f 9828/534/903 9832/568/906 9833/536/906
f 9833/536/906 9832/568/906 9834/570/600
f 9833/536/906 9834/570/600 9835/538/600
s 0
f 9836/573/2 9837/572/2 9838/571/2
f 9839/575/2 9837/572/2 9836/573/2
f 9836/573/2 9838/571/2 9840/574/2
f 9839/575/2 9841/577/2 9837/572/2
f 9840/574/2 9838/571/2 9842/576/2
f 9840/574/2 9842/576/2 9843/578/2
f 9843/578/2 9842/576/2 9844/579/2
f 9843/578/2 9844/579/2 9845/580/2
f 9846/581/2 9845/580/2 9844/579/2
f 9846/581/2 9844/579/2 9847/582/2
f 9839/575/2 9848/583/2 9841/577/2
f 9849/610/2 9841/577/2 9848/583/2
f 9849/610/2 9850/611/2 9841/577/2
f 9848/583/2 9851/612/2 9849/610/2
f 9848/583/2 9852/587/2 9851/612/2
s 1
f 9853/588/912 9854/551/912 9855/554/9
f 9856/590/913 9854/551/912 9853/588/912
f 9853/588/912 9855/554/9 9857/589/9
f 9856/590/913 9858/548/915 9854/551/912
f 9859/613/916 9858/548/915 9856/590/913
f 9859/613/916 9860/609/916 9858/548/915
f 9857/589/9 9855/554/9 9861/557/914
f 9857/589/9 9861/557/914 9862/592/914
f 9862/592/914 9861/557/914 9863/562/917
f 9862/592/914 9863/562/917 9864/593/917
f 9864/593/917 9863/562/917 9865/563/168
f 9864/593/917 9865/563/168 9866/594/168
f 9867/615/6 9868/614/1154 9869/526/6
s 0
f 9867/615/6 9869/526/6 9870/527/6
s 1
f 9869/526/6 9868/614/1154 9871/528/6
f 9868/614/1154 9872/529/1155 9871/528/6
f 9872/529/1155 9873/530/6 9871/528/6
f 9872/529/1155 9874/531/6 9873/530/6
s 0
f 9874/531/6 9875/532/6 9873/530/6
f 9874/531/6 9876/533/6 9875/532/6
f 9876/533/6 9877/534/6 9875/532/6
f 9876/533/6 9878/535/6 9877/534/6
f 9878/535/6 9879/536/6 9877/534/6
f 9878/535/6 9880/537/6 9879/536/6
f 9880/537/6 9881/538/6 9879/536/6
f 9880/537/6 9882/539/6 9881/538/6
s 1
f 9883/552/1141 9884/555/1113 9885/535/919
f 9883/552/1141 9885/535/919 9886/533/11
f 9884/555/1113 9887/537/922 9885/535/919
f 9888/549/1156 9883/552/1141 9886/533/11
f 9888/549/1156 9886/533/11 9889/531/1074
f 9890/550/1157 9883/552/1141 9888/549/1156
f 9891/543/1158 9888/549/1156 9889/531/1074
f 9891/543/1158 9889/531/1074 9892/529/980
f 9891/543/1158 9893/616/1159 9888/549/1156
f 9893/616/1159 9890/550/1157 9888/549/1156
f 9894/617/1160 9891/543/1158 9892/529/980
f 9894/617/1160 9893/616/1159 9891/543/1158
f 9894/617/1160 9892/529/980 9895/618/593
f 9893/616/1159 9896/619/1161 9890/550/1157
f 9890/550/1157 9896/619/1161 9897/620/6
f 9890/550/1157 9897/620/6 9898/551/6
f 9899/553/1121 9890/550/1157 9898/551/6
f 9890/550/1157 9899/553/1121 9883/552/1141
f 9899/553/1121 9884/555/1113 9883/552/1141
f 9899/553/1121 9898/551/6 9900/554/6
f 9901/556/1122 9899/553/1121 9900/554/6
f 9899/553/1121 9901/556/1122 9884/555/1113
f 9901/556/1122 9900/554/6 9902/557/6
f 9901/556/1122 9903/558/1123 9884/555/1113
f 9884/555/1113 9903/558/1123 9887/537/922
f 9903/558/1123 9904/539/593 9887/537/922
f 9903/558/1123 9905/559/1124 9904/539/593
f 9901/556/1122 9906/560/1125 9903/558/1123
f 9906/560/1125 9905/559/1124 9903/558/1123
f 9906/560/1125 9901/556/1122 9902/557/6
f 9906/560/1125 9907/561/1126 9905/559/1124
f 9906/560/1125 9902/557/6 9908/562/6
f 9907/561/1126 9906/560/1125 9908/562/6
f 9907/561/1126 9908/562/6 9909/563/6
f 9910/564/11 9911/565/926 9912/530/926
f 9910/564/11 9912/530/926 9913/532/11
f 9911/565/926 9914/528/937 9912/530/926
f 9915/566/919 9910/564/11 9913/532/11
f 9911/565/926 9916/567/937 9914/528/937
f 9915/566/919 9913/532/11 9917/534/919
f 9916/567/937 9918/526/938 9914/528/937
f 9919/568/922 9915/566/919 9917/534/919
f 9916/567/937 9920/569/938 9918/526/938
f 9920/569/938 9921/527/939 9918/526/938
f 9920/569/938 9922/91/939 9921/527/939
f 9919/568/922 9917/534/919 9923/536/922
f 9924/570/593 9919/568/922 9923/536/922
f 9924/570/593 9923/536/922 9925/538/593
s 0
f 9926/571/2 9927/572/2 9928/573/2
f 9926/571/2 9928/573/2 9929/574/2
f 9930/576/2 9926/571/2 9929/574/2
f 9928/573/2 9927/572/2 9931/575/2
f 9930/576/2 9929/574/2 9932/578/2
f 9933/579/2 9930/576/2 9932/578/2
f 9933/579/2 9932/578/2 9934/580/2
f 9935/581/2 9933/579/2 9934/580/2
f 9935/581/2 9936/582/2 9933/579/2
f 9927/572/2 9937/621/2 9931/575/2
f 9927/572/2 9938/622/2 9937/621/2
f 9931/575/2 9937/621/2 9939/623/2
f 9931/575/2 9939/623/2 9940/583/2
f 9940/583/2 9939/623/2 9941/624/2
f 9940/583/2 9941/624/2 9942/587/2
s 1
f 9943/554/12 9944/551/958 9945/588/958
f 9944/551/958 9946/625/984 9945/588/958
f 9944/551/958 9947/620/984 9946/625/984
f 9943/554/12 9945/588/958 9948/589/12
f 9949/557/942 9943/554/12 9948/589/12
f 9949/557/942 9948/589/12 9950/592/942
f 9951/562/943 9949/557/942 9950/592/942
f 9951/562/943 9950/592/942 9952/593/943
f 9953/563/171 9951/562/943 9952/593/943
f 9953/563/171 9952/593/943 9954/594/171
f 9955/614/1162 9956/618/1163 9957/529/1164
s 0
f 9958/524/6 9959/525/6 9960/526/6
f 9958/524/6 9960/526/6 9961/527/6
f 9959/525/6 9962/528/6 9960/526/6
f 9959/525/6 9963/529/6 9962/528/6
f 9963/529/6 9964/530/6 9962/528/6
f 9963/529/6 9965/531/6 9964/530/6
f 9965/531/6 9966/532/6 9964/530/6
f 9965/531/6 9967/533/6 9966/532/6
f 9967/533/6 9968/534/6 9966/532/6
f 9967/533/6 9969/535/6 9968/534/6
f 9969/535/6 9970/536/6 9968/534/6
f 9969/535/6 9971/537/6 9970/536/6
f 9971/537/6 9972/538/6 9970/536/6
f 9971/537/6 9973/539/6 9972/538/6
s 1
f 9974/540/1130 9975/541/1131 9976/525/938
f 9974/540/1130 9976/525/938 9977/524/939
f 9975/541/1131 9978/529/937 9976/525/938
f 9979/542/1165 9975/541/1131 9974/540/1130
f 9979/542/1165 9974/540/1130 9980/396/1133
f 9975/541/1131 9981/543/1166 9978/529/937
f 9979/542/1165 9981/543/1166 9975/541/1131
f 9981/543/1166 9982/531/926 9978/529/937
f 9979/542/1165 9980/396/1133 9983/544/6
f 9979/542/1165 9983/544/6 9984/545/1098
f 9979/542/1165 9984/545/1098 9985/546/1099
f 9979/542/1165 9985/546/1099 9986/547/1167
f 9979/542/1165 9986/547/1167 9981/543/1166
f 9987/548/1168 9986/547/1167 9985/546/1099
f 9981/543/1166 9988/549/1139 9982/531/926
f 9986/547/1167 9988/549/1139 9981/543/1166
f 9988/549/1139 9989/533/11 9982/531/926
f 9990/550/1140 9986/547/1167 9987/548/1168
f 9986/547/1167 9990/550/1140 9988/549/1139
f 9990/550/1140 9987/548/1168 9991/551/6
f 9988/549/1139 9992/552/1141 9989/533/11
f 9990/550/1140 9992/552/1141 9988/549/1139
f 9992/552/1141 9993/535/919 9989/533/11
f 9994/553/1121 9990/550/1140 9991/551/6
f 9990/550/1140 9994/553/1121 9992/552/1141
f 9994/553/1121 9991/551/6 9995/554/6
f 9992/552/1141 9996/555/1113 9993/535/919
f 9994/553/1121 9996/555/1113 9992/552/1141
f 9996/555/1113 9997/537/922 9993/535/919
f 9998/556/1122 9994/553/1121 9995/554/6
f 9994/553/1121 9998/556/1122 9996/555/1113
f 9998/556/1122 9995/554/6 9999/557/6
f 9996/555/1113 10000/558/1123 9997/537/922
f 9998/556/1122 10000/558/1123 9996/555/1113
f 10000/558/1123 10001/539/593 9997/537/922
f 10000/558/1123 10002/559/1124 10001/539/593
f 9998/556/1122 10003/560/1125 10000/558/1123
f 10003/560/1125 10002/559/1124 10000/558/1123
f 10003/560/1125 9998/556/1122 9999/557/6
f 10003/560/1125 10004/561/1142 10002/559/1124
f 10003/560/1125 9999/557/6 10005/562/6
f 10004/561/1142 10003/560/1125 10005/562/6
f 10004/561/1142 10005/562/6 10006/563/6
f 10007/564/11 10008/565/926 10009/530/926
f 10007/564/11 10009/530/926 10010/532/11
f 10008/565/926 10011/528/937 10009/530/926
f 10012/566/919 10007/564/11 10010/532/11
f 10008/565/926 10013/567/937 10011/528/937
f 10012/566/919 10010/532/11 10014/534/919
f 10013/567/937 10015/526/938 10011/528/937
f 10016/568/922 10012/566/919 10014/534/919
f 10013/567/937 10017/569/938 10015/526/938
f 10017/569/938 10018/527/939 10015/526/938
f 10017/569/938 10019/91/939 10018/527/939
f 10016/568/922 10014/534/919 10020/536/922
f 10021/570/593 10016/568/922 10020/536/922
f 10021/570/593 10020/536/922 10022/538/593
s 0
f 10023/571/2 10024/572/2 10025/573/2
f 10023/571/2 10025/573/2 10026/574/2
f 10024/572/2 10027/575/2 10025/573/2
f 10028/576/2 10023/571/2 10026/574/2
f 10024/572/2 10029/577/2 10027/575/2
f 10028/576/2 10026/574/2 10030/578/2
f 10031/579/2 10028/576/2 10030/578/2
f 10031/579/2 10030/578/2 10032/580/2
f 10033/581/2 10031/579/2 10032/580/2
f 10033/581/2 10034/582/2 10031/579/2
f 10027/575/2 10029/577/2 10035/583/2
f 10029/577/2 10036/584/2 10035/583/2
f 10029/577/2 10037/585/2 10036/584/2
f 10035/583/2 10036/584/2 10038/586/2
f 10035/583/2 10038/586/2 10039/587/2
s 1
f 10040/554/12 10041/551/958 10042/588/958
f 10040/554/12 10042/588/958 10043/589/12
f 10041/551/958 10044/590/959 10042/588/958
f 10045/557/942 10040/554/12 10043/589/12
f 10041/551/958 10046/548/960 10044/590/959
f 10046/548/960 10047/591/961 10044/590/959
f 10046/548/960 10048/546/961 10047/591/961
f 10045/557/942 10043/589/12 10049/592/942
f 10050/562/943 10045/557/942 10049/592/942
f 10050/562/943 10049/592/942 10051/593/943
f 10052/563/171 10050/562/943 10051/593/943
f 10052/563/171 10051/593/943 10053/594/171
f 10054/526/6 10055/627/1169 10056/626/6
s 0
f 10054/526/6 10056/626/6 10057/527/6
s 1
f 10054/526/6 10058/528/6 10055/627/1169
f 10059/529/1170 10055/627/1169 10058/528/6
f 10059/529/1170 10060/628/1171 10055/627/1169
f 10061/530/6 10059/529/1170 10058/528/6
f 10061/530/6 10062/531/6 10059/529/1170
s 0
f 10063/532/6 10062/531/6 10061/530/6
f 10063/532/6 10064/533/6 10062/531/6
f 10065/534/6 10064/533/6 10063/532/6
f 10065/534/6 10066/535/6 10064/533/6
f 10067/536/6 10066/535/6 10065/534/6
f 10067/536/6 10068/537/6 10066/535/6
f 10069/538/6 10068/537/6 10067/536/6
f 10069/538/6 10070/539/6 10068/537/6
s 1
f 10071/535/903 10072/555/1106 10073/552/1104
f 10074/537/906 10072/555/1106 10071/535/903
f 10071/535/903 10073/552/1104 10075/533/18
f 10074/537/906 10076/558/1108 10072/555/1106
f 10077/539/600 10076/558/1108 10074/537/906
f 10077/539/600 10078/559/1109 10076/558/1108
f 10075/533/18 10073/552/1104 10079/549/1172
f 10075/533/18 10079/549/1172 10080/531/895
f 10073/552/1104 10081/550/1173 10079/549/1172
f 10078/559/1109 10082/560/1110 10076/558/1108
f 10078/559/1109 10083/561/1111 10082/560/1110
f 10084/562/6 10082/560/1110 10083/561/1111
f 10084/562/6 10083/561/1111 10085/563/6
f 10086/557/6 10082/560/1110 10084/562/6
f 10076/558/1108 10082/560/1110 10087/556/1107
f 10086/557/6 10087/556/1107 10082/560/1110
f 10076/558/1108 10087/556/1107 10072/555/1106
f 10088/554/6 10087/556/1107 10086/557/6
f 10072/555/1106 10089/553/1105 10073/552/1104
f 10072/555/1106 10087/556/1107 10089/553/1105
f 10088/554/6 10089/553/1105 10087/556/1107
f 10090/551/6 10089/553/1105 10088/554/6
f 10073/552/1104 10089/553/1105 10081/550/1173
f 10090/551/6 10081/550/1173 10089/553/1105
f 10091/632/6 10081/550/1173 10090/551/6
f 10091/632/6 10092/631/1174 10081/550/1173
f 10081/550/1173 10092/631/1174 10093/630/1175
f 10081/550/1173 10093/630/1175 10079/549/1172
f 10094/543/1176 10079/549/1172 10093/630/1175
f 10080/531/895 10079/549/1172 10094/543/1176
f 10093/630/1175 10095/629/1177 10094/543/1176
f 10080/531/895 10094/543/1176 10096/529/998
f 10097/628/600 10094/543/1176 10095/629/1177
f 10097/628/600 10096/529/998 10094/543/1176
f 10098/530/895 10099/565/895 10100/564/18
f 10101/528/891 10099/565/895 10098/530/895
f 10098/530/895 10100/564/18 10102/532/18
f 10101/528/891 10103/567/891 10099/565/895
f 10102/532/18 10100/564/18 10104/566/903
f 10105/526/889 10103/567/891 10101/528/891
f 10102/532/18 10104/566/903 10106/534/903
f 10105/526/889 10107/569/889 10103/567/891
f 10108/527/890 10107/569/889 10105/526/889
f 10108/527/890 10109/91/890 10107/569/889
f 10106/534/903 10104/566/903 10110/568/906
f 10106/534/903 10110/568/906 10111/536/906
f 10111/536/906 10110/568/906 10112/570/600
f 10111/536/906 10112/570/600 10113/538/600
s 0
f 10114/573/2 10115/572/2 10116/571/2
f 10114/573/2 10116/571/2 10117/574/2
f 10117/574/2 10116/571/2 10118/576/2
f 10114/573/2 10119/575/2 10115/572/2
f 10117/574/2 10118/576/2 10120/578/2
f 10120/578/2 10118/576/2 10121/579/2
f 10120/578/2 10121/579/2 10122/580/2
f 10123/581/2 10122/580/2 10121/579/2
f 10123/581/2 10121/579/2 10124/582/2
f 10125/633/2 10115/572/2 10119/575/2
f 10125/633/2 10126/634/2 10115/572/2
f 10119/575/2 10127/635/2 10125/633/2
f 10119/575/2 10128/583/2 10127/635/2
f 10128/583/2 10129/636/2 10127/635/2
f 10128/583/2 10130/587/2 10129/636/2
s 1
f 10131/588/1002 10132/551/1002 10133/554/9
f 10134/637/1003 10132/551/1002 10131/588/1002
f 10134/637/1003 10135/632/1003 10132/551/1002
f 10131/588/1002 10133/554/9 10136/589/9
f 10136/589/9 10133/554/9 10137/557/914
f 10136/589/9 10137/557/914 10138/592/914
f 10138/592/914 10137/557/914 10139/562/917
f 10138/592/914 10139/562/917 10140/593/917
f 10140/593/917 10139/562/917 10141/563/168
f 10140/593/917 10141/563/168 10142/594/168
s 0
f 10143/524/6 10144/525/6 10145/526/6
f 10143/524/6 10145/526/6 10146/527/6
f 10144/525/6 10147/528/6 10145/526/6
f 10144/525/6 10148/529/6 10147/528/6
f 10148/529/6 10149/530/6 10147/528/6
f 10148/529/6 10150/531/6 10149/530/6
f 10150/531/6 10151/532/6 10149/530/6
f 10150/531/6 10152/533/6 10151/532/6
f 10152/533/6 10153/534/6 10151/532/6
f 10152/533/6 10154/535/6 10153/534/6
f 10154/535/6 10155/536/6 10153/534/6
f 10154/535/6 10156/537/6 10155/536/6
f 10156/537/6 10157/538/6 10155/536/6
f 10156/537/6 10158/539/6 10157/538/6
s 1
f 10159/540/1130 10160/541/1131 10161/525/1067
f 10159/540/1130 10161/525/1067 10162/524/1178
f 10160/541/1131 10163/529/1070 10161/525/1067
f 10164/542/1165 10160/541/1131 10159/540/1130
f 10164/542/1165 10159/540/1130 10165/396/1133
f 10160/541/1131 10166/543/1134 10163/529/1070
f 10164/542/1165 10166/543/1134 10160/541/1131
f 10166/543/1134 10167/531/926 10163/529/1070
f 10164/542/1165 10165/396/1133 10168/544/6
f 10164/542/1165 10168/544/6 10169/545/1098
f 10164/542/1165 10169/545/1098 10170/546/1099
f 10164/542/1165 10170/546/1099 10171/547/1167
f 10164/542/1165 10171/547/1167 10166/543/1134
f 10172/548/1168 10171/547/1167 10170/546/1099
f 10166/543/1134 10173/549/1139 10167/531/926
f 10171/547/1167 10173/549/1139 10166/543/1134
f 10173/549/1139 10174/533/11 10167/531/926
f 10175/550/1140 10171/547/1167 10172/548/1168
f 10171/547/1167 10175/550/1140 10173/549/1139
f 10175/550/1140 10172/548/1168 10176/551/6
f 10173/549/1139 10177/552/1112 10174/533/11
f 10175/550/1140 10177/552/1112 10173/549/1139
f 10177/552/1112 10178/535/919 10174/533/11
f 10179/553/1121 10175/550/1140 10176/551/6
f 10175/550/1140 10179/553/1121 10177/552/1112
f 10179/553/1121 10176/551/6 10180/554/6
f 10177/552/1112 10181/555/1179 10178/535/919
f 10179/553/1121 10181/555/1179 10177/552/1112
f 10181/555/1179 10182/537/922 10178/535/919
f 10183/556/1122 10179/553/1121 10180/554/6
f 10179/553/1121 10183/556/1122 10181/555/1179
f 10183/556/1122 10180/554/6 10184/557/6
f 10181/555/1179 10185/558/1123 10182/537/922
f 10183/556/1122 10185/558/1123 10181/555/1179
f 10185/558/1123 10186/539/593 10182/537/922
f 10185/558/1123 10187/559/1124 10186/539/593
f 10183/556/1122 10188/560/1125 10185/558/1123
f 10188/560/1125 10187/559/1124 10185/558/1123
f 10188/560/1125 10183/556/1122 10184/557/6
f 10188/560/1125 10189/561/1126 10187/559/1124
f 10188/560/1125 10184/557/6 10190/562/6
f 10189/561/1126 10188/560/1125 10190/562/6
f 10189/561/1126 10190/562/6 10191/563/6
f 10192/564/11 10193/565/926 10194/530/926
f 10192/564/11 10194/530/926 10195/532/11
f 10193/565/926 10196/528/937 10194/530/926
f 10197/566/919 10192/564/11 10195/532/11
f 10193/565/926 10198/567/937 10196/528/937
f 10197/566/919 10195/532/11 10199/534/919
f 10198/567/937 10200/526/938 10196/528/937
f 10201/568/922 10197/566/919 10199/534/919
f 10198/567/937 10202/569/938 10200/526/938
f 10202/569/938 10203/527/939 10200/526/938
f 10202/569/938 10204/91/939 10203/527/939
f 10201/568/922 10199/534/919 10205/536/922
f 10206/570/593 10201/568/922 10205/536/922
f 10206/570/593 10205/536/922 10207/538/593
s 0
f 10208/571/2 10209/572/2 10210/573/2
f 10208/571/2 10210/573/2 10211/574/2
f 10209/572/2 10212/575/2 10210/573/2
f 10213/576/2 10208/571/2 10211/574/2
f 10209/572/2 10214/577/2 10212/575/2
f 10213/576/2 10211/574/2 10215/578/2
f 10216/579/2 10213/576/2 10215/578/2
f 10216/579/2 10215/578/2 10217/580/2
f 10218/581/2 10216/579/2 10217/580/2
f 10218/581/2 10219/582/2 10216/579/2
f 10212/575/2 10214/577/2 10220/583/2
f 10214/577/2 10221/584/2 10220/583/2
f 10214/577/2 10222/585/2 10221/584/2
f 10220/583/2 10221/584/2 10223/586/2
f 10220/583/2 10223/586/2 10224/587/2
s 1
f 10225/554/12 10226/551/958 10227/588/958
f 10225/554/12 10227/588/958 10228/589/12
f 10226/551/958 10229/590/959 10227/588/958
f 10230/557/942 10225/554/12 10228/589/12
f 10226/551/958 10231/548/960 10229/590/959
f 10231/548/960 10232/591/961 10229/590/959
f 10231/548/960 10233/546/961 10232/591/961
f 10230/557/942 10228/589/12 10234/592/942
f 10235/562/943 10230/557/942 10234/592/942
f 10235/562/943 10234/592/942 10236/593/943
f 10237/563/171 10235/562/943 10236/593/943
f 10237/563/171 10236/593/943 10238/594/171
s 0
f 10239/526/6 10240/595/6 10241/596/6
f 10239/526/6 10241/596/6 10242/527/6
f 10239/526/6 10243/528/6 10240/595/1180
f 10244/529/6 10240/595/6 10243/528/6
f 10245/530/6 10244/529/6 10243/528/6
f 10245/530/6 10246/531/6 10244/529/6
f 10247/532/6 10246/531/6 10245/530/6
f 10247/532/6 10248/533/6 10246/531/6
f 10249/534/6 10248/533/6 10247/532/6
f 10249/534/6 10250/535/6 10248/533/6
f 10251/536/6 10250/535/6 10249/534/6
f 10251/536/6 10252/537/6 10250/535/6
f 10253/538/6 10252/537/6 10251/536/6
f 10253/538/6 10254/539/6 10252/537/6
s 1
f 10255/535/903 10256/555/1106 10257/552/1104
f 10258/537/906 10256/555/1106 10255/535/903
f 10255/535/903 10257/552/1104 10259/533/1181
f 10258/537/906 10260/558/1108 10256/555/1106
f 10261/539/600 10260/558/1108 10258/537/906
f 10261/539/600 10262/559/1109 10260/558/1108
f 10259/533/1181 10257/552/1104 10263/549/1182
f 10259/533/1181 10263/549/1182 10264/531/895
f 10257/552/1104 10265/550/1183 10263/549/1182
f 10262/559/1109 10266/560/1110 10260/558/1108
f 10262/559/1109 10267/561/1142 10266/560/1110
f 10268/562/6 10266/560/1110 10267/561/1142
f 10268/562/6 10267/561/1142 10269/563/6
f 10270/557/6 10266/560/1110 10268/562/6
f 10260/558/1108 10266/560/1110 10271/556/1107
f 10270/557/6 10271/556/1107 10266/560/1110
f 10260/558/1108 10271/556/1107 10256/555/1106
f 10272/554/6 10271/556/1107 10270/557/6
f 10256/555/1106 10273/553/1105 10257/552/1104
f 10256/555/1106 10271/556/1107 10273/553/1105
f 10272/554/6 10273/553/1105 10271/556/1107
f 10274/551/6 10273/553/1105 10272/554/6
f 10257/552/1104 10273/553/1105 10265/550/1183
f 10274/551/6 10265/550/1183 10273/553/1105
f 10275/597/6 10265/550/1183 10274/551/6
f 10275/597/6 10276/598/1184 10265/550/1183
f 10265/550/1183 10276/598/1184 10277/599/1185
f 10265/550/1183 10277/599/1185 10263/549/1182
f 10278/543/1186 10263/549/1182 10277/599/1185
f 10264/531/895 10263/549/1182 10278/543/1186
f 10277/599/1185 10279/600/1187 10278/543/1186
f 10264/531/895 10278/543/1186 10280/529/1013
f 10281/601/1188 10278/543/1186 10279/600/1187
f 10281/601/1188 10280/529/1013 10278/543/1186
f 10282/530/895 10283/565/895 10284/564/18
f 10285/528/891 10283/565/895 10282/530/895
f 10282/530/895 10284/564/18 10286/532/18
f 10285/528/891 10287/567/891 10283/565/895
f 10286/532/18 10284/564/18 10288/566/903
f 10289/526/889 10287/567/891 10285/528/891
f 10286/532/18 10288/566/903 10290/534/903
f 10289/526/889 10291/569/889 10287/567/891
f 10292/527/890 10291/569/889 10289/526/889
f 10292/527/890 10293/91/890 10291/569/889
f 10290/534/903 10288/566/903 10294/568/906
f 10290/534/903 10294/568/906 10295/536/906
f 10295/536/906 10294/568/906 10296/570/600
f 10295/536/906 10296/570/600 10297/538/600
s 0
f 10298/573/2 10299/572/2 10300/571/2
f 10298/573/2 10300/571/2 10301/574/2
f 10301/574/2 10300/571/2 10302/576/2
f 10298/573/2 10303/575/2 10299/572/2
f 10301/574/2 10302/576/2 10304/578/2
f 10304/578/2 10302/576/2 10305/579/2
f 10304/578/2 10305/579/2 10306/580/2
f 10307/581/2 10306/580/2 10305/579/2
f 10307/581/2 10305/579/2 10308/582/2
f 10309/602/2 10299/572/2 10303/575/2
f 10309/602/2 10310/603/2 10299/572/2
f 10303/575/2 10311/604/2 10309/602/2
f 10303/575/2 10312/583/2 10311/604/2
f 10312/583/2 10313/605/2 10311/604/2
f 10312/583/2 10314/587/2 10313/605/2
s 1
f 10315/588/1002 10316/551/1002 10317/554/9
f 10318/606/1003 10316/551/1002 10315/588/1002
f 10318/606/1003 10319/597/1003 10316/551/1002
f 10315/588/1002 10317/554/9 10320/589/9
f 10320/589/9 10317/554/9 10321/557/914
f 10320/589/9 10321/557/914 10322/592/914
f 10322/592/914 10321/557/914 10323/562/917
f 10322/592/914 10323/562/917 10324/593/917
f 10324/593/917 10323/562/917 10325/563/168
f 10324/593/917 10325/563/168 10326/594/168
f 10327/529/1129 10328/601/1189 10329/595/1180
s 0
f 10330/526/6 10331/525/6 10332/524/6
f 10330/526/6 10332/524/6 10333/527/6
f 10334/528/6 10331/525/6 10330/526/6
f 10334/528/6 10335/529/6 10331/525/6
f 10336/530/6 10335/529/6 10334/528/6
f 10336/530/6 10337/531/6 10335/529/6
f 10338/532/6 10337/531/6 10336/530/6
f 10338/532/6 10339/533/6 10337/531/6
f 10340/534/6 10339/533/6 10338/532/6
f 10340/534/6 10341/535/6 10339/533/6
f 10342/536/6 10341/535/6 10340/534/6
f 10342/536/6 10343/537/6 10341/535/6
f 10344/538/6 10343/537/6 10342/536/6
f 10344/538/6 10345/539/6 10343/537/6
s 1
f 10346/525/889 10347/541/1093 10348/540/1094
f 10346/525/889 10348/540/1094 10349/524/890
f 10350/529/891 10347/541/1093 10346/525/889
f 10348/540/1094 10347/541/1093 10351/542/1151
f 10348/540/1094 10351/542/1151 10352/396/1096
f 10350/529/891 10353/543/1097 10347/541/1093
f 10353/543/1097 10351/542/1151 10347/541/1093
f 10354/531/1190 10353/543/1097 10350/529/891
f 10355/607/6 10352/396/1096 10351/542/1151
f 10355/607/6 10351/542/1151 10356/608/1135
f 10357/609/1136 10356/608/1135 10351/542/1151
f 10357/609/1136 10351/542/1151 10358/547/1152
f 10353/543/1097 10358/547/1152 10351/542/1151
f 10359/548/1153 10357/609/1136 10358/547/1152
f 10354/531/1190 10360/549/1191 10353/543/1097
f 10360/549/1191 10358/547/1152 10353/543/1097
f 10361/533/18 10360/549/1191 10354/531/1190
f 10359/548/1153 10358/547/1152 10362/550/1103
f 10360/549/1191 10362/550/1103 10358/547/1152
f 10359/548/1153 10362/550/1103 10363/551/6
f 10361/533/18 10364/552/1104 10360/549/1191
f 10364/552/1104 10362/550/1103 10360/549/1191
f 10365/535/903 10364/552/1104 10361/533/18
f 10363/551/6 10362/550/1103 10366/553/1105
f 10364/552/1104 10366/553/1105 10362/550/1103
f 10363/551/6 10366/553/1105 10367/554/6
f 10365/535/903 10368/555/1106 10364/552/1104
f 10368/555/1106 10366/553/1105 10364/552/1104
f 10369/537/906 10368/555/1106 10365/535/903
f 10367/554/6 10366/553/1105 10370/556/1107
f 10368/555/1106 10370/556/1107 10366/553/1105
f 10367/554/6 10370/556/1107 10371/557/6
f 10369/537/906 10372/558/1108 10368/555/1106
f 10372/558/1108 10370/556/1107 10368/555/1106
f 10373/539/600 10372/558/1108 10369/537/906
f 10373/539/600 10374/559/1109 10372/558/1108
f 10372/558/1108 10375/560/1110 10370/556/1107
f 10371/557/6 10370/556/1107 10375/560/1110
f 10374/559/1109 10375/560/1110 10372/558/1108
f 10371/557/6 10375/560/1110 10376/562/6
f 10374/559/1109 10377/561/1111 10375/560/1110
f 10376/562/6 10375/560/1110 10377/561/1111
f 10376/562/6 10377/561/1111 10378/563/6
f 10379/530/895 10380/565/895 10381/564/18
f 10382/528/891 10380/565/895 10379/530/895
f 10379/530/895 10381/564/18 10383/532/18
f 10382/528/891 10384/567/891 10380/565/895
f 10383/532/18 10381/564/18 10385/566/903
f 10386/526/889 10384/567/891 10382/528/891
f 10383/532/18 10385/566/903 10387/534/903
f 10386/526/889 10388/569/889 10384/567/891
f 10389/527/890 10388/569/889 10386/526/889
f 10389/527/890 10390/91/890 10388/569/889
f 10387/534/903 10385/566/903 10391/568/906
f 10387/534/903 10391/568/906 10392/536/906
f 10392/536/906 10391/568/906 10393/570/600
f 10392/536/906 10393/570/600 10394/538/600
s 0
f 10395/573/2 10396/572/2 10397/571/2
f 10398/575/2 10396/572/2 10395/573/2
f 10395/573/2 10397/571/2 10399/574/2
f 10398/575/2 10400/577/2 10396/572/2
f 10399/574/2 10397/571/2 10401/576/2
f 10399/574/2 10401/576/2 10402/578/2
f 10402/578/2 10401/576/2 10403/579/2
f 10402/578/2 10403/579/2 10404/580/2
f 10405/581/2 10404/580/2 10403/579/2
f 10405/581/2 10403/579/2 10406/582/2
f 10398/575/2 10407/583/2 10400/577/2
f 10408/610/2 10400/577/2 10407/583/2
f 10408/610/2 10409/611/2 10400/577/2
f 10407/583/2 10410/612/2 10408/610/2
f 10407/583/2 10411/587/2 10410/612/2
s 1
f 10412/588/912 10413/551/912 10414/554/9
f 10415/590/913 10413/551/912 10412/588/912
f 10412/588/912 10414/554/9 10416/589/9
f 10415/590/913 10417/548/915 10413/551/912
f 10418/613/916 10417/548/915 10415/590/913
f 10418/613/916 10419/609/916 10417/548/915
f 10416/589/9 10414/554/9 10420/557/914
f 10416/589/9 10420/557/914 10421/592/914
f 10421/592/914 10420/557/914 10422/562/917
f 10421/592/914 10422/562/917 10423/593/917
f 10423/593/917 10422/562/917 10424/563/168
f 10423/593/917 10424/563/168 10425/594/168
s 0
f 10426/596/6 10427/595/6 10428/526/6
f 10426/596/6 10428/526/6 10429/527/6
f 10428/526/6 10427/595/6 10430/528/6
f 10427/595/6 10431/529/6 10430/528/6
f 10431/529/6 10432/530/6 10430/528/6
f 10431/529/6 10433/531/6 10432/530/6
f 10433/531/6 10434/532/6 10432/530/6
f 10433/531/6 10435/533/6 10434/532/6
f 10435/533/6 10436/534/6 10434/532/6
f 10435/533/6 10437/535/6 10436/534/6
f 10437/535/6 10438/536/6 10436/534/6
f 10437/535/6 10439/537/6 10438/536/6
f 10439/537/6 10440/538/6 10438/536/6
f 10439/537/6 10441/539/6 10440/538/6
s 1
f 10442/552/1112 10443/555/1179 10444/535/919
f 10442/552/1112 10444/535/919 10445/533/11
f 10443/555/1179 10446/537/922 10444/535/919
f 10447/549/1192 10442/552/1112 10445/533/11
f 10447/549/1192 10445/533/11 10448/531/926
f 10449/550/1193 10442/552/1112 10447/549/1192
f 10450/543/1194 10447/549/1192 10448/531/926
f 10450/543/1194 10448/531/926 10451/529/1070
f 10450/543/1194 10451/529/1070 10452/601/1195
f 10450/543/1194 10452/601/1195 10453/600/1196
f 10454/599/1197 10450/543/1194 10453/600/1196
f 10450/543/1194 10454/599/1197 10447/549/1192
f 10454/599/1197 10449/550/1193 10447/549/1192
f 10454/599/1197 10455/598/1198 10449/550/1193
f 10449/550/1193 10455/598/1198 10456/597/6
f 10449/550/1193 10456/597/6 10457/551/6
f 10458/553/1121 10449/550/1193 10457/551/6
f 10449/550/1193 10458/553/1121 10442/552/1112
f 10458/553/1121 10443/555/1179 10442/552/1112
f 10458/553/1121 10457/551/6 10459/554/6
f 10460/556/1122 10458/553/1121 10459/554/6
f 10458/553/1121 10460/556/1122 10443/555/1179
f 10460/556/1122 10459/554/6 10461/557/6
f 10460/556/1122 10462/558/1123 10443/555/1179
f 10443/555/1179 10462/558/1123 10446/537/922
f 10462/558/1123 10463/539/593 10446/537/922
f 10462/558/1123 10464/559/1124 10463/539/593
f 10460/556/1122 10465/560/1125 10462/558/1123
f 10465/560/1125 10464/559/1124 10462/558/1123
f 10465/560/1125 10460/556/1122 10461/557/6
f 10465/560/1125 10466/561/1142 10464/559/1124
f 10465/560/1125 10461/557/6 10467/562/6
f 10466/561/1142 10465/560/1125 10467/562/6
f 10466/561/1142 10467/562/6 10468/563/6
f 10469/564/11 10470/565/926 10471/530/926
f 10469/564/11 10471/530/926 10472/532/11
f 10470/565/926 10473/528/937 10471/530/926
f 10474/566/919 10469/564/11 10472/532/11
f 10470/565/926 10475/567/937 10473/528/937
f 10474/566/919 10472/532/11 10476/534/919
f 10475/567/937 10477/526/938 10473/528/937
f 10478/568/922 10474/566/919 10476/534/919
f 10475/567/937 10479/569/938 10477/526/938
f 10479/569/938 10480/527/939 10477/526/938
f 10479/569/938 10481/91/939 10480/527/939
f 10478/568/922 10476/534/919 10482/536/922
f 10483/570/593 10478/568/922 10482/536/922
f 10483/570/593 10482/536/922 10484/538/593
s 0
f 10485/571/2 10486/572/2 10487/573/2
f 10485/571/2 10487/573/2 10488/574/2
f 10489/576/2 10485/571/2 10488/574/2
f 10487/573/2 10486/572/2 10490/575/2
f 10489/576/2 10488/574/2 10491/578/2
f 10492/579/2 10489/576/2 10491/578/2
f 10492/579/2 10491/578/2 10493/580/2
f 10494/581/2 10492/579/2 10493/580/2
f 10494/581/2 10495/582/2 10492/579/2
f 10486/572/2 10496/602/2 10490/575/2
f 10486/572/2 10497/603/2 10496/602/2
f 10490/575/2 10496/602/2 10498/604/2
f 10490/575/2 10498/604/2 10499/583/2
f 10499/583/2 10498/604/2 10500/605/2
f 10499/583/2 10500/605/2 10501/587/2
s 1
f 10502/554/12 10503/551/958 10504/588/958
f 10503/551/958 10505/606/984 10504/588/958
f 10503/551/958 10506/597/984 10505/606/984
f 10502/554/12 10504/588/958 10507/589/12
f 10508/557/942 10502/554/12 10507/589/12
f 10508/557/942 10507/589/12 10509/592/942
f 10510/562/943 10508/557/942 10509/592/942
f 10510/562/943 10509/592/942 10511/593/943
f 10512/563/171 10510/562/943 10511/593/943
f 10512/563/171 10511/593/943 10513/594/171
f 10514/595/1180 10515/601/1189 10516/529/1150
s 0
f 10517/524/6 10518/525/6 10519/526/6
f 10517/524/6 10519/526/6 10520/527/6
f 10518/525/6 10521/528/6 10519/526/6
f 10518/525/6 10522/529/6 10521/528/6
f 10522/529/6 10523/530/6 10521/528/6
f 10522/529/6 10524/531/6 10523/530/6
f 10524/531/6 10525/532/6 10523/530/6
f 10524/531/6 10526/533/6 10525/532/6
f 10526/533/6 10527/534/6 10525/532/6
f 10526/533/6 10528/535/6 10527/534/6
f 10528/535/6 10529/536/6 10527/534/6
f 10528/535/6 10530/537/6 10529/536/6
f 10530/537/6 10531/538/6 10529/536/6
f 10530/537/6 10532/539/6 10531/538/6
s 1
f 10533/540/1130 10534/541/1131 10535/525/938
f 10533/540/1130 10535/525/938 10536/524/939
f 10534/541/1131 10537/529/937 10535/525/938
f 10538/542/1199 10534/541/1131 10533/540/1130
f 10538/542/1199 10533/540/1130 10539/396/1133
f 10534/541/1131 10540/543/1166 10537/529/937
f 10538/542/1199 10540/543/1166 10534/541/1131
f 10540/543/1166 10541/531/926 10537/529/937
f 10538/542/1199 10539/396/1133 10542/607/6
f 10538/542/1199 10542/607/6 10543/608/1135
f 10538/542/1199 10543/608/1135 10544/609/1136
f 10538/542/1199 10544/609/1136 10545/547/1137
f 10538/542/1199 10545/547/1137 10540/543/1166
f 10546/548/1138 10545/547/1137 10544/609/1136
f 10540/543/1166 10547/549/1200 10541/531/926
f 10545/547/1137 10547/549/1200 10540/543/1166
f 10547/549/1200 10548/533/11 10541/531/926
f 10549/550/1140 10545/547/1137 10546/548/1138
f 10545/547/1137 10549/550/1140 10547/549/1200
f 10549/550/1140 10546/548/1138 10550/551/6
f 10547/549/1200 10551/552/1141 10548/533/11
f 10549/550/1140 10551/552/1141 10547/549/1200
f 10551/552/1141 10552/535/919 10548/533/11
f 10553/553/1121 10549/550/1140 10550/551/6
f 10549/550/1140 10553/553/1121 10551/552/1141
f 10553/553/1121 10550/551/6 10554/554/6
f 10551/552/1141 10555/555/1113 10552/535/919
f 10553/553/1121 10555/555/1113 10551/552/1141
f 10555/555/1113 10556/537/922 10552/535/919
f 10557/556/1122 10553/553/1121 10554/554/6
f 10553/553/1121 10557/556/1122 10555/555/1113
f 10557/556/1122 10554/554/6 10558/557/6
f 10555/555/1113 10559/558/1123 10556/537/922
f 10557/556/1122 10559/558/1123 10555/555/1113
f 10559/558/1123 10560/539/593 10556/537/922
f 10559/558/1123 10561/559/1124 10560/539/593
f 10557/556/1122 10562/560/1125 10559/558/1123
f 10562/560/1125 10561/559/1124 10559/558/1123
f 10562/560/1125 10557/556/1122 10558/557/6
f 10562/560/1125 10563/561/1126 10561/559/1124
f 10562/560/1125 10558/557/6 10564/562/6
f 10563/561/1126 10562/560/1125 10564/562/6
f 10563/561/1126 10564/562/6 10565/563/6
f 10566/564/11 10567/565/926 10568/530/926
f 10566/564/11 10568/530/926 10569/532/11
f 10567/565/926 10570/528/937 10568/530/926
f 10571/566/919 10566/564/11 10569/532/11
f 10567/565/926 10572/567/937 10570/528/937
f 10571/566/919 10569/532/11 10573/534/919
f 10572/567/937 10574/526/938 10570/528/937
f 10575/568/922 10571/566/919 10573/534/919
f 10572/567/937 10576/569/938 10574/526/938
f 10576/569/938 10577/527/939 10574/526/938
f 10576/569/938 10578/91/939 10577/527/939
f 10575/568/922 10573/534/919 10579/536/922
f 10580/570/593 10575/568/922 10579/536/922
f 10580/570/593 10579/536/922 10581/538/593
s 0
f 10582/571/2 10583/572/2 10584/573/2
f 10582/571/2 10584/573/2 10585/574/2
f 10583/572/2 10586/575/2 10584/573/2
f 10587/576/2 10582/571/2 10585/574/2
f 10583/572/2 10588/577/2 10586/575/2
f 10587/576/2 10585/574/2 10589/578/2
f 10590/579/2 10587/576/2 10589/578/2
f 10590/579/2 10589/578/2 10591/580/2
f 10592/581/2 10590/579/2 10591/580/2
f 10592/581/2 10593/582/2 10590/579/2
f 10586/575/2 10588/577/2 10594/583/2
f 10588/577/2 10595/610/2 10594/583/2
f 10588/577/2 10596/611/2 10595/610/2
f 10594/583/2 10595/610/2 10597/612/2
f 10594/583/2 10597/612/2 10598/587/2
s 1
f 10599/554/12 10600/551/958 10601/588/958
f 10599/554/12 10601/588/958 10602/589/12
f 10600/551/958 10603/590/959 10601/588/958
f 10604/557/942 10599/554/12 10602/589/12
f 10600/551/958 10605/548/960 10603/590/959
f 10605/548/960 10606/613/961 10603/590/959
f 10605/548/960 10607/609/961 10606/613/961
f 10604/557/942 10602/589/12 10608/592/942
f 10609/562/943 10604/557/942 10608/592/942
f 10609/562/943 10608/592/942 10610/593/943
f 10611/563/171 10609/562/943 10610/593/943
f 10611/563/171 10610/593/943 10612/594/171
f 10613/526/6 10614/614/1154 10615/615/6
s 0
f 10613/526/6 10615/615/6 10616/527/6
s 1
f 10613/526/6 10617/528/6 10614/614/1154
f 10618/529/1201 10614/614/1154 10617/528/6
f 10619/530/6 10618/529/1201 10617/528/6
f 10619/530/6 10620/531/6 10618/529/1201
s 0
f 10621/532/6 10620/531/6 10619/530/6
f 10621/532/6 10622/533/6 10620/531/6
f 10623/534/6 10622/533/6 10621/532/6
f 10623/534/6 10624/535/6 10622/533/6
f 10625/536/6 10624/535/6 10623/534/6
f 10625/536/6 10626/537/6 10624/535/6
f 10627/538/6 10626/537/6 10625/536/6
f 10627/538/6 10628/539/6 10626/537/6
s 1
f 10629/535/903 10630/555/1106 10631/552/1104
f 10632/537/906 10630/555/1106 10629/535/903
f 10629/535/903 10631/552/1104 10633/533/18
f 10632/537/906 10634/558/1108 10630/555/1106
f 10635/539/600 10634/558/1108 10632/537/906
f 10635/539/600 10636/559/1109 10634/558/1108
f 10633/533/18 10631/552/1104 10637/549/1202
f 10633/533/18 10637/549/1202 10638/531/895
f 10631/552/1104 10639/550/1203 10637/549/1202
f 10638/531/895 10637/549/1202 10640/543/1204
f 10638/531/895 10640/543/1204 10641/529/1036
f 10640/543/1204 10637/549/1202 10642/616/1205
f 10639/550/1203 10642/616/1205 10637/549/1202
f 10641/529/1036 10640/543/1204 10643/617/1206
f 10643/617/1206 10640/543/1204 10642/616/1205
f 10641/529/1036 10643/617/1206 10644/618/600
f 10639/550/1203 10645/619/1207 10642/616/1205
f 10646/620/6 10645/619/1207 10639/550/1203
f 10646/620/6 10639/550/1203 10647/551/6
f 10647/551/6 10639/550/1203 10648/553/1105
f 10631/552/1104 10648/553/1105 10639/550/1203
f 10647/551/6 10648/553/1105 10649/554/6
f 10630/555/1106 10648/553/1105 10631/552/1104
f 10649/554/6 10648/553/1105 10650/556/1107
f 10630/555/1106 10650/556/1107 10648/553/1105
f 10649/554/6 10650/556/1107 10651/557/6
f 10634/558/1108 10650/556/1107 10630/555/1106
f 10651/557/6 10650/556/1107 10652/560/1110
f 10634/558/1108 10652/560/1110 10650/556/1107
f 10636/559/1109 10652/560/1110 10634/558/1108
f 10651/557/6 10652/560/1110 10653/562/6
f 10636/559/1109 10654/561/1111 10652/560/1110
f 10653/562/6 10652/560/1110 10654/561/1111
f 10653/562/6 10654/561/1111 10655/563/6
f 10656/530/895 10657/565/895 10658/564/18
f 10659/528/891 10657/565/895 10656/530/895
f 10656/530/895 10658/564/18 10660/532/18
f 10659/528/891 10661/567/891 10657/565/895
f 10660/532/18 10658/564/18 10662/566/903
f 10663/526/889 10661/567/891 10659/528/891
f 10660/532/18 10662/566/903 10664/534/903
f 10663/526/889 10665/569/889 10661/567/891
f 10666/527/890 10665/569/889 10663/526/889
f 10666/527/890 10667/91/890 10665/569/889
f 10664/534/903 10662/566/903 10668/568/906
f 10664/534/903 10668/568/906 10669/536/906
f 10669/536/906 10668/568/906 10670/570/600
f 10669/536/906 10670/570/600 10671/538/600
s 0
f 10672/573/2 10673/572/2 10674/571/2
f 10672/573/2 10674/571/2 10675/574/2
f 10675/574/2 10674/571/2 10676/576/2
f 10672/573/2 10677/575/2 10673/572/2
f 10675/574/2 10676/576/2 10678/578/2
f 10678/578/2 10676/576/2 10679/579/2
f 10678/578/2 10679/579/2 10680/580/2
f 10681/581/2 10680/580/2 10679/579/2
f 10681/581/2 10679/579/2 10682/582/2
f 10683/621/2 10673/572/2 10677/575/2
f 10683/621/2 10684/622/2 10673/572/2
f 10677/575/2 10685/623/2 10683/621/2
f 10677/575/2 10686/583/2 10685/623/2
f 10686/583/2 10687/624/2 10685/623/2
f 10686/583/2 10688/587/2 10687/624/2
s 1
f 10689/588/912 10690/551/912 10691/554/9
f 10692/625/969 10690/551/912 10689/588/912
f 10692/625/969 10693/620/969 10690/551/912
f 10689/588/912 10691/554/9 10694/589/9
f 10694/589/9 10691/554/9 10695/557/914
f 10694/589/9 10695/557/914 10696/592/914
f 10696/592/914 10695/557/914 10697/562/917
f 10696/592/914 10697/562/917 10698/593/917
f 10698/593/917 10697/562/917 10699/563/168
f 10698/593/917 10699/563/168 10700/594/168
f 10701/529/1208 10702/618/1209 10703/614/1210
s 0
f 10704/526/6 10705/525/6 10706/524/6
f 10704/526/6 10706/524/6 10707/527/6
f 10708/528/6 10705/525/6 10704/526/6
f 10708/528/6 10709/529/6 10705/525/6
f 10710/530/6 10709/529/6 10708/528/6
f 10710/530/6 10711/531/6 10709/529/6
f 10712/532/6 10711/531/6 10710/530/6
f 10712/532/6 10713/533/6 10711/531/6
f 10714/534/6 10713/533/6 10712/532/6
f 10714/534/6 10715/535/6 10713/533/6
f 10716/536/6 10715/535/6 10714/534/6
f 10716/536/6 10717/537/6 10715/535/6
f 10718/538/6 10717/537/6 10716/536/6
f 10718/538/6 10719/539/6 10717/537/6
s 1
f 10720/525/1211 10721/541/1093 10722/540/1094
f 10720/525/1211 10722/540/1094 10723/524/890
f 10724/529/891 10721/541/1093 10720/525/1211
f 10722/540/1094 10721/541/1093 10725/542/1095
f 10722/540/1094 10725/542/1095 10726/396/1096
f 10724/529/891 10727/543/1097 10721/541/1093
f 10727/543/1097 10725/542/1095 10721/541/1093
f 10728/531/1190 10727/543/1097 10724/529/891
f 10729/544/6 10726/396/1096 10725/542/1095
f 10729/544/6 10725/542/1095 10730/545/1098
f 10731/546/1099 10730/545/1098 10725/542/1095
f 10731/546/1099 10725/542/1095 10732/547/1100
f 10727/543/1097 10732/547/1100 10725/542/1095
f 10733/548/1101 10731/546/1099 10732/547/1100
f 10728/531/1190 10734/549/1191 10727/543/1097
f 10734/549/1191 10732/547/1100 10727/543/1097
f 10735/533/1181 10734/549/1191 10728/531/1190
f 10733/548/1101 10732/547/1100 10736/550/1103
f 10734/549/1191 10736/550/1103 10732/547/1100
f 10733/548/1101 10736/550/1103 10737/551/6
f 10735/533/1181 10738/552/1104 10734/549/1191
f 10738/552/1104 10736/550/1103 10734/549/1191
f 10739/535/903 10738/552/1104 10735/533/1181
f 10737/551/6 10736/550/1103 10740/553/1105
f 10738/552/1104 10740/553/1105 10736/550/1103
f 10737/551/6 10740/553/1105 10741/554/6
f 10739/535/903 10742/555/1106 10738/552/1104
f 10742/555/1106 10740/553/1105 10738/552/1104
f 10743/537/906 10742/555/1106 10739/535/903
f 10741/554/6 10740/553/1105 10744/556/1107
f 10742/555/1106 10744/556/1107 10740/553/1105
f 10741/554/6 10744/556/1107 10745/557/6
f 10743/537/906 10746/558/1108 10742/555/1106
f 10746/558/1108 10744/556/1107 10742/555/1106
f 10747/539/600 10746/558/1108 10743/537/906
f 10747/539/600 10748/559/1109 10746/558/1108
f 10746/558/1108 10749/560/1110 10744/556/1107
f 10745/557/6 10744/556/1107 10749/560/1110
f 10748/559/1109 10749/560/1110 10746/558/1108
f 10745/557/6 10749/560/1110 10750/562/6
f 10748/559/1109 10751/561/1142 10749/560/1110
f 10750/562/6 10749/560/1110 10751/561/1142
f 10750/562/6 10751/561/1142 10752/563/6
f 10753/530/895 10754/565/895 10755/564/18
f 10756/528/891 10754/565/895 10753/530/895
f 10753/530/895 10755/564/18 10757/532/18
f 10756/528/891 10758/567/891 10754/565/895
f 10757/532/18 10755/564/18 10759/566/903
f 10760/526/889 10758/567/891 10756/528/891
f 10757/532/18 10759/566/903 10761/534/903
f 10760/526/889 10762/569/889 10758/567/891
f 10763/527/890 10762/569/889 10760/526/889
f 10763/527/890 10764/91/890 10762/569/889
f 10761/534/903 10759/566/903 10765/568/906
f 10761/534/903 10765/568/906 10766/536/906
f 10766/536/906 10765/568/906 10767/570/600
f 10766/536/906 10767/570/600 10768/538/600
s 0
f 10769/573/2 10770/572/2 10771/571/2
f 10772/575/2 10770/572/2 10769/573/2
f 10769/573/2 10771/571/2 10773/574/2
f 10772/575/2 10774/577/2 10770/572/2
f 10773/574/2 10771/571/2 10775/576/2
f 10773/574/2 10775/576/2 10776/578/2
f 10776/578/2 10775/576/2 10777/579/2
f 10776/578/2 10777/579/2 10778/580/2
f 10779/581/2 10778/580/2 10777/579/2
f 10779/581/2 10777/579/2 10780/582/2
f 10772/575/2 10781/583/2 10774/577/2
f 10782/584/2 10774/577/2 10781/583/2
f 10782/584/2 10783/585/2 10774/577/2
f 10781/583/2 10784/586/2 10782/584/2
f 10781/583/2 10785/587/2 10784/586/2
s 1
f 10786/588/912 10787/551/912 10788/554/9
f 10789/590/913 10787/551/912 10786/588/912
f 10786/588/912 10788/554/9 10790/589/9
f 10789/590/913 10791/548/915 10787/551/912
f 10792/591/916 10791/548/915 10789/590/913
f 10792/591/916 10793/546/916 10791/548/915
f 10790/589/9 10788/554/9 10794/557/914
f 10790/589/9 10794/557/914 10795/592/914
f 10795/592/914 10794/557/914 10796/562/917
f 10795/592/914 10796/562/917 10797/593/917
f 10797/593/917 10796/562/917 10798/563/168
f 10797/593/917 10798/563/168 10799/594/1212
f 10800/638/6 10801/614/1213 10802/526/6
s 0
f 10800/638/6 10802/526/6 10803/527/6
s 1
f 10802/526/6 10801/614/1213 10804/528/6
f 10801/614/1213 10805/529/1214 10804/528/6
f 10805/529/1214 10806/530/6 10804/528/6
f 10805/529/1214 10807/531/6 10806/530/6
s 0
f 10807/531/6 10808/532/6 10806/530/6
f 10807/531/6 10809/533/6 10808/532/6
f 10809/533/6 10810/534/6 10808/532/6
f 10809/533/6 10811/535/6 10810/534/6
f 10811/535/6 10812/536/6 10810/534/6
f 10811/535/6 10813/537/6 10812/536/6
f 10813/537/6 10814/538/6 10812/536/6
f 10813/537/6 10815/539/6 10814/538/6
s 1
f 10816/552/1112 10817/555/1179 10818/535/919
f 10816/552/1112 10818/535/919 10819/533/11
f 10817/555/1179 10820/537/922 10818/535/919
f 10821/549/1215 10816/552/1112 10819/533/11
f 10821/549/1215 10819/533/11 10822/531/926
f 10823/550/1216 10816/552/1112 10821/549/1215
f 10824/543/1217 10821/549/1215 10822/531/926
f 10824/543/1217 10822/531/926 10825/529/1218
f 10824/543/1217 10826/616/1219 10821/549/1215
f 10826/616/1219 10823/550/1216 10821/549/1215
f 10827/639/1220 10824/543/1217 10825/529/1218
f 10827/639/1220 10826/616/1219 10824/543/1217
f 10827/639/1220 10825/529/1218 10828/640/593
f 10826/616/1219 10829/641/1221 10823/550/1216
f 10823/550/1216 10829/641/1221 10830/642/6
f 10823/550/1216 10830/642/6 10831/551/6
f 10832/553/1121 10823/550/1216 10831/551/6
f 10823/550/1216 10832/553/1121 10816/552/1112
f 10832/553/1121 10817/555/1179 10816/552/1112
f 10832/553/1121 10831/551/6 10833/554/6
f 10834/556/1122 10832/553/1121 10833/554/6
f 10832/553/1121 10834/556/1122 10817/555/1179
f 10834/556/1122 10833/554/6 10835/557/6
f 10834/556/1122 10836/558/1123 10817/555/1179
f 10817/555/1179 10836/558/1123 10820/537/922
f 10836/558/1123 10837/539/593 10820/537/922
f 10836/558/1123 10838/559/1124 10837/539/593
f 10834/556/1122 10839/560/1125 10836/558/1123
f 10839/560/1125 10838/559/1124 10836/558/1123
f 10839/560/1125 10834/556/1122 10835/557/6
f 10839/560/1125 10840/561/1142 10838/559/1124
f 10839/560/1125 10835/557/6 10841/562/6
f 10840/561/1142 10839/560/1125 10841/562/6
f 10840/561/1142 10841/562/6 10842/563/6
f 10843/564/11 10844/565/926 10845/530/926
f 10843/564/11 10845/530/926 10846/532/11
f 10844/565/926 10847/528/937 10845/530/926
f 10848/566/919 10843/564/11 10846/532/11
f 10844/565/926 10849/567/937 10847/528/937
f 10848/566/919 10846/532/11 10850/534/919
f 10849/567/937 10851/526/938 10847/528/937
f 10852/568/922 10848/566/919 10850/534/919
f 10849/567/937 10853/569/938 10851/526/938
f 10853/569/938 10854/527/939 10851/526/938
f 10853/569/938 10855/91/939 10854/527/939
f 10852/568/922 10850/534/919 10856/536/922
f 10857/570/593 10852/568/922 10856/536/922
f 10857/570/593 10856/536/922 10858/538/593
s 0
f 10859/571/2 10860/572/2 10861/573/2
f 10859/571/2 10861/573/2 10862/574/2
f 10863/576/2 10859/571/2 10862/574/2
f 10861/573/2 10860/572/2 10864/575/2
f 10863/576/2 10862/574/2 10865/578/2
f 10866/579/2 10863/576/2 10865/578/2
f 10866/579/2 10865/578/2 10867/580/2
f 10868/581/2 10866/579/2 10867/580/2
f 10868/581/2 10869/582/2 10866/579/2
f 10860/572/2 10870/621/2 10864/575/2
f 10860/572/2 10871/643/2 10870/621/2
f 10864/575/2 10870/621/2 10872/623/2
f 10864/575/2 10872/623/2 10873/583/2
f 10873/583/2 10872/623/2 10874/624/2
f 10873/583/2 10874/624/2 10875/587/2
s 1
f 10876/554/12 10877/551/940 10878/588/940
f 10877/551/940 10879/644/941 10878/588/940
f 10877/551/940 10880/642/941 10879/644/941
f 10876/554/12 10878/588/940 10881/589/12
f 10882/557/942 10876/554/12 10881/589/12
f 10882/557/942 10881/589/12 10883/592/942
f 10884/562/943 10882/557/942 10883/592/942
f 10884/562/943 10883/592/942 10885/593/943
f 10886/563/842 10884/562/943 10885/593/943
f 10886/563/842 10885/593/943 10887/594/171
f 10888/614/1222 10889/640/1223 10890/529/1224
s 0
f 10891/526/6 10892/525/6 10893/524/6
f 10891/526/6 10893/524/6 10894/527/6
f 10895/528/6 10892/525/6 10891/526/6
f 10895/528/6 10896/529/6 10892/525/6
f 10897/530/6 10896/529/6 10895/528/6
f 10897/530/6 10898/531/6 10896/529/6
f 10899/532/6 10898/531/6 10897/530/6
f 10899/532/6 10900/533/6 10898/531/6
f 10901/534/6 10900/533/6 10899/532/6
f 10901/534/6 10902/535/6 10900/533/6
f 10903/536/6 10902/535/6 10901/534/6
f 10903/536/6 10904/537/6 10902/535/6
f 10905/538/6 10904/537/6 10903/536/6
f 10905/538/6 10906/539/6 10904/537/6
s 1
f 10907/525/889 10908/541/1093 10909/540/1094
f 10907/525/889 10909/540/1094 10910/524/890
f 10911/529/891 10908/541/1093 10907/525/889
f 10909/540/1094 10908/541/1093 10912/542/1095
f 10909/540/1094 10912/542/1095 10913/396/1096
f 10911/529/891 10914/543/1225 10908/541/1093
f 10914/543/1225 10912/542/1095 10908/541/1093
f 10915/531/895 10914/543/1225 10911/529/891
f 10916/544/6 10913/396/1096 10912/542/1095
f 10916/544/6 10912/542/1095 10917/545/1226
f 10918/546/1227 10917/545/1226 10912/542/1095
f 10918/546/1227 10912/542/1095 10919/547/1100
f 10914/543/1225 10919/547/1100 10912/542/1095
f 10920/548/1101 10918/546/1227 10919/547/1100
f 10915/531/895 10921/549/1102 10914/543/1225
f 10921/549/1102 10919/547/1100 10914/543/1225
f 10922/533/18 10921/549/1102 10915/531/895
f 10920/548/1101 10919/547/1100 10923/550/1103
f 10921/549/1102 10923/550/1103 10919/547/1100
f 10920/548/1101 10923/550/1103 10924/551/6
f 10922/533/18 10925/552/1104 10921/549/1102
f 10925/552/1104 10923/550/1103 10921/549/1102
f 10926/535/903 10925/552/1104 10922/533/18
f 10924/551/6 10923/550/1103 10927/553/1105
f 10925/552/1104 10927/553/1105 10923/550/1103
f 10924/551/6 10927/553/1105 10928/554/6
f 10926/535/903 10929/555/1106 10925/552/1104
f 10929/555/1106 10927/553/1105 10925/552/1104
f 10930/537/906 10929/555/1106 10926/535/903
f 10928/554/6 10927/553/1105 10931/556/1107
f 10929/555/1106 10931/556/1107 10927/553/1105
f 10928/554/6 10931/556/1107 10932/557/6
f 10930/537/906 10933/558/1108 10929/555/1106
f 10933/558/1108 10931/556/1107 10929/555/1106
f 10934/539/600 10933/558/1108 10930/537/906
f 10934/539/600 10935/559/1109 10933/558/1108
f 10933/558/1108 10936/560/1110 10931/556/1107
f 10932/557/6 10931/556/1107 10936/560/1110
f 10935/559/1109 10936/560/1110 10933/558/1108
f 10932/557/6 10936/560/1110 10937/562/6
f 10935/559/1109 10938/561/1142 10936/560/1110
f 10937/562/6 10936/560/1110 10938/561/1142
f 10937/562/6 10938/561/1142 10939/563/6
f 10940/530/895 10941/565/895 10942/564/18
f 10943/528/891 10941/565/895 10940/530/895
f 10940/530/895 10942/564/18 10944/532/18
f 10943/528/891 10945/567/891 10941/565/895
f 10944/532/18 10942/564/18 10946/566/903
f 10947/526/889 10945/567/891 10943/528/891
f 10944/532/18 10946/566/903 10948/534/903
f 10947/526/889 10949/569/889 10945/567/891
f 10950/527/890 10949/569/889 10947/526/889
f 10950/527/890 10951/91/890 10949/569/889
f 10948/534/903 10946/566/903 10952/568/906
f 10948/534/903 10952/568/906 10953/536/906
f 10953/536/906 10952/568/906 10954/570/600
f 10953/536/906 10954/570/600 10955/538/600
s 0
f 10956/573/2 10957/572/2 10958/571/2
f 10959/575/2 10957/572/2 10956/573/2
f 10956/573/2 10958/571/2 10960/574/2
f 10959/575/2 10961/577/2 10957/572/2
f 10960/574/2 10958/571/2 10962/576/2
f 10960/574/2 10962/576/2 10963/578/2
f 10963/578/2 10962/576/2 10964/579/2
f 10963/578/2 10964/579/2 10965/580/2
f 10966/581/2 10965/580/2 10964/579/2
f 10966/581/2 10964/579/2 10967/582/2
f 10959/575/2 10968/583/2 10961/577/2
f 10969/584/2 10961/577/2 10968/583/2
f 10969/584/2 10970/585/2 10961/577/2
f 10968/583/2 10971/586/2 10969/584/2
f 10968/583/2 10972/587/2 10971/586/2
s 1
f 10973/588/912 10974/551/912 10975/554/9
f 10976/590/913 10974/551/912 10973/588/912
f 10973/588/912 10975/554/9 10977/589/9
f 10976/590/913 10978/548/915 10974/551/912
f 10979/591/916 10978/548/915 10976/590/913
f 10979/591/916 10980/546/916 10978/548/915
f 10977/589/9 10975/554/9 10981/557/914
f 10977/589/9 10981/557/914 10982/592/914
f 10982/592/914 10981/557/914 10983/562/917
f 10982/592/914 10983/562/917 10984/593/917
f 10984/593/917 10983/562/917 10985/563/168
f 10984/593/917 10985/563/168 10986/594/168
f 10987/626/6 10988/627/1169 10989/526/6
s 0
f 10987/626/6 10989/526/6 10990/527/6
s 1
f 10989/526/6 10988/627/1169 10991/528/6
f 10988/627/1169 10992/529/1228 10991/528/6
f 10988/627/1169 10993/628/1229 10992/529/1228
f 10992/529/1228 10994/530/6 10991/528/6
f 10992/529/1228 10995/531/6 10994/530/6
s 0
f 10995/531/6 10996/532/6 10994/530/6
f 10995/531/6 10997/533/6 10996/532/6
f 10997/533/6 10998/534/6 10996/532/6
f 10997/533/6 10999/535/6 10998/534/6
f 10999/535/6 11000/536/6 10998/534/6
f 10999/535/6 11001/537/6 11000/536/6
f 11001/537/6 11002/538/6 11000/536/6
f 11001/537/6 11003/539/6 11002/538/6
s 1
f 11004/552/1141 11005/555/1113 11006/535/919
f 11004/552/1141 11006/535/919 11007/533/11
f 11005/555/1113 11008/537/922 11006/535/919
f 11009/549/1230 11004/552/1141 11007/533/11
f 11009/549/1230 11007/533/11 11010/531/926
f 11011/550/1231 11004/552/1141 11009/549/1230
f 11012/543/1232 11009/549/1230 11010/531/926
f 11012/543/1232 11010/531/926 11013/529/1049
f 11012/543/1232 11013/529/1049 11014/628/593
f 11012/543/1232 11014/628/593 11015/629/1233
f 11016/630/1234 11012/543/1232 11015/629/1233
f 11012/543/1232 11016/630/1234 11009/549/1230
f 11016/630/1234 11011/550/1231 11009/549/1230
f 11016/630/1234 11017/631/1235 11011/550/1231
f 11011/550/1231 11017/631/1235 11018/632/6
f 11011/550/1231 11018/632/6 11019/551/6
f 11020/553/1121 11011/550/1231 11019/551/6
f 11011/550/1231 11020/553/1121 11004/552/1141
f 11020/553/1121 11005/555/1113 11004/552/1141
f 11020/553/1121 11019/551/6 11021/554/6
f 11022/556/1122 11020/553/1121 11021/554/6
f 11020/553/1121 11022/556/1122 11005/555/1113
f 11022/556/1122 11021/554/6 11023/557/6
f 11022/556/1122 11024/558/1123 11005/555/1113
f 11005/555/1113 11024/558/1123 11008/537/922
f 11024/558/1123 11025/539/593 11008/537/922
f 11024/558/1123 11026/559/1124 11025/539/593
f 11022/556/1122 11027/560/1125 11024/558/1123
f 11027/560/1125 11026/559/1124 11024/558/1123
f 11027/560/1125 11022/556/1122 11023/557/6
f 11027/560/1125 11028/561/1142 11026/559/1124
f 11027/560/1125 11023/557/6 11029/562/6
f 11028/561/1142 11027/560/1125 11029/562/6
f 11028/561/1142 11029/562/6 11030/563/6
f 11031/564/11 11032/565/926 11033/530/926
f 11031/564/11 11033/530/926 11034/532/11
f 11032/565/926 11035/528/937 11033/530/926
f 11036/566/919 11031/564/11 11034/532/11
f 11032/565/926 11037/567/937 11035/528/937
f 11036/566/919 11034/532/11 11038/534/919
f 11037/567/937 11039/526/938 11035/528/937
f 11040/568/922 11036/566/919 11038/534/919
f 11037/567/937 11041/569/938 11039/526/938
f 11041/569/938 11042/527/939 11039/526/938
f 11041/569/938 11043/91/939 11042/527/939
f 11040/568/922 11038/534/919 11044/536/922
f 11045/570/593 11040/568/922 11044/536/922
f 11045/570/593 11044/536/922 11046/538/593
s 0
f 11047/571/2 11048/572/2 11049/573/2
f 11047/571/2 11049/573/2 11050/574/2
f 11051/576/2 11047/571/2 11050/574/2
f 11049/573/2 11048/572/2 11052/575/2
f 11051/576/2 11050/574/2 11053/578/2
f 11054/579/2 11051/576/2 11053/578/2
f 11054/579/2 11053/578/2 11055/580/2
f 11056/581/2 11054/579/2 11055/580/2
f 11056/581/2 11057/582/2 11054/579/2
f 11048/572/2 11058/633/2 11052/575/2
f 11048/572/2 11059/634/2 11058/633/2
f 11052/575/2 11058/633/2 11060/635/2
f 11052/575/2 11060/635/2 11061/583/2
f 11061/583/2 11060/635/2 11062/636/2
f 11061/583/2 11062/636/2 11063/587/2
s 1
f 11064/554/12 11065/551/940 11066/588/940
f 11065/551/940 11067/637/941 11066/588/940
f 11065/551/940 11068/632/941 11067/637/941
f 11064/554/12 11066/588/940 11069/589/12
f 11070/557/942 11064/554/12 11069/589/12
f 11070/557/942 11069/589/12 11071/592/942
f 11072/562/943 11070/557/942 11071/592/942
f 11072/562/943 11071/592/942 11073/593/943
f 11074/563/171 11072/562/943 11073/593/943
f 11074/563/171 11073/593/943 11075/594/171
s 0
f 11076/524/6 11077/525/6 11078/526/6
f 11076/524/6 11078/526/6 11079/527/6
f 11077/525/6 11080/528/6 11078/526/6
f 11077/525/6 11081/529/6 11080/528/6
f 11081/529/6 11082/530/6 11080/528/6
f 11081/529/6 11083/531/6 11082/530/6
f 11083/531/6 11084/532/6 11082/530/6
f 11083/531/6 11085/533/6 11084/532/6
f 11085/533/6 11086/534/6 11084/532/6
f 11085/533/6 11087/535/6 11086/534/6
f 11087/535/6 11088/536/6 11086/534/6
f 11087/535/6 11089/537/6 11088/536/6
f 11089/537/6 11090/538/6 11088/536/6
f 11089/537/6 11091/539/6 11090/538/6
s 1
f 11092/540/1236 11093/541/1237 11094/525/1004
f 11092/540/1236 11094/525/1004 11095/524/939
f 11093/541/1237 11096/529/937 11094/525/1004
f 11097/542/1238 11093/541/1237 11092/540/1236
f 11097/542/1238 11092/540/1236 11098/396/1239
f 11093/541/1237 11099/543/1240 11096/529/937
f 11097/542/1238 11099/543/1240 11093/541/1237
f 11099/543/1240 11100/531/926 11096/529/937
f 11097/542/1238 11098/396/1239 11101/544/6
f 11097/542/1238 11101/544/6 11102/545/6
f 11097/542/1238 11102/545/6 11103/546/1241
f 11097/542/1238 11103/546/1241 11104/547/1242
f 11097/542/1238 11104/547/1242 11099/543/1240
f 11105/548/1243 11104/547/1242 11103/546/1241
f 11099/543/1240 11106/549/1139 11100/531/926
f 11104/547/1242 11106/549/1139 11099/543/1240
f 11106/549/1139 11107/533/11 11100/531/926
f 11108/550/1140 11104/547/1242 11105/548/1243
f 11104/547/1242 11108/550/1140 11106/549/1139
f 11108/550/1140 11105/548/1243 11109/551/6
f 11106/549/1139 11110/552/1141 11107/533/11
f 11108/550/1140 11110/552/1141 11106/549/1139
f 11110/552/1141 11111/535/919 11107/533/11
f 11112/553/1121 11108/550/1140 11109/551/6
f 11108/550/1140 11112/553/1121 11110/552/1141
f 11112/553/1121 11109/551/6 11113/554/6
f 11110/552/1141 11114/555/1113 11111/535/919
f 11112/553/1121 11114/555/1113 11110/552/1141
f 11114/555/1113 11115/537/922 11111/535/919
f 11116/556/1122 11112/553/1121 11113/554/6
f 11112/553/1121 11116/556/1122 11114/555/1113
f 11116/556/1122 11113/554/6 11117/557/6
f 11114/555/1113 11118/558/1123 11115/537/922
f 11116/556/1122 11118/558/1123 11114/555/1113
f 11118/558/1123 11119/539/593 11115/537/922
f 11118/558/1123 11120/559/1124 11119/539/593
f 11116/556/1122 11121/560/1125 11118/558/1123
f 11121/560/1125 11120/559/1124 11118/558/1123
f 11121/560/1125 11116/556/1122 11117/557/6
f 11121/560/1125 11122/561/1126 11120/559/1124
f 11121/560/1125 11117/557/6 11123/562/6
f 11122/561/1126 11121/560/1125 11123/562/6
f 11122/561/1126 11123/562/6 11124/563/6
f 11125/564/11 11126/565/926 11127/530/926
f 11125/564/11 11127/530/926 11128/532/11
f 11126/565/926 11129/528/937 11127/530/926
f 11130/566/919 11125/564/11 11128/532/11
f 11126/565/926 11131/567/937 11129/528/937
f 11130/566/919 11128/532/11 11132/534/919
f 11131/567/937 11133/526/938 11129/528/937
f 11134/568/922 11130/566/919 11132/534/919
f 11131/567/937 11135/569/938 11133/526/938
f 11135/569/938 11136/527/939 11133/526/938
f 11135/569/938 11137/91/939 11136/527/939
f 11134/568/922 11132/534/919 11138/536/922
f 11139/570/593 11134/568/922 11138/536/922
f 11139/570/593 11138/536/922 11140/538/593
s 0
f 11141/571/2 11142/572/2 11143/573/2
f 11141/571/2 11143/573/2 11144/574/2
f 11142/572/2 11145/575/2 11143/573/2
f 11146/576/2 11141/571/2 11144/574/2
f 11142/572/2 11147/577/2 11145/575/2
f 11146/576/2 11144/574/2 11148/578/2
f 11149/579/2 11146/576/2 11148/578/2
f 11149/579/2 11148/578/2 11150/580/2
f 11151/581/2 11149/579/2 11150/580/2
f 11151/581/2 11152/582/2 11149/579/2
f 11145/575/2 11147/577/2 11153/583/2
f 11147/577/2 11154/584/2 11153/583/2
f 11147/577/2 11155/585/2 11154/584/2
f 11153/583/2 11154/584/2 11156/586/2
f 11153/583/2 11156/586/2 11157/587/2
s 1
f 11158/554/12 11159/551/958 11160/588/958
f 11158/554/12 11160/588/958 11161/589/12
f 11159/551/958 11162/590/959 11160/588/958
f 11163/557/942 11158/554/12 11161/589/12
f 11159/551/958 11164/548/1079 11162/590/959
f 11164/548/1079 11165/591/961 11162/590/959
f 11164/548/1079 11166/546/961 11165/591/961
f 11163/557/942 11161/589/12 11167/592/942
f 11168/562/943 11163/557/942 11167/592/942
f 11168/562/943 11167/592/942 11169/593/943
f 11170/563/171 11168/562/943 11169/593/943
f 11170/563/171 11169/593/943 11171/594/171
f 11172/526/6 11173/614/1213 11174/638/6
s 0
f 11172/526/6 11174/638/6 11175/527/6
s 1
f 11172/526/6 11176/528/6 11173/614/1213
f 11177/529/1244 11173/614/1213 11176/528/6
f 11178/530/6 11177/529/1244 11176/528/6
f 11178/530/6 11179/531/6 11177/529/1244
s 0
f 11180/532/6 11179/531/6 11178/530/6
f 11180/532/6 11181/533/6 11179/531/6
f 11182/534/6 11181/533/6 11180/532/6
f 11182/534/6 11183/535/6 11181/533/6
f 11184/536/6 11183/535/6 11182/534/6
f 11184/536/6 11185/537/6 11183/535/6
f 11186/538/6 11185/537/6 11184/536/6
f 11186/538/6 11187/539/6 11185/537/6
s 1
f 11188/535/1245 11189/555/1246 11190/552/1247
f 11191/537/906 11189/555/1246 11188/535/1245
f 11188/535/1245 11190/552/1247 11192/533/1009
f 11191/537/906 11193/558/1108 11189/555/1246
f 11194/539/600 11193/558/1108 11191/537/906
f 11194/539/600 11195/559/1109 11193/558/1108
f 11192/533/1009 11190/552/1247 11196/549/1248
f 11192/533/1009 11196/549/1248 11197/531/895
f 11190/552/1247 11198/550/1249 11196/549/1248
f 11197/531/895 11196/549/1248 11199/543/1250
f 11197/531/895 11199/543/1250 11200/529/1251
f 11199/543/1250 11196/549/1248 11201/616/1252
f 11198/550/1249 11201/616/1252 11196/549/1248
f 11200/529/1251 11199/543/1250 11202/639/1253
f 11202/639/1253 11199/543/1250 11201/616/1252
f 11200/529/1251 11202/639/1253 11203/640/600
f 11198/550/1249 11204/641/1254 11201/616/1252
f 11205/642/6 11204/641/1254 11198/550/1249
f 11205/642/6 11198/550/1249 11206/551/6
f 11206/551/6 11198/550/1249 11207/553/1105
f 11190/552/1247 11207/553/1105 11198/550/1249
f 11206/551/6 11207/553/1105 11208/554/6
f 11189/555/1246 11207/553/1105 11190/552/1247
f 11208/554/6 11207/553/1105 11209/556/1107
f 11189/555/1246 11209/556/1107 11207/553/1105
f 11208/554/6 11209/556/1107 11210/557/6
f 11193/558/1108 11209/556/1107 11189/555/1246
f 11210/557/6 11209/556/1107 11211/560/1110
f 11193/558/1108 11211/560/1110 11209/556/1107
f 11195/559/1109 11211/560/1110 11193/558/1108
f 11210/557/6 11211/560/1110 11212/562/6
f 11195/559/1109 11213/561/1142 11211/560/1110
f 11212/562/6 11211/560/1110 11213/561/1142
f 11212/562/6 11213/561/1142 11214/563/6
f 11215/530/895 11216/565/895 11217/564/18
f 11218/528/891 11216/565/895 11215/530/895
f 11215/530/895 11217/564/18 11219/532/18
f 11218/528/891 11220/567/891 11216/565/895
f 11219/532/18 11217/564/18 11221/566/903
f 11222/526/889 11220/567/891 11218/528/891
f 11219/532/18 11221/566/903 11223/534/903
f 11222/526/889 11224/569/889 11220/567/891
f 11225/527/890 11224/569/889 11222/526/889
f 11225/527/890 11226/91/890 11224/569/889
f 11223/534/903 11221/566/903 11227/568/906
f 11223/534/903 11227/568/906 11228/536/906
f 11228/536/906 11227/568/906 11229/570/600
f 11228/536/906 11229/570/600 11230/538/600
s 0
f 11231/573/2 11232/572/2 11233/571/2
f 11231/573/2 11233/571/2 11234/574/2
f 11234/574/2 11233/571/2 11235/576/2
f 11231/573/2 11236/575/2 11232/572/2
f 11234/574/2 11235/576/2 11237/578/2
f 11237/578/2 11235/576/2 11238/579/2
f 11237/578/2 11238/579/2 11239/580/2
f 11240/581/2 11239/580/2 11238/579/2
f 11240/581/2 11238/579/2 11241/582/2
f 11242/621/2 11232/572/2 11236/575/2
f 11242/621/2 11243/643/2 11232/572/2
f 11236/575/2 11244/623/2 11242/621/2
f 11236/575/2 11245/583/2 11244/623/2
f 11245/583/2 11246/624/2 11244/623/2
f 11245/583/2 11247/587/2 11246/624/2
s 1
f 11248/588/1002 11249/551/1002 11250/554/9
f 11251/644/1003 11249/551/1002 11248/588/1002
f 11251/644/1003 11252/642/1003 11249/551/1002
f 11248/588/1002 11250/554/9 11253/589/9
f 11253/589/9 11250/554/9 11254/557/914
f 11253/589/9 11254/557/914 11255/592/914
f 11255/592/914 11254/557/914 11256/562/917
f 11255/592/914 11256/562/917 11257/593/917
f 11257/593/917 11256/562/917 11258/563/168
f 11257/593/917 11258/563/168 11259/594/168
f 11260/529/1255 11261/640/1256 11262/614/1257
