# Blender 5.1.2
# www.blender.org
o Sponza_top_pillars
v -950.145996 695.322815 171.646805
v -950.959229 695.322815 170.833694
v -973.775574 695.322815 170.833694
v -950.959229 695.322815 241.304703
v -950.145996 695.322815 240.491501
v -999.981018 695.322815 241.304703
v -999.981018 695.322815 197.039093
v -958.190918 660.363281 234.006699
v -999.981018 660.363281 234.006699
v -999.981018 520.342285 234.006699
v -958.116699 520.342285 234.006699
v -957.445129 660.363281 178.877502
v -957.445129 660.363281 233.260895
v -957.445129 520.342285 233.335007
v -957.445129 520.342285 178.803406
v -957.607727 664.231873 177.562302
v -980.504211 664.231873 177.562302
v -979.727783 670.696289 176.786102
v -956.785583 670.696289 176.786102
v -977.099426 679.695312 174.157700
v -954.184326 679.695312 174.157700
v -973.775574 686.596619 170.833694
v -950.846191 686.596619 170.833694
v -956.875671 664.231873 178.294296
v -956.099426 670.696289 177.472397
v -956.099426 670.696411 234.665894
v -956.875671 664.231873 233.844101
v -953.470520 679.695312 237.266800
v -953.470520 679.695312 174.871597
v -950.145996 686.596619 240.604599
v -950.145996 686.596619 171.533798
v -950.881287 690.959595 241.304703
v -999.981018 690.959595 241.304703
v -999.981018 686.596619 241.304703
v -950.846191 686.596619 241.304703
v -950.145996 690.959595 171.569107
v -950.145996 690.959595 240.569305
v -950.145996 686.596619 240.604599
v -950.145996 686.596619 171.533798
v -958.190918 660.363281 178.131699
v -981.073486 660.363281 178.131699
v -978.877380 662.297607 175.935699
v -956.066895 662.297607 175.935699
v -957.445129 660.363281 178.877502
v -955.248779 662.297607 176.753799
v -955.248779 662.297607 235.384598
v -957.445129 660.363281 233.260895
v -978.877380 662.297607 175.935699
v -980.504211 664.231873 177.562302
v -957.607727 664.231873 177.562302
v -956.066895 662.297607 175.935699
v -955.248779 662.297607 176.753799
v -956.875671 664.231873 178.294296
v -956.875671 664.231873 233.844101
v -955.248779 662.297607 235.384598
v -950.881287 690.959595 170.833694
v -973.775574 690.959595 170.833694
v -971.730225 693.141174 168.788300
v -948.913574 693.141174 168.788300
v -950.145996 690.959595 171.569107
v -948.100281 693.141174 169.601395
v -948.100281 693.141174 242.537003
v -950.145996 690.959595 240.569305
v -971.730225 693.141174 168.788300
v -973.775574 695.322815 170.833694
v -950.959229 695.322815 170.833694
v -948.913574 693.141174 168.788300
v -948.100281 693.141174 169.601395
v -950.145996 695.322815 171.646805
v -950.145996 695.322815 240.491501
v -948.100281 693.141174 242.537003
v -954.184326 679.695312 237.980698
v -953.470520 679.695312 237.266800
v -950.145996 686.596619 240.604599
v -950.846191 686.596619 241.304703
v -956.785583 670.696411 235.352295
v -956.099426 670.696411 234.665894
v -957.607727 664.231873 234.576004
v -956.875671 664.231873 233.844101
v -958.190918 660.363281 178.131699
v -957.445129 660.363281 178.877502
v -957.445129 520.342285 178.803406
v -958.116699 520.342285 178.131699
v -958.116699 520.342285 234.006699
v -957.445129 520.342285 233.335007
v -957.445129 660.363281 233.260895
v -958.190918 660.363281 234.006699
v -956.785583 670.696289 176.786102
v -956.099426 670.696289 177.472397
v -956.875671 664.231873 178.294296
v -957.607727 664.231873 177.562302
v -954.184326 679.695312 174.157700
v -953.470520 679.695312 174.871597
v -950.846191 686.596619 170.833694
v -950.145996 686.596619 171.533798
v -950.145996 690.959595 240.569305
v -950.881287 690.959595 241.304703
v -950.846191 686.596619 241.304703
v -950.145996 686.596619 240.604599
v -950.881287 690.959595 170.833694
v -950.145996 690.959595 171.569107
v -950.145996 686.596619 171.533798
v -950.846191 686.596619 170.833694
v -956.066895 662.297607 236.202698
v -955.248779 662.297607 235.384598
v -956.875671 664.231873 233.844101
v -957.607727 664.231873 234.576004
v -955.248779 662.297607 176.753799
v -956.066895 662.297607 175.935699
v -957.607727 664.231873 177.562302
v -956.875671 664.231873 178.294296
v -958.190918 660.363281 234.006699
v -957.445129 660.363281 233.260895
v -955.248779 662.297607 235.384598
v -956.066895 662.297607 236.202698
v -957.445129 660.363281 178.877502
v -958.190918 660.363281 178.131699
v -956.066895 662.297607 175.935699
v -955.248779 662.297607 176.753799
v -948.100281 693.141174 242.537003
v -948.913574 693.141174 243.350098
v -950.881287 690.959595 241.304703
v -950.145996 690.959595 240.569305
v -948.913574 693.141174 168.788300
v -948.100281 693.141174 169.601395
v -950.145996 690.959595 171.569107
v -950.881287 690.959595 170.833694
v -950.145996 695.322815 240.491501
v -950.959229 695.322815 241.304703
v -948.913574 693.141174 243.350098
v -948.100281 693.141174 242.537003
v -950.959229 695.322815 170.833694
v -950.145996 695.322815 171.646805
v -948.100281 693.141174 169.601395
v -948.913574 693.141174 168.788300
v -949.890625 511.840698 240.707397
v -949.890625 511.840698 171.431000
v -956.829285 518.764221 178.201904
v -956.829285 518.764221 233.936401
v -949.890625 511.840698 171.431000
v -950.743408 511.840698 170.578400
v -957.515076 518.764221 177.516006
v -956.829285 518.764221 178.201904
v -957.515076 518.764221 177.516006
v -950.743408 511.840698 170.578400
v -973.520325 511.840698 170.578400
v -980.457825 518.764221 177.516006
v -950.743408 511.840698 241.559998
v -949.890625 511.840698 240.707397
v -956.829285 518.764221 233.936401
v -957.515076 518.764221 234.622406
v -948.434082 509.490295 241.310699
v -948.434082 509.490295 170.827698
v -948.434082 511.840698 170.827698
v -948.434082 511.840698 241.310699
v -948.434082 509.490295 170.827698
v -950.140076 509.490295 169.121704
v -950.140076 511.840698 169.121704
v -948.434082 511.840698 170.827698
v -950.140076 509.490295 169.121704
v -972.063477 509.490295 169.121704
v -972.063477 511.840698 169.121704
v -950.140076 511.840698 169.121704
v -950.140076 509.490295 243.016602
v -948.434082 509.490295 241.310699
v -948.434082 511.840698 241.310699
v -950.140076 511.840698 243.016602
v -956.829285 518.764221 178.201904
v -956.317078 519.553223 177.702499
v -956.317078 519.553223 234.435806
v -956.829285 518.764221 233.936401
v -957.515076 518.764221 177.516006
v -980.457825 518.764221 177.516006
v -979.945801 519.553223 177.003998
v -957.015625 519.553223 177.003998
v -956.829285 518.764221 233.936401
v -956.317078 519.553223 234.435806
v -957.015625 519.553223 235.134399
v -957.515076 518.764221 234.622406
v -957.515076 518.764221 177.516006
v -957.015625 519.553223 177.003998
v -956.317078 519.553223 177.702499
v -956.829285 518.764221 178.201904
v -949.890625 509.490295 240.707397
v -949.890625 507.139801 240.707397
v -949.890625 507.139801 171.431000
v -949.890625 509.490295 171.431000
v -949.890625 509.490295 171.431000
v -949.890625 507.139801 171.431000
v -950.743408 507.139801 170.578400
v -950.743408 509.490295 170.578400
v -999.981018 509.490295 241.559998
v -999.981018 507.139801 241.559998
v -950.743408 507.139801 241.559998
v -950.743408 509.490295 241.559998
v -950.743408 509.490295 241.559998
v -950.743408 507.139801 241.559998
v -949.890625 507.139801 240.707397
v -949.890625 509.490295 240.707397
v -956.317078 519.553223 177.702499
v -957.445129 520.342285 178.803406
v -957.445129 520.342285 233.335007
v -957.015625 519.553223 177.003998
v -956.317078 519.553223 234.435806
v -958.116699 520.342285 178.131699
v -979.945801 519.553223 177.003998
v -981.073486 520.342285 178.131699
v -958.116699 520.342285 234.006699
v -957.015625 519.553223 235.134399
v -999.981018 519.553223 235.134399
v -999.981018 520.342285 234.006699
v -948.434082 511.840698 241.310699
v -948.434082 511.840698 170.827698
v -949.890625 511.840698 171.431000
v -949.890625 511.840698 240.707397
v -950.140076 511.840698 243.016602
v -950.743408 511.840698 241.559998
v -950.743408 511.840698 170.578400
v -950.140076 511.840698 169.121704
v -972.063477 511.840698 169.121704
v -973.520325 511.840698 170.578400
v -948.434082 509.490295 170.827698
v -948.434082 509.490295 241.310699
v -949.890625 509.490295 240.707397
v -950.743408 509.490295 241.559998
v -950.140076 509.490295 243.016602
v -949.890625 509.490295 171.431000
v -950.140076 509.490295 169.121704
v -950.743408 509.490295 170.578400
v -972.063477 509.490295 169.121704
v -973.520325 509.490295 170.578400
v -950.743408 509.490295 241.559998
v -950.140076 509.490295 243.016602
v -999.981018 509.490295 243.016602
v -999.981018 509.490295 241.559998
v -999.981018 670.696289 235.352295
v -999.981018 664.231873 234.576004
v -957.607727 664.231873 234.576004
v -956.785583 670.696411 235.352295
v -999.981018 679.695312 237.980698
v -954.184326 679.695312 237.980698
v -999.981018 686.596619 241.304703
v -950.846191 686.596619 241.304703
v -999.981018 662.297607 236.202698
v -999.981018 660.363281 234.006699
v -958.190918 660.363281 234.006699
v -956.066895 662.297607 236.202698
v -999.981018 662.297607 236.202698
v -956.066895 662.297607 236.202698
v -957.607727 664.231873 234.576004
v -999.981018 664.231873 234.576004
v -999.981018 693.141174 243.350098
v -999.981018 690.959595 241.304703
v -950.881287 690.959595 241.304703
v -948.913574 693.141174 243.350098
v -999.981018 693.141174 243.350098
v -948.913574 693.141174 243.350098
v -950.959229 695.322815 241.304703
v -999.981018 695.322815 241.304703
v -999.981018 511.840698 241.559998
v -950.743408 511.840698 241.559998
v -957.515076 518.764221 234.622406
v -999.981018 518.764221 234.622406
v -999.981018 509.490295 243.016602
v -950.140076 509.490295 243.016602
v -950.140076 511.840698 243.016602
v -999.981018 511.840698 243.016602
v -999.981018 519.553223 235.134399
v -999.981018 518.764221 234.622406
v -957.515076 518.764221 234.622406
v -957.015625 519.553223 235.134399
v -999.981018 511.840698 243.016602
v -950.140076 511.840698 243.016602
v -950.743408 511.840698 241.559998
v -999.981018 511.840698 241.559998
v -999.981018 670.696289 235.352295
v -1038.293945 670.696289 235.352295
v -1037.517822 664.231873 234.576004
v -999.981018 664.231873 234.576004
v -999.981018 679.695312 237.980698
v -1040.922363 679.695312 237.980698
v -999.981018 686.596619 241.304703
v -1044.246582 686.596619 241.304703
v -999.981018 662.297607 236.202698
v -1039.144531 662.297607 236.202698
v -1036.948486 660.363281 234.006699
v -999.981018 660.363281 234.006699
v -1037.517822 664.231873 234.576004
v -1039.144531 662.297607 236.202698
v -999.981018 662.297607 236.202698
v -999.981018 664.231873 234.576004
v -999.981018 693.141174 243.350098
v -1046.291992 693.141174 243.350098
v -1044.246582 690.959595 241.304703
v -999.981018 690.959595 241.304703
v -1044.246582 695.322815 241.304703
v -1046.291992 693.141174 243.350098
v -999.981018 693.141174 243.350098
v -999.981018 695.322815 241.304703
v -1037.564209 518.764221 234.622406
v -1044.501709 511.840698 241.559998
v -999.981018 511.840698 241.559998
v -999.981018 518.764221 234.622406
v -1045.958496 511.840698 243.016602
v -1045.958496 509.490295 243.016602
v -999.981018 509.490295 243.016602
v -999.981018 511.840698 243.016602
v -999.981018 519.553223 235.134399
v -1038.076172 519.553223 235.134399
v -1037.564209 518.764221 234.622406
v -999.981018 518.764221 234.622406
v -1036.948486 520.342285 234.006699
v -1038.076172 519.553223 235.134399
v -999.981018 519.553223 235.134399
v -999.981018 520.342285 234.006699
v -1044.501709 511.840698 241.559998
v -1045.958496 511.840698 243.016602
v -999.981018 511.840698 243.016602
v -999.981018 511.840698 241.559998
v -981.073486 660.363281 178.131699
v -958.190918 660.363281 178.131699
v -958.116699 520.342285 178.131699
v -981.073486 520.342285 178.131699
v -973.775574 690.959595 170.833694
v -950.881287 690.959595 170.833694
v -950.846191 686.596619 170.833694
v -973.775574 686.596619 170.833694
v -973.520325 509.490295 170.578400
v -950.743408 509.490295 170.578400
v -950.743408 507.139801 170.578400
v -973.520325 507.139801 170.578400
v -999.981018 695.322815 197.039093
v -1044.246582 695.322815 241.304703
v -999.981018 695.322815 241.304703
v -1036.948486 520.342285 234.006699
v -999.981018 520.342285 234.006699
v -999.981018 660.363281 234.006699
v -1036.948486 660.363281 234.006699
v -1044.246582 686.596619 241.304703
v -999.981018 686.596619 241.304703
v -999.981018 690.959595 241.304703
v -1044.246582 690.959595 241.304703
v -1044.501709 507.139801 241.559998
v -999.981018 507.139801 241.559998
v -999.981018 509.490295 241.559998
v -1044.501709 509.490295 241.559998
v -1044.501709 509.490295 241.559998
v -999.981018 509.490295 241.559998
v -999.981018 509.490295 243.016602
v -1045.958496 509.490295 243.016602
v -1044.246582 695.322815 148.017502
v -1044.246582 695.322815 197.039093
v -999.981018 695.322815 197.039093
v -974.588623 695.322815 147.204300
v -1043.433350 695.322815 147.204300
v -973.775391 695.322815 148.017502
v -973.775574 695.322815 170.833694
v -1036.948486 520.342285 197.039093
v -1036.948486 660.363281 197.039093
v -1036.948486 660.363281 155.249100
v -1036.948486 520.342285 155.175003
v -1036.276855 520.342285 154.503296
v -1036.202637 660.363281 154.503296
v -981.819275 660.363281 154.503296
v -981.745117 520.342285 154.503296
v -980.504211 664.231873 154.665802
v -979.727783 670.696289 153.843796
v -979.727783 670.696289 176.786102
v -980.504211 664.231873 177.562302
v -977.099426 679.695312 174.157700
v -977.099426 679.695312 151.242599
v -973.775574 686.596619 170.833694
v -973.775391 686.596619 147.904404
v -1037.607666 670.696411 153.157501
v -980.414307 670.696289 153.157501
v -981.236084 664.231873 153.933807
v -1036.785889 664.231873 153.933807
v -1040.208496 679.695312 150.528702
v -977.813477 679.695312 150.528702
v -1043.546387 686.596619 147.204300
v -974.475586 686.596619 147.204300
v -1044.246582 686.596619 197.039093
v -1044.246582 690.959595 197.039093
v -1044.246582 690.959595 147.939697
v -1044.246582 686.596619 147.904404
v -1043.546387 686.596619 147.204300
v -1043.510986 690.959595 147.204300
v -974.510681 690.959595 147.204300
v -974.475586 686.596619 147.204300
v -981.073486 660.363281 155.249100
v -978.877380 662.297607 153.125107
v -978.877380 662.297607 175.935699
v -981.073486 660.363281 178.131699
v -1038.326416 662.297607 152.306900
v -979.695618 662.297607 152.306900
v -981.819275 660.363281 154.503296
v -1036.202637 660.363281 154.503296
v -980.504211 664.231873 154.665802
v -980.504211 664.231873 177.562302
v -978.877380 662.297607 175.935699
v -978.877380 662.297607 153.125107
v -1036.785889 664.231873 153.933807
v -981.236084 664.231873 153.933807
v -979.695618 662.297607 152.306900
v -1038.326416 662.297607 152.306900
v -973.775391 690.959595 147.939697
v -971.730225 693.141174 145.971695
v -971.730225 693.141174 168.788300
v -973.775574 690.959595 170.833694
v -1045.478760 693.141174 145.158493
v -972.543213 693.141174 145.158493
v -974.510681 690.959595 147.204300
v -1043.510986 690.959595 147.204300
v -973.775391 695.322815 148.017502
v -973.775574 695.322815 170.833694
v -971.730225 693.141174 168.788300
v -971.730225 693.141174 145.971695
v -1043.433350 695.322815 147.204300
v -974.588623 695.322815 147.204300
v -972.543213 693.141174 145.158493
v -1045.478760 693.141174 145.158493
v -1043.546387 686.596619 147.204300
v -1040.208496 679.695312 150.528702
v -1040.922363 679.695312 151.242599
v -1044.246582 686.596619 147.904404
v -1038.293945 670.696411 153.843796
v -1037.607666 670.696411 153.157501
v -1037.517822 664.231873 154.665802
v -1036.785889 664.231873 153.933807
v -981.745117 520.342285 154.503296
v -981.819275 660.363281 154.503296
v -981.073486 660.363281 155.249100
v -981.073486 520.342285 155.175003
v -1036.202637 660.363281 154.503296
v -1036.276855 520.342285 154.503296
v -1036.948486 520.342285 155.175003
v -1036.948486 660.363281 155.249100
v -981.236084 664.231873 153.933807
v -980.414307 670.696289 153.157501
v -979.727783 670.696289 153.843796
v -980.504211 664.231873 154.665802
v -977.099426 679.695312 151.242599
v -977.813477 679.695312 150.528702
v -973.775391 686.596619 147.904404
v -974.475586 686.596619 147.204300
v -1044.246582 686.596619 147.904404
v -1044.246582 690.959595 147.939697
v -1043.510986 690.959595 147.204300
v -1043.546387 686.596619 147.204300
v -974.475586 686.596619 147.204300
v -974.510681 690.959595 147.204300
v -973.775391 690.959595 147.939697
v -973.775391 686.596619 147.904404
v -1036.785889 664.231873 153.933807
v -1038.326416 662.297607 152.306900
v -1039.144531 662.297607 153.125107
v -1037.517822 664.231873 154.665802
v -980.504211 664.231873 154.665802
v -978.877380 662.297607 153.125107
v -979.695618 662.297607 152.306900
v -981.236084 664.231873 153.933807
v -1038.326416 662.297607 152.306900
v -1036.202637 660.363281 154.503296
v -1036.948486 660.363281 155.249100
v -1039.144531 662.297607 153.125107
v -978.877380 662.297607 153.125107
v -981.073486 660.363281 155.249100
v -981.819275 660.363281 154.503296
v -979.695618 662.297607 152.306900
v -1044.246582 690.959595 147.939697
v -1046.291992 693.141174 145.971695
v -1045.478760 693.141174 145.158493
v -1043.510986 690.959595 147.204300
v -974.510681 690.959595 147.204300
v -972.543213 693.141174 145.158493
v -971.730225 693.141174 145.971695
v -973.775391 690.959595 147.939697
v -1046.291992 693.141174 145.971695
v -1044.246582 695.322815 148.017502
v -1043.433350 695.322815 147.204300
v -1045.478760 693.141174 145.158493
v -972.543213 693.141174 145.158493
v -974.588623 695.322815 147.204300
v -973.775391 695.322815 148.017502
v -971.730225 693.141174 145.971695
v -981.143799 518.764221 153.887497
v -974.372803 511.840698 146.948898
v -1043.649170 511.840698 146.948898
v -1036.878174 518.764221 153.887497
v -980.457825 518.764221 154.573395
v -973.520325 511.840698 147.801498
v -974.372803 511.840698 146.948898
v -981.143799 518.764221 153.887497
v -980.457825 518.764221 154.573395
v -980.457825 518.764221 177.516006
v -973.520325 511.840698 170.578400
v -973.520325 511.840698 147.801498
v -1036.878174 518.764221 153.887497
v -1043.649170 511.840698 146.948898
v -1044.501709 511.840698 147.801498
v -1037.564209 518.764221 154.573395
v -973.769470 511.840698 145.492294
v -973.769470 509.490295 145.492294
v -1044.252441 509.490295 145.492294
v -1044.252441 511.840698 145.492294
v -972.063477 511.840698 147.198303
v -972.063477 509.490295 147.198303
v -973.769470 509.490295 145.492294
v -973.769470 511.840698 145.492294
v -972.063477 511.840698 169.121704
v -972.063477 509.490295 169.121704
v -972.063477 509.490295 147.198303
v -972.063477 511.840698 147.198303
v -1044.252441 511.840698 145.492294
v -1044.252441 509.490295 145.492294
v -1045.958496 509.490295 147.198196
v -1045.958496 511.840698 147.198196
v -1037.377686 519.553223 153.375397
v -980.644287 519.553223 153.375397
v -981.143799 518.764221 153.887497
v -1036.878174 518.764221 153.887497
v -980.457825 518.764221 154.573395
v -979.945801 519.553223 154.073898
v -979.945801 519.553223 177.003998
v -980.457825 518.764221 177.516006
v -1038.076172 519.553223 154.073898
v -1037.377686 519.553223 153.375397
v -1036.878174 518.764221 153.887497
v -1037.564209 518.764221 154.573395
v -980.644287 519.553223 153.375397
v -979.945801 519.553223 154.073898
v -980.457825 518.764221 154.573395
v -981.143799 518.764221 153.887497
v -974.372803 507.139801 146.948898
v -1043.649170 507.139801 146.948898
v -1043.649170 509.490295 146.948898
v -974.372803 509.490295 146.948898
v -973.520325 507.139801 147.801498
v -974.372803 507.139801 146.948898
v -974.372803 509.490295 146.948898
v -973.520325 509.490295 147.801498
v -1044.501709 507.139801 147.801498
v -1044.501709 507.139801 197.039093
v -1044.501709 509.490295 197.039093
v -1044.501709 509.490295 147.801498
v -1043.649170 507.139801 146.948898
v -1044.501709 507.139801 147.801498
v -1044.501709 509.490295 147.801498
v -1043.649170 509.490295 146.948898
v -1036.276855 520.342285 154.503296
v -981.745117 520.342285 154.503296
v -980.644287 519.553223 153.375397
v -1037.377686 519.553223 153.375397
v -979.945801 519.553223 154.073898
v -1036.948486 520.342285 155.175003
v -981.073486 520.342285 155.175003
v -979.945801 519.553223 177.003998
v -981.073486 520.342285 178.131699
v -1038.076172 519.553223 154.073898
v -1038.076172 519.553223 197.039093
v -1036.948486 520.342285 197.039093
v -974.372803 511.840698 146.948898
v -973.769470 511.840698 145.492294
v -1044.252441 511.840698 145.492294
v -1043.649170 511.840698 146.948898
v -1045.958496 511.840698 147.198196
v -1044.501709 511.840698 147.801498
v -973.520325 511.840698 147.801498
v -972.063477 511.840698 147.198303
v -972.063477 511.840698 169.121704
v -973.520325 511.840698 170.578400
v -1043.649170 509.490295 146.948898
v -1044.252441 509.490295 145.492294
v -973.769470 509.490295 145.492294
v -1044.501709 509.490295 147.801498
v -1045.958496 509.490295 147.198196
v -974.372803 509.490295 146.948898
v -972.063477 509.490295 147.198303
v -973.520325 509.490295 147.801498
v -972.063477 509.490295 169.121704
v -973.520325 509.490295 170.578400
v -1044.501709 509.490295 147.801498
v -1044.501709 509.490295 197.039093
v -1045.958496 509.490295 197.039093
v -1045.958496 509.490295 147.198196
v -1038.293945 670.696289 197.039093
v -1038.293945 670.696411 153.843796
v -1037.517822 664.231873 154.665802
v -1037.517822 664.231873 197.039093
v -1040.922363 679.695312 197.039093
v -1040.922363 679.695312 151.242599
v -1044.246582 686.596619 197.039093
v -1044.246582 686.596619 147.904404
v -1039.144531 662.297607 197.039093
v -1039.144531 662.297607 153.125107
v -1036.948486 660.363281 155.249100
v -1036.948486 660.363281 197.039093
v -1037.517822 664.231873 154.665802
v -1039.144531 662.297607 153.125107
v -1039.144531 662.297607 197.039093
v -1037.517822 664.231873 197.039093
v -1046.291992 693.141174 197.039093
v -1046.291992 693.141174 145.971695
v -1044.246582 690.959595 147.939697
v -1044.246582 690.959595 197.039093
v -1044.246582 695.322815 148.017502
v -1046.291992 693.141174 145.971695
v -1046.291992 693.141174 197.039093
v -1044.246582 695.322815 197.039093
v -1037.564209 518.764221 154.573395
v -1044.501709 511.840698 147.801498
v -1044.501709 511.840698 197.039093
v -1037.564209 518.764221 197.039093
v -1045.958496 511.840698 147.198196
v -1045.958496 509.490295 147.198196
v -1045.958496 509.490295 197.039093
v -1045.958496 511.840698 197.039093
v -1038.076172 519.553223 197.039093
v -1038.076172 519.553223 154.073898
v -1037.564209 518.764221 154.573395
v -1037.564209 518.764221 197.039093
v -1044.501709 511.840698 147.801498
v -1045.958496 511.840698 147.198196
v -1045.958496 511.840698 197.039093
v -1044.501709 511.840698 197.039093
v -1038.293945 670.696289 197.039093
v -1037.517822 664.231873 197.039093
v -1037.517822 664.231873 234.576004
v -1038.293945 670.696289 235.352295
v -1040.922363 679.695312 197.039093
v -1040.922363 679.695312 237.980698
v -1044.246582 686.596619 197.039093
v -1044.246582 686.596619 241.304703
v -1039.144531 662.297607 197.039093
v -1036.948486 660.363281 197.039093
v -1036.948486 660.363281 234.006699
v -1039.144531 662.297607 236.202698
v -1039.144531 662.297607 197.039093
v -1039.144531 662.297607 236.202698
v -1037.517822 664.231873 234.576004
v -1037.517822 664.231873 197.039093
v -1046.291992 693.141174 197.039093
v -1044.246582 690.959595 197.039093
v -1044.246582 690.959595 241.304703
v -1046.291992 693.141174 243.350098
v -1046.291992 693.141174 197.039093
v -1046.291992 693.141174 243.350098
v -1044.246582 695.322815 241.304703
v -1044.246582 695.322815 197.039093
v -1044.501709 511.840698 197.039093
v -1044.501709 511.840698 241.559998
v -1037.564209 518.764221 234.622406
v -1037.564209 518.764221 197.039093
v -1045.958496 509.490295 197.039093
v -1045.958496 509.490295 243.016602
v -1045.958496 511.840698 243.016602
v -1045.958496 511.840698 197.039093
v -1038.076172 519.553223 197.039093
v -1037.564209 518.764221 197.039093
v -1037.564209 518.764221 234.622406
v -1038.076172 519.553223 235.134399
v -1038.076172 519.553223 197.039093
v -1038.076172 519.553223 235.134399
v -1036.948486 520.342285 234.006699
v -1036.948486 520.342285 197.039093
v -1045.958496 511.840698 197.039093
v -1045.958496 511.840698 243.016602
v -1044.501709 511.840698 241.559998
v -1044.501709 511.840698 197.039093
v -981.073486 520.342285 155.175003
v -981.073486 660.363281 155.249100
v -981.073486 660.363281 178.131699
v -981.073486 520.342285 178.131699
v -973.775391 686.596619 147.904404
v -973.775391 690.959595 147.939697
v -973.775574 690.959595 170.833694
v -973.775574 686.596619 170.833694
v -973.520325 507.139801 147.801498
v -973.520325 509.490295 147.801498
v -973.520325 509.490295 170.578400
v -973.520325 507.139801 170.578400
v -999.981018 695.322815 197.039093
v -1044.246582 695.322815 197.039093
v -1044.246582 695.322815 241.304703
v -1036.948486 660.363281 197.039093
v -1036.948486 520.342285 197.039093
v -1036.948486 520.342285 234.006699
v -1036.948486 660.363281 234.006699
v -1044.246582 690.959595 197.039093
v -1044.246582 686.596619 197.039093
v -1044.246582 686.596619 241.304703
v -1044.246582 690.959595 241.304703
v -1044.501709 509.490295 197.039093
v -1044.501709 507.139801 197.039093
v -1044.501709 507.139801 241.559998
v -1044.501709 509.490295 241.559998
v -1045.958496 509.490295 197.039093
v -1044.501709 509.490295 197.039093
v -1044.501709 509.490295 241.559998
v -1045.958496 509.490295 243.016602
v -653.567383 695.322815 240.491501
v -652.753906 695.322815 241.304703
v -583.899719 695.322815 241.304703
v -652.753906 695.322815 170.833694
v -653.567383 695.322815 171.646805
v -583.086426 695.322815 171.646805
v -583.086426 695.322815 240.491501
v -583.899719 695.322815 170.833694
v -645.522522 660.363281 178.131699
v -591.131287 660.363281 178.131699
v -591.057129 520.342285 178.131699
v -645.596375 520.342285 178.131699
v -590.385498 660.363281 178.877502
v -590.385498 660.363281 233.260895
v -590.385498 520.342285 233.335007
v -590.385498 520.342285 178.803406
v -591.131287 660.363281 234.006699
v -645.522522 660.363281 234.006699
v -645.596375 520.342285 234.006699
v -591.057129 520.342285 234.006699
v -646.268311 660.363281 233.260895
v -646.268311 660.363281 178.877502
v -646.268311 520.342285 178.803406
v -646.268311 520.342285 233.335007
v -646.105713 664.231873 177.562302
v -646.927673 670.696411 176.786102
v -589.726074 670.696289 176.786102
v -590.548096 664.231873 177.562302
v -587.124817 679.695312 174.157700
v -649.528809 679.695312 174.157700
v -583.786621 686.596619 170.833694
v -652.867188 686.596619 170.833694
v -589.815918 664.231873 178.294296
v -589.039795 670.696289 177.472397
v -589.039795 670.696289 234.665894
v -589.815918 664.231873 233.844101
v -586.410889 679.695312 237.266800
v -586.410889 679.695312 174.871597
v -583.086426 686.596619 240.604599
v -583.086426 686.596619 171.533798
v -590.548096 664.231873 234.576004
v -589.726074 670.696289 235.352295
v -646.927673 670.696289 235.352295
v -646.105713 664.231873 234.576004
v -649.528809 679.695312 237.980698
v -587.124817 679.695312 237.980698
v -652.867188 686.596619 241.304703
v -583.786621 686.596619 241.304703
v -646.837585 664.231873 233.844101
v -647.614014 670.696289 234.665894
v -647.614014 670.696411 177.472397
v -646.837585 664.231873 178.294296
v -650.242920 679.695312 174.871597
v -650.242920 679.695312 237.266800
v -653.567383 686.596619 171.533798
v -653.567383 686.596619 240.604599
v -652.831787 690.959595 170.833694
v -583.821777 690.959595 170.833694
v -583.786621 686.596619 170.833694
v -652.867188 686.596619 170.833694
v -583.086426 690.959595 171.569107
v -583.086426 690.959595 240.569305
v -583.086426 686.596619 240.604599
v -583.086426 686.596619 171.533798
v -583.821777 690.959595 241.304703
v -652.831787 690.959595 241.304703
v -652.867188 686.596619 241.304703
v -583.786621 686.596619 241.304703
v -653.567383 690.959595 240.569305
v -653.567383 690.959595 171.569107
v -653.567383 686.596619 171.533798
v -653.567383 686.596619 240.604599
v -645.522522 660.363281 178.131699
v -647.646484 662.297607 175.935699
v -589.007324 662.297607 175.935699
v -591.131287 660.363281 178.131699
v -590.385498 660.363281 178.877502
v -588.189209 662.297607 176.753799
v -588.189209 662.297607 235.384598
v -590.385498 660.363281 233.260895
v -591.131287 660.363281 234.006699
v -589.007324 662.297607 236.202698
v -647.646484 662.297607 236.202698
v -645.522522 660.363281 234.006699
v -646.268311 660.363281 233.260895
v -648.464600 662.297607 235.384598
v -648.464600 662.297607 176.753799
v -646.268311 660.363281 178.877502
v -647.646484 662.297607 175.935699
v -646.105713 664.231873 177.562302
v -590.548096 664.231873 177.562302
v -589.007324 662.297607 175.935699
v -588.189209 662.297607 176.753799
v -589.815918 664.231873 178.294296
v -589.815918 664.231873 233.844101
v -588.189209 662.297607 235.384598
v -589.007324 662.297607 236.202698
v -590.548096 664.231873 234.576004
v -646.105713 664.231873 234.576004
v -647.646484 662.297607 236.202698
v -648.464600 662.297607 235.384598
v -646.837585 664.231873 233.844101
v -646.837585 664.231873 178.294296
v -648.464600 662.297607 176.753799
v -652.831787 690.959595 170.833694
v -654.799805 693.141174 168.788300
v -581.854004 693.141174 168.788300
v -583.821777 690.959595 170.833694
v -583.086426 690.959595 171.569107
v -581.040771 693.141174 169.601395
v -581.040771 693.141174 242.537003
v -583.086426 690.959595 240.569305
v -583.821777 690.959595 241.304703
v -581.854004 693.141174 243.350098
v -654.799805 693.141174 243.350098
v -652.831787 690.959595 241.304703
v -653.567383 690.959595 240.569305
v -655.612976 693.141174 242.537003
v -655.612976 693.141174 169.601395
v -653.567383 690.959595 171.569107
v -654.799805 693.141174 168.788300
v -652.753906 695.322815 170.833694
v -583.899719 695.322815 170.833694
v -581.854004 693.141174 168.788300
v -581.040771 693.141174 169.601395
v -583.086426 695.322815 171.646805
v -583.086426 695.322815 240.491501
v -581.040771 693.141174 242.537003
v -581.854004 693.141174 243.350098
v -583.899719 695.322815 241.304703
v -652.753906 695.322815 241.304703
v -654.799805 693.141174 243.350098
v -655.612976 693.141174 242.537003
v -653.567383 695.322815 240.491501
v -653.567383 695.322815 171.646805
v -655.612976 693.141174 169.601395
v -591.131287 660.363281 178.131699
v -590.385498 660.363281 178.877502
v -590.385498 520.342285 178.803406
v -591.057129 520.342285 178.131699
v -649.528809 679.695312 174.157700
v -650.242920 679.695312 174.871597
v -653.567383 686.596619 171.533798
v -652.867188 686.596619 170.833694
v -646.927673 670.696411 176.786102
v -647.614014 670.696411 177.472397
v -646.105713 664.231873 177.562302
v -646.837585 664.231873 178.294296
v -590.385498 660.363281 233.260895
v -591.131287 660.363281 234.006699
v -591.057129 520.342285 234.006699
v -590.385498 520.342285 233.335007
v -645.522522 660.363281 234.006699
v -646.268311 660.363281 233.260895
v -646.268311 520.342285 233.335007
v -645.596375 520.342285 234.006699
v -589.726074 670.696289 176.786102
v -589.039795 670.696289 177.472397
v -589.815918 664.231873 178.294296
v -590.548096 664.231873 177.562302
v -587.124817 679.695312 174.157700
v -586.410889 679.695312 174.871597
v -583.786621 686.596619 170.833694
v -583.086426 686.596619 171.533798
v -645.596375 520.342285 178.131699
v -646.268311 520.342285 178.803406
v -646.268311 660.363281 178.877502
v -645.522522 660.363281 178.131699
v -589.039795 670.696289 234.665894
v -589.726074 670.696289 235.352295
v -590.548096 664.231873 234.576004
v -589.815918 664.231873 233.844101
v -586.410889 679.695312 237.266800
v -587.124817 679.695312 237.980698
v -583.086426 686.596619 240.604599
v -583.786621 686.596619 241.304703
v -646.927673 670.696289 235.352295
v -647.614014 670.696289 234.665894
v -646.837585 664.231873 233.844101
v -646.105713 664.231873 234.576004
v -649.528809 679.695312 237.980698
v -650.242920 679.695312 237.266800
v -652.867188 686.596619 241.304703
v -653.567383 686.596619 240.604599
v -653.567383 690.959595 171.569107
v -652.831787 690.959595 170.833694
v -652.867188 686.596619 170.833694
v -653.567383 686.596619 171.533798
v -583.821777 690.959595 170.833694
v -583.086426 690.959595 171.569107
v -583.086426 686.596619 171.533798
v -583.786621 686.596619 170.833694
v -583.086426 690.959595 240.569305
v -583.821777 690.959595 241.304703
v -583.786621 686.596619 241.304703
v -583.086426 686.596619 240.604599
v -652.831787 690.959595 241.304703
v -653.567383 690.959595 240.569305
v -653.567383 686.596619 240.604599
v -652.867188 686.596619 241.304703
v -588.189209 662.297607 176.753799
v -589.007324 662.297607 175.935699
v -590.548096 664.231873 177.562302
v -589.815918 664.231873 178.294296
v -647.646484 662.297607 175.935699
v -648.464600 662.297607 176.753799
v -646.837585 664.231873 178.294296
v -646.105713 664.231873 177.562302
v -589.007324 662.297607 236.202698
v -588.189209 662.297607 235.384598
v -589.815918 664.231873 233.844101
v -590.548096 664.231873 234.576004
v -648.464600 662.297607 235.384598
v -647.646484 662.297607 236.202698
v -646.105713 664.231873 234.576004
v -646.837585 664.231873 233.844101
v -590.385498 660.363281 178.877502
v -591.131287 660.363281 178.131699
v -589.007324 662.297607 175.935699
v -588.189209 662.297607 176.753799
v -645.522522 660.363281 178.131699
v -646.268311 660.363281 178.877502
v -648.464600 662.297607 176.753799
v -647.646484 662.297607 175.935699
v -591.131287 660.363281 234.006699
v -590.385498 660.363281 233.260895
v -588.189209 662.297607 235.384598
v -589.007324 662.297607 236.202698
v -646.268311 660.363281 233.260895
v -645.522522 660.363281 234.006699
v -647.646484 662.297607 236.202698
v -648.464600 662.297607 235.384598
v -655.612976 693.141174 169.601395
v -654.799805 693.141174 168.788300
v -652.831787 690.959595 170.833694
v -653.567383 690.959595 171.569107
v -581.854004 693.141174 168.788300
v -581.040771 693.141174 169.601395
v -583.086426 690.959595 171.569107
v -583.821777 690.959595 170.833694
v -581.040771 693.141174 242.537003
v -581.854004 693.141174 243.350098
v -583.821777 690.959595 241.304703
v -583.086426 690.959595 240.569305
v -654.799805 693.141174 243.350098
v -655.612976 693.141174 242.537003
v -653.567383 690.959595 240.569305
v -652.831787 690.959595 241.304703
v -653.567383 695.322815 171.646805
v -652.753906 695.322815 170.833694
v -654.799805 693.141174 168.788300
v -655.612976 693.141174 169.601395
v -583.899719 695.322815 170.833694
v -583.086426 695.322815 171.646805
v -581.040771 693.141174 169.601395
v -581.854004 693.141174 168.788300
v -583.086426 695.322815 240.491501
v -583.899719 695.322815 241.304703
v -581.854004 693.141174 243.350098
v -581.040771 693.141174 242.537003
v -652.753906 695.322815 241.304703
v -653.567383 695.322815 240.491501
v -655.612976 693.141174 242.537003
v -654.799805 693.141174 243.350098
v -653.822510 511.840698 171.431000
v -653.822510 511.840698 240.707397
v -646.883972 518.764221 233.936401
v -646.883972 518.764221 178.201904
v -653.822510 511.840698 240.707397
v -652.969971 511.840698 241.559998
v -646.198181 518.764221 234.622406
v -646.883972 518.764221 233.936401
v -652.969971 511.840698 241.559998
v -583.683777 511.840698 241.559998
v -590.455627 518.764221 234.622406
v -646.198181 518.764221 234.622406
v -583.683777 511.840698 241.559998
v -582.831116 511.840698 240.707397
v -589.769470 518.764221 233.936401
v -590.455627 518.764221 234.622406
v -582.831116 511.840698 240.707397
v -582.831116 511.840698 171.431000
v -589.769470 518.764221 178.201904
v -589.769470 518.764221 233.936401
v -582.831116 511.840698 171.431000
v -583.683777 511.840698 170.578400
v -590.455627 518.764221 177.516006
v -589.769470 518.764221 178.201904
v -583.683777 511.840698 170.578400
v -652.969971 511.840698 170.578400
v -646.198181 518.764221 177.516006
v -590.455627 518.764221 177.516006
v -652.969971 511.840698 170.578400
v -653.822510 511.840698 171.431000
v -646.883972 518.764221 178.201904
v -646.198181 518.764221 177.516006
v -655.279297 509.490295 170.827698
v -655.279297 509.490295 241.310593
v -655.279297 511.840698 241.310593
v -655.279297 511.840698 170.827698
v -655.279297 509.490295 241.310593
v -653.573181 509.490295 243.016602
v -653.573181 511.840698 243.016602
v -655.279297 511.840698 241.310593
v -653.573181 509.490295 243.016602
v -583.080322 509.490295 243.016602
v -583.080322 511.840698 243.016602
v -653.573181 511.840698 243.016602
v -583.080322 509.490295 243.016602
v -581.374512 509.490295 241.310699
v -581.374512 511.840698 241.310699
v -583.080322 511.840698 243.016602
v -581.374512 509.490295 241.310699
v -581.374512 509.490295 170.827698
v -581.374512 511.840698 170.827698
v -581.374512 511.840698 241.310699
v -581.374512 509.490295 170.827698
v -583.080322 509.490295 169.121704
v -583.080322 511.840698 169.121704
v -581.374512 511.840698 170.827698
v -583.080322 509.490295 169.121704
v -653.573486 509.490295 169.121796
v -653.573486 511.840698 169.121796
v -583.080322 511.840698 169.121704
v -653.573486 509.490295 169.121796
v -655.279297 509.490295 170.827698
v -655.279297 511.840698 170.827698
v -653.573486 511.840698 169.121796
v -646.883972 518.764221 233.936401
v -647.395996 519.553223 234.435806
v -647.395996 519.553223 177.702499
v -646.883972 518.764221 178.201904
v -590.455627 518.764221 234.622406
v -589.956116 519.553223 235.134399
v -646.697815 519.553223 235.134399
v -646.198181 518.764221 234.622406
v -589.769470 518.764221 178.201904
v -589.257629 519.553223 177.702499
v -589.257629 519.553223 234.435806
v -589.769470 518.764221 233.936401
v -646.198181 518.764221 177.516006
v -646.697815 519.553223 177.003998
v -589.956116 519.553223 177.003998
v -590.455627 518.764221 177.516006
v -646.883972 518.764221 178.201904
v -647.395996 519.553223 177.702499
v -646.697815 519.553223 177.003998
v -646.198181 518.764221 177.516006
v -590.455627 518.764221 177.516006
v -589.956116 519.553223 177.003998
v -589.257629 519.553223 177.702499
v -589.769470 518.764221 178.201904
v -646.198181 518.764221 234.622406
v -646.697815 519.553223 235.134399
v -647.395996 519.553223 234.435806
v -646.883972 518.764221 233.936401
v -589.769470 518.764221 233.936401
v -589.257629 519.553223 234.435806
v -589.956116 519.553223 235.134399
v -590.455627 518.764221 234.622406
v -653.822510 509.490295 171.431000
v -653.822510 507.139801 171.431000
v -653.822510 507.139801 240.707397
v -653.822510 509.490295 240.707397
v -653.822510 509.490295 240.707397
v -653.822510 507.139801 240.707397
v -652.969971 507.139801 241.559998
v -652.969971 509.490295 241.559998
v -652.969971 509.490295 241.559998
v -652.969971 507.139801 241.559998
v -583.683777 507.139801 241.559998
v -583.683777 509.490295 241.559998
v -583.683777 509.490295 241.559998
v -583.683777 507.139801 241.559998
v -582.831116 507.139801 240.707397
v -582.831116 509.490295 240.707397
v -582.831116 509.490295 240.707397
v -582.831116 507.139801 240.707397
v -582.831116 507.139801 171.431000
v -582.831116 509.490295 171.431000
v -582.831116 509.490295 171.431000
v -582.831116 507.139801 171.431000
v -583.683777 507.139801 170.578400
v -583.683777 509.490295 170.578400
v -583.683777 509.490295 170.578400
v -583.683777 507.139801 170.578400
v -652.969971 507.139801 170.578400
v -652.969971 509.490295 170.578400
v -652.969971 509.490295 170.578400
v -652.969971 507.139801 170.578400
v -653.822510 507.139801 171.431000
v -653.822510 509.490295 171.431000
v -647.395996 519.553223 234.435806
v -646.268311 520.342285 233.335007
v -646.268311 520.342285 178.803406
v -646.697815 519.553223 235.134399
v -647.395996 519.553223 177.702499
v -645.596375 520.342285 234.006699
v -645.596375 520.342285 178.131699
v -589.956116 519.553223 235.134399
v -646.697815 519.553223 177.003998
v -591.057129 520.342285 234.006699
v -589.257629 519.553223 234.435806
v -590.385498 520.342285 233.335007
v -591.057129 520.342285 178.131699
v -589.956116 519.553223 177.003998
v -590.385498 520.342285 178.803406
v -589.257629 519.553223 177.702499
v -590.385498 520.342285 233.335007
v -589.257629 519.553223 234.435806
v -655.279297 511.840698 170.827698
v -655.279297 511.840698 241.310593
v -653.822510 511.840698 240.707397
v -653.822510 511.840698 171.431000
v -653.573486 511.840698 169.121796
v -652.969971 511.840698 170.578400
v -652.969971 511.840698 241.559998
v -653.573181 511.840698 243.016602
v -583.683777 511.840698 241.559998
v -583.080322 511.840698 243.016602
v -582.831116 511.840698 240.707397
v -581.374512 511.840698 241.310699
v -582.831116 511.840698 171.431000
v -581.374512 511.840698 170.827698
v -583.683777 511.840698 170.578400
v -583.080322 511.840698 169.121704
v -652.969971 511.840698 170.578400
v -653.573486 511.840698 169.121796
v -655.279297 509.490295 241.310593
v -655.279297 509.490295 170.827698
v -653.822510 509.490295 171.431000
v -652.969971 509.490295 170.578400
v -653.573486 509.490295 169.121796
v -653.822510 509.490295 240.707397
v -653.573181 509.490295 243.016602
v -652.969971 509.490295 241.559998
v -583.080322 509.490295 243.016602
v -583.683777 509.490295 241.559998
v -581.374512 509.490295 241.310699
v -582.831116 509.490295 240.707397
v -581.374512 509.490295 170.827698
v -582.831116 509.490295 171.431000
v -583.080322 509.490295 169.121704
v -583.683777 509.490295 170.578400
v -653.573486 509.490295 169.121796
v -652.969971 509.490295 170.578400
v -283.214600 695.322815 241.304703
v -214.360001 695.322815 241.304703
v -213.546906 695.322815 240.491501
v -284.027802 695.322815 171.646805
v -284.027802 695.322815 240.491501
v -214.360001 695.322815 170.833694
v -213.546906 695.322815 171.646805
v -283.214600 695.322815 170.833694
v -221.517502 520.342285 234.006699
v -221.591705 660.363281 234.006699
v -275.982697 660.363281 234.006699
v -276.056885 520.342285 234.006699
v -220.845901 520.342285 178.803406
v -220.845901 660.363281 178.877502
v -220.845901 660.363281 233.260895
v -220.845901 520.342285 233.335007
v -276.056885 520.342285 178.131699
v -275.982697 660.363281 178.131699
v -221.591705 660.363281 178.131699
v -221.517502 520.342285 178.131699
v -276.728790 520.342285 233.335007
v -276.728790 660.363281 233.260895
v -276.728790 660.363281 178.877502
v -276.728790 520.342285 178.803406
v -220.186295 670.696289 235.352295
v -277.387909 670.696411 235.352295
v -276.566193 664.231873 234.576004
v -221.008408 664.231873 234.576004
v -217.585098 679.695312 237.980698
v -279.989288 679.695312 237.980698
v -214.246994 686.596619 241.304703
v -283.327606 686.596619 241.304703
v -219.500198 670.696289 177.472397
v -219.500198 670.696289 234.665894
v -220.276306 664.231873 233.844101
v -220.276306 664.231873 178.294296
v -216.871307 679.695312 174.871597
v -216.871307 679.695312 237.266800
v -213.546906 686.596619 171.533798
v -213.546906 686.596619 240.604599
v -277.387909 670.696289 176.786102
v -220.186295 670.696289 176.786102
v -221.008408 664.231873 177.562302
v -276.566193 664.231873 177.562302
v -279.989288 679.695312 174.157700
v -217.585098 679.695312 174.157700
v -283.327606 686.596619 170.833694
v -214.246994 686.596619 170.833694
v -278.074493 670.696411 234.665894
v -278.074493 670.696289 177.472397
v -277.298096 664.231873 178.294296
v -277.298096 664.231873 233.844101
v -280.703400 679.695312 237.266800
v -280.703400 679.695312 174.871597
v -284.027802 686.596619 240.604599
v -284.027802 686.596619 171.533798
v -214.246994 686.596619 241.304703
v -214.282303 690.959595 241.304703
v -283.292206 690.959595 241.304703
v -283.327606 686.596619 241.304703
v -213.546906 686.596619 171.533798
v -213.546906 690.959595 171.569107
v -213.546906 690.959595 240.569305
v -213.546906 686.596619 240.604599
v -283.327606 686.596619 170.833694
v -283.292206 690.959595 170.833694
v -214.282303 690.959595 170.833694
v -214.246994 686.596619 170.833694
v -284.027802 686.596619 240.604599
v -284.027802 690.959595 240.569305
v -284.027802 690.959595 171.569107
v -284.027802 686.596619 171.533798
v -219.467697 662.297607 236.202698
v -278.106689 662.297607 236.202698
v -275.982697 660.363281 234.006699
v -221.591705 660.363281 234.006699
v -218.649506 662.297607 176.753799
v -218.649506 662.297607 235.384598
v -220.845901 660.363281 233.260895
v -220.845901 660.363281 178.877502
v -278.106689 662.297607 175.935699
v -219.467697 662.297607 175.935699
v -221.591705 660.363281 178.131699
v -275.982697 660.363281 178.131699
v -278.924988 662.297607 235.384598
v -278.924988 662.297607 176.753799
v -276.728790 660.363281 178.877502
v -276.728790 660.363281 233.260895
v -221.008408 664.231873 234.576004
v -276.566193 664.231873 234.576004
v -278.106689 662.297607 236.202698
v -219.467697 662.297607 236.202698
v -220.276306 664.231873 178.294296
v -220.276306 664.231873 233.844101
v -218.649506 662.297607 235.384598
v -218.649506 662.297607 176.753799
v -276.566193 664.231873 177.562302
v -221.008408 664.231873 177.562302
v -219.467697 662.297607 175.935699
v -278.106689 662.297607 175.935699
v -277.298096 664.231873 233.844101
v -277.298096 664.231873 178.294296
v -278.924988 662.297607 176.753799
v -278.924988 662.297607 235.384598
v -212.314407 693.141174 243.350098
v -285.260315 693.141174 243.350098
v -283.292206 690.959595 241.304703
v -214.282303 690.959595 241.304703
v -211.501007 693.141174 169.601395
v -211.501007 693.141174 242.537003
v -213.546906 690.959595 240.569305
v -213.546906 690.959595 171.569107
v -285.260315 693.141174 168.788300
v -212.314407 693.141174 168.788300
v -214.282303 690.959595 170.833694
v -283.292206 690.959595 170.833694
v -286.073486 693.141174 242.537003
v -286.073486 693.141174 169.601395
v -284.027802 690.959595 171.569107
v -284.027802 690.959595 240.569305
v -214.360001 695.322815 241.304703
v -283.214600 695.322815 241.304703
v -285.260315 693.141174 243.350098
v -212.314407 693.141174 243.350098
v -213.546906 695.322815 171.646805
v -213.546906 695.322815 240.491501
v -211.501007 693.141174 242.537003
v -211.501007 693.141174 169.601395
v -283.214600 695.322815 170.833694
v -214.360001 695.322815 170.833694
v -212.314407 693.141174 168.788300
v -285.260315 693.141174 168.788300
v -284.027802 695.322815 240.491501
v -284.027802 695.322815 171.646805
v -286.073486 693.141174 169.601395
v -286.073486 693.141174 242.537003
v -220.845901 520.342285 233.335007
v -220.845901 660.363281 233.260895
v -221.591705 660.363281 234.006699
v -221.517502 520.342285 234.006699
v -284.027802 686.596619 240.604599
v -280.703400 679.695312 237.266800
v -279.989288 679.695312 237.980698
v -283.327606 686.596619 241.304703
v -277.387909 670.696411 235.352295
v -278.074493 670.696411 234.665894
v -276.566193 664.231873 234.576004
v -277.298096 664.231873 233.844101
v -221.517502 520.342285 178.131699
v -221.591705 660.363281 178.131699
v -220.845901 660.363281 178.877502
v -220.845901 520.342285 178.803406
v -276.728790 520.342285 178.803406
v -276.728790 660.363281 178.877502
v -275.982697 660.363281 178.131699
v -276.056885 520.342285 178.131699
v -220.276306 664.231873 233.844101
v -219.500198 670.696289 234.665894
v -220.186295 670.696289 235.352295
v -221.008408 664.231873 234.576004
v -217.585098 679.695312 237.980698
v -216.871307 679.695312 237.266800
v -214.246994 686.596619 241.304703
v -213.546906 686.596619 240.604599
v -276.728790 660.363281 233.260895
v -276.728790 520.342285 233.335007
v -276.056885 520.342285 234.006699
v -275.982697 660.363281 234.006699
v -221.008408 664.231873 177.562302
v -220.186295 670.696289 176.786102
v -219.500198 670.696289 177.472397
v -220.276306 664.231873 178.294296
v -216.871307 679.695312 174.871597
v -217.585098 679.695312 174.157700
v -213.546906 686.596619 171.533798
v -214.246994 686.596619 170.833694
v -277.298096 664.231873 178.294296
v -278.074493 670.696289 177.472397
v -277.387909 670.696289 176.786102
v -276.566193 664.231873 177.562302
v -279.989288 679.695312 174.157700
v -280.703400 679.695312 174.871597
v -283.327606 686.596619 170.833694
v -284.027802 686.596619 171.533798
v -283.327606 686.596619 241.304703
v -283.292206 690.959595 241.304703
v -284.027802 690.959595 240.569305
v -284.027802 686.596619 240.604599
v -213.546906 686.596619 240.604599
v -213.546906 690.959595 240.569305
v -214.282303 690.959595 241.304703
v -214.246994 686.596619 241.304703
v -214.246994 686.596619 170.833694
v -214.282303 690.959595 170.833694
v -213.546906 690.959595 171.569107
v -213.546906 686.596619 171.533798
v -284.027802 686.596619 171.533798
v -284.027802 690.959595 171.569107
v -283.292206 690.959595 170.833694
v -283.327606 686.596619 170.833694
v -221.008408 664.231873 234.576004
v -219.467697 662.297607 236.202698
v -218.649506 662.297607 235.384598
v -220.276306 664.231873 233.844101
v -277.298096 664.231873 233.844101
v -278.924988 662.297607 235.384598
v -278.106689 662.297607 236.202698
v -276.566193 664.231873 234.576004
v -220.276306 664.231873 178.294296
v -218.649506 662.297607 176.753799
v -219.467697 662.297607 175.935699
v -221.008408 664.231873 177.562302
v -276.566193 664.231873 177.562302
v -278.106689 662.297607 175.935699
v -278.924988 662.297607 176.753799
v -277.298096 664.231873 178.294296
v -219.467697 662.297607 236.202698
v -221.591705 660.363281 234.006699
v -220.845901 660.363281 233.260895
v -218.649506 662.297607 235.384598
v -278.924988 662.297607 235.384598
v -276.728790 660.363281 233.260895
v -275.982697 660.363281 234.006699
v -278.106689 662.297607 236.202698
v -218.649506 662.297607 176.753799
v -220.845901 660.363281 178.877502
v -221.591705 660.363281 178.131699
v -219.467697 662.297607 175.935699
v -278.106689 662.297607 175.935699
v -275.982697 660.363281 178.131699
v -276.728790 660.363281 178.877502
v -278.924988 662.297607 176.753799
v -283.292206 690.959595 241.304703
v -285.260315 693.141174 243.350098
v -286.073486 693.141174 242.537003
v -284.027802 690.959595 240.569305
v -213.546906 690.959595 240.569305
v -211.501007 693.141174 242.537003
v -212.314407 693.141174 243.350098
v -214.282303 690.959595 241.304703
v -214.282303 690.959595 170.833694
v -212.314407 693.141174 168.788300
v -211.501007 693.141174 169.601395
v -213.546906 690.959595 171.569107
v -284.027802 690.959595 171.569107
v -286.073486 693.141174 169.601395
v -285.260315 693.141174 168.788300
v -283.292206 690.959595 170.833694
v -285.260315 693.141174 243.350098
v -283.214600 695.322815 241.304703
v -284.027802 695.322815 240.491501
v -286.073486 693.141174 242.537003
v -211.501007 693.141174 242.537003
v -213.546906 695.322815 240.491501
v -214.360001 695.322815 241.304703
v -212.314407 693.141174 243.350098
v -212.314407 693.141174 168.788300
v -214.360001 695.322815 170.833694
v -213.546906 695.322815 171.646805
v -211.501007 693.141174 169.601395
v -286.073486 693.141174 169.601395
v -284.027802 695.322815 171.646805
v -283.214600 695.322815 170.833694
v -285.260315 693.141174 168.788300
v -277.344513 518.764221 178.201904
v -284.282990 511.840698 171.431000
v -284.282990 511.840698 240.707397
v -277.344513 518.764221 233.936401
v -276.658691 518.764221 177.516006
v -283.430389 511.840698 170.578400
v -284.282990 511.840698 171.431000
v -277.344513 518.764221 178.201904
v -220.916000 518.764221 177.516006
v -214.144104 511.840698 170.578400
v -283.430389 511.840698 170.578400
v -276.658691 518.764221 177.516006
v -220.229996 518.764221 178.201904
v -213.291595 511.840698 171.431000
v -214.144104 511.840698 170.578400
v -220.916000 518.764221 177.516006
v -220.229996 518.764221 233.936401
v -213.291595 511.840698 240.707397
v -213.291595 511.840698 171.431000
v -220.229996 518.764221 178.201904
v -220.916000 518.764221 234.622406
v -214.144104 511.840698 241.559998
v -213.291595 511.840698 240.707397
v -220.229996 518.764221 233.936401
v -276.658691 518.764221 234.622406
v -283.430389 511.840698 241.559998
v -214.144104 511.840698 241.559998
v -220.916000 518.764221 234.622406
v -277.344513 518.764221 233.936401
v -284.282990 511.840698 240.707397
v -283.430389 511.840698 241.559998
v -276.658691 518.764221 234.622406
v -285.739685 511.840698 170.827698
v -285.739685 509.490295 170.827698
v -285.739685 509.490295 241.310699
v -285.739685 511.840698 241.310699
v -284.033691 511.840698 169.121704
v -284.033691 509.490295 169.121704
v -285.739685 509.490295 170.827698
v -285.739685 511.840698 170.827698
v -213.540802 511.840698 169.121796
v -213.540802 509.490295 169.121796
v -284.033691 509.490295 169.121704
v -284.033691 511.840698 169.121704
v -211.834900 511.840698 170.827698
v -211.834900 509.490295 170.827698
v -213.540802 509.490295 169.121796
v -213.540802 511.840698 169.121796
v -211.834900 511.840698 241.310593
v -211.834900 509.490295 241.310593
v -211.834900 509.490295 170.827698
v -211.834900 511.840698 170.827698
v -213.540802 511.840698 243.016602
v -213.540802 509.490295 243.016602
v -211.834900 509.490295 241.310593
v -211.834900 511.840698 241.310593
v -284.033691 511.840698 243.016602
v -284.033691 509.490295 243.016602
v -213.540802 509.490295 243.016602
v -213.540802 511.840698 243.016602
v -285.739685 511.840698 241.310699
v -285.739685 509.490295 241.310699
v -284.033691 509.490295 243.016602
v -284.033691 511.840698 243.016602
v -277.856415 519.553223 234.435806
v -277.856415 519.553223 177.702499
v -277.344513 518.764221 178.201904
v -277.344513 518.764221 233.936401
v -277.157990 519.553223 177.003998
v -220.416595 519.553223 177.003998
v -220.916000 518.764221 177.516006
v -276.658691 518.764221 177.516006
v -219.718094 519.553223 177.702499
v -219.718094 519.553223 234.435806
v -220.229996 518.764221 233.936401
v -220.229996 518.764221 178.201904
v -220.416595 519.553223 235.134399
v -277.157990 519.553223 235.134399
v -276.658691 518.764221 234.622406
v -220.916000 518.764221 234.622406
v -277.157990 519.553223 235.134399
v -277.856415 519.553223 234.435806
v -277.344513 518.764221 233.936401
v -276.658691 518.764221 234.622406
v -219.718094 519.553223 234.435806
v -220.416595 519.553223 235.134399
v -220.916000 518.764221 234.622406
v -220.229996 518.764221 233.936401
v -277.856415 519.553223 177.702499
v -277.157990 519.553223 177.003998
v -276.658691 518.764221 177.516006
v -277.344513 518.764221 178.201904
v -220.416595 519.553223 177.003998
v -219.718094 519.553223 177.702499
v -220.229996 518.764221 178.201904
v -220.916000 518.764221 177.516006
v -284.282990 507.139893 171.431000
v -284.282990 507.139893 240.707397
v -284.282990 509.490295 240.707397
v -284.282990 509.490295 171.431000
v -283.430389 507.139893 170.578400
v -284.282990 507.139893 171.431000
v -284.282990 509.490295 171.431000
v -283.430389 509.490295 170.578400
v -214.144104 507.139893 170.578400
v -283.430389 507.139893 170.578400
v -283.430389 509.490295 170.578400
v -214.144104 509.490295 170.578400
v -213.291595 507.139893 171.431000
v -214.144104 507.139893 170.578400
v -214.144104 509.490295 170.578400
v -213.291595 509.490295 171.431000
v -213.291595 507.139893 240.707397
v -213.291595 507.139893 171.431000
v -213.291595 509.490295 171.431000
v -213.291595 509.490295 240.707397
v -214.144104 507.139893 241.559998
v -213.291595 507.139893 240.707397
v -213.291595 509.490295 240.707397
v -214.144104 509.490295 241.559998
v -283.430389 507.139893 241.559998
v -214.144104 507.139893 241.559998
v -214.144104 509.490295 241.559998
v -283.430389 509.490295 241.559998
v -284.282990 507.139893 240.707397
v -283.430389 507.139893 241.559998
v -283.430389 509.490295 241.559998
v -284.282990 509.490295 240.707397
v -276.728790 520.342285 233.335007
v -276.728790 520.342285 178.803406
v -277.856415 519.553223 177.702499
v -277.856415 519.553223 234.435806
v -277.157990 519.553223 177.003998
v -276.056885 520.342285 234.006699
v -276.056885 520.342285 178.131699
v -277.157990 519.553223 235.134399
v -220.416595 519.553223 177.003998
v -221.517502 520.342285 234.006699
v -221.517502 520.342285 178.131699
v -219.718094 519.553223 177.702499
v -220.845901 520.342285 178.803406
v -220.416595 519.553223 235.134399
v -220.845901 520.342285 233.335007
v -219.718094 519.553223 234.435806
v -220.845901 520.342285 178.803406
v -219.718094 519.553223 177.702499
v -284.282990 511.840698 171.431000
v -285.739685 511.840698 170.827698
v -285.739685 511.840698 241.310699
v -283.430389 511.840698 170.578400
v -284.282990 511.840698 240.707397
v -284.033691 511.840698 169.121704
v -284.033691 511.840698 243.016602
v -283.430389 511.840698 241.559998
v -214.144104 511.840698 170.578400
v -213.540802 511.840698 169.121796
v -213.291595 511.840698 171.431000
v -211.834900 511.840698 170.827698
v -213.291595 511.840698 240.707397
v -211.834900 511.840698 241.310593
v -214.144104 511.840698 241.559998
v -213.540802 511.840698 243.016602
v -283.430389 511.840698 241.559998
v -284.033691 511.840698 243.016602
v -284.282990 509.490295 240.707397
v -285.739685 509.490295 241.310699
v -285.739685 509.490295 170.827698
v -283.430389 509.490295 241.559998
v -284.033691 509.490295 243.016602
v -284.282990 509.490295 171.431000
v -284.033691 509.490295 169.121704
v -283.430389 509.490295 170.578400
v -213.540802 509.490295 169.121796
v -214.144104 509.490295 170.578400
v -211.834900 509.490295 170.827698
v -213.291595 509.490295 171.431000
v -211.834900 509.490295 241.310593
v -213.291595 509.490295 240.707397
v -213.540802 509.490295 243.016602
v -214.144104 509.490295 241.559998
v -284.033691 509.490295 243.016602
v -283.430389 509.490295 241.559998
v 155.188293 695.322815 171.646805
v 154.375107 695.322815 170.833694
v 85.520599 695.322815 170.833694
v 154.375107 695.322815 241.304703
v 155.188293 695.322815 240.491501
v 84.707497 695.322815 240.491501
v 84.707497 695.322815 171.646805
v 85.520599 695.322815 241.304703
v 147.143402 660.363281 234.006699
v 92.752296 660.363281 234.006699
v 92.678101 520.342285 234.006699
v 147.217697 520.342285 234.006699
v 92.006500 660.363281 233.260895
v 92.006500 660.363281 178.877502
v 92.006500 520.342285 178.803406
v 92.006500 520.342285 233.335007
v 92.752296 660.363281 178.131699
v 147.143402 660.363281 178.131699
v 147.217697 520.342285 178.131699
v 92.678101 520.342285 178.131699
v 147.889297 660.363281 178.877502
v 147.889297 660.363281 233.260895
v 147.889297 520.342285 233.335007
v 147.889297 520.342285 178.803406
v 147.726593 664.231873 234.576004
v 148.548706 670.696411 235.352295
v 91.347000 670.696289 235.352295
v 92.169098 664.231873 234.576004
v 88.745796 679.695312 237.980698
v 151.149902 679.695312 237.980698
v 85.407700 686.596619 241.304703
v 154.488205 686.596619 241.304703
v 91.436996 664.231873 233.844101
v 90.660599 670.696289 234.665894
v 90.660599 670.696289 177.472397
v 91.436996 664.231873 178.294296
v 88.031898 679.695312 174.871597
v 88.031898 679.695312 237.266800
v 84.707497 686.596619 171.533798
v 84.707497 686.596619 240.604599
v 92.169098 664.231873 177.562302
v 91.347000 670.696289 176.786102
v 148.548706 670.696289 176.786102
v 147.726593 664.231873 177.562302
v 151.149902 679.695312 174.157700
v 88.745796 679.695312 174.157700
v 154.488205 686.596619 170.833694
v 85.407700 686.596619 170.833694
v 148.458694 664.231873 178.294296
v 149.235199 670.696289 177.472397
v 149.235199 670.696411 234.665894
v 148.458694 664.231873 233.844101
v 151.863998 679.695312 237.266800
v 151.863998 679.695312 174.871597
v 155.188293 686.596619 240.604599
v 155.188293 686.596619 171.533798
v 154.452896 690.959595 241.304703
v 85.442802 690.959595 241.304703
v 85.407700 686.596619 241.304703
v 154.488205 686.596619 241.304703
v 84.707497 690.959595 240.569305
v 84.707497 690.959595 171.569107
v 84.707497 686.596619 171.533798
v 84.707497 686.596619 240.604599
v 85.442802 690.959595 170.833694
v 154.452896 690.959595 170.833694
v 154.488205 686.596619 170.833694
v 85.407700 686.596619 170.833694
v 155.188293 690.959595 171.569107
v 155.188293 690.959595 240.569305
v 155.188293 686.596619 240.604599
v 155.188293 686.596619 171.533798
v 147.143402 660.363281 234.006699
v 149.267502 662.297607 236.202698
v 90.628197 662.297607 236.202698
v 92.752296 660.363281 234.006699
v 92.006500 660.363281 233.260895
v 89.810097 662.297607 235.384598
v 89.810097 662.297607 176.753799
v 92.006500 660.363281 178.877502
v 92.752296 660.363281 178.131699
v 90.628197 662.297607 175.935699
v 149.267502 662.297607 175.935699
v 147.143402 660.363281 178.131699
v 147.889297 660.363281 178.877502
v 150.085602 662.297607 176.753799
v 150.085602 662.297607 235.384598
v 147.889297 660.363281 233.260895
v 149.267502 662.297607 236.202698
v 147.726593 664.231873 234.576004
v 92.169098 664.231873 234.576004
v 90.628197 662.297607 236.202698
v 89.810097 662.297607 235.384598
v 91.436996 664.231873 233.844101
v 91.436996 664.231873 178.294296
v 89.810097 662.297607 176.753799
v 90.628197 662.297607 175.935699
v 92.169098 664.231873 177.562302
v 147.726593 664.231873 177.562302
v 149.267502 662.297607 175.935699
v 150.085602 662.297607 176.753799
v 148.458694 664.231873 178.294296
v 148.458694 664.231873 233.844101
v 150.085602 662.297607 235.384598
v 154.452896 690.959595 241.304703
v 156.420807 693.141174 243.350098
v 83.474998 693.141174 243.350098
v 85.442802 690.959595 241.304703
v 84.707497 690.959595 240.569305
v 82.661697 693.141174 242.537003
v 82.661697 693.141174 169.601395
v 84.707497 690.959595 171.569107
v 85.442802 690.959595 170.833694
v 83.474998 693.141174 168.788300
v 156.420807 693.141174 168.788300
v 154.452896 690.959595 170.833694
v 155.188293 690.959595 171.569107
v 157.233902 693.141174 169.601395
v 157.233902 693.141174 242.537003
v 155.188293 690.959595 240.569305
v 156.420807 693.141174 243.350098
v 154.375107 695.322815 241.304703
v 85.520599 695.322815 241.304703
v 83.474998 693.141174 243.350098
v 82.661697 693.141174 242.537003
v 84.707497 695.322815 240.491501
v 84.707497 695.322815 171.646805
v 82.661697 693.141174 169.601395
v 83.474998 693.141174 168.788300
v 85.520599 695.322815 170.833694
v 154.375107 695.322815 170.833694
v 156.420807 693.141174 168.788300
v 157.233902 693.141174 169.601395
v 155.188293 695.322815 171.646805
v 155.188293 695.322815 240.491501
v 157.233902 693.141174 242.537003
v 92.752296 660.363281 234.006699
v 92.006500 660.363281 233.260895
v 92.006500 520.342285 233.335007
v 92.678101 520.342285 234.006699
v 151.149902 679.695312 237.980698
v 151.863998 679.695312 237.266800
v 155.188293 686.596619 240.604599
v 154.488205 686.596619 241.304703
v 148.548706 670.696411 235.352295
v 149.235199 670.696411 234.665894
v 147.726593 664.231873 234.576004
v 148.458694 664.231873 233.844101
v 92.006500 660.363281 178.877502
v 92.752296 660.363281 178.131699
v 92.678101 520.342285 178.131699
v 92.006500 520.342285 178.803406
v 147.143402 660.363281 178.131699
v 147.889297 660.363281 178.877502
v 147.889297 520.342285 178.803406
v 147.217697 520.342285 178.131699
v 91.347000 670.696289 235.352295
v 90.660599 670.696289 234.665894
v 91.436996 664.231873 233.844101
v 92.169098 664.231873 234.576004
v 88.745796 679.695312 237.980698
v 88.031898 679.695312 237.266800
v 85.407700 686.596619 241.304703
v 84.707497 686.596619 240.604599
v 147.217697 520.342285 234.006699
v 147.889297 520.342285 233.335007
v 147.889297 660.363281 233.260895
v 147.143402 660.363281 234.006699
v 90.660599 670.696289 177.472397
v 91.347000 670.696289 176.786102
v 92.169098 664.231873 177.562302
v 91.436996 664.231873 178.294296
v 88.031898 679.695312 174.871597
v 88.745796 679.695312 174.157700
v 84.707497 686.596619 171.533798
v 85.407700 686.596619 170.833694
v 148.548706 670.696289 176.786102
v 149.235199 670.696289 177.472397
v 148.458694 664.231873 178.294296
v 147.726593 664.231873 177.562302
v 151.149902 679.695312 174.157700
v 151.863998 679.695312 174.871597
v 154.488205 686.596619 170.833694
v 155.188293 686.596619 171.533798
v 155.188293 690.959595 240.569305
v 154.452896 690.959595 241.304703
v 154.488205 686.596619 241.304703
v 155.188293 686.596619 240.604599
v 85.442802 690.959595 241.304703
v 84.707497 690.959595 240.569305
v 84.707497 686.596619 240.604599
v 85.407700 686.596619 241.304703
v 84.707497 690.959595 171.569107
v 85.442802 690.959595 170.833694
v 85.407700 686.596619 170.833694
v 84.707497 686.596619 171.533798
v 154.452896 690.959595 170.833694
v 155.188293 690.959595 171.569107
v 155.188293 686.596619 171.533798
v 154.488205 686.596619 170.833694
v 89.810097 662.297607 235.384598
v 90.628197 662.297607 236.202698
v 92.169098 664.231873 234.576004
v 91.436996 664.231873 233.844101
v 149.267502 662.297607 236.202698
v 150.085602 662.297607 235.384598
v 148.458694 664.231873 233.844101
v 147.726593 664.231873 234.576004
v 90.628197 662.297607 175.935699
v 89.810097 662.297607 176.753799
v 91.436996 664.231873 178.294296
v 92.169098 664.231873 177.562302
v 150.085602 662.297607 176.753799
v 149.267502 662.297607 175.935699
v 147.726593 664.231873 177.562302
v 148.458694 664.231873 178.294296
v 92.006500 660.363281 233.260895
v 92.752296 660.363281 234.006699
v 90.628197 662.297607 236.202698
v 89.810097 662.297607 235.384598
v 147.143402 660.363281 234.006699
v 147.889297 660.363281 233.260895
v 150.085602 662.297607 235.384598
v 149.267502 662.297607 236.202698
v 92.752296 660.363281 178.131699
v 92.006500 660.363281 178.877502
v 89.810097 662.297607 176.753799
v 90.628197 662.297607 175.935699
v 147.889297 660.363281 178.877502
v 147.143402 660.363281 178.131699
v 149.267502 662.297607 175.935699
v 150.085602 662.297607 176.753799
v 157.233902 693.141174 242.537003
v 156.420807 693.141174 243.350098
v 154.452896 690.959595 241.304703
v 155.188293 690.959595 240.569305
v 83.474998 693.141174 243.350098
v 82.661697 693.141174 242.537003
v 84.707497 690.959595 240.569305
v 85.442802 690.959595 241.304703
v 82.661697 693.141174 169.601395
v 83.474998 693.141174 168.788300
v 85.442802 690.959595 170.833694
v 84.707497 690.959595 171.569107
v 156.420807 693.141174 168.788300
v 157.233902 693.141174 169.601395
v 155.188293 690.959595 171.569107
v 154.452896 690.959595 170.833694
v 155.188293 695.322815 240.491501
v 154.375107 695.322815 241.304703
v 156.420807 693.141174 243.350098
v 157.233902 693.141174 242.537003
v 85.520599 695.322815 241.304703
v 84.707497 695.322815 240.491501
v 82.661697 693.141174 242.537003
v 83.474998 693.141174 243.350098
v 84.707497 695.322815 171.646805
v 85.520599 695.322815 170.833694
v 83.474998 693.141174 168.788300
v 82.661697 693.141174 169.601395
v 154.375107 695.322815 170.833694
v 155.188293 695.322815 171.646805
v 157.233902 693.141174 169.601395
v 156.420807 693.141174 168.788300
v 155.443604 511.840698 240.707397
v 155.443604 511.840698 171.431000
v 148.505096 518.764221 178.201904
v 148.505096 518.764221 233.936401
v 155.443604 511.840698 171.431000
v 154.591003 511.840698 170.578400
v 147.819107 518.764221 177.516006
v 148.505096 518.764221 178.201904
v 154.591003 511.840698 170.578400
v 85.304802 511.840698 170.578400
v 92.076698 518.764221 177.516006
v 147.819107 518.764221 177.516006
v 85.304802 511.840698 170.578400
v 84.452103 511.840698 171.431000
v 91.390602 518.764221 178.201904
v 92.076698 518.764221 177.516006
v 84.452103 511.840698 171.431000
v 84.452103 511.840698 240.707397
v 91.390602 518.764221 233.936401
v 91.390602 518.764221 178.201904
v 84.452103 511.840698 240.707397
v 85.304802 511.840698 241.559998
v 92.076698 518.764221 234.622406
v 91.390602 518.764221 233.936401
v 85.304802 511.840698 241.559998
v 154.591003 511.840698 241.559998
v 147.819107 518.764221 234.622406
v 92.076698 518.764221 234.622406
v 154.591003 511.840698 241.559998
v 155.443604 511.840698 240.707397
v 148.505096 518.764221 233.936401
v 147.819107 518.764221 234.622406
v 156.900299 509.490295 241.310699
v 156.900299 509.490295 170.827698
v 156.900299 511.840698 170.827698
v 156.900299 511.840698 241.310699
v 156.900299 509.490295 170.827698
v 155.194397 509.490295 169.121704
v 155.194397 511.840698 169.121704
v 156.900299 511.840698 170.827698
v 155.194397 509.490295 169.121704
v 84.701401 509.490295 169.121796
v 84.701401 511.840698 169.121796
v 155.194397 511.840698 169.121704
v 84.701401 509.490295 169.121796
v 82.995499 509.490295 170.827698
v 82.995499 511.840698 170.827698
v 84.701401 511.840698 169.121796
v 82.995499 509.490295 170.827698
v 82.995499 509.490295 241.310593
v 82.995499 511.840698 241.310593
v 82.995499 511.840698 170.827698
v 82.995499 509.490295 241.310593
v 84.701401 509.490295 243.016602
v 84.701401 511.840698 243.016602
v 82.995499 511.840698 241.310593
v 84.701401 509.490295 243.016602
v 155.194397 509.490295 243.016602
v 155.194397 511.840698 243.016602
v 84.701401 511.840698 243.016602
v 155.194397 509.490295 243.016602
v 156.900299 509.490295 241.310699
v 156.900299 511.840698 241.310699
v 155.194397 511.840698 243.016602
v 148.505096 518.764221 178.201904
v 149.017105 519.553223 177.702499
v 149.017105 519.553223 234.435806
v 148.505096 518.764221 233.936401
v 92.076698 518.764221 177.516006
v 91.577202 519.553223 177.003998
v 148.318604 519.553223 177.003998
v 147.819107 518.764221 177.516006
v 91.390602 518.764221 233.936401
v 90.878601 519.553223 234.435806
v 90.878601 519.553223 177.702499
v 91.390602 518.764221 178.201904
v 147.819107 518.764221 234.622406
v 148.318604 519.553223 235.134399
v 91.577202 519.553223 235.134399
v 92.076698 518.764221 234.622406
v 148.505096 518.764221 233.936401
v 149.017105 519.553223 234.435806
v 148.318604 519.553223 235.134399
v 147.819107 518.764221 234.622406
v 92.076698 518.764221 234.622406
v 91.577202 519.553223 235.134399
v 90.878601 519.553223 234.435806
v 91.390602 518.764221 233.936401
v 147.819107 518.764221 177.516006
v 148.318604 519.553223 177.003998
v 149.017105 519.553223 177.702499
v 148.505096 518.764221 178.201904
v 91.390602 518.764221 178.201904
v 90.878601 519.553223 177.702499
v 91.577202 519.553223 177.003998
v 92.076698 518.764221 177.516006
v 155.443604 509.490295 240.707397
v 155.443604 507.139801 240.707397
v 155.443604 507.139801 171.431000
v 155.443604 509.490295 171.431000
v 155.443604 509.490295 171.431000
v 155.443604 507.139801 171.431000
v 154.591003 507.139801 170.578400
v 154.591003 509.490295 170.578400
v 154.591003 509.490295 170.578400
v 154.591003 507.139801 170.578400
v 85.304802 507.139801 170.578400
v 85.304802 509.490295 170.578400
v 85.304802 509.490295 170.578400
v 85.304802 507.139801 170.578400
v 84.452103 507.139801 171.431000
v 84.452103 509.490295 171.431000
v 84.452103 509.490295 171.431000
v 84.452103 507.139801 171.431000
v 84.452103 507.139801 240.707397
v 84.452103 509.490295 240.707397
v 84.452103 509.490295 240.707397
v 84.452103 507.139801 240.707397
v 85.304802 507.139801 241.559998
v 85.304802 509.490295 241.559998
v 85.304802 509.490295 241.559998
v 85.304802 507.139801 241.559998
v 154.591003 507.139801 241.559998
v 154.591003 509.490295 241.559998
v 154.591003 509.490295 241.559998
v 154.591003 507.139801 241.559998
v 155.443604 507.139801 240.707397
v 155.443604 509.490295 240.707397
v 149.017105 519.553223 177.702499
v 147.889297 520.342285 178.803406
v 147.889297 520.342285 233.335007
v 148.318604 519.553223 177.003998
v 149.017105 519.553223 234.435806
v 147.217697 520.342285 178.131699
v 147.217697 520.342285 234.006699
v 91.577202 519.553223 177.003998
v 148.318604 519.553223 235.134399
v 92.678101 520.342285 178.131699
v 90.878601 519.553223 177.702499
v 92.006500 520.342285 178.803406
v 92.678101 520.342285 234.006699
v 91.577202 519.553223 235.134399
v 92.006500 520.342285 233.335007
v 90.878601 519.553223 234.435806
v 92.006500 520.342285 178.803406
v 90.878601 519.553223 177.702499
v 156.900299 511.840698 241.310699
v 156.900299 511.840698 170.827698
v 155.443604 511.840698 171.431000
v 155.443604 511.840698 240.707397
v 155.194397 511.840698 243.016602
v 154.591003 511.840698 241.559998
v 154.591003 511.840698 170.578400
v 155.194397 511.840698 169.121704
v 85.304802 511.840698 170.578400
v 84.701401 511.840698 169.121796
v 84.452103 511.840698 171.431000
v 82.995499 511.840698 170.827698
v 84.452103 511.840698 240.707397
v 82.995499 511.840698 241.310593
v 85.304802 511.840698 241.559998
v 84.701401 511.840698 243.016602
v 154.591003 511.840698 241.559998
v 155.194397 511.840698 243.016602
v 156.900299 509.490295 170.827698
v 156.900299 509.490295 241.310699
v 155.443604 509.490295 240.707397
v 154.591003 509.490295 241.559998
v 155.194397 509.490295 243.016602
v 155.443604 509.490295 171.431000
v 155.194397 509.490295 169.121704
v 154.591003 509.490295 170.578400
v 84.701401 509.490295 169.121796
v 85.304802 509.490295 170.578400
v 82.995499 509.490295 170.827698
v 84.452103 509.490295 171.431000
v 82.995499 509.490295 241.310593
v 84.452103 509.490295 240.707397
v 84.701401 509.490295 243.016602
v 85.304802 509.490295 241.559998
v 155.194397 509.490295 243.016602
v 154.591003 509.490295 241.559998
v 456.591614 695.322815 240.491501
v 457.404694 695.322815 241.304703
v 526.259216 695.322815 241.304703
v 457.404694 695.322815 170.833694
v 456.591614 695.322815 171.646805
v 527.072327 695.322815 171.646805
v 527.072327 695.322815 240.491501
v 526.259216 695.322815 170.833694
v 464.636414 660.363281 178.131699
v 519.027527 660.363281 178.131699
v 519.101807 520.342285 178.131699
v 464.562103 520.342285 178.131699
v 519.773376 660.363281 178.877502
v 519.773376 660.363281 233.260895
v 519.773376 520.342285 233.335007
v 519.773376 520.342285 178.803406
v 519.027527 660.363281 234.006699
v 464.636414 660.363281 234.006699
v 464.562103 520.342285 234.006699
v 519.101807 520.342285 234.006699
v 463.890503 660.363281 233.260895
v 463.890503 660.363281 178.877502
v 463.890503 520.342285 178.803406
v 463.890503 520.342285 233.335007
v 464.053101 664.231873 177.562302
v 463.231110 670.696411 176.786102
v 520.432678 670.696289 176.786102
v 519.610779 664.231873 177.562302
v 523.033875 679.695312 174.157700
v 460.629913 679.695312 174.157700
v 526.372192 686.596619 170.833694
v 457.291595 686.596619 170.833694
v 520.342773 664.231873 178.294296
v 521.119202 670.696289 177.472397
v 521.119202 670.696289 234.665894
v 520.342773 664.231873 233.844101
v 523.747925 679.695312 237.266800
v 523.747925 679.695312 174.871597
v 527.072327 686.596619 240.604599
v 527.072327 686.596619 171.533798
v 519.610779 664.231873 234.576004
v 520.432678 670.696289 235.352295
v 463.231110 670.696289 235.352295
v 464.053101 664.231873 234.576004
v 460.629913 679.695312 237.980698
v 523.033875 679.695312 237.980698
v 457.291595 686.596619 241.304703
v 526.372192 686.596619 241.304703
v 463.321014 664.231873 233.844101
v 462.544708 670.696289 234.665894
v 462.544708 670.696411 177.472397
v 463.321014 664.231873 178.294296
v 459.915985 679.695312 174.871597
v 459.915985 679.695312 237.266800
v 456.591614 686.596619 171.533798
v 456.591614 686.596619 240.604599
v 457.326996 690.959595 170.833694
v 526.336914 690.959595 170.833694
v 526.372192 686.596619 170.833694
v 457.291595 686.596619 170.833694
v 527.072327 690.959595 171.569107
v 527.072327 690.959595 240.569305
v 527.072327 686.596619 240.604599
v 527.072327 686.596619 171.533798
v 526.336914 690.959595 241.304703
v 457.326996 690.959595 241.304703
v 457.291595 686.596619 241.304703
v 526.372192 686.596619 241.304703
v 456.591614 690.959595 240.569305
v 456.591614 690.959595 171.569107
v 456.591614 686.596619 171.533798
v 456.591614 686.596619 240.604599
v 464.636414 660.363281 178.131699
v 462.512512 662.297607 175.935699
v 521.151489 662.297607 175.935699
v 519.027527 660.363281 178.131699
v 519.773376 660.363281 178.877502
v 521.969604 662.297607 176.753799
v 521.969604 662.297607 235.384598
v 519.773376 660.363281 233.260895
v 519.027527 660.363281 234.006699
v 521.151489 662.297607 236.202698
v 462.512512 662.297607 236.202698
v 464.636414 660.363281 234.006699
v 463.890503 660.363281 233.260895
v 461.694305 662.297607 235.384598
v 461.694305 662.297607 176.753799
v 463.890503 660.363281 178.877502
v 462.512512 662.297607 175.935699
v 464.053101 664.231873 177.562302
v 519.610779 664.231873 177.562302
v 521.151489 662.297607 175.935699
v 521.969604 662.297607 176.753799
v 520.342773 664.231873 178.294296
v 520.342773 664.231873 233.844101
v 521.969604 662.297607 235.384598
v 521.151489 662.297607 236.202698
v 519.610779 664.231873 234.576004
v 464.053101 664.231873 234.576004
v 462.512512 662.297607 236.202698
v 461.694305 662.297607 235.384598
v 463.321014 664.231873 233.844101
v 463.321014 664.231873 178.294296
v 461.694305 662.297607 176.753799
v 457.326996 690.959595 170.833694
v 455.359100 693.141174 168.788300
v 528.304810 693.141174 168.788300
v 526.336914 690.959595 170.833694
v 527.072327 690.959595 171.569107
v 529.118103 693.141174 169.601395
v 529.118103 693.141174 242.537003
v 527.072327 690.959595 240.569305
v 526.336914 690.959595 241.304703
v 528.304810 693.141174 243.350098
v 455.359100 693.141174 243.350098
v 457.326996 690.959595 241.304703
v 456.591614 690.959595 240.569305
v 454.545807 693.141174 242.537003
v 454.545807 693.141174 169.601395
v 456.591614 690.959595 171.569107
v 455.359100 693.141174 168.788300
v 457.404694 695.322815 170.833694
v 526.259216 695.322815 170.833694
v 528.304810 693.141174 168.788300
v 529.118103 693.141174 169.601395
v 527.072327 695.322815 171.646805
v 527.072327 695.322815 240.491501
v 529.118103 693.141174 242.537003
v 528.304810 693.141174 243.350098
v 526.259216 695.322815 241.304703
v 457.404694 695.322815 241.304703
v 455.359100 693.141174 243.350098
v 454.545807 693.141174 242.537003
v 456.591614 695.322815 240.491501
v 456.591614 695.322815 171.646805
v 454.545807 693.141174 169.601395
v 519.027527 660.363281 178.131699
v 519.773376 660.363281 178.877502
v 519.773376 520.342285 178.803406
v 519.101807 520.342285 178.131699
v 460.629913 679.695312 174.157700
v 459.915985 679.695312 174.871597
v 456.591614 686.596619 171.533798
v 457.291595 686.596619 170.833694
v 463.231110 670.696411 176.786102
v 462.544708 670.696411 177.472397
v 464.053101 664.231873 177.562302
v 463.321014 664.231873 178.294296
v 519.773376 660.363281 233.260895
v 519.027527 660.363281 234.006699
v 519.101807 520.342285 234.006699
v 519.773376 520.342285 233.335007
v 464.636414 660.363281 234.006699
v 463.890503 660.363281 233.260895
v 463.890503 520.342285 233.335007
v 464.562103 520.342285 234.006699
v 520.432678 670.696289 176.786102
v 521.119202 670.696289 177.472397
v 520.342773 664.231873 178.294296
v 519.610779 664.231873 177.562302
v 523.033875 679.695312 174.157700
v 523.747925 679.695312 174.871597
v 526.372192 686.596619 170.833694
v 527.072327 686.596619 171.533798
v 464.562103 520.342285 178.131699
v 463.890503 520.342285 178.803406
v 463.890503 660.363281 178.877502
v 464.636414 660.363281 178.131699
v 521.119202 670.696289 234.665894
v 520.432678 670.696289 235.352295
v 519.610779 664.231873 234.576004
v 520.342773 664.231873 233.844101
v 523.747925 679.695312 237.266800
v 523.033875 679.695312 237.980698
v 527.072327 686.596619 240.604599
v 526.372192 686.596619 241.304703
v 463.231110 670.696289 235.352295
v 462.544708 670.696289 234.665894
v 463.321014 664.231873 233.844101
v 464.053101 664.231873 234.576004
v 460.629913 679.695312 237.980698
v 459.915985 679.695312 237.266800
v 457.291595 686.596619 241.304703
v 456.591614 686.596619 240.604599
v 456.591614 690.959595 171.569107
v 457.326996 690.959595 170.833694
v 457.291595 686.596619 170.833694
v 456.591614 686.596619 171.533798
v 526.336914 690.959595 170.833694
v 527.072327 690.959595 171.569107
v 527.072327 686.596619 171.533798
v 526.372192 686.596619 170.833694
v 527.072327 690.959595 240.569305
v 526.336914 690.959595 241.304703
v 526.372192 686.596619 241.304703
v 527.072327 686.596619 240.604599
v 457.326996 690.959595 241.304703
v 456.591614 690.959595 240.569305
v 456.591614 686.596619 240.604599
v 457.291595 686.596619 241.304703
v 521.969604 662.297607 176.753799
v 521.151489 662.297607 175.935699
v 519.610779 664.231873 177.562302
v 520.342773 664.231873 178.294296
v 462.512512 662.297607 175.935699
v 461.694305 662.297607 176.753799
v 463.321014 664.231873 178.294296
v 464.053101 664.231873 177.562302
v 521.151489 662.297607 236.202698
v 521.969604 662.297607 235.384598
v 520.342773 664.231873 233.844101
v 519.610779 664.231873 234.576004
v 461.694305 662.297607 235.384598
v 462.512512 662.297607 236.202698
v 464.053101 664.231873 234.576004
v 463.321014 664.231873 233.844101
v 519.773376 660.363281 178.877502
v 519.027527 660.363281 178.131699
v 521.151489 662.297607 175.935699
v 521.969604 662.297607 176.753799
v 464.636414 660.363281 178.131699
v 463.890503 660.363281 178.877502
v 461.694305 662.297607 176.753799
v 462.512512 662.297607 175.935699
v 519.027527 660.363281 234.006699
v 519.773376 660.363281 233.260895
v 521.969604 662.297607 235.384598
v 521.151489 662.297607 236.202698
v 463.890503 660.363281 233.260895
v 464.636414 660.363281 234.006699
v 462.512512 662.297607 236.202698
v 461.694305 662.297607 235.384598
v 454.545807 693.141174 169.601395
v 455.359100 693.141174 168.788300
v 457.326996 690.959595 170.833694
v 456.591614 690.959595 171.569107
v 528.304810 693.141174 168.788300
v 529.118103 693.141174 169.601395
v 527.072327 690.959595 171.569107
v 526.336914 690.959595 170.833694
v 529.118103 693.141174 242.537003
v 528.304810 693.141174 243.350098
v 526.336914 690.959595 241.304703
v 527.072327 690.959595 240.569305
v 455.359100 693.141174 243.350098
v 454.545807 693.141174 242.537003
v 456.591614 690.959595 240.569305
v 457.326996 690.959595 241.304703
v 456.591614 695.322815 171.646805
v 457.404694 695.322815 170.833694
v 455.359100 693.141174 168.788300
v 454.545807 693.141174 169.601395
v 526.259216 695.322815 170.833694
v 527.072327 695.322815 171.646805
v 529.118103 693.141174 169.601395
v 528.304810 693.141174 168.788300
v 527.072327 695.322815 240.491501
v 526.259216 695.322815 241.304703
v 528.304810 693.141174 243.350098
v 529.118103 693.141174 242.537003
v 457.404694 695.322815 241.304703
v 456.591614 695.322815 240.491501
v 454.545807 693.141174 242.537003
v 455.359100 693.141174 243.350098
v 456.336304 511.840698 171.431000
v 456.336304 511.840698 240.707397
v 463.274689 518.764221 233.936401
v 463.274689 518.764221 178.201904
v 456.336304 511.840698 240.707397
v 457.188812 511.840698 241.559998
v 463.960693 518.764221 234.622406
v 463.274689 518.764221 233.936401
v 457.188812 511.840698 241.559998
v 526.474976 511.840698 241.559998
v 519.703186 518.764221 234.622406
v 463.960693 518.764221 234.622406
v 526.474976 511.840698 241.559998
v 527.327576 511.840698 240.707397
v 520.389221 518.764221 233.936401
v 519.703186 518.764221 234.622406
v 527.327576 511.840698 240.707397
v 527.327576 511.840698 171.431000
v 520.389221 518.764221 178.201904
v 520.389221 518.764221 233.936401
v 527.327576 511.840698 171.431000
v 526.474976 511.840698 170.578400
v 519.703186 518.764221 177.516006
v 520.389221 518.764221 178.201904
v 526.474976 511.840698 170.578400
v 457.188812 511.840698 170.578400
v 463.960693 518.764221 177.516006
v 519.703186 518.764221 177.516006
v 457.188812 511.840698 170.578400
v 456.336304 511.840698 171.431000
v 463.274689 518.764221 178.201904
v 463.960693 518.764221 177.516006
v 454.879608 509.490295 170.827698
v 454.879608 509.490295 241.310593
v 454.879608 511.840698 241.310593
v 454.879608 511.840698 170.827698
v 454.879608 509.490295 241.310593
v 456.585388 509.490295 243.016602
v 456.585388 511.840698 243.016602
v 454.879608 511.840698 241.310593
v 456.585388 509.490295 243.016602
v 527.078430 509.490295 243.016602
v 527.078430 511.840698 243.016602
v 456.585388 511.840698 243.016602
v 527.078430 509.490295 243.016602
v 528.784302 509.490295 241.310699
v 528.784302 511.840698 241.310699
v 527.078430 511.840698 243.016602
v 528.784302 509.490295 241.310699
v 528.784302 509.490295 170.827698
v 528.784302 511.840698 170.827698
v 528.784302 511.840698 241.310699
v 528.784302 509.490295 170.827698
v 527.078430 509.490295 169.121704
v 527.078430 511.840698 169.121704
v 528.784302 511.840698 170.827698
v 527.078430 509.490295 169.121704
v 456.585388 509.490295 169.121796
v 456.585388 511.840698 169.121796
v 527.078430 511.840698 169.121704
v 456.585388 509.490295 169.121796
v 454.879608 509.490295 170.827698
v 454.879608 511.840698 170.827698
v 456.585388 511.840698 169.121796
v 463.274689 518.764221 233.936401
v 462.762787 519.553223 234.435806
v 462.762787 519.553223 177.702499
v 463.274689 518.764221 178.201904
v 519.703186 518.764221 234.622406
v 520.202576 519.553223 235.134399
v 463.461212 519.553223 235.134399
v 463.960693 518.764221 234.622406
v 520.389221 518.764221 178.201904
v 520.901123 519.553223 177.702499
v 520.901123 519.553223 234.435806
v 520.389221 518.764221 233.936401
v 463.960693 518.764221 177.516006
v 463.461212 519.553223 177.003998
v 520.202576 519.553223 177.003998
v 519.703186 518.764221 177.516006
v 463.274689 518.764221 178.201904
v 462.762787 519.553223 177.702499
v 463.461212 519.553223 177.003998
v 463.960693 518.764221 177.516006
v 519.703186 518.764221 177.516006
v 520.202576 519.553223 177.003998
v 520.901123 519.553223 177.702499
v 520.389221 518.764221 178.201904
v 463.960693 518.764221 234.622406
v 463.461212 519.553223 235.134399
v 462.762787 519.553223 234.435806
v 463.274689 518.764221 233.936401
v 520.389221 518.764221 233.936401
v 520.901123 519.553223 234.435806
v 520.202576 519.553223 235.134399
v 519.703186 518.764221 234.622406
v 456.336304 509.490295 171.431000
v 456.336304 507.139801 171.431000
v 456.336304 507.139801 240.707397
v 456.336304 509.490295 240.707397
v 456.336304 509.490295 240.707397
v 456.336304 507.139801 240.707397
v 457.188812 507.139801 241.559998
v 457.188812 509.490295 241.559998
v 457.188812 509.490295 241.559998
v 457.188812 507.139801 241.559998
v 526.474976 507.139801 241.559998
v 526.474976 509.490295 241.559998
v 526.474976 509.490295 241.559998
v 526.474976 507.139801 241.559998
v 527.327576 507.139801 240.707397
v 527.327576 509.490295 240.707397
v 527.327576 509.490295 240.707397
v 527.327576 507.139801 240.707397
v 527.327576 507.139801 171.431000
v 527.327576 509.490295 171.431000
v 527.327576 509.490295 171.431000
v 527.327576 507.139801 171.431000
v 526.474976 507.139801 170.578400
v 526.474976 509.490295 170.578400
v 526.474976 509.490295 170.578400
v 526.474976 507.139801 170.578400
v 457.188812 507.139801 170.578400
v 457.188812 509.490295 170.578400
v 457.188812 509.490295 170.578400
v 457.188812 507.139801 170.578400
v 456.336304 507.139801 171.431000
v 456.336304 509.490295 171.431000
v 462.762787 519.553223 234.435806
v 463.890503 520.342285 233.335007
v 463.890503 520.342285 178.803406
v 463.461212 519.553223 235.134399
v 462.762787 519.553223 177.702499
v 464.562103 520.342285 234.006699
v 464.562103 520.342285 178.131699
v 520.202576 519.553223 235.134399
v 463.461212 519.553223 177.003998
v 519.101807 520.342285 234.006699
v 520.901123 519.553223 234.435806
v 519.773376 520.342285 233.335007
v 519.101807 520.342285 178.131699
v 520.202576 519.553223 177.003998
v 519.773376 520.342285 178.803406
v 520.901123 519.553223 177.702499
v 519.773376 520.342285 233.335007
v 520.901123 519.553223 234.435806
v 454.879608 511.840698 170.827698
v 454.879608 511.840698 241.310593
v 456.336304 511.840698 240.707397
v 456.336304 511.840698 171.431000
v 456.585388 511.840698 169.121796
v 457.188812 511.840698 170.578400
v 457.188812 511.840698 241.559998
v 456.585388 511.840698 243.016602
v 526.474976 511.840698 241.559998
v 527.078430 511.840698 243.016602
v 527.327576 511.840698 240.707397
v 528.784302 511.840698 241.310699
v 527.327576 511.840698 171.431000
v 528.784302 511.840698 170.827698
v 526.474976 511.840698 170.578400
v 527.078430 511.840698 169.121704
v 457.188812 511.840698 170.578400
v 456.585388 511.840698 169.121796
v 454.879608 509.490295 241.310593
v 454.879608 509.490295 170.827698
v 456.336304 509.490295 171.431000
v 457.188812 509.490295 170.578400
v 456.585388 509.490295 169.121796
v 456.336304 509.490295 240.707397
v 456.585388 509.490295 243.016602
v 457.188812 509.490295 241.559998
v 527.078430 509.490295 243.016602
v 526.474976 509.490295 241.559998
v 528.784302 509.490295 241.310699
v 527.327576 509.490295 240.707397
v 528.784302 509.490295 170.827698
v 527.327576 509.490295 171.431000
v 527.078430 509.490295 169.121704
v 526.474976 509.490295 170.578400
v 456.585388 509.490295 169.121796
v 457.188812 509.490295 170.578400
v 822.169922 695.322815 241.304703
v 871.191711 695.322815 241.304703
v 871.191711 695.322815 197.039093
v 821.356812 695.322815 171.646805
v 821.356812 695.322815 240.491501
v 822.169922 695.322815 170.833694
v 844.986206 695.322815 170.833694
v 871.191711 520.342285 234.006699
v 871.191711 660.363281 234.006699
v 829.401611 660.363281 234.006699
v 829.327271 520.342285 234.006699
v 828.655701 520.342285 233.335007
v 828.655701 660.363281 233.260895
v 828.655701 660.363281 178.877502
v 828.655701 520.342285 178.803406
v 828.818298 664.231873 177.562302
v 827.996277 670.696289 176.786102
v 850.938477 670.696289 176.786102
v 851.714783 664.231873 177.562302
v 848.310181 679.695312 174.157700
v 825.395020 679.695312 174.157700
v 844.986206 686.596619 170.833694
v 822.056824 686.596619 170.833694
v 827.309875 670.696411 234.665894
v 827.309875 670.696289 177.472397
v 828.086182 664.231873 178.294296
v 828.086182 664.231873 233.844101
v 824.681213 679.695312 237.266800
v 824.681213 679.695312 174.871597
v 821.356812 686.596619 240.604599
v 821.356812 686.596619 171.533798
v 871.191711 686.596619 241.304703
v 871.191711 690.959595 241.304703
v 822.092224 690.959595 241.304703
v 822.056824 686.596619 241.304703
v 821.356812 686.596619 240.604599
v 821.356812 690.959595 240.569305
v 821.356812 690.959595 171.569107
v 821.356812 686.596619 171.533798
v 829.401611 660.363281 178.131699
v 827.277588 662.297607 175.935699
v 850.088074 662.297607 175.935699
v 852.284119 660.363281 178.131699
v 826.459412 662.297607 235.384598
v 826.459412 662.297607 176.753799
v 828.655701 660.363281 178.877502
v 828.655701 660.363281 233.260895
v 828.818298 664.231873 177.562302
v 851.714783 664.231873 177.562302
v 850.088074 662.297607 175.935699
v 827.277588 662.297607 175.935699
v 828.086182 664.231873 233.844101
v 828.086182 664.231873 178.294296
v 826.459412 662.297607 176.753799
v 826.459412 662.297607 235.384598
v 822.092224 690.959595 170.833694
v 820.124329 693.141174 168.788300
v 842.940674 693.141174 168.788300
v 844.986206 690.959595 170.833694
v 819.310974 693.141174 242.537003
v 819.310974 693.141174 169.601395
v 821.356812 690.959595 171.569107
v 821.356812 690.959595 240.569305
v 822.169922 695.322815 170.833694
v 844.986206 695.322815 170.833694
v 842.940674 693.141174 168.788300
v 820.124329 693.141174 168.788300
v 821.356812 695.322815 240.491501
v 821.356812 695.322815 171.646805
v 819.310974 693.141174 169.601395
v 819.310974 693.141174 242.537003
v 821.356812 686.596619 240.604599
v 824.681213 679.695312 237.266800
v 825.395020 679.695312 237.980698
v 822.056824 686.596619 241.304703
v 827.996277 670.696411 235.352295
v 827.309875 670.696411 234.665894
v 828.818298 664.231873 234.576004
v 828.086182 664.231873 233.844101
v 828.655701 520.342285 178.803406
v 828.655701 660.363281 178.877502
v 829.401611 660.363281 178.131699
v 829.327271 520.342285 178.131699
v 828.655701 660.363281 233.260895
v 828.655701 520.342285 233.335007
v 829.327271 520.342285 234.006699
v 829.401611 660.363281 234.006699
v 828.086182 664.231873 178.294296
v 827.309875 670.696289 177.472397
v 827.996277 670.696289 176.786102
v 828.818298 664.231873 177.562302
v 825.395020 679.695312 174.157700
v 824.681213 679.695312 174.871597
v 822.056824 686.596619 170.833694
v 821.356812 686.596619 171.533798
v 822.056824 686.596619 241.304703
v 822.092224 690.959595 241.304703
v 821.356812 690.959595 240.569305
v 821.356812 686.596619 240.604599
v 821.356812 686.596619 171.533798
v 821.356812 690.959595 171.569107
v 822.092224 690.959595 170.833694
v 822.056824 686.596619 170.833694
v 828.086182 664.231873 233.844101
v 826.459412 662.297607 235.384598
v 827.277588 662.297607 236.202698
v 828.818298 664.231873 234.576004
v 828.818298 664.231873 177.562302
v 827.277588 662.297607 175.935699
v 826.459412 662.297607 176.753799
v 828.086182 664.231873 178.294296
v 826.459412 662.297607 235.384598
v 828.655701 660.363281 233.260895
v 829.401611 660.363281 234.006699
v 827.277588 662.297607 236.202698
v 827.277588 662.297607 175.935699
v 829.401611 660.363281 178.131699
v 828.655701 660.363281 178.877502
v 826.459412 662.297607 176.753799
v 822.092224 690.959595 241.304703
v 820.124329 693.141174 243.350098
v 819.310974 693.141174 242.537003
v 821.356812 690.959595 240.569305
v 821.356812 690.959595 171.569107
v 819.310974 693.141174 169.601395
v 820.124329 693.141174 168.788300
v 822.092224 690.959595 170.833694
v 820.124329 693.141174 243.350098
v 822.169922 695.322815 241.304703
v 821.356812 695.322815 240.491501
v 819.310974 693.141174 242.537003
v 819.310974 693.141174 169.601395
v 821.356812 695.322815 171.646805
v 822.169922 695.322815 170.833694
v 820.124329 693.141174 168.788300
v 828.039917 518.764221 178.201904
v 821.101379 511.840698 171.431000
v 821.101379 511.840698 240.707397
v 828.039917 518.764221 233.936401
v 828.725891 518.764221 177.516006
v 821.953979 511.840698 170.578400
v 821.101379 511.840698 171.431000
v 828.039917 518.764221 178.201904
v 828.725891 518.764221 177.516006
v 851.668518 518.764221 177.516006
v 844.730774 511.840698 170.578400
v 821.953979 511.840698 170.578400
v 828.039917 518.764221 233.936401
v 821.101379 511.840698 240.707397
v 821.953979 511.840698 241.559998
v 828.725891 518.764221 234.622406
v 819.644775 511.840698 170.827698
v 819.644775 509.490295 170.827698
v 819.644775 509.490295 241.310699
v 819.644775 511.840698 241.310699
v 821.350586 511.840698 169.121704
v 821.350586 509.490295 169.121704
v 819.644775 509.490295 170.827698
v 819.644775 511.840698 170.827698
v 843.274292 511.840698 169.121704
v 843.274292 509.490295 169.121704
v 821.350586 509.490295 169.121704
v 821.350586 511.840698 169.121704
v 819.644775 511.840698 241.310699
v 819.644775 509.490295 241.310699
v 821.350586 509.490295 243.016602
v 821.350586 511.840698 243.016602
v 827.528015 519.553223 234.435806
v 827.528015 519.553223 177.702499
v 828.039917 518.764221 178.201904
v 828.039917 518.764221 233.936401
v 828.725891 518.764221 177.516006
v 828.226379 519.553223 177.003998
v 851.156372 519.553223 177.003998
v 851.668518 518.764221 177.516006
v 828.226379 519.553223 235.134399
v 827.528015 519.553223 234.435806
v 828.039917 518.764221 233.936401
v 828.725891 518.764221 234.622406
v 827.528015 519.553223 177.702499
v 828.226379 519.553223 177.003998
v 828.725891 518.764221 177.516006
v 828.039917 518.764221 178.201904
v 821.101379 507.139893 171.431000
v 821.101379 507.139893 240.707397
v 821.101379 509.490295 240.707397
v 821.101379 509.490295 171.431000
v 821.953979 507.139893 170.578400
v 821.101379 507.139893 171.431000
v 821.101379 509.490295 171.431000
v 821.953979 509.490295 170.578400
v 821.953979 507.139893 241.559998
v 871.191711 507.139893 241.559998
v 871.191711 509.490295 241.559998
v 821.953979 509.490295 241.559998
v 821.101379 507.139893 240.707397
v 821.953979 507.139893 241.559998
v 821.953979 509.490295 241.559998
v 821.101379 509.490295 240.707397
v 828.655701 520.342285 233.335007
v 828.655701 520.342285 178.803406
v 827.528015 519.553223 177.702499
v 827.528015 519.553223 234.435806
v 828.226379 519.553223 177.003998
v 829.327271 520.342285 234.006699
v 829.327271 520.342285 178.131699
v 851.156372 519.553223 177.003998
v 852.284119 520.342285 178.131699
v 828.226379 519.553223 235.134399
v 871.191711 519.553223 235.134399
v 871.191711 520.342285 234.006699
v 821.101379 511.840698 171.431000
v 819.644775 511.840698 170.827698
v 819.644775 511.840698 241.310699
v 821.101379 511.840698 240.707397
v 821.350586 511.840698 243.016602
v 821.953979 511.840698 241.559998
v 821.953979 511.840698 170.578400
v 821.350586 511.840698 169.121704
v 843.274292 511.840698 169.121704
v 844.730774 511.840698 170.578400
v 821.101379 509.490295 240.707397
v 819.644775 509.490295 241.310699
v 819.644775 509.490295 170.827698
v 821.953979 509.490295 241.559998
v 821.350586 509.490295 243.016602
v 821.101379 509.490295 171.431000
v 821.350586 509.490295 169.121704
v 821.953979 509.490295 170.578400
v 843.274292 509.490295 169.121704
v 844.730774 509.490295 170.578400
v 821.953979 509.490295 241.559998
v 871.191711 509.490295 241.559998
v 871.191711 509.490295 243.016602
v 821.350586 509.490295 243.016602
v 871.191711 670.696289 235.352295
v 827.996277 670.696411 235.352295
v 828.818298 664.231873 234.576004
v 871.191711 664.231873 234.576004
v 871.191711 679.695312 237.980698
v 825.395020 679.695312 237.980698
v 871.191711 686.596619 241.304703
v 822.056824 686.596619 241.304703
v 871.191711 662.297607 236.202698
v 827.277588 662.297607 236.202698
v 829.401611 660.363281 234.006699
v 871.191711 660.363281 234.006699
v 828.818298 664.231873 234.576004
v 827.277588 662.297607 236.202698
v 871.191711 662.297607 236.202698
v 871.191711 664.231873 234.576004
v 871.191711 693.141174 243.350098
v 820.124329 693.141174 243.350098
v 822.092224 690.959595 241.304703
v 871.191711 690.959595 241.304703
v 822.169922 695.322815 241.304703
v 820.124329 693.141174 243.350098
v 871.191711 693.141174 243.350098
v 871.191711 695.322815 241.304703
v 828.725891 518.764221 234.622406
v 821.953979 511.840698 241.559998
v 871.191711 511.840698 241.559998
v 871.191711 518.764221 234.622406
v 821.350586 511.840698 243.016602
v 821.350586 509.490295 243.016602
v 871.191711 509.490295 243.016602
v 871.191711 511.840698 243.016602
v 871.191711 519.553223 235.134399
v 828.226379 519.553223 235.134399
v 828.725891 518.764221 234.622406
v 871.191711 518.764221 234.622406
v 821.953979 511.840698 241.559998
v 821.350586 511.840698 243.016602
v 871.191711 511.840698 243.016602
v 871.191711 511.840698 241.559998
v 871.191711 670.696289 235.352295
v 871.191711 664.231873 234.576004
v 908.728516 664.231873 234.576004
v 909.504700 670.696289 235.352295
v 871.191711 679.695312 237.980698
v 912.133118 679.695312 237.980698
v 871.191711 686.596619 241.304703
v 915.457092 686.596619 241.304703
v 871.191711 662.297607 236.202698
v 871.191711 660.363281 234.006699
v 908.159180 660.363281 234.006699
v 910.355225 662.297607 236.202698
v 871.191711 662.297607 236.202698
v 910.355225 662.297607 236.202698
v 908.728516 664.231873 234.576004
v 871.191711 664.231873 234.576004
v 871.191711 693.141174 243.350098
v 871.191711 690.959595 241.304703
v 915.457092 690.959595 241.304703
v 917.502625 693.141174 243.350098
v 871.191711 693.141174 243.350098
v 917.502625 693.141174 243.350098
v 915.457092 695.322815 241.304703
v 871.191711 695.322815 241.304703
v 871.191711 511.840698 241.559998
v 915.712524 511.840698 241.559998
v 908.774780 518.764221 234.622406
v 871.191711 518.764221 234.622406
v 871.191711 509.490295 243.016602
v 917.169006 509.490295 243.016602
v 917.169006 511.840698 243.016602
v 871.191711 511.840698 243.016602
v 871.191711 519.553223 235.134399
v 871.191711 518.764221 234.622406
v 908.774780 518.764221 234.622406
v 909.286926 519.553223 235.134399
v 871.191711 519.553223 235.134399
v 909.286926 519.553223 235.134399
v 908.159180 520.342285 234.006699
v 871.191711 520.342285 234.006699
v 871.191711 511.840698 243.016602
v 917.169006 511.840698 243.016602
v 915.712524 511.840698 241.559998
v 871.191711 511.840698 241.559998
v 829.327271 520.342285 178.131699
v 829.401611 660.363281 178.131699
v 852.284119 660.363281 178.131699
v 852.284119 520.342285 178.131699
v 822.056824 686.596619 170.833694
v 822.092224 690.959595 170.833694
v 844.986206 690.959595 170.833694
v 844.986206 686.596619 170.833694
v 821.953979 507.139893 170.578400
v 821.953979 509.490295 170.578400
v 844.730774 509.490295 170.578400
v 844.730774 507.139893 170.578400
v 871.191711 695.322815 197.039093
v 871.191711 695.322815 241.304703
v 915.457092 695.322815 241.304703
v 871.191711 660.363281 234.006699
v 871.191711 520.342285 234.006699
v 908.159180 520.342285 234.006699
v 908.159180 660.363281 234.006699
v 871.191711 690.959595 241.304703
v 871.191711 686.596619 241.304703
v 915.457092 686.596619 241.304703
v 915.457092 690.959595 241.304703
v 871.191711 509.490295 241.559998
v 871.191711 507.139893 241.559998
v 915.712524 507.139801 241.559998
v 915.712524 509.490295 241.559998
v 871.191711 509.490295 243.016602
v 871.191711 509.490295 241.559998
v 915.712524 509.490295 241.559998
v 917.169006 509.490295 243.016602
v 845.799194 695.322815 147.204300
v 844.986206 695.322815 148.017502
v 844.986206 695.322815 170.833694
v 915.457092 695.322815 148.017502
v 914.643982 695.322815 147.204300
v 915.457092 695.322815 197.039093
v 871.191711 695.322815 197.039093
v 908.159180 660.363281 155.249100
v 908.159180 660.363281 197.039093
v 908.159180 520.342285 197.039093
v 908.159180 520.342285 155.175003
v 853.030029 660.363281 154.503296
v 907.413330 660.363281 154.503296
v 907.487488 520.342285 154.503296
v 852.955811 520.342285 154.503296
v 851.714783 664.231873 154.665802
v 851.714783 664.231873 177.562302
v 850.938477 670.696289 176.786102
v 850.938477 670.696289 153.843796
v 848.310181 679.695312 174.157700
v 848.310181 679.695312 151.242599
v 844.986206 686.596619 170.833694
v 844.986206 686.596619 147.904404
v 852.446777 664.231873 153.933807
v 851.624878 670.696289 153.157501
v 908.818420 670.696411 153.157501
v 907.996521 664.231873 153.933807
v 911.419312 679.695312 150.528702
v 849.023987 679.695312 150.528702
v 914.757019 686.596619 147.204300
v 845.686279 686.596619 147.204300
v 915.457092 690.959595 147.939697
v 915.457092 690.959595 197.039093
v 915.457092 686.596619 197.039093
v 915.457092 686.596619 147.904404
v 845.721619 690.959595 147.204300
v 914.721680 690.959595 147.204300
v 914.757019 686.596619 147.204300
v 845.686279 686.596619 147.204300
v 852.284119 660.363281 155.249100
v 852.284119 660.363281 178.131699
v 850.088074 662.297607 175.935699
v 850.088074 662.297607 153.125107
v 853.030029 660.363281 154.503296
v 850.906189 662.297607 152.306900
v 909.537109 662.297607 152.306900
v 907.413330 660.363281 154.503296
v 850.088074 662.297607 175.935699
v 851.714783 664.231873 177.562302
v 851.714783 664.231873 154.665802
v 850.088074 662.297607 153.125107
v 850.906189 662.297607 152.306900
v 852.446777 664.231873 153.933807
v 907.996521 664.231873 153.933807
v 909.537109 662.297607 152.306900
v 844.986206 690.959595 147.939697
v 844.986206 690.959595 170.833694
v 842.940674 693.141174 168.788300
v 842.940674 693.141174 145.971695
v 845.721619 690.959595 147.204300
v 843.753906 693.141174 145.158493
v 916.689392 693.141174 145.158493
v 914.721680 690.959595 147.204300
v 842.940674 693.141174 168.788300
v 844.986206 695.322815 170.833694
v 844.986206 695.322815 148.017502
v 842.940674 693.141174 145.971695
v 843.753906 693.141174 145.158493
v 845.799194 695.322815 147.204300
v 914.643982 695.322815 147.204300
v 916.689392 693.141174 145.158493
v 912.133118 679.695312 151.242599
v 911.419312 679.695312 150.528702
v 914.757019 686.596619 147.204300
v 915.457092 686.596619 147.904404
v 909.504700 670.696411 153.843796
v 908.818420 670.696411 153.157501
v 908.728516 664.231873 154.665802
v 907.996521 664.231873 153.933807
v 852.284119 660.363281 155.249100
v 853.030029 660.363281 154.503296
v 852.955811 520.342285 154.503296
v 852.284119 520.342285 155.175003
v 908.159180 520.342285 155.175003
v 907.487488 520.342285 154.503296
v 907.413330 660.363281 154.503296
v 908.159180 660.363281 155.249100
v 850.938477 670.696289 153.843796
v 851.624878 670.696289 153.157501
v 852.446777 664.231873 153.933807
v 851.714783 664.231873 154.665802
v 848.310181 679.695312 151.242599
v 849.023987 679.695312 150.528702
v 844.986206 686.596619 147.904404
v 845.686279 686.596619 147.204300
v 914.721680 690.959595 147.204300
v 915.457092 690.959595 147.939697
v 915.457092 686.596619 147.904404
v 914.757019 686.596619 147.204300
v 844.986206 690.959595 147.939697
v 845.721619 690.959595 147.204300
v 845.686279 686.596619 147.204300
v 844.986206 686.596619 147.904404
v 910.355225 662.297607 153.125107
v 909.537109 662.297607 152.306900
v 907.996521 664.231873 153.933807
v 908.728516 664.231873 154.665802
v 850.906189 662.297607 152.306900
v 850.088074 662.297607 153.125107
v 851.714783 664.231873 154.665802
v 852.446777 664.231873 153.933807
v 908.159180 660.363281 155.249100
v 907.413330 660.363281 154.503296
v 909.537109 662.297607 152.306900
v 910.355225 662.297607 153.125107
v 853.030029 660.363281 154.503296
v 852.284119 660.363281 155.249100
v 850.088074 662.297607 153.125107
v 850.906189 662.297607 152.306900
v 916.689392 693.141174 145.158493
v 917.502625 693.141174 145.971695
v 915.457092 690.959595 147.939697
v 914.721680 690.959595 147.204300
v 842.940674 693.141174 145.971695
v 843.753906 693.141174 145.158493
v 845.721619 690.959595 147.204300
v 844.986206 690.959595 147.939697
v 914.643982 695.322815 147.204300
v 915.457092 695.322815 148.017502
v 917.502625 693.141174 145.971695
v 916.689392 693.141174 145.158493
v 844.986206 695.322815 148.017502
v 845.799194 695.322815 147.204300
v 843.753906 693.141174 145.158493
v 842.940674 693.141174 145.971695
v 914.859802 511.840698 146.948898
v 845.583496 511.840698 146.948898
v 852.354370 518.764221 153.887497
v 908.088928 518.764221 153.887497
v 845.583496 511.840698 146.948898
v 844.730713 511.840698 147.801498
v 851.668518 518.764221 154.573395
v 852.354370 518.764221 153.887497
v 851.668518 518.764221 154.573395
v 844.730713 511.840698 147.801498
v 844.730774 511.840698 170.578400
v 851.668518 518.764221 177.516006
v 915.712280 511.840698 147.801498
v 914.859802 511.840698 146.948898
v 908.088928 518.764221 153.887497
v 908.774780 518.764221 154.573395
v 915.463074 509.490295 145.492294
v 844.980225 509.490295 145.492294
v 844.980225 511.840698 145.492294
v 915.463074 511.840698 145.492294
v 844.980225 509.490295 145.492294
v 843.274170 509.490295 147.198303
v 843.274170 511.840698 147.198303
v 844.980225 511.840698 145.492294
v 843.274170 509.490295 147.198303
v 843.274292 509.490295 169.121704
v 843.274292 511.840698 169.121704
v 843.274170 511.840698 147.198303
v 917.169006 509.490295 147.198196
v 915.463074 509.490295 145.492294
v 915.463074 511.840698 145.492294
v 917.169006 511.840698 147.198196
v 852.354370 518.764221 153.887497
v 851.854919 519.553223 153.375397
v 908.588379 519.553223 153.375397
v 908.088928 518.764221 153.887497
v 851.668518 518.764221 154.573395
v 851.668518 518.764221 177.516006
v 851.156372 519.553223 177.003998
v 851.156372 519.553223 154.073898
v 908.088928 518.764221 153.887497
v 908.588379 519.553223 153.375397
v 909.286926 519.553223 154.073898
v 908.774780 518.764221 154.573395
v 851.668518 518.764221 154.573395
v 851.156372 519.553223 154.073898
v 851.854919 519.553223 153.375397
v 852.354370 518.764221 153.887497
v 914.859802 509.490295 146.948898
v 914.859802 507.139801 146.948898
v 845.583496 507.139801 146.948898
v 845.583496 509.490295 146.948898
v 845.583496 509.490295 146.948898
v 845.583496 507.139801 146.948898
v 844.730713 507.139801 147.801498
v 844.730713 509.490295 147.801498
v 915.712524 509.490295 197.039093
v 915.712524 507.139801 197.039093
v 915.712280 507.139801 147.801498
v 915.712280 509.490295 147.801498
v 915.712280 509.490295 147.801498
v 915.712280 507.139801 147.801498
v 914.859802 507.139801 146.948898
v 914.859802 509.490295 146.948898
v 851.854919 519.553223 153.375397
v 852.955811 520.342285 154.503296
v 907.487488 520.342285 154.503296
v 851.156372 519.553223 154.073898
v 908.588379 519.553223 153.375397
v 852.284119 520.342285 155.175003
v 851.156372 519.553223 177.003998
v 852.284119 520.342285 178.131699
v 908.159180 520.342285 155.175003
v 909.286926 519.553223 154.073898
v 909.286926 519.553223 197.039093
v 908.159180 520.342285 197.039093
v 915.463074 511.840698 145.492294
v 844.980225 511.840698 145.492294
v 845.583496 511.840698 146.948898
v 914.859802 511.840698 146.948898
v 917.169006 511.840698 147.198196
v 915.712280 511.840698 147.801498
v 844.730713 511.840698 147.801498
v 843.274170 511.840698 147.198303
v 843.274292 511.840698 169.121704
v 844.730774 511.840698 170.578400
v 844.980225 509.490295 145.492294
v 915.463074 509.490295 145.492294
v 914.859802 509.490295 146.948898
v 915.712280 509.490295 147.801498
v 917.169006 509.490295 147.198196
v 845.583496 509.490295 146.948898
v 843.274170 509.490295 147.198303
v 844.730713 509.490295 147.801498
v 843.274292 509.490295 169.121704
v 844.730774 509.490295 170.578400
v 915.712280 509.490295 147.801498
v 917.169006 509.490295 147.198196
v 917.169006 509.490295 197.039093
v 915.712524 509.490295 197.039093
v 909.504700 670.696289 197.039093
v 908.728516 664.231873 197.039093
v 908.728516 664.231873 154.665802
v 909.504700 670.696411 153.843796
v 912.133118 679.695312 197.039093
v 912.133118 679.695312 151.242599
v 915.457092 686.596619 197.039093
v 915.457092 686.596619 147.904404
v 910.355225 662.297607 197.039093
v 908.159180 660.363281 197.039093
v 908.159180 660.363281 155.249100
v 910.355225 662.297607 153.125107
v 910.355225 662.297607 197.039093
v 910.355225 662.297607 153.125107
v 908.728516 664.231873 154.665802
v 908.728516 664.231873 197.039093
v 917.502625 693.141174 197.039093
v 915.457092 690.959595 197.039093
v 915.457092 690.959595 147.939697
v 917.502625 693.141174 145.971695
v 917.502625 693.141174 197.039093
v 917.502625 693.141174 145.971695
v 915.457092 695.322815 148.017502
v 915.457092 695.322815 197.039093
v 915.712524 511.840698 197.039093
v 915.712280 511.840698 147.801498
v 908.774780 518.764221 154.573395
v 908.774780 518.764221 197.039093
v 917.169006 509.490295 197.039093
v 917.169006 509.490295 147.198196
v 917.169006 511.840698 147.198196
v 917.169006 511.840698 197.039093
v 909.286926 519.553223 197.039093
v 908.774780 518.764221 197.039093
v 908.774780 518.764221 154.573395
v 909.286926 519.553223 154.073898
v 917.169006 511.840698 197.039093
v 917.169006 511.840698 147.198196
v 915.712280 511.840698 147.801498
v 915.712524 511.840698 197.039093
v 909.504700 670.696289 197.039093
v 909.504700 670.696289 235.352295
v 908.728516 664.231873 234.576004
v 908.728516 664.231873 197.039093
v 912.133118 679.695312 197.039093
v 912.133118 679.695312 237.980698
v 915.457092 686.596619 197.039093
v 915.457092 686.596619 241.304703
v 910.355225 662.297607 197.039093
v 910.355225 662.297607 236.202698
v 908.159180 660.363281 234.006699
v 908.159180 660.363281 197.039093
v 908.728516 664.231873 234.576004
v 910.355225 662.297607 236.202698
v 910.355225 662.297607 197.039093
v 908.728516 664.231873 197.039093
v 917.502625 693.141174 197.039093
v 917.502625 693.141174 243.350098
v 915.457092 690.959595 241.304703
v 915.457092 690.959595 197.039093
v 915.457092 695.322815 241.304703
v 917.502625 693.141174 243.350098
v 917.502625 693.141174 197.039093
v 915.457092 695.322815 197.039093
v 908.774780 518.764221 234.622406
v 915.712524 511.840698 241.559998
v 915.712524 511.840698 197.039093
v 908.774780 518.764221 197.039093
v 917.169006 511.840698 243.016602
v 917.169006 509.490295 243.016602
v 917.169006 509.490295 197.039093
v 917.169006 511.840698 197.039093
v 909.286926 519.553223 197.039093
v 909.286926 519.553223 235.134399
v 908.774780 518.764221 234.622406
v 908.774780 518.764221 197.039093
v 908.159180 520.342285 234.006699
v 909.286926 519.553223 235.134399
v 909.286926 519.553223 197.039093
v 908.159180 520.342285 197.039093
v 915.712524 511.840698 241.559998
v 917.169006 511.840698 243.016602
v 917.169006 511.840698 197.039093
v 915.712524 511.840698 197.039093
v 852.284119 660.363281 178.131699
v 852.284119 660.363281 155.249100
v 852.284119 520.342285 155.175003
v 852.284119 520.342285 178.131699
v 844.986206 690.959595 170.833694
v 844.986206 690.959595 147.939697
v 844.986206 686.596619 147.904404
v 844.986206 686.596619 170.833694
v 844.730774 509.490295 170.578400
v 844.730713 509.490295 147.801498
v 844.730713 507.139801 147.801498
v 844.730774 507.139893 170.578400
v 871.191711 695.322815 197.039093
v 915.457092 695.322815 241.304703
v 915.457092 695.322815 197.039093
v 908.159180 520.342285 234.006699
v 908.159180 520.342285 197.039093
v 908.159180 660.363281 197.039093
v 908.159180 660.363281 234.006699
v 915.457092 686.596619 241.304703
v 915.457092 686.596619 197.039093
v 915.457092 690.959595 197.039093
v 915.457092 690.959595 241.304703
v 915.712524 507.139801 241.559998
v 915.712524 507.139801 197.039093
v 915.712524 509.490295 197.039093
v 915.712524 509.490295 241.559998
v 915.712524 509.490295 241.559998
v 915.712524 509.490295 197.039093
v 917.169006 509.490295 197.039093
v 917.169006 509.490295 243.016602
v -950.959229 695.322815 -313.402191
v -999.981018 695.322815 -313.402191
v -999.981018 695.322815 -269.136597
v -950.145996 695.322815 -243.744293
v -950.145996 695.322815 -312.588989
v -950.959229 695.322815 -242.931198
v -973.775574 695.322815 -242.931198
v -999.981018 520.342285 -306.104187
v -999.981018 660.363281 -306.104187
v -958.190918 660.363281 -306.104187
v -958.116699 520.342285 -306.104187
v -957.445129 520.342285 -305.432495
v -957.445129 660.363281 -305.358307
v -957.445129 660.363281 -250.975006
v -957.445129 520.342285 -250.900803
v -957.607727 664.231873 -249.659805
v -956.785583 670.696289 -248.883606
v -979.727783 670.696289 -248.883606
v -980.504211 664.231873 -249.659805
v -977.099426 679.695312 -246.255096
v -954.184326 679.695312 -246.255096
v -973.775574 686.596619 -242.931198
v -950.846191 686.596619 -242.931198
v -956.099426 670.696411 -306.763397
v -956.099426 670.696289 -249.569901
v -956.875671 664.231873 -250.391800
v -956.875671 664.231873 -305.941498
v -953.470520 679.695312 -309.364288
v -953.470520 679.695312 -246.969101
v -950.145996 686.596619 -312.701996
v -950.145996 686.596619 -243.631302
v -999.981018 686.596619 -313.402191
v -999.981018 690.959595 -313.402100
v -950.881287 690.959595 -313.402191
v -950.846191 686.596619 -313.402191
v -950.145996 686.596619 -312.701996
v -950.145996 690.959595 -312.666687
v -950.145996 690.959595 -243.666595
v -950.145996 686.596619 -243.631302
v -958.190918 660.363281 -250.229095
v -956.066895 662.297607 -248.033203
v -978.877380 662.297607 -248.033203
v -981.073486 660.363281 -250.229095
v -955.248779 662.297607 -307.482086
v -955.248779 662.297607 -248.851303
v -957.445129 660.363281 -250.975006
v -957.445129 660.363281 -305.358307
v -957.607727 664.231873 -249.659805
v -980.504211 664.231873 -249.659805
v -978.877380 662.297607 -248.033203
v -956.066895 662.297607 -248.033203
v -956.875671 664.231873 -305.941498
v -956.875671 664.231873 -250.391800
v -955.248779 662.297607 -248.851303
v -955.248779 662.297607 -307.482086
v -950.881287 690.959595 -242.931198
v -948.913574 693.141174 -240.885803
v -971.730225 693.141174 -240.885803
v -973.775574 690.959595 -242.931198
v -948.100281 693.141174 -314.634399
v -948.100281 693.141174 -241.698898
v -950.145996 690.959595 -243.666595
v -950.145996 690.959595 -312.666687
v -950.959229 695.322815 -242.931198
v -973.775574 695.322815 -242.931198
v -971.730225 693.141174 -240.885803
v -948.913574 693.141174 -240.885803
v -950.145996 695.322815 -312.588989
v -950.145996 695.322815 -243.744293
v -948.100281 693.141174 -241.698898
v -948.100281 693.141174 -314.634399
v -950.145996 686.596619 -312.701996
v -953.470520 679.695312 -309.364288
v -954.184326 679.695312 -310.078186
v -950.846191 686.596619 -313.402191
v -956.785583 670.696411 -307.449707
v -956.099426 670.696411 -306.763397
v -957.607727 664.231873 -306.673492
v -956.875671 664.231873 -305.941498
v -957.445129 520.342285 -250.900803
v -957.445129 660.363281 -250.975006
v -958.190918 660.363281 -250.229095
v -958.116699 520.342285 -250.229095
v -957.445129 660.363281 -305.358307
v -957.445129 520.342285 -305.432495
v -958.116699 520.342285 -306.104187
v -958.190918 660.363281 -306.104187
v -956.875671 664.231873 -250.391800
v -956.099426 670.696289 -249.569901
v -956.785583 670.696289 -248.883606
v -957.607727 664.231873 -249.659805
v -954.184326 679.695312 -246.255096
v -953.470520 679.695312 -246.969101
v -950.846191 686.596619 -242.931198
v -950.145996 686.596619 -243.631302
v -950.846191 686.596619 -313.402191
v -950.881287 690.959595 -313.402191
v -950.145996 690.959595 -312.666687
v -950.145996 686.596619 -312.701996
v -950.145996 686.596619 -243.631302
v -950.145996 690.959595 -243.666595
v -950.881287 690.959595 -242.931198
v -950.846191 686.596619 -242.931198
v -956.875671 664.231873 -305.941498
v -955.248779 662.297607 -307.482086
v -956.066895 662.297607 -308.300201
v -957.607727 664.231873 -306.673492
v -957.607727 664.231873 -249.659805
v -956.066895 662.297607 -248.033203
v -955.248779 662.297607 -248.851303
v -956.875671 664.231873 -250.391800
v -955.248779 662.297607 -307.482086
v -957.445129 660.363281 -305.358307
v -958.190918 660.363281 -306.104187
v -956.066895 662.297607 -308.300201
v -956.066895 662.297607 -248.033203
v -958.190918 660.363281 -250.229095
v -957.445129 660.363281 -250.975006
v -955.248779 662.297607 -248.851303
v -950.881287 690.959595 -313.402191
v -948.913574 693.141174 -315.447601
v -948.100281 693.141174 -314.634399
v -950.145996 690.959595 -312.666687
v -950.145996 690.959595 -243.666595
v -948.100281 693.141174 -241.698898
v -948.913574 693.141174 -240.885803
v -950.881287 690.959595 -242.931198
v -948.913574 693.141174 -315.447601
v -950.959229 695.322815 -313.402191
v -950.145996 695.322815 -312.588989
v -948.100281 693.141174 -314.634399
v -948.100281 693.141174 -241.698898
v -950.145996 695.322815 -243.744293
v -950.959229 695.322815 -242.931198
v -948.913574 693.141174 -240.885803
v -956.829285 518.764221 -250.299393
v -949.890625 511.840698 -243.528503
v -949.890625 511.840698 -312.804810
v -956.829285 518.764221 -306.033905
v -957.515076 518.764221 -249.613403
v -950.743408 511.840698 -242.675903
v -949.890625 511.840698 -243.528503
v -956.829285 518.764221 -250.299393
v -957.515076 518.764221 -249.613403
v -980.457825 518.764221 -249.613403
v -973.520325 511.840698 -242.675903
v -950.743408 511.840698 -242.675903
v -956.829285 518.764221 -306.033905
v -949.890625 511.840698 -312.804810
v -950.743408 511.840698 -313.657501
v -957.515076 518.764221 -306.719910
v -948.434082 511.840698 -242.925201
v -948.434082 509.490295 -242.925201
v -948.434082 509.490295 -313.408112
v -948.434082 511.840698 -313.408112
v -950.140076 511.840698 -241.219299
v -950.140076 509.490295 -241.219299
v -948.434082 509.490295 -242.925201
v -948.434082 511.840698 -242.925201
v -972.063477 511.840698 -241.219299
v -972.063477 509.490295 -241.219299
v -950.140076 509.490295 -241.219299
v -950.140076 511.840698 -241.219299
v -948.434082 511.840698 -313.408112
v -948.434082 509.490295 -313.408112
v -950.140076 509.490295 -315.114105
v -950.140076 511.840698 -315.114105
v -956.317078 519.553223 -306.533295
v -956.317078 519.553223 -249.800003
v -956.829285 518.764221 -250.299393
v -956.829285 518.764221 -306.033905
v -957.515076 518.764221 -249.613403
v -957.015625 519.553223 -249.101501
v -979.945801 519.553223 -249.101501
v -980.457825 518.764221 -249.613403
v -957.015625 519.553223 -307.231903
v -956.317078 519.553223 -306.533295
v -956.829285 518.764221 -306.033905
v -957.515076 518.764221 -306.719910
v -956.317078 519.553223 -249.800003
v -957.015625 519.553223 -249.101501
v -957.515076 518.764221 -249.613403
v -956.829285 518.764221 -250.299393
v -949.890625 507.139801 -243.528503
v -949.890625 507.139801 -312.804810
v -949.890625 509.490295 -312.804810
v -949.890625 509.490295 -243.528503
v -950.743408 507.139801 -242.675903
v -949.890625 507.139801 -243.528503
v -949.890625 509.490295 -243.528503
v -950.743408 509.490295 -242.675903
v -950.743408 507.139801 -313.657501
v -999.981018 507.139801 -313.657501
v -999.981018 509.490295 -313.657501
v -950.743408 509.490295 -313.657501
v -949.890625 507.139801 -312.804810
v -950.743408 507.139801 -313.657501
v -950.743408 509.490295 -313.657501
v -949.890625 509.490295 -312.804810
v -957.445129 520.342285 -305.432495
v -957.445129 520.342285 -250.900803
v -956.317078 519.553223 -249.800003
v -956.317078 519.553223 -306.533295
v -957.015625 519.553223 -249.101501
v -958.116699 520.342285 -306.104187
v -958.116699 520.342285 -250.229095
v -979.945801 519.553223 -249.101501
v -981.073486 520.342285 -250.229095
v -957.015625 519.553223 -307.231903
v -999.981018 519.553223 -307.231903
v -999.981018 520.342285 -306.104187
v -949.890625 511.840698 -243.528503
v -948.434082 511.840698 -242.925201
v -948.434082 511.840698 -313.408112
v -949.890625 511.840698 -312.804810
v -950.140076 511.840698 -315.114105
v -950.743408 511.840698 -313.657501
v -950.743408 511.840698 -242.675903
v -950.140076 511.840698 -241.219299
v -972.063477 511.840698 -241.219299
v -973.520325 511.840698 -242.675903
v -949.890625 509.490295 -312.804810
v -948.434082 509.490295 -313.408112
v -948.434082 509.490295 -242.925201
v -950.743408 509.490295 -313.657501
v -950.140076 509.490295 -315.114105
v -949.890625 509.490295 -243.528503
v -950.140076 509.490295 -241.219299
v -950.743408 509.490295 -242.675903
v -972.063477 509.490295 -241.219299
v -973.520325 509.490295 -242.675903
v -950.743408 509.490295 -313.657501
v -999.981018 509.490295 -313.657501
v -999.981018 509.490295 -315.114105
v -950.140076 509.490295 -315.114105
v -999.981018 670.696289 -307.449707
v -956.785583 670.696411 -307.449707
v -957.607727 664.231873 -306.673492
v -999.981018 664.231873 -306.673492
v -999.981018 679.695312 -310.078186
v -954.184326 679.695312 -310.078186
v -999.981018 686.596619 -313.402191
v -950.846191 686.596619 -313.402191
v -999.981018 662.297607 -308.300201
v -956.066895 662.297607 -308.300201
v -958.190918 660.363281 -306.104187
v -999.981018 660.363281 -306.104187
v -957.607727 664.231873 -306.673492
v -956.066895 662.297607 -308.300201
v -999.981018 662.297607 -308.300201
v -999.981018 664.231873 -306.673492
v -999.981018 693.141174 -315.447601
v -948.913574 693.141174 -315.447601
v -950.881287 690.959595 -313.402191
v -999.981018 690.959595 -313.402100
v -950.959229 695.322815 -313.402191
v -948.913574 693.141174 -315.447601
v -999.981018 693.141174 -315.447601
v -999.981018 695.322815 -313.402191
v -957.515076 518.764221 -306.719910
v -950.743408 511.840698 -313.657501
v -999.981018 511.840698 -313.657501
v -999.981018 518.764221 -306.719910
v -950.140076 511.840698 -315.114105
v -950.140076 509.490295 -315.114105
v -999.981018 509.490295 -315.114105
v -999.981018 511.840698 -315.114105
v -999.981018 519.553223 -307.231903
v -957.015625 519.553223 -307.231903
v -957.515076 518.764221 -306.719910
v -999.981018 518.764221 -306.719910
v -950.743408 511.840698 -313.657501
v -950.140076 511.840698 -315.114105
v -999.981018 511.840698 -315.114105
v -999.981018 511.840698 -313.657501
v -999.981018 670.696289 -307.449707
v -999.981018 664.231873 -306.673492
v -1037.517822 664.231873 -306.673492
v -1038.293945 670.696289 -307.449707
v -999.981018 679.695312 -310.078186
v -1040.922607 679.695312 -310.078186
v -999.981018 686.596619 -313.402191
v -1044.246582 686.596619 -313.402191
v -999.981018 662.297607 -308.300201
v -999.981018 660.363281 -306.104187
v -1036.948486 660.363281 -306.104187
v -1039.144531 662.297607 -308.300201
v -999.981018 662.297607 -308.300201
v -1039.144531 662.297607 -308.300201
v -1037.517822 664.231873 -306.673492
v -999.981018 664.231873 -306.673492
v -999.981018 693.141174 -315.447601
v -999.981018 690.959595 -313.402100
v -1044.246582 690.959595 -313.402191
v -1046.291748 693.141174 -315.447601
v -999.981018 693.141174 -315.447601
v -1046.291748 693.141174 -315.447601
v -1044.246582 695.322815 -313.402191
v -999.981018 695.322815 -313.402191
v -999.981018 511.840698 -313.657501
v -1044.501709 511.840698 -313.657501
v -1037.564209 518.764221 -306.719910
v -999.981018 518.764221 -306.719910
v -999.981018 509.490295 -315.114105
v -1045.958496 509.490295 -315.114105
v -1045.958496 511.840698 -315.114105
v -999.981018 511.840698 -315.114105
v -999.981018 519.553223 -307.231903
v -999.981018 518.764221 -306.719910
v -1037.564209 518.764221 -306.719910
v -1038.076172 519.553223 -307.231903
v -999.981018 519.553223 -307.231903
v -1038.076172 519.553223 -307.231903
v -1036.948486 520.342285 -306.104187
v -999.981018 520.342285 -306.104187
v -999.981018 511.840698 -315.114105
v -1045.958496 511.840698 -315.114105
v -1044.501709 511.840698 -313.657501
v -999.981018 511.840698 -313.657501
v -958.116699 520.342285 -250.229095
v -958.190918 660.363281 -250.229095
v -981.073486 660.363281 -250.229095
v -981.073486 520.342285 -250.229095
v -950.846191 686.596619 -242.931198
v -950.881287 690.959595 -242.931198
v -973.775574 690.959595 -242.931198
v -973.775574 686.596619 -242.931198
v -950.743408 507.139801 -242.675903
v -950.743408 509.490295 -242.675903
v -973.520325 509.490295 -242.675903
v -973.520325 507.139801 -242.675903
v -999.981018 695.322815 -269.136597
v -999.981018 695.322815 -313.402191
v -1044.246582 695.322815 -313.402191
v -999.981018 660.363281 -306.104187
v -999.981018 520.342285 -306.104187
v -1036.948486 520.342285 -306.104187
v -1036.948486 660.363281 -306.104187
v -999.981018 690.959595 -313.402100
v -999.981018 686.596619 -313.402191
v -1044.246582 686.596619 -313.402191
v -1044.246582 690.959595 -313.402191
v -999.981018 509.490295 -313.657501
v -999.981018 507.139801 -313.657501
v -1044.501709 507.139801 -313.657501
v -1044.501709 509.490295 -313.657501
v -999.981018 509.490295 -315.114105
v -999.981018 509.490295 -313.657501
v -1044.501709 509.490295 -313.657501
v -1045.958496 509.490295 -315.114105
v -974.588623 695.322815 -219.301804
v -973.775574 695.322815 -220.114899
v -973.775574 695.322815 -242.931198
v -1044.246582 695.322815 -220.114899
v -1043.433350 695.322815 -219.301804
v -1044.246582 695.322815 -269.136597
v -999.981018 695.322815 -269.136597
v -1036.948486 660.363281 -227.346603
v -1036.948486 660.363281 -269.136597
v -1036.948486 520.342285 -269.136597
v -1036.948486 520.342285 -227.272400
v -981.819275 660.363281 -226.600693
v -1036.202637 660.363281 -226.600693
v -1036.276855 520.342285 -226.600693
v -981.745117 520.342285 -226.600693
v -980.504211 664.231873 -226.763306
v -980.504211 664.231873 -249.659805
v -979.727783 670.696289 -248.883606
v -979.727783 670.696289 -225.941299
v -977.099426 679.695312 -246.255096
v -977.099426 679.695312 -223.340103
v -973.775574 686.596619 -242.931198
v -973.775574 686.596619 -220.001801
v -981.236084 664.231873 -226.031296
v -980.414307 670.696289 -225.255005
v -1037.607666 670.696411 -225.255005
v -1036.785889 664.231873 -226.031296
v -1040.208740 679.695312 -222.626205
v -977.813477 679.695312 -222.626205
v -1043.546387 686.596619 -219.301804
v -974.475586 686.596619 -219.301804
v -1044.246582 690.959595 -220.037094
v -1044.246582 690.959595 -269.136597
v -1044.246582 686.596619 -269.136597
v -1044.246582 686.596619 -220.001801
v -974.510681 690.959595 -219.301804
v -1043.510986 690.959595 -219.301804
v -1043.546387 686.596619 -219.301804
v -974.475586 686.596619 -219.301804
v -981.073486 660.363281 -227.346603
v -981.073486 660.363281 -250.229095
v -978.877380 662.297607 -248.033203
v -978.877380 662.297607 -225.222595
v -981.819275 660.363281 -226.600693
v -979.695618 662.297607 -224.404404
v -1038.326416 662.297607 -224.404404
v -1036.202637 660.363281 -226.600693
v -978.877380 662.297607 -248.033203
v -980.504211 664.231873 -249.659805
v -980.504211 664.231873 -226.763306
v -978.877380 662.297607 -225.222595
v -979.695618 662.297607 -224.404404
v -981.236084 664.231873 -226.031296
v -1036.785889 664.231873 -226.031296
v -1038.326416 662.297607 -224.404404
v -973.775574 690.959595 -220.037094
v -973.775574 690.959595 -242.931198
v -971.730225 693.141174 -240.885803
v -971.730225 693.141174 -218.069199
v -974.510681 690.959595 -219.301804
v -972.543213 693.141174 -217.256104
v -1045.478760 693.141174 -217.256104
v -1043.510986 690.959595 -219.301804
v -971.730225 693.141174 -240.885803
v -973.775574 695.322815 -242.931198
v -973.775574 695.322815 -220.114899
v -971.730225 693.141174 -218.069199
v -972.543213 693.141174 -217.256104
v -974.588623 695.322815 -219.301804
v -1043.433350 695.322815 -219.301804
v -1045.478760 693.141174 -217.256104
v -1040.922607 679.695312 -223.340103
v -1040.208740 679.695312 -222.626205
v -1043.546387 686.596619 -219.301804
v -1044.246582 686.596619 -220.001801
v -1038.293945 670.696411 -225.941299
v -1037.607666 670.696411 -225.255005
v -1037.517822 664.231873 -226.763306
v -1036.785889 664.231873 -226.031296
v -981.073486 660.363281 -227.346603
v -981.819275 660.363281 -226.600693
v -981.745117 520.342285 -226.600693
v -981.073486 520.342285 -227.272400
v -1036.948486 520.342285 -227.272400
v -1036.276855 520.342285 -226.600693
v -1036.202637 660.363281 -226.600693
v -1036.948486 660.363281 -227.346603
v -979.727783 670.696289 -225.941299
v -980.414307 670.696289 -225.255005
v -981.236084 664.231873 -226.031296
v -980.504211 664.231873 -226.763306
v -977.099426 679.695312 -223.340103
v -977.813477 679.695312 -222.626205
v -973.775574 686.596619 -220.001801
v -974.475586 686.596619 -219.301804
v -1043.510986 690.959595 -219.301804
v -1044.246582 690.959595 -220.037094
v -1044.246582 686.596619 -220.001801
v -1043.546387 686.596619 -219.301804
v -973.775574 690.959595 -220.037094
v -974.510681 690.959595 -219.301804
v -974.475586 686.596619 -219.301804
v -973.775574 686.596619 -220.001801
v -1039.144531 662.297607 -225.222504
v -1038.326416 662.297607 -224.404404
v -1036.785889 664.231873 -226.031296
v -1037.517822 664.231873 -226.763306
v -979.695618 662.297607 -224.404404
v -978.877380 662.297607 -225.222595
v -980.504211 664.231873 -226.763306
v -981.236084 664.231873 -226.031296
v -1036.948486 660.363281 -227.346603
v -1036.202637 660.363281 -226.600693
v -1038.326416 662.297607 -224.404404
v -1039.144531 662.297607 -225.222504
v -981.819275 660.363281 -226.600693
v -981.073486 660.363281 -227.346603
v -978.877380 662.297607 -225.222595
v -979.695618 662.297607 -224.404404
v -1045.478760 693.141174 -217.256104
v -1046.291748 693.141174 -218.069199
v -1044.246582 690.959595 -220.037094
v -1043.510986 690.959595 -219.301804
v -971.730225 693.141174 -218.069199
v -972.543213 693.141174 -217.256104
v -974.510681 690.959595 -219.301804
v -973.775574 690.959595 -220.037094
v -1043.433350 695.322815 -219.301804
v -1044.246582 695.322815 -220.114899
v -1046.291748 693.141174 -218.069199
v -1045.478760 693.141174 -217.256104
v -973.775574 695.322815 -220.114899
v -974.588623 695.322815 -219.301804
v -972.543213 693.141174 -217.256104
v -971.730225 693.141174 -218.069199
v -1043.649170 511.840698 -219.046402
v -974.372803 511.840698 -219.046402
v -981.143799 518.764221 -225.984894
v -1036.878174 518.764221 -225.984894
v -974.372803 511.840698 -219.046402
v -973.520325 511.840698 -219.899094
v -980.457825 518.764221 -226.670898
v -981.143799 518.764221 -225.984894
v -980.457825 518.764221 -226.670898
v -973.520325 511.840698 -219.899094
v -973.520325 511.840698 -242.675903
v -980.457825 518.764221 -249.613403
v -1044.501709 511.840698 -219.899094
v -1043.649170 511.840698 -219.046402
v -1036.878174 518.764221 -225.984894
v -1037.564209 518.764221 -226.670898
v -1044.252441 509.490295 -217.589706
v -973.769470 509.490295 -217.589706
v -973.769470 511.840698 -217.589706
v -1044.252441 511.840698 -217.589706
v -973.769470 509.490295 -217.589706
v -972.063477 509.490295 -219.295700
v -972.063477 511.840698 -219.295700
v -973.769470 511.840698 -217.589706
v -972.063477 509.490295 -219.295700
v -972.063477 509.490295 -241.219299
v -972.063477 511.840698 -241.219299
v -972.063477 511.840698 -219.295700
v -1045.958496 509.490295 -219.295700
v -1044.252441 509.490295 -217.589706
v -1044.252441 511.840698 -217.589706
v -1045.958496 511.840698 -219.295700
v -981.143799 518.764221 -225.984894
v -980.644287 519.553223 -225.472900
v -1037.377686 519.553223 -225.472900
v -1036.878174 518.764221 -225.984894
v -980.457825 518.764221 -226.670898
v -980.457825 518.764221 -249.613403
v -979.945801 519.553223 -249.101501
v -979.945801 519.553223 -226.171494
v -1036.878174 518.764221 -225.984894
v -1037.377686 519.553223 -225.472900
v -1038.076172 519.553223 -226.171402
v -1037.564209 518.764221 -226.670898
v -980.457825 518.764221 -226.670898
v -979.945801 519.553223 -226.171494
v -980.644287 519.553223 -225.472900
v -981.143799 518.764221 -225.984894
v -1043.649170 509.490295 -219.046402
v -1043.649170 507.139801 -219.046402
v -974.372803 507.139801 -219.046402
v -974.372803 509.490295 -219.046402
v -974.372803 509.490295 -219.046402
v -974.372803 507.139801 -219.046402
v -973.520325 507.139801 -219.899094
v -973.520325 509.490295 -219.899094
v -1044.501709 509.490295 -269.136597
v -1044.501709 507.139801 -269.136597
v -1044.501709 507.139801 -219.899094
v -1044.501709 509.490295 -219.899094
v -1044.501709 509.490295 -219.899094
v -1044.501709 507.139801 -219.899094
v -1043.649170 507.139801 -219.046402
v -1043.649170 509.490295 -219.046402
v -980.644287 519.553223 -225.472900
v -981.745117 520.342285 -226.600693
v -1036.276855 520.342285 -226.600693
v -979.945801 519.553223 -226.171494
v -1037.377686 519.553223 -225.472900
v -981.073486 520.342285 -227.272400
v -979.945801 519.553223 -249.101501
v -981.073486 520.342285 -250.229095
v -1036.948486 520.342285 -227.272400
v -1038.076172 519.553223 -226.171402
v -1038.076172 519.553223 -269.136597
v -1036.948486 520.342285 -269.136597
v -1044.252441 511.840698 -217.589706
v -973.769470 511.840698 -217.589706
v -974.372803 511.840698 -219.046402
v -1043.649170 511.840698 -219.046402
v -1045.958496 511.840698 -219.295700
v -1044.501709 511.840698 -219.899094
v -973.520325 511.840698 -219.899094
v -972.063477 511.840698 -219.295700
v -972.063477 511.840698 -241.219299
v -973.520325 511.840698 -242.675903
v -973.769470 509.490295 -217.589706
v -1044.252441 509.490295 -217.589706
v -1043.649170 509.490295 -219.046402
v -1044.501709 509.490295 -219.899094
v -1045.958496 509.490295 -219.295700
v -974.372803 509.490295 -219.046402
v -972.063477 509.490295 -219.295700
v -973.520325 509.490295 -219.899094
v -972.063477 509.490295 -241.219299
v -973.520325 509.490295 -242.675903
v -1044.501709 509.490295 -219.899094
v -1045.958496 509.490295 -219.295700
v -1045.958496 509.490295 -269.136597
v -1044.501709 509.490295 -269.136597
v -1038.293945 670.696289 -269.136597
v -1037.517822 664.231873 -269.136597
v -1037.517822 664.231873 -226.763306
v -1038.293945 670.696411 -225.941299
v -1040.922607 679.695312 -269.136597
v -1040.922607 679.695312 -223.340103
v -1044.246582 686.596619 -269.136597
v -1044.246582 686.596619 -220.001801
v -1039.144531 662.297607 -269.136597
v -1036.948486 660.363281 -269.136597
v -1036.948486 660.363281 -227.346603
v -1039.144531 662.297607 -225.222504
v -1039.144531 662.297607 -269.136597
v -1039.144531 662.297607 -225.222504
v -1037.517822 664.231873 -226.763306
v -1037.517822 664.231873 -269.136597
v -1046.291748 693.141174 -269.136597
v -1044.246582 690.959595 -269.136597
v -1044.246582 690.959595 -220.037094
v -1046.291748 693.141174 -218.069199
v -1046.291748 693.141174 -269.136597
v -1046.291748 693.141174 -218.069199
v -1044.246582 695.322815 -220.114899
v -1044.246582 695.322815 -269.136597
v -1044.501709 511.840698 -269.136597
v -1044.501709 511.840698 -219.899094
v -1037.564209 518.764221 -226.670898
v -1037.564209 518.764221 -269.136597
v -1045.958496 509.490295 -269.136597
v -1045.958496 509.490295 -219.295700
v -1045.958496 511.840698 -219.295700
v -1045.958496 511.840698 -269.136597
v -1038.076172 519.553223 -269.136597
v -1037.564209 518.764221 -269.136597
v -1037.564209 518.764221 -226.670898
v -1038.076172 519.553223 -226.171402
v -1045.958496 511.840698 -269.136597
v -1045.958496 511.840698 -219.295700
v -1044.501709 511.840698 -219.899094
v -1044.501709 511.840698 -269.136597
v -1038.293945 670.696289 -269.136597
v -1038.293945 670.696289 -307.449707
v -1037.517822 664.231873 -306.673492
v -1037.517822 664.231873 -269.136597
v -1040.922607 679.695312 -269.136597
v -1040.922607 679.695312 -310.078186
v -1044.246582 686.596619 -269.136597
v -1044.246582 686.596619 -313.402191
v -1039.144531 662.297607 -269.136597
v -1039.144531 662.297607 -308.300201
v -1036.948486 660.363281 -306.104187
v -1036.948486 660.363281 -269.136597
v -1037.517822 664.231873 -306.673492
v -1039.144531 662.297607 -308.300201
v -1039.144531 662.297607 -269.136597
v -1037.517822 664.231873 -269.136597
v -1046.291748 693.141174 -269.136597
v -1046.291748 693.141174 -315.447601
v -1044.246582 690.959595 -313.402191
v -1044.246582 690.959595 -269.136597
v -1044.246582 695.322815 -313.402191
v -1046.291748 693.141174 -315.447601
v -1046.291748 693.141174 -269.136597
v -1044.246582 695.322815 -269.136597
v -1037.564209 518.764221 -306.719910
v -1044.501709 511.840698 -313.657501
v -1044.501709 511.840698 -269.136597
v -1037.564209 518.764221 -269.136597
v -1045.958496 511.840698 -315.114105
v -1045.958496 509.490295 -315.114105
v -1045.958496 509.490295 -269.136597
v -1045.958496 511.840698 -269.136597
v -1038.076172 519.553223 -269.136597
v -1038.076172 519.553223 -307.231903
v -1037.564209 518.764221 -306.719910
v -1037.564209 518.764221 -269.136597
v -1036.948486 520.342285 -306.104187
v -1038.076172 519.553223 -307.231903
v -1038.076172 519.553223 -269.136597
v -1036.948486 520.342285 -269.136597
v -1044.501709 511.840698 -313.657501
v -1045.958496 511.840698 -315.114105
v -1045.958496 511.840698 -269.136597
v -1044.501709 511.840698 -269.136597
v -981.073486 660.363281 -250.229095
v -981.073486 660.363281 -227.346603
v -981.073486 520.342285 -227.272400
v -981.073486 520.342285 -250.229095
v -973.775574 690.959595 -242.931198
v -973.775574 690.959595 -220.037094
v -973.775574 686.596619 -220.001801
v -973.775574 686.596619 -242.931198
v -973.520325 509.490295 -242.675903
v -973.520325 509.490295 -219.899094
v -973.520325 507.139801 -219.899094
v -973.520325 507.139801 -242.675903
v -999.981018 695.322815 -269.136597
v -1044.246582 695.322815 -313.402191
v -1044.246582 695.322815 -269.136597
v -1036.948486 520.342285 -306.104187
v -1036.948486 520.342285 -269.136597
v -1036.948486 660.363281 -269.136597
v -1036.948486 660.363281 -306.104187
v -1044.246582 686.596619 -313.402191
v -1044.246582 686.596619 -269.136597
v -1044.246582 690.959595 -269.136597
v -1044.246582 690.959595 -313.402191
v -1044.501709 507.139801 -313.657501
v -1044.501709 507.139801 -269.136597
v -1044.501709 509.490295 -269.136597
v -1044.501709 509.490295 -313.657501
v -1044.501709 509.490295 -313.657501
v -1044.501709 509.490295 -269.136597
v -1045.958496 509.490295 -269.136597
v -1045.958496 509.490295 -315.114105
v -652.754211 695.322815 -242.931198
v -583.899719 695.322815 -242.931198
v -583.086426 695.322815 -243.744293
v -653.567078 695.322815 -312.588989
v -653.567078 695.322815 -243.744293
v -583.899719 695.322815 -313.402191
v -583.086426 695.322815 -312.588989
v -652.754211 695.322815 -313.402191
v -591.057129 520.342285 -250.229095
v -591.131287 660.363281 -250.229095
v -645.522522 660.363281 -250.229095
v -645.596375 520.342285 -250.229095
v -590.385498 520.342285 -305.432495
v -590.385498 660.363281 -305.358307
v -590.385498 660.363281 -250.975006
v -590.385498 520.342285 -250.900803
v -645.596375 520.342285 -306.104187
v -645.522522 660.363281 -306.104187
v -591.131287 660.363281 -306.104187
v -591.057129 520.342285 -306.104187
v -646.268311 520.342285 -250.900803
v -646.268311 660.363281 -250.975006
v -646.268311 660.363281 -305.358307
v -646.268311 520.342285 -305.432495
v -589.726074 670.696289 -248.883606
v -646.927673 670.696411 -248.883606
v -646.105713 664.231873 -249.659805
v -590.548096 664.231873 -249.659805
v -587.124817 679.695312 -246.255096
v -649.528809 679.695312 -246.255096
v -583.786621 686.596619 -242.931198
v -652.867188 686.596619 -242.931198
v -589.039795 670.696289 -306.763397
v -589.039795 670.696289 -249.569901
v -589.815918 664.231873 -250.391800
v -589.815918 664.231873 -305.941498
v -586.410889 679.695312 -309.364288
v -586.410889 679.695312 -246.969101
v -583.086426 686.596619 -312.701996
v -583.086426 686.596619 -243.631302
v -646.927673 670.696289 -307.449707
v -589.726074 670.696289 -307.449707
v -590.548096 664.231873 -306.673492
v -646.105713 664.231873 -306.673492
v -649.528809 679.695312 -310.078186
v -587.124817 679.695312 -310.078186
v -652.867188 686.596619 -313.402191
v -583.786621 686.596619 -313.402191
v -647.614014 670.696411 -249.569901
v -647.614014 670.696289 -306.763397
v -646.837585 664.231873 -305.941498
v -646.837585 664.231873 -250.391800
v -650.242920 679.695312 -246.969101
v -650.242920 679.695312 -309.364288
v -653.567078 686.596619 -243.631302
v -653.567078 686.596619 -312.701996
v -583.786621 686.596619 -242.931198
v -583.821777 690.959595 -242.931198
v -652.831787 690.959595 -242.931198
v -652.867188 686.596619 -242.931198
v -583.086426 686.596619 -312.701996
v -583.086426 690.959595 -312.666687
v -583.086426 690.959595 -243.666595
v -583.086426 686.596619 -243.631302
v -652.867188 686.596619 -313.402191
v -652.831787 690.959595 -313.402191
v -583.821777 690.959595 -313.402191
v -583.786621 686.596619 -313.402191
v -653.567078 686.596619 -243.631302
v -653.567078 690.959595 -243.666595
v -653.567078 690.959595 -312.666687
v -653.567078 686.596619 -312.701996
v -589.007324 662.297607 -248.033203
v -647.646484 662.297607 -248.033203
v -645.522522 660.363281 -250.229095
v -591.131287 660.363281 -250.229095
v -588.189209 662.297607 -307.482086
v -588.189209 662.297607 -248.851303
v -590.385498 660.363281 -250.975006
v -590.385498 660.363281 -305.358307
v -647.646484 662.297607 -308.300201
v -589.007324 662.297607 -308.300201
v -591.131287 660.363281 -306.104187
v -645.522522 660.363281 -306.104187
v -648.464600 662.297607 -248.851303
v -648.464600 662.297607 -307.482086
v -646.268311 660.363281 -305.358307
v -646.268311 660.363281 -250.975006
v -590.548096 664.231873 -249.659805
v -646.105713 664.231873 -249.659805
v -647.646484 662.297607 -248.033203
v -589.007324 662.297607 -248.033203
v -589.815918 664.231873 -305.941498
v -589.815918 664.231873 -250.391800
v -588.189209 662.297607 -248.851303
v -588.189209 662.297607 -307.482086
v -646.105713 664.231873 -306.673492
v -590.548096 664.231873 -306.673492
v -589.007324 662.297607 -308.300201
v -647.646484 662.297607 -308.300201
v -646.837585 664.231873 -250.391800
v -646.837585 664.231873 -305.941498
v -648.464600 662.297607 -307.482086
v -648.464600 662.297607 -248.851303
v -581.854004 693.141174 -240.885803
v -654.799805 693.141174 -240.885803
v -652.831787 690.959595 -242.931198
v -583.821777 690.959595 -242.931198
v -581.040771 693.141174 -314.634399
v -581.040771 693.141174 -241.698898
v -583.086426 690.959595 -243.666595
v -583.086426 690.959595 -312.666687
v -654.799805 693.141174 -315.447601
v -581.854004 693.141174 -315.447601
v -583.821777 690.959595 -313.402191
v -652.831787 690.959595 -313.402191
v -655.612976 693.141174 -241.698898
v -655.612976 693.141174 -314.634399
v -653.567078 690.959595 -312.666687
v -653.567078 690.959595 -243.666595
v -583.899719 695.322815 -242.931198
v -652.754211 695.322815 -242.931198
v -654.799805 693.141174 -240.885803
v -581.854004 693.141174 -240.885803
v -583.086426 695.322815 -312.588989
v -583.086426 695.322815 -243.744293
v -581.040771 693.141174 -241.698898
v -581.040771 693.141174 -314.634399
v -652.754211 695.322815 -313.402191
v -583.899719 695.322815 -313.402191
v -581.854004 693.141174 -315.447601
v -654.799805 693.141174 -315.447601
v -653.567078 695.322815 -243.744293
v -653.567078 695.322815 -312.588989
v -655.612976 693.141174 -314.634399
v -655.612976 693.141174 -241.698898
v -590.385498 520.342285 -250.900803
v -590.385498 660.363281 -250.975006
v -591.131287 660.363281 -250.229095
v -591.057129 520.342285 -250.229095
v -653.567078 686.596619 -243.631302
v -650.242920 679.695312 -246.969101
v -649.528809 679.695312 -246.255096
v -652.867188 686.596619 -242.931198
v -646.927673 670.696411 -248.883606
v -647.614014 670.696411 -249.569901
v -646.105713 664.231873 -249.659805
v -646.837585 664.231873 -250.391800
v -591.057129 520.342285 -306.104187
v -591.131287 660.363281 -306.104187
v -590.385498 660.363281 -305.358307
v -590.385498 520.342285 -305.432495
v -646.268311 520.342285 -305.432495
v -646.268311 660.363281 -305.358307
v -645.522522 660.363281 -306.104187
v -645.596375 520.342285 -306.104187
v -589.815918 664.231873 -250.391800
v -589.039795 670.696289 -249.569901
v -589.726074 670.696289 -248.883606
v -590.548096 664.231873 -249.659805
v -587.124817 679.695312 -246.255096
v -586.410889 679.695312 -246.969101
v -583.786621 686.596619 -242.931198
v -583.086426 686.596619 -243.631302
v -646.268311 660.363281 -250.975006
v -646.268311 520.342285 -250.900803
v -645.596375 520.342285 -250.229095
v -645.522522 660.363281 -250.229095
v -590.548096 664.231873 -306.673492
v -589.726074 670.696289 -307.449707
v -589.039795 670.696289 -306.763397
v -589.815918 664.231873 -305.941498
v -586.410889 679.695312 -309.364288
v -587.124817 679.695312 -310.078186
v -583.086426 686.596619 -312.701996
v -583.786621 686.596619 -313.402191
v -646.837585 664.231873 -305.941498
v -647.614014 670.696289 -306.763397
v -646.927673 670.696289 -307.449707
v -646.105713 664.231873 -306.673492
v -649.528809 679.695312 -310.078186
v -650.242920 679.695312 -309.364288
v -652.867188 686.596619 -313.402191
v -653.567078 686.596619 -312.701996
v -652.867188 686.596619 -242.931198
v -652.831787 690.959595 -242.931198
v -653.567078 690.959595 -243.666595
v -653.567078 686.596619 -243.631302
v -583.086426 686.596619 -243.631302
v -583.086426 690.959595 -243.666595
v -583.821777 690.959595 -242.931198
v -583.786621 686.596619 -242.931198
v -583.786621 686.596619 -313.402191
v -583.821777 690.959595 -313.402191
v -583.086426 690.959595 -312.666687
v -583.086426 686.596619 -312.701996
v -653.567078 686.596619 -312.701996
v -653.567078 690.959595 -312.666687
v -652.831787 690.959595 -313.402191
v -652.867188 686.596619 -313.402191
v -590.548096 664.231873 -249.659805
v -589.007324 662.297607 -248.033203
v -588.189209 662.297607 -248.851303
v -589.815918 664.231873 -250.391800
v -646.837585 664.231873 -250.391800
v -648.464600 662.297607 -248.851303
v -647.646484 662.297607 -248.033203
v -646.105713 664.231873 -249.659805
v -589.815918 664.231873 -305.941498
v -588.189209 662.297607 -307.482086
v -589.007324 662.297607 -308.300201
v -590.548096 664.231873 -306.673492
v -646.105713 664.231873 -306.673492
v -647.646484 662.297607 -308.300201
v -648.464600 662.297607 -307.482086
v -646.837585 664.231873 -305.941498
v -589.007324 662.297607 -248.033203
v -591.131287 660.363281 -250.229095
v -590.385498 660.363281 -250.975006
v -588.189209 662.297607 -248.851303
v -648.464600 662.297607 -248.851303
v -646.268311 660.363281 -250.975006
v -645.522522 660.363281 -250.229095
v -647.646484 662.297607 -248.033203
v -588.189209 662.297607 -307.482086
v -590.385498 660.363281 -305.358307
v -591.131287 660.363281 -306.104187
v -589.007324 662.297607 -308.300201
v -647.646484 662.297607 -308.300201
v -645.522522 660.363281 -306.104187
v -646.268311 660.363281 -305.358307
v -648.464600 662.297607 -307.482086
v -652.831787 690.959595 -242.931198
v -654.799805 693.141174 -240.885803
v -655.612976 693.141174 -241.698898
v -653.567078 690.959595 -243.666595
v -583.086426 690.959595 -243.666595
v -581.040771 693.141174 -241.698898
v -581.854004 693.141174 -240.885803
v -583.821777 690.959595 -242.931198
v -583.821777 690.959595 -313.402191
v -581.854004 693.141174 -315.447601
v -581.040771 693.141174 -314.634399
v -583.086426 690.959595 -312.666687
v -653.567078 690.959595 -312.666687
v -655.612976 693.141174 -314.634399
v -654.799805 693.141174 -315.447601
v -652.831787 690.959595 -313.402191
v -654.799805 693.141174 -240.885803
v -652.754211 695.322815 -242.931198
v -653.567078 695.322815 -243.744293
v -655.612976 693.141174 -241.698898
v -581.040771 693.141174 -241.698898
v -583.086426 695.322815 -243.744293
v -583.899719 695.322815 -242.931198
v -581.854004 693.141174 -240.885803
v -581.854004 693.141174 -315.447601
v -583.899719 695.322815 -313.402191
v -583.086426 695.322815 -312.588989
v -581.040771 693.141174 -314.634399
v -655.612976 693.141174 -314.634399
v -653.567078 695.322815 -312.588989
v -652.754211 695.322815 -313.402191
v -654.799805 693.141174 -315.447601
v -646.883972 518.764221 -306.033905
v -653.822510 511.840698 -312.804810
v -653.822510 511.840698 -243.528503
v -646.883972 518.764221 -250.299393
v -646.198181 518.764221 -306.719910
v -652.969971 511.840698 -313.657410
v -653.822510 511.840698 -312.804810
v -646.883972 518.764221 -306.033905
v -590.455627 518.764221 -306.719910
v -583.683777 511.840698 -313.657410
v -652.969971 511.840698 -313.657410
v -646.198181 518.764221 -306.719910
v -589.769470 518.764221 -306.033905
v -582.831116 511.840698 -312.804810
v -583.683777 511.840698 -313.657410
v -590.455627 518.764221 -306.719910
v -589.769470 518.764221 -250.299393
v -582.831116 511.840698 -243.528503
v -582.831116 511.840698 -312.804810
v -589.769470 518.764221 -306.033905
v -590.455627 518.764221 -249.613403
v -583.683777 511.840698 -242.675903
v -582.831116 511.840698 -243.528503
v -589.769470 518.764221 -250.299393
v -646.198181 518.764221 -249.613403
v -652.969971 511.840698 -242.675903
v -583.683777 511.840698 -242.675903
v -590.455627 518.764221 -249.613403
v -646.883972 518.764221 -250.299393
v -653.822510 511.840698 -243.528503
v -652.969971 511.840698 -242.675903
v -646.198181 518.764221 -249.613403
v -655.279297 511.840698 -313.407990
v -655.279297 509.490295 -313.407990
v -655.279297 509.490295 -242.925095
v -655.279297 511.840698 -242.925095
v -653.573181 511.840698 -315.114105
v -653.573181 509.490295 -315.114105
v -655.279297 509.490295 -313.407990
v -655.279297 511.840698 -313.407990
v -583.080322 511.840698 -315.114105
v -583.080322 509.490295 -315.114105
v -653.573181 509.490295 -315.114105
v -653.573181 511.840698 -315.114105
v -581.374512 511.840698 -313.408203
v -581.374512 509.490295 -313.408203
v -583.080322 509.490295 -315.114105
v -583.080322 511.840698 -315.114105
v -581.374512 511.840698 -242.925201
v -581.374512 509.490295 -242.925201
v -581.374512 509.490295 -313.408203
v -581.374512 511.840698 -313.408203
v -583.080322 511.840698 -241.219299
v -583.080322 509.490295 -241.219299
v -581.374512 509.490295 -242.925201
v -581.374512 511.840698 -242.925201
v -653.573486 511.840698 -241.219299
v -653.573486 509.490295 -241.219299
v -583.080322 509.490295 -241.219299
v -583.080322 511.840698 -241.219299
v -655.279297 511.840698 -242.925095
v -655.279297 509.490295 -242.925095
v -653.573486 509.490295 -241.219299
v -653.573486 511.840698 -241.219299
v -647.395996 519.553223 -249.800003
v -647.395996 519.553223 -306.533295
v -646.883972 518.764221 -306.033905
v -646.883972 518.764221 -250.299393
v -646.697815 519.553223 -307.231903
v -589.956116 519.553223 -307.231903
v -590.455627 518.764221 -306.719910
v -646.198181 518.764221 -306.719910
v -589.257629 519.553223 -306.533295
v -589.257629 519.553223 -249.800003
v -589.769470 518.764221 -250.299393
v -589.769470 518.764221 -306.033905
v -589.956116 519.553223 -249.101501
v -646.697815 519.553223 -249.101501
v -646.198181 518.764221 -249.613403
v -590.455627 518.764221 -249.613403
v -646.697815 519.553223 -249.101501
v -647.395996 519.553223 -249.800003
v -646.883972 518.764221 -250.299393
v -646.198181 518.764221 -249.613403
v -589.257629 519.553223 -249.800003
v -589.956116 519.553223 -249.101501
v -590.455627 518.764221 -249.613403
v -589.769470 518.764221 -250.299393
v -647.395996 519.553223 -306.533295
v -646.697815 519.553223 -307.231903
v -646.198181 518.764221 -306.719910
v -646.883972 518.764221 -306.033905
v -589.956116 519.553223 -307.231903
v -589.257629 519.553223 -306.533295
v -589.769470 518.764221 -306.033905
v -590.455627 518.764221 -306.719910
v -653.822510 507.139801 -312.804810
v -653.822510 507.139801 -243.528503
v -653.822510 509.490295 -243.528503
v -653.822510 509.490295 -312.804810
v -652.969971 507.139801 -313.657410
v -653.822510 507.139801 -312.804810
v -653.822510 509.490295 -312.804810
v -652.969971 509.490295 -313.657410
v -583.683777 507.139801 -313.657410
v -652.969971 507.139801 -313.657410
v -652.969971 509.490295 -313.657410
v -583.683777 509.490295 -313.657410
v -582.831116 507.139801 -312.804810
v -583.683777 507.139801 -313.657410
v -583.683777 509.490295 -313.657410
v -582.831116 509.490295 -312.804810
v -582.831116 507.139801 -243.528503
v -582.831116 507.139801 -312.804810
v -582.831116 509.490295 -312.804810
v -582.831116 509.490295 -243.528503
v -583.683777 507.139801 -242.675903
v -582.831116 507.139801 -243.528503
v -582.831116 509.490295 -243.528503
v -583.683777 509.490295 -242.675903
v -652.969971 507.139801 -242.675903
v -583.683777 507.139801 -242.675903
v -583.683777 509.490295 -242.675903
v -652.969971 509.490295 -242.675903
v -653.822510 507.139801 -243.528503
v -652.969971 507.139801 -242.675903
v -652.969971 509.490295 -242.675903
v -653.822510 509.490295 -243.528503
v -646.268311 520.342285 -250.900803
v -646.268311 520.342285 -305.432495
v -647.395996 519.553223 -306.533295
v -647.395996 519.553223 -249.800003
v -646.697815 519.553223 -307.231903
v -645.596375 520.342285 -250.229095
v -645.596375 520.342285 -306.104187
v -646.697815 519.553223 -249.101501
v -589.956116 519.553223 -307.231903
v -591.057129 520.342285 -250.229095
v -591.057129 520.342285 -306.104187
v -589.257629 519.553223 -306.533295
v -590.385498 520.342285 -305.432495
v -589.956116 519.553223 -249.101501
v -590.385498 520.342285 -250.900803
v -589.257629 519.553223 -249.800003
v -590.385498 520.342285 -305.432495
v -589.257629 519.553223 -306.533295
v -653.822510 511.840698 -312.804810
v -655.279297 511.840698 -313.407990
v -655.279297 511.840698 -242.925095
v -652.969971 511.840698 -313.657410
v -653.822510 511.840698 -243.528503
v -653.573181 511.840698 -315.114105
v -653.573486 511.840698 -241.219299
v -652.969971 511.840698 -242.675903
v -583.683777 511.840698 -313.657410
v -583.080322 511.840698 -315.114105
v -582.831116 511.840698 -312.804810
v -581.374512 511.840698 -313.408203
v -582.831116 511.840698 -243.528503
v -581.374512 511.840698 -242.925201
v -583.683777 511.840698 -242.675903
v -583.080322 511.840698 -241.219299
v -652.969971 511.840698 -242.675903
v -653.573486 511.840698 -241.219299
v -653.822510 509.490295 -243.528503
v -655.279297 509.490295 -242.925095
v -655.279297 509.490295 -313.407990
v -652.969971 509.490295 -242.675903
v -653.573486 509.490295 -241.219299
v -653.822510 509.490295 -312.804810
v -653.573181 509.490295 -315.114105
v -652.969971 509.490295 -313.657410
v -583.080322 509.490295 -315.114105
v -583.683777 509.490295 -313.657410
v -581.374512 509.490295 -313.408203
v -582.831116 509.490295 -312.804810
v -581.374512 509.490295 -242.925201
v -582.831116 509.490295 -243.528503
v -583.080322 509.490295 -241.219299
v -583.683777 509.490295 -242.675903
v -653.573486 509.490295 -241.219299
v -652.969971 509.490295 -242.675903
v -284.027802 695.322815 -243.744293
v -283.214600 695.322815 -242.931198
v -214.360001 695.322815 -242.931198
v -283.214600 695.322815 -313.402191
v -284.027802 695.322815 -312.588989
v -213.546906 695.322815 -312.588989
v -213.546906 695.322815 -243.744293
v -214.360001 695.322815 -313.402191
v -275.982697 660.363281 -306.104187
v -221.591705 660.363281 -306.104187
v -221.517502 520.342285 -306.104187
v -276.056885 520.342285 -306.104187
v -220.845901 660.363281 -305.358307
v -220.845901 660.363281 -250.975006
v -220.845901 520.342285 -250.900803
v -220.845901 520.342285 -305.432495
v -221.591705 660.363281 -250.229095
v -275.982697 660.363281 -250.229095
v -276.056885 520.342285 -250.229095
v -221.517502 520.342285 -250.229095
v -276.728790 660.363281 -250.975006
v -276.728790 660.363281 -305.358307
v -276.728790 520.342285 -305.432495
v -276.728790 520.342285 -250.900803
v -276.566193 664.231873 -306.673492
v -277.387909 670.696411 -307.449707
v -220.186295 670.696289 -307.449707
v -221.008408 664.231873 -306.673492
v -217.585098 679.695312 -310.078186
v -279.989288 679.695312 -310.078186
v -214.246994 686.596619 -313.402191
v -283.327606 686.596619 -313.402191
v -220.276306 664.231873 -305.941498
v -219.500198 670.696289 -306.763397
v -219.500198 670.696289 -249.569901
v -220.276306 664.231873 -250.391800
v -216.871307 679.695312 -246.969101
v -216.871307 679.695312 -309.364288
v -213.546906 686.596619 -243.631302
v -213.546906 686.596619 -312.701996
v -221.008408 664.231873 -249.659805
v -220.186295 670.696289 -248.883606
v -277.387909 670.696289 -248.883606
v -276.566193 664.231873 -249.659805
v -279.989288 679.695312 -246.255096
v -217.585098 679.695312 -246.255096
v -283.327606 686.596619 -242.931198
v -214.246994 686.596619 -242.931198
v -277.298096 664.231873 -250.391800
v -278.074493 670.696289 -249.569901
v -278.074493 670.696411 -306.763397
v -277.298096 664.231873 -305.941498
v -280.703400 679.695312 -309.364288
v -280.703400 679.695312 -246.969101
v -284.027802 686.596619 -312.701996
v -284.027802 686.596619 -243.631302
v -283.292206 690.959595 -313.402191
v -214.282303 690.959595 -313.402191
v -214.246994 686.596619 -313.402191
v -283.327606 686.596619 -313.402191
v -213.546906 690.959595 -312.666687
v -213.546906 690.959595 -243.666595
v -213.546906 686.596619 -243.631302
v -213.546906 686.596619 -312.701996
v -214.282303 690.959595 -242.931198
v -283.292206 690.959595 -242.931198
v -283.327606 686.596619 -242.931198
v -214.246994 686.596619 -242.931198
v -284.027802 690.959595 -243.666595
v -284.027802 690.959595 -312.666687
v -284.027802 686.596619 -312.701996
v -284.027802 686.596619 -243.631302
v -275.982697 660.363281 -306.104187
v -278.106689 662.297607 -308.300201
v -219.467697 662.297607 -308.300201
v -221.591705 660.363281 -306.104187
v -220.845901 660.363281 -305.358307
v -218.649506 662.297607 -307.482086
v -218.649506 662.297607 -248.851303
v -220.845901 660.363281 -250.975006
v -221.591705 660.363281 -250.229095
v -219.467697 662.297607 -248.033203
v -278.106689 662.297607 -248.033203
v -275.982697 660.363281 -250.229095
v -276.728790 660.363281 -250.975006
v -278.924988 662.297607 -248.851303
v -278.924988 662.297607 -307.482086
v -276.728790 660.363281 -305.358307
v -278.106689 662.297607 -308.300201
v -276.566193 664.231873 -306.673492
v -221.008408 664.231873 -306.673492
v -219.467697 662.297607 -308.300201
v -218.649506 662.297607 -307.482086
v -220.276306 664.231873 -305.941498
v -220.276306 664.231873 -250.391800
v -218.649506 662.297607 -248.851303
v -219.467697 662.297607 -248.033203
v -221.008408 664.231873 -249.659805
v -276.566193 664.231873 -249.659805
v -278.106689 662.297607 -248.033203
v -278.924988 662.297607 -248.851303
v -277.298096 664.231873 -250.391800
v -277.298096 664.231873 -305.941498
v -278.924988 662.297607 -307.482086
v -283.292206 690.959595 -313.402191
v -285.260315 693.141174 -315.447601
v -212.314407 693.141174 -315.447601
v -214.282303 690.959595 -313.402191
v -213.546906 690.959595 -312.666687
v -211.501007 693.141174 -314.634399
v -211.501007 693.141174 -241.698898
v -213.546906 690.959595 -243.666595
v -214.282303 690.959595 -242.931198
v -212.314407 693.141174 -240.885803
v -285.260315 693.141174 -240.885803
v -283.292206 690.959595 -242.931198
v -284.027802 690.959595 -243.666595
v -286.073486 693.141174 -241.698898
v -286.073486 693.141174 -314.634399
v -284.027802 690.959595 -312.666687
v -285.260315 693.141174 -315.447601
v -283.214600 695.322815 -313.402191
v -214.360001 695.322815 -313.402191
v -212.314407 693.141174 -315.447601
v -211.501007 693.141174 -314.634399
v -213.546906 695.322815 -312.588989
v -213.546906 695.322815 -243.744293
v -211.501007 693.141174 -241.698898
v -212.314407 693.141174 -240.885803
v -214.360001 695.322815 -242.931198
v -283.214600 695.322815 -242.931198
v -285.260315 693.141174 -240.885803
v -286.073486 693.141174 -241.698898
v -284.027802 695.322815 -243.744293
v -284.027802 695.322815 -312.588989
v -286.073486 693.141174 -314.634399
v -221.591705 660.363281 -306.104187
v -220.845901 660.363281 -305.358307
v -220.845901 520.342285 -305.432495
v -221.517502 520.342285 -306.104187
v -279.989288 679.695312 -310.078186
v -280.703400 679.695312 -309.364288
v -284.027802 686.596619 -312.701996
v -283.327606 686.596619 -313.402191
v -277.387909 670.696411 -307.449707
v -278.074493 670.696411 -306.763397
v -276.566193 664.231873 -306.673492
v -277.298096 664.231873 -305.941498
v -220.845901 660.363281 -250.975006
v -221.591705 660.363281 -250.229095
v -221.517502 520.342285 -250.229095
v -220.845901 520.342285 -250.900803
v -275.982697 660.363281 -250.229095
v -276.728790 660.363281 -250.975006
v -276.728790 520.342285 -250.900803
v -276.056885 520.342285 -250.229095
v -220.186295 670.696289 -307.449707
v -219.500198 670.696289 -306.763397
v -220.276306 664.231873 -305.941498
v -221.008408 664.231873 -306.673492
v -217.585098 679.695312 -310.078186
v -216.871307 679.695312 -309.364288
v -214.246994 686.596619 -313.402191
v -213.546906 686.596619 -312.701996
v -276.056885 520.342285 -306.104187
v -276.728790 520.342285 -305.432495
v -276.728790 660.363281 -305.358307
v -275.982697 660.363281 -306.104187
v -219.500198 670.696289 -249.569901
v -220.186295 670.696289 -248.883606
v -221.008408 664.231873 -249.659805
v -220.276306 664.231873 -250.391800
v -216.871307 679.695312 -246.969101
v -217.585098 679.695312 -246.255096
v -213.546906 686.596619 -243.631302
v -214.246994 686.596619 -242.931198
v -277.387909 670.696289 -248.883606
v -278.074493 670.696289 -249.569901
v -277.298096 664.231873 -250.391800
v -276.566193 664.231873 -249.659805
v -279.989288 679.695312 -246.255096
v -280.703400 679.695312 -246.969101
v -283.327606 686.596619 -242.931198
v -284.027802 686.596619 -243.631302
v -284.027802 690.959595 -312.666687
v -283.292206 690.959595 -313.402191
v -283.327606 686.596619 -313.402191
v -284.027802 686.596619 -312.701996
v -214.282303 690.959595 -313.402191
v -213.546906 690.959595 -312.666687
v -213.546906 686.596619 -312.701996
v -214.246994 686.596619 -313.402191
v -213.546906 690.959595 -243.666595
v -214.282303 690.959595 -242.931198
v -214.246994 686.596619 -242.931198
v -213.546906 686.596619 -243.631302
v -283.292206 690.959595 -242.931198
v -284.027802 690.959595 -243.666595
v -284.027802 686.596619 -243.631302
v -283.327606 686.596619 -242.931198
v -218.649506 662.297607 -307.482086
v -219.467697 662.297607 -308.300201
v -221.008408 664.231873 -306.673492
v -220.276306 664.231873 -305.941498
v -278.106689 662.297607 -308.300201
v -278.924988 662.297607 -307.482086
v -277.298096 664.231873 -305.941498
v -276.566193 664.231873 -306.673492
v -219.467697 662.297607 -248.033203
v -218.649506 662.297607 -248.851303
v -220.276306 664.231873 -250.391800
v -221.008408 664.231873 -249.659805
v -278.924988 662.297607 -248.851303
v -278.106689 662.297607 -248.033203
v -276.566193 664.231873 -249.659805
v -277.298096 664.231873 -250.391800
v -220.845901 660.363281 -305.358307
v -221.591705 660.363281 -306.104187
v -219.467697 662.297607 -308.300201
v -218.649506 662.297607 -307.482086
v -275.982697 660.363281 -306.104187
v -276.728790 660.363281 -305.358307
v -278.924988 662.297607 -307.482086
v -278.106689 662.297607 -308.300201
v -221.591705 660.363281 -250.229095
v -220.845901 660.363281 -250.975006
v -218.649506 662.297607 -248.851303
v -219.467697 662.297607 -248.033203
v -276.728790 660.363281 -250.975006
v -275.982697 660.363281 -250.229095
v -278.106689 662.297607 -248.033203
v -278.924988 662.297607 -248.851303
v -286.073486 693.141174 -314.634399
v -285.260315 693.141174 -315.447601
v -283.292206 690.959595 -313.402191
v -284.027802 690.959595 -312.666687
v -212.314407 693.141174 -315.447601
v -211.501007 693.141174 -314.634399
v -213.546906 690.959595 -312.666687
v -214.282303 690.959595 -313.402191
v -211.501007 693.141174 -241.698898
v -212.314407 693.141174 -240.885803
v -214.282303 690.959595 -242.931198
v -213.546906 690.959595 -243.666595
v -285.260315 693.141174 -240.885803
v -286.073486 693.141174 -241.698898
v -284.027802 690.959595 -243.666595
v -283.292206 690.959595 -242.931198
v -284.027802 695.322815 -312.588989
v -283.214600 695.322815 -313.402191
v -285.260315 693.141174 -315.447601
v -286.073486 693.141174 -314.634399
v -214.360001 695.322815 -313.402191
v -213.546906 695.322815 -312.588989
v -211.501007 693.141174 -314.634399
v -212.314407 693.141174 -315.447601
v -213.546906 695.322815 -243.744293
v -214.360001 695.322815 -242.931198
v -212.314407 693.141174 -240.885803
v -211.501007 693.141174 -241.698898
v -283.214600 695.322815 -242.931198
v -284.027802 695.322815 -243.744293
v -286.073486 693.141174 -241.698898
v -285.260315 693.141174 -240.885803
v -284.282990 511.840698 -312.804810
v -284.282990 511.840698 -243.528503
v -277.344513 518.764221 -250.299393
v -277.344513 518.764221 -306.033905
v -284.282990 511.840698 -243.528503
v -283.430389 511.840698 -242.675903
v -276.658691 518.764221 -249.613403
v -277.344513 518.764221 -250.299393
v -283.430389 511.840698 -242.675903
v -214.144104 511.840698 -242.675903
v -220.916000 518.764221 -249.613403
v -276.658691 518.764221 -249.613403
v -214.144104 511.840698 -242.675903
v -213.291595 511.840698 -243.528503
v -220.229996 518.764221 -250.299393
v -220.916000 518.764221 -249.613403
v -213.291595 511.840698 -243.528503
v -213.291595 511.840698 -312.804810
v -220.229996 518.764221 -306.033905
v -220.229996 518.764221 -250.299393
v -213.291595 511.840698 -312.804810
v -214.144104 511.840698 -313.657501
v -220.916000 518.764221 -306.719910
v -220.229996 518.764221 -306.033905
v -214.144104 511.840698 -313.657501
v -283.430389 511.840698 -313.657501
v -276.658691 518.764221 -306.719910
v -220.916000 518.764221 -306.719910
v -283.430389 511.840698 -313.657501
v -284.282990 511.840698 -312.804810
v -277.344513 518.764221 -306.033905
v -276.658691 518.764221 -306.719910
v -285.739685 509.490295 -313.408112
v -285.739685 509.490295 -242.925201
v -285.739685 511.840698 -242.925201
v -285.739685 511.840698 -313.408112
v -285.739685 509.490295 -242.925201
v -284.033691 509.490295 -241.219299
v -284.033691 511.840698 -241.219299
v -285.739685 511.840698 -242.925201
v -284.033691 509.490295 -241.219299
v -213.540802 509.490295 -241.219299
v -213.540802 511.840698 -241.219299
v -284.033691 511.840698 -241.219299
v -213.540802 509.490295 -241.219299
v -211.834900 509.490295 -242.925095
v -211.834900 511.840698 -242.925095
v -213.540802 511.840698 -241.219299
v -211.834900 509.490295 -242.925095
v -211.834900 509.490295 -313.407990
v -211.834900 511.840698 -313.407990
v -211.834900 511.840698 -242.925095
v -211.834900 509.490295 -313.407990
v -213.540802 509.490295 -315.114105
v -213.540802 511.840698 -315.114105
v -211.834900 511.840698 -313.407990
v -213.540802 509.490295 -315.114105
v -284.033691 509.490295 -315.114105
v -284.033691 511.840698 -315.114105
v -213.540802 511.840698 -315.114105
v -284.033691 509.490295 -315.114105
v -285.739685 509.490295 -313.408112
v -285.739685 511.840698 -313.408112
v -284.033691 511.840698 -315.114105
v -277.344513 518.764221 -250.299393
v -277.856415 519.553223 -249.800003
v -277.856415 519.553223 -306.533295
v -277.344513 518.764221 -306.033905
v -220.916000 518.764221 -249.613403
v -220.416595 519.553223 -249.101501
v -277.157990 519.553223 -249.101501
v -276.658691 518.764221 -249.613403
v -220.229996 518.764221 -306.033905
v -219.718094 519.553223 -306.533295
v -219.718094 519.553223 -249.800003
v -220.229996 518.764221 -250.299393
v -276.658691 518.764221 -306.719910
v -277.157990 519.553223 -307.231903
v -220.416595 519.553223 -307.231903
v -220.916000 518.764221 -306.719910
v -277.344513 518.764221 -306.033905
v -277.856415 519.553223 -306.533295
v -277.157990 519.553223 -307.231903
v -276.658691 518.764221 -306.719910
v -220.916000 518.764221 -306.719910
v -220.416595 519.553223 -307.231903
v -219.718094 519.553223 -306.533295
v -220.229996 518.764221 -306.033905
v -276.658691 518.764221 -249.613403
v -277.157990 519.553223 -249.101501
v -277.856415 519.553223 -249.800003
v -277.344513 518.764221 -250.299393
v -220.229996 518.764221 -250.299393
v -219.718094 519.553223 -249.800003
v -220.416595 519.553223 -249.101501
v -220.916000 518.764221 -249.613403
v -284.282990 509.490295 -312.804810
v -284.282990 507.139801 -312.804810
v -284.282990 507.139801 -243.528503
v -284.282990 509.490295 -243.528503
v -284.282990 509.490295 -243.528503
v -284.282990 507.139801 -243.528503
v -283.430389 507.139801 -242.675903
v -283.430389 509.490295 -242.675903
v -283.430389 509.490295 -242.675903
v -283.430389 507.139801 -242.675903
v -214.144104 507.139801 -242.675903
v -214.144104 509.490295 -242.675903
v -214.144104 509.490295 -242.675903
v -214.144104 507.139801 -242.675903
v -213.291595 507.139801 -243.528503
v -213.291595 509.490295 -243.528503
v -213.291595 509.490295 -243.528503
v -213.291595 507.139801 -243.528503
v -213.291595 507.139801 -312.804810
v -213.291595 509.490295 -312.804810
v -213.291595 509.490295 -312.804810
v -213.291595 507.139801 -312.804810
v -214.144104 507.139801 -313.657501
v -214.144104 509.490295 -313.657501
v -214.144104 509.490295 -313.657501
v -214.144104 507.139801 -313.657501
v -283.430389 507.139801 -313.657501
v -283.430389 509.490295 -313.657501
v -283.430389 509.490295 -313.657501
v -283.430389 507.139801 -313.657501
v -284.282990 507.139801 -312.804810
v -284.282990 509.490295 -312.804810
v -277.856415 519.553223 -249.800003
v -276.728790 520.342285 -250.900803
v -276.728790 520.342285 -305.432495
v -277.157990 519.553223 -249.101501
v -277.856415 519.553223 -306.533295
v -276.056885 520.342285 -250.229095
v -276.056885 520.342285 -306.104187
v -220.416595 519.553223 -249.101501
v -277.157990 519.553223 -307.231903
v -221.517502 520.342285 -250.229095
v -219.718094 519.553223 -249.800003
v -220.845901 520.342285 -250.900803
v -221.517502 520.342285 -306.104187
v -220.416595 519.553223 -307.231903
v -220.845901 520.342285 -305.432495
v -219.718094 519.553223 -306.533295
v -220.845901 520.342285 -250.900803
v -219.718094 519.553223 -249.800003
v -285.739685 511.840698 -313.408112
v -285.739685 511.840698 -242.925201
v -284.282990 511.840698 -243.528503
v -284.282990 511.840698 -312.804810
v -284.033691 511.840698 -315.114105
v -283.430389 511.840698 -313.657501
v -283.430389 511.840698 -242.675903
v -284.033691 511.840698 -241.219299
v -214.144104 511.840698 -242.675903
v -213.540802 511.840698 -241.219299
v -213.291595 511.840698 -243.528503
v -211.834900 511.840698 -242.925095
v -213.291595 511.840698 -312.804810
v -211.834900 511.840698 -313.407990
v -214.144104 511.840698 -313.657501
v -213.540802 511.840698 -315.114105
v -283.430389 511.840698 -313.657501
v -284.033691 511.840698 -315.114105
v -285.739685 509.490295 -242.925201
v -285.739685 509.490295 -313.408112
v -284.282990 509.490295 -312.804810
v -283.430389 509.490295 -313.657501
v -284.033691 509.490295 -315.114105
v -284.282990 509.490295 -243.528503
v -284.033691 509.490295 -241.219299
v -283.430389 509.490295 -242.675903
v -213.540802 509.490295 -241.219299
v -214.144104 509.490295 -242.675903
v -211.834900 509.490295 -242.925095
v -213.291595 509.490295 -243.528503
v -211.834900 509.490295 -313.407990
v -213.291595 509.490295 -312.804810
v -213.540802 509.490295 -315.114105
v -214.144104 509.490295 -313.657501
v -284.033691 509.490295 -315.114105
v -283.430389 509.490295 -313.657501
v 154.375107 695.322815 -313.402191
v 85.520599 695.322815 -313.402191
v 84.707497 695.322815 -312.588989
v 155.188293 695.322815 -243.744293
v 155.188293 695.322815 -312.588989
v 85.520599 695.322815 -242.931198
v 84.707497 695.322815 -243.744293
v 154.375107 695.322815 -242.931198
v 92.678101 520.342285 -306.104187
v 92.752296 660.363281 -306.104187
v 147.143402 660.363281 -306.104187
v 147.217697 520.342285 -306.104187
v 92.006500 520.342285 -250.900803
v 92.006500 660.363281 -250.975006
v 92.006500 660.363281 -305.358307
v 92.006500 520.342285 -305.432495
v 147.217697 520.342285 -250.229095
v 147.143402 660.363281 -250.229095
v 92.752296 660.363281 -250.229095
v 92.678101 520.342285 -250.229095
v 147.889297 520.342285 -305.432495
v 147.889297 660.363281 -305.358307
v 147.889297 660.363281 -250.975006
v 147.889297 520.342285 -250.900803
v 91.347000 670.696289 -307.449707
v 148.548706 670.696411 -307.449707
v 147.726593 664.231873 -306.673492
v 92.169098 664.231873 -306.673492
v 88.745796 679.695312 -310.078186
v 151.149902 679.695312 -310.078186
v 85.407700 686.596619 -313.402191
v 154.488205 686.596619 -313.402191
v 90.660599 670.696289 -249.569901
v 90.660599 670.696289 -306.763397
v 91.436996 664.231873 -305.941498
v 91.436996 664.231873 -250.391800
v 88.031898 679.695312 -246.969101
v 88.031898 679.695312 -309.364288
v 84.707497 686.596619 -243.631302
v 84.707497 686.596619 -312.701996
v 148.548706 670.696289 -248.883606
v 91.347000 670.696289 -248.883606
v 92.169098 664.231873 -249.659805
v 147.726593 664.231873 -249.659805
v 151.149902 679.695312 -246.255096
v 88.745796 679.695312 -246.255096
v 154.488205 686.596619 -242.931198
v 85.407700 686.596619 -242.931198
v 149.235199 670.696411 -306.763397
v 149.235199 670.696289 -249.569901
v 148.458694 664.231873 -250.391800
v 148.458694 664.231873 -305.941498
v 151.863998 679.695312 -309.364288
v 151.863998 679.695312 -246.969101
v 155.188293 686.596619 -312.701996
v 155.188293 686.596619 -243.631302
v 85.407700 686.596619 -313.402191
v 85.442802 690.959595 -313.402191
v 154.452896 690.959595 -313.402191
v 154.488205 686.596619 -313.402191
v 84.707497 686.596619 -243.631302
v 84.707497 690.959595 -243.666595
v 84.707497 690.959595 -312.666687
v 84.707497 686.596619 -312.701996
v 154.488205 686.596619 -242.931198
v 154.452896 690.959595 -242.931198
v 85.442802 690.959595 -242.931198
v 85.407700 686.596619 -242.931198
v 155.188293 686.596619 -312.701996
v 155.188293 690.959595 -312.666687
v 155.188293 690.959595 -243.666595
v 155.188293 686.596619 -243.631302
v 90.628197 662.297607 -308.300201
v 149.267502 662.297607 -308.300201
v 147.143402 660.363281 -306.104187
v 92.752296 660.363281 -306.104187
v 89.810097 662.297607 -248.851303
v 89.810097 662.297607 -307.482086
v 92.006500 660.363281 -305.358307
v 92.006500 660.363281 -250.975006
v 149.267502 662.297607 -248.033203
v 90.628197 662.297607 -248.033203
v 92.752296 660.363281 -250.229095
v 147.143402 660.363281 -250.229095
v 150.085602 662.297607 -307.482086
v 150.085602 662.297607 -248.851303
v 147.889297 660.363281 -250.975006
v 147.889297 660.363281 -305.358307
v 92.169098 664.231873 -306.673492
v 147.726593 664.231873 -306.673492
v 149.267502 662.297607 -308.300201
v 90.628197 662.297607 -308.300201
v 91.436996 664.231873 -250.391800
v 91.436996 664.231873 -305.941498
v 89.810097 662.297607 -307.482086
v 89.810097 662.297607 -248.851303
v 147.726593 664.231873 -249.659805
v 92.169098 664.231873 -249.659805
v 90.628197 662.297607 -248.033203
v 149.267502 662.297607 -248.033203
v 148.458694 664.231873 -305.941498
v 148.458694 664.231873 -250.391800
v 150.085602 662.297607 -248.851303
v 150.085602 662.297607 -307.482086
v 83.474998 693.141174 -315.447601
v 156.420807 693.141174 -315.447601
v 154.452896 690.959595 -313.402191
v 85.442802 690.959595 -313.402191
v 82.661697 693.141174 -241.698898
v 82.661697 693.141174 -314.634399
v 84.707497 690.959595 -312.666687
v 84.707497 690.959595 -243.666595
v 156.420807 693.141174 -240.885803
v 83.474998 693.141174 -240.885803
v 85.442802 690.959595 -242.931198
v 154.452896 690.959595 -242.931198
v 157.233902 693.141174 -314.634399
v 157.233902 693.141174 -241.698898
v 155.188293 690.959595 -243.666595
v 155.188293 690.959595 -312.666687
v 85.520599 695.322815 -313.402191
v 154.375107 695.322815 -313.402191
v 156.420807 693.141174 -315.447601
v 83.474998 693.141174 -315.447601
v 84.707497 695.322815 -243.744293
v 84.707497 695.322815 -312.588989
v 82.661697 693.141174 -314.634399
v 82.661697 693.141174 -241.698898
v 154.375107 695.322815 -242.931198
v 85.520599 695.322815 -242.931198
v 83.474998 693.141174 -240.885803
v 156.420807 693.141174 -240.885803
v 155.188293 695.322815 -312.588989
v 155.188293 695.322815 -243.744293
v 157.233902 693.141174 -241.698898
v 157.233902 693.141174 -314.634399
v 92.006500 520.342285 -305.432495
v 92.006500 660.363281 -305.358307
v 92.752296 660.363281 -306.104187
v 92.678101 520.342285 -306.104187
v 155.188293 686.596619 -312.701996
v 151.863998 679.695312 -309.364288
v 151.149902 679.695312 -310.078186
v 154.488205 686.596619 -313.402191
v 148.548706 670.696411 -307.449707
v 149.235199 670.696411 -306.763397
v 147.726593 664.231873 -306.673492
v 148.458694 664.231873 -305.941498
v 92.678101 520.342285 -250.229095
v 92.752296 660.363281 -250.229095
v 92.006500 660.363281 -250.975006
v 92.006500 520.342285 -250.900803
v 147.889297 520.342285 -250.900803
v 147.889297 660.363281 -250.975006
v 147.143402 660.363281 -250.229095
v 147.217697 520.342285 -250.229095
v 91.436996 664.231873 -305.941498
v 90.660599 670.696289 -306.763397
v 91.347000 670.696289 -307.449707
v 92.169098 664.231873 -306.673492
v 88.745796 679.695312 -310.078186
v 88.031898 679.695312 -309.364288
v 85.407700 686.596619 -313.402191
v 84.707497 686.596619 -312.701996
v 147.889297 660.363281 -305.358307
v 147.889297 520.342285 -305.432495
v 147.217697 520.342285 -306.104187
v 147.143402 660.363281 -306.104187
v 92.169098 664.231873 -249.659805
v 91.347000 670.696289 -248.883606
v 90.660599 670.696289 -249.569901
v 91.436996 664.231873 -250.391800
v 88.031898 679.695312 -246.969101
v 88.745796 679.695312 -246.255096
v 84.707497 686.596619 -243.631302
v 85.407700 686.596619 -242.931198
v 148.458694 664.231873 -250.391800
v 149.235199 670.696289 -249.569901
v 148.548706 670.696289 -248.883606
v 147.726593 664.231873 -249.659805
v 151.149902 679.695312 -246.255096
v 151.863998 679.695312 -246.969101
v 154.488205 686.596619 -242.931198
v 155.188293 686.596619 -243.631302
v 154.488205 686.596619 -313.402191
v 154.452896 690.959595 -313.402191
v 155.188293 690.959595 -312.666687
v 155.188293 686.596619 -312.701996
v 84.707497 686.596619 -312.701996
v 84.707497 690.959595 -312.666687
v 85.442802 690.959595 -313.402191
v 85.407700 686.596619 -313.402191
v 85.407700 686.596619 -242.931198
v 85.442802 690.959595 -242.931198
v 84.707497 690.959595 -243.666595
v 84.707497 686.596619 -243.631302
v 155.188293 686.596619 -243.631302
v 155.188293 690.959595 -243.666595
v 154.452896 690.959595 -242.931198
v 154.488205 686.596619 -242.931198
v 92.169098 664.231873 -306.673492
v 90.628197 662.297607 -308.300201
v 89.810097 662.297607 -307.482086
v 91.436996 664.231873 -305.941498
v 148.458694 664.231873 -305.941498
v 150.085602 662.297607 -307.482086
v 149.267502 662.297607 -308.300201
v 147.726593 664.231873 -306.673492
v 91.436996 664.231873 -250.391800
v 89.810097 662.297607 -248.851303
v 90.628197 662.297607 -248.033203
v 92.169098 664.231873 -249.659805
v 147.726593 664.231873 -249.659805
v 149.267502 662.297607 -248.033203
v 150.085602 662.297607 -248.851303
v 148.458694 664.231873 -250.391800
v 90.628197 662.297607 -308.300201
v 92.752296 660.363281 -306.104187
v 92.006500 660.363281 -305.358307
v 89.810097 662.297607 -307.482086
v 150.085602 662.297607 -307.482086
v 147.889297 660.363281 -305.358307
v 147.143402 660.363281 -306.104187
v 149.267502 662.297607 -308.300201
v 89.810097 662.297607 -248.851303
v 92.006500 660.363281 -250.975006
v 92.752296 660.363281 -250.229095
v 90.628197 662.297607 -248.033203
v 149.267502 662.297607 -248.033203
v 147.143402 660.363281 -250.229095
v 147.889297 660.363281 -250.975006
v 150.085602 662.297607 -248.851303
v 154.452896 690.959595 -313.402191
v 156.420807 693.141174 -315.447601
v 157.233902 693.141174 -314.634399
v 155.188293 690.959595 -312.666687
v 84.707497 690.959595 -312.666687
v 82.661697 693.141174 -314.634399
v 83.474998 693.141174 -315.447601
v 85.442802 690.959595 -313.402191
v 85.442802 690.959595 -242.931198
v 83.474998 693.141174 -240.885803
v 82.661697 693.141174 -241.698898
v 84.707497 690.959595 -243.666595
v 155.188293 690.959595 -243.666595
v 157.233902 693.141174 -241.698898
v 156.420807 693.141174 -240.885803
v 154.452896 690.959595 -242.931198
v 156.420807 693.141174 -315.447601
v 154.375107 695.322815 -313.402191
v 155.188293 695.322815 -312.588989
v 157.233902 693.141174 -314.634399
v 82.661697 693.141174 -314.634399
v 84.707497 695.322815 -312.588989
v 85.520599 695.322815 -313.402191
v 83.474998 693.141174 -315.447601
v 83.474998 693.141174 -240.885803
v 85.520599 695.322815 -242.931198
v 84.707497 695.322815 -243.744293
v 82.661697 693.141174 -241.698898
v 157.233902 693.141174 -241.698898
v 155.188293 695.322815 -243.744293
v 154.375107 695.322815 -242.931198
v 156.420807 693.141174 -240.885803
v 148.505096 518.764221 -250.299393
v 155.443604 511.840698 -243.528503
v 155.443604 511.840698 -312.804810
v 148.505096 518.764221 -306.033905
v 147.819107 518.764221 -249.613403
v 154.591003 511.840698 -242.675903
v 155.443604 511.840698 -243.528503
v 148.505096 518.764221 -250.299393
v 92.076698 518.764221 -249.613403
v 85.304802 511.840698 -242.675903
v 154.591003 511.840698 -242.675903
v 147.819107 518.764221 -249.613403
v 91.390602 518.764221 -250.299393
v 84.452103 511.840698 -243.528503
v 85.304802 511.840698 -242.675903
v 92.076698 518.764221 -249.613403
v 91.390602 518.764221 -306.033905
v 84.452103 511.840698 -312.804810
v 84.452103 511.840698 -243.528503
v 91.390602 518.764221 -250.299393
v 92.076698 518.764221 -306.719910
v 85.304802 511.840698 -313.657501
v 84.452103 511.840698 -312.804810
v 91.390602 518.764221 -306.033905
v 147.819107 518.764221 -306.719910
v 154.591003 511.840698 -313.657501
v 85.304802 511.840698 -313.657501
v 92.076698 518.764221 -306.719910
v 148.505096 518.764221 -306.033905
v 155.443604 511.840698 -312.804810
v 154.591003 511.840698 -313.657501
v 147.819107 518.764221 -306.719910
v 156.900299 511.840698 -242.925201
v 156.900299 509.490295 -242.925201
v 156.900299 509.490295 -313.408112
v 156.900299 511.840698 -313.408112
v 155.194397 511.840698 -241.219299
v 155.194397 509.490295 -241.219299
v 156.900299 509.490295 -242.925201
v 156.900299 511.840698 -242.925201
v 84.701401 511.840698 -241.219299
v 84.701401 509.490295 -241.219299
v 155.194397 509.490295 -241.219299
v 155.194397 511.840698 -241.219299
v 82.995499 511.840698 -242.925095
v 82.995499 509.490295 -242.925095
v 84.701401 509.490295 -241.219299
v 84.701401 511.840698 -241.219299
v 82.995499 511.840698 -313.407990
v 82.995499 509.490295 -313.407990
v 82.995499 509.490295 -242.925095
v 82.995499 511.840698 -242.925095
v 84.701401 511.840698 -315.114105
v 84.701401 509.490295 -315.114105
v 82.995499 509.490295 -313.407990
v 82.995499 511.840698 -313.407990
v 155.194397 511.840698 -315.114105
v 155.194397 509.490295 -315.114105
v 84.701401 509.490295 -315.114105
v 84.701401 511.840698 -315.114105
v 156.900299 511.840698 -313.408112
v 156.900299 509.490295 -313.408112
v 155.194397 509.490295 -315.114105
v 155.194397 511.840698 -315.114105
v 149.017105 519.553223 -306.533295
v 149.017105 519.553223 -249.800003
v 148.505096 518.764221 -250.299393
v 148.505096 518.764221 -306.033905
v 148.318604 519.553223 -249.101501
v 91.577202 519.553223 -249.101501
v 92.076698 518.764221 -249.613403
v 147.819107 518.764221 -249.613403
v 90.878601 519.553223 -249.800003
v 90.878601 519.553223 -306.533295
v 91.390602 518.764221 -306.033905
v 91.390602 518.764221 -250.299393
v 91.577202 519.553223 -307.231903
v 148.318604 519.553223 -307.231903
v 147.819107 518.764221 -306.719910
v 92.076698 518.764221 -306.719910
v 148.318604 519.553223 -307.231903
v 149.017105 519.553223 -306.533295
v 148.505096 518.764221 -306.033905
v 147.819107 518.764221 -306.719910
v 90.878601 519.553223 -306.533295
v 91.577202 519.553223 -307.231903
v 92.076698 518.764221 -306.719910
v 91.390602 518.764221 -306.033905
v 149.017105 519.553223 -249.800003
v 148.318604 519.553223 -249.101501
v 147.819107 518.764221 -249.613403
v 148.505096 518.764221 -250.299393
v 91.577202 519.553223 -249.101501
v 90.878601 519.553223 -249.800003
v 91.390602 518.764221 -250.299393
v 92.076698 518.764221 -249.613403
v 155.443604 507.139801 -243.528503
v 155.443604 507.139801 -312.804810
v 155.443604 509.490295 -312.804810
v 155.443604 509.490295 -243.528503
v 154.591003 507.139801 -242.675903
v 155.443604 507.139801 -243.528503
v 155.443604 509.490295 -243.528503
v 154.591003 509.490295 -242.675903
v 85.304802 507.139801 -242.675903
v 154.591003 507.139801 -242.675903
v 154.591003 509.490295 -242.675903
v 85.304802 509.490295 -242.675903
v 84.452103 507.139801 -243.528503
v 85.304802 507.139801 -242.675903
v 85.304802 509.490295 -242.675903
v 84.452103 509.490295 -243.528503
v 84.452103 507.139801 -312.804810
v 84.452103 507.139801 -243.528503
v 84.452103 509.490295 -243.528503
v 84.452103 509.490295 -312.804810
v 85.304802 507.139801 -313.657501
v 84.452103 507.139801 -312.804810
v 84.452103 509.490295 -312.804810
v 85.304802 509.490295 -313.657501
v 154.591003 507.139801 -313.657501
v 85.304802 507.139801 -313.657501
v 85.304802 509.490295 -313.657501
v 154.591003 509.490295 -313.657501
v 155.443604 507.139801 -312.804810
v 154.591003 507.139801 -313.657501
v 154.591003 509.490295 -313.657501
v 155.443604 509.490295 -312.804810
v 147.889297 520.342285 -305.432495
v 147.889297 520.342285 -250.900803
v 149.017105 519.553223 -249.800003
v 149.017105 519.553223 -306.533295
v 148.318604 519.553223 -249.101501
v 147.217697 520.342285 -306.104187
v 147.217697 520.342285 -250.229095
v 148.318604 519.553223 -307.231903
v 91.577202 519.553223 -249.101501
v 92.678101 520.342285 -306.104187
v 92.678101 520.342285 -250.229095
v 90.878601 519.553223 -249.800003
v 92.006500 520.342285 -250.900803
v 91.577202 519.553223 -307.231903
v 92.006500 520.342285 -305.432495
v 90.878601 519.553223 -306.533295
v 92.006500 520.342285 -250.900803
v 90.878601 519.553223 -249.800003
v 155.443604 511.840698 -243.528503
v 156.900299 511.840698 -242.925201
v 156.900299 511.840698 -313.408112
v 154.591003 511.840698 -242.675903
v 155.443604 511.840698 -312.804810
v 155.194397 511.840698 -241.219299
v 155.194397 511.840698 -315.114105
v 154.591003 511.840698 -313.657501
v 85.304802 511.840698 -242.675903
v 84.701401 511.840698 -241.219299
v 84.452103 511.840698 -243.528503
v 82.995499 511.840698 -242.925095
v 84.452103 511.840698 -312.804810
v 82.995499 511.840698 -313.407990
v 85.304802 511.840698 -313.657501
v 84.701401 511.840698 -315.114105
v 154.591003 511.840698 -313.657501
v 155.194397 511.840698 -315.114105
v 155.443604 509.490295 -312.804810
v 156.900299 509.490295 -313.408112
v 156.900299 509.490295 -242.925201
v 154.591003 509.490295 -313.657501
v 155.194397 509.490295 -315.114105
v 155.443604 509.490295 -243.528503
v 155.194397 509.490295 -241.219299
v 154.591003 509.490295 -242.675903
v 84.701401 509.490295 -241.219299
v 85.304802 509.490295 -242.675903
v 82.995499 509.490295 -242.925095
v 84.452103 509.490295 -243.528503
v 82.995499 509.490295 -313.407990
v 84.452103 509.490295 -312.804810
v 84.701401 509.490295 -315.114105
v 85.304802 509.490295 -313.657501
v 155.194397 509.490295 -315.114105
v 154.591003 509.490295 -313.657501
v 457.404694 695.322815 -242.931198
v 526.259216 695.322815 -242.931198
v 527.072327 695.322815 -243.744293
v 456.591614 695.322815 -312.588989
v 456.591614 695.322815 -243.744293
v 526.259216 695.322815 -313.402191
v 527.072327 695.322815 -312.588989
v 457.404694 695.322815 -313.402191
v 519.101807 520.342285 -250.229095
v 519.027527 660.363281 -250.229095
v 464.636414 660.363281 -250.229095
v 464.562103 520.342285 -250.229095
v 519.773376 520.342285 -305.432495
v 519.773376 660.363281 -305.358307
v 519.773376 660.363281 -250.975006
v 519.773376 520.342285 -250.900803
v 464.562103 520.342285 -306.104187
v 464.636414 660.363281 -306.104187
v 519.027527 660.363281 -306.104187
v 519.101807 520.342285 -306.104187
v 463.890503 520.342285 -250.900803
v 463.890503 660.363281 -250.975006
v 463.890503 660.363281 -305.358307
v 463.890503 520.342285 -305.432495
v 520.432678 670.696289 -248.883606
v 463.231110 670.696411 -248.883606
v 464.053101 664.231873 -249.659805
v 519.610779 664.231873 -249.659805
v 523.033875 679.695312 -246.255096
v 460.629913 679.695312 -246.255096
v 526.372192 686.596619 -242.931198
v 457.291595 686.596619 -242.931198
v 521.119202 670.696289 -306.763397
v 521.119202 670.696289 -249.569901
v 520.342773 664.231873 -250.391800
v 520.342773 664.231873 -305.941498
v 523.747925 679.695312 -309.364288
v 523.747925 679.695312 -246.969101
v 527.072327 686.596619 -312.701996
v 527.072327 686.596619 -243.631302
v 463.231110 670.696289 -307.449707
v 520.432678 670.696289 -307.449707
v 519.610779 664.231873 -306.673492
v 464.053101 664.231873 -306.673492
v 460.629913 679.695312 -310.078186
v 523.033875 679.695312 -310.078186
v 457.291595 686.596619 -313.402191
v 526.372192 686.596619 -313.402191
v 462.544708 670.696411 -249.569901
v 462.544708 670.696289 -306.763397
v 463.321014 664.231873 -305.941498
v 463.321014 664.231873 -250.391800
v 459.915985 679.695312 -246.969101
v 459.915985 679.695312 -309.364288
v 456.591614 686.596619 -243.631302
v 456.591614 686.596619 -312.701996
v 526.372192 686.596619 -242.931198
v 526.336914 690.959595 -242.931198
v 457.326996 690.959595 -242.931198
v 457.291595 686.596619 -242.931198
v 527.072327 686.596619 -312.701996
v 527.072327 690.959595 -312.666687
v 527.072327 690.959595 -243.666595
v 527.072327 686.596619 -243.631302
v 457.291595 686.596619 -313.402191
v 457.326996 690.959595 -313.402191
v 526.336914 690.959595 -313.402191
v 526.372192 686.596619 -313.402191
v 456.591614 686.596619 -243.631302
v 456.591614 690.959595 -243.666595
v 456.591614 690.959595 -312.666687
v 456.591614 686.596619 -312.701996
v 521.151489 662.297607 -248.033203
v 462.512512 662.297607 -248.033203
v 464.636414 660.363281 -250.229095
v 519.027527 660.363281 -250.229095
v 521.969604 662.297607 -307.482086
v 521.969604 662.297607 -248.851303
v 519.773376 660.363281 -250.975006
v 519.773376 660.363281 -305.358307
v 462.512512 662.297607 -308.300201
v 521.151489 662.297607 -308.300201
v 519.027527 660.363281 -306.104187
v 464.636414 660.363281 -306.104187
v 461.694305 662.297607 -248.851303
v 461.694305 662.297607 -307.482086
v 463.890503 660.363281 -305.358307
v 463.890503 660.363281 -250.975006
v 519.610779 664.231873 -249.659805
v 464.053101 664.231873 -249.659805
v 462.512512 662.297607 -248.033203
v 521.151489 662.297607 -248.033203
v 520.342773 664.231873 -305.941498
v 520.342773 664.231873 -250.391800
v 521.969604 662.297607 -248.851303
v 521.969604 662.297607 -307.482086
v 464.053101 664.231873 -306.673492
v 519.610779 664.231873 -306.673492
v 521.151489 662.297607 -308.300201
v 462.512512 662.297607 -308.300201
v 463.321014 664.231873 -250.391800
v 463.321014 664.231873 -305.941498
v 461.694305 662.297607 -307.482086
v 461.694305 662.297607 -248.851303
v 528.304810 693.141174 -240.885803
v 455.359100 693.141174 -240.885803
v 457.326996 690.959595 -242.931198
v 526.336914 690.959595 -242.931198
v 529.118103 693.141174 -314.634399
v 529.118103 693.141174 -241.698898
v 527.072327 690.959595 -243.666595
v 527.072327 690.959595 -312.666687
v 455.359100 693.141174 -315.447601
v 528.304810 693.141174 -315.447601
v 526.336914 690.959595 -313.402191
v 457.326996 690.959595 -313.402191
v 454.545807 693.141174 -241.698898
v 454.545807 693.141174 -314.634399
v 456.591614 690.959595 -312.666687
v 456.591614 690.959595 -243.666595
v 526.259216 695.322815 -242.931198
v 457.404694 695.322815 -242.931198
v 455.359100 693.141174 -240.885803
v 528.304810 693.141174 -240.885803
v 527.072327 695.322815 -312.588989
v 527.072327 695.322815 -243.744293
v 529.118103 693.141174 -241.698898
v 529.118103 693.141174 -314.634399
v 457.404694 695.322815 -313.402191
v 526.259216 695.322815 -313.402191
v 528.304810 693.141174 -315.447601
v 455.359100 693.141174 -315.447601
v 456.591614 695.322815 -243.744293
v 456.591614 695.322815 -312.588989
v 454.545807 693.141174 -314.634399
v 454.545807 693.141174 -241.698898
v 519.773376 520.342285 -250.900803
v 519.773376 660.363281 -250.975006
v 519.027527 660.363281 -250.229095
v 519.101807 520.342285 -250.229095
v 456.591614 686.596619 -243.631302
v 459.915985 679.695312 -246.969101
v 460.629913 679.695312 -246.255096
v 457.291595 686.596619 -242.931198
v 463.231110 670.696411 -248.883606
v 462.544708 670.696411 -249.569901
v 464.053101 664.231873 -249.659805
v 463.321014 664.231873 -250.391800
v 519.101807 520.342285 -306.104187
v 519.027527 660.363281 -306.104187
v 519.773376 660.363281 -305.358307
v 519.773376 520.342285 -305.432495
v 463.890503 520.342285 -305.432495
v 463.890503 660.363281 -305.358307
v 464.636414 660.363281 -306.104187
v 464.562103 520.342285 -306.104187
v 520.342773 664.231873 -250.391800
v 521.119202 670.696289 -249.569901
v 520.432678 670.696289 -248.883606
v 519.610779 664.231873 -249.659805
v 523.033875 679.695312 -246.255096
v 523.747925 679.695312 -246.969101
v 526.372192 686.596619 -242.931198
v 527.072327 686.596619 -243.631302
v 463.890503 660.363281 -250.975006
v 463.890503 520.342285 -250.900803
v 464.562103 520.342285 -250.229095
v 464.636414 660.363281 -250.229095
v 519.610779 664.231873 -306.673492
v 520.432678 670.696289 -307.449707
v 521.119202 670.696289 -306.763397
v 520.342773 664.231873 -305.941498
v 523.747925 679.695312 -309.364288
v 523.033875 679.695312 -310.078186
v 527.072327 686.596619 -312.701996
v 526.372192 686.596619 -313.402191
v 463.321014 664.231873 -305.941498
v 462.544708 670.696289 -306.763397
v 463.231110 670.696289 -307.449707
v 464.053101 664.231873 -306.673492
v 460.629913 679.695312 -310.078186
v 459.915985 679.695312 -309.364288
v 457.291595 686.596619 -313.402191
v 456.591614 686.596619 -312.701996
v 457.291595 686.596619 -242.931198
v 457.326996 690.959595 -242.931198
v 456.591614 690.959595 -243.666595
v 456.591614 686.596619 -243.631302
v 527.072327 686.596619 -243.631302
v 527.072327 690.959595 -243.666595
v 526.336914 690.959595 -242.931198
v 526.372192 686.596619 -242.931198
v 526.372192 686.596619 -313.402191
v 526.336914 690.959595 -313.402191
v 527.072327 690.959595 -312.666687
v 527.072327 686.596619 -312.701996
v 456.591614 686.596619 -312.701996
v 456.591614 690.959595 -312.666687
v 457.326996 690.959595 -313.402191
v 457.291595 686.596619 -313.402191
v 519.610779 664.231873 -249.659805
v 521.151489 662.297607 -248.033203
v 521.969604 662.297607 -248.851303
v 520.342773 664.231873 -250.391800
v 463.321014 664.231873 -250.391800
v 461.694305 662.297607 -248.851303
v 462.512512 662.297607 -248.033203
v 464.053101 664.231873 -249.659805
v 520.342773 664.231873 -305.941498
v 521.969604 662.297607 -307.482086
v 521.151489 662.297607 -308.300201
v 519.610779 664.231873 -306.673492
v 464.053101 664.231873 -306.673492
v 462.512512 662.297607 -308.300201
v 461.694305 662.297607 -307.482086
v 463.321014 664.231873 -305.941498
v 521.151489 662.297607 -248.033203
v 519.027527 660.363281 -250.229095
v 519.773376 660.363281 -250.975006
v 521.969604 662.297607 -248.851303
v 461.694305 662.297607 -248.851303
v 463.890503 660.363281 -250.975006
v 464.636414 660.363281 -250.229095
v 462.512512 662.297607 -248.033203
v 521.969604 662.297607 -307.482086
v 519.773376 660.363281 -305.358307
v 519.027527 660.363281 -306.104187
v 521.151489 662.297607 -308.300201
v 462.512512 662.297607 -308.300201
v 464.636414 660.363281 -306.104187
v 463.890503 660.363281 -305.358307
v 461.694305 662.297607 -307.482086
v 457.326996 690.959595 -242.931198
v 455.359100 693.141174 -240.885803
v 454.545807 693.141174 -241.698898
v 456.591614 690.959595 -243.666595
v 527.072327 690.959595 -243.666595
v 529.118103 693.141174 -241.698898
v 528.304810 693.141174 -240.885803
v 526.336914 690.959595 -242.931198
v 526.336914 690.959595 -313.402191
v 528.304810 693.141174 -315.447601
v 529.118103 693.141174 -314.634399
v 527.072327 690.959595 -312.666687
v 456.591614 690.959595 -312.666687
v 454.545807 693.141174 -314.634399
v 455.359100 693.141174 -315.447601
v 457.326996 690.959595 -313.402191
v 455.359100 693.141174 -240.885803
v 457.404694 695.322815 -242.931198
v 456.591614 695.322815 -243.744293
v 454.545807 693.141174 -241.698898
v 529.118103 693.141174 -241.698898
v 527.072327 695.322815 -243.744293
v 526.259216 695.322815 -242.931198
v 528.304810 693.141174 -240.885803
v 528.304810 693.141174 -315.447601
v 526.259216 695.322815 -313.402191
v 527.072327 695.322815 -312.588989
v 529.118103 693.141174 -314.634399
v 454.545807 693.141174 -314.634399
v 456.591614 695.322815 -312.588989
v 457.404694 695.322815 -313.402191
v 455.359100 693.141174 -315.447601
v 463.274689 518.764221 -306.033905
v 456.336304 511.840698 -312.804810
v 456.336304 511.840698 -243.528503
v 463.274689 518.764221 -250.299393
v 463.960693 518.764221 -306.719910
v 457.188812 511.840698 -313.657410
v 456.336304 511.840698 -312.804810
v 463.274689 518.764221 -306.033905
v 519.703186 518.764221 -306.719910
v 526.474976 511.840698 -313.657410
v 457.188812 511.840698 -313.657410
v 463.960693 518.764221 -306.719910
v 520.389221 518.764221 -306.033905
v 527.327576 511.840698 -312.804810
v 526.474976 511.840698 -313.657410
v 519.703186 518.764221 -306.719910
v 520.389221 518.764221 -250.299393
v 527.327576 511.840698 -243.528503
v 527.327576 511.840698 -312.804810
v 520.389221 518.764221 -306.033905
v 519.703186 518.764221 -249.613403
v 526.474976 511.840698 -242.675903
v 527.327576 511.840698 -243.528503
v 520.389221 518.764221 -250.299393
v 463.960693 518.764221 -249.613403
v 457.188812 511.840698 -242.675903
v 526.474976 511.840698 -242.675903
v 519.703186 518.764221 -249.613403
v 463.274689 518.764221 -250.299393
v 456.336304 511.840698 -243.528503
v 457.188812 511.840698 -242.675903
v 463.960693 518.764221 -249.613403
v 454.879608 511.840698 -313.407990
v 454.879608 509.490295 -313.407990
v 454.879608 509.490295 -242.925095
v 454.879608 511.840698 -242.925095
v 456.585388 511.840698 -315.114105
v 456.585388 509.490295 -315.114105
v 454.879608 509.490295 -313.407990
v 454.879608 511.840698 -313.407990
v 527.078430 511.840698 -315.114105
v 527.078430 509.490295 -315.114105
v 456.585388 509.490295 -315.114105
v 456.585388 511.840698 -315.114105
v 528.784302 511.840698 -313.408203
v 528.784302 509.490295 -313.408203
v 527.078430 509.490295 -315.114105
v 527.078430 511.840698 -315.114105
v 528.784302 511.840698 -242.925201
v 528.784302 509.490295 -242.925201
v 528.784302 509.490295 -313.408203
v 528.784302 511.840698 -313.408203
v 527.078430 511.840698 -241.219299
v 527.078430 509.490295 -241.219299
v 528.784302 509.490295 -242.925201
v 528.784302 511.840698 -242.925201
v 456.585388 511.840698 -241.219299
v 456.585388 509.490295 -241.219299
v 527.078430 509.490295 -241.219299
v 527.078430 511.840698 -241.219299
v 454.879608 511.840698 -242.925095
v 454.879608 509.490295 -242.925095
v 456.585388 509.490295 -241.219299
v 456.585388 511.840698 -241.219299
v 462.762787 519.553223 -249.800003
v 462.762787 519.553223 -306.533295
v 463.274689 518.764221 -306.033905
v 463.274689 518.764221 -250.299393
v 463.461212 519.553223 -307.231903
v 520.202576 519.553223 -307.231903
v 519.703186 518.764221 -306.719910
v 463.960693 518.764221 -306.719910
v 520.901123 519.553223 -306.533295
v 520.901123 519.553223 -249.800003
v 520.389221 518.764221 -250.299393
v 520.389221 518.764221 -306.033905
v 520.202576 519.553223 -249.101501
v 463.461212 519.553223 -249.101501
v 463.960693 518.764221 -249.613403
v 519.703186 518.764221 -249.613403
v 463.461212 519.553223 -249.101501
v 462.762787 519.553223 -249.800003
v 463.274689 518.764221 -250.299393
v 463.960693 518.764221 -249.613403
v 520.901123 519.553223 -249.800003
v 520.202576 519.553223 -249.101501
v 519.703186 518.764221 -249.613403
v 520.389221 518.764221 -250.299393
v 462.762787 519.553223 -306.533295
v 463.461212 519.553223 -307.231903
v 463.960693 518.764221 -306.719910
v 463.274689 518.764221 -306.033905
v 520.202576 519.553223 -307.231903
v 520.901123 519.553223 -306.533295
v 520.389221 518.764221 -306.033905
v 519.703186 518.764221 -306.719910
v 456.336304 507.139801 -312.804810
v 456.336304 507.139801 -243.528503
v 456.336304 509.490295 -243.528503
v 456.336304 509.490295 -312.804810
v 457.188812 507.139801 -313.657410
v 456.336304 507.139801 -312.804810
v 456.336304 509.490295 -312.804810
v 457.188812 509.490295 -313.657410
v 526.474976 507.139801 -313.657410
v 457.188812 507.139801 -313.657410
v 457.188812 509.490295 -313.657410
v 526.474976 509.490295 -313.657410
v 527.327576 507.139801 -312.804810
v 526.474976 507.139801 -313.657410
v 526.474976 509.490295 -313.657410
v 527.327576 509.490295 -312.804810
v 527.327576 507.139801 -243.528503
v 527.327576 507.139801 -312.804810
v 527.327576 509.490295 -312.804810
v 527.327576 509.490295 -243.528503
v 526.474976 507.139801 -242.675903
v 527.327576 507.139801 -243.528503
v 527.327576 509.490295 -243.528503
v 526.474976 509.490295 -242.675903
v 457.188812 507.139801 -242.675903
v 526.474976 507.139801 -242.675903
v 526.474976 509.490295 -242.675903
v 457.188812 509.490295 -242.675903
v 456.336304 507.139801 -243.528503
v 457.188812 507.139801 -242.675903
v 457.188812 509.490295 -242.675903
v 456.336304 509.490295 -243.528503
v 463.890503 520.342285 -250.900803
v 463.890503 520.342285 -305.432495
v 462.762787 519.553223 -306.533295
v 462.762787 519.553223 -249.800003
v 463.461212 519.553223 -307.231903
v 464.562103 520.342285 -250.229095
v 464.562103 520.342285 -306.104187
v 463.461212 519.553223 -249.101501
v 520.202576 519.553223 -307.231903
v 519.101807 520.342285 -250.229095
v 519.101807 520.342285 -306.104187
v 520.901123 519.553223 -306.533295
v 519.773376 520.342285 -305.432495
v 520.202576 519.553223 -249.101501
v 519.773376 520.342285 -250.900803
v 520.901123 519.553223 -249.800003
v 519.773376 520.342285 -305.432495
v 520.901123 519.553223 -306.533295
v 456.336304 511.840698 -312.804810
v 454.879608 511.840698 -313.407990
v 454.879608 511.840698 -242.925095
v 457.188812 511.840698 -313.657410
v 456.336304 511.840698 -243.528503
v 456.585388 511.840698 -315.114105
v 456.585388 511.840698 -241.219299
v 457.188812 511.840698 -242.675903
v 526.474976 511.840698 -313.657410
v 527.078430 511.840698 -315.114105
v 527.327576 511.840698 -312.804810
v 528.784302 511.840698 -313.408203
v 527.327576 511.840698 -243.528503
v 528.784302 511.840698 -242.925201
v 526.474976 511.840698 -242.675903
v 527.078430 511.840698 -241.219299
v 457.188812 511.840698 -242.675903
v 456.585388 511.840698 -241.219299
v 456.336304 509.490295 -243.528503
v 454.879608 509.490295 -242.925095
v 454.879608 509.490295 -313.407990
v 457.188812 509.490295 -242.675903
v 456.585388 509.490295 -241.219299
v 456.336304 509.490295 -312.804810
v 456.585388 509.490295 -315.114105
v 457.188812 509.490295 -313.657410
v 527.078430 509.490295 -315.114105
v 526.474976 509.490295 -313.657410
v 528.784302 509.490295 -313.408203
v 527.327576 509.490295 -312.804810
v 528.784302 509.490295 -242.925201
v 527.327576 509.490295 -243.528503
v 527.078430 509.490295 -241.219299
v 526.474976 509.490295 -242.675903
v 456.585388 509.490295 -241.219299
v 457.188812 509.490295 -242.675903
v 821.356812 695.322815 -243.744293
v 822.169922 695.322815 -242.931198
v 844.986206 695.322815 -242.931198
v 822.169922 695.322815 -313.402191
v 821.356812 695.322815 -312.588989
v 871.191711 695.322815 -313.402191
v 871.191711 695.322815 -269.136597
v 829.401611 660.363281 -306.104187
v 871.191711 660.363281 -306.104187
v 871.191711 520.342285 -306.104187
v 829.327271 520.342285 -306.104187
v 828.655701 660.363281 -250.975006
v 828.655701 660.363281 -305.358307
v 828.655701 520.342285 -305.432495
v 828.655701 520.342285 -250.900803
v 828.818298 664.231873 -249.659805
v 851.714783 664.231873 -249.659805
v 850.938477 670.696289 -248.883606
v 827.996277 670.696289 -248.883606
v 848.310181 679.695312 -246.255096
v 825.395020 679.695312 -246.255096
v 844.986206 686.596619 -242.931198
v 822.056824 686.596619 -242.931198
v 828.086182 664.231873 -250.391800
v 827.309875 670.696289 -249.569901
v 827.309875 670.696411 -306.763397
v 828.086182 664.231873 -305.941498
v 824.681213 679.695312 -309.364288
v 824.681213 679.695312 -246.969101
v 821.356812 686.596619 -312.701996
v 821.356812 686.596619 -243.631302
v 822.092224 690.959595 -313.402191
v 871.191711 690.959595 -313.402100
v 871.191711 686.596619 -313.402191
v 822.056824 686.596619 -313.402191
v 821.356812 690.959595 -243.666595
v 821.356812 690.959595 -312.666687
v 821.356812 686.596619 -312.701996
v 821.356812 686.596619 -243.631302
v 829.401611 660.363281 -250.229095
v 852.284119 660.363281 -250.229095
v 850.088074 662.297607 -248.033203
v 827.277588 662.297607 -248.033203
v 828.655701 660.363281 -250.975006
v 826.459412 662.297607 -248.851303
v 826.459412 662.297607 -307.482086
v 828.655701 660.363281 -305.358307
v 850.088074 662.297607 -248.033203
v 851.714783 664.231873 -249.659805
v 828.818298 664.231873 -249.659805
v 827.277588 662.297607 -248.033203
v 826.459412 662.297607 -248.851303
v 828.086182 664.231873 -250.391800
v 828.086182 664.231873 -305.941498
v 826.459412 662.297607 -307.482086
v 822.092224 690.959595 -242.931198
v 844.986206 690.959595 -242.931198
v 842.940674 693.141174 -240.885803
v 820.124329 693.141174 -240.885803
v 821.356812 690.959595 -243.666595
v 819.310974 693.141174 -241.698898
v 819.310974 693.141174 -314.634399
v 821.356812 690.959595 -312.666687
v 842.940674 693.141174 -240.885803
v 844.986206 695.322815 -242.931198
v 822.169922 695.322815 -242.931198
v 820.124329 693.141174 -240.885803
v 819.310974 693.141174 -241.698898
v 821.356812 695.322815 -243.744293
v 821.356812 695.322815 -312.588989
v 819.310974 693.141174 -314.634399
v 825.395020 679.695312 -310.078186
v 824.681213 679.695312 -309.364288
v 821.356812 686.596619 -312.701996
v 822.056824 686.596619 -313.402191
v 827.996277 670.696411 -307.449707
v 827.309875 670.696411 -306.763397
v 828.818298 664.231873 -306.673492
v 828.086182 664.231873 -305.941498
v 829.401611 660.363281 -250.229095
v 828.655701 660.363281 -250.975006
v 828.655701 520.342285 -250.900803
v 829.327271 520.342285 -250.229095
v 829.327271 520.342285 -306.104187
v 828.655701 520.342285 -305.432495
v 828.655701 660.363281 -305.358307
v 829.401611 660.363281 -306.104187
v 827.996277 670.696289 -248.883606
v 827.309875 670.696289 -249.569901
v 828.086182 664.231873 -250.391800
v 828.818298 664.231873 -249.659805
v 825.395020 679.695312 -246.255096
v 824.681213 679.695312 -246.969101
v 822.056824 686.596619 -242.931198
v 821.356812 686.596619 -243.631302
v 821.356812 690.959595 -312.666687
v 822.092224 690.959595 -313.402191
v 822.056824 686.596619 -313.402191
v 821.356812 686.596619 -312.701996
v 822.092224 690.959595 -242.931198
v 821.356812 690.959595 -243.666595
v 821.356812 686.596619 -243.631302
v 822.056824 686.596619 -242.931198
v 827.277588 662.297607 -308.300201
v 826.459412 662.297607 -307.482086
v 828.086182 664.231873 -305.941498
v 828.818298 664.231873 -306.673492
v 826.459412 662.297607 -248.851303
v 827.277588 662.297607 -248.033203
v 828.818298 664.231873 -249.659805
v 828.086182 664.231873 -250.391800
v 829.401611 660.363281 -306.104187
v 828.655701 660.363281 -305.358307
v 826.459412 662.297607 -307.482086
v 827.277588 662.297607 -308.300201
v 828.655701 660.363281 -250.975006
v 829.401611 660.363281 -250.229095
v 827.277588 662.297607 -248.033203
v 826.459412 662.297607 -248.851303
v 819.310974 693.141174 -314.634399
v 820.124329 693.141174 -315.447601
v 822.092224 690.959595 -313.402191
v 821.356812 690.959595 -312.666687
v 820.124329 693.141174 -240.885803
v 819.310974 693.141174 -241.698898
v 821.356812 690.959595 -243.666595
v 822.092224 690.959595 -242.931198
v 821.356812 695.322815 -312.588989
v 822.169922 695.322815 -313.402191
v 820.124329 693.141174 -315.447601
v 819.310974 693.141174 -314.634399
v 822.169922 695.322815 -242.931198
v 821.356812 695.322815 -243.744293
v 819.310974 693.141174 -241.698898
v 820.124329 693.141174 -240.885803
v 821.101379 511.840698 -312.804810
v 821.101379 511.840698 -243.528503
v 828.039917 518.764221 -250.299393
v 828.039917 518.764221 -306.033905
v 821.101379 511.840698 -243.528503
v 821.953979 511.840698 -242.675903
v 828.725891 518.764221 -249.613403
v 828.039917 518.764221 -250.299393
v 828.725891 518.764221 -249.613403
v 821.953979 511.840698 -242.675903
v 844.730774 511.840698 -242.675903
v 851.668518 518.764221 -249.613403
v 821.953979 511.840698 -313.657501
v 821.101379 511.840698 -312.804810
v 828.039917 518.764221 -306.033905
v 828.725891 518.764221 -306.719910
v 819.644775 509.490295 -313.408112
v 819.644775 509.490295 -242.925201
v 819.644775 511.840698 -242.925201
v 819.644775 511.840698 -313.408112
v 819.644775 509.490295 -242.925201
v 821.350586 509.490295 -241.219299
v 821.350586 511.840698 -241.219299
v 819.644775 511.840698 -242.925201
v 821.350586 509.490295 -241.219299
v 843.274292 509.490295 -241.219299
v 843.274292 511.840698 -241.219299
v 821.350586 511.840698 -241.219299
v 821.350586 509.490295 -315.114105
v 819.644775 509.490295 -313.408112
v 819.644775 511.840698 -313.408112
v 821.350586 511.840698 -315.114105
v 828.039917 518.764221 -250.299393
v 827.528015 519.553223 -249.800003
v 827.528015 519.553223 -306.533295
v 828.039917 518.764221 -306.033905
v 828.725891 518.764221 -249.613403
v 851.668518 518.764221 -249.613403
v 851.156372 519.553223 -249.101501
v 828.226379 519.553223 -249.101501
v 828.039917 518.764221 -306.033905
v 827.528015 519.553223 -306.533295
v 828.226379 519.553223 -307.231903
v 828.725891 518.764221 -306.719910
v 828.725891 518.764221 -249.613403
v 828.226379 519.553223 -249.101501
v 827.528015 519.553223 -249.800003
v 828.039917 518.764221 -250.299393
v 821.101379 509.490295 -312.804810
v 821.101379 507.139801 -312.804810
v 821.101379 507.139801 -243.528503
v 821.101379 509.490295 -243.528503
v 821.101379 509.490295 -243.528503
v 821.101379 507.139801 -243.528503
v 821.953979 507.139801 -242.675903
v 821.953979 509.490295 -242.675903
v 871.191711 509.490295 -313.657501
v 871.191711 507.139801 -313.657501
v 821.953979 507.139801 -313.657501
v 821.953979 509.490295 -313.657501
v 821.953979 509.490295 -313.657501
v 821.953979 507.139801 -313.657501
v 821.101379 507.139801 -312.804810
v 821.101379 509.490295 -312.804810
v 827.528015 519.553223 -249.800003
v 828.655701 520.342285 -250.900803
v 828.655701 520.342285 -305.432495
v 828.226379 519.553223 -249.101501
v 827.528015 519.553223 -306.533295
v 829.327271 520.342285 -250.229095
v 851.156372 519.553223 -249.101501
v 852.284119 520.342285 -250.229095
v 829.327271 520.342285 -306.104187
v 828.226379 519.553223 -307.231903
v 871.191711 519.553223 -307.231903
v 871.191711 520.342285 -306.104187
v 819.644775 511.840698 -313.408112
v 819.644775 511.840698 -242.925201
v 821.101379 511.840698 -243.528503
v 821.101379 511.840698 -312.804810
v 821.350586 511.840698 -315.114105
v 821.953979 511.840698 -313.657501
v 821.953979 511.840698 -242.675903
v 821.350586 511.840698 -241.219299
v 843.274292 511.840698 -241.219299
v 844.730774 511.840698 -242.675903
v 819.644775 509.490295 -242.925201
v 819.644775 509.490295 -313.408112
v 821.101379 509.490295 -312.804810
v 821.953979 509.490295 -313.657501
v 821.350586 509.490295 -315.114105
v 821.101379 509.490295 -243.528503
v 821.350586 509.490295 -241.219299
v 821.953979 509.490295 -242.675903
v 843.274292 509.490295 -241.219299
v 844.730774 509.490295 -242.675903
v 821.953979 509.490295 -313.657501
v 821.350586 509.490295 -315.114105
v 871.191711 509.490295 -315.114105
v 871.191711 509.490295 -313.657501
v 871.191711 670.696289 -307.449707
v 871.191711 664.231873 -306.673492
v 828.818298 664.231873 -306.673492
v 827.996277 670.696411 -307.449707
v 871.191711 679.695312 -310.078186
v 825.395020 679.695312 -310.078186
v 871.191711 686.596619 -313.402191
v 822.056824 686.596619 -313.402191
v 871.191711 662.297607 -308.300201
v 871.191711 660.363281 -306.104187
v 829.401611 660.363281 -306.104187
v 827.277588 662.297607 -308.300201
v 871.191711 662.297607 -308.300201
v 827.277588 662.297607 -308.300201
v 828.818298 664.231873 -306.673492
v 871.191711 664.231873 -306.673492
v 871.191711 693.141174 -315.447601
v 871.191711 690.959595 -313.402100
v 822.092224 690.959595 -313.402191
v 820.124329 693.141174 -315.447601
v 871.191711 693.141174 -315.447601
v 820.124329 693.141174 -315.447601
v 822.169922 695.322815 -313.402191
v 871.191711 695.322815 -313.402191
v 871.191711 511.840698 -313.657501
v 821.953979 511.840698 -313.657501
v 828.725891 518.764221 -306.719910
v 871.191711 518.764221 -306.719910
v 871.191711 509.490295 -315.114105
v 821.350586 509.490295 -315.114105
v 821.350586 511.840698 -315.114105
v 871.191711 511.840698 -315.114105
v 871.191711 519.553223 -307.231903
v 871.191711 518.764221 -306.719910
v 828.725891 518.764221 -306.719910
v 828.226379 519.553223 -307.231903
v 871.191711 511.840698 -315.114105
v 821.350586 511.840698 -315.114105
v 821.953979 511.840698 -313.657501
v 871.191711 511.840698 -313.657501
v 871.191711 670.696289 -307.449707
v 909.504700 670.696289 -307.449707
v 908.728516 664.231873 -306.673492
v 871.191711 664.231873 -306.673492
v 871.191711 679.695312 -310.078186
v 912.133118 679.695312 -310.078186
v 871.191711 686.596619 -313.402191
v 915.457092 686.596619 -313.402191
v 871.191711 662.297607 -308.300201
v 910.355225 662.297607 -308.300201
v 908.159180 660.363281 -306.104187
v 871.191711 660.363281 -306.104187
v 908.728516 664.231873 -306.673492
v 910.355225 662.297607 -308.300201
v 871.191711 662.297607 -308.300201
v 871.191711 664.231873 -306.673492
v 871.191711 693.141174 -315.447601
v 917.502625 693.141174 -315.447601
v 915.457092 690.959595 -313.402191
v 871.191711 690.959595 -313.402100
v 915.457092 695.322815 -313.402191
v 917.502625 693.141174 -315.447601
v 871.191711 693.141174 -315.447601
v 871.191711 695.322815 -313.402191
v 908.774780 518.764221 -306.719910
v 915.712524 511.840698 -313.657501
v 871.191711 511.840698 -313.657501
v 871.191711 518.764221 -306.719910
v 917.169006 511.840698 -315.114105
v 917.169006 509.490295 -315.114105
v 871.191711 509.490295 -315.114105
v 871.191711 511.840698 -315.114105
v 871.191711 519.553223 -307.231903
v 909.286926 519.553223 -307.231903
v 908.774780 518.764221 -306.719910
v 871.191711 518.764221 -306.719910
v 908.159180 520.342285 -306.104187
v 909.286926 519.553223 -307.231903
v 871.191711 519.553223 -307.231903
v 871.191711 520.342285 -306.104187
v 915.712524 511.840698 -313.657501
v 917.169006 511.840698 -315.114105
v 871.191711 511.840698 -315.114105
v 871.191711 511.840698 -313.657501
v 852.284119 660.363281 -250.229095
v 829.401611 660.363281 -250.229095
v 829.327271 520.342285 -250.229095
v 852.284119 520.342285 -250.229095
v 844.986206 690.959595 -242.931198
v 822.092224 690.959595 -242.931198
v 822.056824 686.596619 -242.931198
v 844.986206 686.596619 -242.931198
v 844.730774 509.490295 -242.675903
v 821.953979 509.490295 -242.675903
v 821.953979 507.139801 -242.675903
v 844.730774 507.139801 -242.675903
v 871.191711 695.322815 -269.136597
v 915.457092 695.322815 -313.402191
v 871.191711 695.322815 -313.402191
v 908.159180 520.342285 -306.104187
v 871.191711 520.342285 -306.104187
v 871.191711 660.363281 -306.104187
v 908.159180 660.363281 -306.104187
v 915.457092 686.596619 -313.402191
v 871.191711 686.596619 -313.402191
v 871.191711 690.959595 -313.402100
v 915.457092 690.959595 -313.402191
v 915.712524 507.139801 -313.657501
v 871.191711 507.139801 -313.657501
v 871.191711 509.490295 -313.657501
v 915.712524 509.490295 -313.657501
v 915.712524 509.490295 -313.657501
v 871.191711 509.490295 -313.657501
v 871.191711 509.490295 -315.114105
v 917.169006 509.490295 -315.114105
v 915.457092 695.322815 -220.114899
v 915.457092 695.322815 -269.136597
v 871.191711 695.322815 -269.136597
v 845.799194 695.322815 -219.301804
v 914.643982 695.322815 -219.301804
v 844.986206 695.322815 -220.114899
v 844.986206 695.322815 -242.931198
v 908.159180 520.342285 -269.136597
v 908.159180 660.363281 -269.136597
v 908.159180 660.363281 -227.346603
v 908.159180 520.342285 -227.272400
v 907.487488 520.342285 -226.600693
v 907.413330 660.363281 -226.600693
v 853.030029 660.363281 -226.600693
v 852.955811 520.342285 -226.600693
v 851.714783 664.231873 -226.763306
v 850.938477 670.696289 -225.941299
v 850.938477 670.696289 -248.883606
v 851.714783 664.231873 -249.659805
v 848.310181 679.695312 -246.255096
v 848.310181 679.695312 -223.340103
v 844.986206 686.596619 -242.931198
v 844.986206 686.596619 -220.001801
v 908.818420 670.696411 -225.255005
v 851.624878 670.696289 -225.255005
v 852.446777 664.231873 -226.031296
v 907.996521 664.231873 -226.031296
v 911.419312 679.695312 -222.626205
v 849.023987 679.695312 -222.626205
v 914.757019 686.596619 -219.301804
v 845.686279 686.596619 -219.301804
v 915.457092 686.596619 -269.136597
v 915.457092 690.959595 -269.136597
v 915.457092 690.959595 -220.037094
v 915.457092 686.596619 -220.001801
v 914.757019 686.596619 -219.301804
v 914.721680 690.959595 -219.301804
v 845.721619 690.959595 -219.301804
v 845.686279 686.596619 -219.301804
v 852.284119 660.363281 -227.346603
v 850.088074 662.297607 -225.222595
v 850.088074 662.297607 -248.033203
v 852.284119 660.363281 -250.229095
v 909.537109 662.297607 -224.404404
v 850.906189 662.297607 -224.404404
v 853.030029 660.363281 -226.600693
v 907.413330 660.363281 -226.600693
v 851.714783 664.231873 -226.763306
v 851.714783 664.231873 -249.659805
v 850.088074 662.297607 -248.033203
v 850.088074 662.297607 -225.222595
v 907.996521 664.231873 -226.031296
v 852.446777 664.231873 -226.031296
v 850.906189 662.297607 -224.404404
v 909.537109 662.297607 -224.404404
v 844.986206 690.959595 -220.037094
v 842.940674 693.141174 -218.069199
v 842.940674 693.141174 -240.885803
v 844.986206 690.959595 -242.931198
v 916.689392 693.141174 -217.256104
v 843.753906 693.141174 -217.256104
v 845.721619 690.959595 -219.301804
v 914.721680 690.959595 -219.301804
v 844.986206 695.322815 -220.114899
v 844.986206 695.322815 -242.931198
v 842.940674 693.141174 -240.885803
v 842.940674 693.141174 -218.069199
v 914.643982 695.322815 -219.301804
v 845.799194 695.322815 -219.301804
v 843.753906 693.141174 -217.256104
v 916.689392 693.141174 -217.256104
v 914.757019 686.596619 -219.301804
v 911.419312 679.695312 -222.626205
v 912.133118 679.695312 -223.340103
v 915.457092 686.596619 -220.001801
v 909.504700 670.696411 -225.941299
v 908.818420 670.696411 -225.255005
v 908.728516 664.231873 -226.763306
v 907.996521 664.231873 -226.031296
v 852.955811 520.342285 -226.600693
v 853.030029 660.363281 -226.600693
v 852.284119 660.363281 -227.346603
v 852.284119 520.342285 -227.272400
v 907.413330 660.363281 -226.600693
v 907.487488 520.342285 -226.600693
v 908.159180 520.342285 -227.272400
v 908.159180 660.363281 -227.346603
v 852.446777 664.231873 -226.031296
v 851.624878 670.696289 -225.255005
v 850.938477 670.696289 -225.941299
v 851.714783 664.231873 -226.763306
v 848.310181 679.695312 -223.340103
v 849.023987 679.695312 -222.626205
v 844.986206 686.596619 -220.001801
v 845.686279 686.596619 -219.301804
v 915.457092 686.596619 -220.001801
v 915.457092 690.959595 -220.037094
v 914.721680 690.959595 -219.301804
v 914.757019 686.596619 -219.301804
v 845.686279 686.596619 -219.301804
v 845.721619 690.959595 -219.301804
v 844.986206 690.959595 -220.037094
v 844.986206 686.596619 -220.001801
v 907.996521 664.231873 -226.031296
v 909.537109 662.297607 -224.404404
v 910.355225 662.297607 -225.222504
v 908.728516 664.231873 -226.763306
v 851.714783 664.231873 -226.763306
v 850.088074 662.297607 -225.222595
v 850.906189 662.297607 -224.404404
v 852.446777 664.231873 -226.031296
v 909.537109 662.297607 -224.404404
v 907.413330 660.363281 -226.600693
v 908.159180 660.363281 -227.346603
v 910.355225 662.297607 -225.222504
v 850.088074 662.297607 -225.222595
v 852.284119 660.363281 -227.346603
v 853.030029 660.363281 -226.600693
v 850.906189 662.297607 -224.404404
v 915.457092 690.959595 -220.037094
v 917.502625 693.141174 -218.069199
v 916.689392 693.141174 -217.256104
v 914.721680 690.959595 -219.301804
v 845.721619 690.959595 -219.301804
v 843.753906 693.141174 -217.256104
v 842.940674 693.141174 -218.069199
v 844.986206 690.959595 -220.037094
v 917.502625 693.141174 -218.069199
v 915.457092 695.322815 -220.114899
v 914.643982 695.322815 -219.301804
v 916.689392 693.141174 -217.256104
v 843.753906 693.141174 -217.256104
v 845.799194 695.322815 -219.301804
v 844.986206 695.322815 -220.114899
v 842.940674 693.141174 -218.069199
v 852.354370 518.764221 -225.984894
v 845.583496 511.840698 -219.046402
v 914.859802 511.840698 -219.046402
v 908.088928 518.764221 -225.984894
v 851.668518 518.764221 -226.670898
v 844.730713 511.840698 -219.899094
v 845.583496 511.840698 -219.046402
v 852.354370 518.764221 -225.984894
v 851.668518 518.764221 -226.670898
v 851.668518 518.764221 -249.613403
v 844.730774 511.840698 -242.675903
v 844.730713 511.840698 -219.899094
v 908.088928 518.764221 -225.984894
v 914.859802 511.840698 -219.046402
v 915.712280 511.840698 -219.899094
v 908.774780 518.764221 -226.670898
v 844.980225 511.840698 -217.589706
v 844.980225 509.490295 -217.589706
v 915.463074 509.490295 -217.589706
v 915.463074 511.840698 -217.589706
v 843.274170 511.840698 -219.295700
v 843.274170 509.490295 -219.295700
v 844.980225 509.490295 -217.589706
v 844.980225 511.840698 -217.589706
v 843.274292 511.840698 -241.219299
v 843.274292 509.490295 -241.219299
v 843.274170 509.490295 -219.295700
v 843.274170 511.840698 -219.295700
v 915.463074 511.840698 -217.589706
v 915.463074 509.490295 -217.589706
v 917.169006 509.490295 -219.295700
v 917.169006 511.840698 -219.295700
v 908.588379 519.553223 -225.472900
v 851.854919 519.553223 -225.472900
v 852.354370 518.764221 -225.984894
v 908.088928 518.764221 -225.984894
v 851.668518 518.764221 -226.670898
v 851.156372 519.553223 -226.171494
v 851.156372 519.553223 -249.101501
v 851.668518 518.764221 -249.613403
v 909.286926 519.553223 -226.171402
v 908.588379 519.553223 -225.472900
v 908.088928 518.764221 -225.984894
v 908.774780 518.764221 -226.670898
v 851.854919 519.553223 -225.472900
v 851.156372 519.553223 -226.171494
v 851.668518 518.764221 -226.670898
v 852.354370 518.764221 -225.984894
v 845.583496 507.139801 -219.046402
v 914.859802 507.139801 -219.046402
v 914.859802 509.490295 -219.046402
v 845.583496 509.490295 -219.046402
v 844.730713 507.139801 -219.899094
v 845.583496 507.139801 -219.046402
v 845.583496 509.490295 -219.046402
v 844.730713 509.490295 -219.899094
v 915.712280 507.139801 -219.899094
v 915.712524 507.139801 -269.136597
v 915.712524 509.490295 -269.136597
v 915.712280 509.490295 -219.899094
v 914.859802 507.139801 -219.046402
v 915.712280 507.139801 -219.899094
v 915.712280 509.490295 -219.899094
v 914.859802 509.490295 -219.046402
v 907.487488 520.342285 -226.600693
v 852.955811 520.342285 -226.600693
v 851.854919 519.553223 -225.472900
v 908.588379 519.553223 -225.472900
v 851.156372 519.553223 -226.171494
v 908.159180 520.342285 -227.272400
v 852.284119 520.342285 -227.272400
v 851.156372 519.553223 -249.101501
v 852.284119 520.342285 -250.229095
v 909.286926 519.553223 -226.171402
v 909.286926 519.553223 -269.136597
v 908.159180 520.342285 -269.136597
v 845.583496 511.840698 -219.046402
v 844.980225 511.840698 -217.589706
v 915.463074 511.840698 -217.589706
v 914.859802 511.840698 -219.046402
v 917.169006 511.840698 -219.295700
v 915.712280 511.840698 -219.899094
v 844.730713 511.840698 -219.899094
v 843.274170 511.840698 -219.295700
v 843.274292 511.840698 -241.219299
v 844.730774 511.840698 -242.675903
v 914.859802 509.490295 -219.046402
v 915.463074 509.490295 -217.589706
v 844.980225 509.490295 -217.589706
v 915.712280 509.490295 -219.899094
v 917.169006 509.490295 -219.295700
v 845.583496 509.490295 -219.046402
v 843.274170 509.490295 -219.295700
v 844.730713 509.490295 -219.899094
v 843.274292 509.490295 -241.219299
v 844.730774 509.490295 -242.675903
v 915.712280 509.490295 -219.899094
v 915.712524 509.490295 -269.136597
v 917.169006 509.490295 -269.136597
v 917.169006 509.490295 -219.295700
v 909.504700 670.696289 -269.136597
v 909.504700 670.696411 -225.941299
v 908.728516 664.231873 -226.763306
v 908.728516 664.231873 -269.136597
v 912.133118 679.695312 -269.136597
v 912.133118 679.695312 -223.340103
v 915.457092 686.596619 -269.136597
v 915.457092 686.596619 -220.001801
v 910.355225 662.297607 -269.136597
v 910.355225 662.297607 -225.222504
v 908.159180 660.363281 -227.346603
v 908.159180 660.363281 -269.136597
v 908.728516 664.231873 -226.763306
v 910.355225 662.297607 -225.222504
v 910.355225 662.297607 -269.136597
v 908.728516 664.231873 -269.136597
v 917.502625 693.141174 -269.136597
v 917.502625 693.141174 -218.069199
v 915.457092 690.959595 -220.037094
v 915.457092 690.959595 -269.136597
v 915.457092 695.322815 -220.114899
v 917.502625 693.141174 -218.069199
v 917.502625 693.141174 -269.136597
v 915.457092 695.322815 -269.136597
v 908.774780 518.764221 -226.670898
v 915.712280 511.840698 -219.899094
v 915.712524 511.840698 -269.136597
v 908.774780 518.764221 -269.136597
v 917.169006 511.840698 -219.295700
v 917.169006 509.490295 -219.295700
v 917.169006 509.490295 -269.136597
v 917.169006 511.840698 -269.136597
v 909.286926 519.553223 -269.136597
v 909.286926 519.553223 -226.171402
v 908.774780 518.764221 -226.670898
v 908.774780 518.764221 -269.136597
v 915.712280 511.840698 -219.899094
v 917.169006 511.840698 -219.295700
v 917.169006 511.840698 -269.136597
v 915.712524 511.840698 -269.136597
v 909.504700 670.696289 -269.136597
v 908.728516 664.231873 -269.136597
v 908.728516 664.231873 -306.673492
v 909.504700 670.696289 -307.449707
v 912.133118 679.695312 -269.136597
v 912.133118 679.695312 -310.078186
v 915.457092 686.596619 -269.136597
v 915.457092 686.596619 -313.402191
v 910.355225 662.297607 -269.136597
v 908.159180 660.363281 -269.136597
v 908.159180 660.363281 -306.104187
v 910.355225 662.297607 -308.300201
v 910.355225 662.297607 -269.136597
v 910.355225 662.297607 -308.300201
v 908.728516 664.231873 -306.673492
v 908.728516 664.231873 -269.136597
v 917.502625 693.141174 -269.136597
v 915.457092 690.959595 -269.136597
v 915.457092 690.959595 -313.402191
v 917.502625 693.141174 -315.447601
v 917.502625 693.141174 -269.136597
v 917.502625 693.141174 -315.447601
v 915.457092 695.322815 -313.402191
v 915.457092 695.322815 -269.136597
v 915.712524 511.840698 -269.136597
v 915.712524 511.840698 -313.657501
v 908.774780 518.764221 -306.719910
v 908.774780 518.764221 -269.136597
v 917.169006 509.490295 -269.136597
v 917.169006 509.490295 -315.114105
v 917.169006 511.840698 -315.114105
v 917.169006 511.840698 -269.136597
v 909.286926 519.553223 -269.136597
v 908.774780 518.764221 -269.136597
v 908.774780 518.764221 -306.719910
v 909.286926 519.553223 -307.231903
v 909.286926 519.553223 -269.136597
v 909.286926 519.553223 -307.231903
v 908.159180 520.342285 -306.104187
v 908.159180 520.342285 -269.136597
v 917.169006 511.840698 -269.136597
v 917.169006 511.840698 -315.114105
v 915.712524 511.840698 -313.657501
v 915.712524 511.840698 -269.136597
v 852.284119 520.342285 -227.272400
v 852.284119 660.363281 -227.346603
v 852.284119 660.363281 -250.229095
v 852.284119 520.342285 -250.229095
v 844.986206 686.596619 -220.001801
v 844.986206 690.959595 -220.037094
v 844.986206 690.959595 -242.931198
v 844.986206 686.596619 -242.931198
v 844.730713 507.139801 -219.899094
v 844.730713 509.490295 -219.899094
v 844.730774 509.490295 -242.675903
v 844.730774 507.139801 -242.675903
v 871.191711 695.322815 -269.136597
v 915.457092 695.322815 -269.136597
v 915.457092 695.322815 -313.402191
v 908.159180 660.363281 -269.136597
v 908.159180 520.342285 -269.136597
v 908.159180 520.342285 -306.104187
v 908.159180 660.363281 -306.104187
v 915.457092 690.959595 -269.136597
v 915.457092 686.596619 -269.136597
v 915.457092 686.596619 -313.402191
v 915.457092 690.959595 -313.402191
v 915.712524 509.490295 -269.136597
v 915.712524 507.139801 -269.136597
v 915.712524 507.139801 -313.657501
v 915.712524 509.490295 -313.657501
v 917.169006 509.490295 -269.136597
v 915.712524 509.490295 -269.136597
v 915.712524 509.490295 -313.657501
v 917.169006 509.490295 -315.114105
v 1297.145508 664.231873 -639.178101
v 1296.513672 670.696289 -638.356201
v 1296.513672 670.696289 -645.287781
v 1297.145508 664.231873 -645.287781
v 1294.373779 679.695312 -645.287781
v 1294.373779 679.695312 -635.755371
v 1291.667725 686.596619 -645.287781
v 1291.667725 686.596619 -632.417603
v 1297.609131 660.363281 -639.761230
v 1295.821289 662.297607 -637.637573
v 1295.821289 662.297607 -645.287781
v 1297.609131 660.363281 -645.287781
v 1297.145508 664.231873 -639.178101
v 1297.145508 664.231873 -645.287781
v 1295.821289 662.297607 -645.287781
v 1295.821289 662.297607 -637.637573
v 1291.667725 690.959595 -632.452881
v 1290.002197 693.141113 -630.485229
v 1290.002197 693.141113 -645.287781
v 1291.667725 690.959595 -645.287781
v 1291.667725 695.322693 -632.530579
v 1291.667725 695.322693 -645.287781
v 1290.002197 693.141113 -645.287781
v 1290.002197 693.141113 -630.485229
v 1297.637451 664.231873 -638.573730
v 1296.987061 670.696289 -637.774719
v 1296.513672 670.696289 -638.356201
v 1297.145508 664.231873 -639.178101
v 1294.373779 679.695312 -635.755371
v 1294.858398 679.695312 -635.159790
v 1291.667725 686.596619 -632.417603
v 1292.146973 686.596619 -631.828674
v 1292.146973 686.596619 -631.828674
v 1292.161377 690.959595 -631.846375
v 1291.667725 690.959595 -632.452881
v 1291.667725 686.596619 -632.417603
v 1292.161377 690.959595 -631.846375
v 1290.527832 693.141113 -629.839783
v 1290.002197 693.141113 -630.485229
v 1291.667725 690.959595 -632.452881
v 1290.002197 693.141113 -630.485229
v 1290.527832 693.141113 -629.839783
v 1292.192871 695.322693 -631.885315
v 1291.667725 695.322693 -632.530579
v 1291.667725 686.596619 -645.287781
v 1291.667725 686.596619 -632.417603
v 1291.667725 690.959595 -632.452881
v 1291.667725 690.959595 -645.287781
v 1297.609131 660.363281 -645.287781
v 1303.103516 660.363281 -645.288513
v 1298.604980 660.363281 -639.762207
v 1297.609131 660.363281 -639.761230
v 1298.106689 660.363281 -639.150085
v 1297.637451 664.231873 -638.573730
v 1297.145508 664.231873 -639.178101
v 1295.821289 662.297607 -637.637573
v 1296.348389 662.297607 -636.989990
v 1295.821289 662.297607 -637.637573
v 1297.609131 660.363281 -639.761230
v 1298.106689 660.363281 -639.150085
v 1296.348389 662.297607 -636.989990
v 1291.667725 695.322693 -645.287781
v 1291.667725 695.322693 -632.530579
v 1292.192871 695.322693 -631.885315
v 1303.103516 695.322693 -645.288574
v 1298.129395 664.231873 -637.969421
v 1303.102783 664.231873 -637.969482
v 1303.102783 670.696289 -637.193176
v 1297.460449 670.696289 -637.193176
v 1303.102783 679.695312 -634.564270
v 1295.343262 679.695312 -634.564514
v 1303.102783 686.596619 -631.239990
v 1292.626221 686.596619 -631.239929
v 1298.604004 660.363281 -638.539124
v 1303.102783 660.363281 -638.539124
v 1303.102783 662.297607 -636.342529
v 1296.875488 662.297607 -636.342529
v 1303.102783 662.297607 -636.342529
v 1303.102783 664.231873 -637.969482
v 1298.129395 664.231873 -637.969421
v 1296.875488 662.297607 -636.342529
v 1292.655029 690.959595 -631.239929
v 1303.102783 690.959595 -631.239990
v 1303.102783 693.141113 -629.194092
v 1291.053223 693.141113 -629.194092
v 1303.102783 693.141113 -629.194092
v 1303.102783 695.322693 -631.239990
v 1292.718262 695.322693 -631.239990
v 1291.053223 693.141113 -629.194092
v 1298.129395 664.231873 -637.969421
v 1297.460449 670.696289 -637.193176
v 1296.987061 670.696289 -637.774719
v 1297.637451 664.231873 -638.573730
v 1294.858398 679.695312 -635.159790
v 1295.343262 679.695312 -634.564514
v 1292.146973 686.596619 -631.828674
v 1292.626221 686.596619 -631.239929
v 1292.655029 690.959595 -631.239929
v 1292.161377 690.959595 -631.846375
v 1292.146973 686.596619 -631.828674
v 1292.626221 686.596619 -631.239929
v 1292.655029 690.959595 -631.239929
v 1291.053223 693.141113 -629.194092
v 1290.527832 693.141113 -629.839783
v 1292.161377 690.959595 -631.846375
v 1292.718262 695.322693 -631.239990
v 1292.192871 695.322693 -631.885315
v 1290.527832 693.141113 -629.839783
v 1291.053223 693.141113 -629.194092
v 1292.655029 690.959595 -631.239929
v 1292.626221 686.596619 -631.239929
v 1303.102783 686.596619 -631.239990
v 1303.102783 690.959595 -631.239990
v 1303.102783 660.363281 -638.539124
v 1298.604004 660.363281 -638.539124
v 1298.604980 660.363281 -639.762207
v 1303.103516 660.363281 -645.288513
v 1298.106689 660.363281 -639.150085
v 1296.348389 662.297607 -636.989990
v 1296.875488 662.297607 -636.342529
v 1298.129395 664.231873 -637.969421
v 1297.637451 664.231873 -638.573730
v 1296.348389 662.297607 -636.989990
v 1298.106689 660.363281 -639.150085
v 1298.604004 660.363281 -638.539124
v 1296.875488 662.297607 -636.342529
v 1292.192871 695.322693 -631.885315
v 1292.718262 695.322693 -631.239990
v 1303.102783 695.322693 -631.239990
v 1303.103516 695.322693 -645.288574
v 1297.145508 664.231873 569.614990
v 1297.145508 664.231873 575.724792
v 1296.513672 670.696289 575.724792
v 1296.513672 670.696289 568.793091
v 1294.373779 679.695312 575.724792
v 1294.373779 679.695312 566.192322
v 1291.667725 686.596497 575.724792
v 1291.667725 686.596497 562.854492
v 1297.609131 660.363220 570.198181
v 1297.609131 660.363220 575.724792
v 1295.821289 662.297485 575.724792
v 1295.821289 662.297485 568.074524
v 1295.821289 662.297485 575.724792
v 1297.145508 664.231873 575.724792
v 1297.145508 664.231873 569.614990
v 1295.821289 662.297485 568.074524
v 1291.667725 690.959595 562.889771
v 1291.667725 690.959595 575.724792
v 1290.002197 693.141113 575.724792
v 1290.002197 693.141113 560.922119
v 1290.002197 693.141113 575.724792
v 1291.667725 695.322693 575.724792
v 1291.667725 695.322693 562.967529
v 1290.002197 693.141113 560.922119
v 1296.513672 670.696289 568.793091
v 1296.987061 670.696289 568.211487
v 1297.637451 664.231873 569.010620
v 1297.145508 664.231873 569.614990
v 1294.373779 679.695312 566.192322
v 1294.858398 679.695312 565.596680
v 1291.667725 686.596497 562.854492
v 1292.146973 686.596497 562.265625
v 1291.667725 690.959595 562.889771
v 1292.161377 690.959595 562.283386
v 1292.146973 686.596497 562.265625
v 1291.667725 686.596497 562.854492
v 1290.002197 693.141113 560.922119
v 1290.527832 693.141113 560.276672
v 1292.161377 690.959595 562.283386
v 1291.667725 690.959595 562.889771
v 1290.002197 693.141113 560.922119
v 1291.667725 695.322693 562.967529
v 1292.192871 695.322693 562.322083
v 1290.527832 693.141113 560.276672
v 1291.667725 690.959595 562.889771
v 1291.667725 686.596497 562.854492
v 1291.667725 686.596497 575.724792
v 1291.667725 690.959595 575.724792
v 1297.609131 660.363220 575.724792
v 1297.609131 660.363220 570.198181
v 1298.604980 660.363220 570.198975
v 1303.103516 660.363220 575.725281
v 1298.106689 660.363220 569.586975
v 1297.637451 664.231873 569.010620
v 1296.348389 662.297485 567.426880
v 1295.821289 662.297485 568.074524
v 1297.145508 664.231873 569.614990
v 1298.106689 660.363220 569.586975
v 1297.609131 660.363220 570.198181
v 1295.821289 662.297485 568.074524
v 1296.348389 662.297485 567.426880
v 1292.192871 695.322693 562.322083
v 1291.667725 695.322693 562.967529
v 1291.667725 695.322693 575.724792
v 1303.103516 695.322693 575.725403
v 1298.129395 664.231873 568.406311
v 1297.460449 670.696289 567.630127
v 1303.102783 670.696289 567.630127
v 1303.102783 664.231873 568.406311
v 1303.102783 679.695312 565.001282
v 1295.343262 679.695312 565.001282
v 1303.102783 686.596497 561.676819
v 1292.626221 686.596497 561.676819
v 1298.604004 660.363220 568.975891
v 1296.875488 662.297485 566.779419
v 1303.102783 662.297485 566.779419
v 1303.102783 660.363220 568.975891
v 1298.129395 664.231873 568.406311
v 1303.102783 664.231873 568.406311
v 1303.102783 662.297485 566.779419
v 1296.875488 662.297485 566.779419
v 1292.655029 690.959595 561.676819
v 1291.053223 693.141113 559.630981
v 1303.102783 693.141113 559.630920
v 1303.102783 690.959595 561.676819
v 1292.718262 695.322693 561.676880
v 1303.102783 695.322693 561.676819
v 1303.102783 693.141113 559.630920
v 1291.053223 693.141113 559.630981
v 1298.129395 664.231873 568.406311
v 1297.637451 664.231873 569.010620
v 1296.987061 670.696289 568.211487
v 1297.460449 670.696289 567.630127
v 1294.858398 679.695312 565.596680
v 1295.343262 679.695312 565.001282
v 1292.146973 686.596497 562.265625
v 1292.626221 686.596497 561.676819
v 1292.146973 686.596497 562.265625
v 1292.161377 690.959595 562.283386
v 1292.655029 690.959595 561.676819
v 1292.626221 686.596497 561.676819
v 1292.655029 690.959595 561.676819
v 1292.161377 690.959595 562.283386
v 1290.527832 693.141113 560.276672
v 1291.053223 693.141113 559.630981
v 1290.527832 693.141113 560.276672
v 1292.192871 695.322693 562.322083
v 1292.718262 695.322693 561.676880
v 1291.053223 693.141113 559.630981
v 1303.102783 686.596497 561.676819
v 1292.626221 686.596497 561.676819
v 1292.655029 690.959595 561.676819
v 1303.102783 690.959595 561.676819
v 1303.102783 660.363220 568.975891
v 1303.103516 660.363220 575.725281
v 1298.604980 660.363220 570.198975
v 1298.604004 660.363220 568.975891
v 1298.106689 660.363220 569.586975
v 1298.129395 664.231873 568.406311
v 1296.875488 662.297485 566.779419
v 1296.348389 662.297485 567.426880
v 1297.637451 664.231873 569.010620
v 1296.348389 662.297485 567.426880
v 1296.875488 662.297485 566.779419
v 1298.604004 660.363220 568.975891
v 1298.106689 660.363220 569.586975
v 1303.102783 695.322693 561.676819
v 1292.718262 695.322693 561.676880
v 1292.192871 695.322693 562.322083
v 1303.103516 695.322693 575.725403
v 1297.162354 664.231873 -299.643188
v 1296.340332 670.696289 -300.564514
v 1303.271973 670.696289 -300.564514
v 1303.271973 664.231873 -299.643188
v 1303.271973 679.695190 -303.684906
v 1293.739502 679.695190 -303.684906
v 1303.271973 686.596497 -307.630707
v 1290.401855 686.596497 -307.630707
v 1295.654053 670.696289 -231.853394
v 1295.654053 670.696289 -299.750000
v 1296.430420 664.231873 -298.774414
v 1296.430420 664.231873 -232.828903
v 1293.025635 679.695190 -228.765594
v 1293.025635 679.695190 -302.837494
v 1289.701660 686.596497 -224.803207
v 1289.701660 686.596497 -306.799805
v 1289.701660 686.596497 -224.803207
v 1289.701660 690.959595 -224.845093
v 1289.701660 690.959595 -306.757904
v 1289.701660 686.596497 -306.799805
v 1303.271973 686.596497 -223.972000
v 1303.271973 690.959595 -223.972000
v 1290.437012 690.959595 -223.972000
v 1290.401855 686.596497 -223.972000
v 1297.745361 660.363220 -298.967194
v 1295.621826 662.297485 -301.574402
v 1303.271973 662.297485 -301.574402
v 1303.271973 660.363220 -298.967194
v 1294.803711 662.297485 -231.000107
v 1294.803711 662.297485 -300.602997
v 1296.999756 660.363220 -298.081909
v 1296.999756 660.363220 -233.521194
v 1297.162354 664.231873 -299.643188
v 1303.271973 664.231873 -299.643188
v 1303.271973 662.297485 -301.574402
v 1295.621826 662.297485 -301.574402
v 1296.430420 664.231873 -232.828903
v 1296.430420 664.231873 -298.774414
v 1294.803711 662.297485 -300.602997
v 1294.803711 662.297485 -231.000107
v 1290.437012 690.959595 -307.630707
v 1288.469482 693.141113 -310.059204
v 1303.271973 693.141113 -310.059204
v 1303.271973 690.959595 -307.630707
v 1287.656250 693.141113 -222.509201
v 1287.656250 693.141113 -309.093811
v 1289.701660 690.959595 -306.757904
v 1289.701660 690.959595 -224.845093
v 1290.514893 695.322571 -307.630707
v 1303.271973 695.322571 -307.630707
v 1303.271973 693.141113 -310.059204
v 1288.469482 693.141113 -310.059204
v 1289.701660 695.322571 -224.937302
v 1289.701660 695.322571 -306.665710
v 1287.656250 693.141113 -309.093811
v 1287.656250 693.141113 -222.509201
v 1297.162354 664.231873 -299.643188
v 1296.430420 664.231873 -298.774414
v 1295.654053 670.696289 -299.750000
v 1296.340332 670.696289 -300.564514
v 1293.025635 679.695190 -302.837494
v 1293.739502 679.695190 -303.684906
v 1289.701660 686.596497 -306.799805
v 1290.401855 686.596497 -307.630707
v 1297.162354 664.231873 -231.960098
v 1296.340332 670.696289 -231.038406
v 1295.654053 670.696289 -231.853394
v 1296.430420 664.231873 -232.828903
v 1293.025635 679.695190 -228.765594
v 1293.739502 679.695190 -227.918106
v 1289.701660 686.596497 -224.803207
v 1290.401855 686.596497 -223.972000
v 1289.701660 686.596497 -306.799805
v 1289.701660 690.959595 -306.757904
v 1290.437012 690.959595 -307.630707
v 1290.401855 686.596497 -307.630707
v 1290.401855 686.596497 -223.972000
v 1290.437012 690.959595 -223.972000
v 1289.701660 690.959595 -224.845093
v 1289.701660 686.596497 -224.803207
v 1297.162354 664.231873 -299.643188
v 1295.621826 662.297485 -301.574402
v 1294.803711 662.297485 -300.602997
v 1296.430420 664.231873 -298.774414
v 1297.162354 664.231873 -231.960098
v 1296.430420 664.231873 -232.828903
v 1294.803711 662.297485 -231.000107
v 1295.621826 662.297485 -230.029007
v 1294.803711 662.297485 -300.602997
v 1295.621826 662.297485 -301.574402
v 1297.745361 660.363220 -298.967194
v 1296.999756 660.363220 -298.081909
v 1294.803711 662.297485 -231.000107
v 1296.999756 660.363220 -233.521194
v 1297.745361 660.363220 -232.635803
v 1295.621826 662.297485 -230.029007
v 1290.437012 690.959595 -307.630707
v 1289.701660 690.959595 -306.757904
v 1287.656250 693.141113 -309.093811
v 1288.469482 693.141113 -310.059204
v 1290.437012 690.959595 -223.972000
v 1288.469482 693.141113 -221.543900
v 1287.656250 693.141113 -222.509201
v 1289.701660 690.959595 -224.845093
v 1287.656250 693.141113 -309.093811
v 1289.701660 695.322571 -306.665710
v 1290.514893 695.322571 -307.630707
v 1288.469482 693.141113 -310.059204
v 1287.656250 693.141113 -222.509201
v 1288.469482 693.141113 -221.543900
v 1290.514893 695.322571 -223.972000
v 1289.701660 695.322571 -224.937302
v 1303.271973 695.322571 -307.630707
v 1290.514893 695.322571 -307.630707
v 1289.701660 695.322571 -306.665710
v 1290.514893 695.322571 -223.972000
v 1303.271973 695.322571 -223.972000
v 1289.701660 695.322571 -224.937302
v 1303.271973 670.696289 -231.038406
v 1296.340332 670.696289 -231.038406
v 1297.162354 664.231873 -231.960098
v 1303.271973 664.231873 -231.960098
v 1303.271973 679.695190 -227.918198
v 1293.739502 679.695190 -227.918106
v 1303.271973 686.596497 -223.972000
v 1290.401855 686.596497 -223.972000
v 1303.271973 686.596497 -307.630707
v 1290.401855 686.596497 -307.630707
v 1290.437012 690.959595 -307.630707
v 1303.271973 690.959595 -307.630707
v 1303.271973 662.297485 -230.028793
v 1295.621826 662.297485 -230.029007
v 1297.745361 660.363220 -232.635803
v 1303.271973 660.363220 -232.635696
v 1303.271973 662.297485 -230.028793
v 1303.271973 664.231873 -231.960098
v 1297.162354 664.231873 -231.960098
v 1295.621826 662.297485 -230.029007
v 1303.271973 693.141113 -221.543900
v 1288.469482 693.141113 -221.543900
v 1290.437012 690.959595 -223.972000
v 1303.271973 690.959595 -223.972000
v 1303.271973 693.141113 -221.543900
v 1303.271973 695.322571 -223.972000
v 1290.514893 695.322571 -223.972000
v 1288.469482 693.141113 -221.543900
v 1303.271973 660.363220 -232.635696
v 1297.745361 660.363220 -232.635803
v 1297.745361 660.363220 -298.967194
v 1303.271973 660.363220 -298.967194
v 1296.999756 660.363220 -298.081909
v 1296.999756 660.363220 -233.521194
v 1297.162354 664.231873 162.577698
v 1296.340332 670.696289 161.656601
v 1303.271973 670.696289 161.656601
v 1303.271973 664.231873 162.577698
v 1303.271973 679.695190 158.536102
v 1293.739502 679.695190 158.536102
v 1303.271973 686.596497 154.590302
v 1290.401855 686.596497 154.590302
v 1295.654053 670.696289 230.367599
v 1295.654053 670.696289 162.470993
v 1296.430420 664.231873 163.446594
v 1296.430420 664.231873 229.391998
v 1293.025635 679.695190 233.455399
v 1293.025635 679.695190 159.383499
v 1289.701660 686.596497 237.417801
v 1289.701660 686.596497 155.421204
v 1289.701660 686.596497 237.417801
v 1289.701660 690.959595 237.375900
v 1289.701660 690.959595 155.463104
v 1289.701660 686.596497 155.421204
v 1303.271973 686.596497 238.248901
v 1303.271973 690.959595 238.248901
v 1290.437012 690.959595 238.248901
v 1290.401855 686.596497 238.248901
v 1297.745361 660.363220 163.253799
v 1295.621826 662.297485 160.646606
v 1303.271973 662.297485 160.646606
v 1303.271973 660.363220 163.253799
v 1294.803711 662.297485 231.220901
v 1294.803711 662.297485 161.617996
v 1296.999756 660.363220 164.139099
v 1296.999756 660.363220 228.699707
v 1297.162354 664.231873 162.577698
v 1303.271973 664.231873 162.577698
v 1303.271973 662.297485 160.646606
v 1295.621826 662.297485 160.646606
v 1296.430420 664.231873 229.391998
v 1296.430420 664.231873 163.446594
v 1294.803711 662.297485 161.617996
v 1294.803711 662.297485 231.220901
v 1290.437012 690.959595 154.590302
v 1288.469482 693.141113 152.161804
v 1303.271973 693.141113 152.161804
v 1303.271973 690.959595 154.590302
v 1287.656250 693.141113 239.711700
v 1287.656250 693.141113 153.127197
v 1289.701660 690.959595 155.463104
v 1289.701660 690.959595 237.375900
v 1290.514893 695.322571 154.590302
v 1303.271973 695.322571 154.590302
v 1303.271973 693.141113 152.161804
v 1288.469482 693.141113 152.161804
v 1289.701660 695.322571 237.283707
v 1289.701660 695.322571 155.555298
v 1287.656250 693.141113 153.127197
v 1287.656250 693.141113 239.711700
v 1297.162354 664.231873 162.577698
v 1296.430420 664.231873 163.446594
v 1295.654053 670.696289 162.470993
v 1296.340332 670.696289 161.656601
v 1293.025635 679.695190 159.383499
v 1293.739502 679.695190 158.536102
v 1289.701660 686.596497 155.421204
v 1290.401855 686.596497 154.590302
v 1297.162354 664.231873 230.260895
v 1296.340332 670.696289 231.182602
v 1295.654053 670.696289 230.367599
v 1296.430420 664.231873 229.391998
v 1293.025635 679.695190 233.455399
v 1293.739502 679.695190 234.302795
v 1289.701660 686.596497 237.417801
v 1290.401855 686.596497 238.248901
v 1289.701660 686.596497 155.421204
v 1289.701660 690.959595 155.463104
v 1290.437012 690.959595 154.590302
v 1290.401855 686.596497 154.590302
v 1290.401855 686.596497 238.248901
v 1290.437012 690.959595 238.248901
v 1289.701660 690.959595 237.375900
v 1289.701660 686.596497 237.417801
v 1297.162354 664.231873 162.577698
v 1295.621826 662.297485 160.646606
v 1294.803711 662.297485 161.617996
v 1296.430420 664.231873 163.446594
v 1297.162354 664.231873 230.260895
v 1296.430420 664.231873 229.391998
v 1294.803711 662.297485 231.220901
v 1295.621826 662.297485 232.192001
v 1294.803711 662.297485 161.617996
v 1295.621826 662.297485 160.646606
v 1297.745361 660.363220 163.253799
v 1296.999756 660.363220 164.139099
v 1294.803711 662.297485 231.220901
v 1296.999756 660.363220 228.699707
v 1297.745361 660.363220 229.585205
v 1295.621826 662.297485 232.192001
v 1290.437012 690.959595 154.590302
v 1289.701660 690.959595 155.463104
v 1287.656250 693.141113 153.127197
v 1288.469482 693.141113 152.161804
v 1290.437012 690.959595 238.248901
v 1288.469482 693.141113 240.677200
v 1287.656250 693.141113 239.711700
v 1289.701660 690.959595 237.375900
v 1287.656250 693.141113 153.127197
v 1289.701660 695.322571 155.555298
v 1290.514893 695.322571 154.590302
v 1288.469482 693.141113 152.161804
v 1287.656250 693.141113 239.711700
v 1288.469482 693.141113 240.677200
v 1290.514893 695.322571 238.248901
v 1289.701660 695.322571 237.283707
v 1303.271973 695.322571 154.590302
v 1290.514893 695.322571 154.590302
v 1289.701660 695.322571 155.555298
v 1290.514893 695.322571 238.248901
v 1303.271973 695.322571 238.248901
v 1289.701660 695.322571 237.283707
v 1303.271973 670.696289 231.182602
v 1296.340332 670.696289 231.182602
v 1297.162354 664.231873 230.260895
v 1303.271973 664.231873 230.260895
v 1303.271973 679.695190 234.302795
v 1293.739502 679.695190 234.302795
v 1303.271973 686.596497 238.248901
v 1290.401855 686.596497 238.248901
v 1303.271973 686.596497 154.590302
v 1290.401855 686.596497 154.590302
v 1290.437012 690.959595 154.590302
v 1303.271973 690.959595 154.590302
v 1303.271973 662.297485 232.192200
v 1295.621826 662.297485 232.192001
v 1297.745361 660.363220 229.585205
v 1303.271973 660.363220 229.585403
v 1303.271973 662.297485 232.192200
v 1303.271973 664.231873 230.260895
v 1297.162354 664.231873 230.260895
v 1295.621826 662.297485 232.192001
v 1303.271973 693.141113 240.677200
v 1288.469482 693.141113 240.677200
v 1290.437012 690.959595 238.248901
v 1303.271973 690.959595 238.248901
v 1303.271973 693.141113 240.677200
v 1303.271973 695.322571 238.248901
v 1290.514893 695.322571 238.248901
v 1288.469482 693.141113 240.677200
v 1303.271973 660.363220 229.585403
v 1297.745361 660.363220 229.585205
v 1297.745361 660.363220 163.253799
v 1303.271973 660.363220 163.253799
v 1296.999756 660.363220 164.139099
v 1296.999756 660.363220 228.699707
v -596.161377 664.231873 569.378174
v -595.529785 670.696289 568.556274
v -595.529785 670.696289 575.487976
v -596.161377 664.231873 575.487976
v -593.389587 679.695312 575.487976
v -593.389587 679.695312 565.955383
v -590.683777 686.596619 575.487976
v -590.683777 686.596619 562.617676
v -642.651428 670.696289 567.869873
v -596.088074 670.696289 567.869873
v -596.757629 664.231873 568.646179
v -641.982422 664.231873 568.646179
v -644.768616 679.695312 565.241516
v -593.970886 679.695312 565.241516
v -647.486084 686.596619 561.917480
v -591.253418 686.596619 561.917480
v -647.486084 686.596619 561.917480
v -647.457520 690.959595 561.917480
v -591.282227 690.959595 561.917480
v -591.253418 686.596619 561.917480
v -648.056396 686.596619 575.487976
v -648.056396 690.959595 575.487976
v -648.056396 690.959595 562.653015
v -648.056396 686.596619 562.617676
v -596.625183 660.363281 569.961426
v -594.837219 662.297607 567.837585
v -594.837219 662.297607 575.487976
v -596.625183 660.363281 575.487976
v -643.236328 662.297607 567.019470
v -595.503174 662.297607 567.019470
v -597.232422 660.363281 569.215515
v -641.507629 660.363281 569.215515
v -596.161377 664.231873 569.378174
v -596.161377 664.231873 575.487976
v -594.837219 662.297607 575.487976
v -594.837219 662.297607 567.837585
v -641.982422 664.231873 568.646179
v -596.757629 664.231873 568.646179
v -595.503174 662.297607 567.019470
v -643.236328 662.297607 567.019470
v -590.683777 690.959595 562.653015
v -589.018127 693.141113 560.685303
v -589.018127 693.141113 575.487976
v -590.683777 690.959595 575.487976
v -649.059326 693.141113 559.872070
v -589.680420 693.141113 559.872070
v -591.282227 690.959595 561.917480
v -647.457520 690.959595 561.917480
v -590.683777 695.322693 562.730713
v -590.683777 695.322693 575.487976
v -589.018127 693.141113 575.487976
v -589.018127 693.141113 560.685303
v -647.393982 695.322693 561.917480
v -591.345520 695.322693 561.917480
v -589.680420 693.141113 559.872070
v -649.059326 693.141113 559.872070
v -596.757629 664.231873 568.646179
v -596.088074 670.696289 567.869873
v -595.529785 670.696289 568.556274
v -596.161377 664.231873 569.378174
v -593.389587 679.695312 565.955383
v -593.970886 679.695312 565.241516
v -590.683777 686.596619 562.617676
v -591.253418 686.596619 561.917480
v -641.982422 664.231873 568.646179
v -642.578125 664.231873 569.378174
v -643.210388 670.696289 568.556274
v -642.651428 670.696289 567.869873
v -645.350098 679.695312 565.955383
v -644.768616 679.695312 565.241516
v -648.056396 686.596619 562.617676
v -647.486084 686.596619 561.917480
v -591.253418 686.596619 561.917480
v -591.282227 690.959595 561.917480
v -590.683777 690.959595 562.653015
v -590.683777 686.596619 562.617676
v -648.056396 686.596619 562.617676
v -648.056396 690.959595 562.653015
v -647.457520 690.959595 561.917480
v -647.486084 686.596619 561.917480
v -596.757629 664.231873 568.646179
v -596.161377 664.231873 569.378174
v -594.837219 662.297607 567.837585
v -595.503174 662.297607 567.019470
v -641.982422 664.231873 568.646179
v -643.236328 662.297607 567.019470
v -643.902283 662.297607 567.837585
v -642.578125 664.231873 569.378174
v -594.837219 662.297607 567.837585
v -596.625183 660.363281 569.961426
v -597.232422 660.363281 569.215515
v -595.503174 662.297607 567.019470
v -643.902283 662.297607 567.837585
v -643.236328 662.297607 567.019470
v -641.507629 660.363281 569.215515
v -642.114502 660.363281 569.961426
v -591.282227 690.959595 561.917480
v -589.680420 693.141113 559.872070
v -589.018127 693.141113 560.685303
v -590.683777 690.959595 562.653015
v -647.457520 690.959595 561.917480
v -648.056396 690.959595 562.653015
v -649.721375 693.141113 560.685303
v -649.059326 693.141113 559.872070
v -589.018127 693.141113 560.685303
v -589.680420 693.141113 559.872070
v -591.345520 695.322693 561.917480
v -590.683777 695.322693 562.730713
v -649.721375 693.141113 560.685303
v -648.056396 695.322693 562.730713
v -647.393982 695.322693 561.917480
v -649.059326 693.141113 559.872070
v -590.683777 695.322693 575.487976
v -590.683777 695.322693 562.730713
v -591.345520 695.322693 561.917480
v -648.056396 695.322693 562.730713
v -648.056396 695.322693 575.487976
v -647.393982 695.322693 561.917480
v -643.210388 670.696289 575.487976
v -643.210388 670.696289 568.556274
v -642.578125 664.231873 569.378174
v -642.578125 664.231873 575.487976
v -645.350098 679.695312 575.487976
v -645.350098 679.695312 565.955383
v -648.056396 686.596619 575.487976
v -648.056396 686.596619 562.617676
v -590.683777 686.596619 575.487976
v -590.683777 686.596619 562.617676
v -590.683777 690.959595 562.653015
v -590.683777 690.959595 575.487976
v -643.902283 662.297607 575.487976
v -643.902283 662.297607 567.837585
v -642.114502 660.363281 569.961426
v -642.114990 660.363281 575.487976
v -643.902283 662.297607 575.487976
v -642.578125 664.231873 575.487976
v -642.578125 664.231873 569.378174
v -643.902283 662.297607 567.837585
v -649.721375 693.141113 575.487976
v -649.721375 693.141113 560.685303
v -648.056396 690.959595 562.653015
v -648.056396 690.959595 575.487976
v -649.721375 693.141113 575.487976
v -648.056396 695.322693 575.487976
v -648.056396 695.322693 562.730713
v -649.721375 693.141113 560.685303
v -642.114990 660.363281 575.487976
v -642.114502 660.363281 569.961426
v -596.625183 660.363281 569.961426
v -596.625183 660.363281 575.487976
v -597.232422 660.363281 569.215515
v -641.507629 660.363281 569.215515
v -972.901428 664.231873 569.378174
v -972.003174 670.696289 568.556274
v -972.003174 670.696289 575.487976
v -972.901428 664.231873 575.487976
v -968.960205 679.695312 575.487976
v -968.960205 679.695312 565.955505
v -965.112793 686.596497 575.487976
v -965.112793 686.596497 562.617798
v -1039.002441 670.696289 567.869995
v -972.797424 670.696289 567.869995
v -973.748474 664.231873 568.646179
v -1038.050781 664.231873 568.646179
v -1042.012939 679.695312 565.241577
v -969.786621 679.695312 565.241577
v -1045.876953 686.596497 561.917603
v -965.923096 686.596497 561.917603
v -1045.876953 686.596497 561.917603
v -1045.835693 690.959595 561.917603
v -965.964111 690.959595 561.917603
v -965.923096 686.596497 561.917603
v -1046.687256 686.596497 575.487976
v -1046.687256 690.959595 575.487976
v -1046.687256 690.959595 562.653015
v -1046.687256 686.596497 562.617798
v -973.560486 660.363220 569.961426
v -971.018616 662.297485 567.837708
v -971.018616 662.297485 575.487976
v -973.560486 660.363220 575.487976
v -1039.834229 662.297485 567.019592
v -971.965576 662.297485 567.019592
v -974.423828 660.363220 569.215576
v -1037.375732 660.363220 569.215576
v -972.901428 664.231873 569.378174
v -972.901428 664.231873 575.487976
v -971.018616 662.297485 575.487976
v -971.018616 662.297485 567.837708
v -1038.050781 664.231873 568.646179
v -973.748474 664.231873 568.646179
v -971.965576 662.297485 567.019592
v -1039.834229 662.297485 567.019592
v -965.112793 690.959595 562.653015
v -962.744873 693.141113 560.685425
v -962.744873 693.141113 575.487976
v -965.112793 690.959595 575.487976
v -1048.113770 693.141113 559.872192
v -963.686279 693.141113 559.872192
v -965.964111 690.959595 561.917603
v -1045.835693 690.959595 561.917603
v -965.112793 695.322693 562.730774
v -965.112793 695.322693 575.487976
v -962.744873 693.141113 575.487976
v -962.744873 693.141113 560.685425
v -1045.745850 695.322693 561.917603
v -966.053711 695.322693 561.917603
v -963.686279 693.141113 559.872192
v -1048.113770 693.141113 559.872192
v -972.901428 664.231873 569.378174
v -973.748474 664.231873 568.646179
v -972.797424 670.696289 567.869995
v -972.003174 670.696289 568.556274
v -969.786621 679.695312 565.241577
v -968.960205 679.695312 565.955505
v -965.923096 686.596497 561.917603
v -965.112793 686.596497 562.617798
v -1038.898438 664.231873 569.378174
v -1039.796875 670.696289 568.556274
v -1039.002441 670.696289 567.869995
v -1038.050781 664.231873 568.646179
v -1042.012939 679.695312 565.241577
v -1042.839355 679.695312 565.955505
v -1045.876953 686.596497 561.917603
v -1046.687256 686.596497 562.617798
v -965.923096 686.596497 561.917603
v -965.964111 690.959595 561.917603
v -965.112793 690.959595 562.653015
v -965.112793 686.596497 562.617798
v -1046.687256 686.596497 562.617798
v -1046.687256 690.959595 562.653015
v -1045.835693 690.959595 561.917603
v -1045.876953 686.596497 561.917603
v -972.901428 664.231873 569.378174
v -971.018616 662.297485 567.837708
v -971.965576 662.297485 567.019592
v -973.748474 664.231873 568.646179
v -1038.898438 664.231873 569.378174
v -1038.050781 664.231873 568.646179
v -1039.834229 662.297485 567.019592
v -1040.781250 662.297485 567.837708
v -971.965576 662.297485 567.019592
v -971.018616 662.297485 567.837708
v -973.560486 660.363220 569.961426
v -974.423828 660.363220 569.215576
v -1039.834229 662.297485 567.019592
v -1037.375732 660.363220 569.215576
v -1038.239014 660.363220 569.961426
v -1040.781250 662.297485 567.837708
v -965.112793 690.959595 562.653015
v -965.964111 690.959595 561.917603
v -963.686279 693.141113 559.872192
v -962.744873 693.141113 560.685425
v -1046.687256 690.959595 562.653015
v -1049.054688 693.141113 560.685425
v -1048.113770 693.141113 559.872192
v -1045.835693 690.959595 561.917603
v -963.686279 693.141113 559.872192
v -966.053711 695.322693 561.917603
v -965.112793 695.322693 562.730774
v -962.744873 693.141113 560.685425
v -1048.113770 693.141113 559.872192
v -1049.054688 693.141113 560.685425
v -1046.687256 695.322693 562.730774
v -1045.745850 695.322693 561.917603
v -965.112793 695.322693 575.487976
v -965.112793 695.322693 562.730774
v -966.053711 695.322693 561.917603
v -1046.687256 695.322693 562.730774
v -1046.687256 695.322693 575.487976
v -1045.745850 695.322693 561.917603
v -1039.796875 670.696289 575.487976
v -1039.796875 670.696289 568.556274
v -1038.898438 664.231873 569.378174
v -1038.898438 664.231873 575.487976
v -1042.839355 679.695312 575.487976
v -1042.839355 679.695312 565.955505
v -1046.687256 686.596497 575.487976
v -1046.687256 686.596497 562.617798
v -965.112793 686.596497 575.487976
v -965.112793 686.596497 562.617798
v -965.112793 690.959595 562.653015
v -965.112793 690.959595 575.487976
v -1040.781494 662.297485 575.487976
v -1040.781250 662.297485 567.837708
v -1038.239014 660.363220 569.961426
v -1038.239502 660.363220 575.487976
v -1040.781494 662.297485 575.487976
v -1038.898438 664.231873 575.487976
v -1038.898438 664.231873 569.378174
v -1040.781250 662.297485 567.837708
v -1049.054688 693.141113 575.487976
v -1049.054688 693.141113 560.685425
v -1046.687256 690.959595 562.653015
v -1046.687256 690.959595 575.487976
v -1049.054688 693.141113 575.487976
v -1046.687256 695.322693 575.487976
v -1046.687256 695.322693 562.730774
v -1049.054688 693.141113 560.685425
v -1038.239502 660.363220 575.487976
v -1038.239014 660.363220 569.961426
v -973.560486 660.363220 569.961426
v -973.560486 660.363220 575.487976
v -974.423828 660.363220 569.215576
v -1037.375732 660.363220 569.215576
v -225.086700 664.231873 569.378174
v -224.454895 670.696289 568.556274
v -224.454895 670.696289 575.487976
v -225.086700 664.231873 575.487976
v -222.314804 679.695312 575.487976
v -222.314804 679.695312 565.955505
v -219.608902 686.596497 575.487976
v -219.608902 686.596497 562.617798
v -271.576385 670.696289 567.869995
v -225.013504 670.696289 567.869995
v -225.682693 664.231873 568.646179
v -270.907501 664.231873 568.646179
v -273.694092 679.695312 565.241577
v -222.896103 679.695312 565.241577
v -276.411407 686.596497 561.917603
v -220.178802 686.596497 561.917603
v -276.411407 686.596497 561.917603
v -276.382599 690.959595 561.917603
v -220.207306 690.959595 561.917603
v -220.178802 686.596497 561.917603
v -276.981415 686.596497 575.487976
v -276.981415 690.959595 575.487976
v -276.981415 690.959595 562.653015
v -276.981415 686.596497 562.617798
v -225.550400 660.363220 569.961426
v -223.762299 662.297485 567.837708
v -223.762299 662.297485 575.487976
v -225.550400 660.363220 575.487976
v -272.161591 662.297485 567.019592
v -224.428299 662.297485 567.019592
v -226.157501 660.363220 569.215576
v -270.432587 660.363220 569.215576
v -225.086700 664.231873 569.378174
v -225.086700 664.231873 575.487976
v -223.762299 662.297485 575.487976
v -223.762299 662.297485 567.837708
v -270.907501 664.231873 568.646179
v -225.682693 664.231873 568.646179
v -224.428299 662.297485 567.019592
v -272.161591 662.297485 567.019592
v -219.608902 690.959595 562.653015
v -217.943405 693.141113 560.685425
v -217.943405 693.141113 575.487976
v -219.608902 690.959595 575.487976
v -277.984406 693.141113 559.872192
v -218.605499 693.141113 559.872192
v -220.207306 690.959595 561.917603
v -276.382599 690.959595 561.917603
v -219.608902 695.322693 562.730774
v -219.608902 695.322693 575.487976
v -217.943405 693.141113 575.487976
v -217.943405 693.141113 560.685425
v -276.319305 695.322693 561.917603
v -220.270599 695.322693 561.917603
v -218.605499 693.141113 559.872192
v -277.984406 693.141113 559.872192
v -225.682693 664.231873 568.646179
v -225.013504 670.696289 567.869995
v -224.454895 670.696289 568.556274
v -225.086700 664.231873 569.378174
v -222.314804 679.695312 565.955505
v -222.896103 679.695312 565.241577
v -219.608902 686.596497 562.617798
v -220.178802 686.596497 561.917603
v -270.907501 664.231873 568.646179
v -271.503204 664.231873 569.378174
v -272.135498 670.696289 568.556274
v -271.576385 670.696289 567.869995
v -274.275085 679.695312 565.955505
v -273.694092 679.695312 565.241577
v -276.981415 686.596497 562.617798
v -276.411407 686.596497 561.917603
v -220.178802 686.596497 561.917603
v -220.207306 690.959595 561.917603
v -219.608902 690.959595 562.653015
v -219.608902 686.596497 562.617798
v -276.981415 686.596497 562.617798
v -276.981415 690.959595 562.653015
v -276.382599 690.959595 561.917603
v -276.411407 686.596497 561.917603
v -225.682693 664.231873 568.646179
v -225.086700 664.231873 569.378174
v -223.762299 662.297485 567.837708
v -224.428299 662.297485 567.019592
v -270.907501 664.231873 568.646179
v -272.161591 662.297485 567.019592
v -272.827606 662.297485 567.837708
v -271.503204 664.231873 569.378174
v -223.762299 662.297485 567.837708
v -225.550400 660.363220 569.961426
v -226.157501 660.363220 569.215576
v -224.428299 662.297485 567.019592
v -272.827606 662.297485 567.837708
v -272.161591 662.297485 567.019592
v -270.432587 660.363220 569.215576
v -271.039795 660.363220 569.961426
v -220.207306 690.959595 561.917603
v -218.605499 693.141113 559.872192
v -217.943405 693.141113 560.685425
v -219.608902 690.959595 562.653015
v -276.382599 690.959595 561.917603
v -276.981415 690.959595 562.653015
v -278.646515 693.141113 560.685425
v -277.984406 693.141113 559.872192
v -217.943405 693.141113 560.685425
v -218.605499 693.141113 559.872192
v -220.270599 695.322693 561.917603
v -219.608902 695.322693 562.730774
v -278.646515 693.141113 560.685425
v -276.981415 695.322693 562.730774
v -276.319305 695.322693 561.917603
v -277.984406 693.141113 559.872192
v -219.608902 695.322693 575.487976
v -219.608902 695.322693 562.730774
v -220.270599 695.322693 561.917603
v -276.981415 695.322693 562.730774
v -276.981415 695.322693 575.487976
v -276.319305 695.322693 561.917603
v -272.135498 670.696289 575.487976
v -272.135498 670.696289 568.556274
v -271.503204 664.231873 569.378174
v -271.503204 664.231873 575.487976
v -274.275085 679.695312 575.487976
v -274.275085 679.695312 565.955505
v -276.981415 686.596497 575.487976
v -276.981415 686.596497 562.617798
v -219.608902 686.596497 575.487976
v -219.608902 686.596497 562.617798
v -219.608902 690.959595 562.653015
v -219.608902 690.959595 575.487976
v -272.827606 662.297485 575.487976
v -272.827606 662.297485 567.837708
v -271.039795 660.363220 569.961426
v -271.040009 660.363220 575.487976
v -272.827606 662.297485 575.487976
v -271.503204 664.231873 575.487976
v -271.503204 664.231873 569.378174
v -272.827606 662.297485 567.837708
v -278.646515 693.141113 575.487976
v -278.646515 693.141113 560.685425
v -276.981415 690.959595 562.653015
v -276.981415 690.959595 575.487976
v -278.646515 693.141113 575.487976
v -276.981415 695.322693 575.487976
v -276.981415 695.322693 562.730774
v -278.646515 693.141113 560.685425
v -271.040009 660.363220 575.487976
v -271.039795 660.363220 569.961426
v -225.550400 660.363220 569.961426
v -225.550400 660.363220 575.487976
v -226.157501 660.363220 569.215576
v -270.432587 660.363220 569.215576
v 145.763901 664.231873 569.378174
v 146.395706 670.696289 568.556274
v 146.395706 670.696289 575.487976
v 145.763901 664.231873 575.487976
v 148.535599 679.695312 575.487976
v 148.535599 679.695312 565.955505
v 151.241592 686.596497 575.487976
v 151.241592 686.596497 562.617798
v 99.273903 670.696289 567.869995
v 145.837097 670.696289 567.869995
v 145.167892 664.231873 568.646179
v 99.943100 664.231873 568.646179
v 97.156403 679.695312 565.241577
v 147.954300 679.695312 565.241577
v 94.439102 686.596497 561.917603
v 150.671799 686.596497 561.917603
v 94.439102 686.596497 561.917603
v 94.467697 690.959595 561.917603
v 150.643005 690.959595 561.917603
v 150.671799 686.596497 561.917603
v 93.869102 686.596497 575.487976
v 93.869102 690.959595 575.487976
v 93.869102 690.959595 562.653015
v 93.869102 686.596497 562.617798
v 145.300201 660.363220 569.961426
v 147.088104 662.297485 567.837708
v 147.088104 662.297485 575.487976
v 145.300201 660.363220 575.487976
v 98.688904 662.297485 567.019592
v 146.422104 662.297485 567.019592
v 144.693100 660.363220 569.215576
v 100.417702 660.363220 569.215576
v 145.763901 664.231873 569.378174
v 145.763901 664.231873 575.487976
v 147.088104 662.297485 575.487976
v 147.088104 662.297485 567.837708
v 99.943100 664.231873 568.646179
v 145.167892 664.231873 568.646179
v 146.422104 662.297485 567.019592
v 98.688904 662.297485 567.019592
v 151.241592 690.959595 562.653015
v 152.907196 693.141113 560.685425
v 152.907196 693.141113 575.487976
v 151.241592 690.959595 575.487976
v 92.865898 693.141113 559.872192
v 152.244797 693.141113 559.872192
v 150.643005 690.959595 561.917603
v 94.467697 690.959595 561.917603
v 151.241592 695.322693 562.730774
v 151.241592 695.322693 575.487976
v 152.907196 693.141113 575.487976
v 152.907196 693.141113 560.685425
v 94.531197 695.322693 561.917603
v 150.579803 695.322693 561.917603
v 152.244797 693.141113 559.872192
v 92.865898 693.141113 559.872192
v 145.167892 664.231873 568.646179
v 145.837097 670.696289 567.869995
v 146.395706 670.696289 568.556274
v 145.763901 664.231873 569.378174
v 148.535599 679.695312 565.955505
v 147.954300 679.695312 565.241577
v 151.241592 686.596497 562.617798
v 150.671799 686.596497 561.917603
v 99.943100 664.231873 568.646179
v 99.347099 664.231873 569.378174
v 98.714996 670.696289 568.556274
v 99.273903 670.696289 567.869995
v 96.575104 679.695312 565.955505
v 97.156403 679.695312 565.241577
v 93.869102 686.596497 562.617798
v 94.439102 686.596497 561.917603
v 150.671799 686.596497 561.917603
v 150.643005 690.959595 561.917603
v 151.241592 690.959595 562.653015
v 151.241592 686.596497 562.617798
v 93.869102 686.596497 562.617798
v 93.869102 690.959595 562.653015
v 94.467697 690.959595 561.917603
v 94.439102 686.596497 561.917603
v 145.167892 664.231873 568.646179
v 145.763901 664.231873 569.378174
v 147.088104 662.297485 567.837708
v 146.422104 662.297485 567.019592
v 99.943100 664.231873 568.646179
v 98.688904 662.297485 567.019592
v 98.022903 662.297485 567.837708
v 99.347099 664.231873 569.378174
v 147.088104 662.297485 567.837708
v 145.300201 660.363220 569.961426
v 144.693100 660.363220 569.215576
v 146.422104 662.297485 567.019592
v 98.022903 662.297485 567.837708
v 98.688904 662.297485 567.019592
v 100.417702 660.363220 569.215576
v 99.810699 660.363220 569.961426
v 150.643005 690.959595 561.917603
v 152.244797 693.141113 559.872192
v 152.907196 693.141113 560.685425
v 151.241592 690.959595 562.653015
v 94.467697 690.959595 561.917603
v 93.869102 690.959595 562.653015
v 92.204002 693.141113 560.685425
v 92.865898 693.141113 559.872192
v 152.907196 693.141113 560.685425
v 152.244797 693.141113 559.872192
v 150.579803 695.322693 561.917603
v 151.241592 695.322693 562.730774
v 92.204002 693.141113 560.685425
v 93.869102 695.322693 562.730774
v 94.531197 695.322693 561.917603
v 92.865898 693.141113 559.872192
v 151.241592 695.322693 575.487976
v 151.241592 695.322693 562.730774
v 150.579803 695.322693 561.917603
v 93.869102 695.322693 562.730774
v 93.869102 695.322693 575.487976
v 94.531197 695.322693 561.917603
v 98.714996 670.696289 575.487976
v 98.714996 670.696289 568.556274
v 99.347099 664.231873 569.378174
v 99.347099 664.231873 575.487976
v 96.575401 679.695312 575.487976
v 96.575104 679.695312 565.955505
v 93.869102 686.596497 575.487976
v 93.869102 686.596497 562.617798
v 151.241592 686.596497 575.487976
v 151.241592 686.596497 562.617798
v 151.241592 690.959595 562.653015
v 151.241592 690.959595 575.487976
v 98.022598 662.297485 575.487976
v 98.022903 662.297485 567.837708
v 99.810699 660.363220 569.961426
v 99.810501 660.363220 575.487976
v 98.022598 662.297485 575.487976
v 99.347099 664.231873 575.487976
v 99.347099 664.231873 569.378174
v 98.022903 662.297485 567.837708
v 92.204002 693.141113 575.487976
v 92.204002 693.141113 560.685425
v 93.869102 690.959595 562.653015
v 93.869102 690.959595 575.487976
v 92.204002 693.141113 575.487976
v 93.869102 695.322693 575.487976
v 93.869102 695.322693 562.730774
v 92.204002 693.141113 560.685425
v 99.810501 660.363220 575.487976
v 99.810699 660.363220 569.961426
v 145.300201 660.363220 569.961426
v 145.300201 660.363220 575.487976
v 144.693100 660.363220 569.215576
v 100.417702 660.363220 569.215576
v 516.224792 664.231873 569.378174
v 516.856628 670.696289 568.556274
v 516.856628 670.696289 575.487976
v 516.224792 664.231873 575.487976
v 518.996521 679.695312 575.487976
v 518.996521 679.695312 565.955505
v 521.702576 686.596497 575.487976
v 521.702576 686.596497 562.617798
v 469.734802 670.696289 567.869995
v 516.297974 670.696289 567.869995
v 515.628784 664.231873 568.646179
v 470.403992 664.231873 568.646179
v 467.617401 679.695312 565.241577
v 518.415527 679.695312 565.241577
v 464.899811 686.596497 561.917603
v 521.132812 686.596497 561.917603
v 464.899811 686.596497 561.917603
v 464.928589 690.959595 561.917603
v 521.103882 690.959595 561.917603
v 521.132812 686.596497 561.917603
v 464.329987 686.596497 575.487976
v 464.329987 690.959595 575.487976
v 464.329987 690.959595 562.653015
v 464.329987 686.596497 562.617798
v 515.761230 660.363220 569.961426
v 517.549011 662.297485 567.837708
v 517.549011 662.297485 575.487976
v 515.761230 660.363220 575.487976
v 469.149811 662.297485 567.019592
v 516.882996 662.297485 567.019592
v 515.153992 660.363220 569.215576
v 470.878815 660.363220 569.215576
v 516.224792 664.231873 569.378174
v 516.224792 664.231873 575.487976
v 517.549011 662.297485 575.487976
v 517.549011 662.297485 567.837708
v 470.403992 664.231873 568.646179
v 515.628784 664.231873 568.646179
v 516.882996 662.297485 567.019592
v 469.149811 662.297485 567.019592
v 521.702576 690.959595 562.653015
v 523.367920 693.141113 560.685425
v 523.367920 693.141113 575.487976
v 521.702576 690.959595 575.487976
v 463.326813 693.141113 559.872192
v 522.705688 693.141113 559.872192
v 521.103882 690.959595 561.917603
v 464.928589 690.959595 561.917603
v 521.702576 695.322693 562.730774
v 521.702576 695.322693 575.487976
v 523.367920 693.141113 575.487976
v 523.367920 693.141113 560.685425
v 464.991913 695.322693 561.917603
v 521.040710 695.322693 561.917603
v 522.705688 693.141113 559.872192
v 463.326813 693.141113 559.872192
v 515.628784 664.231873 568.646179
v 516.297974 670.696289 567.869995
v 516.856628 670.696289 568.556274
v 516.224792 664.231873 569.378174
v 518.996521 679.695312 565.955505
v 518.415527 679.695312 565.241577
v 521.702576 686.596497 562.617798
v 521.132812 686.596497 561.917603
v 470.403992 664.231873 568.646179
v 469.808014 664.231873 569.378174
v 469.175995 670.696289 568.556274
v 469.734802 670.696289 567.869995
v 467.036102 679.695312 565.955505
v 467.617401 679.695312 565.241577
v 464.329987 686.596497 562.617798
v 464.899811 686.596497 561.917603
v 521.132812 686.596497 561.917603
v 521.103882 690.959595 561.917603
v 521.702576 690.959595 562.653015
v 521.702576 686.596497 562.617798
v 464.329987 686.596497 562.617798
v 464.329987 690.959595 562.653015
v 464.928589 690.959595 561.917603
v 464.899811 686.596497 561.917603
v 515.628784 664.231873 568.646179
v 516.224792 664.231873 569.378174
v 517.549011 662.297485 567.837708
v 516.882996 662.297485 567.019592
v 470.403992 664.231873 568.646179
v 469.149811 662.297485 567.019592
v 468.483795 662.297485 567.837708
v 469.808014 664.231873 569.378174
v 517.549011 662.297485 567.837708
v 515.761230 660.363220 569.961426
v 515.153992 660.363220 569.215576
v 516.882996 662.297485 567.019592
v 468.483795 662.297485 567.837708
v 469.149811 662.297485 567.019592
v 470.878815 660.363220 569.215576
v 470.271393 660.363220 569.961426
v 521.103882 690.959595 561.917603
v 522.705688 693.141113 559.872192
v 523.367920 693.141113 560.685425
v 521.702576 690.959595 562.653015
v 464.928589 690.959595 561.917603
v 464.329987 690.959595 562.653015
v 462.664703 693.141113 560.685425
v 463.326813 693.141113 559.872192
v 523.367920 693.141113 560.685425
v 522.705688 693.141113 559.872192
v 521.040710 695.322693 561.917603
v 521.702576 695.322693 562.730774
v 462.664703 693.141113 560.685425
v 464.329987 695.322693 562.730774
v 464.991913 695.322693 561.917603
v 463.326813 693.141113 559.872192
v 521.702576 695.322693 575.487976
v 521.702576 695.322693 562.730774
v 521.040710 695.322693 561.917603
v 464.329987 695.322693 562.730774
v 464.329987 695.322693 575.487976
v 464.991913 695.322693 561.917603
v 469.175995 670.696289 575.487976
v 469.175995 670.696289 568.556274
v 469.808014 664.231873 569.378174
v 469.808014 664.231873 575.487976
v 467.036285 679.695312 575.487976
v 467.036102 679.695312 565.955505
v 464.329987 686.596497 575.487976
v 464.329987 686.596497 562.617798
v 521.702576 686.596497 575.487976
v 521.702576 686.596497 562.617798
v 521.702576 690.959595 562.653015
v 521.702576 690.959595 575.487976
v 468.483795 662.297485 575.487976
v 468.483795 662.297485 567.837708
v 470.271393 660.363220 569.961426
v 470.271393 660.363220 575.487976
v 468.483795 662.297485 575.487976
v 469.808014 664.231873 575.487976
v 469.808014 664.231873 569.378174
v 468.483795 662.297485 567.837708
v 462.664703 693.141113 575.487976
v 462.664703 693.141113 560.685425
v 464.329987 690.959595 562.653015
v 464.329987 690.959595 575.487976
v 462.664703 693.141113 575.487976
v 464.329987 695.322693 575.487976
v 464.329987 695.322693 562.730774
v 462.664703 693.141113 560.685425
v 470.271393 660.363220 575.487976
v 470.271393 660.363220 569.961426
v 515.761230 660.363220 569.961426
v 515.761230 660.363220 575.487976
v 515.153992 660.363220 569.215576
v 470.878815 660.363220 569.215576
v 913.315613 664.231873 569.378174
v 914.236877 670.696289 568.556274
v 914.236877 670.696289 575.487976
v 913.315613 664.231873 575.487976
v 917.357117 679.695312 575.487976
v 917.357117 679.695312 565.955505
v 921.302979 686.596497 575.487976
v 921.302979 686.596497 562.617798
v 845.525696 670.696289 567.869995
v 913.422424 670.696289 567.869995
v 912.446716 664.231873 568.646179
v 846.501282 664.231873 568.646179
v 842.437927 679.695312 565.241577
v 916.510071 679.695312 565.241577
v 838.475525 686.596497 561.917603
v 920.472107 686.596497 561.917603
v 838.475525 686.596497 561.917603
v 838.517395 690.959595 561.917603
v 920.430176 690.959595 561.917603
v 920.472107 686.596497 561.917603
v 837.644287 686.596497 575.487976
v 837.644287 690.959595 575.487976
v 837.644287 690.959595 562.653015
v 837.644287 686.596497 562.617798
v 912.639587 660.363220 569.961426
v 915.246582 662.297485 567.837708
v 915.246582 662.297485 575.487976
v 912.639587 660.363220 575.487976
v 844.672485 662.297485 567.019592
v 914.275513 662.297485 567.019592
v 911.754089 660.363220 569.215576
v 847.193726 660.363220 569.215576
v 913.315613 664.231873 569.378174
v 913.315613 664.231873 575.487976
v 915.246582 662.297485 575.487976
v 915.246582 662.297485 567.837708
v 846.501282 664.231873 568.646179
v 912.446716 664.231873 568.646179
v 914.275513 662.297485 567.019592
v 844.672485 662.297485 567.019592
v 921.302979 690.959595 562.653015
v 923.731506 693.141113 560.685425
v 923.731506 693.141113 575.487976
v 921.302979 690.959595 575.487976
v 836.181519 693.141113 559.872192
v 922.766113 693.141113 559.872192
v 920.430176 690.959595 561.917603
v 838.517395 690.959595 561.917603
v 921.302979 695.322693 562.730774
v 921.302979 695.322693 575.487976
v 923.731506 693.141113 575.487976
v 923.731506 693.141113 560.685425
v 838.609802 695.322693 561.917603
v 920.338074 695.322693 561.917603
v 922.766113 693.141113 559.872192
v 836.181519 693.141113 559.872192
v 913.315613 664.231873 569.378174
v 912.446716 664.231873 568.646179
v 913.422424 670.696289 567.869995
v 914.236877 670.696289 568.556274
v 916.510071 679.695312 565.241577
v 917.357117 679.695312 565.955505
v 920.472107 686.596497 561.917603
v 921.302979 686.596497 562.617798
v 845.632385 664.231873 569.378174
v 844.710815 670.696289 568.556274
v 845.525696 670.696289 567.869995
v 846.501282 664.231873 568.646179
v 842.437927 679.695312 565.241577
v 841.590515 679.695312 565.955505
v 838.475525 686.596497 561.917603
v 837.644287 686.596497 562.617798
v 920.472107 686.596497 561.917603
v 920.430176 690.959595 561.917603
v 921.302979 690.959595 562.653015
v 921.302979 686.596497 562.617798
v 837.644287 686.596497 562.617798
v 837.644287 690.959595 562.653015
v 838.517395 690.959595 561.917603
v 838.475525 686.596497 561.917603
v 913.315613 664.231873 569.378174
v 915.246582 662.297485 567.837708
v 914.275513 662.297485 567.019592
v 912.446716 664.231873 568.646179
v 845.632385 664.231873 569.378174
v 846.501282 664.231873 568.646179
v 844.672485 662.297485 567.019592
v 843.701416 662.297485 567.837708
v 914.275513 662.297485 567.019592
v 915.246582 662.297485 567.837708
v 912.639587 660.363220 569.961426
v 911.754089 660.363220 569.215576
v 844.672485 662.297485 567.019592
v 847.193726 660.363220 569.215576
v 846.308228 660.363220 569.961426
v 843.701416 662.297485 567.837708
v 921.302979 690.959595 562.653015
v 920.430176 690.959595 561.917603
v 922.766113 693.141113 559.872192
v 923.731506 693.141113 560.685425
v 837.644287 690.959595 562.653015
v 835.216187 693.141113 560.685425
v 836.181519 693.141113 559.872192
v 838.517395 690.959595 561.917603
v 922.766113 693.141113 559.872192
v 920.338074 695.322693 561.917603
v 921.302979 695.322693 562.730774
v 923.731506 693.141113 560.685425
v 836.181519 693.141113 559.872192
v 835.216187 693.141113 560.685425
v 837.644287 695.322693 562.730774
v 838.609802 695.322693 561.917603
v 921.302979 695.322693 575.487976
v 921.302979 695.322693 562.730774
v 920.338074 695.322693 561.917603
v 837.644287 695.322693 562.730774
v 837.644287 695.322693 575.487976
v 838.609802 695.322693 561.917603
v 844.710815 670.696289 575.487976
v 844.710815 670.696289 568.556274
v 845.632385 664.231873 569.378174
v 845.632385 664.231873 575.487976
v 841.590576 679.695312 575.487976
v 841.590515 679.695312 565.955505
v 837.644287 686.596497 575.487976
v 837.644287 686.596497 562.617798
v 921.302979 686.596497 575.487976
v 921.302979 686.596497 562.617798
v 921.302979 690.959595 562.653015
v 921.302979 690.959595 575.487976
v 843.701111 662.297485 575.487976
v 843.701416 662.297485 567.837708
v 846.308228 660.363220 569.961426
v 846.307983 660.363220 575.487976
v 843.701111 662.297485 575.487976
v 845.632385 664.231873 575.487976
v 845.632385 664.231873 569.378174
v 843.701416 662.297485 567.837708
v 835.216187 693.141113 575.487976
v 835.216187 693.141113 560.685425
v 837.644287 690.959595 562.653015
v 837.644287 690.959595 575.487976
v 835.216187 693.141113 575.487976
v 837.644287 695.322693 575.487976
v 837.644287 695.322693 562.730774
v 835.216187 693.141113 560.685425
v 846.307983 660.363220 575.487976
v 846.308228 660.363220 569.961426
v 912.639587 660.363220 569.961426
v 912.639587 660.363220 575.487976
v 911.754089 660.363220 569.215576
v 847.193726 660.363220 569.215576
v -596.161377 664.231873 -640.857971
v -596.161377 664.231873 -646.967773
v -595.529785 670.696289 -646.967773
v -595.529785 670.696289 -640.036072
v -593.389587 679.695312 -646.967773
v -593.389587 679.695312 -637.435303
v -590.683777 686.596619 -646.967773
v -590.683777 686.596619 -634.097473
v -596.757629 664.231873 -640.126099
v -596.088074 670.696289 -639.349915
v -642.651428 670.696289 -639.349915
v -641.982422 664.231873 -640.126099
v -644.768616 679.695312 -636.721375
v -593.970886 679.695312 -636.721375
v -647.486084 686.596619 -633.397522
v -591.253418 686.596619 -633.397522
v -591.282227 690.959595 -633.397522
v -647.457520 690.959595 -633.397522
v -647.486084 686.596619 -633.397522
v -591.253418 686.596619 -633.397522
v -648.056396 690.959595 -634.132812
v -648.056396 690.959595 -646.967773
v -648.056396 686.596619 -646.967773
v -648.056396 686.596619 -634.097473
v -596.625183 660.363281 -641.441284
v -596.625183 660.363281 -646.967773
v -594.837219 662.297607 -646.967773
v -594.837219 662.297607 -639.317505
v -597.232422 660.363281 -640.695374
v -595.503174 662.297607 -638.499390
v -643.236328 662.297607 -638.499390
v -641.507629 660.363281 -640.695374
v -594.837219 662.297607 -646.967773
v -596.161377 664.231873 -646.967773
v -596.161377 664.231873 -640.857971
v -594.837219 662.297607 -639.317505
v -595.503174 662.297607 -638.499390
v -596.757629 664.231873 -640.126099
v -641.982422 664.231873 -640.126099
v -643.236328 662.297607 -638.499390
v -590.683777 690.959595 -634.132812
v -590.683777 690.959595 -646.967773
v -589.018127 693.141113 -646.967773
v -589.018127 693.141113 -632.165222
v -591.282227 690.959595 -633.397522
v -589.680420 693.141113 -631.351929
v -649.059326 693.141113 -631.351929
v -647.457520 690.959595 -633.397522
v -589.018127 693.141113 -646.967773
v -590.683777 695.322693 -646.967773
v -590.683777 695.322693 -634.210571
v -589.018127 693.141113 -632.165222
v -589.680420 693.141113 -631.351929
v -591.345520 695.322693 -633.397522
v -647.393982 695.322693 -633.397522
v -649.059326 693.141113 -631.351929
v -595.529785 670.696289 -640.036072
v -596.088074 670.696289 -639.349915
v -596.757629 664.231873 -640.126099
v -596.161377 664.231873 -640.857971
v -593.389587 679.695312 -637.435303
v -593.970886 679.695312 -636.721375
v -590.683777 686.596619 -634.097473
v -591.253418 686.596619 -633.397522
v -641.982422 664.231873 -640.126099
v -642.651428 670.696289 -639.349915
v -643.210388 670.696289 -640.036072
v -642.578125 664.231873 -640.857971
v -645.350098 679.695312 -637.435303
v -644.768616 679.695312 -636.721375
v -648.056396 686.596619 -634.097473
v -647.486084 686.596619 -633.397522
v -590.683777 690.959595 -634.132812
v -591.282227 690.959595 -633.397522
v -591.253418 686.596619 -633.397522
v -590.683777 686.596619 -634.097473
v -647.457520 690.959595 -633.397522
v -648.056396 690.959595 -634.132812
v -648.056396 686.596619 -634.097473
v -647.486084 686.596619 -633.397522
v -596.757629 664.231873 -640.126099
v -595.503174 662.297607 -638.499390
v -594.837219 662.297607 -639.317505
v -596.161377 664.231873 -640.857971
v -643.902283 662.297607 -639.317505
v -643.236328 662.297607 -638.499390
v -641.982422 664.231873 -640.126099
v -642.578125 664.231873 -640.857971
v -597.232422 660.363281 -640.695374
v -596.625183 660.363281 -641.441284
v -594.837219 662.297607 -639.317505
v -595.503174 662.297607 -638.499390
v -643.902283 662.297607 -639.317505
v -642.114502 660.363281 -641.441284
v -641.507629 660.363281 -640.695374
v -643.236328 662.297607 -638.499390
v -589.018127 693.141113 -632.165222
v -589.680420 693.141113 -631.351929
v -591.282227 690.959595 -633.397522
v -590.683777 690.959595 -634.132812
v -647.457520 690.959595 -633.397522
v -649.059326 693.141113 -631.351929
v -649.721375 693.141113 -632.165222
v -648.056396 690.959595 -634.132812
v -589.018127 693.141113 -632.165222
v -590.683777 695.322693 -634.210571
v -591.345520 695.322693 -633.397522
v -589.680420 693.141113 -631.351929
v -647.393982 695.322693 -633.397522
v -648.056396 695.322693 -634.210571
v -649.721375 693.141113 -632.165222
v -649.059326 693.141113 -631.351929
v -648.056396 695.322693 -634.210571
v -647.393982 695.322693 -633.397522
v -591.345520 695.322693 -633.397522
v -590.683777 695.322693 -646.967773
v -648.056396 695.322693 -646.967773
v -590.683777 695.322693 -634.210571
v -642.578125 664.231873 -640.857971
v -643.210388 670.696289 -640.036072
v -643.210388 670.696289 -646.967773
v -642.578125 664.231873 -646.967773
v -645.350098 679.695312 -646.967773
v -645.350098 679.695312 -637.435303
v -648.056396 686.596619 -646.967773
v -648.056396 686.596619 -634.097473
v -590.683777 690.959595 -634.132812
v -590.683777 686.596619 -634.097473
v -590.683777 686.596619 -646.967773
v -590.683777 690.959595 -646.967773
v -642.114502 660.363281 -641.441284
v -643.902283 662.297607 -639.317505
v -643.902283 662.297607 -646.967773
v -642.114990 660.363281 -646.967773
v -643.902283 662.297607 -646.967773
v -643.902283 662.297607 -639.317505
v -642.578125 664.231873 -640.857971
v -642.578125 664.231873 -646.967773
v -648.056396 690.959595 -634.132812
v -649.721375 693.141113 -632.165222
v -649.721375 693.141113 -646.967773
v -648.056396 690.959595 -646.967773
v -649.721375 693.141113 -646.967773
v -649.721375 693.141113 -632.165222
v -648.056396 695.322693 -634.210571
v -648.056396 695.322693 -646.967773
v -596.625183 660.363281 -641.441284
v -642.114502 660.363281 -641.441284
v -642.114990 660.363281 -646.967773
v -596.625183 660.363281 -646.967773
v -597.232422 660.363281 -640.695374
v -641.507629 660.363281 -640.695374
v -972.901428 664.231873 -640.857971
v -972.901428 664.231873 -646.967896
v -972.003174 670.696289 -646.967896
v -972.003174 670.696289 -640.036316
v -968.960205 679.695312 -646.967896
v -968.960205 679.695312 -637.435425
v -965.112793 686.596497 -646.967896
v -965.112793 686.596497 -634.097717
v -973.748474 664.231873 -640.126099
v -972.797424 670.696289 -639.349915
v -1039.002441 670.696289 -639.349915
v -1038.050781 664.231873 -640.126099
v -1042.012939 679.695312 -636.721375
v -969.786621 679.695312 -636.721375
v -1045.876953 686.596497 -633.397522
v -965.923096 686.596497 -633.397522
v -965.964111 690.959595 -633.397522
v -1045.835693 690.959595 -633.397522
v -1045.876953 686.596497 -633.397522
v -965.923096 686.596497 -633.397522
v -1046.687256 690.959595 -634.132874
v -1046.687256 690.959595 -646.967896
v -1046.687256 686.596497 -646.967896
v -1046.687256 686.596497 -634.097717
v -973.560486 660.363220 -641.441284
v -973.560486 660.363220 -646.967896
v -971.018616 662.297485 -646.967896
v -971.018616 662.297485 -639.317505
v -974.423828 660.363220 -640.695374
v -971.965576 662.297485 -638.499512
v -1039.834229 662.297485 -638.499512
v -1037.375732 660.363220 -640.695374
v -971.018616 662.297485 -646.967896
v -972.901428 664.231873 -646.967896
v -972.901428 664.231873 -640.857971
v -971.018616 662.297485 -639.317505
v -971.965576 662.297485 -638.499512
v -973.748474 664.231873 -640.126099
v -1038.050781 664.231873 -640.126099
v -1039.834229 662.297485 -638.499512
v -965.112793 690.959595 -634.132874
v -965.112793 690.959595 -646.967896
v -962.744873 693.141113 -646.967896
v -962.744873 693.141113 -632.165283
v -965.964111 690.959595 -633.397522
v -963.686279 693.141113 -631.352112
v -1048.113770 693.141113 -631.352112
v -1045.835693 690.959595 -633.397522
v -962.744873 693.141113 -646.967896
v -965.112793 695.322693 -646.967896
v -965.112793 695.322693 -634.210693
v -962.744873 693.141113 -632.165283
v -963.686279 693.141113 -631.352112
v -966.053711 695.322693 -633.397522
v -1045.745850 695.322693 -633.397522
v -1048.113770 693.141113 -631.352112
v -972.901428 664.231873 -640.857971
v -972.003174 670.696289 -640.036316
v -972.797424 670.696289 -639.349915
v -973.748474 664.231873 -640.126099
v -969.786621 679.695312 -636.721375
v -968.960205 679.695312 -637.435425
v -965.923096 686.596497 -633.397522
v -965.112793 686.596497 -634.097717
v -1039.002441 670.696289 -639.349915
v -1039.796875 670.696289 -640.036316
v -1038.898438 664.231873 -640.857971
v -1038.050781 664.231873 -640.126099
v -1042.012939 679.695312 -636.721375
v -1042.839355 679.695312 -637.435425
v -1045.876953 686.596497 -633.397522
v -1046.687256 686.596497 -634.097717
v -965.112793 690.959595 -634.132874
v -965.964111 690.959595 -633.397522
v -965.923096 686.596497 -633.397522
v -965.112793 686.596497 -634.097717
v -1045.835693 690.959595 -633.397522
v -1046.687256 690.959595 -634.132874
v -1046.687256 686.596497 -634.097717
v -1045.876953 686.596497 -633.397522
v -971.965576 662.297485 -638.499512
v -971.018616 662.297485 -639.317505
v -972.901428 664.231873 -640.857971
v -973.748474 664.231873 -640.126099
v -1038.898438 664.231873 -640.857971
v -1040.781250 662.297485 -639.317505
v -1039.834229 662.297485 -638.499512
v -1038.050781 664.231873 -640.126099
v -971.965576 662.297485 -638.499512
v -974.423828 660.363220 -640.695374
v -973.560486 660.363220 -641.441284
v -971.018616 662.297485 -639.317505
v -1038.239014 660.363220 -641.441284
v -1037.375732 660.363220 -640.695374
v -1039.834229 662.297485 -638.499512
v -1040.781250 662.297485 -639.317505
v -965.112793 690.959595 -634.132874
v -962.744873 693.141113 -632.165283
v -963.686279 693.141113 -631.352112
v -965.964111 690.959595 -633.397522
v -1048.113770 693.141113 -631.352112
v -1049.054688 693.141113 -632.165283
v -1046.687256 690.959595 -634.132874
v -1045.835693 690.959595 -633.397522
v -965.112793 695.322693 -634.210693
v -966.053711 695.322693 -633.397522
v -963.686279 693.141113 -631.352112
v -962.744873 693.141113 -632.165283
v -1048.113770 693.141113 -631.352112
v -1045.745850 695.322693 -633.397522
v -1046.687256 695.322693 -634.210693
v -1049.054688 693.141113 -632.165283
v -1046.687256 695.322693 -634.210693
v -1045.745850 695.322693 -633.397522
v -966.053711 695.322693 -633.397522
v -965.112793 695.322693 -646.967896
v -1046.687256 695.322693 -646.967896
v -965.112793 695.322693 -634.210693
v -1038.898438 664.231873 -640.857971
v -1039.796875 670.696289 -640.036316
v -1039.796875 670.696289 -646.967896
v -1038.898438 664.231873 -646.967896
v -1042.839355 679.695312 -646.967896
v -1042.839355 679.695312 -637.435425
v -1046.687256 686.596497 -646.967896
v -1046.687256 686.596497 -634.097717
v -965.112793 690.959595 -634.132874
v -965.112793 686.596497 -634.097717
v -965.112793 686.596497 -646.967896
v -965.112793 690.959595 -646.967896
v -1038.239014 660.363220 -641.441284
v -1040.781250 662.297485 -639.317505
v -1040.781494 662.297485 -646.967896
v -1038.239502 660.363220 -646.967896
v -1040.781494 662.297485 -646.967896
v -1040.781250 662.297485 -639.317505
v -1038.898438 664.231873 -640.857971
v -1038.898438 664.231873 -646.967896
v -1046.687256 690.959595 -634.132874
v -1049.054688 693.141113 -632.165283
v -1049.054688 693.141113 -646.967896
v -1046.687256 690.959595 -646.967896
v -1049.054688 693.141113 -646.967896
v -1049.054688 693.141113 -632.165283
v -1046.687256 695.322693 -634.210693
v -1046.687256 695.322693 -646.967896
v -973.560486 660.363220 -641.441284
v -1038.239014 660.363220 -641.441284
v -1038.239502 660.363220 -646.967896
v -973.560486 660.363220 -646.967896
v -974.423828 660.363220 -640.695374
v -1037.375732 660.363220 -640.695374
v -225.086700 664.231873 -640.857971
v -225.086700 664.231873 -646.967896
v -224.454895 670.696289 -646.967896
v -224.454895 670.696289 -640.036316
v -222.314804 679.695312 -646.967896
v -222.314804 679.695312 -637.435425
v -219.608902 686.596497 -646.967896
v -219.608902 686.596497 -634.097717
v -225.682693 664.231873 -640.126099
v -225.013504 670.696289 -639.349915
v -271.576385 670.696289 -639.349915
v -270.907501 664.231873 -640.126099
v -273.694092 679.695312 -636.721375
v -222.896103 679.695312 -636.721375
v -276.411407 686.596497 -633.397522
v -220.178802 686.596497 -633.397522
v -220.207306 690.959595 -633.397522
v -276.382599 690.959595 -633.397522
v -276.411407 686.596497 -633.397522
v -220.178802 686.596497 -633.397522
v -276.981415 690.959595 -634.132874
v -276.981415 690.959595 -646.967896
v -276.981415 686.596497 -646.967896
v -276.981415 686.596497 -634.097717
v -225.550400 660.363220 -641.441284
v -225.550400 660.363220 -646.967896
v -223.762299 662.297485 -646.967896
v -223.762299 662.297485 -639.317505
v -226.157501 660.363220 -640.695374
v -224.428299 662.297485 -638.499512
v -272.161591 662.297485 -638.499512
v -270.432587 660.363220 -640.695374
v -223.762299 662.297485 -646.967896
v -225.086700 664.231873 -646.967896
v -225.086700 664.231873 -640.857971
v -223.762299 662.297485 -639.317505
v -224.428299 662.297485 -638.499512
v -225.682693 664.231873 -640.126099
v -270.907501 664.231873 -640.126099
v -272.161591 662.297485 -638.499512
v -219.608902 690.959595 -634.132874
v -219.608902 690.959595 -646.967896
v -217.943405 693.141113 -646.967896
v -217.943405 693.141113 -632.165283
v -220.207306 690.959595 -633.397522
v -218.605499 693.141113 -631.352112
v -277.984406 693.141113 -631.352112
v -276.382599 690.959595 -633.397522
v -217.943405 693.141113 -646.967896
v -219.608902 695.322693 -646.967896
v -219.608902 695.322693 -634.210693
v -217.943405 693.141113 -632.165283
v -218.605499 693.141113 -631.352112
v -220.270599 695.322693 -633.397522
v -276.319305 695.322693 -633.397522
v -277.984406 693.141113 -631.352112
v -224.454895 670.696289 -640.036316
v -225.013504 670.696289 -639.349915
v -225.682693 664.231873 -640.126099
v -225.086700 664.231873 -640.857971
v -222.314804 679.695312 -637.435425
v -222.896103 679.695312 -636.721375
v -219.608902 686.596497 -634.097717
v -220.178802 686.596497 -633.397522
v -270.907501 664.231873 -640.126099
v -271.576385 670.696289 -639.349915
v -272.135498 670.696289 -640.036316
v -271.503204 664.231873 -640.857971
v -274.275085 679.695312 -637.435425
v -273.694092 679.695312 -636.721375
v -276.981415 686.596497 -634.097717
v -276.411407 686.596497 -633.397522
v -219.608902 690.959595 -634.132874
v -220.207306 690.959595 -633.397522
v -220.178802 686.596497 -633.397522
v -219.608902 686.596497 -634.097717
v -276.382599 690.959595 -633.397522
v -276.981415 690.959595 -634.132874
v -276.981415 686.596497 -634.097717
v -276.411407 686.596497 -633.397522
v -225.682693 664.231873 -640.126099
v -224.428299 662.297485 -638.499512
v -223.762299 662.297485 -639.317505
v -225.086700 664.231873 -640.857971
v -272.827606 662.297485 -639.317505
v -272.161591 662.297485 -638.499512
v -270.907501 664.231873 -640.126099
v -271.503204 664.231873 -640.857971
v -226.157501 660.363220 -640.695374
v -225.550400 660.363220 -641.441284
v -223.762299 662.297485 -639.317505
v -224.428299 662.297485 -638.499512
v -272.827606 662.297485 -639.317505
v -271.039795 660.363220 -641.441284
v -270.432587 660.363220 -640.695374
v -272.161591 662.297485 -638.499512
v -217.943405 693.141113 -632.165283
v -218.605499 693.141113 -631.352112
v -220.207306 690.959595 -633.397522
v -219.608902 690.959595 -634.132874
v -276.382599 690.959595 -633.397522
v -277.984406 693.141113 -631.352112
v -278.646515 693.141113 -632.165283
v -276.981415 690.959595 -634.132874
v -217.943405 693.141113 -632.165283
v -219.608902 695.322693 -634.210693
v -220.270599 695.322693 -633.397522
v -218.605499 693.141113 -631.352112
v -276.319305 695.322693 -633.397522
v -276.981415 695.322693 -634.210693
v -278.646515 693.141113 -632.165283
v -277.984406 693.141113 -631.352112
v -276.981415 695.322693 -634.210693
v -276.319305 695.322693 -633.397522
v -220.270599 695.322693 -633.397522
v -219.608902 695.322693 -646.967896
v -276.981415 695.322693 -646.967896
v -219.608902 695.322693 -634.210693
v -271.503204 664.231873 -640.857971
v -272.135498 670.696289 -640.036316
v -272.135498 670.696289 -646.967896
v -271.503204 664.231873 -646.967896
v -274.275085 679.695312 -646.967896
v -274.275085 679.695312 -637.435425
v -276.981415 686.596497 -646.967896
v -276.981415 686.596497 -634.097717
v -219.608902 690.959595 -634.132874
v -219.608902 686.596497 -634.097717
v -219.608902 686.596497 -646.967896
v -219.608902 690.959595 -646.967896
v -271.039795 660.363220 -641.441284
v -272.827606 662.297485 -639.317505
v -272.827606 662.297485 -646.967896
v -271.040009 660.363220 -646.967896
v -272.827606 662.297485 -646.967896
v -272.827606 662.297485 -639.317505
v -271.503204 664.231873 -640.857971
v -271.503204 664.231873 -646.967896
v -276.981415 690.959595 -634.132874
v -278.646515 693.141113 -632.165283
v -278.646515 693.141113 -646.967896
v -276.981415 690.959595 -646.967896
v -278.646515 693.141113 -646.967896
v -278.646515 693.141113 -632.165283
v -276.981415 695.322693 -634.210693
v -276.981415 695.322693 -646.967896
v -225.550400 660.363220 -641.441284
v -271.039795 660.363220 -641.441284
v -271.040009 660.363220 -646.967896
v -225.550400 660.363220 -646.967896
v -226.157501 660.363220 -640.695374
v -270.432587 660.363220 -640.695374
v 145.763901 664.231873 -640.857971
v 145.763901 664.231873 -646.967896
v 146.395706 670.696289 -646.967896
v 146.395706 670.696289 -640.036316
v 148.535599 679.695312 -646.967896
v 148.535599 679.695312 -637.435425
v 151.241592 686.596497 -646.967896
v 151.241592 686.596497 -634.097717
v 145.167892 664.231873 -640.126099
v 145.837097 670.696289 -639.349915
v 99.273903 670.696289 -639.349915
v 99.943100 664.231873 -640.126099
v 97.156403 679.695312 -636.721375
v 147.954300 679.695312 -636.721375
v 94.439102 686.596497 -633.397522
v 150.671799 686.596497 -633.397522
v 150.643005 690.959595 -633.397522
v 94.467697 690.959595 -633.397522
v 94.439102 686.596497 -633.397522
v 150.671799 686.596497 -633.397522
v 93.869102 690.959595 -634.132874
v 93.869102 690.959595 -646.967896
v 93.869102 686.596497 -646.967896
v 93.869102 686.596497 -634.097717
v 145.300201 660.363220 -641.441284
v 145.300201 660.363220 -646.967896
v 147.088104 662.297485 -646.967896
v 147.088104 662.297485 -639.317505
v 144.693100 660.363220 -640.695374
v 146.422104 662.297485 -638.499512
v 98.688904 662.297485 -638.499512
v 100.417702 660.363220 -640.695374
v 147.088104 662.297485 -646.967896
v 145.763901 664.231873 -646.967896
v 145.763901 664.231873 -640.857971
v 147.088104 662.297485 -639.317505
v 146.422104 662.297485 -638.499512
v 145.167892 664.231873 -640.126099
v 99.943100 664.231873 -640.126099
v 98.688904 662.297485 -638.499512
v 151.241592 690.959595 -634.132874
v 151.241592 690.959595 -646.967896
v 152.907196 693.141113 -646.967896
v 152.907196 693.141113 -632.165283
v 150.643005 690.959595 -633.397522
v 152.244797 693.141113 -631.352112
v 92.865898 693.141113 -631.352112
v 94.467697 690.959595 -633.397522
v 152.907196 693.141113 -646.967896
v 151.241592 695.322693 -646.967896
v 151.241592 695.322693 -634.210693
v 152.907196 693.141113 -632.165283
v 152.244797 693.141113 -631.352112
v 150.579803 695.322693 -633.397522
v 94.531197 695.322693 -633.397522
v 92.865898 693.141113 -631.352112
v 146.395706 670.696289 -640.036316
v 145.837097 670.696289 -639.349915
v 145.167892 664.231873 -640.126099
v 145.763901 664.231873 -640.857971
v 148.535599 679.695312 -637.435425
v 147.954300 679.695312 -636.721375
v 151.241592 686.596497 -634.097717
v 150.671799 686.596497 -633.397522
v 99.943100 664.231873 -640.126099
v 99.273903 670.696289 -639.349915
v 98.714996 670.696289 -640.036316
v 99.347099 664.231873 -640.857971
v 96.575104 679.695312 -637.435425
v 97.156403 679.695312 -636.721375
v 93.869102 686.596497 -634.097717
v 94.439102 686.596497 -633.397522
v 151.241592 690.959595 -634.132874
v 150.643005 690.959595 -633.397522
v 150.671799 686.596497 -633.397522
v 151.241592 686.596497 -634.097717
v 94.467697 690.959595 -633.397522
v 93.869102 690.959595 -634.132874
v 93.869102 686.596497 -634.097717
v 94.439102 686.596497 -633.397522
v 145.167892 664.231873 -640.126099
v 146.422104 662.297485 -638.499512
v 147.088104 662.297485 -639.317505
v 145.763901 664.231873 -640.857971
v 98.022903 662.297485 -639.317505
v 98.688904 662.297485 -638.499512
v 99.943100 664.231873 -640.126099
v 99.347099 664.231873 -640.857971
v 144.693100 660.363220 -640.695374
v 145.300201 660.363220 -641.441284
v 147.088104 662.297485 -639.317505
v 146.422104 662.297485 -638.499512
v 98.022903 662.297485 -639.317505
v 99.810699 660.363220 -641.441284
v 100.417702 660.363220 -640.695374
v 98.688904 662.297485 -638.499512
v 152.907196 693.141113 -632.165283
v 152.244797 693.141113 -631.352112
v 150.643005 690.959595 -633.397522
v 151.241592 690.959595 -634.132874
v 94.467697 690.959595 -633.397522
v 92.865898 693.141113 -631.352112
v 92.204002 693.141113 -632.165283
v 93.869102 690.959595 -634.132874
v 152.907196 693.141113 -632.165283
v 151.241592 695.322693 -634.210693
v 150.579803 695.322693 -633.397522
v 152.244797 693.141113 -631.352112
v 94.531197 695.322693 -633.397522
v 93.869102 695.322693 -634.210693
v 92.204002 693.141113 -632.165283
v 92.865898 693.141113 -631.352112
v 93.869102 695.322693 -634.210693
v 94.531197 695.322693 -633.397522
v 150.579803 695.322693 -633.397522
v 151.241592 695.322693 -646.967896
v 93.869102 695.322693 -646.967896
v 151.241592 695.322693 -634.210693
v 99.347099 664.231873 -640.857971
v 98.714996 670.696289 -640.036316
v 98.714996 670.696289 -646.967896
v 99.347099 664.231873 -646.967896
v 96.575401 679.695312 -646.967896
v 96.575104 679.695312 -637.435425
v 93.869102 686.596497 -646.967896
v 93.869102 686.596497 -634.097717
v 151.241592 690.959595 -634.132874
v 151.241592 686.596497 -634.097717
v 151.241592 686.596497 -646.967896
v 151.241592 690.959595 -646.967896
v 99.810699 660.363220 -641.441284
v 98.022903 662.297485 -639.317505
v 98.022598 662.297485 -646.967896
v 99.810501 660.363220 -646.967896
v 98.022598 662.297485 -646.967896
v 98.022903 662.297485 -639.317505
v 99.347099 664.231873 -640.857971
v 99.347099 664.231873 -646.967896
v 93.869102 690.959595 -634.132874
v 92.204002 693.141113 -632.165283
v 92.204002 693.141113 -646.967896
v 93.869102 690.959595 -646.967896
v 92.204002 693.141113 -646.967896
v 92.204002 693.141113 -632.165283
v 93.869102 695.322693 -634.210693
v 93.869102 695.322693 -646.967896
v 145.300201 660.363220 -641.441284
v 99.810699 660.363220 -641.441284
v 99.810501 660.363220 -646.967896
v 145.300201 660.363220 -646.967896
v 144.693100 660.363220 -640.695374
v 100.417702 660.363220 -640.695374
v 516.224792 664.231873 -640.857971
v 516.224792 664.231873 -646.967896
v 516.856628 670.696289 -646.967896
v 516.856628 670.696289 -640.036316
v 518.996521 679.695312 -646.967896
v 518.996521 679.695312 -637.435425
v 521.702576 686.596497 -646.967896
v 521.702576 686.596497 -634.097717
v 515.628784 664.231873 -640.126099
v 516.297974 670.696289 -639.349915
v 469.734985 670.696289 -639.349915
v 470.403992 664.231873 -640.126099
v 467.617401 679.695312 -636.721375
v 518.415527 679.695312 -636.721375
v 464.899811 686.596497 -633.397522
v 521.132812 686.596497 -633.397522
v 521.103882 690.959595 -633.397522
v 464.928894 690.959595 -633.397522
v 464.899811 686.596497 -633.397522
v 521.132812 686.596497 -633.397522
v 464.329987 690.959595 -634.132874
v 464.329987 690.959595 -646.967896
v 464.329987 686.596497 -646.967896
v 464.329987 686.596497 -634.097717
v 515.761230 660.363220 -641.441284
v 515.761230 660.363220 -646.967896
v 517.549011 662.297485 -646.967896
v 517.549011 662.297485 -639.317505
v 515.153992 660.363220 -640.695374
v 516.882996 662.297485 -638.499512
v 469.149811 662.297485 -638.499512
v 470.878815 660.363220 -640.695374
v 517.549011 662.297485 -646.967896
v 516.224792 664.231873 -646.967896
v 516.224792 664.231873 -640.857971
v 517.549011 662.297485 -639.317505
v 516.882996 662.297485 -638.499512
v 515.628784 664.231873 -640.126099
v 470.403992 664.231873 -640.126099
v 469.149811 662.297485 -638.499512
v 521.702576 690.959595 -634.132874
v 521.702576 690.959595 -646.967896
v 523.367920 693.141113 -646.967896
v 523.367920 693.141113 -632.165283
v 521.103882 690.959595 -633.397522
v 522.705994 693.141113 -631.352112
v 463.326813 693.141113 -631.352112
v 464.928894 690.959595 -633.397522
v 523.367920 693.141113 -646.967896
v 521.702576 695.322693 -646.967896
v 521.702576 695.322693 -634.210693
v 523.367920 693.141113 -632.165283
v 522.705994 693.141113 -631.352112
v 521.040710 695.322693 -633.397522
v 464.991913 695.322693 -633.397522
v 463.326813 693.141113 -631.352112
v 516.856628 670.696289 -640.036316
v 516.297974 670.696289 -639.349915
v 515.628784 664.231873 -640.126099
v 516.224792 664.231873 -640.857971
v 518.996521 679.695312 -637.435425
v 518.415527 679.695312 -636.721375
v 521.702576 686.596497 -634.097717
v 521.132812 686.596497 -633.397522
v 470.403992 664.231873 -640.126099
v 469.734985 670.696289 -639.349915
v 469.175995 670.696289 -640.036316
v 469.808014 664.231873 -640.857971
v 467.036285 679.695312 -637.435425
v 467.617401 679.695312 -636.721375
v 464.329987 686.596497 -634.097717
v 464.899811 686.596497 -633.397522
v 521.702576 690.959595 -634.132874
v 521.103882 690.959595 -633.397522
v 521.132812 686.596497 -633.397522
v 521.702576 686.596497 -634.097717
v 464.928894 690.959595 -633.397522
v 464.329987 690.959595 -634.132874
v 464.329987 686.596497 -634.097717
v 464.899811 686.596497 -633.397522
v 515.628784 664.231873 -640.126099
v 516.882996 662.297485 -638.499512
v 517.549011 662.297485 -639.317505
v 516.224792 664.231873 -640.857971
v 468.483795 662.297485 -639.317505
v 469.149811 662.297485 -638.499512
v 470.403992 664.231873 -640.126099
v 469.808014 664.231873 -640.857971
v 515.153992 660.363220 -640.695374
v 515.761230 660.363220 -641.441284
v 517.549011 662.297485 -639.317505
v 516.882996 662.297485 -638.499512
v 468.483795 662.297485 -639.317505
v 470.271393 660.363220 -641.441284
v 470.878815 660.363220 -640.695374
v 469.149811 662.297485 -638.499512
v 523.367920 693.141113 -632.165283
v 522.705994 693.141113 -631.352112
v 521.103882 690.959595 -633.397522
v 521.702576 690.959595 -634.132874
v 464.928894 690.959595 -633.397522
v 463.326813 693.141113 -631.352112
v 462.664703 693.141113 -632.165283
v 464.329987 690.959595 -634.132874
v 523.367920 693.141113 -632.165283
v 521.702576 695.322693 -634.210693
v 521.040710 695.322693 -633.397522
v 522.705994 693.141113 -631.352112
v 464.991913 695.322693 -633.397522
v 464.329987 695.322693 -634.210693
v 462.664703 693.141113 -632.165283
v 463.326813 693.141113 -631.352112
v 464.329987 695.322693 -634.210693
v 464.991913 695.322693 -633.397522
v 521.040710 695.322693 -633.397522
v 521.702576 695.322693 -646.967896
v 464.329987 695.322693 -646.967896
v 521.702576 695.322693 -634.210693
v 469.808014 664.231873 -640.857971
v 469.175995 670.696289 -640.036316
v 469.175995 670.696289 -646.967896
v 469.808014 664.231873 -646.967896
v 467.036285 679.695312 -646.967896
v 467.036285 679.695312 -637.435425
v 464.329987 686.596497 -646.967896
v 464.329987 686.596497 -634.097717
v 521.702576 690.959595 -634.132874
v 521.702576 686.596497 -634.097717
v 521.702576 686.596497 -646.967896
v 521.702576 690.959595 -646.967896
v 470.271393 660.363220 -641.441284
v 468.483795 662.297485 -639.317505
v 468.483795 662.297485 -646.967896
v 470.271393 660.363220 -646.967896
v 468.483795 662.297485 -646.967896
v 468.483795 662.297485 -639.317505
v 469.808014 664.231873 -640.857971
v 469.808014 664.231873 -646.967896
v 464.329987 690.959595 -634.132874
v 462.664703 693.141113 -632.165283
v 462.664703 693.141113 -646.967896
v 464.329987 690.959595 -646.967896
v 462.664703 693.141113 -646.967896
v 462.664703 693.141113 -632.165283
v 464.329987 695.322693 -634.210693
v 464.329987 695.322693 -646.967896
v 515.761230 660.363220 -641.441284
v 470.271393 660.363220 -641.441284
v 470.271393 660.363220 -646.967896
v 515.761230 660.363220 -646.967896
v 515.153992 660.363220 -640.695374
v 470.878815 660.363220 -640.695374
v 913.315613 664.231873 -640.857971
v 913.315613 664.231873 -646.967896
v 914.236877 670.696289 -646.967896
v 914.236877 670.696289 -640.036316
v 917.357117 679.695312 -646.967896
v 917.357117 679.695312 -637.435425
v 921.302979 686.596497 -646.967896
v 921.302979 686.596497 -634.097717
v 912.446716 664.231873 -640.126099
v 913.422424 670.696289 -639.349915
v 845.525696 670.696289 -639.349915
v 846.501282 664.231873 -640.126099
v 842.437927 679.695312 -636.721375
v 916.510071 679.695312 -636.721375
v 838.475525 686.596497 -633.397522
v 920.472107 686.596497 -633.397522
v 920.430176 690.959595 -633.397522
v 838.517395 690.959595 -633.397522
v 838.475525 686.596497 -633.397522
v 920.472107 686.596497 -633.397522
v 837.644287 690.959595 -634.132874
v 837.644287 690.959595 -646.967896
v 837.644287 686.596497 -646.967896
v 837.644287 686.596497 -634.097717
v 912.639587 660.363220 -641.441284
v 912.639587 660.363220 -646.967896
v 915.246582 662.297485 -646.967896
v 915.246582 662.297485 -639.317505
v 911.754089 660.363220 -640.695374
v 914.275513 662.297485 -638.499512
v 844.672485 662.297485 -638.499512
v 847.193726 660.363220 -640.695374
v 915.246582 662.297485 -646.967896
v 913.315613 664.231873 -646.967896
v 913.315613 664.231873 -640.857971
v 915.246582 662.297485 -639.317505
v 914.275513 662.297485 -638.499512
v 912.446716 664.231873 -640.126099
v 846.501282 664.231873 -640.126099
v 844.672485 662.297485 -638.499512
v 921.302979 690.959595 -634.132874
v 921.302979 690.959595 -646.967896
v 923.731506 693.141113 -646.967896
v 923.731506 693.141113 -632.165283
v 920.430176 690.959595 -633.397522
v 922.766113 693.141113 -631.352112
v 836.181519 693.141113 -631.352112
v 838.517395 690.959595 -633.397522
v 923.731506 693.141113 -646.967896
v 921.302979 695.322693 -646.967896
v 921.302979 695.322693 -634.210693
v 923.731506 693.141113 -632.165283
v 922.766113 693.141113 -631.352112
v 920.338074 695.322693 -633.397522
v 838.609802 695.322693 -633.397522
v 836.181519 693.141113 -631.352112
v 913.315613 664.231873 -640.857971
v 914.236877 670.696289 -640.036316
v 913.422424 670.696289 -639.349915
v 912.446716 664.231873 -640.126099
v 916.510071 679.695312 -636.721375
v 917.357117 679.695312 -637.435425
v 920.472107 686.596497 -633.397522
v 921.302979 686.596497 -634.097717
v 845.525696 670.696289 -639.349915
v 844.710815 670.696289 -640.036316
v 845.632385 664.231873 -640.857971
v 846.501282 664.231873 -640.126099
v 842.437927 679.695312 -636.721375
v 841.590515 679.695312 -637.435425
v 838.475525 686.596497 -633.397522
v 837.644287 686.596497 -634.097717
v 921.302979 690.959595 -634.132874
v 920.430176 690.959595 -633.397522
v 920.472107 686.596497 -633.397522
v 921.302979 686.596497 -634.097717
v 838.517395 690.959595 -633.397522
v 837.644287 690.959595 -634.132874
v 837.644287 686.596497 -634.097717
v 838.475525 686.596497 -633.397522
v 914.275513 662.297485 -638.499512
v 915.246582 662.297485 -639.317505
v 913.315613 664.231873 -640.857971
v 912.446716 664.231873 -640.126099
v 845.632385 664.231873 -640.857971
v 843.701416 662.297485 -639.317505
v 844.672485 662.297485 -638.499512
v 846.501282 664.231873 -640.126099
v 914.275513 662.297485 -638.499512
v 911.754089 660.363220 -640.695374
v 912.639587 660.363220 -641.441284
v 915.246582 662.297485 -639.317505
v 846.308228 660.363220 -641.441284
v 847.193726 660.363220 -640.695374
v 844.672485 662.297485 -638.499512
v 843.701416 662.297485 -639.317505
v 921.302979 690.959595 -634.132874
v 923.731506 693.141113 -632.165283
v 922.766113 693.141113 -631.352112
v 920.430176 690.959595 -633.397522
v 836.181519 693.141113 -631.352112
v 835.216187 693.141113 -632.165283
v 837.644287 690.959595 -634.132874
v 838.517395 690.959595 -633.397522
v 921.302979 695.322693 -634.210693
v 920.338074 695.322693 -633.397522
v 922.766113 693.141113 -631.352112
v 923.731506 693.141113 -632.165283
v 836.181519 693.141113 -631.352112
v 838.609802 695.322693 -633.397522
v 837.644287 695.322693 -634.210693
v 835.216187 693.141113 -632.165283
v 837.644287 695.322693 -634.210693
v 838.609802 695.322693 -633.397522
v 920.338074 695.322693 -633.397522
v 921.302979 695.322693 -646.967896
v 837.644287 695.322693 -646.967896
v 921.302979 695.322693 -634.210693
v 845.632385 664.231873 -640.857971
v 844.710815 670.696289 -640.036316
v 844.710815 670.696289 -646.967896
v 845.632385 664.231873 -646.967896
v 841.590576 679.695312 -646.967896
v 841.590515 679.695312 -637.435425
v 837.644287 686.596497 -646.967896
v 837.644287 686.596497 -634.097717
v 921.302979 690.959595 -634.132874
v 921.302979 686.596497 -634.097717
v 921.302979 686.596497 -646.967896
v 921.302979 690.959595 -646.967896
v 846.308228 660.363220 -641.441284
v 843.701416 662.297485 -639.317505
v 843.701111 662.297485 -646.967896
v 846.307983 660.363220 -646.967896
v 843.701111 662.297485 -646.967896
v 843.701416 662.297485 -639.317505
v 845.632385 664.231873 -640.857971
v 845.632385 664.231873 -646.967896
v 837.644287 690.959595 -634.132874
v 835.216187 693.141113 -632.165283
v 835.216187 693.141113 -646.967896
v 837.644287 690.959595 -646.967896
v 835.216187 693.141113 -646.967896
v 835.216187 693.141113 -632.165283
v 837.644287 695.322693 -634.210693
v 837.644287 695.322693 -646.967896
v 912.639587 660.363220 -641.441284
v 846.308228 660.363220 -641.441284
v 846.307983 660.363220 -646.967896
v 912.639587 660.363220 -646.967896
v 911.754089 660.363220 -640.695374
v 847.193726 660.363220 -640.695374
v -1424.195312 664.231873 -299.643188
v -1430.305176 664.231873 -299.643188
v -1430.305176 670.696289 -300.564514
v -1423.373535 670.696289 -300.564514
v -1430.305176 679.695190 -303.684906
v -1420.772949 679.695190 -303.684906
v -1430.305176 686.596497 -307.630707
v -1417.435059 686.596497 -307.630707
v -1423.463867 664.231873 -298.774414
v -1422.687500 670.696289 -299.750000
v -1422.687500 670.696289 -231.853394
v -1423.463867 664.231873 -232.828903
v -1420.059082 679.695190 -228.765594
v -1420.059082 679.695190 -302.837494
v -1416.734863 686.596497 -224.803207
v -1416.734863 686.596497 -306.799805
v -1416.734863 690.959595 -306.757904
v -1416.734863 690.959595 -224.845093
v -1416.734863 686.596497 -224.803207
v -1416.734863 686.596497 -306.799805
v -1417.470215 690.959595 -223.972000
v -1430.305176 690.959595 -223.972000
v -1430.305176 686.596497 -223.972000
v -1417.435059 686.596497 -223.972000
v -1424.778809 660.363220 -298.967194
v -1430.305176 660.363220 -298.967194
v -1430.305176 662.297485 -301.574402
v -1422.655273 662.297485 -301.574402
v -1424.033203 660.363220 -298.081909
v -1421.836914 662.297485 -300.602997
v -1421.836914 662.297485 -231.000107
v -1424.033203 660.363220 -233.521194
v -1430.305176 662.297485 -301.574402
v -1430.305176 664.231873 -299.643188
v -1424.195312 664.231873 -299.643188
v -1422.655273 662.297485 -301.574402
v -1421.836914 662.297485 -300.602997
v -1423.463867 664.231873 -298.774414
v -1423.463867 664.231873 -232.828903
v -1421.836914 662.297485 -231.000107
v -1417.470215 690.959595 -307.630707
v -1430.305176 690.959595 -307.630707
v -1430.305176 693.141113 -310.059204
v -1415.502930 693.141113 -310.059204
v -1416.734863 690.959595 -306.757904
v -1414.689941 693.141113 -309.093811
v -1414.689941 693.141113 -222.509201
v -1416.734863 690.959595 -224.845093
v -1430.305176 693.141113 -310.059204
v -1430.305176 695.322571 -307.630707
v -1417.548340 695.322571 -307.630707
v -1415.502930 693.141113 -310.059204
v -1414.689941 693.141113 -309.093811
v -1416.734863 695.322571 -306.665710
v -1416.734863 695.322571 -224.937302
v -1414.689941 693.141113 -222.509201
v -1424.195312 664.231873 -299.643188
v -1423.373535 670.696289 -300.564514
v -1422.687500 670.696289 -299.750000
v -1423.463867 664.231873 -298.774414
v -1420.059082 679.695190 -302.837494
v -1420.772949 679.695190 -303.684906
v -1416.734863 686.596497 -306.799805
v -1417.435059 686.596497 -307.630707
v -1422.687500 670.696289 -231.853394
v -1423.373535 670.696289 -231.038406
v -1424.195312 664.231873 -231.960098
v -1423.463867 664.231873 -232.828903
v -1420.059082 679.695190 -228.765594
v -1420.772949 679.695190 -227.918106
v -1416.734863 686.596497 -224.803207
v -1417.435059 686.596497 -223.972000
v -1417.470215 690.959595 -307.630707
v -1416.734863 690.959595 -306.757904
v -1416.734863 686.596497 -306.799805
v -1417.435059 686.596497 -307.630707
v -1416.734863 690.959595 -224.845093
v -1417.470215 690.959595 -223.972000
v -1417.435059 686.596497 -223.972000
v -1416.734863 686.596497 -224.803207
v -1421.836914 662.297485 -300.602997
v -1422.655273 662.297485 -301.574402
v -1424.195312 664.231873 -299.643188
v -1423.463867 664.231873 -298.774414
v -1424.195312 664.231873 -231.960098
v -1422.655273 662.297485 -230.029007
v -1421.836914 662.297485 -231.000107
v -1423.463867 664.231873 -232.828903
v -1421.836914 662.297485 -300.602997
v -1424.033203 660.363220 -298.081909
v -1424.778809 660.363220 -298.967194
v -1422.655273 662.297485 -301.574402
v -1424.778809 660.363220 -232.635803
v -1424.033203 660.363220 -233.521194
v -1421.836914 662.297485 -231.000107
v -1422.655273 662.297485 -230.029007
v -1417.470215 690.959595 -307.630707
v -1415.502930 693.141113 -310.059204
v -1414.689941 693.141113 -309.093811
v -1416.734863 690.959595 -306.757904
v -1414.689941 693.141113 -222.509201
v -1415.502930 693.141113 -221.543900
v -1417.470215 690.959595 -223.972000
v -1416.734863 690.959595 -224.845093
v -1417.548340 695.322571 -307.630707
v -1416.734863 695.322571 -306.665710
v -1414.689941 693.141113 -309.093811
v -1415.502930 693.141113 -310.059204
v -1414.689941 693.141113 -222.509201
v -1416.734863 695.322571 -224.937302
v -1417.548340 695.322571 -223.972000
v -1415.502930 693.141113 -221.543900
v -1417.548340 695.322571 -223.972000
v -1416.734863 695.322571 -224.937302
v -1416.734863 695.322571 -306.665710
v -1430.305176 695.322571 -307.630707
v -1430.305176 695.322571 -223.972000
v -1417.548340 695.322571 -307.630707
v -1424.195312 664.231873 -231.960098
v -1423.373535 670.696289 -231.038406
v -1430.305176 670.696289 -231.038406
v -1430.305176 664.231873 -231.960098
v -1430.305176 679.695190 -227.918198
v -1420.772949 679.695190 -227.918106
v -1430.305176 686.596497 -223.972000
v -1417.435059 686.596497 -223.972000
v -1417.470215 690.959595 -307.630707
v -1417.435059 686.596497 -307.630707
v -1430.305176 686.596497 -307.630707
v -1430.305176 690.959595 -307.630707
v -1424.778809 660.363220 -232.635803
v -1422.655273 662.297485 -230.029007
v -1430.305176 662.297485 -230.028793
v -1430.305176 660.363220 -232.635696
v -1430.305176 662.297485 -230.028793
v -1422.655273 662.297485 -230.029007
v -1424.195312 664.231873 -231.960098
v -1430.305176 664.231873 -231.960098
v -1417.470215 690.959595 -223.972000
v -1415.502930 693.141113 -221.543900
v -1430.305176 693.141113 -221.543900
v -1430.305176 690.959595 -223.972000
v -1430.305176 693.141113 -221.543900
v -1415.502930 693.141113 -221.543900
v -1417.548340 695.322571 -223.972000
v -1430.305176 695.322571 -223.972000
v -1424.778809 660.363220 -298.967194
v -1424.778809 660.363220 -232.635803
v -1430.305176 660.363220 -232.635696
v -1430.305176 660.363220 -298.967194
v -1424.033203 660.363220 -298.081909
v -1424.033203 660.363220 -233.521194
v -1424.195312 664.231873 162.577698
v -1430.305176 664.231873 162.577698
v -1430.305176 670.696289 161.656601
v -1423.373535 670.696289 161.656601
v -1430.305176 679.695190 158.536102
v -1420.772949 679.695190 158.536102
v -1430.305176 686.596497 154.590302
v -1417.435059 686.596497 154.590302
v -1423.463867 664.231873 163.446594
v -1422.687500 670.696289 162.470993
v -1422.687500 670.696289 230.367599
v -1423.463867 664.231873 229.391998
v -1420.059082 679.695190 233.455399
v -1420.059082 679.695190 159.383499
v -1416.734863 686.596497 237.417801
v -1416.734863 686.596497 155.421204
v -1416.734863 690.959595 155.463104
v -1416.734863 690.959595 237.375900
v -1416.734863 686.596497 237.417801
v -1416.734863 686.596497 155.421204
v -1417.470215 690.959595 238.248901
v -1430.305176 690.959595 238.248901
v -1430.305176 686.596497 238.248901
v -1417.435059 686.596497 238.248901
v -1424.778809 660.363220 163.253799
v -1430.305176 660.363220 163.253799
v -1430.305176 662.297485 160.646606
v -1422.655273 662.297485 160.646606
v -1424.033203 660.363220 164.139099
v -1421.836914 662.297485 161.617996
v -1421.836914 662.297485 231.220901
v -1424.033203 660.363220 228.699707
v -1430.305176 662.297485 160.646606
v -1430.305176 664.231873 162.577698
v -1424.195312 664.231873 162.577698
v -1422.655273 662.297485 160.646606
v -1421.836914 662.297485 161.617996
v -1423.463867 664.231873 163.446594
v -1423.463867 664.231873 229.391998
v -1421.836914 662.297485 231.220901
v -1417.470215 690.959595 154.590302
v -1430.305176 690.959595 154.590302
v -1430.305176 693.141113 152.161804
v -1415.502930 693.141113 152.161804
v -1416.734863 690.959595 155.463104
v -1414.689941 693.141113 153.127197
v -1414.689941 693.141113 239.711700
v -1416.734863 690.959595 237.375900
v -1430.305176 693.141113 152.161804
v -1430.305176 695.322571 154.590302
v -1417.548340 695.322571 154.590302
v -1415.502930 693.141113 152.161804
v -1414.689941 693.141113 153.127197
v -1416.734863 695.322571 155.555298
v -1416.734863 695.322571 237.283707
v -1414.689941 693.141113 239.711700
v -1424.195312 664.231873 162.577698
v -1423.373535 670.696289 161.656601
v -1422.687500 670.696289 162.470993
v -1423.463867 664.231873 163.446594
v -1420.059082 679.695190 159.383499
v -1420.772949 679.695190 158.536102
v -1416.734863 686.596497 155.421204
v -1417.435059 686.596497 154.590302
v -1422.687500 670.696289 230.367599
v -1423.373535 670.696289 231.182602
v -1424.195312 664.231873 230.260895
v -1423.463867 664.231873 229.391998
v -1420.059082 679.695190 233.455399
v -1420.772949 679.695190 234.302795
v -1416.734863 686.596497 237.417801
v -1417.435059 686.596497 238.248901
v -1417.470215 690.959595 154.590302
v -1416.734863 690.959595 155.463104
v -1416.734863 686.596497 155.421204
v -1417.435059 686.596497 154.590302
v -1416.734863 690.959595 237.375900
v -1417.470215 690.959595 238.248901
v -1417.435059 686.596497 238.248901
v -1416.734863 686.596497 237.417801
v -1421.836914 662.297485 161.617996
v -1422.655273 662.297485 160.646606
v -1424.195312 664.231873 162.577698
v -1423.463867 664.231873 163.446594
v -1424.195312 664.231873 230.260895
v -1422.655273 662.297485 232.192001
v -1421.836914 662.297485 231.220901
v -1423.463867 664.231873 229.391998
v -1421.836914 662.297485 161.617996
v -1424.033203 660.363220 164.139099
v -1424.778809 660.363220 163.253799
v -1422.655273 662.297485 160.646606
v -1424.778809 660.363220 229.585205
v -1424.033203 660.363220 228.699707
v -1421.836914 662.297485 231.220901
v -1422.655273 662.297485 232.192001
v -1417.470215 690.959595 154.590302
v -1415.502930 693.141113 152.161804
v -1414.689941 693.141113 153.127197
v -1416.734863 690.959595 155.463104
v -1414.689941 693.141113 239.711700
v -1415.502930 693.141113 240.677200
v -1417.470215 690.959595 238.248901
v -1416.734863 690.959595 237.375900
v -1417.548340 695.322571 154.590302
v -1416.734863 695.322571 155.555298
v -1414.689941 693.141113 153.127197
v -1415.502930 693.141113 152.161804
v -1414.689941 693.141113 239.711700
v -1416.734863 695.322571 237.283707
v -1417.548340 695.322571 238.248901
v -1415.502930 693.141113 240.677200
v -1417.548340 695.322571 238.248901
v -1416.734863 695.322571 237.283707
v -1416.734863 695.322571 155.555298
v -1430.305176 695.322571 154.590302
v -1430.305176 695.322571 238.248901
v -1417.548340 695.322571 154.590302
v -1424.195312 664.231873 230.260895
v -1423.373535 670.696289 231.182602
v -1430.305176 670.696289 231.182602
v -1430.305176 664.231873 230.260895
v -1430.305176 679.695190 234.302795
v -1420.772949 679.695190 234.302795
v -1430.305176 686.596497 238.248901
v -1417.435059 686.596497 238.248901
v -1417.470215 690.959595 154.590302
v -1417.435059 686.596497 154.590302
v -1430.305176 686.596497 154.590302
v -1430.305176 690.959595 154.590302
v -1424.778809 660.363220 229.585205
v -1422.655273 662.297485 232.192001
v -1430.305176 662.297485 232.192200
v -1430.305176 660.363220 229.585403
v -1430.305176 662.297485 232.192200
v -1422.655273 662.297485 232.192001
v -1424.195312 664.231873 230.260895
v -1430.305176 664.231873 230.260895
v -1417.470215 690.959595 238.248901
v -1415.502930 693.141113 240.677200
v -1430.305176 693.141113 240.677200
v -1430.305176 690.959595 238.248901
v -1430.305176 693.141113 240.677200
v -1415.502930 693.141113 240.677200
v -1417.548340 695.322571 238.248901
v -1430.305176 695.322571 238.248901
v -1424.778809 660.363220 163.253799
v -1424.778809 660.363220 229.585205
v -1430.305176 660.363220 229.585403
v -1430.305176 660.363220 163.253799
v -1424.033203 660.363220 164.139099
v -1424.033203 660.363220 228.699707
v -1424.192383 664.231873 -639.178101
v -1424.192383 664.231873 -645.288025
v -1423.560059 670.696289 -645.288025
v -1423.560059 670.696289 -638.356323
v -1421.419922 679.695312 -645.288025
v -1421.419922 679.695312 -635.755371
v -1418.714355 686.596497 -645.288025
v -1418.714355 686.596497 -632.417725
v -1424.655762 660.363220 -639.761414
v -1424.655762 660.363220 -645.288025
v -1422.868164 662.297485 -645.288025
v -1422.868164 662.297485 -637.637573
v -1422.868164 662.297485 -645.288025
v -1424.192383 664.231873 -645.288025
v -1424.192383 664.231873 -639.178101
v -1422.868164 662.297485 -637.637573
v -1418.714355 690.959595 -632.452881
v -1418.714355 690.959595 -645.288025
v -1417.048828 693.141113 -645.288025
v -1417.048828 693.141113 -630.485413
v -1417.048828 693.141113 -645.288025
v -1418.714355 695.322693 -645.288025
v -1418.714355 695.322693 -632.530579
v -1417.048828 693.141113 -630.485413
v -1423.560059 670.696289 -638.356323
v -1424.033691 670.696289 -637.774780
v -1424.684082 664.231873 -638.573914
v -1424.192383 664.231873 -639.178101
v -1421.419922 679.695312 -635.755371
v -1421.905273 679.695312 -635.159912
v -1418.714355 686.596497 -632.417725
v -1419.193848 686.596497 -631.828918
v -1418.714355 690.959595 -632.452881
v -1419.208008 690.959595 -631.846619
v -1419.193848 686.596497 -631.828918
v -1418.714355 686.596497 -632.417725
v -1417.048828 693.141113 -630.485413
v -1417.574707 693.141113 -629.839783
v -1419.208008 690.959595 -631.846619
v -1418.714355 690.959595 -632.452881
v -1417.048828 693.141113 -630.485413
v -1418.714355 695.322693 -632.530579
v -1419.239258 695.322693 -631.885315
v -1417.574707 693.141113 -629.839783
v -1418.714355 690.959595 -632.452881
v -1418.714355 686.596497 -632.417725
v -1418.714355 686.596497 -645.288025
v -1418.714355 690.959595 -645.288025
v -1424.655762 660.363220 -645.288025
v -1424.655762 660.363220 -639.761414
v -1425.651367 660.363220 -639.762207
v -1430.149902 660.363220 -645.288574
v -1425.153320 660.363220 -639.150085
v -1424.684082 664.231873 -638.573914
v -1423.394531 662.297485 -636.990112
v -1422.868164 662.297485 -637.637573
v -1424.192383 664.231873 -639.178101
v -1425.153320 660.363220 -639.150085
v -1424.655762 660.363220 -639.761414
v -1422.868164 662.297485 -637.637573
v -1423.394531 662.297485 -636.990112
v -1419.239258 695.322693 -631.885315
v -1418.714355 695.322693 -632.530579
v -1418.714355 695.322693 -645.288025
v -1430.149902 695.322693 -645.288574
v -1425.175781 664.231873 -637.969482
v -1424.506836 670.696289 -637.193176
v -1430.149414 670.696289 -637.193420
v -1430.149414 664.231873 -637.969482
v -1430.149414 679.695312 -634.564514
v -1422.389648 679.695312 -634.564514
v -1430.149414 686.596497 -631.239990
v -1419.672852 686.596497 -631.239990
v -1425.650879 660.363220 -638.539124
v -1423.921875 662.297485 -636.342529
v -1430.149414 662.297485 -636.342529
v -1430.149414 660.363220 -638.539124
v -1425.175781 664.231873 -637.969482
v -1430.149414 664.231873 -637.969482
v -1430.149414 662.297485 -636.342529
v -1423.921875 662.297485 -636.342529
v -1419.701660 690.959595 -631.239990
v -1418.100098 693.141113 -629.194214
v -1430.149414 693.141113 -629.194092
v -1430.149414 690.959595 -631.239990
v -1419.765137 695.322693 -631.240112
v -1430.149414 695.322693 -631.239990
v -1430.149414 693.141113 -629.194092
v -1418.100098 693.141113 -629.194214
v -1425.175781 664.231873 -637.969482
v -1424.684082 664.231873 -638.573914
v -1424.033691 670.696289 -637.774780
v -1424.506836 670.696289 -637.193176
v -1421.905273 679.695312 -635.159912
v -1422.389648 679.695312 -634.564514
v -1419.193848 686.596497 -631.828918
v -1419.672852 686.596497 -631.239990
v -1419.193848 686.596497 -631.828918
v -1419.208008 690.959595 -631.846619
v -1419.701660 690.959595 -631.239990
v -1419.672852 686.596497 -631.239990
v -1419.701660 690.959595 -631.239990
v -1419.208008 690.959595 -631.846619
v -1417.574707 693.141113 -629.839783
v -1418.100098 693.141113 -629.194214
v -1417.574707 693.141113 -629.839783
v -1419.239258 695.322693 -631.885315
v -1419.765137 695.322693 -631.240112
v -1418.100098 693.141113 -629.194214
v -1430.149414 686.596497 -631.239990
v -1419.672852 686.596497 -631.239990
v -1419.701660 690.959595 -631.239990
v -1430.149414 690.959595 -631.239990
v -1430.149414 660.363220 -638.539124
v -1430.149902 660.363220 -645.288574
v -1425.651367 660.363220 -639.762207
v -1425.650879 660.363220 -638.539124
v -1425.153320 660.363220 -639.150085
v -1425.175781 664.231873 -637.969482
v -1423.921875 662.297485 -636.342529
v -1423.394531 662.297485 -636.990112
v -1424.684082 664.231873 -638.573914
v -1423.394531 662.297485 -636.990112
v -1423.921875 662.297485 -636.342529
v -1425.650879 660.363220 -638.539124
v -1425.153320 660.363220 -639.150085
v -1430.149414 695.322693 -631.239990
v -1419.765137 695.322693 -631.240112
v -1419.239258 695.322693 -631.885315
v -1430.149902 695.322693 -645.288574
v -1424.192383 664.231873 569.614990
v -1423.560059 670.696289 568.793213
v -1423.560059 670.696289 575.724792
v -1424.192383 664.231873 575.724792
v -1421.419922 679.695190 575.724792
v -1421.419922 679.695190 566.192322
v -1418.714355 686.596497 575.724792
v -1418.714355 686.596497 562.854614
v -1424.655762 660.363220 570.198181
v -1422.868164 662.297485 568.074524
v -1422.868164 662.297485 575.724792
v -1424.655762 660.363220 575.724792
v -1424.192383 664.231873 569.614990
v -1424.192383 664.231873 575.724792
v -1422.868164 662.297485 575.724792
v -1422.868164 662.297485 568.074524
v -1418.714355 690.959595 562.889771
v -1417.048828 693.141113 560.922180
v -1417.048828 693.141113 575.724792
v -1418.714355 690.959595 575.724792
v -1418.714355 695.322571 562.967590
v -1418.714355 695.322571 575.724792
v -1417.048828 693.141113 575.724792
v -1417.048828 693.141113 560.922180
v -1424.684082 664.231873 569.010681
v -1424.033691 670.696289 568.211609
v -1423.560059 670.696289 568.793213
v -1424.192383 664.231873 569.614990
v -1421.419922 679.695190 566.192322
v -1421.905273 679.695190 565.596680
v -1418.714355 686.596497 562.854614
v -1419.193848 686.596497 562.265686
v -1419.193848 686.596497 562.265686
v -1419.208008 690.959595 562.283386
v -1418.714355 690.959595 562.889771
v -1418.714355 686.596497 562.854614
v -1419.208008 690.959595 562.283386
v -1417.574707 693.141113 560.276672
v -1417.048828 693.141113 560.922180
v -1418.714355 690.959595 562.889771
v -1417.048828 693.141113 560.922180
v -1417.574707 693.141113 560.276672
v -1419.239258 695.322571 562.322205
v -1418.714355 695.322571 562.967590
v -1418.714355 686.596497 575.724792
v -1418.714355 686.596497 562.854614
v -1418.714355 690.959595 562.889771
v -1418.714355 690.959595 575.724792
v -1424.655762 660.363220 575.724792
v -1430.149902 660.363220 575.725403
v -1425.651367 660.363220 570.199097
v -1424.655762 660.363220 570.198181
v -1425.153320 660.363220 569.586975
v -1424.684082 664.231873 569.010681
v -1424.192383 664.231873 569.614990
v -1422.868164 662.297485 568.074524
v -1423.394531 662.297485 567.427002
v -1422.868164 662.297485 568.074524
v -1424.655762 660.363220 570.198181
v -1425.153320 660.363220 569.586975
v -1423.394531 662.297485 567.427002
v -1418.714355 695.322571 575.724792
v -1418.714355 695.322571 562.967590
v -1419.239258 695.322571 562.322205
v -1430.149902 695.322571 575.725525
v -1425.175781 664.231873 568.406311
v -1430.149414 664.231873 568.406372
v -1430.149414 670.696289 567.630188
v -1424.506836 670.696289 567.630127
v -1430.149414 679.695190 565.001282
v -1422.389648 679.695190 565.001282
v -1430.149414 686.596497 561.676880
v -1419.672852 686.596497 561.676819
v -1425.650879 660.363220 568.976013
v -1430.149414 660.363220 568.976013
v -1430.149414 662.297485 566.779419
v -1423.921875 662.297485 566.779419
v -1430.149414 662.297485 566.779419
v -1430.149414 664.231873 568.406372
v -1425.175781 664.231873 568.406311
v -1423.921875 662.297485 566.779419
v -1419.701660 690.959595 561.676819
v -1430.149414 690.959595 561.676880
v -1430.149414 693.141113 559.630981
v -1418.100098 693.141113 559.630981
v -1430.149414 693.141113 559.630981
v -1430.149414 695.322571 561.676880
v -1419.765137 695.322571 561.676880
v -1418.100098 693.141113 559.630981
v -1425.175781 664.231873 568.406311
v -1424.506836 670.696289 567.630127
v -1424.033691 670.696289 568.211609
v -1424.684082 664.231873 569.010681
v -1421.905273 679.695190 565.596680
v -1422.389648 679.695190 565.001282
v -1419.193848 686.596497 562.265686
v -1419.672852 686.596497 561.676819
v -1419.701660 690.959595 561.676819
v -1419.208008 690.959595 562.283386
v -1419.193848 686.596497 562.265686
v -1419.672852 686.596497 561.676819
v -1419.701660 690.959595 561.676819
v -1418.100098 693.141113 559.630981
v -1417.574707 693.141113 560.276672
v -1419.208008 690.959595 562.283386
v -1419.765137 695.322571 561.676880
v -1419.239258 695.322571 562.322205
v -1417.574707 693.141113 560.276672
v -1418.100098 693.141113 559.630981
v -1419.701660 690.959595 561.676819
v -1419.672852 686.596497 561.676819
v -1430.149414 686.596497 561.676880
v -1430.149414 690.959595 561.676880
v -1430.149414 660.363220 568.976013
v -1425.650879 660.363220 568.976013
v -1425.651367 660.363220 570.199097
v -1430.149902 660.363220 575.725403
v -1425.153320 660.363220 569.586975
v -1423.394531 662.297485 567.427002
v -1423.921875 662.297485 566.779419
v -1425.175781 664.231873 568.406311
v -1424.684082 664.231873 569.010681
v -1423.394531 662.297485 567.427002
v -1425.153320 660.363220 569.586975
v -1425.650879 660.363220 568.976013
v -1423.921875 662.297485 566.779419
v -1419.239258 695.322571 562.322205
v -1419.765137 695.322571 561.676880
v -1430.149414 695.322571 561.676880
v -1430.149902 695.322571 575.725525
v 1297.145508 186.520996 -639.178101
v 1296.513672 192.985397 -638.356201
v 1296.513672 192.985397 -645.287781
v 1297.145508 186.520996 -645.287781
v 1294.373779 201.984299 -645.287781
v 1294.373779 201.984299 -635.755371
v 1291.667725 208.885605 -645.287781
v 1291.667725 208.885605 -632.417603
v 1297.609131 182.652298 -639.761230
v 1295.821289 184.586594 -637.637573
v 1295.821289 184.586594 -645.287781
v 1297.609131 182.652298 -645.287781
v 1297.145508 186.520996 -639.178101
v 1297.145508 186.520996 -645.287781
v 1295.821289 184.586594 -645.287781
v 1295.821289 184.586594 -637.637573
v 1291.667725 213.248703 -632.452881
v 1290.002197 215.430206 -630.485229
v 1290.002197 215.430206 -645.287781
v 1291.667725 213.248703 -645.287781
v 1291.667725 217.611801 -632.530579
v 1291.667725 217.611801 -645.287781
v 1290.002197 215.430206 -645.287781
v 1290.002197 215.430206 -630.485229
v 1297.637451 186.520996 -638.573730
v 1296.987061 192.985397 -637.774719
v 1296.513672 192.985397 -638.356201
v 1297.145508 186.520996 -639.178101
v 1294.373779 201.984299 -635.755371
v 1294.858398 201.984299 -635.159790
v 1291.667725 208.885605 -632.417603
v 1292.146973 208.885605 -631.828674
v 1292.146973 208.885605 -631.828674
v 1292.161377 213.248703 -631.846375
v 1291.667725 213.248703 -632.452881
v 1291.667725 208.885605 -632.417603
v 1292.161377 213.248703 -631.846375
v 1290.527832 215.430206 -629.839783
v 1290.002197 215.430206 -630.485229
v 1291.667725 213.248703 -632.452881
v 1290.002197 215.430206 -630.485229
v 1290.527832 215.430206 -629.839783
v 1292.192871 217.611801 -631.885315
v 1291.667725 217.611801 -632.530579
v 1291.667725 208.885605 -645.287781
v 1291.667725 208.885605 -632.417603
v 1291.667725 213.248703 -632.452881
v 1291.667725 213.248703 -645.287781
v 1297.609131 182.652298 -645.287781
v 1303.103516 182.652298 -645.288513
v 1298.604980 182.652298 -639.762207
v 1297.609131 182.652298 -639.761230
v 1298.106689 182.652298 -639.150085
v 1297.637451 186.520996 -638.573730
v 1297.145508 186.520996 -639.178101
v 1295.821289 184.586594 -637.637573
v 1296.348389 184.586594 -636.989990
v 1295.821289 184.586594 -637.637573
v 1297.609131 182.652298 -639.761230
v 1298.106689 182.652298 -639.150085
v 1296.348389 184.586594 -636.989990
v 1291.667725 217.611801 -645.287781
v 1291.667725 217.611801 -632.530579
v 1292.192871 217.611801 -631.885315
v 1303.103516 217.611801 -645.288574
v 1298.129395 186.520996 -637.969421
v 1303.102783 186.520996 -637.969482
v 1303.102783 192.985397 -637.193176
v 1297.460449 192.985397 -637.193176
v 1303.102783 201.984299 -634.564270
v 1295.343262 201.984299 -634.564514
v 1303.102783 208.885605 -631.239990
v 1292.626221 208.885605 -631.239929
v 1298.604004 182.652298 -638.539124
v 1303.102783 182.652298 -638.539124
v 1303.102783 184.586594 -636.342529
v 1296.875488 184.586594 -636.342529
v 1303.102783 184.586594 -636.342529
v 1303.102783 186.520996 -637.969482
v 1298.129395 186.520996 -637.969421
v 1296.875488 184.586594 -636.342529
v 1292.655029 213.248703 -631.239929
v 1303.102783 213.248703 -631.239990
v 1303.102783 215.430206 -629.194092
v 1291.053223 215.430206 -629.194092
v 1303.102783 215.430206 -629.194092
v 1303.102783 217.611801 -631.239990
v 1292.718262 217.611801 -631.239990
v 1291.053223 215.430206 -629.194092
v 1298.129395 186.520996 -637.969421
v 1297.460449 192.985397 -637.193176
v 1296.987061 192.985397 -637.774719
v 1297.637451 186.520996 -638.573730
v 1294.858398 201.984299 -635.159790
v 1295.343262 201.984299 -634.564514
v 1292.146973 208.885605 -631.828674
v 1292.626221 208.885605 -631.239929
v 1292.655029 213.248703 -631.239929
v 1292.161377 213.248703 -631.846375
v 1292.146973 208.885605 -631.828674
v 1292.626221 208.885605 -631.239929
v 1292.655029 213.248703 -631.239929
v 1291.053223 215.430206 -629.194092
v 1290.527832 215.430206 -629.839783
v 1292.161377 213.248703 -631.846375
v 1292.718262 217.611801 -631.239990
v 1292.192871 217.611801 -631.885315
v 1290.527832 215.430206 -629.839783
v 1291.053223 215.430206 -629.194092
v 1292.655029 213.248703 -631.239929
v 1292.626221 208.885605 -631.239929
v 1303.102783 208.885605 -631.239990
v 1303.102783 213.248703 -631.239990
v 1303.102783 182.652298 -638.539124
v 1298.604004 182.652298 -638.539124
v 1298.604980 182.652298 -639.762207
v 1303.103516 182.652298 -645.288513
v 1298.106689 182.652298 -639.150085
v 1296.348389 184.586594 -636.989990
v 1296.875488 184.586594 -636.342529
v 1298.129395 186.520996 -637.969421
v 1297.637451 186.520996 -638.573730
v 1296.348389 184.586594 -636.989990
v 1298.106689 182.652298 -639.150085
v 1298.604004 182.652298 -638.539124
v 1296.875488 184.586594 -636.342529
v 1292.192871 217.611801 -631.885315
v 1292.718262 217.611801 -631.239990
v 1303.102783 217.611801 -631.239990
v 1303.103516 217.611801 -645.288574
v 1297.145508 186.520996 569.614990
v 1297.145508 186.520996 575.724792
v 1296.513672 192.985397 575.724792
v 1296.513672 192.985397 568.793091
v 1294.373779 201.984299 575.724792
v 1294.373779 201.984299 566.192322
v 1291.667725 208.885605 575.724792
v 1291.667725 208.885605 562.854492
v 1297.609131 182.652298 570.198181
v 1297.609131 182.652298 575.724792
v 1295.821289 184.586594 575.724792
v 1295.821289 184.586594 568.074524
v 1295.821289 184.586594 575.724792
v 1297.145508 186.520996 575.724792
v 1297.145508 186.520996 569.614990
v 1295.821289 184.586594 568.074524
v 1291.667725 213.248703 562.889771
v 1291.667725 213.248703 575.724792
v 1290.002197 215.430206 575.724792
v 1290.002197 215.430206 560.922119
v 1290.002197 215.430206 575.724792
v 1291.667725 217.611694 575.724792
v 1291.667725 217.611694 562.967529
v 1290.002197 215.430206 560.922119
v 1296.513672 192.985397 568.793091
v 1296.987061 192.985397 568.211487
v 1297.637451 186.520996 569.010620
v 1297.145508 186.520996 569.614990
v 1294.373779 201.984299 566.192322
v 1294.858398 201.984299 565.596680
v 1291.667725 208.885605 562.854492
v 1292.146973 208.885605 562.265625
v 1291.667725 213.248703 562.889771
v 1292.161377 213.248703 562.283386
v 1292.146973 208.885605 562.265625
v 1291.667725 208.885605 562.854492
v 1290.002197 215.430206 560.922119
v 1290.527832 215.430206 560.276672
v 1292.161377 213.248703 562.283386
v 1291.667725 213.248703 562.889771
v 1290.002197 215.430206 560.922119
v 1291.667725 217.611694 562.967529
v 1292.192871 217.611694 562.322083
v 1290.527832 215.430206 560.276672
v 1291.667725 213.248703 562.889771
v 1291.667725 208.885605 562.854492
v 1291.667725 208.885605 575.724792
v 1291.667725 213.248703 575.724792
v 1297.609131 182.652298 575.724792
v 1297.609131 182.652298 570.198181
v 1298.604980 182.652298 570.198975
v 1303.103516 182.652298 575.725281
v 1298.106689 182.652298 569.586975
v 1297.637451 186.520996 569.010620
v 1296.348389 184.586594 567.426880
v 1295.821289 184.586594 568.074524
v 1297.145508 186.520996 569.614990
v 1298.106689 182.652298 569.586975
v 1297.609131 182.652298 570.198181
v 1295.821289 184.586594 568.074524
v 1296.348389 184.586594 567.426880
v 1292.192871 217.611694 562.322083
v 1291.667725 217.611694 562.967529
v 1291.667725 217.611694 575.724792
v 1303.103516 217.611694 575.725403
v 1298.129395 186.520996 568.406311
v 1297.460449 192.985397 567.630127
v 1303.102783 192.985397 567.630127
v 1303.102783 186.520996 568.406311
v 1303.102783 201.984299 565.001282
v 1295.343262 201.984299 565.001282
v 1303.102783 208.885605 561.676819
v 1292.626221 208.885605 561.676819
v 1298.604004 182.652298 568.975891
v 1296.875488 184.586594 566.779419
v 1303.102783 184.586594 566.779419
v 1303.102783 182.652298 568.975891
v 1298.129395 186.520996 568.406311
v 1303.102783 186.520996 568.406311
v 1303.102783 184.586594 566.779419
v 1296.875488 184.586594 566.779419
v 1292.655029 213.248703 561.676819
v 1291.053223 215.430206 559.630981
v 1303.102783 215.430206 559.630920
v 1303.102783 213.248703 561.676819
v 1292.718262 217.611694 561.676880
v 1303.102783 217.611694 561.676819
v 1303.102783 215.430206 559.630920
v 1291.053223 215.430206 559.630981
v 1298.129395 186.520996 568.406311
v 1297.637451 186.520996 569.010620
v 1296.987061 192.985397 568.211487
v 1297.460449 192.985397 567.630127
v 1294.858398 201.984299 565.596680
v 1295.343262 201.984299 565.001282
v 1292.146973 208.885605 562.265625
v 1292.626221 208.885605 561.676819
v 1292.146973 208.885605 562.265625
v 1292.161377 213.248703 562.283386
v 1292.655029 213.248703 561.676819
v 1292.626221 208.885605 561.676819
v 1292.655029 213.248703 561.676819
v 1292.161377 213.248703 562.283386
v 1290.527832 215.430206 560.276672
v 1291.053223 215.430206 559.630981
v 1290.527832 215.430206 560.276672
v 1292.192871 217.611694 562.322083
v 1292.718262 217.611694 561.676880
v 1291.053223 215.430206 559.630981
v 1303.102783 208.885605 561.676819
v 1292.626221 208.885605 561.676819
v 1292.655029 213.248703 561.676819
v 1303.102783 213.248703 561.676819
v 1303.102783 182.652298 568.975891
v 1303.103516 182.652298 575.725281
v 1298.604980 182.652298 570.198975
v 1298.604004 182.652298 568.975891
v 1298.106689 182.652298 569.586975
v 1298.129395 186.520996 568.406311
v 1296.875488 184.586594 566.779419
v 1296.348389 184.586594 567.426880
v 1297.637451 186.520996 569.010620
v 1296.348389 184.586594 567.426880
v 1296.875488 184.586594 566.779419
v 1298.604004 182.652298 568.975891
v 1298.106689 182.652298 569.586975
v 1303.102783 217.611694 561.676819
v 1292.718262 217.611694 561.676880
v 1292.192871 217.611694 562.322083
v 1303.103516 217.611694 575.725403
v 1297.162354 186.520996 -299.643188
v 1296.340332 192.985397 -300.564514
v 1303.271973 192.985397 -300.564514
v 1303.271973 186.520996 -299.643188
v 1303.271973 201.984299 -303.684906
v 1293.739502 201.984299 -303.684906
v 1303.271973 208.885605 -307.630707
v 1290.401855 208.885605 -307.630707
v 1295.654053 192.985397 -231.853394
v 1295.654053 192.985397 -299.750000
v 1296.430420 186.520996 -298.774414
v 1296.430420 186.520996 -232.828903
v 1293.025635 201.984299 -228.765594
v 1293.025635 201.984299 -302.837494
v 1289.701660 208.885605 -224.803207
v 1289.701660 208.885605 -306.799805
v 1289.701660 208.885605 -224.803207
v 1289.701660 213.248596 -224.845093
v 1289.701660 213.248596 -306.757904
v 1289.701660 208.885605 -306.799805
v 1303.271973 208.885605 -223.972000
v 1303.271973 213.248596 -223.972000
v 1290.437012 213.248596 -223.972000
v 1290.401855 208.885605 -223.972000
v 1297.745361 182.652298 -298.967194
v 1295.621826 184.586594 -301.574402
v 1303.271973 184.586594 -301.574402
v 1303.271973 182.652298 -298.967194
v 1294.803711 184.586594 -231.000107
v 1294.803711 184.586594 -300.602997
v 1296.999756 182.652298 -298.081909
v 1296.999756 182.652298 -233.521194
v 1297.162354 186.520996 -299.643188
v 1303.271973 186.520996 -299.643188
v 1303.271973 184.586594 -301.574402
v 1295.621826 184.586594 -301.574402
v 1296.430420 186.520996 -232.828903
v 1296.430420 186.520996 -298.774414
v 1294.803711 184.586594 -300.602997
v 1294.803711 184.586594 -231.000107
v 1290.437012 213.248596 -307.630707
v 1288.469482 215.430206 -310.059204
v 1303.271973 215.430206 -310.059204
v 1303.271973 213.248596 -307.630707
v 1287.656250 215.430206 -222.509201
v 1287.656250 215.430206 -309.093811
v 1289.701660 213.248596 -306.757904
v 1289.701660 213.248596 -224.845093
v 1290.514893 217.611694 -307.630707
v 1303.271973 217.611694 -307.630707
v 1303.271973 215.430206 -310.059204
v 1288.469482 215.430206 -310.059204
v 1289.701660 217.611694 -224.937302
v 1289.701660 217.611694 -306.665710
v 1287.656250 215.430206 -309.093811
v 1287.656250 215.430206 -222.509201
v 1297.162354 186.520996 -299.643188
v 1296.430420 186.520996 -298.774414
v 1295.654053 192.985397 -299.750000
v 1296.340332 192.985397 -300.564514
v 1293.025635 201.984299 -302.837494
v 1293.739502 201.984299 -303.684906
v 1289.701660 208.885605 -306.799805
v 1290.401855 208.885605 -307.630707
v 1297.162354 186.520996 -231.960098
v 1296.340332 192.985397 -231.038406
v 1295.654053 192.985397 -231.853394
v 1296.430420 186.520996 -232.828903
v 1293.025635 201.984299 -228.765594
v 1293.739502 201.984299 -227.918106
v 1289.701660 208.885605 -224.803207
v 1290.401855 208.885605 -223.972000
v 1289.701660 208.885605 -306.799805
v 1289.701660 213.248596 -306.757904
v 1290.437012 213.248596 -307.630707
v 1290.401855 208.885605 -307.630707
v 1290.401855 208.885605 -223.972000
v 1290.437012 213.248596 -223.972000
v 1289.701660 213.248596 -224.845093
v 1289.701660 208.885605 -224.803207
v 1297.162354 186.520996 -299.643188
v 1295.621826 184.586594 -301.574402
v 1294.803711 184.586594 -300.602997
v 1296.430420 186.520996 -298.774414
v 1297.162354 186.520996 -231.960098
v 1296.430420 186.520996 -232.828903
v 1294.803711 184.586594 -231.000107
v 1295.621826 184.586594 -230.029007
v 1294.803711 184.586594 -300.602997
v 1295.621826 184.586594 -301.574402
v 1297.745361 182.652298 -298.967194
v 1296.999756 182.652298 -298.081909
v 1294.803711 184.586594 -231.000107
v 1296.999756 182.652298 -233.521194
v 1297.745361 182.652298 -232.635803
v 1295.621826 184.586594 -230.029007
v 1290.437012 213.248596 -307.630707
v 1289.701660 213.248596 -306.757904
v 1287.656250 215.430206 -309.093811
v 1288.469482 215.430206 -310.059204
v 1290.437012 213.248596 -223.972000
v 1288.469482 215.430206 -221.543900
v 1287.656250 215.430206 -222.509201
v 1289.701660 213.248596 -224.845093
v 1287.656250 215.430206 -309.093811
v 1289.701660 217.611694 -306.665710
v 1290.514893 217.611694 -307.630707
v 1288.469482 215.430206 -310.059204
v 1287.656250 215.430206 -222.509201
v 1288.469482 215.430206 -221.543900
v 1290.514893 217.611694 -223.972000
v 1289.701660 217.611694 -224.937302
v 1303.271973 217.611694 -307.630707
v 1290.514893 217.611694 -307.630707
v 1289.701660 217.611694 -306.665710
v 1290.514893 217.611694 -223.972000
v 1303.271973 217.611694 -223.972000
v 1289.701660 217.611694 -224.937302
v 1303.271973 192.985397 -231.038406
v 1296.340332 192.985397 -231.038406
v 1297.162354 186.520996 -231.960098
v 1303.271973 186.520996 -231.960098
v 1303.271973 201.984299 -227.918198
v 1293.739502 201.984299 -227.918106
v 1303.271973 208.885605 -223.972000
v 1290.401855 208.885605 -223.972000
v 1303.271973 208.885605 -307.630707
v 1290.401855 208.885605 -307.630707
v 1290.437012 213.248596 -307.630707
v 1303.271973 213.248596 -307.630707
v 1303.271973 184.586594 -230.028793
v 1295.621826 184.586594 -230.029007
v 1297.745361 182.652298 -232.635803
v 1303.271973 182.652298 -232.635696
v 1303.271973 184.586594 -230.028793
v 1303.271973 186.520996 -231.960098
v 1297.162354 186.520996 -231.960098
v 1295.621826 184.586594 -230.029007
v 1303.271973 215.430206 -221.543900
v 1288.469482 215.430206 -221.543900
v 1290.437012 213.248596 -223.972000
v 1303.271973 213.248596 -223.972000
v 1303.271973 215.430206 -221.543900
v 1303.271973 217.611694 -223.972000
v 1290.514893 217.611694 -223.972000
v 1288.469482 215.430206 -221.543900
v 1303.271973 182.652298 -232.635696
v 1297.745361 182.652298 -232.635803
v 1297.745361 182.652298 -298.967194
v 1303.271973 182.652298 -298.967194
v 1296.999756 182.652298 -298.081909
v 1296.999756 182.652298 -233.521194
v 1297.162354 186.520996 162.577698
v 1296.340332 192.985397 161.656601
v 1303.271973 192.985397 161.656601
v 1303.271973 186.520996 162.577698
v 1303.271973 201.984299 158.536102
v 1293.739502 201.984299 158.536102
v 1303.271973 208.885605 154.590302
v 1290.401855 208.885605 154.590302
v 1295.654053 192.985397 230.367599
v 1295.654053 192.985397 162.470993
v 1296.430420 186.520996 163.446594
v 1296.430420 186.520996 229.391998
v 1293.025635 201.984299 233.455399
v 1293.025635 201.984299 159.383499
v 1289.701660 208.885605 237.417801
v 1289.701660 208.885605 155.421204
v 1289.701660 208.885605 237.417801
v 1289.701660 213.248596 237.375900
v 1289.701660 213.248596 155.463104
v 1289.701660 208.885605 155.421204
v 1303.271973 208.885605 238.248901
v 1303.271973 213.248596 238.248901
v 1290.437012 213.248596 238.248901
v 1290.401855 208.885605 238.248901
v 1297.745361 182.652298 163.253799
v 1295.621826 184.586594 160.646606
v 1303.271973 184.586594 160.646606
v 1303.271973 182.652298 163.253799
v 1294.803711 184.586594 231.220901
v 1294.803711 184.586594 161.617996
v 1296.999756 182.652298 164.139099
v 1296.999756 182.652298 228.699707
v 1297.162354 186.520996 162.577698
v 1303.271973 186.520996 162.577698
v 1303.271973 184.586594 160.646606
v 1295.621826 184.586594 160.646606
v 1296.430420 186.520996 229.391998
v 1296.430420 186.520996 163.446594
v 1294.803711 184.586594 161.617996
v 1294.803711 184.586594 231.220901
v 1290.437012 213.248596 154.590302
v 1288.469482 215.430206 152.161804
v 1303.271973 215.430206 152.161804
v 1303.271973 213.248596 154.590302
v 1287.656250 215.430206 239.711700
v 1287.656250 215.430206 153.127197
v 1289.701660 213.248596 155.463104
v 1289.701660 213.248596 237.375900
v 1290.514893 217.611694 154.590302
v 1303.271973 217.611694 154.590302
v 1303.271973 215.430206 152.161804
v 1288.469482 215.430206 152.161804
v 1289.701660 217.611694 237.283707
v 1289.701660 217.611694 155.555298
v 1287.656250 215.430206 153.127197
v 1287.656250 215.430206 239.711700
v 1297.162354 186.520996 162.577698
v 1296.430420 186.520996 163.446594
v 1295.654053 192.985397 162.470993
v 1296.340332 192.985397 161.656601
v 1293.025635 201.984299 159.383499
v 1293.739502 201.984299 158.536102
v 1289.701660 208.885605 155.421204
v 1290.401855 208.885605 154.590302
v 1297.162354 186.520996 230.260895
v 1296.340332 192.985397 231.182602
v 1295.654053 192.985397 230.367599
v 1296.430420 186.520996 229.391998
v 1293.025635 201.984299 233.455399
v 1293.739502 201.984299 234.302795
v 1289.701660 208.885605 237.417801
v 1290.401855 208.885605 238.248901
v 1289.701660 208.885605 155.421204
v 1289.701660 213.248596 155.463104
v 1290.437012 213.248596 154.590302
v 1290.401855 208.885605 154.590302
v 1290.401855 208.885605 238.248901
v 1290.437012 213.248596 238.248901
v 1289.701660 213.248596 237.375900
v 1289.701660 208.885605 237.417801
v 1297.162354 186.520996 162.577698
v 1295.621826 184.586594 160.646606
v 1294.803711 184.586594 161.617996
v 1296.430420 186.520996 163.446594
v 1297.162354 186.520996 230.260895
v 1296.430420 186.520996 229.391998
v 1294.803711 184.586594 231.220901
v 1295.621826 184.586594 232.192001
v 1294.803711 184.586594 161.617996
v 1295.621826 184.586594 160.646606
v 1297.745361 182.652298 163.253799
v 1296.999756 182.652298 164.139099
v 1294.803711 184.586594 231.220901
v 1296.999756 182.652298 228.699707
v 1297.745361 182.652298 229.585205
v 1295.621826 184.586594 232.192001
v 1290.437012 213.248596 154.590302
v 1289.701660 213.248596 155.463104
v 1287.656250 215.430206 153.127197
v 1288.469482 215.430206 152.161804
v 1290.437012 213.248596 238.248901
v 1288.469482 215.430206 240.677200
v 1287.656250 215.430206 239.711700
v 1289.701660 213.248596 237.375900
v 1287.656250 215.430206 153.127197
v 1289.701660 217.611694 155.555298
v 1290.514893 217.611694 154.590302
v 1288.469482 215.430206 152.161804
v 1287.656250 215.430206 239.711700
v 1288.469482 215.430206 240.677200
v 1290.514893 217.611694 238.248901
v 1289.701660 217.611694 237.283707
v 1303.271973 217.611694 154.590302
v 1290.514893 217.611694 154.590302
v 1289.701660 217.611694 155.555298
v 1290.514893 217.611694 238.248901
v 1303.271973 217.611694 238.248901
v 1289.701660 217.611694 237.283707
v 1303.271973 192.985397 231.182602
v 1296.340332 192.985397 231.182602
v 1297.162354 186.520996 230.260895
v 1303.271973 186.520996 230.260895
v 1303.271973 201.984299 234.302795
v 1293.739502 201.984299 234.302795
v 1303.271973 208.885605 238.248901
v 1290.401855 208.885605 238.248901
v 1303.271973 208.885605 154.590302
v 1290.401855 208.885605 154.590302
v 1290.437012 213.248596 154.590302
v 1303.271973 213.248596 154.590302
v 1303.271973 184.586594 232.192200
v 1295.621826 184.586594 232.192001
v 1297.745361 182.652298 229.585205
v 1303.271973 182.652298 229.585403
v 1303.271973 184.586594 232.192200
v 1303.271973 186.520996 230.260895
v 1297.162354 186.520996 230.260895
v 1295.621826 184.586594 232.192001
v 1303.271973 215.430206 240.677200
v 1288.469482 215.430206 240.677200
v 1290.437012 213.248596 238.248901
v 1303.271973 213.248596 238.248901
v 1303.271973 215.430206 240.677200
v 1303.271973 217.611694 238.248901
v 1290.514893 217.611694 238.248901
v 1288.469482 215.430206 240.677200
v 1303.271973 182.652298 229.585403
v 1297.745361 182.652298 229.585205
v 1297.745361 182.652298 163.253799
v 1303.271973 182.652298 163.253799
v 1296.999756 182.652298 164.139099
v 1296.999756 182.652298 228.699707
v -596.161377 186.520996 569.378174
v -595.529785 192.985397 568.556274
v -595.529785 192.985397 575.487976
v -596.161377 186.520996 575.487976
v -593.389587 201.984299 575.487976
v -593.389587 201.984299 565.955383
v -590.683777 208.885605 575.487976
v -590.683777 208.885605 562.617676
v -642.651428 192.985397 567.869873
v -596.088074 192.985397 567.869873
v -596.757629 186.520996 568.646179
v -641.982422 186.520996 568.646179
v -644.768616 201.984299 565.241516
v -593.970886 201.984299 565.241516
v -647.486084 208.885605 561.917480
v -591.253418 208.885605 561.917480
v -647.486084 208.885605 561.917480
v -647.457520 213.248703 561.917480
v -591.282227 213.248703 561.917480
v -591.253418 208.885605 561.917480
v -648.056396 208.885605 575.487976
v -648.056396 213.248703 575.487976
v -648.056396 213.248703 562.653015
v -648.056396 208.885605 562.617676
v -596.625183 182.652298 569.961426
v -594.837219 184.586594 567.837585
v -594.837219 184.586594 575.487976
v -596.625183 182.652298 575.487976
v -643.236328 184.586594 567.019470
v -595.503174 184.586594 567.019470
v -597.232422 182.652298 569.215515
v -641.507629 182.652298 569.215515
v -596.161377 186.520996 569.378174
v -596.161377 186.520996 575.487976
v -594.837219 184.586594 575.487976
v -594.837219 184.586594 567.837585
v -641.982422 186.520996 568.646179
v -596.757629 186.520996 568.646179
v -595.503174 184.586594 567.019470
v -643.236328 184.586594 567.019470
v -590.683777 213.248703 562.653015
v -589.018127 215.430206 560.685303
v -589.018127 215.430206 575.487976
v -590.683777 213.248703 575.487976
v -649.059326 215.430206 559.872070
v -589.680420 215.430206 559.872070
v -591.282227 213.248703 561.917480
v -647.457520 213.248703 561.917480
v -590.683777 217.611801 562.730713
v -590.683777 217.611801 575.487976
v -589.018127 215.430206 575.487976
v -589.018127 215.430206 560.685303
v -647.393982 217.611801 561.917480
v -591.345520 217.611801 561.917480
v -589.680420 215.430206 559.872070
v -649.059326 215.430206 559.872070
v -596.757629 186.520996 568.646179
v -596.088074 192.985397 567.869873
v -595.529785 192.985397 568.556274
v -596.161377 186.520996 569.378174
v -593.389587 201.984299 565.955383
v -593.970886 201.984299 565.241516
v -590.683777 208.885605 562.617676
v -591.253418 208.885605 561.917480
v -641.982422 186.520996 568.646179
v -642.578125 186.520996 569.378174
v -643.210388 192.985397 568.556274
v -642.651428 192.985397 567.869873
v -645.350098 201.984299 565.955383
v -644.768616 201.984299 565.241516
v -648.056396 208.885605 562.617676
v -647.486084 208.885605 561.917480
v -591.253418 208.885605 561.917480
v -591.282227 213.248703 561.917480
v -590.683777 213.248703 562.653015
v -590.683777 208.885605 562.617676
v -648.056396 208.885605 562.617676
v -648.056396 213.248703 562.653015
v -647.457520 213.248703 561.917480
v -647.486084 208.885605 561.917480
v -596.757629 186.520996 568.646179
v -596.161377 186.520996 569.378174
v -594.837219 184.586594 567.837585
v -595.503174 184.586594 567.019470
v -641.982422 186.520996 568.646179
v -643.236328 184.586594 567.019470
v -643.902283 184.586594 567.837585
v -642.578125 186.520996 569.378174
v -594.837219 184.586594 567.837585
v -596.625183 182.652298 569.961426
v -597.232422 182.652298 569.215515
v -595.503174 184.586594 567.019470
v -643.902283 184.586594 567.837585
v -643.236328 184.586594 567.019470
v -641.507629 182.652298 569.215515
v -642.114502 182.652298 569.961426
v -591.282227 213.248703 561.917480
v -589.680420 215.430206 559.872070
v -589.018127 215.430206 560.685303
v -590.683777 213.248703 562.653015
v -647.457520 213.248703 561.917480
v -648.056396 213.248703 562.653015
v -649.721375 215.430206 560.685303
v -649.059326 215.430206 559.872070
v -589.018127 215.430206 560.685303
v -589.680420 215.430206 559.872070
v -591.345520 217.611801 561.917480
v -590.683777 217.611801 562.730713
v -649.721375 215.430206 560.685303
v -648.056396 217.611801 562.730713
v -647.393982 217.611801 561.917480
v -649.059326 215.430206 559.872070
v -590.683777 217.611801 575.487976
v -590.683777 217.611801 562.730713
v -591.345520 217.611801 561.917480
v -648.056396 217.611801 562.730713
v -648.056396 217.611801 575.487976
v -647.393982 217.611801 561.917480
v -643.210388 192.985397 575.487976
v -643.210388 192.985397 568.556274
v -642.578125 186.520996 569.378174
v -642.578125 186.520996 575.487976
v -645.350098 201.984299 575.487976
v -645.350098 201.984299 565.955383
v -648.056396 208.885605 575.487976
v -648.056396 208.885605 562.617676
v -590.683777 208.885605 575.487976
v -590.683777 208.885605 562.617676
v -590.683777 213.248703 562.653015
v -590.683777 213.248703 575.487976
v -643.902283 184.586594 575.487976
v -643.902283 184.586594 567.837585
v -642.114502 182.652298 569.961426
v -642.114990 182.652298 575.487976
v -643.902283 184.586594 575.487976
v -642.578125 186.520996 575.487976
v -642.578125 186.520996 569.378174
v -643.902283 184.586594 567.837585
v -649.721375 215.430206 575.487976
v -649.721375 215.430206 560.685303
v -648.056396 213.248703 562.653015
v -648.056396 213.248703 575.487976
v -649.721375 215.430206 575.487976
v -648.056396 217.611801 575.487976
v -648.056396 217.611801 562.730713
v -649.721375 215.430206 560.685303
v -642.114990 182.652298 575.487976
v -642.114502 182.652298 569.961426
v -596.625183 182.652298 569.961426
v -596.625183 182.652298 575.487976
v -597.232422 182.652298 569.215515
v -641.507629 182.652298 569.215515
v -972.901428 186.520996 569.378174
v -972.003174 192.985397 568.556274
v -972.003174 192.985397 575.487976
v -972.901428 186.520996 575.487976
v -968.960205 201.984299 575.487976
v -968.960205 201.984299 565.955505
v -965.112793 208.885605 575.487976
v -965.112793 208.885605 562.617798
v -1039.002441 192.985397 567.869995
v -972.797424 192.985397 567.869995
v -973.748474 186.520996 568.646179
v -1038.050781 186.520996 568.646179
v -1042.012939 201.984299 565.241577
v -969.786621 201.984299 565.241577
v -1045.876953 208.885605 561.917603
v -965.923096 208.885605 561.917603
v -1045.876953 208.885605 561.917603
v -1045.835693 213.248703 561.917603
v -965.964111 213.248703 561.917603
v -965.923096 208.885605 561.917603
v -1046.687256 208.885605 575.487976
v -1046.687256 213.248703 575.487976
v -1046.687256 213.248703 562.653015
v -1046.687256 208.885605 562.617798
v -973.560486 182.652298 569.961426
v -971.018616 184.586594 567.837708
v -971.018616 184.586594 575.487976
v -973.560486 182.652298 575.487976
v -1039.834229 184.586594 567.019592
v -971.965576 184.586594 567.019592
v -974.423828 182.652298 569.215576
v -1037.375732 182.652298 569.215576
v -972.901428 186.520996 569.378174
v -972.901428 186.520996 575.487976
v -971.018616 184.586594 575.487976
v -971.018616 184.586594 567.837708
v -1038.050781 186.520996 568.646179
v -973.748474 186.520996 568.646179
v -971.965576 184.586594 567.019592
v -1039.834229 184.586594 567.019592
v -965.112793 213.248703 562.653015
v -962.744873 215.430206 560.685425
v -962.744873 215.430206 575.487976
v -965.112793 213.248703 575.487976
v -1048.113770 215.430206 559.872192
v -963.686279 215.430206 559.872192
v -965.964111 213.248703 561.917603
v -1045.835693 213.248703 561.917603
v -965.112793 217.611694 562.730774
v -965.112793 217.611694 575.487976
v -962.744873 215.430206 575.487976
v -962.744873 215.430206 560.685425
v -1045.745850 217.611694 561.917603
v -966.053711 217.611694 561.917603
v -963.686279 215.430206 559.872192
v -1048.113770 215.430206 559.872192
v -972.901428 186.520996 569.378174
v -973.748474 186.520996 568.646179
v -972.797424 192.985397 567.869995
v -972.003174 192.985397 568.556274
v -969.786621 201.984299 565.241577
v -968.960205 201.984299 565.955505
v -965.923096 208.885605 561.917603
v -965.112793 208.885605 562.617798
v -1038.898438 186.520996 569.378174
v -1039.796875 192.985397 568.556274
v -1039.002441 192.985397 567.869995
v -1038.050781 186.520996 568.646179
v -1042.012939 201.984299 565.241577
v -1042.839355 201.984299 565.955505
v -1045.876953 208.885605 561.917603
v -1046.687256 208.885605 562.617798
v -965.923096 208.885605 561.917603
v -965.964111 213.248703 561.917603
v -965.112793 213.248703 562.653015
v -965.112793 208.885605 562.617798
v -1046.687256 208.885605 562.617798
v -1046.687256 213.248703 562.653015
v -1045.835693 213.248703 561.917603
v -1045.876953 208.885605 561.917603
v -972.901428 186.520996 569.378174
v -971.018616 184.586594 567.837708
v -971.965576 184.586594 567.019592
v -973.748474 186.520996 568.646179
v -1038.898438 186.520996 569.378174
v -1038.050781 186.520996 568.646179
v -1039.834229 184.586594 567.019592
v -1040.781250 184.586594 567.837708
v -971.965576 184.586594 567.019592
v -971.018616 184.586594 567.837708
v -973.560486 182.652298 569.961426
v -974.423828 182.652298 569.215576
v -1039.834229 184.586594 567.019592
v -1037.375732 182.652298 569.215576
v -1038.239014 182.652298 569.961426
v -1040.781250 184.586594 567.837708
v -965.112793 213.248703 562.653015
v -965.964111 213.248703 561.917603
v -963.686279 215.430206 559.872192
v -962.744873 215.430206 560.685425
v -1046.687256 213.248703 562.653015
v -1049.054688 215.430206 560.685425
v -1048.113770 215.430206 559.872192
v -1045.835693 213.248703 561.917603
v -963.686279 215.430206 559.872192
v -966.053711 217.611694 561.917603
v -965.112793 217.611694 562.730774
v -962.744873 215.430206 560.685425
v -1048.113770 215.430206 559.872192
v -1049.054688 215.430206 560.685425
v -1046.687256 217.611694 562.730774
v -1045.745850 217.611694 561.917603
v -965.112793 217.611694 575.487976
v -965.112793 217.611694 562.730774
v -966.053711 217.611694 561.917603
v -1046.687256 217.611694 562.730774
v -1046.687256 217.611694 575.487976
v -1045.745850 217.611694 561.917603
v -1039.796875 192.985397 575.487976
v -1039.796875 192.985397 568.556274
v -1038.898438 186.520996 569.378174
v -1038.898438 186.520996 575.487976
v -1042.839355 201.984299 575.487976
v -1042.839355 201.984299 565.955505
v -1046.687256 208.885605 575.487976
v -1046.687256 208.885605 562.617798
v -965.112793 208.885605 575.487976
v -965.112793 208.885605 562.617798
v -965.112793 213.248703 562.653015
v -965.112793 213.248703 575.487976
v -1040.781494 184.586594 575.487976
v -1040.781250 184.586594 567.837708
v -1038.239014 182.652298 569.961426
v -1038.239502 182.652298 575.487976
v -1040.781494 184.586594 575.487976
v -1038.898438 186.520996 575.487976
v -1038.898438 186.520996 569.378174
v -1040.781250 184.586594 567.837708
v -1049.054688 215.430206 575.487976
v -1049.054688 215.430206 560.685425
v -1046.687256 213.248703 562.653015
v -1046.687256 213.248703 575.487976
v -1049.054688 215.430206 575.487976
v -1046.687256 217.611694 575.487976
v -1046.687256 217.611694 562.730774
v -1049.054688 215.430206 560.685425
v -1038.239502 182.652298 575.487976
v -1038.239014 182.652298 569.961426
v -973.560486 182.652298 569.961426
v -973.560486 182.652298 575.487976
v -974.423828 182.652298 569.215576
v -1037.375732 182.652298 569.215576
v -225.086700 186.520996 569.378174
v -224.454895 192.985397 568.556274
v -224.454895 192.985397 575.487976
v -225.086700 186.520996 575.487976
v -222.314804 201.984299 575.487976
v -222.314804 201.984299 565.955505
v -219.608902 208.885605 575.487976
v -219.608902 208.885605 562.617798
v -271.576385 192.985397 567.869995
v -225.013504 192.985397 567.869995
v -225.682693 186.520996 568.646179
v -270.907501 186.520996 568.646179
v -273.694092 201.984299 565.241577
v -222.896103 201.984299 565.241577
v -276.411407 208.885605 561.917603
v -220.178802 208.885605 561.917603
v -276.411407 208.885605 561.917603
v -276.382599 213.248703 561.917603
v -220.207306 213.248703 561.917603
v -220.178802 208.885605 561.917603
v -276.981415 208.885605 575.487976
v -276.981415 213.248703 575.487976
v -276.981415 213.248703 562.653015
v -276.981415 208.885605 562.617798
v -225.550400 182.652298 569.961426
v -223.762299 184.586594 567.837708
v -223.762299 184.586594 575.487976
v -225.550400 182.652298 575.487976
v -272.161591 184.586594 567.019592
v -224.428299 184.586594 567.019592
v -226.157501 182.652298 569.215576
v -270.432587 182.652298 569.215576
v -225.086700 186.520996 569.378174
v -225.086700 186.520996 575.487976
v -223.762299 184.586594 575.487976
v -223.762299 184.586594 567.837708
v -270.907501 186.520996 568.646179
v -225.682693 186.520996 568.646179
v -224.428299 184.586594 567.019592
v -272.161591 184.586594 567.019592
v -219.608902 213.248703 562.653015
v -217.943405 215.430206 560.685425
v -217.943405 215.430206 575.487976
v -219.608902 213.248703 575.487976
v -277.984406 215.430206 559.872192
v -218.605499 215.430206 559.872192
v -220.207306 213.248703 561.917603
v -276.382599 213.248703 561.917603
v -219.608902 217.611694 562.730774
v -219.608902 217.611694 575.487976
v -217.943405 215.430206 575.487976
v -217.943405 215.430206 560.685425
v -276.319305 217.611694 561.917603
v -220.270599 217.611694 561.917603
v -218.605499 215.430206 559.872192
v -277.984406 215.430206 559.872192
v -225.682693 186.520996 568.646179
v -225.013504 192.985397 567.869995
v -224.454895 192.985397 568.556274
v -225.086700 186.520996 569.378174
v -222.314804 201.984299 565.955505
v -222.896103 201.984299 565.241577
v -219.608902 208.885605 562.617798
v -220.178802 208.885605 561.917603
v -270.907501 186.520996 568.646179
v -271.503204 186.520996 569.378174
v -272.135498 192.985397 568.556274
v -271.576385 192.985397 567.869995
v -274.275085 201.984299 565.955505
v -273.694092 201.984299 565.241577
v -276.981415 208.885605 562.617798
v -276.411407 208.885605 561.917603
v -220.178802 208.885605 561.917603
v -220.207306 213.248703 561.917603
v -219.608902 213.248703 562.653015
v -219.608902 208.885605 562.617798
v -276.981415 208.885605 562.617798
v -276.981415 213.248703 562.653015
v -276.382599 213.248703 561.917603
v -276.411407 208.885605 561.917603
v -225.682693 186.520996 568.646179
v -225.086700 186.520996 569.378174
v -223.762299 184.586594 567.837708
v -224.428299 184.586594 567.019592
v -270.907501 186.520996 568.646179
v -272.161591 184.586594 567.019592
v -272.827606 184.586594 567.837708
v -271.503204 186.520996 569.378174
v -223.762299 184.586594 567.837708
v -225.550400 182.652298 569.961426
v -226.157501 182.652298 569.215576
v -224.428299 184.586594 567.019592
v -272.827606 184.586594 567.837708
v -272.161591 184.586594 567.019592
v -270.432587 182.652298 569.215576
v -271.039795 182.652298 569.961426
v -220.207306 213.248703 561.917603
v -218.605499 215.430206 559.872192
v -217.943405 215.430206 560.685425
v -219.608902 213.248703 562.653015
v -276.382599 213.248703 561.917603
v -276.981415 213.248703 562.653015
v -278.646515 215.430206 560.685425
v -277.984406 215.430206 559.872192
v -217.943405 215.430206 560.685425
v -218.605499 215.430206 559.872192
v -220.270599 217.611694 561.917603
v -219.608902 217.611694 562.730774
v -278.646515 215.430206 560.685425
v -276.981415 217.611694 562.730774
v -276.319305 217.611694 561.917603
v -277.984406 215.430206 559.872192
v -219.608902 217.611694 575.487976
v -219.608902 217.611694 562.730774
v -220.270599 217.611694 561.917603
v -276.981415 217.611694 562.730774
v -276.981415 217.611694 575.487976
v -276.319305 217.611694 561.917603
v -272.135498 192.985397 575.487976
v -272.135498 192.985397 568.556274
v -271.503204 186.520996 569.378174
v -271.503204 186.520996 575.487976
v -274.275085 201.984299 575.487976
v -274.275085 201.984299 565.955505
v -276.981415 208.885605 575.487976
v -276.981415 208.885605 562.617798
v -219.608902 208.885605 575.487976
v -219.608902 208.885605 562.617798
v -219.608902 213.248703 562.653015
v -219.608902 213.248703 575.487976
v -272.827606 184.586594 575.487976
v -272.827606 184.586594 567.837708
v -271.039795 182.652298 569.961426
v -271.040009 182.652298 575.487976
v -272.827606 184.586594 575.487976
v -271.503204 186.520996 575.487976
v -271.503204 186.520996 569.378174
v -272.827606 184.586594 567.837708
v -278.646515 215.430206 575.487976
v -278.646515 215.430206 560.685425
v -276.981415 213.248703 562.653015
v -276.981415 213.248703 575.487976
v -278.646515 215.430206 575.487976
v -276.981415 217.611694 575.487976
v -276.981415 217.611694 562.730774
v -278.646515 215.430206 560.685425
v -271.040009 182.652298 575.487976
v -271.039795 182.652298 569.961426
v -225.550400 182.652298 569.961426
v -225.550400 182.652298 575.487976
v -226.157501 182.652298 569.215576
v -270.432587 182.652298 569.215576
v 145.763901 186.520996 569.378174
v 146.395706 192.985397 568.556274
v 146.395706 192.985397 575.487976
v 145.763901 186.520996 575.487976
v 148.535599 201.984299 575.487976
v 148.535599 201.984299 565.955505
v 151.241592 208.885605 575.487976
v 151.241592 208.885605 562.617798
v 99.273903 192.985397 567.869995
v 145.837097 192.985397 567.869995
v 145.167892 186.520996 568.646179
v 99.943100 186.520996 568.646179
v 97.156403 201.984299 565.241577
v 147.954300 201.984299 565.241577
v 94.439102 208.885605 561.917603
v 150.671799 208.885605 561.917603
v 94.439102 208.885605 561.917603
v 94.467697 213.248703 561.917603
v 150.643005 213.248703 561.917603
v 150.671799 208.885605 561.917603
v 93.869102 208.885605 575.487976
v 93.869102 213.248703 575.487976
v 93.869102 213.248703 562.653015
v 93.869102 208.885605 562.617798
v 145.300201 182.652298 569.961426
v 147.088104 184.586594 567.837708
v 147.088104 184.586594 575.487976
v 145.300201 182.652298 575.487976
v 98.688904 184.586594 567.019592
v 146.422104 184.586594 567.019592
v 144.693100 182.652298 569.215576
v 100.417702 182.652298 569.215576
v 145.763901 186.520996 569.378174
v 145.763901 186.520996 575.487976
v 147.088104 184.586594 575.487976
v 147.088104 184.586594 567.837708
v 99.943100 186.520996 568.646179
v 145.167892 186.520996 568.646179
v 146.422104 184.586594 567.019592
v 98.688904 184.586594 567.019592
v 151.241592 213.248703 562.653015
v 152.907196 215.430206 560.685425
v 152.907196 215.430206 575.487976
v 151.241592 213.248703 575.487976
v 92.865898 215.430206 559.872192
v 152.244797 215.430206 559.872192
v 150.643005 213.248703 561.917603
v 94.467697 213.248703 561.917603
v 151.241592 217.611694 562.730774
v 151.241592 217.611694 575.487976
v 152.907196 215.430206 575.487976
v 152.907196 215.430206 560.685425
v 94.531197 217.611694 561.917603
v 150.579803 217.611694 561.917603
v 152.244797 215.430206 559.872192
v 92.865898 215.430206 559.872192
v 145.167892 186.520996 568.646179
v 145.837097 192.985397 567.869995
v 146.395706 192.985397 568.556274
v 145.763901 186.520996 569.378174
v 148.535599 201.984299 565.955505
v 147.954300 201.984299 565.241577
v 151.241592 208.885605 562.617798
v 150.671799 208.885605 561.917603
v 99.943100 186.520996 568.646179
v 99.347099 186.520996 569.378174
v 98.714996 192.985397 568.556274
v 99.273903 192.985397 567.869995
v 96.575104 201.984299 565.955505
v 97.156403 201.984299 565.241577
v 93.869102 208.885605 562.617798
v 94.439102 208.885605 561.917603
v 150.671799 208.885605 561.917603
v 150.643005 213.248703 561.917603
v 151.241592 213.248703 562.653015
v 151.241592 208.885605 562.617798
v 93.869102 208.885605 562.617798
v 93.869102 213.248703 562.653015
v 94.467697 213.248703 561.917603
v 94.439102 208.885605 561.917603
v 145.167892 186.520996 568.646179
v 145.763901 186.520996 569.378174
v 147.088104 184.586594 567.837708
v 146.422104 184.586594 567.019592
v 99.943100 186.520996 568.646179
v 98.688904 184.586594 567.019592
v 98.022903 184.586594 567.837708
v 99.347099 186.520996 569.378174
v 147.088104 184.586594 567.837708
v 145.300201 182.652298 569.961426
v 144.693100 182.652298 569.215576
v 146.422104 184.586594 567.019592
v 98.022903 184.586594 567.837708
v 98.688904 184.586594 567.019592
v 100.417702 182.652298 569.215576
v 99.810699 182.652298 569.961426
v 150.643005 213.248703 561.917603
v 152.244797 215.430206 559.872192
v 152.907196 215.430206 560.685425
v 151.241592 213.248703 562.653015
v 94.467697 213.248703 561.917603
v 93.869102 213.248703 562.653015
v 92.204002 215.430206 560.685425
v 92.865898 215.430206 559.872192
v 152.907196 215.430206 560.685425
v 152.244797 215.430206 559.872192
v 150.579803 217.611694 561.917603
v 151.241592 217.611694 562.730774
v 92.204002 215.430206 560.685425
v 93.869102 217.611694 562.730774
v 94.531197 217.611694 561.917603
v 92.865898 215.430206 559.872192
v 151.241592 217.611694 575.487976
v 151.241592 217.611694 562.730774
v 150.579803 217.611694 561.917603
v 93.869102 217.611694 562.730774
v 93.869102 217.611694 575.487976
v 94.531197 217.611694 561.917603
v 98.714996 192.985397 575.487976
v 98.714996 192.985397 568.556274
v 99.347099 186.520996 569.378174
v 99.347099 186.520996 575.487976
v 96.575401 201.984299 575.487976
v 96.575104 201.984299 565.955505
v 93.869102 208.885605 575.487976
v 93.869102 208.885605 562.617798
v 151.241592 208.885605 575.487976
v 151.241592 208.885605 562.617798
v 151.241592 213.248703 562.653015
v 151.241592 213.248703 575.487976
v 98.022598 184.586594 575.487976
v 98.022903 184.586594 567.837708
v 99.810699 182.652298 569.961426
v 99.810501 182.652298 575.487976
v 98.022598 184.586594 575.487976
v 99.347099 186.520996 575.487976
v 99.347099 186.520996 569.378174
v 98.022903 184.586594 567.837708
v 92.204002 215.430206 575.487976
v 92.204002 215.430206 560.685425
v 93.869102 213.248703 562.653015
v 93.869102 213.248703 575.487976
v 92.204002 215.430206 575.487976
v 93.869102 217.611694 575.487976
v 93.869102 217.611694 562.730774
v 92.204002 215.430206 560.685425
v 99.810501 182.652298 575.487976
v 99.810699 182.652298 569.961426
v 145.300201 182.652298 569.961426
v 145.300201 182.652298 575.487976
v 144.693100 182.652298 569.215576
v 100.417702 182.652298 569.215576
v 516.224792 186.520996 569.378174
v 516.856628 192.985397 568.556274
v 516.856628 192.985397 575.487976
v 516.224792 186.520996 575.487976
v 518.996521 201.984299 575.487976
v 518.996521 201.984299 565.955505
v 521.702576 208.885605 575.487976
v 521.702576 208.885605 562.617798
v 469.734802 192.985397 567.869995
v 516.297974 192.985397 567.869995
v 515.628784 186.520996 568.646179
v 470.403992 186.520996 568.646179
v 467.617401 201.984299 565.241577
v 518.415527 201.984299 565.241577
v 464.899811 208.885605 561.917603
v 521.132812 208.885605 561.917603
v 464.899811 208.885605 561.917603
v 464.928589 213.248703 561.917603
v 521.103882 213.248703 561.917603
v 521.132812 208.885605 561.917603
v 464.329987 208.885605 575.487976
v 464.329987 213.248703 575.487976
v 464.329987 213.248703 562.653015
v 464.329987 208.885605 562.617798
v 515.761230 182.652298 569.961426
v 517.549011 184.586594 567.837708
v 517.549011 184.586594 575.487976
v 515.761230 182.652298 575.487976
v 469.149811 184.586594 567.019592
v 516.882996 184.586594 567.019592
v 515.153992 182.652298 569.215576
v 470.878815 182.652298 569.215576
v 516.224792 186.520996 569.378174
v 516.224792 186.520996 575.487976
v 517.549011 184.586594 575.487976
v 517.549011 184.586594 567.837708
v 470.403992 186.520996 568.646179
v 515.628784 186.520996 568.646179
v 516.882996 184.586594 567.019592
v 469.149811 184.586594 567.019592
v 521.702576 213.248703 562.653015
v 523.367920 215.430206 560.685425
v 523.367920 215.430206 575.487976
v 521.702576 213.248703 575.487976
v 463.326813 215.430206 559.872192
v 522.705688 215.430206 559.872192
v 521.103882 213.248703 561.917603
v 464.928589 213.248703 561.917603
v 521.702576 217.611694 562.730774
v 521.702576 217.611694 575.487976
v 523.367920 215.430206 575.487976
v 523.367920 215.430206 560.685425
v 464.991913 217.611694 561.917603
v 521.040710 217.611694 561.917603
v 522.705688 215.430206 559.872192
v 463.326813 215.430206 559.872192
v 515.628784 186.520996 568.646179
v 516.297974 192.985397 567.869995
v 516.856628 192.985397 568.556274
v 516.224792 186.520996 569.378174
v 518.996521 201.984299 565.955505
v 518.415527 201.984299 565.241577
v 521.702576 208.885605 562.617798
v 521.132812 208.885605 561.917603
v 470.403992 186.520996 568.646179
v 469.808014 186.520996 569.378174
v 469.175995 192.985397 568.556274
v 469.734802 192.985397 567.869995
v 467.036102 201.984299 565.955505
v 467.617401 201.984299 565.241577
v 464.329987 208.885605 562.617798
v 464.899811 208.885605 561.917603
v 521.132812 208.885605 561.917603
v 521.103882 213.248703 561.917603
v 521.702576 213.248703 562.653015
v 521.702576 208.885605 562.617798
v 464.329987 208.885605 562.617798
v 464.329987 213.248703 562.653015
v 464.928589 213.248703 561.917603
v 464.899811 208.885605 561.917603
v 515.628784 186.520996 568.646179
v 516.224792 186.520996 569.378174
v 517.549011 184.586594 567.837708
v 516.882996 184.586594 567.019592
v 470.403992 186.520996 568.646179
v 469.149811 184.586594 567.019592
v 468.483795 184.586594 567.837708
v 469.808014 186.520996 569.378174
v 517.549011 184.586594 567.837708
v 515.761230 182.652298 569.961426
v 515.153992 182.652298 569.215576
v 516.882996 184.586594 567.019592
v 468.483795 184.586594 567.837708
v 469.149811 184.586594 567.019592
v 470.878815 182.652298 569.215576
v 470.271393 182.652298 569.961426
v 521.103882 213.248703 561.917603
v 522.705688 215.430206 559.872192
v 523.367920 215.430206 560.685425
v 521.702576 213.248703 562.653015
v 464.928589 213.248703 561.917603
v 464.329987 213.248703 562.653015
v 462.664703 215.430206 560.685425
v 463.326813 215.430206 559.872192
v 523.367920 215.430206 560.685425
v 522.705688 215.430206 559.872192
v 521.040710 217.611694 561.917603
v 521.702576 217.611694 562.730774
v 462.664703 215.430206 560.685425
v 464.329987 217.611694 562.730774
v 464.991913 217.611694 561.917603
v 463.326813 215.430206 559.872192
v 521.702576 217.611694 575.487976
v 521.702576 217.611694 562.730774
v 521.040710 217.611694 561.917603
v 464.329987 217.611694 562.730774
v 464.329987 217.611694 575.487976
v 464.991913 217.611694 561.917603
v 469.175995 192.985397 575.487976
v 469.175995 192.985397 568.556274
v 469.808014 186.520996 569.378174
v 469.808014 186.520996 575.487976
v 467.036285 201.984299 575.487976
v 467.036102 201.984299 565.955505
v 464.329987 208.885605 575.487976
v 464.329987 208.885605 562.617798
v 521.702576 208.885605 575.487976
v 521.702576 208.885605 562.617798
v 521.702576 213.248703 562.653015
v 521.702576 213.248703 575.487976
v 468.483795 184.586594 575.487976
v 468.483795 184.586594 567.837708
v 470.271393 182.652298 569.961426
v 470.271393 182.652298 575.487976
v 468.483795 184.586594 575.487976
v 469.808014 186.520996 575.487976
v 469.808014 186.520996 569.378174
v 468.483795 184.586594 567.837708
v 462.664703 215.430206 575.487976
v 462.664703 215.430206 560.685425
v 464.329987 213.248703 562.653015
v 464.329987 213.248703 575.487976
v 462.664703 215.430206 575.487976
v 464.329987 217.611694 575.487976
v 464.329987 217.611694 562.730774
v 462.664703 215.430206 560.685425
v 470.271393 182.652298 575.487976
v 470.271393 182.652298 569.961426
v 515.761230 182.652298 569.961426
v 515.761230 182.652298 575.487976
v 515.153992 182.652298 569.215576
v 470.878815 182.652298 569.215576
v 913.315613 186.520996 569.378174
v 914.236877 192.985397 568.556274
v 914.236877 192.985397 575.487976
v 913.315613 186.520996 575.487976
v 917.357117 201.984299 575.487976
v 917.357117 201.984299 565.955505
v 921.302979 208.885605 575.487976
v 921.302979 208.885605 562.617798
v 845.525696 192.985397 567.869995
v 913.422424 192.985397 567.869995
v 912.446716 186.520996 568.646179
v 846.501282 186.520996 568.646179
v 842.437927 201.984299 565.241577
v 916.510071 201.984299 565.241577
v 838.475525 208.885605 561.917603
v 920.472107 208.885605 561.917603
v 838.475525 208.885605 561.917603
v 838.517395 213.248703 561.917603
v 920.430176 213.248703 561.917603
v 920.472107 208.885605 561.917603
v 837.644287 208.885605 575.487976
v 837.644287 213.248703 575.487976
v 837.644287 213.248703 562.653015
v 837.644287 208.885605 562.617798
v 912.639587 182.652298 569.961426
v 915.246582 184.586594 567.837708
v 915.246582 184.586594 575.487976
v 912.639587 182.652298 575.487976
v 844.672485 184.586594 567.019592
v 914.275513 184.586594 567.019592
v 911.754089 182.652298 569.215576
v 847.193726 182.652298 569.215576
v 913.315613 186.520996 569.378174
v 913.315613 186.520996 575.487976
v 915.246582 184.586594 575.487976
v 915.246582 184.586594 567.837708
v 846.501282 186.520996 568.646179
v 912.446716 186.520996 568.646179
v 914.275513 184.586594 567.019592
v 844.672485 184.586594 567.019592
v 921.302979 213.248703 562.653015
v 923.731506 215.430206 560.685425
v 923.731506 215.430206 575.487976
v 921.302979 213.248703 575.487976
v 836.181519 215.430206 559.872192
v 922.766113 215.430206 559.872192
v 920.430176 213.248703 561.917603
v 838.517395 213.248703 561.917603
v 921.302979 217.611694 562.730774
v 921.302979 217.611694 575.487976
v 923.731506 215.430206 575.487976
v 923.731506 215.430206 560.685425
v 838.609802 217.611694 561.917603
v 920.338074 217.611694 561.917603
v 922.766113 215.430206 559.872192
v 836.181519 215.430206 559.872192
v 913.315613 186.520996 569.378174
v 912.446716 186.520996 568.646179
v 913.422424 192.985397 567.869995
v 914.236877 192.985397 568.556274
v 916.510071 201.984299 565.241577
v 917.357117 201.984299 565.955505
v 920.472107 208.885605 561.917603
v 921.302979 208.885605 562.617798
v 845.632385 186.520996 569.378174
v 844.710815 192.985397 568.556274
v 845.525696 192.985397 567.869995
v 846.501282 186.520996 568.646179
v 842.437927 201.984299 565.241577
v 841.590515 201.984299 565.955505
v 838.475525 208.885605 561.917603
v 837.644287 208.885605 562.617798
v 920.472107 208.885605 561.917603
v 920.430176 213.248703 561.917603
v 921.302979 213.248703 562.653015
v 921.302979 208.885605 562.617798
v 837.644287 208.885605 562.617798
v 837.644287 213.248703 562.653015
v 838.517395 213.248703 561.917603
v 838.475525 208.885605 561.917603
v 913.315613 186.520996 569.378174
v 915.246582 184.586594 567.837708
v 914.275513 184.586594 567.019592
v 912.446716 186.520996 568.646179
v 845.632385 186.520996 569.378174
v 846.501282 186.520996 568.646179
v 844.672485 184.586594 567.019592
v 843.701416 184.586594 567.837708
v 914.275513 184.586594 567.019592
v 915.246582 184.586594 567.837708
v 912.639587 182.652298 569.961426
v 911.754089 182.652298 569.215576
v 844.672485 184.586594 567.019592
v 847.193726 182.652298 569.215576
v 846.308228 182.652298 569.961426
v 843.701416 184.586594 567.837708
v 921.302979 213.248703 562.653015
v 920.430176 213.248703 561.917603
v 922.766113 215.430206 559.872192
v 923.731506 215.430206 560.685425
v 837.644287 213.248703 562.653015
v 835.216187 215.430206 560.685425
v 836.181519 215.430206 559.872192
v 838.517395 213.248703 561.917603
v 922.766113 215.430206 559.872192
v 920.338074 217.611694 561.917603
v 921.302979 217.611694 562.730774
v 923.731506 215.430206 560.685425
v 836.181519 215.430206 559.872192
v 835.216187 215.430206 560.685425
v 837.644287 217.611694 562.730774
v 838.609802 217.611694 561.917603
v 921.302979 217.611694 575.487976
v 921.302979 217.611694 562.730774
v 920.338074 217.611694 561.917603
v 837.644287 217.611694 562.730774
v 837.644287 217.611694 575.487976
v 838.609802 217.611694 561.917603
v 844.710815 192.985397 575.487976
v 844.710815 192.985397 568.556274
v 845.632385 186.520996 569.378174
v 845.632385 186.520996 575.487976
v 841.590576 201.984299 575.487976
v 841.590515 201.984299 565.955505
v 837.644287 208.885605 575.487976
v 837.644287 208.885605 562.617798
v 921.302979 208.885605 575.487976
v 921.302979 208.885605 562.617798
v 921.302979 213.248703 562.653015
v 921.302979 213.248703 575.487976
v 843.701111 184.586594 575.487976
v 843.701416 184.586594 567.837708
v 846.308228 182.652298 569.961426
v 846.307983 182.652298 575.487976
v 843.701111 184.586594 575.487976
v 845.632385 186.520996 575.487976
v 845.632385 186.520996 569.378174
v 843.701416 184.586594 567.837708
v 835.216187 215.430206 575.487976
v 835.216187 215.430206 560.685425
v 837.644287 213.248703 562.653015
v 837.644287 213.248703 575.487976
v 835.216187 215.430206 575.487976
v 837.644287 217.611694 575.487976
v 837.644287 217.611694 562.730774
v 835.216187 215.430206 560.685425
v 846.307983 182.652298 575.487976
v 846.308228 182.652298 569.961426
v 912.639587 182.652298 569.961426
v 912.639587 182.652298 575.487976
v 911.754089 182.652298 569.215576
v 847.193726 182.652298 569.215576
v -596.161377 186.520996 -640.857971
v -596.161377 186.520996 -646.967773
v -595.529785 192.985397 -646.967773
v -595.529785 192.985397 -640.036072
v -593.389587 201.984299 -646.967773
v -593.389587 201.984299 -637.435303
v -590.683777 208.885605 -646.967773
v -590.683777 208.885605 -634.097473
v -596.757629 186.520996 -640.126099
v -596.088074 192.985397 -639.349915
v -642.651428 192.985397 -639.349915
v -641.982422 186.520996 -640.126099
v -644.768616 201.984299 -636.721375
v -593.970886 201.984299 -636.721375
v -647.486084 208.885605 -633.397522
v -591.253418 208.885605 -633.397522
v -591.282227 213.248703 -633.397522
v -647.457520 213.248703 -633.397522
v -647.486084 208.885605 -633.397522
v -591.253418 208.885605 -633.397522
v -648.056396 213.248703 -634.132812
v -648.056396 213.248703 -646.967773
v -648.056396 208.885605 -646.967773
v -648.056396 208.885605 -634.097473
v -596.625183 182.652298 -641.441284
v -596.625183 182.652298 -646.967773
v -594.837219 184.586594 -646.967773
v -594.837219 184.586594 -639.317505
v -597.232422 182.652298 -640.695374
v -595.503174 184.586594 -638.499390
v -643.236328 184.586594 -638.499390
v -641.507629 182.652298 -640.695374
v -594.837219 184.586594 -646.967773
v -596.161377 186.520996 -646.967773
v -596.161377 186.520996 -640.857971
v -594.837219 184.586594 -639.317505
v -595.503174 184.586594 -638.499390
v -596.757629 186.520996 -640.126099
v -641.982422 186.520996 -640.126099
v -643.236328 184.586594 -638.499390
v -590.683777 213.248703 -634.132812
v -590.683777 213.248703 -646.967773
v -589.018127 215.430206 -646.967773
v -589.018127 215.430206 -632.165222
v -591.282227 213.248703 -633.397522
v -589.680420 215.430206 -631.351929
v -649.059326 215.430206 -631.351929
v -647.457520 213.248703 -633.397522
v -589.018127 215.430206 -646.967773
v -590.683777 217.611801 -646.967773
v -590.683777 217.611801 -634.210571
v -589.018127 215.430206 -632.165222
v -589.680420 215.430206 -631.351929
v -591.345520 217.611801 -633.397522
v -647.393982 217.611801 -633.397522
v -649.059326 215.430206 -631.351929
v -595.529785 192.985397 -640.036072
v -596.088074 192.985397 -639.349915
v -596.757629 186.520996 -640.126099
v -596.161377 186.520996 -640.857971
v -593.389587 201.984299 -637.435303
v -593.970886 201.984299 -636.721375
v -590.683777 208.885605 -634.097473
v -591.253418 208.885605 -633.397522
v -641.982422 186.520996 -640.126099
v -642.651428 192.985397 -639.349915
v -643.210388 192.985397 -640.036072
v -642.578125 186.520996 -640.857971
v -645.350098 201.984299 -637.435303
v -644.768616 201.984299 -636.721375
v -648.056396 208.885605 -634.097473
v -647.486084 208.885605 -633.397522
v -590.683777 213.248703 -634.132812
v -591.282227 213.248703 -633.397522
v -591.253418 208.885605 -633.397522
v -590.683777 208.885605 -634.097473
v -647.457520 213.248703 -633.397522
v -648.056396 213.248703 -634.132812
v -648.056396 208.885605 -634.097473
v -647.486084 208.885605 -633.397522
v -596.757629 186.520996 -640.126099
v -595.503174 184.586594 -638.499390
v -594.837219 184.586594 -639.317505
v -596.161377 186.520996 -640.857971
v -643.902283 184.586594 -639.317505
v -643.236328 184.586594 -638.499390
v -641.982422 186.520996 -640.126099
v -642.578125 186.520996 -640.857971
v -597.232422 182.652298 -640.695374
v -596.625183 182.652298 -641.441284
v -594.837219 184.586594 -639.317505
v -595.503174 184.586594 -638.499390
v -643.902283 184.586594 -639.317505
v -642.114502 182.652298 -641.441284
v -641.507629 182.652298 -640.695374
v -643.236328 184.586594 -638.499390
v -589.018127 215.430206 -632.165222
v -589.680420 215.430206 -631.351929
v -591.282227 213.248703 -633.397522
v -590.683777 213.248703 -634.132812
v -647.457520 213.248703 -633.397522
v -649.059326 215.430206 -631.351929
v -649.721375 215.430206 -632.165222
v -648.056396 213.248703 -634.132812
v -589.018127 215.430206 -632.165222
v -590.683777 217.611801 -634.210571
v -591.345520 217.611801 -633.397522
v -589.680420 215.430206 -631.351929
v -647.393982 217.611801 -633.397522
v -648.056396 217.611801 -634.210571
v -649.721375 215.430206 -632.165222
v -649.059326 215.430206 -631.351929
v -648.056396 217.611801 -634.210571
v -647.393982 217.611801 -633.397522
v -591.345520 217.611801 -633.397522
v -590.683777 217.611801 -646.967773
v -648.056396 217.611801 -646.967773
v -590.683777 217.611801 -634.210571
v -642.578125 186.520996 -640.857971
v -643.210388 192.985397 -640.036072
v -643.210388 192.985397 -646.967773
v -642.578125 186.520996 -646.967773
v -645.350098 201.984299 -646.967773
v -645.350098 201.984299 -637.435303
v -648.056396 208.885605 -646.967773
v -648.056396 208.885605 -634.097473
v -590.683777 213.248703 -634.132812
v -590.683777 208.885605 -634.097473
v -590.683777 208.885605 -646.967773
v -590.683777 213.248703 -646.967773
v -642.114502 182.652298 -641.441284
v -643.902283 184.586594 -639.317505
v -643.902283 184.586594 -646.967773
v -642.114990 182.652298 -646.967773
v -643.902283 184.586594 -646.967773
v -643.902283 184.586594 -639.317505
v -642.578125 186.520996 -640.857971
v -642.578125 186.520996 -646.967773
v -648.056396 213.248703 -634.132812
v -649.721375 215.430206 -632.165222
v -649.721375 215.430206 -646.967773
v -648.056396 213.248703 -646.967773
v -649.721375 215.430206 -646.967773
v -649.721375 215.430206 -632.165222
v -648.056396 217.611801 -634.210571
v -648.056396 217.611801 -646.967773
v -596.625183 182.652298 -641.441284
v -642.114502 182.652298 -641.441284
v -642.114990 182.652298 -646.967773
v -596.625183 182.652298 -646.967773
v -597.232422 182.652298 -640.695374
v -641.507629 182.652298 -640.695374
v -972.901428 186.520996 -640.857971
v -972.901428 186.520996 -646.967896
v -972.003174 192.985397 -646.967896
v -972.003174 192.985397 -640.036316
v -968.960205 201.984299 -646.967896
v -968.960205 201.984299 -637.435425
v -965.112793 208.885605 -646.967896
v -965.112793 208.885605 -634.097717
v -973.748474 186.520996 -640.126099
v -972.797424 192.985397 -639.349915
v -1039.002441 192.985397 -639.349915
v -1038.050781 186.520996 -640.126099
v -1042.012939 201.984299 -636.721375
v -969.786621 201.984299 -636.721375
v -1045.876953 208.885605 -633.397522
v -965.923096 208.885605 -633.397522
v -965.964111 213.248703 -633.397522
v -1045.835693 213.248703 -633.397522
v -1045.876953 208.885605 -633.397522
v -965.923096 208.885605 -633.397522
v -1046.687256 213.248703 -634.132874
v -1046.687256 213.248703 -646.967896
v -1046.687256 208.885605 -646.967896
v -1046.687256 208.885605 -634.097717
v -973.560486 182.652298 -641.441284
v -973.560486 182.652298 -646.967896
v -971.018616 184.586594 -646.967896
v -971.018616 184.586594 -639.317505
v -974.423828 182.652298 -640.695374
v -971.965576 184.586594 -638.499512
v -1039.834229 184.586594 -638.499512
v -1037.375732 182.652298 -640.695374
v -971.018616 184.586594 -646.967896
v -972.901428 186.520996 -646.967896
v -972.901428 186.520996 -640.857971
v -971.018616 184.586594 -639.317505
v -971.965576 184.586594 -638.499512
v -973.748474 186.520996 -640.126099
v -1038.050781 186.520996 -640.126099
v -1039.834229 184.586594 -638.499512
v -965.112793 213.248703 -634.132874
v -965.112793 213.248703 -646.967896
v -962.744873 215.430206 -646.967896
v -962.744873 215.430206 -632.165283
v -965.964111 213.248703 -633.397522
v -963.686279 215.430206 -631.352112
v -1048.113770 215.430206 -631.352112
v -1045.835693 213.248703 -633.397522
v -962.744873 215.430206 -646.967896
v -965.112793 217.611694 -646.967896
v -965.112793 217.611694 -634.210693
v -962.744873 215.430206 -632.165283
v -963.686279 215.430206 -631.352112
v -966.053711 217.611694 -633.397522
v -1045.745850 217.611694 -633.397522
v -1048.113770 215.430206 -631.352112
v -972.901428 186.520996 -640.857971
v -972.003174 192.985397 -640.036316
v -972.797424 192.985397 -639.349915
v -973.748474 186.520996 -640.126099
v -969.786621 201.984299 -636.721375
v -968.960205 201.984299 -637.435425
v -965.923096 208.885605 -633.397522
v -965.112793 208.885605 -634.097717
v -1039.002441 192.985397 -639.349915
v -1039.796875 192.985397 -640.036316
v -1038.898438 186.520996 -640.857971
v -1038.050781 186.520996 -640.126099
v -1042.012939 201.984299 -636.721375
v -1042.839355 201.984299 -637.435425
v -1045.876953 208.885605 -633.397522
v -1046.687256 208.885605 -634.097717
v -965.112793 213.248703 -634.132874
v -965.964111 213.248703 -633.397522
v -965.923096 208.885605 -633.397522
v -965.112793 208.885605 -634.097717
v -1045.835693 213.248703 -633.397522
v -1046.687256 213.248703 -634.132874
v -1046.687256 208.885605 -634.097717
v -1045.876953 208.885605 -633.397522
v -971.965576 184.586594 -638.499512
v -971.018616 184.586594 -639.317505
v -972.901428 186.520996 -640.857971
v -973.748474 186.520996 -640.126099
v -1038.898438 186.520996 -640.857971
v -1040.781250 184.586594 -639.317505
v -1039.834229 184.586594 -638.499512
v -1038.050781 186.520996 -640.126099
v -971.965576 184.586594 -638.499512
v -974.423828 182.652298 -640.695374
v -973.560486 182.652298 -641.441284
v -971.018616 184.586594 -639.317505
v -1038.239014 182.652298 -641.441284
v -1037.375732 182.652298 -640.695374
v -1039.834229 184.586594 -638.499512
v -1040.781250 184.586594 -639.317505
v -965.112793 213.248703 -634.132874
v -962.744873 215.430206 -632.165283
v -963.686279 215.430206 -631.352112
v -965.964111 213.248703 -633.397522
v -1048.113770 215.430206 -631.352112
v -1049.054688 215.430206 -632.165283
v -1046.687256 213.248703 -634.132874
v -1045.835693 213.248703 -633.397522
v -965.112793 217.611694 -634.210693
v -966.053711 217.611694 -633.397522
v -963.686279 215.430206 -631.352112
v -962.744873 215.430206 -632.165283
v -1048.113770 215.430206 -631.352112
v -1045.745850 217.611694 -633.397522
v -1046.687256 217.611694 -634.210693
v -1049.054688 215.430206 -632.165283
v -1046.687256 217.611694 -634.210693
v -1045.745850 217.611694 -633.397522
v -966.053711 217.611694 -633.397522
v -965.112793 217.611694 -646.967896
v -1046.687256 217.611694 -646.967896
v -965.112793 217.611694 -634.210693
v -1038.898438 186.520996 -640.857971
v -1039.796875 192.985397 -640.036316
v -1039.796875 192.985397 -646.967896
v -1038.898438 186.520996 -646.967896
v -1042.839355 201.984299 -646.967896
v -1042.839355 201.984299 -637.435425
v -1046.687256 208.885605 -646.967896
v -1046.687256 208.885605 -634.097717
v -965.112793 213.248703 -634.132874
v -965.112793 208.885605 -634.097717
v -965.112793 208.885605 -646.967896
v -965.112793 213.248703 -646.967896
v -1038.239014 182.652298 -641.441284
v -1040.781250 184.586594 -639.317505
v -1040.781494 184.586594 -646.967896
v -1038.239502 182.652298 -646.967896
v -1040.781494 184.586594 -646.967896
v -1040.781250 184.586594 -639.317505
v -1038.898438 186.520996 -640.857971
v -1038.898438 186.520996 -646.967896
v -1046.687256 213.248703 -634.132874
v -1049.054688 215.430206 -632.165283
v -1049.054688 215.430206 -646.967896
v -1046.687256 213.248703 -646.967896
v -1049.054688 215.430206 -646.967896
v -1049.054688 215.430206 -632.165283
v -1046.687256 217.611694 -634.210693
v -1046.687256 217.611694 -646.967896
v -973.560486 182.652298 -641.441284
v -1038.239014 182.652298 -641.441284
v -1038.239502 182.652298 -646.967896
v -973.560486 182.652298 -646.967896
v -974.423828 182.652298 -640.695374
v -1037.375732 182.652298 -640.695374
v -225.086700 186.520996 -640.857971
v -225.086700 186.520996 -646.967896
v -224.454895 192.985397 -646.967896
v -224.454895 192.985397 -640.036316
v -222.314804 201.984299 -646.967896
v -222.314804 201.984299 -637.435425
v -219.608902 208.885605 -646.967896
v -219.608902 208.885605 -634.097717
v -225.682693 186.520996 -640.126099
v -225.013504 192.985397 -639.349915
v -271.576385 192.985397 -639.349915
v -270.907501 186.520996 -640.126099
v -273.694092 201.984299 -636.721375
v -222.896103 201.984299 -636.721375
v -276.411407 208.885605 -633.397522
v -220.178802 208.885605 -633.397522
v -220.207306 213.248703 -633.397522
v -276.382599 213.248703 -633.397522
v -276.411407 208.885605 -633.397522
v -220.178802 208.885605 -633.397522
v -276.981415 213.248703 -634.132874
v -276.981415 213.248703 -646.967896
v -276.981415 208.885605 -646.967896
v -276.981415 208.885605 -634.097717
v -225.550400 182.652298 -641.441284
v -225.550400 182.652298 -646.967896
v -223.762299 184.586594 -646.967896
v -223.762299 184.586594 -639.317505
v -226.157501 182.652298 -640.695374
v -224.428299 184.586594 -638.499512
v -272.161591 184.586594 -638.499512
v -270.432587 182.652298 -640.695374
v -223.762299 184.586594 -646.967896
v -225.086700 186.520996 -646.967896
v -225.086700 186.520996 -640.857971
v -223.762299 184.586594 -639.317505
v -224.428299 184.586594 -638.499512
v -225.682693 186.520996 -640.126099
v -270.907501 186.520996 -640.126099
v -272.161591 184.586594 -638.499512
v -219.608902 213.248703 -634.132874
v -219.608902 213.248703 -646.967896
v -217.943405 215.430206 -646.967896
v -217.943405 215.430206 -632.165283
v -220.207306 213.248703 -633.397522
v -218.605499 215.430206 -631.352112
v -277.984406 215.430206 -631.352112
v -276.382599 213.248703 -633.397522
v -217.943405 215.430206 -646.967896
v -219.608902 217.611694 -646.967896
v -219.608902 217.611694 -634.210693
v -217.943405 215.430206 -632.165283
v -218.605499 215.430206 -631.352112
v -220.270599 217.611694 -633.397522
v -276.319305 217.611694 -633.397522
v -277.984406 215.430206 -631.352112
v -224.454895 192.985397 -640.036316
v -225.013504 192.985397 -639.349915
v -225.682693 186.520996 -640.126099
v -225.086700 186.520996 -640.857971
v -222.314804 201.984299 -637.435425
v -222.896103 201.984299 -636.721375
v -219.608902 208.885605 -634.097717
v -220.178802 208.885605 -633.397522
v -270.907501 186.520996 -640.126099
v -271.576385 192.985397 -639.349915
v -272.135498 192.985397 -640.036316
v -271.503204 186.520996 -640.857971
v -274.275085 201.984299 -637.435425
v -273.694092 201.984299 -636.721375
v -276.981415 208.885605 -634.097717
v -276.411407 208.885605 -633.397522
v -219.608902 213.248703 -634.132874
v -220.207306 213.248703 -633.397522
v -220.178802 208.885605 -633.397522
v -219.608902 208.885605 -634.097717
v -276.382599 213.248703 -633.397522
v -276.981415 213.248703 -634.132874
v -276.981415 208.885605 -634.097717
v -276.411407 208.885605 -633.397522
v -225.682693 186.520996 -640.126099
v -224.428299 184.586594 -638.499512
v -223.762299 184.586594 -639.317505
v -225.086700 186.520996 -640.857971
v -272.827606 184.586594 -639.317505
v -272.161591 184.586594 -638.499512
v -270.907501 186.520996 -640.126099
v -271.503204 186.520996 -640.857971
v -226.157501 182.652298 -640.695374
v -225.550400 182.652298 -641.441284
v -223.762299 184.586594 -639.317505
v -224.428299 184.586594 -638.499512
v -272.827606 184.586594 -639.317505
v -271.039795 182.652298 -641.441284
v -270.432587 182.652298 -640.695374
v -272.161591 184.586594 -638.499512
v -217.943405 215.430206 -632.165283
v -218.605499 215.430206 -631.352112
v -220.207306 213.248703 -633.397522
v -219.608902 213.248703 -634.132874
v -276.382599 213.248703 -633.397522
v -277.984406 215.430206 -631.352112
v -278.646515 215.430206 -632.165283
v -276.981415 213.248703 -634.132874
v -217.943405 215.430206 -632.165283
v -219.608902 217.611694 -634.210693
v -220.270599 217.611694 -633.397522
v -218.605499 215.430206 -631.352112
v -276.319305 217.611694 -633.397522
v -276.981415 217.611694 -634.210693
v -278.646515 215.430206 -632.165283
v -277.984406 215.430206 -631.352112
v -276.981415 217.611694 -634.210693
v -276.319305 217.611694 -633.397522
v -220.270599 217.611694 -633.397522
v -219.608902 217.611694 -646.967896
v -276.981415 217.611694 -646.967896
v -219.608902 217.611694 -634.210693
v -271.503204 186.520996 -640.857971
v -272.135498 192.985397 -640.036316
v -272.135498 192.985397 -646.967896
v -271.503204 186.520996 -646.967896
v -274.275085 201.984299 -646.967896
v -274.275085 201.984299 -637.435425
v -276.981415 208.885605 -646.967896
v -276.981415 208.885605 -634.097717
v -219.608902 213.248703 -634.132874
v -219.608902 208.885605 -634.097717
v -219.608902 208.885605 -646.967896
v -219.608902 213.248703 -646.967896
v -271.039795 182.652298 -641.441284
v -272.827606 184.586594 -639.317505
v -272.827606 184.586594 -646.967896
v -271.040009 182.652298 -646.967896
v -272.827606 184.586594 -646.967896
v -272.827606 184.586594 -639.317505
v -271.503204 186.520996 -640.857971
v -271.503204 186.520996 -646.967896
v -276.981415 213.248703 -634.132874
v -278.646515 215.430206 -632.165283
v -278.646515 215.430206 -646.967896
v -276.981415 213.248703 -646.967896
v -278.646515 215.430206 -646.967896
v -278.646515 215.430206 -632.165283
v -276.981415 217.611694 -634.210693
v -276.981415 217.611694 -646.967896
v -225.550400 182.652298 -641.441284
v -271.039795 182.652298 -641.441284
v -271.040009 182.652298 -646.967896
v -225.550400 182.652298 -646.967896
v -226.157501 182.652298 -640.695374
v -270.432587 182.652298 -640.695374
v 145.763901 186.520996 -640.857971
v 145.763901 186.520996 -646.967896
v 146.395706 192.985397 -646.967896
v 146.395706 192.985397 -640.036316
v 148.535599 201.984299 -646.967896
v 148.535599 201.984299 -637.435425
v 151.241592 208.885605 -646.967896
v 151.241592 208.885605 -634.097717
v 145.167892 186.520996 -640.126099
v 145.837097 192.985397 -639.349915
v 99.273903 192.985397 -639.349915
v 99.943100 186.520996 -640.126099
v 97.156403 201.984299 -636.721375
v 147.954300 201.984299 -636.721375
v 94.439102 208.885605 -633.397522
v 150.671799 208.885605 -633.397522
v 150.643005 213.248703 -633.397522
v 94.467697 213.248703 -633.397522
v 94.439102 208.885605 -633.397522
v 150.671799 208.885605 -633.397522
v 93.869102 213.248703 -634.132874
v 93.869102 213.248703 -646.967896
v 93.869102 208.885605 -646.967896
v 93.869102 208.885605 -634.097717
v 145.300201 182.652298 -641.441284
v 145.300201 182.652298 -646.967896
v 147.088104 184.586594 -646.967896
v 147.088104 184.586594 -639.317505
v 144.693100 182.652298 -640.695374
v 146.422104 184.586594 -638.499512
v 98.688904 184.586594 -638.499512
v 100.417702 182.652298 -640.695374
v 147.088104 184.586594 -646.967896
v 145.763901 186.520996 -646.967896
v 145.763901 186.520996 -640.857971
v 147.088104 184.586594 -639.317505
v 146.422104 184.586594 -638.499512
v 145.167892 186.520996 -640.126099
v 99.943100 186.520996 -640.126099
v 98.688904 184.586594 -638.499512
v 151.241592 213.248703 -634.132874
v 151.241592 213.248703 -646.967896
v 152.907196 215.430206 -646.967896
v 152.907196 215.430206 -632.165283
v 150.643005 213.248703 -633.397522
v 152.244797 215.430206 -631.352112
v 92.865898 215.430206 -631.352112
v 94.467697 213.248703 -633.397522
v 152.907196 215.430206 -646.967896
v 151.241592 217.611694 -646.967896
v 151.241592 217.611694 -634.210693
v 152.907196 215.430206 -632.165283
v 152.244797 215.430206 -631.352112
v 150.579803 217.611694 -633.397522
v 94.531197 217.611694 -633.397522
v 92.865898 215.430206 -631.352112
v 146.395706 192.985397 -640.036316
v 145.837097 192.985397 -639.349915
v 145.167892 186.520996 -640.126099
v 145.763901 186.520996 -640.857971
v 148.535599 201.984299 -637.435425
v 147.954300 201.984299 -636.721375
v 151.241592 208.885605 -634.097717
v 150.671799 208.885605 -633.397522
v 99.943100 186.520996 -640.126099
v 99.273903 192.985397 -639.349915
v 98.714996 192.985397 -640.036316
v 99.347099 186.520996 -640.857971
v 96.575104 201.984299 -637.435425
v 97.156403 201.984299 -636.721375
v 93.869102 208.885605 -634.097717
v 94.439102 208.885605 -633.397522
v 151.241592 213.248703 -634.132874
v 150.643005 213.248703 -633.397522
v 150.671799 208.885605 -633.397522
v 151.241592 208.885605 -634.097717
v 94.467697 213.248703 -633.397522
v 93.869102 213.248703 -634.132874
v 93.869102 208.885605 -634.097717
v 94.439102 208.885605 -633.397522
v 145.167892 186.520996 -640.126099
v 146.422104 184.586594 -638.499512
v 147.088104 184.586594 -639.317505
v 145.763901 186.520996 -640.857971
v 98.022903 184.586594 -639.317505
v 98.688904 184.586594 -638.499512
v 99.943100 186.520996 -640.126099
v 99.347099 186.520996 -640.857971
v 144.693100 182.652298 -640.695374
v 145.300201 182.652298 -641.441284
v 147.088104 184.586594 -639.317505
v 146.422104 184.586594 -638.499512
v 98.022903 184.586594 -639.317505
v 99.810699 182.652298 -641.441284
v 100.417702 182.652298 -640.695374
v 98.688904 184.586594 -638.499512
v 152.907196 215.430206 -632.165283
v 152.244797 215.430206 -631.352112
v 150.643005 213.248703 -633.397522
v 151.241592 213.248703 -634.132874
v 94.467697 213.248703 -633.397522
v 92.865898 215.430206 -631.352112
v 92.204002 215.430206 -632.165283
v 93.869102 213.248703 -634.132874
v 152.907196 215.430206 -632.165283
v 151.241592 217.611694 -634.210693
v 150.579803 217.611694 -633.397522
v 152.244797 215.430206 -631.352112
v 94.531197 217.611694 -633.397522
v 93.869102 217.611694 -634.210693
v 92.204002 215.430206 -632.165283
v 92.865898 215.430206 -631.352112
v 93.869102 217.611694 -634.210693
v 94.531197 217.611694 -633.397522
v 150.579803 217.611694 -633.397522
v 151.241592 217.611694 -646.967896
v 93.869102 217.611694 -646.967896
v 151.241592 217.611694 -634.210693
v 99.347099 186.520996 -640.857971
v 98.714996 192.985397 -640.036316
v 98.714996 192.985397 -646.967896
v 99.347099 186.520996 -646.967896
v 96.575401 201.984299 -646.967896
v 96.575104 201.984299 -637.435425
v 93.869102 208.885605 -646.967896
v 93.869102 208.885605 -634.097717
v 151.241592 213.248703 -634.132874
v 151.241592 208.885605 -634.097717
v 151.241592 208.885605 -646.967896
v 151.241592 213.248703 -646.967896
v 99.810699 182.652298 -641.441284
v 98.022903 184.586594 -639.317505
v 98.022598 184.586594 -646.967896
v 99.810501 182.652298 -646.967896
v 98.022598 184.586594 -646.967896
v 98.022903 184.586594 -639.317505
v 99.347099 186.520996 -640.857971
v 99.347099 186.520996 -646.967896
v 93.869102 213.248703 -634.132874
v 92.204002 215.430206 -632.165283
v 92.204002 215.430206 -646.967896
v 93.869102 213.248703 -646.967896
v 92.204002 215.430206 -646.967896
v 92.204002 215.430206 -632.165283
v 93.869102 217.611694 -634.210693
v 93.869102 217.611694 -646.967896
v 145.300201 182.652298 -641.441284
v 99.810699 182.652298 -641.441284
v 99.810501 182.652298 -646.967896
v 145.300201 182.652298 -646.967896
v 144.693100 182.652298 -640.695374
v 100.417702 182.652298 -640.695374
v 516.224792 186.520996 -640.857971
v 516.224792 186.520996 -646.967896
v 516.856628 192.985397 -646.967896
v 516.856628 192.985397 -640.036316
v 518.996521 201.984299 -646.967896
v 518.996521 201.984299 -637.435425
v 521.702576 208.885605 -646.967896
v 521.702576 208.885605 -634.097717
v 515.628784 186.520996 -640.126099
v 516.297974 192.985397 -639.349915
v 469.734985 192.985397 -639.349915
v 470.403992 186.520996 -640.126099
v 467.617401 201.984299 -636.721375
v 518.415527 201.984299 -636.721375
v 464.899811 208.885605 -633.397522
v 521.132812 208.885605 -633.397522
v 521.103882 213.248703 -633.397522
v 464.928894 213.248703 -633.397522
v 464.899811 208.885605 -633.397522
v 521.132812 208.885605 -633.397522
v 464.329987 213.248703 -634.132874
v 464.329987 213.248703 -646.967896
v 464.329987 208.885605 -646.967896
v 464.329987 208.885605 -634.097717
v 515.761230 182.652298 -641.441284
v 515.761230 182.652298 -646.967896
v 517.549011 184.586594 -646.967896
v 517.549011 184.586594 -639.317505
v 515.153992 182.652298 -640.695374
v 516.882996 184.586594 -638.499512
v 469.149811 184.586594 -638.499512
v 470.878815 182.652298 -640.695374
v 517.549011 184.586594 -646.967896
v 516.224792 186.520996 -646.967896
v 516.224792 186.520996 -640.857971
v 517.549011 184.586594 -639.317505
v 516.882996 184.586594 -638.499512
v 515.628784 186.520996 -640.126099
v 470.403992 186.520996 -640.126099
v 469.149811 184.586594 -638.499512
v 521.702576 213.248703 -634.132874
v 521.702576 213.248703 -646.967896
v 523.367920 215.430206 -646.967896
v 523.367920 215.430206 -632.165283
v 521.103882 213.248703 -633.397522
v 522.705994 215.430206 -631.352112
v 463.326813 215.430206 -631.352112
v 464.928894 213.248703 -633.397522
v 523.367920 215.430206 -646.967896
v 521.702576 217.611694 -646.967896
v 521.702576 217.611694 -634.210693
v 523.367920 215.430206 -632.165283
v 522.705994 215.430206 -631.352112
v 521.040710 217.611694 -633.397522
v 464.991913 217.611694 -633.397522
v 463.326813 215.430206 -631.352112
v 516.856628 192.985397 -640.036316
v 516.297974 192.985397 -639.349915
v 515.628784 186.520996 -640.126099
v 516.224792 186.520996 -640.857971
v 518.996521 201.984299 -637.435425
v 518.415527 201.984299 -636.721375
v 521.702576 208.885605 -634.097717
v 521.132812 208.885605 -633.397522
v 470.403992 186.520996 -640.126099
v 469.734985 192.985397 -639.349915
v 469.175995 192.985397 -640.036316
v 469.808014 186.520996 -640.857971
v 467.036285 201.984299 -637.435425
v 467.617401 201.984299 -636.721375
v 464.329987 208.885605 -634.097717
v 464.899811 208.885605 -633.397522
v 521.702576 213.248703 -634.132874
v 521.103882 213.248703 -633.397522
v 521.132812 208.885605 -633.397522
v 521.702576 208.885605 -634.097717
v 464.928894 213.248703 -633.397522
v 464.329987 213.248703 -634.132874
v 464.329987 208.885605 -634.097717
v 464.899811 208.885605 -633.397522
v 515.628784 186.520996 -640.126099
v 516.882996 184.586594 -638.499512
v 517.549011 184.586594 -639.317505
v 516.224792 186.520996 -640.857971
v 468.483795 184.586594 -639.317505
v 469.149811 184.586594 -638.499512
v 470.403992 186.520996 -640.126099
v 469.808014 186.520996 -640.857971
v 515.153992 182.652298 -640.695374
v 515.761230 182.652298 -641.441284
v 517.549011 184.586594 -639.317505
v 516.882996 184.586594 -638.499512
v 468.483795 184.586594 -639.317505
v 470.271393 182.652298 -641.441284
v 470.878815 182.652298 -640.695374
v 469.149811 184.586594 -638.499512
v 523.367920 215.430206 -632.165283
v 522.705994 215.430206 -631.352112
v 521.103882 213.248703 -633.397522
v 521.702576 213.248703 -634.132874
v 464.928894 213.248703 -633.397522
v 463.326813 215.430206 -631.352112
v 462.664703 215.430206 -632.165283
v 464.329987 213.248703 -634.132874
v 523.367920 215.430206 -632.165283
v 521.702576 217.611694 -634.210693
v 521.040710 217.611694 -633.397522
v 522.705994 215.430206 -631.352112
v 464.991913 217.611694 -633.397522
v 464.329987 217.611694 -634.210693
v 462.664703 215.430206 -632.165283
v 463.326813 215.430206 -631.352112
v 464.329987 217.611694 -634.210693
v 464.991913 217.611694 -633.397522
v 521.040710 217.611694 -633.397522
v 521.702576 217.611694 -646.967896
v 464.329987 217.611694 -646.967896
v 521.702576 217.611694 -634.210693
v 469.808014 186.520996 -640.857971
v 469.175995 192.985397 -640.036316
v 469.175995 192.985397 -646.967896
v 469.808014 186.520996 -646.967896
v 467.036285 201.984299 -646.967896
v 467.036285 201.984299 -637.435425
v 464.329987 208.885605 -646.967896
v 464.329987 208.885605 -634.097717
v 521.702576 213.248703 -634.132874
v 521.702576 208.885605 -634.097717
v 521.702576 208.885605 -646.967896
v 521.702576 213.248703 -646.967896
v 470.271393 182.652298 -641.441284
v 468.483795 184.586594 -639.317505
v 468.483795 184.586594 -646.967896
v 470.271393 182.652298 -646.967896
v 468.483795 184.586594 -646.967896
v 468.483795 184.586594 -639.317505
v 469.808014 186.520996 -640.857971
v 469.808014 186.520996 -646.967896
v 464.329987 213.248703 -634.132874
v 462.664703 215.430206 -632.165283
v 462.664703 215.430206 -646.967896
v 464.329987 213.248703 -646.967896
v 462.664703 215.430206 -646.967896
v 462.664703 215.430206 -632.165283
v 464.329987 217.611694 -634.210693
v 464.329987 217.611694 -646.967896
v 515.761230 182.652298 -641.441284
v 470.271393 182.652298 -641.441284
v 470.271393 182.652298 -646.967896
v 515.761230 182.652298 -646.967896
v 515.153992 182.652298 -640.695374
v 470.878815 182.652298 -640.695374
v 913.315613 186.520996 -640.857971
v 913.315613 186.520996 -646.967896
v 914.236877 192.985397 -646.967896
v 914.236877 192.985397 -640.036316
v 917.357117 201.984299 -646.967896
v 917.357117 201.984299 -637.435425
v 921.302979 208.885605 -646.967896
v 921.302979 208.885605 -634.097717
v 912.446716 186.520996 -640.126099
v 913.422424 192.985397 -639.349915
v 845.525696 192.985397 -639.349915
v 846.501282 186.520996 -640.126099
v 842.437927 201.984299 -636.721375
v 916.510071 201.984299 -636.721375
v 838.475525 208.885605 -633.397522
v 920.472107 208.885605 -633.397522
v 920.430176 213.248703 -633.397522
v 838.517395 213.248703 -633.397522
v 838.475525 208.885605 -633.397522
v 920.472107 208.885605 -633.397522
v 837.644287 213.248703 -634.132874
v 837.644287 213.248703 -646.967896
v 837.644287 208.885605 -646.967896
v 837.644287 208.885605 -634.097717
v 912.639587 182.652298 -641.441284
v 912.639587 182.652298 -646.967896
v 915.246582 184.586594 -646.967896
v 915.246582 184.586594 -639.317505
v 911.754089 182.652298 -640.695374
v 914.275513 184.586594 -638.499512
v 844.672485 184.586594 -638.499512
v 847.193726 182.652298 -640.695374
v 915.246582 184.586594 -646.967896
v 913.315613 186.520996 -646.967896
v 913.315613 186.520996 -640.857971
v 915.246582 184.586594 -639.317505
v 914.275513 184.586594 -638.499512
v 912.446716 186.520996 -640.126099
v 846.501282 186.520996 -640.126099
v 844.672485 184.586594 -638.499512
v 921.302979 213.248703 -634.132874
v 921.302979 213.248703 -646.967896
v 923.731506 215.430206 -646.967896
v 923.731506 215.430206 -632.165283
v 920.430176 213.248703 -633.397522
v 922.766113 215.430206 -631.352112
v 836.181519 215.430206 -631.352112
v 838.517395 213.248703 -633.397522
v 923.731506 215.430206 -646.967896
v 921.302979 217.611694 -646.967896
v 921.302979 217.611694 -634.210693
v 923.731506 215.430206 -632.165283
v 922.766113 215.430206 -631.352112
v 920.338074 217.611694 -633.397522
v 838.609802 217.611694 -633.397522
v 836.181519 215.430206 -631.352112
v 913.315613 186.520996 -640.857971
v 914.236877 192.985397 -640.036316
v 913.422424 192.985397 -639.349915
v 912.446716 186.520996 -640.126099
v 916.510071 201.984299 -636.721375
v 917.357117 201.984299 -637.435425
v 920.472107 208.885605 -633.397522
v 921.302979 208.885605 -634.097717
v 845.525696 192.985397 -639.349915
v 844.710815 192.985397 -640.036316
v 845.632385 186.520996 -640.857971
v 846.501282 186.520996 -640.126099
v 842.437927 201.984299 -636.721375
v 841.590515 201.984299 -637.435425
v 838.475525 208.885605 -633.397522
v 837.644287 208.885605 -634.097717
v 921.302979 213.248703 -634.132874
v 920.430176 213.248703 -633.397522
v 920.472107 208.885605 -633.397522
v 921.302979 208.885605 -634.097717
v 838.517395 213.248703 -633.397522
v 837.644287 213.248703 -634.132874
v 837.644287 208.885605 -634.097717
v 838.475525 208.885605 -633.397522
v 914.275513 184.586594 -638.499512
v 915.246582 184.586594 -639.317505
v 913.315613 186.520996 -640.857971
v 912.446716 186.520996 -640.126099
v 845.632385 186.520996 -640.857971
v 843.701416 184.586594 -639.317505
v 844.672485 184.586594 -638.499512
v 846.501282 186.520996 -640.126099
v 914.275513 184.586594 -638.499512
v 911.754089 182.652298 -640.695374
v 912.639587 182.652298 -641.441284
v 915.246582 184.586594 -639.317505
v 846.308228 182.652298 -641.441284
v 847.193726 182.652298 -640.695374
v 844.672485 184.586594 -638.499512
v 843.701416 184.586594 -639.317505
v 921.302979 213.248703 -634.132874
v 923.731506 215.430206 -632.165283
v 922.766113 215.430206 -631.352112
v 920.430176 213.248703 -633.397522
v 836.181519 215.430206 -631.352112
v 835.216187 215.430206 -632.165283
v 837.644287 213.248703 -634.132874
v 838.517395 213.248703 -633.397522
v 921.302979 217.611694 -634.210693
v 920.338074 217.611694 -633.397522
v 922.766113 215.430206 -631.352112
v 923.731506 215.430206 -632.165283
v 836.181519 215.430206 -631.352112
v 838.609802 217.611694 -633.397522
v 837.644287 217.611694 -634.210693
v 835.216187 215.430206 -632.165283
v 837.644287 217.611694 -634.210693
v 838.609802 217.611694 -633.397522
v 920.338074 217.611694 -633.397522
v 921.302979 217.611694 -646.967896
v 837.644287 217.611694 -646.967896
v 921.302979 217.611694 -634.210693
v 845.632385 186.520996 -640.857971
v 844.710815 192.985397 -640.036316
v 844.710815 192.985397 -646.967896
v 845.632385 186.520996 -646.967896
v 841.590576 201.984299 -646.967896
v 841.590515 201.984299 -637.435425
v 837.644287 208.885605 -646.967896
v 837.644287 208.885605 -634.097717
v 921.302979 213.248703 -634.132874
v 921.302979 208.885605 -634.097717
v 921.302979 208.885605 -646.967896
v 921.302979 213.248703 -646.967896
v 846.308228 182.652298 -641.441284
v 843.701416 184.586594 -639.317505
v 843.701111 184.586594 -646.967896
v 846.307983 182.652298 -646.967896
v 843.701111 184.586594 -646.967896
v 843.701416 184.586594 -639.317505
v 845.632385 186.520996 -640.857971
v 845.632385 186.520996 -646.967896
v 837.644287 213.248703 -634.132874
v 835.216187 215.430206 -632.165283
v 835.216187 215.430206 -646.967896
v 837.644287 213.248703 -646.967896
v 835.216187 215.430206 -646.967896
v 835.216187 215.430206 -632.165283
v 837.644287 217.611694 -634.210693
v 837.644287 217.611694 -646.967896
v 912.639587 182.652298 -641.441284
v 846.308228 182.652298 -641.441284
v 846.307983 182.652298 -646.967896
v 912.639587 182.652298 -646.967896
v 911.754089 182.652298 -640.695374
v 847.193726 182.652298 -640.695374
v -1424.195312 186.520996 -299.643188
v -1430.305176 186.520996 -299.643188
v -1430.305176 192.985397 -300.564514
v -1423.373535 192.985397 -300.564514
v -1430.305176 201.984299 -303.684906
v -1420.772949 201.984299 -303.684906
v -1430.305176 208.885605 -307.630707
v -1417.435059 208.885605 -307.630707
v -1423.463867 186.520996 -298.774414
v -1422.687500 192.985397 -299.750000
v -1422.687500 192.985397 -231.853394
v -1423.463867 186.520996 -232.828903
v -1420.059082 201.984299 -228.765594
v -1420.059082 201.984299 -302.837494
v -1416.734863 208.885605 -224.803207
v -1416.734863 208.885605 -306.799805
v -1416.734863 213.248596 -306.757904
v -1416.734863 213.248596 -224.845093
v -1416.734863 208.885605 -224.803207
v -1416.734863 208.885605 -306.799805
v -1417.470215 213.248596 -223.972000
v -1430.305176 213.248596 -223.972000
v -1430.305176 208.885605 -223.972000
v -1417.435059 208.885605 -223.972000
v -1424.778809 182.652298 -298.967194
v -1430.305176 182.652298 -298.967194
v -1430.305176 184.586594 -301.574402
v -1422.655273 184.586594 -301.574402
v -1424.033203 182.652298 -298.081909
v -1421.836914 184.586594 -300.602997
v -1421.836914 184.586594 -231.000107
v -1424.033203 182.652298 -233.521194
v -1430.305176 184.586594 -301.574402
v -1430.305176 186.520996 -299.643188
v -1424.195312 186.520996 -299.643188
v -1422.655273 184.586594 -301.574402
v -1421.836914 184.586594 -300.602997
v -1423.463867 186.520996 -298.774414
v -1423.463867 186.520996 -232.828903
v -1421.836914 184.586594 -231.000107
v -1417.470215 213.248596 -307.630707
v -1430.305176 213.248596 -307.630707
v -1430.305176 215.430206 -310.059204
v -1415.502930 215.430206 -310.059204
v -1416.734863 213.248596 -306.757904
v -1414.689941 215.430206 -309.093811
v -1414.689941 215.430206 -222.509201
v -1416.734863 213.248596 -224.845093
v -1430.305176 215.430206 -310.059204
v -1430.305176 217.611694 -307.630707
v -1417.548340 217.611694 -307.630707
v -1415.502930 215.430206 -310.059204
v -1414.689941 215.430206 -309.093811
v -1416.734863 217.611694 -306.665710
v -1416.734863 217.611694 -224.937302
v -1414.689941 215.430206 -222.509201
v -1424.195312 186.520996 -299.643188
v -1423.373535 192.985397 -300.564514
v -1422.687500 192.985397 -299.750000
v -1423.463867 186.520996 -298.774414
v -1420.059082 201.984299 -302.837494
v -1420.772949 201.984299 -303.684906
v -1416.734863 208.885605 -306.799805
v -1417.435059 208.885605 -307.630707
v -1422.687500 192.985397 -231.853394
v -1423.373535 192.985397 -231.038406
v -1424.195312 186.520996 -231.960098
v -1423.463867 186.520996 -232.828903
v -1420.059082 201.984299 -228.765594
v -1420.772949 201.984299 -227.918106
v -1416.734863 208.885605 -224.803207
v -1417.435059 208.885605 -223.972000
v -1417.470215 213.248596 -307.630707
v -1416.734863 213.248596 -306.757904
v -1416.734863 208.885605 -306.799805
v -1417.435059 208.885605 -307.630707
v -1416.734863 213.248596 -224.845093
v -1417.470215 213.248596 -223.972000
v -1417.435059 208.885605 -223.972000
v -1416.734863 208.885605 -224.803207
v -1421.836914 184.586594 -300.602997
v -1422.655273 184.586594 -301.574402
v -1424.195312 186.520996 -299.643188
v -1423.463867 186.520996 -298.774414
v -1424.195312 186.520996 -231.960098
v -1422.655273 184.586594 -230.029007
v -1421.836914 184.586594 -231.000107
v -1423.463867 186.520996 -232.828903
v -1421.836914 184.586594 -300.602997
v -1424.033203 182.652298 -298.081909
v -1424.778809 182.652298 -298.967194
v -1422.655273 184.586594 -301.574402
v -1424.778809 182.652298 -232.635803
v -1424.033203 182.652298 -233.521194
v -1421.836914 184.586594 -231.000107
v -1422.655273 184.586594 -230.029007
v -1417.470215 213.248596 -307.630707
v -1415.502930 215.430206 -310.059204
v -1414.689941 215.430206 -309.093811
v -1416.734863 213.248596 -306.757904
v -1414.689941 215.430206 -222.509201
v -1415.502930 215.430206 -221.543900
v -1417.470215 213.248596 -223.972000
v -1416.734863 213.248596 -224.845093
v -1417.548340 217.611694 -307.630707
v -1416.734863 217.611694 -306.665710
v -1414.689941 215.430206 -309.093811
v -1415.502930 215.430206 -310.059204
v -1414.689941 215.430206 -222.509201
v -1416.734863 217.611694 -224.937302
v -1417.548340 217.611694 -223.972000
v -1415.502930 215.430206 -221.543900
v -1417.548340 217.611694 -223.972000
v -1416.734863 217.611694 -224.937302
v -1416.734863 217.611694 -306.665710
v -1430.305176 217.611694 -307.630707
v -1430.305176 217.611694 -223.972000
v -1417.548340 217.611694 -307.630707
v -1424.195312 186.520996 -231.960098
v -1423.373535 192.985397 -231.038406
v -1430.305176 192.985397 -231.038406
v -1430.305176 186.520996 -231.960098
v -1430.305176 201.984299 -227.918198
v -1420.772949 201.984299 -227.918106
v -1430.305176 208.885605 -223.972000
v -1417.435059 208.885605 -223.972000
v -1417.470215 213.248596 -307.630707
v -1417.435059 208.885605 -307.630707
v -1430.305176 208.885605 -307.630707
v -1430.305176 213.248596 -307.630707
v -1424.778809 182.652298 -232.635803
v -1422.655273 184.586594 -230.029007
v -1430.305176 184.586594 -230.028793
v -1430.305176 182.652298 -232.635696
v -1430.305176 184.586594 -230.028793
v -1422.655273 184.586594 -230.029007
v -1424.195312 186.520996 -231.960098
v -1430.305176 186.520996 -231.960098
v -1417.470215 213.248596 -223.972000
v -1415.502930 215.430206 -221.543900
v -1430.305176 215.430206 -221.543900
v -1430.305176 213.248596 -223.972000
v -1430.305176 215.430206 -221.543900
v -1415.502930 215.430206 -221.543900
v -1417.548340 217.611694 -223.972000
v -1430.305176 217.611694 -223.972000
v -1424.778809 182.652298 -298.967194
v -1424.778809 182.652298 -232.635803
v -1430.305176 182.652298 -232.635696
v -1430.305176 182.652298 -298.967194
v -1424.033203 182.652298 -298.081909
v -1424.033203 182.652298 -233.521194
v -1424.195312 186.520996 162.577698
v -1430.305176 186.520996 162.577698
v -1430.305176 192.985397 161.656601
v -1423.373535 192.985397 161.656601
v -1430.305176 201.984299 158.536102
v -1420.772949 201.984299 158.536102
v -1430.305176 208.885605 154.590302
v -1417.435059 208.885605 154.590302
v -1423.463867 186.520996 163.446594
v -1422.687500 192.985397 162.470993
v -1422.687500 192.985397 230.367599
v -1423.463867 186.520996 229.391998
v -1420.059082 201.984299 233.455399
v -1420.059082 201.984299 159.383499
v -1416.734863 208.885605 237.417801
v -1416.734863 208.885605 155.421204
v -1416.734863 213.248596 155.463104
v -1416.734863 213.248596 237.375900
v -1416.734863 208.885605 237.417801
v -1416.734863 208.885605 155.421204
v -1417.470215 213.248596 238.248901
v -1430.305176 213.248596 238.248901
v -1430.305176 208.885605 238.248901
v -1417.435059 208.885605 238.248901
v -1424.778809 182.652298 163.253799
v -1430.305176 182.652298 163.253799
v -1430.305176 184.586594 160.646606
v -1422.655273 184.586594 160.646606
v -1424.033203 182.652298 164.139099
v -1421.836914 184.586594 161.617996
v -1421.836914 184.586594 231.220901
v -1424.033203 182.652298 228.699707
v -1430.305176 184.586594 160.646606
v -1430.305176 186.520996 162.577698
v -1424.195312 186.520996 162.577698
v -1422.655273 184.586594 160.646606
v -1421.836914 184.586594 161.617996
v -1423.463867 186.520996 163.446594
v -1423.463867 186.520996 229.391998
v -1421.836914 184.586594 231.220901
v -1417.470215 213.248596 154.590302
v -1430.305176 213.248596 154.590302
v -1430.305176 215.430206 152.161804
v -1415.502930 215.430206 152.161804
v -1416.734863 213.248596 155.463104
v -1414.689941 215.430206 153.127197
v -1414.689941 215.430206 239.711700
v -1416.734863 213.248596 237.375900
v -1430.305176 215.430206 152.161804
v -1430.305176 217.611694 154.590302
v -1417.548340 217.611694 154.590302
v -1415.502930 215.430206 152.161804
v -1414.689941 215.430206 153.127197
v -1416.734863 217.611694 155.555298
v -1416.734863 217.611694 237.283707
v -1414.689941 215.430206 239.711700
v -1424.195312 186.520996 162.577698
v -1423.373535 192.985397 161.656601
v -1422.687500 192.985397 162.470993
v -1423.463867 186.520996 163.446594
v -1420.059082 201.984299 159.383499
v -1420.772949 201.984299 158.536102
v -1416.734863 208.885605 155.421204
v -1417.435059 208.885605 154.590302
v -1422.687500 192.985397 230.367599
v -1423.373535 192.985397 231.182602
v -1424.195312 186.520996 230.260895
v -1423.463867 186.520996 229.391998
v -1420.059082 201.984299 233.455399
v -1420.772949 201.984299 234.302795
v -1416.734863 208.885605 237.417801
v -1417.435059 208.885605 238.248901
v -1417.470215 213.248596 154.590302
v -1416.734863 213.248596 155.463104
v -1416.734863 208.885605 155.421204
v -1417.435059 208.885605 154.590302
v -1416.734863 213.248596 237.375900
v -1417.470215 213.248596 238.248901
v -1417.435059 208.885605 238.248901
v -1416.734863 208.885605 237.417801
v -1421.836914 184.586594 161.617996
v -1422.655273 184.586594 160.646606
v -1424.195312 186.520996 162.577698
v -1423.463867 186.520996 163.446594
v -1424.195312 186.520996 230.260895
v -1422.655273 184.586594 232.192001
v -1421.836914 184.586594 231.220901
v -1423.463867 186.520996 229.391998
v -1421.836914 184.586594 161.617996
v -1424.033203 182.652298 164.139099
v -1424.778809 182.652298 163.253799
v -1422.655273 184.586594 160.646606
v -1424.778809 182.652298 229.585205
v -1424.033203 182.652298 228.699707
v -1421.836914 184.586594 231.220901
v -1422.655273 184.586594 232.192001
v -1417.470215 213.248596 154.590302
v -1415.502930 215.430206 152.161804
v -1414.689941 215.430206 153.127197
v -1416.734863 213.248596 155.463104
v -1414.689941 215.430206 239.711700
v -1415.502930 215.430206 240.677200
v -1417.470215 213.248596 238.248901
v -1416.734863 213.248596 237.375900
v -1417.548340 217.611694 154.590302
v -1416.734863 217.611694 155.555298
v -1414.689941 215.430206 153.127197
v -1415.502930 215.430206 152.161804
v -1414.689941 215.430206 239.711700
v -1416.734863 217.611694 237.283707
v -1417.548340 217.611694 238.248901
v -1415.502930 215.430206 240.677200
v -1417.548340 217.611694 238.248901
v -1416.734863 217.611694 237.283707
v -1416.734863 217.611694 155.555298
v -1430.305176 217.611694 154.590302
v -1430.305176 217.611694 238.248901
v -1417.548340 217.611694 154.590302
v -1424.195312 186.520996 230.260895
v -1423.373535 192.985397 231.182602
v -1430.305176 192.985397 231.182602
v -1430.305176 186.520996 230.260895
v -1430.305176 201.984299 234.302795
v -1420.772949 201.984299 234.302795
v -1430.305176 208.885605 238.248901
v -1417.435059 208.885605 238.248901
v -1417.470215 213.248596 154.590302
v -1417.435059 208.885605 154.590302
v -1430.305176 208.885605 154.590302
v -1430.305176 213.248596 154.590302
v -1424.778809 182.652298 229.585205
v -1422.655273 184.586594 232.192001
v -1430.305176 184.586594 232.192200
v -1430.305176 182.652298 229.585403
v -1430.305176 184.586594 232.192200
v -1422.655273 184.586594 232.192001
v -1424.195312 186.520996 230.260895
v -1430.305176 186.520996 230.260895
v -1417.470215 213.248596 238.248901
v -1415.502930 215.430206 240.677200
v -1430.305176 215.430206 240.677200
v -1430.305176 213.248596 238.248901
v -1430.305176 215.430206 240.677200
v -1415.502930 215.430206 240.677200
v -1417.548340 217.611694 238.248901
v -1430.305176 217.611694 238.248901
v -1424.778809 182.652298 163.253799
v -1424.778809 182.652298 229.585205
v -1430.305176 182.652298 229.585403
v -1430.305176 182.652298 163.253799
v -1424.033203 182.652298 164.139099
v -1424.033203 182.652298 228.699707
v -1424.192383 186.520996 -639.178101
v -1424.192383 186.520996 -645.288025
v -1423.560059 192.985397 -645.288025
v -1423.560059 192.985397 -638.356323
v -1421.419922 201.984299 -645.288025
v -1421.419922 201.984299 -635.755371
v -1418.714355 208.885605 -645.288025
v -1418.714355 208.885605 -632.417725
v -1424.655762 182.652298 -639.761414
v -1424.655762 182.652298 -645.288025
v -1422.868164 184.586594 -645.288025
v -1422.868164 184.586594 -637.637573
v -1422.868164 184.586594 -645.288025
v -1424.192383 186.520996 -645.288025
v -1424.192383 186.520996 -639.178101
v -1422.868164 184.586594 -637.637573
v -1418.714355 213.248703 -632.452881
v -1418.714355 213.248703 -645.288025
v -1417.048828 215.430206 -645.288025
v -1417.048828 215.430206 -630.485413
v -1417.048828 215.430206 -645.288025
v -1418.714355 217.611694 -645.288025
v -1418.714355 217.611694 -632.530579
v -1417.048828 215.430206 -630.485413
v -1423.560059 192.985397 -638.356323
v -1424.033691 192.985397 -637.774780
v -1424.684082 186.520996 -638.573914
v -1424.192383 186.520996 -639.178101
v -1421.419922 201.984299 -635.755371
v -1421.905273 201.984299 -635.159912
v -1418.714355 208.885605 -632.417725
v -1419.193848 208.885605 -631.828918
v -1418.714355 213.248703 -632.452881
v -1419.208008 213.248703 -631.846619
v -1419.193848 208.885605 -631.828918
v -1418.714355 208.885605 -632.417725
v -1417.048828 215.430206 -630.485413
v -1417.574707 215.430206 -629.839783
v -1419.208008 213.248703 -631.846619
v -1418.714355 213.248703 -632.452881
v -1417.048828 215.430206 -630.485413
v -1418.714355 217.611694 -632.530579
v -1419.239258 217.611694 -631.885315
v -1417.574707 215.430206 -629.839783
v -1418.714355 213.248703 -632.452881
v -1418.714355 208.885605 -632.417725
v -1418.714355 208.885605 -645.288025
v -1418.714355 213.248703 -645.288025
v -1424.655762 182.652298 -645.288025
v -1424.655762 182.652298 -639.761414
v -1425.651367 182.652298 -639.762207
v -1430.149902 182.652298 -645.288574
v -1425.153320 182.652298 -639.150085
v -1424.684082 186.520996 -638.573914
v -1423.394531 184.586594 -636.990112
v -1422.868164 184.586594 -637.637573
v -1424.192383 186.520996 -639.178101
v -1425.153320 182.652298 -639.150085
v -1424.655762 182.652298 -639.761414
v -1422.868164 184.586594 -637.637573
v -1423.394531 184.586594 -636.990112
v -1419.239258 217.611694 -631.885315
v -1418.714355 217.611694 -632.530579
v -1418.714355 217.611694 -645.288025
v -1430.149902 217.611694 -645.288574
v -1425.175781 186.520996 -637.969482
v -1424.506836 192.985397 -637.193176
v -1430.149414 192.985397 -637.193420
v -1430.149414 186.520996 -637.969482
v -1430.149414 201.984299 -634.564514
v -1422.389648 201.984299 -634.564514
v -1430.149414 208.885605 -631.239990
v -1419.672852 208.885605 -631.239990
v -1425.650879 182.652298 -638.539124
v -1423.921875 184.586594 -636.342529
v -1430.149414 184.586594 -636.342529
v -1430.149414 182.652298 -638.539124
v -1425.175781 186.520996 -637.969482
v -1430.149414 186.520996 -637.969482
v -1430.149414 184.586594 -636.342529
v -1423.921875 184.586594 -636.342529
v -1419.701660 213.248703 -631.239990
v -1418.100098 215.430206 -629.194214
v -1430.149414 215.430206 -629.194092
v -1430.149414 213.248703 -631.239990
v -1419.765137 217.611694 -631.240112
v -1430.149414 217.611694 -631.239990
v -1430.149414 215.430206 -629.194092
v -1418.100098 215.430206 -629.194214
v -1425.175781 186.520996 -637.969482
v -1424.684082 186.520996 -638.573914
v -1424.033691 192.985397 -637.774780
v -1424.506836 192.985397 -637.193176
v -1421.905273 201.984299 -635.159912
v -1422.389648 201.984299 -634.564514
v -1419.193848 208.885605 -631.828918
v -1419.672852 208.885605 -631.239990
v -1419.193848 208.885605 -631.828918
v -1419.208008 213.248703 -631.846619
v -1419.701660 213.248703 -631.239990
v -1419.672852 208.885605 -631.239990
v -1419.701660 213.248703 -631.239990
v -1419.208008 213.248703 -631.846619
v -1417.574707 215.430206 -629.839783
v -1418.100098 215.430206 -629.194214
v -1417.574707 215.430206 -629.839783
v -1419.239258 217.611694 -631.885315
v -1419.765137 217.611694 -631.240112
v -1418.100098 215.430206 -629.194214
v -1430.149414 208.885605 -631.239990
v -1419.672852 208.885605 -631.239990
v -1419.701660 213.248703 -631.239990
v -1430.149414 213.248703 -631.239990
v -1430.149414 182.652298 -638.539124
v -1430.149902 182.652298 -645.288574
v -1425.651367 182.652298 -639.762207
v -1425.650879 182.652298 -638.539124
v -1425.153320 182.652298 -639.150085
v -1425.175781 186.520996 -637.969482
v -1423.921875 184.586594 -636.342529
v -1423.394531 184.586594 -636.990112
v -1424.684082 186.520996 -638.573914
v -1423.394531 184.586594 -636.990112
v -1423.921875 184.586594 -636.342529
v -1425.650879 182.652298 -638.539124
v -1425.153320 182.652298 -639.150085
v -1430.149414 217.611694 -631.239990
v -1419.765137 217.611694 -631.240112
v -1419.239258 217.611694 -631.885315
v -1430.149902 217.611694 -645.288574
v -1424.192383 186.520996 569.614990
v -1423.560059 192.985397 568.793213
v -1423.560059 192.985397 575.724792
v -1424.192383 186.520996 575.724792
v -1421.419922 201.984299 575.724792
v -1421.419922 201.984299 566.192322
v -1418.714355 208.885605 575.724792
v -1418.714355 208.885605 562.854614
v -1424.655762 182.652298 570.198181
v -1422.868164 184.586594 568.074524
v -1422.868164 184.586594 575.724792
v -1424.655762 182.652298 575.724792
v -1424.192383 186.520996 569.614990
v -1424.192383 186.520996 575.724792
v -1422.868164 184.586594 575.724792
v -1422.868164 184.586594 568.074524
v -1418.714355 213.248596 562.889771
v -1417.048828 215.430206 560.922180
v -1417.048828 215.430206 575.724792
v -1418.714355 213.248596 575.724792
v -1418.714355 217.611694 562.967590
v -1418.714355 217.611694 575.724792
v -1417.048828 215.430206 575.724792
v -1417.048828 215.430206 560.922180
v -1424.684082 186.520996 569.010681
v -1424.033691 192.985397 568.211609
v -1423.560059 192.985397 568.793213
v -1424.192383 186.520996 569.614990
v -1421.419922 201.984299 566.192322
v -1421.905273 201.984299 565.596680
v -1418.714355 208.885605 562.854614
v -1419.193848 208.885605 562.265686
v -1419.193848 208.885605 562.265686
v -1419.208008 213.248596 562.283386
v -1418.714355 213.248596 562.889771
v -1418.714355 208.885605 562.854614
v -1419.208008 213.248596 562.283386
v -1417.574707 215.430206 560.276672
v -1417.048828 215.430206 560.922180
v -1418.714355 213.248596 562.889771
v -1417.048828 215.430206 560.922180
v -1417.574707 215.430206 560.276672
v -1419.239258 217.611694 562.322205
v -1418.714355 217.611694 562.967590
v -1418.714355 208.885605 575.724792
v -1418.714355 208.885605 562.854614
v -1418.714355 213.248596 562.889771
v -1418.714355 213.248596 575.724792
v -1424.655762 182.652298 575.724792
v -1430.149902 182.652298 575.725403
v -1425.651367 182.652298 570.199097
v -1424.655762 182.652298 570.198181
v -1425.153320 182.652298 569.586975
v -1424.684082 186.520996 569.010681
v -1424.192383 186.520996 569.614990
v -1422.868164 184.586594 568.074524
v -1423.394531 184.586594 567.427002
v -1422.868164 184.586594 568.074524
v -1424.655762 182.652298 570.198181
v -1425.153320 182.652298 569.586975
v -1423.394531 184.586594 567.427002
v -1418.714355 217.611694 575.724792
v -1418.714355 217.611694 562.967590
v -1419.239258 217.611694 562.322205
v -1430.149902 217.611694 575.725525
v -1425.175781 186.520996 568.406311
v -1430.149414 186.520996 568.406372
v -1430.149414 192.985397 567.630188
v -1424.506836 192.985397 567.630127
v -1430.149414 201.984299 565.001282
v -1422.389648 201.984299 565.001282
v -1430.149414 208.885605 561.676880
v -1419.672852 208.885605 561.676819
v -1425.650879 182.652298 568.976013
v -1430.149414 182.652298 568.976013
v -1430.149414 184.586594 566.779419
v -1423.921875 184.586594 566.779419
v -1430.149414 184.586594 566.779419
v -1430.149414 186.520996 568.406372
v -1425.175781 186.520996 568.406311
v -1423.921875 184.586594 566.779419
v -1419.701660 213.248596 561.676819
v -1430.149414 213.248596 561.676880
v -1430.149414 215.430206 559.630981
v -1418.100098 215.430206 559.630981
v -1430.149414 215.430206 559.630981
v -1430.149414 217.611694 561.676880
v -1419.765137 217.611694 561.676880
v -1418.100098 215.430206 559.630981
v -1425.175781 186.520996 568.406311
v -1424.506836 192.985397 567.630127
v -1424.033691 192.985397 568.211609
v -1424.684082 186.520996 569.010681
v -1421.905273 201.984299 565.596680
v -1422.389648 201.984299 565.001282
v -1419.193848 208.885605 562.265686
v -1419.672852 208.885605 561.676819
v -1419.701660 213.248596 561.676819
v -1419.208008 213.248596 562.283386
v -1419.193848 208.885605 562.265686
v -1419.672852 208.885605 561.676819
v -1419.701660 213.248596 561.676819
v -1418.100098 215.430206 559.630981
v -1417.574707 215.430206 560.276672
v -1419.208008 213.248596 562.283386
v -1419.765137 217.611694 561.676880
v -1419.239258 217.611694 562.322205
v -1417.574707 215.430206 560.276672
v -1418.100098 215.430206 559.630981
v -1419.701660 213.248596 561.676819
v -1419.672852 208.885605 561.676819
v -1430.149414 208.885605 561.676880
v -1430.149414 213.248596 561.676880
v -1430.149414 182.652298 568.976013
v -1425.650879 182.652298 568.976013
v -1425.651367 182.652298 570.199097
v -1430.149902 182.652298 575.725403
v -1425.153320 182.652298 569.586975
v -1423.394531 184.586594 567.427002
v -1423.921875 184.586594 566.779419
v -1425.175781 186.520996 568.406311
v -1424.684082 186.520996 569.010681
v -1423.394531 184.586594 567.427002
v -1425.153320 182.652298 569.586975
v -1425.650879 182.652298 568.976013
v -1423.921875 184.586594 566.779419
v -1419.239258 217.611694 562.322205
v -1419.765137 217.611694 561.676880
v -1430.149414 217.611694 561.676880
v -1430.149902 217.611694 575.725525
vn -0.0000 1.0000 -0.0000
vn -0.0000 -0.0000 1.0000
vn 1.0000 -0.0000 -0.0000
vn -0.0000 -0.1192 -0.9929
vn -0.0000 -0.1898 -0.9818
vn -0.0000 -0.2102 -0.9777
vn -0.0000 -0.3408 -0.9401
vn -0.0000 -0.3743 -0.9273
vn -0.0000 -0.4339 -0.9009
vn 0.9929 -0.1192 -0.0000
vn 0.9777 -0.2102 -0.0000
vn 0.9273 -0.3744 -0.0000
vn 0.9009 -0.4340 -0.0000
vn -0.0000 -0.7504 -0.6610
vn 0.6609 -0.7504 -0.0000
vn 0.6609 -0.7505 -0.0000
vn -0.0000 0.6436 -0.7654
vn 0.7653 0.6437 -0.0000
vn -0.0000 -0.6840 -0.7295
vn 0.7294 -0.6841 -0.0000
vn 0.7295 -0.6840 -0.0000
vn -0.0000 0.6840 -0.7295
vn 0.7295 0.6840 -0.0000
vn 0.6224 -0.4746 0.6224
vn 0.6225 -0.4746 0.6224
vn 0.5840 -0.5638 0.5841
vn 0.5839 -0.5638 0.5841
vn 0.6794 -0.2777 0.6792
vn 0.6965 -0.1722 0.6966
vn 0.7072 0.0004 -0.7070
vn 0.7071 0.0004 -0.7071
vn 0.7072 0.0004 0.7070
vn 0.7071 0.0004 0.7071
vn 0.6793 -0.2777 -0.6793
vn 0.6965 -0.1722 -0.6966
vn 0.6225 -0.4746 -0.6224
vn 0.6225 -0.4746 -0.6223
vn 0.5840 -0.5638 -0.5840
vn 0.7072 0.0057 0.7070
vn 0.7071 0.0057 0.7071
vn 0.7072 0.0057 -0.7070
vn 0.7071 0.0057 -0.7071
vn 0.4622 0.7568 0.4622
vn 0.4621 0.7569 0.4622
vn 0.4622 0.7568 -0.4622
vn 0.4622 0.7568 -0.4621
vn 0.3783 -0.8448 0.3783
vn 0.3783 -0.8449 0.3783
vn 0.3783 -0.8448 -0.3784
vn 0.3783 -0.8449 -0.3783
vn 0.4309 -0.7928 0.4311
vn 0.4310 -0.7928 0.4309
vn 0.4309 -0.7928 -0.4310
vn 0.4310 -0.7928 -0.4309
vn 0.4258 0.7984 0.4258
vn 0.4257 0.7984 0.4257
vn 0.4258 0.7984 -0.4257
vn 0.4257 0.7984 -0.4258
vn 0.7063 0.7079 -0.0000
vn 0.4109 0.8138 -0.4110
vn 0.4110 0.8138 -0.4109
vn -0.0000 0.7078 -0.7064
vn 0.4109 0.8138 0.4110
vn 0.4111 0.8138 0.4109
vn 0.7071 -0.0000 -0.7071
vn -0.0000 -0.0000 -1.0000
vn 0.7071 -0.0000 0.7071
vn 0.8388 -0.5444 -0.0000
vn 0.8387 -0.5445 -0.0000
vn -0.0000 -0.5443 -0.8389
vn -0.0000 -0.5444 -0.8388
vn 0.5239 -0.6717 0.5238
vn 0.5240 -0.6716 0.5239
vn 0.5239 -0.6716 -0.5240
vn 0.5239 -0.6717 -0.5238
vn 0.7070 -0.0000 -0.7072
vn 0.7070 -0.0000 0.7072
vn 0.4186 0.8847 -0.2051
vn 0.4772 0.8686 -0.1336
vn 0.4772 0.8686 0.1336
vn 0.2052 0.8847 -0.4186
vn 0.4186 0.8847 0.2051
vn 0.1337 0.8686 -0.4772
vn -0.0000 0.8193 -0.5733
vn 0.1336 0.8685 0.4772
vn 0.2052 0.8847 0.4186
vn -0.0000 0.8193 0.5733
vn -0.0001 1.0000 -0.0000
vn -0.0000 -1.0000 -0.0000
vn -0.0000 -0.2005 0.9797
vn -0.0000 -0.1192 0.9929
vn -0.0000 -0.2102 0.9777
vn -0.0000 -0.3584 0.9336
vn -0.0000 -0.3743 0.9273
vn -0.0000 -0.4339 0.9009
vn -0.0000 -0.7504 0.6610
vn -0.0000 0.6436 0.7653
vn -0.0000 -0.6840 0.7295
vn -0.0000 0.6840 0.7295
vn -0.0000 0.7078 0.7064
vn -0.0000 -0.5443 0.8389
vn -0.0000 -0.2101 0.9777
vn -0.0000 -0.3744 0.9273
vn -0.0000 -0.5444 0.8388
vn -0.0000 0.8194 0.5733
vn -1.0000 -0.0000 -0.0000
vn 0.9929 -0.1193 -0.0000
vn 0.9818 -0.1899 -0.0000
vn 0.9401 -0.3408 -0.0000
vn 0.9273 -0.3743 -0.0000
vn 0.9010 -0.4339 -0.0000
vn 0.9009 -0.4339 -0.0000
vn -0.0000 -0.3744 -0.9273
vn -0.0000 -0.4340 -0.9009
vn 0.6610 -0.7504 -0.0000
vn -0.0000 -0.7505 -0.6609
vn -0.0000 0.6437 -0.7653
vn 0.7295 -0.6839 -0.0000
vn -0.0000 -0.6840 -0.7294
vn 0.7295 0.6839 -0.0000
vn 0.7296 0.6839 -0.0000
vn -0.0000 0.6840 -0.7294
vn -0.5839 -0.5638 -0.5841
vn -0.6225 -0.4746 -0.6223
vn -0.6225 -0.4746 -0.6224
vn -0.6793 -0.2777 -0.6793
vn -0.6966 -0.1722 -0.6965
vn -0.7072 0.0004 -0.7070
vn -0.7071 0.0004 -0.7071
vn 0.6966 -0.1722 -0.6965
vn 0.6792 -0.2777 -0.6794
vn 0.6223 -0.4745 -0.6226
vn -0.7069 0.0057 -0.7072
vn -0.7071 0.0057 -0.7071
vn 0.7070 0.0057 -0.7072
vn -0.4622 0.7568 -0.4622
vn 0.4621 0.7569 -0.4621
vn 0.4623 0.7568 -0.4621
vn -0.3783 -0.8449 -0.3783
vn 0.3783 -0.8449 -0.3782
vn -0.4309 -0.7928 -0.4309
vn -0.4309 -0.7928 -0.4310
vn 0.4310 -0.7928 -0.4310
vn -0.4257 0.7984 -0.4257
vn -0.4258 0.7984 -0.4258
vn 0.4258 0.7984 -0.4258
vn -0.0000 0.7079 -0.7063
vn 0.7064 0.7078 -0.0000
vn -0.4110 0.8138 -0.4109
vn -0.4109 0.8137 -0.4110
vn -0.7070 -0.0000 -0.7072
vn -0.7071 -0.0000 -0.7071
vn -0.5239 -0.6717 -0.5238
vn -0.5238 -0.6716 -0.5240
vn 0.5239 -0.6716 -0.5239
vn 0.5238 -0.6716 -0.5239
vn 0.7072 -0.0000 -0.7070
vn -0.1337 0.8686 -0.4772
vn -0.2052 0.8847 -0.4186
vn 0.4187 0.8847 -0.2052
vn -0.4773 0.8685 -0.1336
vn 0.4773 0.8685 -0.1336
vn 0.5733 0.8193 -0.0000
vn -0.4187 0.8846 -0.2052
vn -0.5733 0.8193 -0.0000
vn -0.9797 -0.2005 -0.0000
vn -0.9777 -0.2102 -0.0000
vn -0.9929 -0.1192 -0.0000
vn -0.9336 -0.3584 -0.0000
vn -0.9273 -0.3743 -0.0000
vn -0.9009 -0.4340 -0.0000
vn -0.6610 -0.7504 -0.0000
vn -0.7653 0.6436 -0.0000
vn -0.7295 -0.6840 -0.0000
vn -0.7295 0.6840 -0.0000
vn -0.7295 0.6839 -0.0000
vn -0.7064 0.7078 -0.0000
vn -0.8389 -0.5443 -0.0000
vn -0.8388 -0.5444 -0.0000
vn -0.9777 -0.2101 -0.0000
vn -0.9273 -0.3744 -0.0000
vn -0.5733 0.8194 -0.0000
vn 0.0001 1.0000 -0.0000
vn -0.9776 -0.2102 -0.0000
vn -0.6609 -0.7504 -0.0000
vn -0.0000 0.6436 -0.7653
vn 0.7653 0.6436 -0.0000
vn -0.7653 0.6437 -0.0000
vn 0.7294 -0.6840 -0.0000
vn -0.6223 -0.4745 -0.6225
vn -0.6223 -0.4746 -0.6225
vn -0.5840 -0.5638 -0.5840
vn -0.7071 0.0004 0.7071
vn -0.7070 0.0004 0.7072
vn 0.6224 -0.4746 -0.6224
vn -0.7070 0.0004 -0.7072
vn 0.6964 -0.1722 0.6967
vn 0.5840 -0.5638 0.5840
vn -0.6793 -0.2777 0.6793
vn -0.6966 -0.1722 0.6965
vn -0.6223 -0.4745 0.6225
vn -0.6223 -0.4746 0.6225
vn -0.5840 -0.5638 0.5840
vn -0.7070 0.0057 -0.7072
vn -0.7070 0.0057 0.7072
vn -0.7071 0.0057 0.7071
vn 0.4621 0.7568 -0.4623
vn 0.4621 0.7568 0.4623
vn -0.4621 0.7568 0.4622
vn -0.4622 0.7568 0.4622
vn -0.3783 -0.8448 -0.3783
vn -0.3783 -0.8449 0.3783
vn 0.4310 -0.7928 0.4310
vn -0.4310 -0.7928 0.4310
vn -0.4309 -0.7928 0.4310
vn -0.4257 0.7984 -0.4258
vn -0.4257 0.7984 0.4258
vn -0.4258 0.7984 0.4258
vn -0.7063 0.7079 -0.0000
vn -0.4110 0.8138 0.4109
vn 0.7064 0.7079 -0.0000
vn 0.4109 0.8137 -0.4111
vn -0.7071 -0.0000 0.7071
vn 0.8390 -0.5442 -0.0000
vn 0.8389 -0.5443 -0.0000
vn -0.5240 -0.6716 -0.5238
vn 0.5238 -0.6715 -0.5241
vn -0.5241 -0.6716 0.5237
vn -0.5239 -0.6716 0.5238
vn 0.5240 -0.6715 0.5239
vn 0.5238 -0.6716 0.5239
vn -0.4187 0.8846 0.2052
vn -0.4772 0.8686 0.1336
vn -0.4772 0.8686 -0.1337
vn -0.2053 0.8847 0.4186
vn -0.4186 0.8847 -0.2052
vn -0.1336 0.8686 0.4773
vn -0.1336 0.8685 -0.4773
vn 0.1337 0.8685 0.4772
vn 0.4185 0.8847 0.2053
vn 0.4771 0.8686 0.1337
vn 0.1337 0.8685 -0.4772
vn 0.4186 0.8847 -0.2052
vn 0.4773 0.8686 0.1335
vn -0.7294 -0.6840 -0.0000
vn 0.7294 0.6840 -0.0000
vn 0.7294 0.6841 -0.0000
vn -0.5840 -0.5638 0.5841
vn -0.6792 -0.2777 0.6794
vn -0.6965 -0.1722 0.6965
vn 0.7072 0.0004 -0.7071
vn 0.6795 -0.2777 0.6792
vn 0.6794 -0.2777 -0.6792
vn 0.6225 -0.4745 -0.6224
vn -0.6792 -0.2777 -0.6794
vn -0.5840 -0.5638 -0.5841
vn -0.7070 0.0057 0.7071
vn -0.7070 0.0057 -0.7071
vn 0.4621 0.7568 0.4622
vn -0.4621 0.7568 -0.4623
vn -0.4622 0.7568 -0.4621
vn -0.3782 -0.8449 0.3784
vn 0.3782 -0.8449 -0.3783
vn -0.3782 -0.8449 -0.3784
vn -0.3783 -0.8448 -0.3784
vn 0.4309 -0.7928 0.4310
vn 0.4258 0.7984 0.4257
vn 0.4257 0.7984 0.4258
vn -0.4110 0.8137 -0.4110
vn 0.4110 0.8138 0.4110
vn 0.4110 0.8138 0.4109
vn -0.4110 0.8138 0.4110
vn -0.4111 0.8138 0.4109
vn -0.8389 -0.5442 -0.0000
vn -0.0000 -0.5444 -0.8389
vn 0.8389 -0.5442 -0.0000
vn -0.5240 -0.6715 0.5239
vn 0.5239 -0.6716 0.5239
vn -0.5240 -0.6715 -0.5239
vn -0.5239 -0.6716 -0.5239
vn 0.5240 -0.6715 -0.5239
vn -0.4773 0.8685 0.1337
vn -0.4772 0.8685 -0.1337
vn -0.2052 0.8847 -0.4187
vn -0.1336 0.8685 0.4773
vn -0.2052 0.8847 0.4186
vn 0.2052 0.8847 -0.4187
vn 0.4186 0.8847 -0.2053
vn 0.4771 0.8686 -0.1337
vn 0.2052 0.8847 0.4187
vn 0.4187 0.8847 0.2052
vn 0.4773 0.8686 -0.1335
vn 0.4187 0.8846 -0.2051
vn -0.0001 -1.0000 -0.0000
vn 0.0001 -1.0000 -0.0000
vn 0.9776 -0.2102 -0.0000
vn -0.6609 -0.7505 -0.0000
vn -0.7294 -0.6841 -0.0000
vn -0.7072 0.0004 0.7071
vn 0.6223 -0.4745 0.6225
vn 0.6223 -0.4746 0.6225
vn 0.6793 -0.2777 0.6793
vn 0.6964 -0.1722 0.6966
vn -0.7072 0.0004 -0.7071
vn 0.7071 0.0004 -0.7072
vn -0.6965 -0.1722 0.6966
vn -0.6224 -0.4745 0.6224
vn 0.7072 0.0004 0.7071
vn 0.7070 0.0004 0.7072
vn -0.6965 -0.1722 -0.6966
vn -0.6224 -0.4745 -0.6224
vn 0.6223 -0.4745 -0.6225
vn 0.6223 -0.4746 -0.6225
vn 0.5840 -0.5637 -0.5840
vn -0.7071 0.0057 0.7070
vn -0.7072 0.0057 -0.7070
vn -0.4621 0.7569 0.4622
vn -0.4621 0.7568 -0.4622
vn 0.4621 0.7568 -0.4622
vn -0.3784 -0.8448 -0.3783
vn 0.3783 -0.8448 -0.3783
vn -0.4310 -0.7928 0.4309
vn -0.4310 -0.7928 -0.4309
vn -0.4258 0.7984 0.4257
vn -0.4109 0.8138 -0.4110
vn -0.4109 0.8138 0.4110
vn -0.5240 -0.6716 0.5239
vn -0.5238 -0.6716 0.5239
vn 0.4772 0.8685 0.1336
vn 0.4187 0.8846 0.2052
vn -0.1336 0.8686 -0.4772
vn -0.4186 0.8847 -0.2053
vn -0.4771 0.8686 -0.1337
vn -0.1337 0.8685 0.4772
vn -0.2052 0.8846 0.4187
vn -0.4187 0.8847 0.2052
vn -0.4772 0.8686 -0.1335
vn -0.4187 0.8847 -0.2051
vn -0.7294 0.6840 -0.0000
vn -0.6224 -0.4745 -0.6225
vn -0.5841 -0.5638 -0.5840
vn -0.5841 -0.5638 -0.5839
vn -0.6965 -0.1722 -0.6965
vn -0.7072 0.0004 0.7070
vn 0.5840 -0.5637 -0.5841
vn 0.6792 -0.2777 0.6793
vn 0.6792 -0.2777 0.6794
vn 0.6965 -0.1722 0.6965
vn -0.6224 -0.4746 0.6224
vn -0.5841 -0.5638 0.5840
vn -0.4621 0.7568 0.4623
vn 0.3784 -0.8448 0.3783
vn 0.4255 0.7985 -0.4259
vn -0.7064 0.7079 -0.0000
vn 0.4110 0.8137 0.4110
vn 0.4110 0.8138 -0.4110
vn -0.5238 -0.6716 -0.5239
vn -0.5239 -0.6715 0.5241
vn -0.5240 -0.6716 0.5238
vn -0.5239 -0.6716 0.5240
vn -0.7072 -0.0000 0.7070
vn -0.7072 -0.0000 -0.7070
vn -0.4773 0.8685 0.1336
vn -0.4772 0.8686 -0.1336
vn -0.2052 0.8847 0.4187
vn -0.4187 0.8847 -0.2052
vn -0.1336 0.8685 -0.4772
vn 0.2052 0.8846 0.4187
vn 0.1337 0.8685 0.4773
vn 0.4186 0.8847 0.2052
vn 0.2052 0.8846 -0.4187
vn 0.4772 0.8685 -0.1336
vn 0.4772 0.8686 0.1335
vn 0.4187 0.8846 0.2051
vn -0.5840 -0.5637 0.5841
vn -0.6964 -0.1722 0.6967
vn -0.7070 0.0004 -0.7073
vn -0.6225 -0.4745 -0.6224
vn -0.4622 0.7568 0.4621
vn -0.3783 -0.8448 0.3783
vn -0.3782 -0.8449 0.3783
vn -0.4309 -0.7928 -0.4311
vn -0.4256 0.7984 0.4259
vn -0.4110 0.8138 -0.4110
vn -0.4110 0.8137 0.4110
vn -0.5239 -0.6717 0.5238
vn -0.5239 -0.6716 -0.5238
vn -0.5239 -0.6716 -0.5240
vn -0.1337 0.8686 0.4772
vn -0.1337 0.8685 -0.4772
vn -0.9818 -0.1899 -0.0000
vn -0.9401 -0.3408 -0.0000
vn -0.9009 -0.4339 -0.0000
vn 0.5840 -0.5638 -0.5841
vn 0.7070 0.0057 -0.7071
vn 0.4622 0.7569 -0.4622
vn -0.4622 0.7569 -0.4621
vn -0.3782 -0.8449 -0.3783
vn 0.4309 -0.7928 -0.4309
vn -0.4309 -0.7929 -0.4309
vn 0.4257 0.7984 -0.4257
vn -0.4258 0.7984 -0.4257
vn -0.8388 -0.5445 -0.0000
vn 0.5239 -0.6717 -0.5239
vn -0.5239 -0.6717 -0.5239
vn -0.5240 -0.6717 -0.5238
vn 0.9797 -0.2005 -0.0000
vn 0.9336 -0.3584 -0.0000
vn 0.9777 -0.2101 -0.0000
vn 0.5733 0.8194 -0.0000
vn -0.0000 -0.1899 0.9818
vn -0.0000 -0.3408 0.9401
vn -0.0000 0.6436 0.7654
vn 0.6225 -0.4746 0.6223
vn 0.4621 0.7569 -0.4622
vn 0.4622 0.7568 0.4621
vn 0.4311 -0.7928 -0.4309
vn 0.4255 0.7983 -0.4262
vn 0.4111 0.8138 -0.4109
vn 0.8388 -0.5445 -0.0000
vn 0.5240 -0.6716 -0.5239
vn 0.5239 -0.6715 0.5240
vn 0.5239 -0.6717 0.5237
vn -0.0000 -0.2005 -0.9797
vn -0.0000 -0.3584 -0.9336
vn -0.0000 -0.2101 -0.9777
vn -0.0000 0.8194 -0.5733
vn -0.0000 -0.4340 0.9009
vn -0.0000 -0.7504 0.6609
vn -0.0000 0.6437 0.7653
vn -0.6225 -0.4745 0.6224
vn -0.5839 -0.5638 0.5841
vn 0.6966 -0.1722 0.6965
vn -0.7069 0.0057 0.7073
vn 0.7070 0.0057 0.7072
vn 0.4622 0.7569 0.4622
vn -0.4309 -0.7928 0.4311
vn 0.4311 -0.7928 0.4309
vn -0.0000 0.7079 0.7063
vn -0.5238 -0.6716 0.5240
vn 0.7072 -0.0000 0.7070
vn -0.7072 -0.0000 0.7071
vn 0.1337 0.8686 0.4772
vn 0.4773 0.8685 0.1336
vn -0.7296 -0.6839 -0.0000
vn -0.7295 -0.6839 -0.0000
vn -0.7296 0.6839 -0.0000
vn -0.7654 0.6436 -0.0000
vn -0.9929 -0.1193 -0.0000
vn -0.7652 0.6437 -0.0000
vn 0.6964 -0.1722 -0.6967
vn -0.6967 -0.1722 -0.6964
vn -0.5842 -0.5638 -0.5839
vn -0.7072 0.0057 0.7069
vn 0.4620 0.7569 -0.4623
vn -0.4259 0.7984 0.4258
vn -0.4259 0.7984 -0.4257
vn 0.4110 0.8137 -0.4110
vn 0.4109 0.8138 0.4111
vn 0.8387 -0.5446 -0.0000
vn -0.5241 -0.6716 0.5238
vn -0.5240 -0.6717 -0.5237
vn -0.4772 0.8685 0.1337
vn -0.2053 0.8847 -0.4186
vn -0.1336 0.8686 -0.4773
vn 0.1337 0.8685 -0.4773
vn 0.4185 0.8847 -0.2053
vn 0.4772 0.8686 -0.1337
vn 0.4772 0.8686 -0.1335
vn 0.4187 0.8847 -0.2051
vn -0.0000 -0.4339 0.9010
vn 0.5841 -0.5638 -0.5840
vn 0.6225 -0.4745 0.6223
vn -0.6224 -0.4745 0.6225
vn -0.6224 -0.4746 0.6225
vn 0.7071 0.0057 -0.7070
vn -0.4622 0.7568 0.4623
vn 0.3783 -0.8449 0.3782
vn -0.3783 -0.8448 0.3784
vn 0.4309 -0.7928 0.4309
vn 0.4255 0.7985 0.4259
vn 0.4259 0.7984 0.4256
vn 0.7072 -0.0000 -0.7071
vn -0.5240 -0.6716 -0.5239
vn 0.5240 -0.6716 -0.5238
vn 0.5239 -0.6715 0.5239
vn 0.5239 -0.6716 0.5240
vn -0.4772 0.8686 0.1337
vn -0.4773 0.8685 -0.1337
vn 0.4186 0.8847 0.2053
vn 0.6224 -0.4745 0.6224
vn -0.4621 0.7569 -0.4622
vn 0.4620 0.7569 -0.4622
vn -0.4311 -0.7928 -0.4309
vn -0.4256 0.7984 -0.4259
vn -0.4260 0.7984 0.4255
vn -0.7072 -0.0000 -0.7071
vn -0.5239 -0.6716 0.5239
vn -0.1337 0.8685 0.4773
vn -0.4185 0.8847 0.2052
vn -0.4771 0.8686 0.1337
vn -0.4772 0.8686 0.1335
vn -0.4186 0.8847 0.2051
vn -0.5841 -0.5638 0.5839
vn 0.6224 -0.4745 0.6225
vn 0.5840 -0.5637 0.5841
vn -0.7072 0.0057 0.7070
vn 0.7070 0.0057 0.7071
vn -0.4309 -0.7928 0.4309
vn -0.4107 0.8139 -0.4110
vn -0.5239 -0.6715 -0.5240
vn -0.4772 0.8685 -0.1336
vn 0.4188 0.8846 -0.2051
vn -0.5841 -0.5637 -0.5840
vn -0.6793 -0.2777 -0.6794
vn -0.6964 -0.1722 -0.6966
vn -0.6964 -0.1722 -0.6967
vn -0.7071 0.0004 -0.7072
vn -0.6225 -0.4745 0.6223
vn -0.4772 0.8685 0.1336
vn -0.2052 0.8846 -0.4187
vn 0.4622 0.7569 0.4621
vn -0.8390 -0.5441 -0.0000
vn -0.7070 -0.0000 0.7072
vn -0.9953 -0.0973 -0.0000
vn -0.9849 -0.1729 -0.0000
vn -0.9863 -0.1647 -0.0000
vn -0.9543 -0.2989 -0.0000
vn -0.9497 -0.3131 -0.0000
vn -0.9310 -0.3650 -0.0000
vn -0.9310 -0.3651 -0.0000
vn -0.7344 -0.6788 -0.0000
vn -0.8251 0.5649 -0.0000
vn -0.8252 0.5649 -0.0000
vn -0.7948 -0.6068 -0.0000
vn -0.7948 0.6068 -0.0000
vn -0.7663 -0.1542 0.6237
vn -0.7508 -0.2506 0.6111
vn -0.7514 -0.2473 0.6117
vn -0.7005 -0.4294 0.5700
vn -0.6985 -0.4346 0.5686
vn -0.6623 -0.5203 0.5391
vn -0.7756 0.0052 0.6312
vn -0.7755 0.0051 0.6313
vn -0.5059 -0.7578 0.4121
vn -0.5061 -0.7579 0.4118
vn -0.5004 0.7640 0.4074
vn -0.5005 0.7640 0.4073
vn -0.5392 0.7187 0.4390
vn -0.5392 0.7187 0.4389
vn -0.4486 -0.8157 0.3652
vn -0.4487 -0.8157 0.3652
vn -0.0002 1.0000 -0.0000
vn -0.0000 -0.2085 0.9780
vn -0.0000 -0.3717 0.9284
vn -0.0000 -0.7505 0.6609
vn -0.0000 -0.6841 0.7294
vn -0.0000 0.6840 0.7294
vn -0.0000 0.6841 0.7294
vn -0.7502 -0.2536 0.6107
vn -0.7509 -0.2505 0.6111
vn -0.6985 -0.4345 0.5686
vn -0.6965 -0.4395 0.5672
vn -0.6623 -0.5205 0.5390
vn -0.7755 0.0051 0.6314
vn -0.5061 -0.7578 0.4119
vn -0.5004 0.7639 0.4075
vn -0.5005 0.7640 0.4072
vn -0.5392 0.7188 0.4390
vn -0.5393 0.7188 0.4388
vn -0.7949 0.6068 -0.0000
vn -0.7515 -0.2473 -0.6117
vn -0.7508 -0.2505 -0.6111
vn -0.7663 -0.1542 -0.6237
vn -0.7005 -0.4294 -0.5700
vn -0.6985 -0.4346 -0.5686
vn -0.6624 -0.5204 -0.5389
vn -0.6622 -0.5204 -0.5392
vn -0.7756 0.0051 -0.6312
vn -0.7755 0.0051 -0.6313
vn -0.5059 -0.7578 -0.4121
vn -0.5061 -0.7578 -0.4119
vn -0.5006 0.7640 -0.4072
vn -0.5003 0.7640 -0.4074
vn -0.5393 0.7187 -0.4389
vn -0.5393 0.7186 -0.4390
vn -0.4487 -0.8157 -0.3652
vn -0.0000 -0.2085 -0.9780
vn -0.0000 -0.3717 -0.9284
vn -0.0000 -0.6841 -0.7294
vn -0.0000 0.6841 -0.7294
vn -0.7501 -0.2535 -0.6108
vn -0.6985 -0.4345 -0.5686
vn -0.6965 -0.4395 -0.5672
vn -0.6622 -0.5203 -0.5392
vn -0.7755 0.0052 -0.6313
vn -0.5061 -0.7578 -0.4118
vn -0.5005 0.7640 -0.4073
vn -0.5005 0.7640 -0.4071
vn -0.5004 0.7639 -0.4076
vn -0.5005 0.7640 -0.4072
vn -0.0003 -1.0000 -0.0000
vn -0.5392 0.7187 -0.4389
vn -0.5392 0.7187 -0.4390
vn -0.4487 -0.8156 -0.3653
vn -0.0000 -0.1411 -0.9900
vn -0.0000 -0.2466 -0.9691
vn -0.0000 -0.2354 -0.9719
vn -0.0000 -0.4138 -0.9104
vn -0.0000 -0.4309 -0.9024
vn -0.0000 -0.4963 -0.8681
vn -0.9773 -0.2119 -0.0000
vn -0.9263 -0.3769 -0.0000
vn -0.0000 -0.8031 -0.5958
vn -0.0000 0.7065 -0.7077
vn -0.0000 -0.7439 -0.6683
vn -0.0000 0.7439 -0.6683
vn -0.7515 -0.1858 -0.6330
vn -0.7309 -0.2942 -0.6159
vn -0.7292 -0.3014 -0.6144
vn -0.6633 -0.4978 -0.5588
vn -0.6587 -0.5081 -0.5549
vn -0.6152 -0.5939 -0.5184
vn -0.7515 -0.1858 0.6330
vn -0.7293 -0.3014 0.6142
vn -0.7310 -0.2942 0.6157
vn -0.6633 -0.4978 0.5588
vn -0.6587 -0.5081 0.5549
vn -0.6153 -0.5940 0.5183
vn -0.7647 0.0062 -0.6444
vn -0.7647 0.0062 -0.6443
vn -0.7649 0.0062 0.6441
vn -0.7647 0.0062 0.6443
vn -0.4773 0.7814 -0.4020
vn -0.4772 0.7814 -0.4021
vn -0.4773 0.7814 0.4021
vn -0.4772 0.7814 0.4020
vn -0.3865 -0.8630 -0.3255
vn -0.3865 -0.8629 0.3255
vn -0.3864 -0.8630 0.3255
vn -0.4431 -0.8151 -0.3732
vn -0.4431 -0.8151 0.3732
vn -0.4375 0.8204 -0.3682
vn -0.4374 0.8203 -0.3685
vn -0.4373 0.8204 -0.3684
vn -0.4374 0.8203 0.3685
vn -0.0000 -0.2355 0.9719
vn -0.0000 -0.2466 0.9691
vn -0.0000 -0.1412 0.9900
vn -0.0000 -0.4138 0.9104
vn -0.0000 -0.4309 0.9024
vn -0.0000 -0.4964 0.8681
vn -0.0000 -0.8031 0.5959
vn -0.0000 0.7065 0.7077
vn -0.0000 -0.7439 0.6683
vn -0.0000 0.7439 0.6683
vn 0.0002 -1.0000 -0.0000
vn -0.7516 -0.1858 -0.6330
vn -0.7308 -0.2942 -0.6159
vn -0.7291 -0.3014 -0.6145
vn -0.6152 -0.5940 -0.5184
vn -0.7516 -0.1858 0.6330
vn -0.7310 -0.2942 0.6156
vn -0.7649 0.0062 0.6442
vn -0.7647 0.0062 0.6444
vn -0.4772 0.7814 0.4021
vn -0.3864 -0.8630 -0.3255
vn -0.3865 -0.8630 0.3255
vn -0.3864 -0.8630 0.3256
vn -0.4374 0.8203 0.3684
vn -0.0002 -1.0000 -0.0000
vn 0.9953 -0.0972 -0.0000
vn 0.9849 -0.1729 -0.0000
vn 0.9863 -0.1647 -0.0000
vn 0.9543 -0.2989 -0.0000
vn 0.9497 -0.3131 -0.0000
vn 0.9310 -0.3650 -0.0000
vn -0.0000 -0.3716 -0.9284
vn 0.7343 -0.6788 -0.0000
vn 0.8252 0.5649 -0.0000
vn 0.7948 -0.6069 -0.0000
vn 0.7948 0.6068 -0.0000
vn 0.7948 0.6069 -0.0000
vn 0.7661 -0.1542 -0.6239
vn 0.7504 -0.2536 -0.6104
vn 0.7517 -0.2473 -0.6114
vn 0.7661 -0.1542 -0.6240
vn 0.7003 -0.4294 -0.5702
vn 0.6966 -0.4395 -0.5671
vn 0.6624 -0.5204 -0.5390
vn 0.6624 -0.5204 -0.5389
vn -0.7663 -0.1543 -0.6236
vn -0.7664 -0.1543 -0.6236
vn -0.7513 -0.2473 -0.6119
vn -0.7500 -0.2535 -0.6109
vn -0.7002 -0.4294 -0.5703
vn -0.6965 -0.4395 -0.5673
vn -0.6621 -0.5205 -0.5392
vn 0.7758 0.0051 -0.6310
vn 0.7756 0.0051 -0.6312
vn -0.7755 0.0051 -0.6314
vn -0.7753 0.0051 -0.6315
vn 0.5390 0.7188 -0.4391
vn 0.5392 0.7188 -0.4389
vn -0.5393 0.7188 -0.4388
vn 0.4487 -0.8157 -0.3651
vn 0.4486 -0.8157 -0.3652
vn -0.4486 -0.8157 -0.3653
vn -0.4488 -0.8157 -0.3651
vn 0.5059 -0.7578 -0.4121
vn 0.5061 -0.7579 -0.4118
vn -0.5060 -0.7578 -0.4120
vn 0.5004 0.7639 -0.4075
vn 0.5005 0.7640 -0.4072
vn -0.5003 0.7640 -0.4075
vn -0.5004 0.7639 -0.4074
vn -0.7344 -0.6787 -0.0000
vn -0.7345 -0.6786 -0.0001
vn -0.7949 -0.6067 -0.0000
vn -0.7949 0.6067 -0.0000
vn 0.9905 -0.1376 -0.0000
vn 0.9705 -0.2409 -0.0000
vn 0.9732 -0.2300 -0.0000
vn 0.9142 -0.4053 -0.0000
vn 0.9065 -0.4223 -0.0000
vn 0.8734 -0.4869 -0.0000
vn -0.0000 -0.2116 -0.9774
vn -0.0000 -0.3765 -0.9264
vn 0.6056 -0.7958 -0.0000
vn 0.7166 0.6975 -0.0000
vn 0.6776 -0.7355 -0.0000
vn 0.6776 0.7355 -0.0000
vn 0.6427 -0.1839 -0.7437
vn 0.6253 -0.2920 -0.7237
vn 0.6241 -0.2980 -0.7223
vn 0.5681 -0.4947 -0.6576
vn 0.5648 -0.5035 -0.6538
vn 0.5280 -0.5898 -0.6110
vn -0.6425 -0.1839 -0.7439
vn -0.6240 -0.2980 -0.7224
vn -0.6252 -0.2920 -0.7238
vn -0.6424 -0.1839 -0.7439
vn -0.5681 -0.4947 -0.6576
vn -0.5648 -0.5035 -0.6538
vn -0.5280 -0.5899 -0.6110
vn 0.6536 0.0061 -0.7568
vn 0.6538 0.0061 -0.7566
vn -0.6535 0.0061 -0.7569
vn -0.6538 0.0062 -0.7566
vn 0.4106 0.7781 -0.4753
vn -0.4104 0.7782 -0.4754
vn -0.4106 0.7781 -0.4753
vn 0.3329 -0.8606 -0.3854
vn -0.3329 -0.8606 -0.3854
vn -0.3329 -0.8606 -0.3853
vn 0.3814 -0.8121 -0.4416
vn 0.3814 -0.8122 -0.4415
vn -0.3815 -0.8121 -0.4414
vn -0.3813 -0.8122 -0.4415
vn 0.3767 0.8174 -0.4359
vn 0.3766 0.8174 -0.4359
vn -0.3767 0.8174 -0.4358
vn -0.3765 0.8174 -0.4359
vn -0.9732 -0.2300 -0.0000
vn -0.9705 -0.2409 -0.0000
vn -0.9905 -0.1377 -0.0000
vn -0.9142 -0.4053 -0.0000
vn -0.9065 -0.4223 -0.0000
vn -0.8734 -0.4870 -0.0000
vn -0.6055 -0.7958 -0.0000
vn -0.6055 -0.7958 -0.0001
vn -0.7166 0.6975 -0.0000
vn -0.6776 -0.7354 -0.0000
vn -0.6776 0.7354 -0.0000
vn -0.6777 0.7354 -0.0000
vn 0.9953 -0.0973 -0.0000
vn 0.8251 0.5649 -0.0000
vn 0.8251 0.5650 -0.0000
vn 0.7948 -0.6068 -0.0000
vn 0.7662 -0.1542 -0.6238
vn 0.7502 -0.2535 -0.6107
vn 0.7515 -0.2473 -0.6117
vn 0.6966 -0.4395 -0.5672
vn 0.6623 -0.5204 -0.5390
vn -0.7663 -0.1543 -0.6237
vn -0.7512 -0.2473 -0.6120
vn -0.7500 -0.2535 -0.6110
vn -0.6967 -0.4395 -0.5670
vn -0.6622 -0.5204 -0.5391
vn 0.7757 0.0051 -0.6311
vn 0.7755 0.0051 -0.6313
vn -0.7754 0.0051 -0.6314
vn 0.5392 0.7187 -0.4390
vn -0.5396 0.7186 -0.4387
vn -0.5394 0.7187 -0.4389
vn 0.5060 -0.7578 -0.4120
vn 0.5062 -0.7578 -0.4118
vn -0.5060 -0.7577 -0.4120
vn 0.5004 0.7639 -0.4074
vn 0.5005 0.7640 -0.4073
vn -0.8251 0.5650 -0.0000
vn -0.7662 -0.1542 -0.6238
vn -0.7662 -0.1543 -0.6238
vn -0.7003 -0.4294 -0.5702
vn -0.6966 -0.4395 -0.5672
vn 0.7753 0.0051 -0.6315
vn 0.5392 0.7188 -0.4390
vn -0.5392 0.7188 -0.4390
vn 0.4487 -0.8157 -0.3652
vn 0.5061 -0.7578 -0.4118
vn 0.5061 -0.7578 -0.4119
vn -0.5061 -0.7577 -0.4119
vn 0.5003 0.7639 -0.4075
vn 0.5004 0.7640 -0.4073
vn -0.5005 0.7639 -0.4073
vn -0.7343 -0.6788 -0.0000
vn 0.9310 -0.3651 -0.0000
vn 0.7344 -0.6788 -0.0000
vn 0.7949 -0.6068 -0.0000
vn 0.7949 0.6068 -0.0000
vn 0.7662 -0.1542 -0.6239
vn 0.7514 -0.2473 -0.6117
vn 0.7005 -0.4294 -0.5700
vn 0.6967 -0.4395 -0.5669
vn -0.7513 -0.2473 -0.6118
vn -0.6966 -0.4395 -0.5671
vn -0.6623 -0.5204 -0.5390
vn 0.7754 0.0051 -0.6314
vn 0.5392 0.7186 -0.4391
vn 0.4486 -0.8157 -0.3653
vn -0.4487 -0.8157 -0.3653
vn -0.4485 -0.8157 -0.3653
vn -0.5004 0.7640 -0.4073
vn -0.7949 -0.6068 -0.0000
vn 0.9900 -0.1411 -0.0000
vn 0.9691 -0.2466 -0.0000
vn 0.9719 -0.2354 -0.0000
vn 0.9104 -0.4138 -0.0000
vn 0.9024 -0.4309 -0.0000
vn 0.8681 -0.4964 -0.0000
vn -0.0000 -0.2119 -0.9773
vn -0.0000 -0.2118 -0.9773
vn -0.0000 -0.3769 -0.9263
vn 0.5959 -0.8031 -0.0000
vn 0.5958 -0.8031 -0.0000
vn 0.7077 0.7065 -0.0000
vn 0.6682 -0.7439 -0.0000
vn 0.6683 -0.7439 -0.0000
vn 0.6683 0.7439 -0.0000
vn 0.6331 -0.1858 -0.7515
vn 0.6158 -0.2942 -0.7309
vn 0.6144 -0.3014 -0.7292
vn 0.5590 -0.4978 -0.6631
vn 0.5551 -0.5082 -0.6585
vn 0.5184 -0.5939 -0.6152
vn -0.6331 -0.1858 -0.7514
vn -0.6142 -0.3014 -0.7293
vn -0.6157 -0.2942 -0.7310
vn -0.5588 -0.4978 -0.6633
vn -0.5549 -0.5081 -0.6587
vn -0.5183 -0.5940 -0.6153
vn 0.6443 0.0062 -0.7647
vn 0.6444 0.0062 -0.7646
vn -0.6442 0.0062 -0.7648
vn 0.4021 0.7814 -0.4773
vn 0.4020 0.7814 -0.4773
vn -0.4020 0.7814 -0.4772
vn -0.4021 0.7814 -0.4773
vn 0.3255 -0.8630 -0.3865
vn 0.3255 -0.8630 -0.3864
vn -0.3255 -0.8630 -0.3864
vn -0.3256 -0.8630 -0.3864
vn 0.3733 -0.8151 -0.4430
vn 0.3732 -0.8151 -0.4430
vn -0.3733 -0.8151 -0.4430
vn -0.3732 -0.8151 -0.4432
vn 0.3686 0.8203 -0.4373
vn 0.3685 0.8203 -0.4374
vn -0.3685 0.8203 -0.4374
vn -0.3684 0.8203 -0.4374
vn -0.9719 -0.2354 -0.0000
vn -0.9691 -0.2466 -0.0000
vn -0.9900 -0.1411 -0.0000
vn -0.9104 -0.4138 -0.0000
vn -0.9024 -0.4309 -0.0000
vn -0.8681 -0.4964 -0.0000
vn -0.5959 -0.8031 -0.0000
vn -0.7077 0.7065 -0.0000
vn -0.6683 -0.7439 -0.0000
vn -0.6683 0.7439 -0.0000
vn -0.0000 -0.3716 0.9284
vn 0.7516 -0.2473 0.6115
vn 0.7503 -0.2536 0.6105
vn 0.7661 -0.1542 0.6240
vn 0.7660 -0.1542 0.6240
vn 0.7003 -0.4294 0.5702
vn 0.6966 -0.4395 0.5671
vn 0.6623 -0.5204 0.5391
vn 0.6623 -0.5203 0.5391
vn -0.7663 -0.1543 0.6237
vn -0.7499 -0.2535 0.6110
vn -0.7512 -0.2473 0.6120
vn -0.7003 -0.4294 0.5703
vn -0.6620 -0.5205 0.5393
vn 0.7757 0.0051 0.6311
vn 0.7755 0.0051 0.6313
vn -0.7754 0.0051 0.6315
vn -0.7752 0.0051 0.6317
vn 0.5391 0.7187 0.4392
vn 0.5392 0.7188 0.4389
vn 0.5390 0.7188 0.4391
vn 0.5393 0.7186 0.4391
vn -0.5393 0.7187 0.4389
vn 0.4487 -0.8157 0.3651
vn 0.4486 -0.8157 0.3652
vn -0.4488 -0.8156 0.3651
vn -0.4487 -0.8156 0.3653
vn 0.5059 -0.7578 0.4120
vn 0.5059 -0.7578 0.4121
vn 0.5060 -0.7578 0.4118
vn 0.5060 -0.7579 0.4118
vn -0.5060 -0.7578 0.4120
vn 0.5005 0.7639 0.4073
vn 0.5004 0.7639 0.4074
vn -0.5003 0.7639 0.4076
vn -0.5005 0.7639 0.4074
vn -0.7345 -0.6786 0.0001
vn -0.0000 -0.2116 0.9774
vn -0.0000 -0.3765 0.9264
vn 0.6775 -0.7355 -0.0000
vn 0.6776 0.7354 -0.0000
vn 0.6427 -0.1839 0.7438
vn 0.6241 -0.2980 0.7223
vn 0.6253 -0.2920 0.7237
vn 0.6426 -0.1839 0.7438
vn 0.5681 -0.4948 0.6576
vn 0.5649 -0.5035 0.6538
vn 0.5280 -0.5899 0.6110
vn -0.6253 -0.2920 0.7237
vn -0.6241 -0.2980 0.7223
vn -0.6424 -0.1839 0.7440
vn -0.5682 -0.4948 0.6576
vn -0.5649 -0.5035 0.6538
vn -0.5280 -0.5899 0.6110
vn 0.6536 0.0061 0.7568
vn 0.6539 0.0061 0.7566
vn -0.6535 0.0061 0.7569
vn -0.6538 0.0062 0.7566
vn 0.4106 0.7782 0.4753
vn 0.4106 0.7781 0.4753
vn -0.4106 0.7782 0.4753
vn -0.4104 0.7782 0.4754
vn 0.3329 -0.8606 0.3854
vn -0.3329 -0.8606 0.3854
vn 0.3814 -0.8121 0.4415
vn 0.3813 -0.8122 0.4416
vn -0.3815 -0.8121 0.4415
vn -0.3813 -0.8122 0.4415
vn 0.3767 0.8174 0.4359
vn 0.3765 0.8174 0.4359
vn -0.3766 0.8174 0.4359
vn -0.3766 0.8174 0.4358
vn 0.0002 1.0000 -0.0000
vn -0.6056 -0.7958 0.0001
vn 0.7515 -0.2473 0.6116
vn 0.7503 -0.2535 0.6106
vn 0.7662 -0.1542 0.6239
vn 0.7004 -0.4294 0.5702
vn -0.7500 -0.2535 0.6109
vn -0.7513 -0.2472 0.6119
vn -0.6968 -0.4395 0.5669
vn -0.6622 -0.5204 0.5391
vn -0.6622 -0.5204 0.5392
vn 0.7756 0.0051 0.6312
vn 0.7756 0.0051 0.6313
vn -0.7754 0.0051 0.6314
vn 0.5391 0.7188 0.4390
vn 0.4487 -0.8157 0.3652
vn 0.5060 -0.7578 0.4120
vn 0.5061 -0.7578 0.4118
vn -0.5059 -0.7578 0.4120
vn 0.5005 0.7640 0.4072
vn 0.5004 0.7639 0.4075
vn -0.0000 0.6839 0.7295
vn 0.7515 -0.2472 0.6116
vn 0.7661 -0.1542 0.6239
vn 0.6623 -0.5204 0.5390
vn -0.7661 -0.1542 0.6239
vn -0.7501 -0.2535 0.6108
vn -0.7514 -0.2473 0.6118
vn -0.7004 -0.4294 0.5702
vn -0.6966 -0.4395 0.5671
vn 0.5391 0.7187 0.4390
vn -0.4487 -0.8156 0.3652
vn 0.5060 -0.7578 0.4119
vn -0.5060 -0.7578 0.4119
vn 0.5005 0.7640 0.4073
vn 0.5003 0.7639 0.4076
vn 0.7515 -0.2472 0.6117
vn 0.7502 -0.2535 0.6106
vn 0.7005 -0.4294 0.5699
vn 0.6966 -0.4395 0.5672
vn -0.7662 -0.1542 0.6238
vn -0.7513 -0.2473 0.6119
vn -0.7004 -0.4294 0.5701
vn -0.6967 -0.4395 0.5670
vn -0.6623 -0.5204 0.5390
vn 0.7754 0.0051 0.6315
vn 0.5391 0.7187 0.4391
vn -0.5392 0.7187 0.4391
vn 0.4486 -0.8157 0.3653
vn -0.4486 -0.8157 0.3653
vn -0.5004 0.7640 0.4073
vn -0.0000 -0.2119 0.9773
vn -0.0000 -0.3769 0.9263
vn 0.6330 -0.1858 0.7515
vn 0.6145 -0.3014 0.7291
vn 0.6159 -0.2942 0.7308
vn 0.5590 -0.4979 0.6631
vn 0.5551 -0.5082 0.6585
vn 0.5184 -0.5940 0.6152
vn 0.5184 -0.5939 0.6152
vn -0.6157 -0.2942 0.7310
vn -0.6143 -0.3014 0.7293
vn -0.6331 -0.1858 0.7515
vn -0.5588 -0.4978 0.6632
vn -0.5550 -0.5082 0.6586
vn -0.5183 -0.5940 0.6153
vn 0.6443 0.0062 0.7647
vn 0.6444 0.0062 0.7646
vn -0.6442 0.0062 0.7649
vn -0.6442 0.0062 0.7648
vn 0.4020 0.7814 0.4773
vn -0.4020 0.7814 0.4773
vn 0.3254 -0.8630 0.3864
vn 0.3255 -0.8630 0.3865
vn -0.3255 -0.8630 0.3864
vn 0.3732 -0.8151 0.4431
vn -0.3733 -0.8151 0.4431
vn -0.3732 -0.8151 0.4432
vn 0.3686 0.8203 0.4373
vn 0.3685 0.8203 0.4374
vn -0.3684 0.8203 0.4375
vn -0.3685 0.8203 0.4374
vn -0.6684 0.7438 -0.0000
vn -0.0000 -0.4964 -0.8681
vn 0.9773 -0.2119 -0.0000
vn 0.9263 -0.3769 -0.0000
vn 0.7296 -0.6839 -0.0000
vn -0.0000 0.7439 -0.6682
vn 0.7516 -0.1858 -0.6329
vn 0.7293 -0.3013 -0.6143
vn 0.7310 -0.2942 -0.6157
vn 0.7517 -0.1858 -0.6329
vn 0.6633 -0.4978 -0.5587
vn 0.6587 -0.5082 -0.5549
vn 0.6152 -0.5940 -0.5184
vn 0.7312 -0.2942 0.6155
vn 0.7294 -0.3014 0.6141
vn 0.7517 -0.1858 0.6328
vn 0.6634 -0.4978 0.5587
vn 0.6587 -0.5082 0.5548
vn 0.6153 -0.5940 0.5183
vn 0.7647 0.0062 -0.6444
vn 0.7647 0.0062 -0.6443
vn 0.7649 0.0062 0.6441
vn 0.7647 0.0062 0.6443
vn 0.4772 0.7814 -0.4021
vn 0.4773 0.7815 -0.4018
vn 0.4772 0.7814 0.4021
vn 0.4774 0.7814 0.4018
vn 0.3864 -0.8630 -0.3254
vn 0.3864 -0.8630 -0.3255
vn 0.3865 -0.8630 0.3254
vn 0.3864 -0.8630 0.3256
vn 0.4431 -0.8151 -0.3732
vn 0.4431 -0.8150 -0.3734
vn 0.4431 -0.8151 0.3732
vn 0.4431 -0.8150 0.3733
vn 0.4375 0.8203 -0.3683
vn 0.4373 0.8202 -0.3687
vn 0.4374 0.8202 -0.3687
vn 0.4374 0.8203 -0.3684
vn 0.4376 0.8203 0.3682
vn 0.4374 0.8202 0.3686
vn 0.4375 0.8203 0.3684
vn -0.0000 -0.1411 0.9900
vn 0.7517 -0.1858 -0.6328
vn 0.7292 -0.3013 -0.6144
vn 0.7309 -0.2942 -0.6158
vn 0.6633 -0.4978 0.5587
vn 0.6587 -0.5082 0.5549
vn 0.6152 -0.5940 0.5183
vn 0.7649 0.0062 0.6442
vn 0.7647 0.0062 0.6444
vn 0.4774 0.7814 -0.4018
vn 0.4772 0.7814 0.4022
vn 0.4774 0.7815 0.4018
vn 0.4432 -0.8150 0.3732
vn 0.4376 0.8203 0.3683
vn 0.4374 0.8202 0.3687
vn 0.9952 -0.0974 -0.0000
vn 0.7344 -0.6787 -0.0000
vn 0.7512 -0.2473 0.6120
vn 0.7508 -0.2506 0.6112
vn 0.7664 -0.1543 0.6236
vn 0.7000 -0.4294 0.5706
vn 0.6984 -0.4345 0.5687
vn 0.6621 -0.5205 0.5392
vn 0.6621 -0.5205 0.5391
vn 0.7753 0.0051 0.6316
vn 0.5060 -0.7579 0.4119
vn 0.5002 0.7640 0.4076
vn 0.5395 0.7188 0.4385
vn 0.5393 0.7187 0.4389
vn 0.4489 -0.8157 0.3649
vn -0.0000 -0.7505 0.6608
vn 0.7665 -0.1542 0.6234
vn 0.7666 -0.1542 0.6234
vn 0.7508 -0.2505 0.6112
vn 0.7504 -0.2535 0.6105
vn 0.6968 -0.4394 0.5669
vn 0.6625 -0.5204 0.5387
vn 0.7758 0.0051 0.6310
vn 0.5062 -0.7578 0.4118
vn 0.5001 0.7640 0.4077
vn 0.5393 0.7188 0.4388
vn 0.5390 0.7187 0.4392
vn 0.5393 0.7187 0.4388
vn 0.4485 -0.8158 0.3652
vn 0.4488 -0.8157 0.3649
vn 0.4485 -0.8157 0.3653
vn 0.9953 -0.0974 -0.0000
vn 0.7664 -0.1542 -0.6235
vn 0.7508 -0.2505 -0.6112
vn 0.7513 -0.2473 -0.6119
vn 0.7665 -0.1542 -0.6235
vn 0.7001 -0.4294 -0.5705
vn 0.6984 -0.4345 -0.5687
vn 0.6622 -0.5204 -0.5391
vn 0.7754 0.0051 -0.6315
vn 0.5058 -0.7578 -0.4122
vn 0.5060 -0.7578 -0.4118
vn 0.5002 0.7640 -0.4075
vn 0.5006 0.7639 -0.4073
vn 0.5394 0.7187 -0.4388
vn 0.5394 0.7186 -0.4389
vn 0.5395 0.7187 -0.4386
vn 0.5395 0.7188 -0.4385
vn 0.4487 -0.8156 -0.3653
vn 0.4489 -0.8157 -0.3649
vn -0.0000 -0.7505 -0.6608
vn 0.7503 -0.2535 -0.6105
vn 0.7665 -0.1542 -0.6234
vn 0.6984 -0.4344 -0.5687
vn 0.6968 -0.4395 -0.5668
vn 0.6624 -0.5203 -0.5389
vn 0.6624 -0.5203 -0.5390
vn 0.7756 0.0051 -0.6313
vn 0.5061 -0.7577 -0.4119
vn 0.5003 0.7639 -0.4076
vn 0.5004 0.7640 -0.4074
vn 0.5391 0.7187 -0.4392
vn 0.5393 0.7188 -0.4388
vn 0.4485 -0.8157 -0.3652
vn 0.4485 -0.8157 -0.3653
vn -0.5003 0.7640 0.4075
vn -0.5007 0.7639 0.4072
vn -0.5004 0.7639 0.4076
vn -0.7503 -0.2536 0.6106
vn -0.7508 -0.2505 0.6111
vn -0.7661 -0.1541 0.6240
vn -0.6985 -0.4344 0.5686
vn -0.7758 0.0051 0.6310
vn -0.7756 0.0051 0.6313
vn -0.5061 -0.7578 0.4118
vn -0.5061 -0.7578 0.4117
vn -0.5060 -0.7577 0.4120
vn -0.5005 0.7639 0.4073
vn -0.7508 -0.2506 -0.6111
vn -0.7005 -0.4294 -0.5699
vn -0.6623 -0.5203 -0.5391
vn -0.6623 -0.5203 -0.5392
vn -0.5059 -0.7579 -0.4119
vn -0.5003 0.7639 -0.4076
vn -0.5005 0.7639 -0.4074
vn -0.5004 0.7640 -0.4074
vn -0.4486 -0.8157 -0.3652
vn -0.7661 -0.1542 -0.6239
vn -0.7502 -0.2536 -0.6107
vn -0.7514 -0.1858 -0.6331
vn -0.7514 -0.1858 -0.6332
vn -0.7309 -0.2942 -0.6158
vn -0.7292 -0.3014 -0.6143
vn -0.7514 -0.1858 0.6331
vn -0.7294 -0.3014 0.6141
vn -0.7311 -0.2942 0.6156
vn -0.6153 -0.5939 0.5183
vn -0.4431 -0.8151 -0.3733
vn -0.4431 -0.8151 0.3733
vn -0.4374 0.8203 -0.3684
vn -0.7515 -0.1858 0.6331
vn -0.7648 0.0062 0.6442
vn -0.4773 0.7814 -0.4021
vn 0.6965 -0.4395 -0.5672
vn -0.7501 -0.2535 -0.6109
vn -0.7753 0.0051 -0.6316
vn 0.5391 0.7188 -0.4391
vn -0.5393 0.7187 -0.4390
vn 0.4486 -0.8157 -0.3651
vn -0.4487 -0.8157 -0.3651
vn 0.5061 -0.7579 -0.4117
vn -0.5003 0.7639 -0.4075
vn 0.9705 -0.2410 -0.0000
vn 0.5681 -0.4947 -0.6577
vn 0.5648 -0.5034 -0.6539
vn 0.5280 -0.5899 -0.6110
vn 0.6537 0.0061 -0.7568
vn -0.6538 0.0062 -0.7567
vn -0.6536 0.0061 -0.7569
vn 0.4107 0.7781 -0.4753
vn -0.4105 0.7781 -0.4754
vn 0.3329 -0.8606 -0.3853
vn -0.3813 -0.8121 -0.4416
vn 0.3767 0.8175 -0.4358
vn -0.3765 0.8175 -0.4359
vn -0.6056 -0.7958 -0.0000
vn 0.5006 0.7640 -0.4071
vn 0.7502 -0.2535 -0.6106
vn -0.7756 0.0051 -0.6313
vn 0.5392 0.7187 -0.4389
vn 0.5059 -0.7578 -0.4120
vn 0.5060 -0.7578 -0.4119
vn 0.5003 0.7640 -0.4075
vn 0.5392 0.7187 -0.4391
vn 0.4487 -0.8157 -0.3653
vn 0.6330 -0.1858 -0.7515
vn 0.6159 -0.2942 -0.7308
vn 0.6144 -0.3014 -0.7291
vn 0.5589 -0.4978 -0.6632
vn 0.5551 -0.5081 -0.6586
vn -0.6330 -0.1858 -0.7515
vn -0.6331 -0.1858 -0.7515
vn 0.4021 0.7814 -0.4772
vn -0.3733 -0.8151 -0.4431
vn -0.3732 -0.8151 -0.4431
vn -0.9719 -0.2355 -0.0000
vn -0.7002 -0.4294 0.5703
vn -0.6965 -0.4395 0.5673
vn -0.4488 -0.8156 0.3652
vn 0.5061 -0.7579 0.4118
vn 0.5060 -0.7579 0.4117
vn 0.5003 0.7640 0.4075
vn 0.5006 0.7640 0.4072
vn -0.7345 -0.6787 0.0001
vn 0.6242 -0.2980 0.7222
vn 0.6254 -0.2920 0.7236
vn 0.5681 -0.4947 0.6576
vn -0.6252 -0.2920 0.7238
vn -0.6240 -0.2980 0.7223
vn -0.5682 -0.4947 0.6576
vn 0.6538 0.0061 0.7566
vn -0.4105 0.7782 0.4753
vn -0.4104 0.7781 0.4754
vn 0.3814 -0.8122 0.4415
vn -0.3813 -0.8122 0.4416
vn 0.3767 0.8174 0.4358
vn -0.3765 0.8174 0.4359
vn -0.7165 0.6975 -0.0000
vn 0.5392 0.7187 0.4390
vn -0.5004 0.7639 0.4074
vn -0.5391 0.7187 0.4391
vn 0.5004 0.7640 0.4073
vn 0.5003 0.7639 0.4075
vn 0.6968 -0.4395 0.5669
vn -0.7662 -0.1542 0.6239
vn 0.5006 0.7640 0.4070
vn 0.6682 0.7439 -0.0000
vn 0.5590 -0.4978 0.6631
vn 0.5551 -0.5081 0.6585
vn -0.6330 -0.1858 0.7515
vn -0.5589 -0.4978 0.6632
vn 0.6444 0.0062 0.7647
vn 0.3255 -0.8630 0.3864
vn 0.3733 -0.8151 0.4431
vn -0.3732 -0.8151 0.4431
vn 0.6152 -0.5939 -0.5184
vn 0.7311 -0.2942 0.6155
vn 0.7648 0.0062 -0.6443
vn 0.7648 0.0062 0.6442
vn 0.4773 0.7814 -0.4021
vn 0.4771 0.7814 0.4022
vn 0.4432 -0.8151 -0.3732
vn 0.4432 -0.8151 0.3732
vn 0.4433 -0.8152 0.3728
vn 0.4432 -0.8150 0.3733
vn 0.4376 0.8203 -0.3683
vn 0.4375 0.8203 -0.3684
vn 0.4375 0.8201 -0.3688
vn 0.4376 0.8203 0.3684
vn 0.7645 0.0063 0.6445
vn 0.7648 0.0062 0.6443
vn 0.4773 0.7815 0.4019
vn 0.4773 0.7814 0.4021
vn 0.4374 0.8201 0.3688
vn 0.4373 0.8202 0.3688
vn 0.7513 -0.2473 0.6119
vn 0.7662 -0.1542 0.6238
vn 0.6622 -0.5205 0.5391
vn 0.7664 -0.1542 0.6236
vn 0.7508 -0.2504 0.6112
vn 0.7504 -0.2535 0.6104
vn 0.6968 -0.4395 0.5668
vn 0.6624 -0.5203 0.5389
vn 0.5061 -0.7577 0.4120
vn 0.5059 -0.7577 0.4122
vn 0.5006 0.7639 0.4072
vn 0.5002 0.7639 0.4076
vn 0.7663 -0.1542 -0.6237
vn 0.7508 -0.2506 -0.6112
vn 0.7513 -0.2473 -0.6118
vn 0.7757 0.0052 -0.6311
vn 0.5059 -0.7578 -0.4122
vn 0.5060 -0.7579 -0.4118
vn 0.5006 0.7639 -0.4071
vn 0.5394 0.7187 -0.4389
vn 0.5395 0.7187 -0.4385
vn 0.4487 -0.8156 -0.3652
vn 0.5002 0.7639 -0.4077
vn 0.5393 0.7187 -0.4388
vn 0.4488 -0.8157 -0.3650
vt 0.167400 0.876000
vt 0.165500 0.874600
vt 0.114300 0.874600
vt 0.165500 0.993800
vt 0.167400 0.992400
vt 0.055500 0.993800
vt 0.055500 0.919000
vt 0.500600 0.767200
vt 0.685900 0.767200
vt 0.685900 0.012200
vt 0.500300 0.012200
vt 0.255800 0.767200
vt 0.497100 0.767200
vt 0.497500 0.012200
vt 0.255800 0.012200
vt 0.759200 0.889700
vt 0.696700 0.889700
vt 0.698800 0.910000
vt 0.761400 0.910000
vt 0.706000 0.938300
vt 0.768500 0.938300
vt 0.715100 0.960000
vt 0.777600 0.960000
vt 0.812100 0.889200
vt 0.809800 0.909600
vt 0.965900 0.909600
vt 0.963700 0.889200
vt 0.973000 0.937900
vt 0.802700 0.937900
vt 0.982100 0.959600
vt 0.793600 0.959600
vt 0.175500 0.972600
vt 0.309500 0.972600
vt 0.309500 0.958900
vt 0.175400 0.958900
vt 0.793700 0.973300
vt 0.982000 0.973300
vt 0.252500 0.767200
vt 0.151000 0.767200
vt 0.158500 0.779000
vt 0.252400 0.779000
vt 0.255900 0.779000
vt 0.496900 0.779300
vt 0.701100 0.883600
vt 0.763400 0.883600
vt 0.807900 0.883200
vt 0.967900 0.883200
vt 0.777500 0.973700
vt 0.715100 0.973700
vt 0.720600 0.980600
vt 0.782900 0.980600
vt 0.788400 0.980100
vt 0.987400 0.980100
vt 0.715100 0.987500
vt 0.777300 0.987500
vt 0.793900 0.987000
vt 0.981800 0.987000
vt 0.975400 0.936800
vt 0.984900 0.958900
vt 0.968600 0.909000
vt 0.966400 0.890200
vt 0.252800 0.012200
vt 0.807300 0.909000
vt 0.809500 0.890200
vt 0.800200 0.936700
vt 0.791000 0.958900
vt 0.984800 0.972100
vt 0.791200 0.972100
vt 0.970500 0.885700
vt 0.805200 0.885700
vt 0.500500 0.779300
vt 0.990700 0.980100
vt 0.786000 0.980100
vt 0.984200 0.989600
vt 0.791600 0.989600
vt 0.978700 0.844000
vt 0.740700 0.844000
vt 0.752100 0.867300
vt 0.967400 0.867300
vt 0.734400 0.844000
vt 0.723100 0.867300
vt 0.656100 0.844000
vt 0.634400 0.867800
vt 0.983300 0.843300
vt 0.983000 0.866500
vt 0.979000 0.831800
vt 0.740400 0.831800
vt 0.740400 0.839800
vt 0.979000 0.839800
vt 0.734700 0.831800
vt 0.734700 0.839800
vt 0.660500 0.831800
vt 0.660500 0.839800
vt 0.984700 0.831800
vt 0.984700 0.839800
vt 0.751200 0.869900
vt 0.968200 0.870500
vt 0.636200 0.870400
vt 0.723900 0.869900
vt 0.983000 0.870200
vt 0.503600 0.809700
vt 0.503600 0.817900
vt 0.745000 0.817900
vt 0.745000 0.809700
vt 0.747900 0.817900
vt 0.747900 0.809700
vt 0.329200 0.809700
vt 0.329200 0.817900
vt 0.500700 0.817900
vt 0.500700 0.809700
vt 0.255700 0.006200
vt 0.252700 0.006200
vt 0.497400 0.006200
vt 0.155000 0.006200
vt 0.151000 0.012200
vt 0.500200 0.006200
vt 0.683300 0.006200
vt 0.978700 0.827600
vt 0.983300 0.827600
vt 0.740700 0.827600
vt 0.734400 0.827600
vt 0.656100 0.827600
vt 0.009500 0.827600
vt 0.007500 0.831800
vt 0.176100 0.831800
vt 0.177400 0.827600
vt 0.309500 0.908900
vt 0.309500 0.888500
vt 0.193900 0.888500
vt 0.191600 0.908900
vt 0.309500 0.937200
vt 0.184500 0.937200
vt 0.681200 0.779000
vt 0.309500 0.882500
vt 0.189700 0.882500
vt 0.309500 0.979400
vt 0.170100 0.979400
vt 0.175700 0.986300
vt 0.309500 0.986300
vt 0.177400 0.844200
vt 0.009500 0.844700
vt 0.018500 0.868200
vt 0.183000 0.868300
vt 0.007500 0.839800
vt 0.176100 0.839800
vt 0.182200 0.870900
vt 0.016800 0.870800
vt 0.204900 0.908900
vt 0.207100 0.888500
vt 0.197800 0.937200
vt 0.188700 0.958900
vt 0.520100 0.779200
vt 0.522000 0.767200
vt 0.202600 0.882500
vt 0.183100 0.979400
vt 0.188700 0.972600
vt 0.188700 0.986300
vt 0.037400 0.868200
vt 0.025600 0.844700
vt 0.020500 0.839800
vt 0.020500 0.831800
vt 0.035600 0.870900
vt 0.522000 0.012200
vt 0.521000 0.006200
vt 0.827300 0.809700
vt 0.827300 0.817900
vt 0.154900 0.993800
vt 0.484200 0.817900
vt 0.484200 0.809700
vt 0.025600 0.827600
vt 0.010900 0.874600
vt 0.009100 0.992400
vt 0.009100 0.876000
vt 0.010900 0.993800
vt 0.741800 0.767200
vt 0.742100 0.012200
vt 0.745100 0.767200
vt 0.986500 0.767200
vt 0.986800 0.012200
vt 0.745100 0.012200
vt 0.011200 0.767200
vt 0.010900 0.012200
vt 0.347700 0.908900
vt 0.345500 0.888500
vt 0.354800 0.937200
vt 0.363900 0.958900
vt 0.398800 0.888100
vt 0.396500 0.908400
vt 0.552600 0.908400
vt 0.550400 0.888100
vt 0.559700 0.936700
vt 0.389400 0.936700
vt 0.568800 0.958400
vt 0.380300 0.958400
vt 0.607600 0.889700
vt 0.605300 0.910000
vt 0.598200 0.938300
vt 0.589100 0.960000
vt 0.363800 0.972600
vt 0.380400 0.972100
vt 0.568700 0.972100
vt 0.589200 0.973700
vt 0.741800 0.779000
vt 0.745300 0.779200
vt 0.995900 0.779100
vt 0.011100 0.779000
vt 0.349700 0.882500
vt 0.394600 0.882000
vt 0.554600 0.882000
vt 0.603400 0.883600
vt 0.369200 0.979400
vt 0.375100 0.979000
vt 0.574100 0.979000
vt 0.583900 0.980600
vt 0.363600 0.986300
vt 0.380600 0.985900
vt 0.568500 0.985900
vt 0.589400 0.987500
vt 0.007900 0.767200
vt 0.007900 0.012200
vt 0.350300 0.908300
vt 0.348000 0.889500
vt 0.357400 0.936000
vt 0.366500 0.958200
vt 0.602800 0.909400
vt 0.605000 0.890700
vt 0.595700 0.937200
vt 0.586500 0.959300
vt 0.366300 0.971400
vt 0.586700 0.972600
vt 0.352300 0.885000
vt 0.600700 0.886200
vt 0.007800 0.778900
vt 0.371600 0.979400
vt 0.581500 0.980600
vt 0.366000 0.988900
vt 0.587100 0.990000
vt 0.496400 0.844000
vt 0.507700 0.868500
vt 0.490000 0.844000
vt 0.478700 0.868500
vt 0.252100 0.844000
vt 0.263400 0.868300
vt 0.245700 0.844000
vt 0.234400 0.868300
vt 0.496100 0.831800
vt 0.496100 0.839800
vt 0.490300 0.831800
vt 0.490300 0.839800
vt 0.251800 0.831800
vt 0.251800 0.839800
vt 0.246000 0.831800
vt 0.246000 0.839800
vt 0.506900 0.871100
vt 0.262600 0.870900
vt 0.479600 0.871100
vt 0.235200 0.870900
vt 0.989300 0.817900
vt 0.989300 0.809700
vt 0.992200 0.817900
vt 0.992200 0.809700
vt 0.015000 0.809700
vt 0.015000 0.817900
vt 0.256400 0.817900
vt 0.256400 0.809700
vt 0.259300 0.817900
vt 0.259300 0.809700
vt 0.011000 0.006200
vt 0.007900 0.006200
vt 0.742000 0.006200
vt 0.745000 0.006200
vt 0.991700 0.006200
vt 0.496400 0.827600
vt 0.490000 0.827600
vt 0.252100 0.827600
vt 0.245700 0.827600
vt 0.533700 0.908400
vt 0.533700 0.888100
vt 0.533700 0.936700
vt 0.533700 0.958400
vt 0.963200 0.779100
vt 0.961900 0.767200
vt 0.533700 0.882000
vt 0.533700 0.979000
vt 0.533700 0.972100
vt 0.533700 0.985900
vt 0.607100 0.889900
vt 0.605000 0.909900
vt 0.597800 0.938100
vt 0.588700 0.959900
vt 0.588800 0.973500
vt 0.583400 0.980600
vt 0.589000 0.988000
vt 0.447600 0.674200
vt 0.427000 0.674200
vt 0.443900 0.691100
vt 0.447600 0.691100
vt 0.445700 0.692900
vt 0.602800 0.884200
vt 0.010700 0.767200
vt 0.010400 0.779000
vt 0.009100 0.897600
vt 0.010500 0.874900
vt 0.040600 0.897600
vt 0.828700 0.959600
vt 0.828700 0.973300
vt 0.167400 0.897600
vt 0.828700 0.909600
vt 0.828700 0.889200
vt 0.828700 0.937900
vt 0.287400 0.779000
vt 0.280300 0.767200
vt 0.828700 0.883200
vt 0.828700 0.980100
vt 0.828700 0.987000
vt 0.277300 0.674200
vt 0.277300 0.691100
vt 0.445300 0.693300
vt 0.279500 0.693300
s 0
f 1/1/1 2/2/1 3/3/1
f 1/1/1 3/3/1 4/4/1
f 5/5/1 1/1/1 4/4/1
f 3/3/1 6/6/1 4/4/1
f 3/3/1 7/7/1 6/6/1
f 8/8/2 9/9/2 10/10/2
f 8/8/2 10/10/2 11/11/2
f 12/12/3 13/13/3 14/14/3
f 12/12/3 14/14/3 15/15/3
s 1
f 16/16/4 17/17/4 18/18/5
f 16/16/4 18/18/5 19/19/6
f 19/19/6 18/18/5 20/20/7
f 19/19/6 20/20/7 21/21/8
f 21/21/8 20/20/7 22/22/9
f 21/21/8 22/22/9 23/23/9
f 24/24/10 25/25/11 26/26/11
f 24/24/10 26/26/11 27/27/10
f 25/25/11 28/28/12 26/26/11
f 25/25/11 29/29/12 28/28/12
f 29/29/12 30/30/13 28/28/12
f 29/29/12 31/31/13 30/30/13
s 0
f 32/32/2 33/33/2 34/34/2
f 32/32/2 34/34/2 35/35/2
f 36/36/3 37/37/3 38/30/3
f 36/36/3 38/30/3 39/31/3
f 40/38/14 41/39/14 42/40/14
f 40/38/14 42/40/14 43/41/14
f 44/12/15 45/42/15 46/43/15
f 44/12/16 46/43/16 47/13/16
f 48/44/17 49/17/17 50/16/17
f 48/44/17 50/16/17 51/45/17
f 52/46/18 53/24/18 54/27/18
f 52/46/18 54/27/18 55/47/18
f 56/48/19 57/49/19 58/50/19
f 56/48/19 58/50/19 59/51/19
f 60/36/20 61/52/20 62/53/20
f 60/36/21 62/53/21 63/37/21
f 64/50/22 65/54/22 66/55/22
f 64/50/22 66/55/22 67/51/22
f 68/52/23 69/56/23 70/57/23
f 68/52/23 70/57/23 71/53/23
s 1
f 72/58/24 73/28/25 74/30/26
f 72/58/24 74/30/26 75/59/27
f 73/28/25 72/58/24 76/60/28
f 73/28/25 76/60/28 77/26/28
f 78/61/29 77/26/28 76/60/28
f 78/61/29 79/27/29 77/26/28
s 0
f 80/38/30 81/12/30 82/15/30
f 80/38/31 82/15/31 83/62/31
f 84/11/32 85/14/32 86/13/32
f 84/11/33 86/13/33 87/8/33
s 1
f 88/63/34 89/25/34 90/24/35
f 88/63/34 90/24/35 91/64/35
f 92/65/36 89/25/34 88/63/34
f 92/65/36 93/29/37 89/25/34
f 94/66/38 93/29/37 92/65/36
f 94/66/38 95/31/38 93/29/37
s 0
f 96/37/39 97/67/39 98/59/39
f 96/37/40 98/59/40 99/30/40
f 100/68/41 101/36/41 102/31/41
f 100/68/42 102/31/42 103/66/42
f 104/69/43 105/47/43 106/27/43
f 104/69/44 106/27/44 107/61/44
f 108/46/45 109/70/45 110/64/45
f 108/46/46 110/64/46 111/24/46
f 112/8/47 113/13/47 114/43/47
f 112/8/48 114/43/48 115/71/48
f 116/12/49 117/38/49 118/41/49
f 116/12/50 118/41/50 119/42/50
f 120/53/51 121/72/51 122/67/51
f 120/53/52 122/67/52 123/37/52
f 124/73/53 125/52/53 126/36/53
f 124/73/54 126/36/54 127/68/54
f 128/57/55 129/74/55 130/72/55
f 128/57/56 130/72/56 131/53/56
f 132/75/57 133/56/57 134/52/57
f 132/75/58 134/52/58 135/73/58
f 136/76/59 137/77/59 138/78/59
s 1
f 136/76/59 138/78/59 139/79/59
s 0
f 140/77/60 141/80/60 142/81/60
f 140/77/61 142/81/61 143/78/61
f 144/81/62 145/80/62 146/82/62
f 144/81/62 146/82/62 147/83/62
f 148/84/63 149/76/63 150/79/63
f 148/84/64 150/79/64 151/85/64
f 152/86/3 153/87/3 154/88/3
f 152/86/3 154/88/3 155/89/3
f 156/87/65 157/90/65 158/91/65
f 156/87/65 158/91/65 159/88/65
f 160/90/66 161/92/66 162/93/66
f 160/90/66 162/93/66 163/91/66
f 164/94/67 165/86/67 166/89/67
f 164/94/67 166/89/67 167/95/67
f 168/78/68 169/96/68 170/97/68
f 168/78/69 170/97/69 171/79/69
f 172/81/70 173/83/70 174/98/70
f 172/81/71 174/98/71 175/99/71
f 176/79/72 177/97/72 178/100/72
s 1
f 176/79/73 178/100/73 179/85/73
s 0
f 180/81/74 181/99/74 182/96/74
s 1
f 180/81/75 182/96/75 183/78/75
s 0
f 184/101/3 185/102/3 186/103/3
f 184/101/3 186/103/3 187/104/3
f 188/104/76 189/103/76 190/105/76
f 188/104/76 190/105/76 191/106/76
f 192/107/2 193/108/2 194/109/2
f 192/107/2 194/109/2 195/110/2
f 196/110/77 197/109/77 198/102/77
f 196/110/77 198/102/77 199/101/77
s 1
f 200/111/78 201/15/79 202/14/80
f 203/112/81 201/15/79 200/111/78
f 200/111/78 202/14/80 204/113/82
f 203/112/81 205/62/83 201/15/79
f 206/114/84 205/62/83 203/112/81
f 206/114/84 207/115/84 205/62/83
f 204/113/82 202/14/80 208/11/85
f 204/113/82 208/11/85 209/116/86
f 210/117/87 209/116/86 208/11/85
f 210/117/87 208/11/85 211/10/87
s 0
f 212/89/1 213/88/1 214/77/1
f 212/89/1 214/77/1 215/76/1
f 216/95/88 212/89/88 215/76/88
f 216/95/1 215/76/1 217/84/1
f 213/88/1 218/80/1 214/77/1
f 213/88/1 219/91/1 218/80/1
f 218/80/1 219/91/1 220/93/1
f 218/80/1 220/93/1 221/82/1
f 222/87/89 223/86/89 224/118/89
f 223/86/89 225/119/89 224/118/89
f 223/86/89 226/94/89 225/119/89
f 222/87/89 224/118/89 227/120/89
f 228/90/89 222/87/89 227/120/89
f 228/90/89 227/120/89 229/121/89
f 230/92/89 228/90/89 229/121/89
f 230/92/89 229/121/89 231/122/89
f 232/123/89 233/124/89 234/125/89
f 232/123/89 234/125/89 235/126/89
s 1
f 236/127/90 237/128/91 238/129/91
f 236/127/90 238/129/91 239/130/92
f 240/131/93 236/127/90 239/130/92
f 240/131/93 239/130/92 241/132/94
f 242/34/95 240/131/93 241/132/94
f 242/34/95 241/132/94 243/35/95
s 0
f 244/133/96 245/9/96 246/8/96
f 244/133/96 246/8/96 247/71/96
f 248/134/97 249/135/97 250/129/97
f 248/134/97 250/129/97 251/128/97
f 252/136/98 253/33/98 254/32/98
f 252/136/98 254/32/98 255/137/98
f 256/136/99 257/137/99 258/138/99
f 256/136/99 258/138/99 259/139/99
f 260/140/100 261/141/100 262/142/100
f 260/140/100 262/142/100 263/143/100
f 264/125/2 265/124/2 266/144/2
f 264/125/2 266/144/2 267/145/2
f 268/146/101 269/143/101 270/142/101
f 268/146/101 270/142/101 271/147/101
f 272/145/1 273/144/1 274/141/1
f 272/145/1 274/141/1 275/140/1
s 1
f 276/127/90 277/148/102 278/149/91
f 276/127/90 278/149/91 279/128/91
f 280/131/93 277/148/102 276/127/90
f 280/131/93 281/150/103 277/148/102
f 282/34/95 281/150/103 280/131/93
f 282/34/95 283/151/95 281/150/103
f 284/133/96 285/152/96 286/153/96
s 0
f 284/133/96 286/153/96 287/9/96
f 288/149/97 289/154/97 290/134/97
f 288/149/97 290/134/97 291/128/97
f 292/136/98 293/155/98 294/156/98
f 292/136/98 294/156/98 295/33/98
f 296/157/99 297/155/99 298/136/99
f 296/157/99 298/136/99 299/139/99
f 300/158/100 301/159/100 302/140/100
f 300/158/100 302/140/100 303/143/100
f 304/160/2 305/161/2 306/125/2
f 304/160/2 306/125/2 307/145/2
f 308/146/104 309/162/104 310/158/104
f 308/146/101 310/158/101 311/143/101
f 312/163/105 313/164/105 314/117/105
f 312/163/105 314/117/105 315/10/105
f 316/159/1 317/160/1 318/145/1
f 316/159/1 318/145/1 319/140/1
f 320/39/66 321/38/66 322/62/66
f 320/39/66 322/62/66 323/115/66
f 324/49/66 325/48/66 326/23/66
f 324/49/66 326/23/66 327/22/66
f 328/165/66 329/106/66 330/105/66
f 328/165/66 330/105/66 331/166/66
f 332/7/1 333/167/1 334/6/1
f 335/163/2 336/10/2 337/9/2
f 335/163/2 337/9/2 338/153/2
f 339/151/2 340/34/2 341/33/2
f 339/151/2 341/33/2 342/156/2
f 343/168/2 344/108/2 345/107/2
f 343/168/2 345/107/2 346/169/2
f 347/170/89 348/126/89 349/125/89
f 347/170/89 349/125/89 350/161/89
f 351/4/1 352/6/1 353/7/1
f 351/4/1 353/7/1 354/1/1
f 355/5/1 351/4/1 354/1/1
f 353/7/1 356/2/1 354/1/1
f 353/7/1 357/3/1 356/2/1
f 358/10/106 359/9/106 360/8/106
f 358/10/106 360/8/106 361/11/106
f 362/14/66 363/13/66 364/12/66
f 362/14/66 364/12/66 365/15/66
s 1
f 366/16/107 367/19/11 368/18/108
f 366/16/107 368/18/108 369/17/10
f 367/19/11 370/20/109 368/18/108
f 367/19/11 371/21/110 370/20/109
f 371/21/110 372/22/111 370/20/109
f 371/21/110 373/23/112 372/22/111
f 374/26/6 375/25/6 376/24/4
f 374/26/6 376/24/4 377/27/4
f 378/28/113 375/25/6 374/26/6
f 378/28/113 379/29/113 375/25/6
f 380/30/114 379/29/113 378/28/113
f 380/30/114 381/31/114 379/29/113
s 0
f 382/34/106 383/33/106 384/32/106
f 382/34/106 384/32/106 385/35/106
f 386/30/66 387/37/66 388/36/66
f 386/30/66 388/36/66 389/31/66
f 390/38/115 391/41/115 392/40/115
f 390/38/115 392/40/115 393/39/115
f 394/43/116 395/42/116 396/12/116
f 394/43/116 396/12/116 397/13/116
f 398/16/18 399/17/18 400/44/18
f 398/16/18 400/44/18 401/45/18
f 402/27/117 403/24/117 404/46/117
f 402/27/117 404/46/117 405/47/117
f 406/48/21 407/51/21 408/50/21
f 406/48/118 408/50/118 409/49/118
f 410/53/119 411/52/119 412/36/119
f 410/53/119 412/36/119 413/37/119
f 414/55/120 415/54/120 416/50/120
f 414/55/121 416/50/121 417/51/121
f 418/57/122 419/56/122 420/52/122
f 418/57/122 420/52/122 421/53/122
s 1
f 422/30/123 423/28/124 424/58/125
f 422/30/123 424/58/125 425/59/123
f 426/60/126 424/58/125 423/28/124
f 426/60/126 423/28/124 427/26/126
f 427/26/126 428/61/127 426/60/126
f 427/26/126 429/27/127 428/61/127
s 0
f 430/15/31 431/12/31 432/38/31
f 430/15/30 432/38/30 433/62/30
f 434/13/128 435/14/128 436/11/128
f 434/13/129 436/11/129 437/8/129
s 1
f 438/24/130 439/25/131 440/63/131
f 438/24/130 440/63/131 441/64/130
f 439/25/131 442/65/132 440/63/131
f 439/25/131 443/29/132 442/65/132
f 443/29/132 444/66/38 442/65/132
f 443/29/132 445/31/38 444/66/38
s 0
f 446/59/133 447/67/133 448/37/133
s 1
f 446/59/134 448/37/134 449/30/134
s 0
f 450/31/41 451/36/41 452/68/41
f 450/31/135 452/68/135 453/66/135
f 454/27/136 455/47/136 456/69/136
f 454/27/136 456/69/136 457/61/136
f 458/64/137 459/70/137 460/46/137
f 458/64/138 460/46/138 461/24/138
f 462/43/139 463/13/139 464/8/139
f 462/43/139 464/8/139 465/71/139
f 466/41/50 467/38/50 468/12/50
f 466/41/140 468/12/140 469/42/140
f 470/67/141 471/72/141 472/53/141
f 470/67/142 472/53/142 473/37/142
f 474/36/143 475/52/143 476/73/143
s 1
f 474/36/54 476/73/54 477/68/54
s 0
f 478/72/144 479/74/144 480/57/144
f 478/72/145 480/57/145 481/53/145
f 482/52/57 483/56/57 484/75/57
f 482/52/146 484/75/146 485/73/146
f 486/78/147 487/77/147 488/76/147
f 486/78/147 488/76/147 489/79/147
f 490/81/61 491/80/61 492/77/61
f 490/81/60 492/77/60 493/78/60
f 494/81/148 495/83/148 496/82/148
f 494/81/148 496/82/148 497/80/148
f 498/79/149 499/76/149 500/84/149
f 498/79/150 500/84/150 501/85/150
f 502/88/66 503/87/66 504/86/66
f 502/88/66 504/86/66 505/89/66
f 506/91/65 507/90/65 508/87/65
f 506/91/65 508/87/65 509/88/65
f 510/93/3 511/92/3 512/90/3
f 510/93/3 512/90/3 513/91/3
f 514/89/151 515/86/151 516/94/151
f 514/89/152 516/94/152 517/95/152
f 518/97/71 519/96/71 520/78/71
f 518/97/71 520/78/71 521/79/71
f 522/81/68 523/99/68 524/98/68
f 522/81/68 524/98/68 525/83/68
f 526/100/153 527/97/153 528/79/153
f 526/100/154 528/79/154 529/85/154
f 530/96/155 531/99/155 532/81/155
f 530/96/156 532/81/156 533/78/156
f 534/103/66 535/102/66 536/101/66
f 534/103/66 536/101/66 537/104/66
f 538/105/65 539/103/65 540/104/65
f 538/105/157 540/104/157 541/106/157
f 542/109/106 543/108/106 544/107/106
f 542/109/106 544/107/106 545/110/106
f 546/102/152 547/109/152 548/110/152
f 546/102/152 548/110/152 549/101/152
s 1
f 550/14/158 551/15/83 552/111/81
f 550/14/158 552/111/81 553/113/159
f 551/15/83 554/112/160 552/111/81
f 555/11/161 550/14/158 553/113/159
f 551/15/83 556/62/162 554/112/160
f 556/62/162 557/114/163 554/112/160
f 556/62/162 558/115/163 557/114/163
f 555/11/161 553/113/159 559/116/164
f 555/11/161 559/116/164 560/117/165
f 555/11/161 560/117/165 561/10/165
s 0
f 562/77/1 563/88/1 564/89/1
f 562/77/1 564/89/1 565/76/1
f 565/76/1 564/89/1 566/95/1
f 565/76/1 566/95/1 567/84/1
f 568/80/1 563/88/1 562/77/1
f 568/80/1 569/91/1 563/88/1
f 568/80/1 570/93/1 569/91/1
f 568/80/1 571/82/1 570/93/1
f 572/118/89 573/86/89 574/87/89
f 575/119/89 573/86/89 572/118/89
f 575/119/89 576/94/89 573/86/89
f 572/118/89 574/87/89 577/120/89
f 577/120/89 574/87/89 578/90/89
f 577/120/89 578/90/89 579/121/89
f 579/121/89 578/90/89 580/92/89
f 579/121/89 580/92/89 581/122/89
f 582/123/89 583/126/89 584/125/89
f 582/123/89 584/125/89 585/124/89
s 1
f 586/127/166 587/130/167 588/129/168
f 586/127/166 588/129/168 589/128/168
f 590/131/169 587/130/167 586/127/166
f 590/131/169 591/132/170 587/130/167
f 592/34/171 591/132/170 590/131/169
f 592/34/171 593/35/171 591/132/170
s 0
f 594/133/172 595/71/172 596/8/172
f 594/133/172 596/8/172 597/9/172
f 598/129/173 599/135/173 600/134/173
f 598/129/173 600/134/173 601/128/173
f 602/136/174 603/137/174 604/32/174
f 602/136/174 604/32/174 605/33/174
f 606/138/175 607/137/175 608/136/175
f 606/138/176 608/136/176 609/139/176
f 610/142/177 611/141/177 612/140/177
f 610/142/177 612/140/177 613/143/177
f 614/144/106 615/124/106 616/125/106
f 614/144/106 616/125/106 617/145/106
f 618/146/178 619/147/178 620/142/178
f 618/146/179 620/142/179 621/143/179
f 622/141/1 623/144/1 624/145/1
f 622/141/1 624/145/1 625/140/1
s 1
f 626/127/166 627/128/168 628/149/168
f 626/127/166 628/149/168 629/148/180
f 630/131/169 626/127/166 629/148/180
f 630/131/169 629/148/180 631/150/181
f 632/34/171 630/131/169 631/150/181
f 632/34/171 631/150/181 633/151/171
f 634/133/172 635/9/172 636/153/172
s 0
f 634/133/172 636/153/172 637/152/172
f 638/134/173 639/154/173 640/149/173
f 638/134/173 640/149/173 641/128/173
f 642/136/174 643/33/174 644/156/174
f 642/136/174 644/156/174 645/155/174
f 646/136/175 647/155/175 648/157/175
f 646/136/175 648/157/175 649/139/175
f 650/140/177 651/159/177 652/158/177
f 650/140/177 652/158/177 653/143/177
f 654/125/106 655/161/106 656/160/106
f 654/125/106 656/160/106 657/145/106
f 658/146/179 659/143/179 660/158/179
f 658/146/178 660/158/178 661/162/178
f 662/117/182 663/164/182 664/163/182
f 662/117/165 664/163/165 665/10/165
f 666/145/1 667/160/1 668/159/1
f 666/145/1 668/159/1 669/140/1
f 670/62/3 671/38/3 672/39/3
f 670/62/3 672/39/3 673/115/3
f 674/23/3 675/48/3 676/49/3
f 674/23/3 676/49/3 677/22/3
f 678/105/3 679/106/3 680/165/3
f 678/105/3 680/165/3 681/166/3
f 682/7/1 683/6/1 684/167/1
f 685/9/106 686/10/106 687/163/106
f 685/9/106 687/163/106 688/153/106
f 689/33/106 690/34/106 691/151/106
f 689/33/106 691/151/106 692/156/106
f 693/107/106 694/108/106 695/168/106
f 693/107/106 695/168/106 696/169/106
f 697/125/89 698/126/89 699/170/89
f 697/125/89 699/170/89 700/161/89
f 701/1/1 702/2/1 703/171/1
f 701/1/1 703/171/1 704/4/1
f 705/5/183 701/1/183 704/4/183
f 703/171/1 706/172/1 704/4/1
f 703/171/1 707/173/1 706/172/1
f 706/172/1 708/174/1 704/4/1
f 709/8/66 710/175/66 711/176/66
f 709/8/66 711/176/66 712/11/66
f 713/177/3 714/178/3 715/179/3
f 713/177/3 715/179/3 716/180/3
f 717/181/2 718/38/2 719/62/2
f 717/181/2 719/62/2 720/182/2
f 721/12/106 722/13/106 723/14/106
f 721/12/106 723/14/106 724/15/106
s 1
f 725/129/4 726/130/6 727/183/6
f 725/129/4 727/183/6 728/184/4
f 726/130/6 729/185/8 727/183/6
f 726/130/6 730/132/8 729/185/8
f 730/132/8 731/186/9 729/185/8
f 730/132/8 732/35/9 731/186/9
f 733/187/10 734/188/11 735/189/11
f 733/187/10 735/189/11 736/190/10
f 734/188/11 737/191/12 735/189/11
f 734/188/11 738/192/12 737/191/12
f 738/192/12 739/193/13 737/191/12
f 738/192/12 740/194/13 739/193/13
f 741/195/91 742/196/92 743/19/92
f 741/195/91 743/19/92 744/16/91
f 742/196/92 745/21/94 743/19/92
f 742/196/92 746/197/94 745/21/94
f 746/197/94 747/23/95 745/21/94
f 746/197/94 748/198/95 747/23/95
f 749/24/168 750/25/184 751/26/184
f 749/24/168 751/26/184 752/27/168
f 750/25/184 753/28/181 751/26/184
f 750/25/184 754/29/181 753/28/181
f 754/29/181 755/30/171 753/28/181
f 754/29/181 756/31/171 755/30/171
s 0
f 757/32/66 758/199/66 759/186/66
f 757/32/66 759/186/66 760/35/66
f 761/200/3 762/201/3 763/193/3
f 761/200/3 763/193/3 764/194/3
f 765/202/2 766/48/2 767/23/2
f 765/202/2 767/23/2 768/198/2
f 769/36/106 770/37/106 771/30/106
f 769/36/106 771/30/106 772/31/106
f 773/8/14 774/71/14 775/203/14
f 773/8/14 775/203/14 776/175/14
f 777/177/15 778/204/15 779/205/15
f 777/177/15 779/205/15 780/178/15
s 1
f 781/181/96 782/206/96 783/41/96
s 0
f 781/181/96 783/41/96 784/38/96
f 785/12/185 786/42/185 787/43/185
f 785/12/185 787/43/185 788/13/185
f 789/135/186 790/129/186 791/184/186
f 789/135/17 791/184/17 792/207/17
f 793/208/187 794/187/187 795/190/187
f 793/208/187 795/190/187 796/209/187
f 797/210/97 798/195/97 799/16/97
f 797/210/97 799/16/97 800/45/97
f 801/46/188 802/24/188 803/27/188
f 801/46/188 803/27/188 804/47/188
f 805/32/19 806/137/19 807/211/19
f 805/32/19 807/211/19 808/199/19
f 809/200/189 810/212/189 811/213/189
f 809/200/21 811/213/21 812/201/21
f 813/202/98 814/214/98 815/51/98
f 813/202/98 815/51/98 816/48/98
f 817/36/174 818/52/174 819/53/174
f 817/36/174 819/53/174 820/37/174
f 821/137/22 822/138/22 823/215/22
f 821/137/22 823/215/22 824/211/22
f 825/212/23 826/216/23 827/217/23
f 825/212/23 827/217/23 828/213/23
f 829/214/99 830/218/99 831/55/99
f 829/214/99 831/55/99 832/51/99
f 833/52/175 834/56/175 835/57/175
f 833/52/175 835/57/175 836/53/175
f 837/175/31 838/177/31 839/180/31
f 837/175/30 839/180/30 840/176/30
s 1
f 841/58/190 842/28/191 843/30/192
f 841/58/190 843/30/192 844/59/192
f 842/28/191 841/58/190 845/60/126
f 842/28/191 845/60/126 846/26/126
f 847/61/127 846/26/126 845/60/126
f 847/61/127 848/27/127 846/26/126
s 0
f 849/219/33 850/181/33 851/182/33
f 849/219/33 851/182/33 852/220/33
f 853/38/193 854/12/193 855/15/193
f 853/38/194 855/15/194 856/62/194
s 1
f 857/183/34 858/221/34 859/222/35
f 857/183/34 859/222/35 860/184/35
f 861/185/195 858/221/34 857/183/34
f 861/185/195 862/223/195 858/221/34
f 863/186/38 862/223/195 861/185/195
f 863/186/38 864/224/38 862/223/195
s 0
f 865/11/196 866/14/196 867/13/196
f 865/11/129 867/13/129 868/8/129
s 1
f 869/225/28 870/196/28 871/195/197
f 869/225/28 871/195/197 872/226/197
f 873/227/24 870/196/28 869/225/28
f 873/227/24 874/197/24 870/196/28
f 875/228/198 874/197/24 873/227/24
f 875/228/198 876/198/198 874/197/24
f 877/63/199 878/25/199 879/24/200
f 877/63/199 879/24/200 880/64/200
f 881/65/201 878/25/199 877/63/199
f 881/65/201 882/29/202 878/25/199
f 883/66/203 882/29/202 881/65/201
f 883/66/203 884/31/203 882/29/202
s 0
f 885/37/204 886/67/204 887/59/204
f 885/37/134 887/59/134 888/30/134
f 889/199/41 890/229/41 891/224/41
f 889/199/135 891/224/135 892/186/135
f 893/230/40 894/202/40 895/198/40
f 893/230/40 895/198/40 896/228/40
f 897/68/205 898/36/205 899/31/205
s 1
f 897/68/206 899/31/206 900/66/206
s 0
f 901/231/45 902/207/45 903/184/45
f 901/231/207 903/184/207 904/222/207
f 905/69/136 906/47/136 907/27/136
f 905/69/136 907/27/136 908/61/136
f 909/210/43 910/232/43 911/226/43
f 909/210/208 911/226/208 912/195/208
f 913/46/209 914/70/209 915/64/209
f 913/46/210 915/64/210 916/24/210
f 917/177/49 918/175/49 919/203/49
f 917/177/50 919/203/50 920/204/50
f 921/8/211 922/13/211 923/43/211
f 921/8/139 923/43/139 924/71/139
f 925/181/47 926/219/47 927/233/47
f 925/181/48 927/233/48 928/206/48
f 929/12/212 930/38/212 931/41/212
f 929/12/212 931/41/212 932/42/212
f 933/53/142 934/72/142 935/67/142
f 933/53/142 935/67/142 936/37/142
f 937/211/53 938/234/53 939/229/53
f 937/211/143 939/229/143 940/199/143
f 941/235/213 942/214/213 943/202/213
f 941/235/213 943/202/213 944/230/213
f 945/73/214 946/52/214 947/36/214
f 945/73/215 947/36/215 948/68/215
f 949/57/216 950/74/216 951/72/216
f 949/57/145 951/72/145 952/53/145
f 953/215/146 954/236/146 955/234/146
f 953/215/146 955/234/146 956/211/146
f 957/237/55 958/218/55 959/214/55
f 957/237/55 959/214/55 960/235/55
f 961/75/217 962/56/217 963/52/217
f 961/75/218 963/52/218 964/73/218
f 965/76/219 966/77/219 967/78/219
f 965/76/219 967/78/219 968/79/219
f 969/77/220 970/80/220 971/81/220
f 969/77/220 971/81/220 972/78/220
f 973/80/100 974/238/100 975/239/100
f 973/80/100 975/239/100 976/81/100
f 977/238/63 978/240/63 979/241/63
s 1
f 977/238/63 979/241/63 980/239/63
s 0
f 981/240/221 982/242/221 983/243/221
f 981/240/59 983/243/59 984/241/59
f 985/242/60 986/244/60 987/245/60
f 985/242/222 987/245/222 988/243/222
f 989/244/62 990/141/62 991/142/62
f 989/244/62 991/142/62 992/245/62
f 993/84/149 994/76/149 995/79/149
f 993/84/149 995/79/149 996/85/149
f 997/86/106 998/87/106 999/88/106
f 997/86/106 999/88/106 1000/89/106
f 1001/87/223 1002/90/223 1003/91/223
f 1001/87/223 1003/91/223 1004/88/223
f 1005/90/2 1006/246/2 1007/247/2
f 1005/90/2 1007/247/2 1008/91/2
f 1009/246/67 1010/248/67 1011/249/67
f 1009/246/67 1011/249/67 1012/247/67
f 1013/248/3 1014/250/3 1015/251/3
f 1013/248/3 1015/251/3 1016/249/3
f 1017/250/65 1018/252/65 1019/253/65
f 1017/250/65 1019/253/65 1020/251/65
f 1021/252/66 1022/124/66 1023/144/66
f 1021/252/66 1023/144/66 1024/253/66
f 1025/94/152 1026/86/152 1027/89/152
f 1025/94/152 1027/89/152 1028/95/152
f 1029/78/178 1030/96/178 1031/97/178
f 1029/78/179 1031/97/179 1032/79/179
f 1033/239/104 1034/254/104 1035/99/104
f 1033/239/101 1035/99/101 1036/81/101
f 1037/243/224 1038/255/224 1039/256/224
f 1037/243/225 1039/256/225 1040/241/225
f 1041/142/71 1042/147/71 1043/257/71
f 1041/142/70 1043/257/70 1044/245/70
f 1045/79/226 1046/97/226 1047/100/226
s 1
f 1045/79/153 1047/100/153 1048/85/153
s 0
f 1049/245/155 1050/257/155 1051/255/155
f 1049/245/227 1051/255/227 1052/243/227
f 1053/81/228 1054/99/228 1055/96/228
f 1053/81/229 1055/96/229 1056/78/229
f 1057/241/230 1058/256/230 1059/254/230
f 1057/241/231 1059/254/231 1060/239/231
f 1061/101/106 1062/102/106 1063/103/106
f 1061/101/106 1063/103/106 1064/104/106
f 1065/104/223 1066/103/223 1067/105/223
f 1065/104/223 1067/105/223 1068/106/223
f 1069/106/2 1070/105/2 1071/258/2
f 1069/106/2 1071/258/2 1072/259/2
f 1073/259/67 1074/258/67 1075/260/67
f 1073/259/67 1075/260/67 1076/261/67
f 1077/262/3 1078/263/3 1079/264/3
f 1077/262/3 1079/264/3 1080/265/3
f 1081/265/65 1082/264/65 1083/266/65
f 1081/265/65 1083/266/65 1084/267/65
f 1085/267/66 1086/266/66 1087/109/66
f 1085/267/66 1087/109/66 1088/110/66
f 1089/110/152 1090/109/152 1091/102/152
f 1089/110/152 1091/102/152 1092/101/152
s 1
f 1093/111/232 1094/15/233 1095/14/234
f 1096/112/235 1094/15/233 1093/111/232
f 1093/111/232 1095/14/234 1097/113/236
f 1096/112/235 1098/62/237 1094/15/233
f 1097/113/236 1095/14/234 1099/11/238
f 1100/268/86 1098/62/237 1096/112/235
f 1097/113/236 1099/11/238 1101/116/159
f 1100/268/86 1102/182/239 1098/62/237
f 1103/269/240 1102/182/239 1100/268/86
f 1103/269/240 1104/220/241 1102/182/239
f 1101/116/159 1099/11/238 1105/176/242
f 1101/116/159 1105/176/242 1106/270/81
f 1106/270/81 1105/176/242 1107/180/79
f 1106/270/81 1107/180/79 1108/271/243
f 1108/271/243 1107/180/79 1109/179/244
f 1108/271/243 1109/179/244 1110/272/82
s 0
f 1111/89/1 1112/88/1 1113/77/1
f 1111/89/1 1113/77/1 1114/76/1
f 1115/95/183 1111/89/183 1114/76/183
f 1115/95/1 1114/76/1 1116/84/1
f 1112/88/1 1117/80/1 1113/77/1
f 1112/88/1 1118/91/1 1117/80/1
f 1118/91/1 1119/238/1 1117/80/1
f 1118/91/1 1120/247/1 1119/238/1
f 1120/247/1 1121/240/1 1119/238/1
f 1120/247/88 1122/249/88 1121/240/88
f 1122/249/1 1123/242/1 1121/240/1
f 1122/249/1 1124/251/1 1123/242/1
f 1124/251/1 1125/244/1 1123/242/1
f 1124/251/1 1126/253/1 1125/244/1
f 1126/253/1 1127/141/1 1125/244/1
f 1126/253/1 1128/144/1 1127/141/1
f 1129/87/89 1130/86/89 1131/118/89
f 1130/86/89 1132/119/89 1131/118/89
f 1130/86/89 1133/94/89 1132/119/89
f 1129/87/89 1131/118/89 1134/120/89
f 1135/90/89 1129/87/89 1134/120/89
f 1135/90/89 1134/120/89 1136/121/89
f 1137/246/89 1135/90/89 1136/121/89
f 1137/246/89 1136/121/89 1138/273/89
f 1139/248/89 1137/246/89 1138/273/89
f 1139/248/89 1138/273/89 1140/274/89
f 1141/250/89 1139/248/89 1140/274/89
f 1141/250/89 1140/274/89 1142/275/89
f 1143/252/89 1141/250/89 1142/275/89
f 1143/252/89 1142/275/89 1144/276/89
f 1145/124/89 1143/252/89 1144/276/89
f 1145/124/89 1144/276/89 1146/123/89
f 1147/4/1 1148/174/1 1149/172/1
f 1147/4/1 1149/172/1 1150/1/1
f 1151/5/1 1147/4/1 1150/1/1
f 1149/172/1 1152/171/1 1150/1/1
f 1149/172/88 1153/173/88 1152/171/88
f 1152/171/1 1154/2/1 1150/1/1
f 1155/176/2 1156/175/2 1157/8/2
f 1155/176/2 1157/8/2 1158/11/2
f 1159/179/3 1160/178/3 1161/177/3
f 1159/179/3 1161/177/3 1162/180/3
f 1163/62/66 1164/38/66 1165/181/66
f 1163/62/66 1165/181/66 1166/182/66
f 1167/14/106 1168/13/106 1169/12/106
f 1167/14/106 1169/12/106 1170/15/106
s 1
f 1171/183/92 1172/130/92 1173/129/91
f 1171/183/92 1173/129/91 1174/184/91
f 1175/185/94 1172/130/92 1171/183/92
f 1175/185/94 1176/132/94 1172/130/92
f 1177/186/95 1176/132/94 1175/185/94
f 1177/186/95 1178/35/95 1176/132/94
f 1179/189/11 1180/188/11 1181/187/10
f 1179/189/11 1181/187/10 1182/190/10
f 1183/191/12 1180/188/11 1179/189/11
f 1183/191/12 1184/192/12 1180/188/11
f 1185/193/13 1184/192/12 1183/191/12
f 1185/193/13 1186/194/13 1184/192/12
f 1187/19/6 1188/196/6 1189/195/4
f 1187/19/6 1189/195/4 1190/16/4
f 1191/21/8 1188/196/6 1187/19/6
f 1191/21/8 1192/197/8 1188/196/6
f 1193/23/9 1192/197/8 1191/21/8
f 1193/23/9 1194/198/9 1192/197/8
f 1195/26/184 1196/25/184 1197/24/168
f 1195/26/184 1197/24/168 1198/27/168
f 1199/28/181 1196/25/184 1195/26/184
f 1199/28/181 1200/29/181 1196/25/184
f 1201/30/171 1200/29/181 1199/28/181
f 1201/30/171 1202/31/171 1200/29/181
s 0
f 1203/186/2 1204/199/2 1205/32/2
f 1203/186/2 1205/32/2 1206/35/2
f 1207/193/3 1208/201/3 1209/200/3
f 1207/193/3 1209/200/3 1210/194/3
f 1211/23/66 1212/48/66 1213/202/66
f 1211/23/66 1213/202/66 1214/198/66
f 1215/30/106 1216/37/106 1217/36/106
f 1215/30/106 1217/36/106 1218/31/106
f 1219/203/96 1220/71/96 1221/8/96
f 1219/203/96 1221/8/96 1222/175/96
f 1223/205/16 1224/204/16 1225/177/16
f 1223/205/16 1225/177/16 1226/178/16
f 1227/41/14 1228/206/14 1229/181/14
f 1227/41/14 1229/181/14 1230/38/14
f 1231/43/172 1232/42/172 1233/12/172
f 1231/43/172 1233/12/172 1234/13/172
f 1235/184/97 1236/129/97 1237/135/97
f 1235/184/97 1237/135/97 1238/207/97
f 1239/190/18 1240/187/18 1241/208/18
f 1239/190/18 1241/208/18 1242/209/18
f 1243/16/17 1244/195/17 1245/210/17
f 1243/16/17 1245/210/17 1246/45/17
f 1247/27/188 1248/24/188 1249/46/188
f 1247/27/188 1249/46/188 1250/47/188
f 1251/211/98 1252/137/98 1253/32/98
f 1251/211/98 1253/32/98 1254/199/98
s 1
f 1255/213/20 1256/212/20 1257/200/20
s 0
f 1255/213/20 1257/200/20 1258/201/20
f 1259/51/19 1260/214/19 1261/202/19
f 1259/51/19 1261/202/19 1262/48/19
f 1263/53/245 1264/52/245 1265/36/245
f 1263/53/174 1265/36/174 1266/37/174
f 1267/215/99 1268/138/99 1269/137/99
f 1267/215/99 1269/137/99 1270/211/99
f 1271/217/246 1272/216/246 1273/212/246
f 1271/217/247 1273/212/247 1274/213/247
f 1275/55/22 1276/218/22 1277/214/22
f 1275/55/22 1277/214/22 1278/51/22
f 1279/57/175 1280/56/175 1281/52/175
f 1279/57/175 1281/52/175 1282/53/175
f 1283/180/33 1284/177/33 1285/175/33
f 1283/180/32 1285/175/32 1286/176/32
s 1
f 1287/30/248 1288/28/202 1289/58/201
f 1287/30/248 1289/58/201 1290/59/248
f 1291/60/249 1289/58/201 1288/28/202
f 1291/60/249 1288/28/202 1292/26/249
f 1292/26/249 1293/61/250 1291/60/249
f 1292/26/249 1294/27/200 1293/61/250
s 0
f 1295/182/31 1296/181/31 1297/219/31
f 1295/182/251 1297/219/251 1298/220/251
f 1299/15/196 1300/12/196 1301/38/196
f 1299/15/196 1301/38/196 1302/62/196
s 1
f 1303/222/29 1304/221/252 1305/183/28
f 1303/222/29 1305/183/28 1306/184/197
f 1304/221/252 1307/185/25 1305/183/28
f 1304/221/252 1308/223/25 1307/185/25
f 1308/223/25 1309/186/198 1307/185/25
f 1308/223/25 1310/224/198 1309/186/198
s 0
f 1311/13/194 1312/14/194 1313/11/194
f 1311/13/194 1313/11/194 1314/8/194
s 1
f 1315/195/35 1316/196/253 1317/225/253
f 1315/195/35 1317/225/253 1318/226/35
f 1316/196/253 1319/227/254 1317/225/253
f 1316/196/253 1320/197/36 1319/227/254
f 1320/197/36 1321/228/38 1319/227/254
f 1320/197/36 1322/198/38 1321/228/38
f 1323/24/127 1324/25/255 1325/63/255
f 1323/24/127 1325/63/255 1326/64/127
f 1324/25/255 1327/65/190 1325/63/255
f 1324/25/255 1328/29/191 1327/65/190
f 1328/29/191 1329/66/256 1327/65/190
f 1328/29/191 1330/31/192 1329/66/256
s 0
f 1331/59/205 1332/67/205 1333/37/205
f 1331/59/257 1333/37/257 1334/30/257
f 1335/224/40 1336/229/40 1337/199/40
f 1335/224/40 1337/199/40 1338/186/40
f 1339/198/42 1340/202/42 1341/230/42
f 1339/198/42 1341/230/42 1342/228/42
f 1343/31/204 1344/36/204 1345/68/204
s 1
f 1343/31/258 1345/68/258 1346/66/258
s 0
f 1347/184/259 1348/207/259 1349/231/259
f 1347/184/259 1349/231/259 1350/222/259
f 1351/27/209 1352/47/209 1353/69/209
f 1351/27/209 1353/69/209 1354/61/209
f 1355/226/45 1356/232/45 1357/210/45
f 1355/226/45 1357/210/45 1358/195/45
f 1359/64/260 1360/70/260 1361/46/260
f 1359/64/261 1361/46/261 1362/24/261
f 1363/203/48 1364/175/48 1365/177/48
f 1363/203/48 1365/177/48 1366/204/48
f 1367/43/212 1368/13/212 1369/8/212
f 1367/43/262 1369/8/262 1370/71/262
f 1371/233/50 1372/219/50 1373/181/50
f 1371/233/263 1373/181/263 1374/206/263
f 1375/41/264 1376/38/264 1377/12/264
f 1375/41/265 1377/12/265 1378/42/265
f 1379/67/215 1380/72/215 1381/53/215
f 1379/67/215 1381/53/215 1382/37/215
f 1383/229/266 1384/234/266 1385/211/266
f 1383/229/266 1385/211/266 1386/199/266
f 1387/202/53 1388/214/53 1389/235/53
f 1387/202/54 1389/235/54 1390/230/54
f 1391/36/142 1392/52/142 1393/73/142
f 1391/36/142 1393/73/142 1394/68/142
f 1395/72/218 1396/74/218 1397/57/218
f 1395/72/217 1397/57/217 1398/53/217
f 1399/234/267 1400/236/267 1401/215/267
f 1399/234/268 1401/215/268 1402/211/268
f 1403/214/146 1404/218/146 1405/237/146
f 1403/214/58 1405/237/58 1406/235/58
f 1407/52/145 1408/56/145 1409/75/145
f 1407/52/145 1409/75/145 1410/73/145
f 1411/78/219 1412/77/219 1413/76/219
f 1411/78/219 1413/76/219 1414/79/219
f 1415/81/149 1416/80/149 1417/77/149
f 1415/81/269 1417/77/269 1418/78/269
f 1419/239/62 1420/238/62 1421/80/62
f 1419/239/62 1421/80/62 1422/81/62
f 1423/241/61 1424/240/61 1425/238/61
s 1
f 1423/241/60 1425/238/60 1426/239/60
s 0
f 1427/243/221 1428/242/221 1429/240/221
f 1427/243/59 1429/240/59 1430/241/59
f 1431/245/270 1432/244/270 1433/242/270
f 1431/245/271 1433/242/271 1434/243/271
f 1435/142/100 1436/141/100 1437/244/100
f 1435/142/100 1437/244/100 1438/245/100
s 1
f 1439/79/272 1440/76/272 1441/84/272
s 0
f 1439/79/273 1441/84/273 1442/85/273
f 1443/88/106 1444/87/106 1445/86/106
f 1443/88/106 1445/86/106 1446/89/106
f 1447/91/152 1448/90/152 1449/87/152
f 1447/91/152 1449/87/152 1450/88/152
f 1451/247/66 1452/246/66 1453/90/66
f 1451/247/66 1453/90/66 1454/91/66
f 1455/249/65 1456/248/65 1457/246/65
f 1455/249/65 1457/246/65 1458/247/65
f 1459/251/3 1460/250/3 1461/248/3
f 1459/251/3 1461/248/3 1462/249/3
f 1463/253/67 1464/252/67 1465/250/67
f 1463/253/67 1465/250/67 1466/251/67
f 1467/144/2 1468/124/2 1469/252/2
f 1467/144/2 1469/252/2 1470/253/2
f 1471/89/223 1472/86/223 1473/94/223
f 1471/89/223 1473/94/223 1474/95/223
f 1475/97/274 1476/96/274 1477/78/274
f 1475/97/178 1477/78/178 1478/79/178
f 1479/99/71 1480/254/71 1481/239/71
f 1479/99/275 1481/239/275 1482/81/275
f 1483/256/276 1484/255/276 1485/243/276
f 1483/256/225 1485/243/225 1486/241/225
s 1
f 1487/257/101 1488/147/101 1489/142/101
s 0
f 1487/257/101 1489/142/101 1490/245/101
s 1
f 1491/100/277 1492/97/277 1493/79/277
f 1491/100/277 1493/79/277 1494/85/277
s 0
f 1495/255/230 1496/257/230 1497/245/230
f 1495/255/278 1497/245/278 1498/243/278
f 1499/96/279 1500/99/279 1501/81/279
s 1
f 1499/96/280 1501/81/280 1502/78/280
s 0
f 1503/254/281 1504/256/281 1505/241/281
f 1503/254/74 1505/241/74 1506/239/74
f 1507/103/106 1508/102/106 1509/101/106
f 1507/103/106 1509/101/106 1510/104/106
f 1511/105/152 1512/103/152 1513/104/152
f 1511/105/152 1513/104/152 1514/106/152
f 1515/258/66 1516/105/66 1517/106/66
f 1515/258/66 1517/106/66 1518/259/66
f 1519/260/65 1520/258/65 1521/259/65
f 1519/260/65 1521/259/65 1522/261/65
f 1523/264/3 1524/263/3 1525/262/3
f 1523/264/3 1525/262/3 1526/265/3
f 1527/266/67 1528/264/67 1529/265/67
f 1527/266/67 1529/265/67 1530/267/67
f 1531/109/2 1532/266/2 1533/267/2
f 1531/109/2 1533/267/2 1534/110/2
f 1535/102/223 1536/109/223 1537/110/223
f 1535/102/223 1537/110/223 1538/101/223
s 1
f 1539/14/282 1540/15/283 1541/111/164
f 1539/14/282 1541/111/164 1542/113/232
f 1540/15/283 1543/112/284 1541/111/164
f 1544/11/285 1539/14/282 1542/113/232
f 1540/15/283 1545/62/238 1543/112/284
f 1544/11/285 1542/113/232 1546/116/286
f 1545/62/238 1547/268/287 1543/112/284
f 1548/176/239 1544/11/285 1546/116/286
f 1545/62/238 1549/182/83 1547/268/287
f 1549/182/83 1550/269/288 1547/268/287
f 1549/182/83 1551/220/289 1550/269/288
f 1548/176/239 1546/116/286 1552/270/290
f 1553/180/80 1548/176/239 1552/270/290
f 1553/180/80 1552/270/290 1554/271/291
f 1555/179/292 1553/180/80 1554/271/291
f 1555/179/292 1554/271/291 1556/272/293
s 0
f 1557/77/183 1558/88/183 1559/89/183
f 1560/80/1 1558/88/1 1557/77/1
f 1557/77/1 1559/89/1 1561/76/1
f 1560/80/1 1562/91/1 1558/88/1
f 1561/76/183 1559/89/183 1563/95/183
f 1561/76/1 1563/95/1 1564/84/1
f 1565/238/1 1562/91/1 1560/80/1
f 1565/238/1 1566/247/1 1562/91/1
f 1567/240/1 1566/247/1 1565/238/1
f 1567/240/88 1568/249/88 1566/247/88
f 1569/242/1 1568/249/1 1567/240/1
f 1569/242/88 1570/251/88 1568/249/88
f 1571/244/1 1570/251/1 1569/242/1
f 1571/244/1 1572/253/1 1570/251/1
f 1573/141/1 1572/253/1 1571/244/1
f 1573/141/1 1574/144/1 1572/253/1
f 1575/118/294 1576/86/294 1577/87/294
f 1578/119/89 1576/86/89 1575/118/89
f 1578/119/89 1579/94/89 1576/86/89
f 1575/118/89 1577/87/89 1580/120/89
f 1580/120/89 1577/87/89 1581/90/89
f 1580/120/89 1581/90/89 1582/121/89
f 1582/121/89 1581/90/89 1583/246/89
f 1582/121/89 1583/246/89 1584/273/89
f 1584/273/89 1583/246/89 1585/248/89
f 1584/273/89 1585/248/89 1586/274/89
f 1586/274/295 1585/248/295 1587/250/295
f 1586/274/89 1587/250/89 1588/275/89
f 1588/275/89 1587/250/89 1589/252/89
f 1588/275/89 1589/252/89 1590/276/89
f 1590/276/89 1589/252/89 1591/124/89
f 1590/276/89 1591/124/89 1592/123/89
f 1593/1/1 1594/2/1 1595/171/1
f 1593/1/1 1595/171/1 1596/4/1
f 1597/5/1 1593/1/1 1596/4/1
f 1595/171/1 1598/172/1 1596/4/1
f 1595/171/183 1599/173/183 1598/172/183
f 1598/172/1 1600/174/1 1596/4/1
f 1601/8/2 1602/175/2 1603/176/2
f 1601/8/2 1603/176/2 1604/11/2
f 1605/177/106 1606/178/106 1607/179/106
f 1605/177/106 1607/179/106 1608/180/106
f 1609/181/66 1610/38/66 1611/62/66
f 1609/181/66 1611/62/66 1612/182/66
f 1613/12/3 1614/13/3 1615/14/3
f 1613/12/3 1615/14/3 1616/15/3
s 1
f 1617/129/91 1618/130/92 1619/183/92
f 1617/129/91 1619/183/92 1620/184/91
f 1618/130/92 1621/185/94 1619/183/92
f 1618/130/92 1622/132/94 1621/185/94
f 1622/132/94 1623/186/95 1621/185/94
f 1622/132/94 1624/35/95 1623/186/95
f 1625/187/168 1626/188/167 1627/189/167
f 1625/187/168 1627/189/167 1628/190/168
f 1626/188/167 1629/191/170 1627/189/167
f 1626/188/167 1630/192/181 1629/191/170
f 1630/192/181 1631/193/171 1629/191/170
f 1630/192/181 1632/194/171 1631/193/171
f 1633/195/4 1634/196/6 1635/19/6
f 1633/195/4 1635/19/6 1636/16/4
f 1634/196/6 1637/21/8 1635/19/6
f 1634/196/6 1638/197/8 1637/21/8
f 1638/197/8 1639/23/9 1637/21/8
f 1638/197/8 1640/198/9 1639/23/9
f 1641/24/107 1642/25/296 1643/26/296
f 1641/24/107 1643/26/296 1644/27/107
f 1642/25/296 1645/28/110 1643/26/296
f 1642/25/296 1646/29/110 1645/28/110
f 1646/29/110 1647/30/13 1645/28/110
f 1646/29/110 1648/31/13 1647/30/13
s 0
f 1649/32/2 1650/199/2 1651/186/2
f 1649/32/2 1651/186/2 1652/35/2
f 1653/200/106 1654/201/106 1655/193/106
f 1653/200/106 1655/193/106 1656/194/106
f 1657/202/66 1658/48/66 1659/23/66
f 1657/202/66 1659/23/66 1660/198/66
f 1661/36/3 1662/37/3 1663/30/3
f 1661/36/3 1663/30/3 1664/31/3
f 1665/8/96 1666/71/96 1667/203/96
s 1
f 1665/8/96 1667/203/96 1668/175/96
s 0
f 1669/177/297 1670/204/297 1671/205/297
f 1669/177/297 1671/205/297 1672/178/297
s 1
f 1673/181/14 1674/206/14 1675/41/14
s 0
f 1673/181/14 1675/41/14 1676/38/14
f 1677/12/15 1678/42/15 1679/43/15
f 1677/12/16 1679/43/16 1680/13/16
f 1681/135/97 1682/129/97 1683/184/97
f 1681/135/97 1683/184/97 1684/207/97
f 1685/208/188 1686/187/188 1687/190/188
f 1685/208/188 1687/190/188 1688/209/188
f 1689/210/186 1690/195/186 1691/16/186
f 1689/210/17 1691/16/17 1692/45/17
f 1693/46/18 1694/24/18 1695/27/18
f 1693/46/18 1695/27/18 1696/47/18
f 1697/32/98 1698/137/98 1699/211/98
f 1697/32/98 1699/211/98 1700/199/98
f 1701/200/298 1702/212/298 1703/213/298
f 1701/200/174 1703/213/174 1704/201/174
f 1705/202/19 1706/214/19 1707/51/19
f 1705/202/19 1707/51/19 1708/48/19
f 1709/36/189 1710/52/189 1711/53/189
f 1709/36/21 1711/53/21 1712/37/21
f 1713/137/99 1714/138/99 1715/215/99
f 1713/137/99 1715/215/99 1716/211/99
f 1717/212/175 1718/216/175 1719/217/175
f 1717/212/175 1719/217/175 1720/213/175
f 1721/214/22 1722/218/22 1723/55/22
f 1721/214/22 1723/55/22 1724/51/22
f 1725/52/23 1726/56/23 1727/57/23
f 1725/52/23 1727/57/23 1728/53/23
f 1729/175/193 1730/177/193 1731/180/193
f 1729/175/299 1731/180/299 1732/176/299
s 1
f 1733/58/300 1734/28/301 1735/30/198
f 1733/58/300 1735/30/198 1736/59/198
f 1734/28/301 1733/58/300 1737/60/302
f 1734/28/301 1737/60/302 1738/26/302
f 1739/61/303 1738/26/302 1737/60/302
f 1739/61/303 1740/27/303 1738/26/302
s 0
f 1741/219/129 1742/181/129 1743/182/129
f 1741/219/304 1743/182/304 1744/220/304
f 1745/38/305 1746/12/305 1747/15/305
f 1745/38/31 1747/15/31 1748/62/31
s 1
f 1749/183/199 1750/221/199 1751/222/306
f 1749/183/199 1751/222/306 1752/184/306
f 1753/185/307 1750/221/199 1749/183/199
f 1753/185/307 1754/223/307 1750/221/199
f 1755/186/203 1754/223/307 1753/185/307
f 1755/186/203 1756/224/203 1754/223/307
s 0
f 1757/11/308 1758/14/308 1759/13/308
f 1757/11/309 1759/13/309 1760/8/309
s 1
f 1761/225/255 1762/196/255 1763/195/310
f 1761/225/255 1763/195/310 1764/226/310
f 1765/227/311 1762/196/255 1761/225/255
f 1765/227/311 1766/197/311 1762/196/255
f 1767/228/256 1766/197/311 1765/227/311
f 1767/228/256 1768/198/256 1766/197/311
f 1769/63/131 1770/25/131 1771/24/35
f 1769/63/131 1771/24/35 1772/64/35
f 1773/65/312 1770/25/131 1769/63/131
f 1773/65/312 1774/29/313 1770/25/131
f 1775/66/38 1774/29/313 1773/65/312
f 1775/66/38 1776/31/314 1774/29/313
s 0
f 1777/37/40 1778/67/40 1779/59/40
f 1777/37/40 1779/59/40 1780/30/40
f 1781/199/315 1782/229/315 1783/224/315
f 1781/199/257 1783/224/257 1784/186/257
f 1785/230/316 1786/202/316 1787/198/316
f 1785/230/204 1787/198/204 1788/228/204
f 1789/68/42 1790/36/42 1791/31/42
f 1789/68/42 1791/31/42 1792/66/42
f 1793/231/317 1794/207/317 1795/184/317
f 1793/231/209 1795/184/209 1796/222/209
f 1797/69/43 1798/47/43 1799/27/43
f 1797/69/208 1799/27/208 1800/61/208
f 1801/210/136 1802/232/136 1803/226/136
f 1801/210/318 1803/226/318 1804/195/318
f 1805/46/45 1806/70/45 1807/64/45
f 1805/46/319 1807/64/319 1808/24/319
f 1809/177/212 1810/175/212 1811/203/212
f 1809/177/212 1811/203/212 1812/204/212
f 1813/8/47 1814/13/47 1815/43/47
f 1813/8/48 1815/43/48 1816/71/48
f 1817/181/320 1818/219/320 1819/233/320
f 1817/181/139 1819/233/139 1820/206/139
f 1821/12/50 1822/38/50 1823/41/50
f 1821/12/321 1823/41/321 1824/42/321
f 1825/53/213 1826/72/213 1827/67/213
f 1825/53/213 1827/67/213 1828/37/213
f 1829/211/215 1830/234/215 1831/229/215
f 1829/211/322 1831/229/322 1832/199/322
f 1833/235/142 1834/214/142 1835/202/142
f 1833/235/323 1835/202/323 1836/230/323
f 1837/73/53 1838/52/53 1839/36/53
f 1837/73/54 1839/36/54 1840/68/54
f 1841/57/55 1842/74/55 1843/72/55
f 1841/57/267 1843/72/267 1844/53/267
f 1845/215/324 1846/236/324 1847/234/324
f 1845/215/217 1847/234/217 1848/211/217
f 1849/237/145 1850/218/145 1851/214/145
f 1849/237/216 1851/214/216 1852/235/216
f 1853/75/146 1854/56/146 1855/52/146
f 1853/75/146 1855/52/146 1856/73/146
f 1857/76/59 1858/77/59 1859/78/59
f 1857/76/59 1859/78/59 1860/79/59
f 1861/77/60 1862/80/60 1863/81/60
f 1861/77/60 1863/81/60 1864/78/60
f 1865/80/62 1866/238/62 1867/239/62
f 1865/80/62 1867/239/62 1868/81/62
f 1869/238/325 1870/240/325 1871/241/325
s 1
f 1869/238/325 1871/241/325 1872/239/325
s 0
f 1873/240/219 1874/242/219 1875/243/219
f 1873/240/219 1875/243/219 1876/241/219
f 1877/242/326 1878/244/326 1879/245/326
f 1877/242/272 1879/245/272 1880/243/272
f 1881/244/100 1882/141/100 1883/142/100
f 1881/244/100 1883/142/100 1884/245/100
f 1885/84/270 1886/76/270 1887/79/270
f 1885/84/270 1887/79/270 1888/85/270
f 1889/86/3 1890/87/3 1891/88/3
f 1889/86/3 1891/88/3 1892/89/3
f 1893/87/65 1894/90/65 1895/91/65
f 1893/87/65 1895/91/65 1896/88/65
f 1897/90/66 1898/246/66 1899/247/66
f 1897/90/66 1899/247/66 1900/91/66
f 1901/246/152 1902/248/152 1903/249/152
f 1901/246/152 1903/249/152 1904/247/152
f 1905/248/106 1906/250/106 1907/251/106
f 1905/248/106 1907/251/106 1908/249/106
f 1909/250/223 1910/252/223 1911/253/223
f 1909/250/223 1911/253/223 1912/251/223
f 1913/252/2 1914/124/2 1915/144/2
f 1913/252/2 1915/144/2 1916/253/2
f 1917/94/67 1918/86/67 1919/89/67
f 1917/94/67 1919/89/67 1920/95/67
f 1921/78/225 1922/96/225 1923/97/225
f 1921/78/68 1923/97/68 1924/79/68
f 1925/239/71 1926/254/71 1927/99/71
f 1925/239/275 1927/99/275 1928/81/275
f 1929/243/178 1930/255/178 1931/256/178
f 1929/243/179 1931/256/179 1932/241/179
f 1933/142/101 1934/147/101 1935/257/101
f 1933/142/101 1935/257/101 1936/245/101
f 1937/79/73 1938/97/73 1939/100/73
f 1937/79/278 1939/100/278 1940/85/278
f 1941/245/327 1942/257/327 1943/255/327
f 1941/245/328 1943/255/328 1944/243/328
f 1945/81/155 1946/99/155 1947/96/155
f 1945/81/74 1947/96/74 1948/78/74
f 1949/241/280 1950/256/280 1951/254/280
f 1949/241/154 1951/254/154 1952/239/154
f 1953/101/3 1954/102/3 1955/103/3
f 1953/101/3 1955/103/3 1956/104/3
f 1957/104/65 1958/103/65 1959/105/65
f 1957/104/65 1959/105/65 1960/106/65
f 1961/106/66 1962/105/66 1963/258/66
f 1961/106/66 1963/258/66 1964/259/66
f 1965/259/152 1966/258/152 1967/260/152
f 1965/259/152 1967/260/152 1968/261/152
f 1969/262/106 1970/263/106 1971/264/106
f 1969/262/106 1971/264/106 1972/265/106
f 1973/265/223 1974/264/223 1975/266/223
f 1973/265/223 1975/266/223 1976/267/223
f 1977/267/2 1978/266/2 1979/109/2
f 1977/267/2 1979/109/2 1980/110/2
f 1981/110/67 1982/109/67 1983/102/67
f 1981/110/67 1983/102/67 1984/101/67
s 1
f 1985/111/243 1986/15/79 1987/14/329
f 1988/112/287 1986/15/79 1985/111/243
f 1985/111/243 1987/14/329 1989/113/330
f 1988/112/287 1990/62/242 1986/15/79
f 1989/113/330 1987/14/329 1991/11/239
f 1992/268/284 1990/62/242 1988/112/287
f 1989/113/330 1991/11/239 1993/116/290
f 1992/268/284 1994/182/331 1990/62/242
f 1995/269/332 1994/182/331 1992/268/284
f 1995/269/332 1996/220/333 1994/182/331
f 1993/116/290 1991/11/239 1997/176/334
f 1993/116/290 1997/176/334 1998/270/335
f 1998/270/335 1997/176/334 1999/180/233
f 1998/270/335 1999/180/233 2000/271/336
f 2000/271/336 1999/180/233 2001/179/337
f 2000/271/336 2001/179/337 2002/272/338
s 0
f 2003/89/1 2004/88/1 2005/77/1
f 2003/89/1 2005/77/1 2006/76/1
f 2007/95/88 2003/89/88 2006/76/88
f 2007/95/1 2006/76/1 2008/84/1
f 2004/88/1 2009/80/1 2005/77/1
f 2004/88/1 2010/91/1 2009/80/1
f 2010/91/1 2011/238/1 2009/80/1
f 2010/91/1 2012/247/1 2011/238/1
f 2012/247/1 2013/240/1 2011/238/1
f 2012/247/183 2014/249/183 2013/240/183
f 2014/249/1 2015/242/1 2013/240/1
f 2014/249/1 2016/251/1 2015/242/1
f 2016/251/1 2017/244/1 2015/242/1
f 2016/251/1 2018/253/1 2017/244/1
f 2018/253/1 2019/141/1 2017/244/1
f 2018/253/1 2020/144/1 2019/141/1
f 2021/87/89 2022/86/89 2023/118/89
f 2022/86/89 2024/119/89 2023/118/89
f 2022/86/89 2025/94/89 2024/119/89
f 2021/87/89 2023/118/89 2026/120/89
f 2027/90/89 2021/87/89 2026/120/89
f 2027/90/89 2026/120/89 2028/121/89
f 2029/246/89 2027/90/89 2028/121/89
f 2029/246/89 2028/121/89 2030/273/89
f 2031/248/89 2029/246/89 2030/273/89
f 2031/248/89 2030/273/89 2032/274/89
f 2033/250/89 2031/248/89 2032/274/89
f 2033/250/89 2032/274/89 2034/275/89
f 2035/252/89 2033/250/89 2034/275/89
f 2035/252/89 2034/275/89 2036/276/89
f 2037/124/89 2035/252/89 2036/276/89
f 2037/124/89 2036/276/89 2038/123/89
f 2039/1/1 2040/2/1 2041/171/1
f 2039/1/1 2041/171/1 2042/4/1
f 2043/5/183 2039/1/183 2042/4/183
f 2041/171/1 2044/172/1 2042/4/1
f 2041/171/1 2045/173/1 2044/172/1
f 2044/172/1 2046/174/1 2042/4/1
f 2047/8/66 2048/175/66 2049/176/66
f 2047/8/66 2049/176/66 2050/11/66
f 2051/177/3 2052/178/3 2053/179/3
f 2051/177/3 2053/179/3 2054/180/3
f 2055/181/2 2056/38/2 2057/62/2
f 2055/181/2 2057/62/2 2058/182/2
f 2059/12/106 2060/13/106 2061/14/106
f 2059/12/106 2061/14/106 2062/15/106
s 1
f 2063/129/4 2064/130/6 2065/183/6
f 2063/129/4 2065/183/6 2066/184/4
f 2064/130/6 2067/185/8 2065/183/6
f 2064/130/6 2068/132/8 2067/185/8
f 2068/132/8 2069/186/9 2067/185/8
f 2068/132/8 2070/35/9 2069/186/9
f 2071/187/107 2072/188/11 2073/189/11
f 2071/187/107 2073/189/11 2074/190/10
f 2072/188/11 2075/191/110 2073/189/11
f 2072/188/11 2076/192/12 2075/191/110
f 2076/192/12 2077/193/13 2075/191/110
f 2076/192/12 2078/194/13 2077/193/13
f 2079/195/91 2080/196/92 2081/19/92
f 2079/195/91 2081/19/92 2082/16/91
f 2080/196/92 2083/21/94 2081/19/92
f 2080/196/92 2084/197/94 2083/21/94
f 2084/197/94 2085/23/95 2083/21/94
f 2084/197/94 2086/198/95 2085/23/95
f 2087/24/168 2088/25/167 2089/26/167
f 2087/24/168 2089/26/167 2090/27/168
f 2088/25/167 2091/28/170 2089/26/167
f 2088/25/167 2092/29/181 2091/28/170
f 2092/29/181 2093/30/171 2091/28/170
f 2092/29/181 2094/31/171 2093/30/171
s 0
f 2095/32/66 2096/199/66 2097/186/66
f 2095/32/66 2097/186/66 2098/35/66
f 2099/200/3 2100/201/3 2101/193/3
f 2099/200/3 2101/193/3 2102/194/3
f 2103/202/2 2104/48/2 2105/23/2
f 2103/202/2 2105/23/2 2106/198/2
f 2107/36/106 2108/37/106 2109/30/106
f 2107/36/106 2109/30/106 2110/31/106
f 2111/8/14 2112/71/14 2113/203/14
s 1
f 2111/8/14 2113/203/14 2114/175/14
s 0
f 2115/177/115 2116/204/115 2117/205/115
f 2115/177/15 2117/205/15 2118/178/15
f 2119/181/96 2120/206/96 2121/41/96
f 2119/181/96 2121/41/96 2122/38/96
s 1
f 2123/12/172 2124/42/172 2125/43/172
s 0
f 2123/12/185 2125/43/185 2126/13/185
f 2127/135/186 2128/129/186 2129/184/186
f 2127/135/17 2129/184/17 2130/207/17
f 2131/208/18 2132/187/18 2133/190/18
f 2131/208/18 2133/190/18 2134/209/18
f 2135/210/97 2136/195/97 2137/16/97
f 2135/210/97 2137/16/97 2138/45/97
f 2139/46/173 2140/24/173 2141/27/173
f 2139/46/173 2141/27/173 2142/47/173
f 2143/32/19 2144/137/19 2145/211/19
f 2143/32/19 2145/211/19 2146/199/19
f 2147/200/20 2148/212/20 2149/213/20
f 2147/200/21 2149/213/21 2150/201/21
f 2151/202/98 2152/214/98 2153/51/98
f 2151/202/98 2153/51/98 2154/48/98
f 2155/36/298 2156/52/298 2157/53/298
f 2155/36/174 2157/53/174 2158/37/174
f 2159/137/22 2160/138/22 2161/215/22
f 2159/137/22 2161/215/22 2162/211/22
f 2163/212/23 2164/216/23 2165/217/23
f 2163/212/23 2165/217/23 2166/213/23
f 2167/214/99 2168/218/99 2169/55/99
f 2167/214/99 2169/55/99 2170/51/99
f 2171/52/175 2172/56/175 2173/57/175
f 2171/52/339 2173/57/339 2174/53/339
f 2175/175/31 2176/177/31 2177/180/31
f 2175/175/30 2177/180/30 2178/176/30
s 1
f 2179/58/340 2180/28/340 2181/30/341
f 2179/58/340 2181/30/341 2182/59/342
f 2180/28/340 2179/58/340 2183/60/255
f 2180/28/340 2183/60/255 2184/26/255
f 2185/61/343 2184/26/255 2183/60/255
f 2185/61/343 2186/27/343 2184/26/255
s 0
f 2187/219/33 2188/181/33 2189/182/33
f 2187/219/32 2189/182/32 2190/220/32
f 2191/38/194 2192/12/194 2193/15/194
f 2191/38/344 2193/15/344 2194/62/344
s 1
f 2195/183/131 2196/221/131 2197/222/130
f 2195/183/131 2197/222/130 2198/184/130
f 2199/185/312 2196/221/131 2195/183/131
f 2199/185/312 2200/223/312 2196/221/131
f 2201/186/345 2200/223/312 2199/185/312
f 2201/186/345 2202/224/345 2200/223/312
s 0
f 2203/11/304 2204/14/304 2205/13/304
f 2203/11/129 2205/13/129 2206/8/129
s 1
f 2207/225/346 2208/196/347 2209/195/29
f 2207/225/346 2209/195/29 2210/226/348
f 2211/227/300 2208/196/347 2207/225/346
f 2211/227/300 2212/197/300 2208/196/347
f 2213/228/26 2212/197/300 2211/227/300
f 2213/228/26 2214/198/26 2212/197/300
f 2215/63/199 2216/25/199 2217/24/306
f 2215/63/199 2217/24/306 2218/64/306
f 2219/65/307 2216/25/199 2215/63/199
f 2219/65/307 2220/29/349 2216/25/199
f 2221/66/350 2220/29/349 2219/65/307
f 2221/66/350 2222/31/350 2220/29/349
s 0
f 2223/37/134 2224/67/134 2225/59/134
f 2223/37/316 2225/59/316 2226/30/316
f 2227/199/42 2228/229/42 2229/224/42
f 2227/199/42 2229/224/42 2230/186/42
f 2231/230/40 2232/202/40 2233/198/40
f 2231/230/40 2233/198/40 2234/228/40
f 2235/68/206 2236/36/206 2237/31/206
f 2235/68/206 2237/31/206 2238/66/206
f 2239/231/45 2240/207/45 2241/184/45
f 2239/231/45 2241/184/45 2242/222/45
f 2243/69/136 2244/47/136 2245/27/136
f 2243/69/136 2245/27/136 2246/61/136
f 2247/210/43 2248/232/43 2249/226/43
f 2247/210/259 2249/226/259 2250/195/259
f 2251/46/209 2252/70/209 2253/64/209
f 2251/46/351 2253/64/351 2254/24/351
f 2255/177/50 2256/175/50 2257/203/50
f 2255/177/321 2257/203/321 2258/204/321
f 2259/8/211 2260/13/211 2261/43/211
f 2259/8/139 2261/43/139 2262/71/139
f 2263/181/352 2264/219/352 2265/233/352
f 2263/181/48 2265/233/48 2266/206/48
f 2267/12/212 2268/38/212 2269/41/212
f 2267/12/212 2269/41/212 2270/42/212
f 2271/53/142 2272/72/142 2273/67/142
f 2271/53/323 2273/67/323 2274/37/323
f 2275/211/53 2276/234/53 2277/229/53
f 2275/211/143 2277/229/143 2278/199/143
f 2279/235/266 2280/214/266 2281/202/266
f 2279/235/52 2281/202/52 2282/230/52
f 2283/73/215 2284/52/215 2285/36/215
f 2283/73/214 2285/36/214 2286/68/214
f 2287/57/145 2288/74/145 2289/72/145
f 2287/57/216 2289/72/216 2290/53/216
f 2291/215/146 2292/236/353 2293/234/146
f 2291/215/58 2293/234/58 2294/211/58
f 2295/237/55 2296/218/55 2297/214/55
f 2295/237/268 2297/214/268 2298/235/268
f 2299/75/324 2300/56/324 2301/52/324
f 2299/75/218 2301/52/218 2302/73/218
f 2303/76/354 2304/77/354 2305/78/354
f 2303/76/219 2305/78/219 2306/79/219
s 1
f 2307/77/272 2308/80/272 2309/81/272
s 0
f 2307/77/272 2309/81/272 2310/78/272
f 2311/80/100 2312/238/100 2313/239/100
f 2311/80/100 2313/239/100 2314/81/100
f 2315/238/271 2316/240/271 2317/241/271
f 2315/238/355 2317/241/355 2318/239/355
f 2319/240/221 2320/242/221 2321/243/221
f 2319/240/59 2321/243/59 2322/241/59
f 2323/242/356 2324/244/356 2325/245/356
f 2323/242/60 2325/245/60 2326/243/60
f 2327/244/62 2328/141/62 2329/142/62
f 2327/244/62 2329/142/62 2330/245/62
f 2331/84/149 2332/76/149 2333/79/149
s 1
f 2331/84/150 2333/79/150 2334/85/150
s 0
f 2335/86/106 2336/87/106 2337/88/106
f 2335/86/106 2337/88/106 2338/89/106
f 2339/87/223 2340/90/223 2341/91/223
f 2339/87/223 2341/91/223 2342/88/223
f 2343/90/2 2344/246/2 2345/247/2
f 2343/90/2 2345/247/2 2346/91/2
f 2347/246/67 2348/248/67 2349/249/67
f 2347/246/67 2349/249/67 2350/247/67
f 2351/248/3 2352/250/3 2353/251/3
f 2351/248/3 2353/251/3 2354/249/3
f 2355/250/65 2356/252/65 2357/253/65
f 2355/250/65 2357/253/65 2358/251/65
f 2359/252/66 2360/124/66 2361/144/66
f 2359/252/66 2361/144/66 2362/253/66
f 2363/94/152 2364/86/152 2365/89/152
f 2363/94/152 2365/89/152 2366/95/152
f 2367/78/274 2368/96/274 2369/97/274
f 2367/78/178 2369/97/178 2370/79/178
f 2371/239/101 2372/254/101 2373/99/101
f 2371/239/104 2373/99/104 2374/81/104
f 2375/243/276 2376/255/276 2377/256/276
f 2375/243/225 2377/256/225 2378/241/225
f 2379/142/71 2380/147/71 2381/257/71
f 2379/142/70 2381/257/70 2382/245/70
f 2383/79/279 2384/97/279 2385/100/279
f 2383/79/357 2385/100/357 2386/85/357
f 2387/245/155 2388/257/155 2389/255/155
s 1
f 2387/245/74 2389/255/74 2390/243/74
f 2391/81/358 2392/99/359 2393/96/359
s 0
f 2391/81/360 2393/96/360 2394/78/360
f 2395/241/73 2396/256/73 2397/254/73
f 2395/241/278 2397/254/278 2398/239/278
f 2399/101/106 2400/102/106 2401/103/106
f 2399/101/106 2401/103/106 2402/104/106
f 2403/104/223 2404/103/223 2405/105/223
f 2403/104/361 2405/105/361 2406/106/361
f 2407/106/2 2408/105/2 2409/258/2
f 2407/106/2 2409/258/2 2410/259/2
f 2411/259/67 2412/258/67 2413/260/67
f 2411/259/67 2413/260/67 2414/261/67
f 2415/262/3 2416/263/3 2417/264/3
f 2415/262/3 2417/264/3 2418/265/3
f 2419/265/65 2420/264/65 2421/266/65
f 2419/265/65 2421/266/65 2422/267/65
f 2423/267/66 2424/266/66 2425/109/66
f 2423/267/66 2425/109/66 2426/110/66
f 2427/110/362 2428/109/362 2429/102/362
f 2427/110/152 2429/102/152 2430/101/152
s 1
f 2431/111/232 2432/15/363 2433/14/364
f 2434/112/365 2432/15/363 2431/111/232
f 2431/111/232 2433/14/364 2435/113/366
f 2434/112/365 2436/62/334 2432/15/363
f 2435/113/366 2433/14/364 2437/11/367
f 2438/268/368 2436/62/334 2434/112/365
f 2435/113/366 2437/11/367 2439/116/284
f 2438/268/368 2440/182/369 2436/62/334
f 2441/269/370 2440/182/369 2438/268/368
f 2441/269/370 2442/220/241 2440/182/369
f 2439/116/284 2437/11/367 2443/176/83
f 2439/116/284 2443/176/83 2444/270/371
f 2444/270/371 2443/176/83 2445/180/372
f 2444/270/371 2445/180/372 2446/271/243
f 2446/271/243 2445/180/372 2447/179/373
f 2446/271/243 2447/179/373 2448/272/374
s 0
f 2449/89/1 2450/88/1 2451/77/1
f 2449/89/1 2451/77/1 2452/76/1
f 2453/95/183 2449/89/183 2452/76/183
f 2453/95/1 2452/76/1 2454/84/1
f 2450/88/1 2455/80/1 2451/77/1
f 2450/88/1 2456/91/1 2455/80/1
f 2456/91/1 2457/238/1 2455/80/1
f 2456/91/1 2458/247/1 2457/238/1
f 2458/247/1 2459/240/1 2457/238/1
f 2458/247/88 2460/249/88 2459/240/88
f 2460/249/1 2461/242/1 2459/240/1
f 2460/249/1 2462/251/1 2461/242/1
f 2462/251/1 2463/244/1 2461/242/1
f 2462/251/1 2464/253/1 2463/244/1
f 2464/253/1 2465/141/1 2463/244/1
f 2464/253/1 2466/144/1 2465/141/1
f 2467/87/89 2468/86/89 2469/118/89
f 2468/86/89 2470/119/89 2469/118/89
f 2468/86/89 2471/94/89 2470/119/89
f 2467/87/89 2469/118/89 2472/120/89
f 2473/90/89 2467/87/89 2472/120/89
f 2473/90/89 2472/120/89 2474/121/89
f 2475/246/89 2473/90/89 2474/121/89
f 2475/246/89 2474/121/89 2476/273/89
f 2477/248/89 2475/246/89 2476/273/89
f 2477/248/89 2476/273/89 2478/274/89
f 2479/250/89 2477/248/89 2478/274/89
f 2479/250/89 2478/274/89 2480/275/89
f 2481/252/89 2479/250/89 2480/275/89
f 2481/252/89 2480/275/89 2482/276/89
f 2483/124/89 2481/252/89 2482/276/89
f 2483/124/89 2482/276/89 2484/123/89
f 2485/4/1 2486/6/1 2487/7/1
f 2485/4/1 2487/7/1 2488/1/1
f 2489/5/1 2485/4/1 2488/1/1
f 2487/7/1 2490/2/1 2488/1/1
f 2487/7/1 2491/3/1 2490/2/1
f 2492/10/2 2493/9/2 2494/8/2
f 2492/10/2 2494/8/2 2495/11/2
f 2496/14/106 2497/13/106 2498/12/106
f 2496/14/106 2498/12/106 2499/15/106
s 1
f 2500/16/4 2501/19/6 2502/18/5
f 2500/16/4 2502/18/5 2503/17/4
f 2501/19/6 2504/20/7 2502/18/5
f 2501/19/6 2505/21/8 2504/20/7
f 2505/21/8 2506/22/9 2504/20/7
f 2505/21/8 2507/23/9 2506/22/9
f 2508/26/167 2509/25/167 2510/24/168
f 2508/26/167 2510/24/168 2511/27/168
f 2512/28/170 2509/25/167 2508/26/167
f 2512/28/170 2513/29/181 2509/25/167
f 2514/30/171 2513/29/181 2512/28/170
f 2514/30/171 2515/31/171 2513/29/181
s 0
f 2516/34/2 2517/33/2 2518/32/2
f 2516/34/2 2518/32/2 2519/35/2
f 2520/30/106 2521/37/106 2522/36/106
f 2520/30/106 2522/36/106 2523/31/106
f 2524/38/14 2525/41/14 2526/40/14
f 2524/38/14 2526/40/14 2527/39/14
s 1
f 2528/43/185 2529/42/185 2530/12/185
s 0
f 2528/43/185 2530/12/185 2531/13/185
f 2532/16/186 2533/17/186 2534/44/186
f 2532/16/186 2534/44/186 2535/45/186
f 2536/27/188 2537/24/188 2538/46/188
f 2536/27/188 2538/46/188 2539/47/188
f 2540/48/19 2541/51/19 2542/50/19
f 2540/48/19 2542/50/19 2543/49/19
f 2544/53/298 2545/52/298 2546/36/298
f 2544/53/174 2546/36/174 2547/37/174
f 2548/55/22 2549/54/22 2550/50/22
f 2548/55/22 2550/50/22 2551/51/22
f 2552/57/175 2553/56/175 2554/52/175
f 2552/57/175 2554/52/175 2555/53/175
s 1
f 2556/30/375 2557/28/307 2558/58/307
f 2556/30/375 2558/58/307 2559/59/375
f 2560/60/199 2558/58/307 2557/28/307
f 2560/60/199 2557/28/307 2561/26/199
f 2561/26/199 2562/61/376 2560/60/199
f 2561/26/199 2563/27/376 2562/61/376
s 0
f 2564/15/196 2565/12/196 2566/38/196
f 2564/15/128 2566/38/377 2567/62/128
f 2568/13/344 2569/14/344 2570/11/344
f 2568/13/194 2570/11/194 2571/8/194
s 1
f 2572/24/310 2573/25/255 2574/63/255
f 2572/24/310 2574/63/255 2575/64/310
f 2573/25/255 2576/65/378 2574/63/255
f 2573/25/255 2577/29/378 2576/65/378
f 2577/29/378 2578/66/341 2576/65/378
f 2577/29/378 2579/31/341 2578/66/341
s 0
f 2580/59/206 2581/67/206 2582/37/206
f 2580/59/206 2582/37/206 2583/30/206
f 2584/31/134 2585/36/134 2586/68/134
f 2584/31/134 2586/68/134 2587/66/134
f 2588/27/379 2589/47/379 2590/69/379
f 2588/27/351 2590/69/351 2591/61/351
f 2592/64/260 2593/70/260 2594/46/260
f 2592/64/261 2594/46/261 2595/24/261
f 2596/43/380 2597/13/380 2598/8/380
f 2596/43/381 2598/8/381 2599/71/381
f 2600/41/139 2601/38/139 2602/12/139
f 2600/41/211 2602/12/211 2603/42/211
f 2604/67/215 2605/72/215 2606/53/215
f 2604/67/215 2606/53/215 2607/37/215
f 2608/36/382 2609/52/382 2610/73/382
f 2608/36/323 2610/73/323 2611/68/323
f 2612/72/383 2613/74/324 2614/57/324
f 2612/72/217 2614/57/217 2615/53/217
f 2616/52/145 2617/56/145 2618/75/145
f 2616/52/145 2618/75/145 2619/73/145
f 2620/78/219 2621/77/219 2622/76/219
f 2620/78/219 2622/76/219 2623/79/219
f 2624/81/384 2625/80/384 2626/77/384
f 2624/81/384 2626/77/384 2627/78/384
f 2628/81/62 2629/83/62 2630/82/62
f 2628/81/62 2630/82/62 2631/80/62
f 2632/79/220 2633/76/220 2634/84/220
s 1
f 2632/79/385 2634/84/385 2635/85/385
s 0
f 2636/88/106 2637/87/106 2638/86/106
f 2636/88/106 2638/86/106 2639/89/106
f 2640/91/152 2641/90/152 2642/87/152
f 2640/91/152 2642/87/152 2643/88/152
f 2644/93/66 2645/92/66 2646/90/66
f 2644/93/66 2646/90/66 2647/91/66
f 2648/89/223 2649/86/223 2650/94/223
f 2648/89/223 2650/94/223 2651/95/223
f 2652/97/274 2653/96/274 2654/78/274
f 2652/97/178 2654/78/178 2655/79/178
f 2656/81/71 2657/99/71 2658/98/71
f 2656/81/70 2658/98/70 2659/83/70
f 2660/100/277 2661/97/277 2662/79/277
f 2660/100/386 2662/79/386 2663/85/386
f 2664/96/387 2665/99/387 2666/81/387
f 2664/96/388 2666/81/388 2667/78/388
f 2668/103/106 2669/102/106 2670/101/106
f 2668/103/106 2670/101/106 2671/104/106
f 2672/105/152 2673/103/152 2674/104/152
f 2672/105/152 2674/104/152 2675/106/152
f 2676/109/2 2677/108/2 2678/107/2
f 2676/109/2 2678/107/2 2679/110/2
f 2680/102/223 2681/109/223 2682/110/223
f 2680/102/223 2682/110/223 2683/101/223
s 1
f 2684/14/363 2685/15/161 2686/111/366
f 2684/14/363 2686/111/366 2687/113/232
f 2685/15/161 2688/112/159 2686/111/366
f 2689/11/389 2684/14/363 2687/113/232
f 2685/15/161 2690/62/390 2688/112/159
f 2690/62/390 2691/114/84 2688/112/159
f 2690/62/390 2692/115/84 2691/114/84
f 2689/11/389 2687/113/232 2693/116/335
f 2689/11/389 2693/116/335 2694/117/87
f 2689/11/389 2694/117/87 2695/10/87
s 0
f 2696/77/183 2697/88/183 2698/89/183
f 2696/77/1 2698/89/1 2699/76/1
f 2699/76/183 2698/89/183 2700/95/183
f 2699/76/1 2700/95/1 2701/84/1
f 2702/80/1 2697/88/1 2696/77/1
f 2702/80/1 2703/91/1 2697/88/1
f 2702/80/1 2704/93/1 2703/91/1
f 2702/80/1 2705/82/1 2704/93/1
f 2706/118/294 2707/86/294 2708/87/294
f 2709/119/89 2707/86/89 2706/118/89
f 2709/119/89 2710/94/89 2707/86/89
f 2706/118/89 2708/87/89 2711/120/89
f 2711/120/89 2708/87/89 2712/90/89
f 2711/120/89 2712/90/89 2713/121/89
f 2713/121/89 2712/90/89 2714/92/89
f 2713/121/89 2714/92/89 2715/122/89
f 2716/123/89 2717/126/89 2718/125/89
f 2716/123/89 2718/125/89 2719/124/89
s 1
f 2720/127/90 2721/130/92 2722/129/91
f 2720/127/90 2722/129/91 2723/128/91
f 2724/131/93 2721/130/92 2720/127/90
f 2724/131/93 2725/132/94 2721/130/92
f 2726/34/95 2725/132/94 2724/131/93
f 2726/34/95 2727/35/95 2725/132/94
s 0
f 2728/133/96 2729/71/96 2730/8/96
f 2728/133/96 2730/8/96 2731/9/96
f 2732/129/97 2733/135/97 2734/134/97
f 2732/129/97 2734/134/97 2735/128/97
f 2736/136/98 2737/137/98 2738/32/98
f 2736/136/98 2738/32/98 2739/33/98
f 2740/138/99 2741/137/99 2742/136/99
f 2740/138/99 2742/136/99 2743/139/99
f 2744/142/100 2745/141/100 2746/140/100
f 2744/142/100 2746/140/100 2747/143/100
f 2748/144/2 2749/124/2 2750/125/2
f 2748/144/2 2750/125/2 2751/145/2
f 2752/146/104 2753/147/104 2754/142/104
f 2752/146/101 2754/142/101 2755/143/101
f 2756/141/1 2757/144/1 2758/145/1
f 2756/141/1 2758/145/1 2759/140/1
s 1
f 2760/127/90 2761/128/91 2762/149/91
f 2760/127/90 2762/149/91 2763/148/102
f 2764/131/93 2760/127/90 2763/148/102
f 2764/131/93 2763/148/102 2765/150/103
f 2766/34/95 2764/131/93 2765/150/103
f 2766/34/95 2765/150/103 2767/151/95
s 0
f 2768/133/96 2769/9/96 2770/153/96
s 1
f 2768/133/96 2770/153/96 2771/152/96
s 0
f 2772/134/97 2773/154/97 2774/149/97
f 2772/134/97 2774/149/97 2775/128/97
f 2776/136/98 2777/33/98 2778/156/98
f 2776/136/98 2778/156/98 2779/155/98
f 2780/136/99 2781/155/99 2782/157/99
f 2780/136/99 2782/157/99 2783/139/99
f 2784/140/100 2785/159/100 2786/158/100
f 2784/140/100 2786/158/100 2787/143/100
f 2788/125/2 2789/161/2 2790/160/2
f 2788/125/2 2790/160/2 2791/145/2
f 2792/146/101 2793/143/101 2794/158/101
f 2792/146/101 2794/158/101 2795/162/101
f 2796/117/87 2797/164/87 2798/163/87
f 2796/117/105 2798/163/105 2799/10/105
f 2800/145/1 2801/160/1 2802/159/1
f 2800/145/1 2802/159/1 2803/140/1
f 2804/62/66 2805/38/66 2806/39/66
f 2804/62/66 2806/39/66 2807/115/66
f 2808/23/66 2809/48/66 2810/49/66
f 2808/23/66 2810/49/66 2811/22/66
f 2812/105/66 2813/106/66 2814/165/66
f 2812/105/66 2814/165/66 2815/166/66
f 2816/7/1 2817/6/1 2818/167/1
f 2819/9/2 2820/10/2 2821/163/2
f 2819/9/2 2821/163/2 2822/153/2
f 2823/33/2 2824/34/2 2825/151/2
f 2823/33/2 2825/151/2 2826/156/2
f 2827/107/2 2828/108/2 2829/168/2
f 2827/107/2 2829/168/2 2830/169/2
f 2831/125/89 2832/126/89 2833/170/89
f 2831/125/89 2833/170/89 2834/161/89
f 2835/1/1 2836/2/1 2837/3/1
f 2835/1/1 2837/3/1 2838/4/1
f 2839/5/1 2835/1/1 2838/4/1
f 2837/3/1 2840/6/1 2838/4/1
f 2837/3/1 2841/7/1 2840/6/1
f 2842/8/3 2843/9/3 2844/10/3
f 2842/8/3 2844/10/3 2845/11/3
f 2846/12/66 2847/13/66 2848/14/66
f 2846/12/66 2848/14/66 2849/15/66
s 1
f 2850/16/168 2851/17/168 2852/18/391
f 2850/16/168 2852/18/391 2853/19/167
f 2853/19/167 2852/18/391 2854/20/392
f 2853/19/167 2854/20/392 2855/21/170
f 2855/21/170 2854/20/392 2856/22/393
f 2855/21/170 2856/22/393 2857/23/393
f 2858/24/4 2859/25/6 2860/26/6
f 2858/24/4 2860/26/6 2861/27/4
f 2859/25/6 2862/28/113 2860/26/6
f 2859/25/6 2863/29/113 2862/28/113
f 2863/29/113 2864/30/114 2862/28/113
f 2863/29/113 2865/31/114 2864/30/114
s 0
f 2866/32/3 2867/33/3 2868/34/3
f 2866/32/3 2868/34/3 2869/35/3
f 2870/36/66 2871/37/66 2872/30/66
f 2870/36/66 2872/30/66 2873/31/66
s 1
f 2874/38/172 2875/39/172 2876/40/172
s 0
f 2874/38/172 2876/40/172 2877/41/172
f 2878/12/116 2879/42/116 2880/43/116
f 2878/12/116 2880/43/116 2881/13/116
f 2882/44/173 2883/17/173 2884/16/173
f 2882/44/173 2884/16/173 2885/45/173
f 2886/46/117 2887/24/117 2888/27/117
f 2886/46/117 2888/27/117 2889/47/117
f 2890/48/174 2891/49/174 2892/50/174
f 2890/48/174 2892/50/174 2893/51/174
f 2894/36/119 2895/52/119 2896/53/119
f 2894/36/119 2896/53/119 2897/37/119
f 2898/50/175 2899/54/175 2900/55/175
f 2898/50/175 2900/55/175 2901/51/175
f 2902/52/122 2903/56/122 2904/57/122
f 2902/52/122 2904/57/122 2905/53/122
s 1
f 2906/58/37 2907/28/37 2908/30/394
f 2906/58/37 2908/30/394 2909/59/394
f 2907/28/37 2906/58/37 2910/60/34
f 2907/28/37 2910/60/34 2911/26/34
f 2912/61/130 2911/26/34 2910/60/34
f 2912/61/130 2913/27/130 2911/26/34
s 0
f 2914/38/129 2915/12/129 2916/15/129
f 2914/38/129 2916/15/129 2917/62/129
f 2918/11/30 2919/14/30 2920/13/30
f 2918/11/31 2920/13/31 2921/8/31
s 1
f 2922/63/255 2923/25/255 2924/24/127
f 2922/63/255 2924/24/127 2925/64/127
f 2926/65/311 2923/25/255 2922/63/255
f 2926/65/311 2927/29/311 2923/25/255
f 2928/66/342 2927/29/311 2926/65/311
f 2928/66/342 2929/31/342 2927/29/311
s 0
f 2930/37/395 2931/67/395 2932/59/395
f 2930/37/41 2932/59/41 2933/30/41
f 2934/68/134 2935/36/134 2936/31/134
f 2934/68/134 2936/31/134 2937/66/134
f 2938/69/45 2939/47/45 2940/27/45
f 2938/69/396 2940/27/396 2941/61/396
f 2942/46/397 2943/70/397 2944/64/397
f 2942/46/136 2944/64/136 2945/24/136
f 2946/8/50 2947/13/50 2948/43/50
f 2946/8/50 2948/43/50 2949/71/50
f 2950/12/398 2951/38/398 2952/41/398
f 2950/12/139 2952/41/139 2953/42/139
f 2954/53/53 2955/72/53 2956/67/53
f 2954/53/399 2956/67/399 2957/37/399
f 2958/73/400 2959/52/400 2960/36/400
f 2958/73/142 2960/36/142 2961/68/142
f 2962/57/401 2963/74/401 2964/72/401
f 2962/57/146 2964/72/146 2965/53/146
f 2966/75/402 2967/56/402 2968/52/402
f 2966/75/144 2968/52/144 2969/73/144
f 2970/76/147 2971/77/147 2972/78/147
f 2970/76/147 2972/78/147 2973/79/147
f 2974/77/325 2975/80/325 2976/81/325
f 2974/77/325 2976/81/325 2977/78/325
f 2978/81/177 2979/80/177 2980/82/177
f 2978/81/177 2980/82/177 2981/83/177
f 2982/84/356 2983/76/356 2984/79/356
f 2982/84/61 2984/79/61 2985/85/61
f 2986/86/66 2987/87/66 2988/88/66
f 2986/86/66 2988/88/66 2989/89/66
f 2990/87/152 2991/90/152 2992/91/152
f 2990/87/152 2992/91/152 2993/88/152
f 2994/90/106 2995/92/106 2996/93/106
f 2994/90/106 2996/93/106 2997/91/106
f 2998/94/65 2999/86/65 3000/89/65
f 2998/94/65 3000/89/65 3001/95/65
f 3002/78/71 3003/96/71 3004/97/71
f 3002/78/71 3004/97/71 3005/79/71
f 3006/81/403 3007/83/403 3008/98/403
f 3006/81/403 3008/98/403 3009/99/403
f 3010/79/155 3011/97/155 3012/100/155
f 3010/79/404 3012/100/404 3013/85/404
f 3014/81/405 3015/99/405 3016/96/405
f 3014/81/406 3016/96/406 3017/78/406
f 3018/101/66 3019/102/66 3020/103/66
f 3018/101/66 3020/103/66 3021/104/66
f 3022/104/151 3023/103/151 3024/105/151
f 3022/104/151 3024/105/151 3025/106/151
f 3026/107/3 3027/108/3 3028/109/3
f 3026/107/3 3028/109/3 3029/110/3
f 3030/110/65 3031/109/65 3032/102/65
f 3030/110/157 3032/102/157 3033/101/157
s 1
f 3034/111/284 3035/15/158 3036/14/83
f 3037/112/236 3035/15/158 3034/111/284
f 3034/111/284 3036/14/83 3038/113/81
f 3037/112/236 3039/62/364 3035/15/158
f 3040/114/165 3039/62/364 3037/112/236
f 3040/114/165 3041/115/165 3039/62/364
f 3038/113/81 3036/14/83 3042/11/79
f 3038/113/81 3042/11/79 3043/116/160
f 3044/117/163 3043/116/160 3042/11/79
f 3044/117/163 3042/11/79 3045/10/163
s 0
f 3046/89/1 3047/88/1 3048/77/1
f 3046/89/1 3048/77/1 3049/76/1
f 3050/95/1 3046/89/1 3049/76/1
f 3050/95/1 3049/76/1 3051/84/1
f 3047/88/1 3052/80/1 3048/77/1
f 3047/88/1 3053/91/1 3052/80/1
f 3052/80/1 3053/91/1 3054/93/1
f 3052/80/1 3054/93/1 3055/82/1
f 3056/87/89 3057/86/89 3058/118/89
f 3057/86/89 3059/119/89 3058/118/89
f 3057/86/89 3060/94/89 3059/119/89
f 3056/87/89 3058/118/89 3061/120/89
f 3062/90/89 3056/87/89 3061/120/89
f 3062/90/89 3061/120/89 3063/121/89
f 3064/92/89 3062/90/89 3063/121/89
f 3064/92/295 3063/121/295 3065/122/295
f 3066/123/89 3067/124/89 3068/125/89
f 3066/123/89 3068/125/89 3069/126/89
s 1
f 3070/127/407 3071/128/10 3072/129/10
f 3070/127/407 3072/129/10 3073/130/11
f 3074/131/408 3070/127/407 3073/130/11
f 3074/131/408 3073/130/11 3075/132/110
f 3076/34/112 3074/131/408 3075/132/110
f 3076/34/112 3075/132/110 3077/35/112
s 0
f 3078/133/115 3079/9/115 3080/8/115
f 3078/133/115 3080/8/115 3081/71/115
f 3082/134/187 3083/135/187 3084/129/187
f 3082/134/187 3084/129/187 3085/128/187
f 3086/136/21 3087/33/21 3088/32/21
f 3086/136/21 3088/32/21 3089/137/21
f 3090/136/23 3091/137/23 3092/138/23
f 3090/136/23 3092/138/23 3093/139/23
f 3094/140/148 3095/141/148 3096/142/148
f 3094/140/148 3096/142/148 3097/143/148
f 3098/125/3 3099/124/3 3100/144/3
f 3098/125/3 3100/144/3 3101/145/3
f 3102/146/69 3103/143/69 3104/142/69
f 3102/146/68 3104/142/68 3105/147/68
f 3106/145/1 3107/144/1 3108/141/1
f 3106/145/1 3108/141/1 3109/140/1
s 1
f 3110/127/407 3111/148/409 3112/149/10
f 3110/127/407 3112/149/10 3113/128/10
f 3114/131/408 3111/148/409 3110/127/407
f 3114/131/408 3115/150/12 3111/148/409
f 3116/34/112 3115/150/12 3114/131/408
f 3116/34/112 3117/151/112 3115/150/12
s 0
f 3118/133/115 3119/152/115 3120/153/115
s 1
f 3118/133/115 3120/153/115 3121/9/115
s 0
f 3122/149/187 3123/154/187 3124/134/187
f 3122/149/187 3124/134/187 3125/128/187
f 3126/136/21 3127/155/21 3128/156/21
f 3126/136/21 3128/156/21 3129/33/21
f 3130/157/23 3131/155/23 3132/136/23
f 3130/157/23 3132/136/23 3133/139/23
f 3134/158/148 3135/159/148 3136/140/148
f 3134/158/148 3136/140/148 3137/143/148
f 3138/160/3 3139/161/3 3140/125/3
f 3138/160/3 3140/125/3 3141/145/3
f 3142/146/68 3143/162/68 3144/158/68
s 1
f 3142/146/69 3144/158/69 3145/143/69
s 0
f 3146/163/410 3147/164/410 3148/117/410
f 3146/163/163 3148/117/163 3149/10/163
f 3150/159/1 3151/160/1 3152/145/1
f 3150/159/1 3152/145/1 3153/140/1
f 3154/39/106 3155/38/106 3156/62/106
f 3154/39/106 3156/62/106 3157/115/106
f 3158/49/106 3159/48/106 3160/23/106
f 3158/49/106 3160/23/106 3161/22/106
f 3162/165/106 3163/106/106 3164/105/106
f 3162/165/106 3164/105/106 3165/166/106
f 3166/7/1 3167/167/1 3168/6/1
f 3169/163/3 3170/10/3 3171/9/3
f 3169/163/3 3171/9/3 3172/153/3
f 3173/151/3 3174/34/3 3175/33/3
f 3173/151/3 3175/33/3 3176/156/3
f 3177/168/3 3178/108/3 3179/107/3
f 3177/168/3 3179/107/3 3180/169/3
f 3181/170/89 3182/126/89 3183/125/89
f 3181/170/89 3183/125/89 3184/161/89
f 3185/4/1 3186/6/1 3187/7/1
f 3185/4/1 3187/7/1 3188/1/1
f 3189/5/1 3185/4/1 3188/1/1
f 3187/7/1 3190/2/1 3188/1/1
f 3187/7/1 3191/3/1 3190/2/1
f 3192/10/66 3193/9/66 3194/8/66
f 3192/10/66 3194/8/66 3195/11/66
f 3196/14/3 3197/13/3 3198/12/3
f 3196/14/3 3198/12/3 3199/15/3
s 1
f 3200/16/91 3201/19/92 3202/18/411
f 3200/16/91 3202/18/411 3203/17/91
f 3201/19/92 3204/20/412 3202/18/411
f 3201/19/92 3205/21/94 3204/20/412
f 3205/21/94 3206/22/95 3204/20/412
f 3205/21/94 3207/23/95 3206/22/95
f 3208/26/11 3209/25/11 3210/24/10
f 3208/26/11 3210/24/10 3211/27/10
f 3212/28/12 3209/25/11 3208/26/11
f 3212/28/12 3213/29/12 3209/25/11
f 3214/30/13 3213/29/12 3212/28/12
f 3214/30/13 3215/31/13 3213/29/12
s 0
f 3216/34/66 3217/33/66 3218/32/66
f 3216/34/66 3218/32/66 3219/35/66
f 3220/30/3 3221/37/3 3222/36/3
f 3220/30/3 3222/36/3 3223/31/3
f 3224/38/96 3225/41/96 3226/40/96
f 3224/38/96 3226/40/96 3227/39/96
f 3228/43/15 3229/42/15 3230/12/15
f 3228/43/16 3230/12/16 3231/13/16
f 3232/16/97 3233/17/97 3234/44/97
f 3232/16/413 3234/44/413 3235/45/413
f 3236/27/18 3237/24/18 3238/46/18
f 3236/27/18 3238/46/18 3239/47/18
f 3240/48/98 3241/51/98 3242/50/98
f 3240/48/98 3242/50/98 3243/49/98
f 3244/53/189 3245/52/189 3246/36/189
f 3244/53/21 3246/36/21 3247/37/21
f 3248/55/99 3249/54/99 3250/50/99
f 3248/55/99 3250/50/99 3251/51/99
f 3252/57/23 3253/56/23 3254/52/23
f 3252/57/23 3254/52/23 3255/53/23
s 1
f 3256/30/38 3257/28/254 3258/58/36
f 3256/30/38 3258/58/36 3259/59/394
f 3260/60/253 3258/58/36 3257/28/254
f 3260/60/253 3257/28/254 3261/26/34
f 3261/26/34 3262/61/35 3260/60/253
f 3261/26/34 3263/27/35 3262/61/35
s 0
f 3264/15/309 3265/12/309 3266/38/309
f 3264/15/33 3266/38/33 3267/62/33
f 3268/13/30 3269/14/30 3270/11/30
f 3268/13/31 3270/11/31 3271/8/31
s 1
f 3272/24/29 3273/25/28 3274/63/302
f 3272/24/29 3274/63/302 3275/64/29
f 3273/25/28 3276/65/414 3274/63/302
f 3273/25/28 3277/29/414 3276/65/414
f 3277/29/414 3278/66/198 3276/65/414
f 3277/29/414 3279/31/198 3278/66/198
s 0
f 3280/59/41 3281/67/41 3282/37/41
f 3280/59/42 3282/37/42 3283/30/42
f 3284/31/39 3285/36/39 3286/68/39
f 3284/31/40 3286/68/40 3287/66/40
f 3288/27/45 3289/47/45 3290/69/45
f 3288/27/415 3290/69/415 3291/61/415
f 3292/64/43 3293/70/43 3294/46/43
f 3292/64/416 3294/46/416 3295/24/416
f 3296/43/321 3297/13/321 3298/8/321
f 3296/43/50 3298/8/50 3299/71/50
f 3300/41/47 3301/38/47 3302/12/47
f 3300/41/48 3302/12/48 3303/42/48
f 3304/67/53 3305/72/53 3306/53/53
f 3304/67/417 3306/53/417 3307/37/417
f 3308/36/266 3309/52/266 3310/73/266
f 3308/36/52 3310/73/52 3311/68/52
f 3312/72/146 3313/74/146 3314/57/146
f 3312/72/57 3314/57/418 3315/53/57
f 3316/52/268 3317/56/268 3318/75/268
f 3316/52/55 3318/75/55 3319/73/55
f 3320/78/59 3321/77/59 3322/76/59
f 3320/78/59 3322/76/59 3323/79/59
f 3324/81/355 3325/80/355 3326/77/355
f 3324/81/271 3326/77/271 3327/78/271
f 3328/81/100 3329/83/100 3330/82/100
f 3328/81/100 3330/82/100 3331/80/100
f 3332/79/60 3333/76/60 3334/84/60
f 3332/79/419 3334/84/419 3335/85/419
f 3336/88/3 3337/87/3 3338/86/3
f 3336/88/3 3338/86/3 3339/89/3
f 3340/91/67 3341/90/67 3342/87/67
f 3340/91/67 3342/87/67 3343/88/67
f 3344/93/2 3345/92/2 3346/90/2
f 3344/93/2 3346/90/2 3347/91/2
f 3348/89/65 3349/86/65 3350/94/65
f 3348/89/65 3350/94/65 3351/95/65
f 3352/97/420 3353/96/420 3354/78/420
f 3352/97/69 3354/78/69 3355/79/69
f 3356/81/101 3357/99/101 3358/98/101
f 3356/81/101 3358/98/101 3359/83/101
f 3360/100/75 3361/97/75 3362/79/75
f 3360/100/421 3362/79/421 3363/85/421
f 3364/96/422 3365/99/422 3366/81/422
f 3364/96/423 3366/81/423 3367/78/423
f 3368/103/3 3369/102/3 3370/101/3
f 3368/103/3 3370/101/3 3371/104/3
f 3372/105/77 3373/103/77 3374/104/77
f 3372/105/77 3374/104/77 3375/106/77
f 3376/109/66 3377/108/66 3378/107/66
f 3376/109/66 3378/107/66 3379/110/66
f 3380/102/65 3381/109/65 3382/110/65
f 3380/102/65 3382/110/65 3383/101/65
s 1
f 3384/14/79 3385/15/80 3386/111/370
f 3384/14/79 3386/111/370 3387/113/78
f 3385/15/80 3388/112/86 3386/111/370
f 3389/11/83 3384/14/79 3387/113/78
f 3385/15/80 3390/62/369 3388/112/86
f 3390/62/369 3391/114/87 3388/112/86
f 3390/62/369 3392/115/87 3391/114/87
f 3389/11/83 3387/113/78 3393/116/81
f 3389/11/83 3393/116/81 3394/117/84
f 3389/11/83 3394/117/84 3395/10/84
s 0
f 3396/77/88 3397/88/88 3398/89/88
f 3396/77/1 3398/89/1 3399/76/1
f 3399/76/1 3398/89/1 3400/95/1
f 3399/76/1 3400/95/1 3401/84/1
f 3402/80/1 3397/88/1 3396/77/1
f 3402/80/1 3403/91/1 3397/88/1
f 3402/80/1 3404/93/1 3403/91/1
f 3402/80/1 3405/82/1 3404/93/1
f 3406/118/295 3407/86/295 3408/87/295
f 3409/119/89 3407/86/89 3406/118/89
f 3409/119/89 3410/94/89 3407/86/89
f 3406/118/89 3408/87/89 3411/120/89
f 3411/120/89 3408/87/89 3412/90/89
f 3411/120/89 3412/90/89 3413/121/89
f 3413/121/89 3412/90/89 3414/92/89
f 3413/121/89 3414/92/89 3415/122/89
f 3416/123/89 3417/126/89 3418/125/89
f 3416/123/89 3418/125/89 3419/124/89
s 1
f 3420/127/424 3421/130/6 3422/129/4
f 3420/127/424 3422/129/4 3423/128/4
f 3424/131/425 3421/130/6 3420/127/424
f 3424/131/425 3425/132/8 3421/130/6
f 3426/34/9 3425/132/8 3424/131/425
f 3426/34/9 3427/35/9 3425/132/8
s 0
f 3428/133/14 3429/71/14 3430/8/14
f 3428/133/14 3430/8/14 3431/9/14
f 3432/129/186 3433/135/186 3434/134/186
f 3432/129/186 3434/134/186 3435/128/186
f 3436/136/19 3437/137/19 3438/32/19
f 3436/136/19 3438/32/19 3439/33/19
f 3440/138/22 3441/137/22 3442/136/22
f 3440/138/22 3442/136/22 3443/139/22
f 3444/142/62 3445/141/62 3446/140/62
f 3444/142/62 3446/140/62 3447/143/62
f 3448/144/66 3449/124/66 3450/125/66
f 3448/144/66 3450/125/66 3451/145/66
f 3452/146/71 3453/147/71 3454/142/71
f 3452/146/70 3454/142/70 3455/143/70
f 3456/141/1 3457/144/1 3458/145/1
f 3456/141/1 3458/145/1 3459/140/1
s 1
f 3460/127/424 3461/128/4 3462/149/4
f 3460/127/424 3462/149/4 3463/148/426
f 3464/131/425 3460/127/424 3463/148/426
f 3464/131/425 3463/148/426 3465/150/113
f 3466/34/9 3464/131/425 3465/150/113
f 3466/34/9 3465/150/113 3467/151/9
s 0
f 3468/133/14 3469/9/14 3470/153/14
s 1
f 3468/133/14 3470/153/14 3471/152/14
s 0
f 3472/134/186 3473/154/186 3474/149/186
f 3472/134/186 3474/149/186 3475/128/186
f 3476/136/19 3477/33/19 3478/156/19
f 3476/136/19 3478/156/19 3479/155/19
f 3480/136/22 3481/155/22 3482/157/22
f 3480/136/22 3482/157/22 3483/139/22
f 3484/140/62 3485/159/62 3486/158/62
f 3484/140/62 3486/158/62 3487/143/62
f 3488/125/66 3489/161/66 3490/160/66
f 3488/125/66 3490/160/66 3491/145/66
f 3492/146/70 3493/143/70 3494/158/70
f 3492/146/71 3494/158/71 3495/162/71
f 3496/117/427 3497/164/427 3498/163/427
f 3496/117/84 3498/163/84 3499/10/84
f 3500/145/1 3501/160/1 3502/159/1
f 3500/145/1 3502/159/1 3503/140/1
f 3504/62/2 3505/38/2 3506/39/2
f 3504/62/2 3506/39/2 3507/115/2
f 3508/23/2 3509/48/2 3510/49/2
f 3508/23/2 3510/49/2 3511/22/2
f 3512/105/2 3513/106/2 3514/165/2
f 3512/105/2 3514/165/2 3515/166/2
f 3516/7/1 3517/6/1 3518/167/1
f 3519/9/66 3520/10/66 3521/163/66
f 3519/9/66 3521/163/66 3522/153/66
f 3523/33/66 3524/34/66 3525/151/66
f 3523/33/66 3525/151/66 3526/156/66
f 3527/107/66 3528/108/66 3529/168/66
f 3527/107/66 3529/168/66 3530/169/66
f 3531/125/89 3532/126/89 3533/170/89
f 3531/125/89 3533/170/89 3534/161/89
f 3535/1/1 3536/2/1 3537/3/1
f 3535/1/1 3537/3/1 3538/4/1
f 3539/5/1 3535/1/1 3538/4/1
f 3537/3/1 3540/6/1 3538/4/1
f 3537/3/1 3541/7/1 3540/6/1
f 3542/8/106 3543/9/106 3544/10/106
f 3542/8/106 3544/10/106 3545/11/106
f 3546/12/2 3547/13/2 3548/14/2
f 3546/12/2 3548/14/2 3549/15/2
s 1
f 3550/16/107 3551/17/10 3552/18/108
f 3550/16/107 3552/18/108 3553/19/11
f 3553/19/11 3552/18/108 3554/20/109
f 3553/19/11 3554/20/109 3555/21/110
f 3555/21/110 3554/20/109 3556/22/111
f 3555/21/110 3556/22/111 3557/23/111
f 3558/24/91 3559/25/92 3560/26/92
f 3558/24/91 3560/26/92 3561/27/91
f 3559/25/92 3562/28/103 3560/26/92
f 3559/25/92 3563/29/103 3562/28/103
f 3563/29/103 3564/30/428 3562/28/103
f 3563/29/103 3565/31/428 3564/30/428
s 0
f 3566/32/106 3567/33/106 3568/34/106
f 3566/32/106 3568/34/106 3569/35/106
f 3570/36/2 3571/37/2 3572/30/2
f 3570/36/2 3572/30/2 3573/31/2
s 1
f 3574/38/115 3575/39/115 3576/40/115
s 0
f 3574/38/115 3576/40/115 3577/41/115
f 3578/12/429 3579/42/429 3580/43/429
f 3578/12/429 3580/43/429 3581/13/429
f 3582/44/18 3583/17/18 3584/16/18
f 3582/44/18 3584/16/18 3585/45/18
f 3586/46/430 3587/24/430 3588/27/430
f 3586/46/430 3588/27/430 3589/47/430
f 3590/48/21 3591/49/21 3592/50/21
f 3590/48/21 3592/50/21 3593/51/21
f 3594/36/98 3595/52/98 3596/53/98
f 3594/36/98 3596/53/98 3597/37/98
f 3598/50/120 3599/54/120 3600/55/120
f 3598/50/23 3600/55/23 3601/51/23
f 3602/52/99 3603/56/99 3604/57/99
f 3602/52/99 3604/57/99 3605/53/99
s 1
f 3606/58/307 3607/28/431 3608/30/432
f 3606/58/307 3608/30/432 3609/59/432
f 3607/28/431 3606/58/307 3610/60/199
f 3607/28/431 3610/60/199 3611/26/199
f 3612/61/200 3611/26/199 3610/60/199
f 3612/61/200 3613/27/200 3611/26/199
s 0
f 3614/38/33 3615/12/33 3616/15/33
f 3614/38/32 3616/15/32 3617/62/32
f 3618/11/344 3619/14/344 3620/13/344
f 3618/11/193 3620/13/193 3621/8/193
s 1
f 3622/63/347 3623/25/347 3624/24/433
f 3622/63/347 3624/24/433 3625/64/433
f 3626/65/300 3623/25/347 3622/63/347
f 3626/65/300 3627/29/300 3623/25/347
f 3628/66/198 3627/29/300 3626/65/300
f 3628/66/198 3629/31/198 3627/29/300
s 0
f 3630/37/434 3631/67/434 3632/59/434
f 3630/37/205 3632/59/205 3633/30/205
f 3634/68/39 3635/36/39 3636/31/39
f 3634/68/435 3636/31/435 3637/66/435
f 3638/69/209 3639/47/209 3640/27/209
f 3638/69/379 3640/27/379 3641/61/379
f 3642/46/436 3643/70/436 3644/64/436
f 3642/46/416 3644/64/416 3645/24/416
f 3646/8/212 3647/13/212 3648/43/212
f 3646/8/212 3648/43/212 3649/71/212
f 3650/12/48 3651/38/48 3652/41/48
f 3650/12/48 3652/41/48 3653/42/48
f 3654/53/322 3655/72/322 3656/67/322
f 3654/53/437 3656/67/437 3657/37/437
f 3658/73/213 3659/52/213 3660/36/213
f 3658/73/438 3660/36/438 3661/68/438
f 3662/57/218 3663/74/218 3664/72/218
f 3662/57/218 3664/72/218 3665/53/218
f 3666/75/267 3667/56/267 3668/52/267
f 3666/75/55 3668/52/55 3669/73/55
f 3670/76/439 3671/77/439 3672/78/439
f 3670/76/439 3672/78/439 3673/79/439
f 3674/77/271 3675/80/271 3676/81/271
f 3674/77/270 3676/81/270 3677/78/270
f 3678/81/148 3679/80/148 3680/82/148
f 3678/81/148 3680/82/148 3681/83/148
f 3682/84/220 3683/76/220 3684/79/220
f 3682/84/272 3684/79/272 3685/85/272
f 3686/86/2 3687/87/2 3688/88/2
f 3686/86/2 3688/88/2 3689/89/2
f 3690/87/67 3691/90/67 3692/91/67
f 3690/87/67 3692/91/67 3693/88/67
f 3694/90/3 3695/92/3 3696/93/3
f 3694/90/3 3696/93/3 3697/91/3
f 3698/94/223 3699/86/223 3700/89/223
f 3698/94/223 3700/89/223 3701/95/223
f 3702/78/101 3703/96/101 3704/97/101
f 3702/78/101 3704/97/101 3705/79/101
f 3706/81/68 3707/83/68 3708/98/68
f 3706/81/68 3708/98/68 3709/99/68
f 3710/79/359 3711/97/359 3712/100/359
f 3710/79/440 3712/100/440 3713/85/440
f 3714/81/73 3715/99/73 3716/96/73
f 3714/81/278 3716/96/278 3717/78/278
f 3718/101/2 3719/102/2 3720/103/2
f 3718/101/2 3720/103/2 3721/104/2
f 3722/104/441 3723/103/441 3724/105/441
f 3722/104/441 3724/105/441 3725/106/441
f 3726/107/106 3727/108/106 3728/109/106
f 3726/107/106 3728/109/106 3729/110/106
f 3730/110/361 3731/109/361 3732/102/361
f 3730/110/442 3732/102/442 3733/101/442
s 1
f 3734/111/290 3735/15/443 3736/14/389
f 3737/112/330 3735/15/443 3734/111/290
f 3734/111/290 3736/14/389 3738/113/286
f 3737/112/330 3739/62/444 3735/15/443
f 3740/114/163 3739/62/444 3737/112/330
f 3740/114/163 3741/115/163 3739/62/444
f 3738/113/286 3736/14/389 3742/11/363
f 3738/113/286 3742/11/363 3743/116/336
f 3744/117/182 3743/116/336 3742/11/363
f 3744/117/182 3742/11/363 3745/10/182
s 0
f 3746/89/1 3747/88/1 3748/77/1
f 3746/89/1 3748/77/1 3749/76/1
f 3750/95/1 3746/89/1 3749/76/1
f 3750/95/1 3749/76/1 3751/84/1
f 3747/88/1 3752/80/1 3748/77/1
f 3747/88/1 3753/91/1 3752/80/1
f 3752/80/1 3753/91/1 3754/93/1
f 3752/80/1 3754/93/1 3755/82/1
f 3756/87/89 3757/86/89 3758/118/89
f 3757/86/89 3759/119/89 3758/118/89
f 3757/86/89 3760/94/89 3759/119/89
f 3756/87/89 3758/118/89 3761/120/89
f 3762/90/89 3756/87/89 3761/120/89
f 3762/90/89 3761/120/89 3763/121/89
f 3764/92/89 3762/90/89 3763/121/89
f 3764/92/89 3763/121/89 3765/122/89
f 3766/123/89 3767/124/89 3768/125/89
f 3766/123/89 3768/125/89 3769/126/89
s 1
f 3770/127/166 3771/128/168 3772/129/168
f 3770/127/166 3772/129/168 3773/130/167
f 3774/131/169 3770/127/166 3773/130/167
f 3774/131/169 3773/130/167 3775/132/170
f 3776/34/393 3774/131/169 3775/132/170
f 3776/34/393 3775/132/170 3777/35/393
s 0
f 3778/133/172 3779/9/172 3780/8/172
f 3778/133/172 3780/8/172 3781/71/172
f 3782/134/173 3783/135/173 3784/129/173
f 3782/134/173 3784/129/173 3785/128/173
f 3786/136/445 3787/33/445 3788/32/445
f 3786/136/446 3788/32/446 3789/137/446
f 3790/136/176 3791/137/176 3792/138/176
f 3790/136/447 3792/138/447 3793/139/447
f 3794/140/177 3795/141/177 3796/142/177
f 3794/140/177 3796/142/177 3797/143/177
f 3798/125/106 3799/124/106 3800/144/106
f 3798/125/106 3800/144/106 3801/145/106
f 3802/146/179 3803/143/179 3804/142/179
f 3802/146/178 3804/142/178 3805/147/178
f 3806/145/1 3807/144/1 3808/141/1
f 3806/145/1 3808/141/1 3809/140/1
s 1
f 3810/127/166 3811/148/180 3812/149/168
f 3810/127/166 3812/149/168 3813/128/168
f 3814/131/169 3811/148/180 3810/127/166
f 3814/131/169 3815/150/181 3811/148/180
f 3816/34/393 3815/150/181 3814/131/169
f 3816/34/393 3817/151/393 3815/150/181
f 3818/133/172 3819/152/172 3820/153/172
f 3818/133/172 3820/153/172 3821/9/172
s 0
f 3822/149/448 3823/154/448 3824/134/448
f 3822/149/173 3824/134/173 3825/128/173
f 3826/136/446 3827/155/446 3828/156/446
f 3826/136/445 3828/156/445 3829/33/445
f 3830/157/176 3831/155/176 3832/136/176
f 3830/157/447 3832/136/447 3833/139/447
f 3834/158/177 3835/159/177 3836/140/177
f 3834/158/177 3836/140/177 3837/143/177
f 3838/160/106 3839/161/106 3840/125/106
f 3838/160/106 3840/125/106 3841/145/106
f 3842/146/178 3843/162/178 3844/158/178
f 3842/146/179 3844/158/179 3845/143/179
f 3846/163/165 3847/164/165 3848/117/165
f 3846/163/165 3848/117/165 3849/10/165
f 3850/159/1 3851/160/1 3852/145/1
f 3850/159/1 3852/145/1 3853/140/1
f 3854/39/3 3855/38/3 3856/62/3
f 3854/39/3 3856/62/3 3857/115/3
f 3858/49/3 3859/48/3 3860/23/3
f 3858/49/3 3860/23/3 3861/22/3
f 3862/165/3 3863/106/3 3864/105/3
f 3862/165/3 3864/105/3 3865/166/3
f 3866/7/1 3867/167/1 3868/6/1
f 3869/163/106 3870/10/106 3871/9/106
f 3869/163/106 3871/9/106 3872/153/106
f 3873/151/106 3874/34/106 3875/33/106
f 3873/151/106 3875/33/106 3876/156/106
f 3877/168/106 3878/108/106 3879/107/106
f 3877/168/106 3879/107/106 3880/169/106
f 3881/170/89 3882/126/89 3883/125/89
f 3881/170/89 3883/125/89 3884/161/89
f 3885/4/1 3886/174/1 3887/172/1
f 3885/4/1 3887/172/1 3888/1/1
f 3889/5/1 3885/4/1 3888/1/1
f 3887/172/1 3890/171/1 3888/1/1
f 3887/172/1 3891/173/1 3890/171/1
f 3890/171/1 3892/2/1 3888/1/1
f 3893/176/2 3894/175/2 3895/8/2
f 3893/176/2 3895/8/2 3896/11/2
f 3897/179/3 3898/178/3 3899/177/3
f 3897/179/3 3899/177/3 3900/180/3
f 3901/62/66 3902/38/66 3903/181/66
f 3901/62/66 3903/181/66 3904/182/66
f 3905/14/106 3906/13/106 3907/12/106
f 3905/14/106 3907/12/106 3908/15/106
s 1
f 3909/183/92 3910/130/92 3911/129/91
f 3909/183/92 3911/129/91 3912/184/91
f 3913/185/94 3910/130/92 3909/183/92
f 3913/185/94 3914/132/94 3910/130/92
f 3915/186/95 3914/132/94 3913/185/94
f 3915/186/95 3916/35/95 3914/132/94
f 3917/189/11 3918/188/11 3919/187/10
f 3917/189/11 3919/187/10 3920/190/10
f 3921/191/12 3918/188/11 3917/189/11
f 3921/191/12 3922/192/12 3918/188/11
f 3923/193/13 3922/192/12 3921/191/12
f 3923/193/13 3924/194/13 3922/192/12
f 3925/19/6 3926/196/6 3927/195/4
f 3925/19/6 3927/195/4 3928/16/4
f 3929/21/8 3926/196/6 3925/19/6
f 3929/21/8 3930/197/8 3926/196/6
f 3931/23/9 3930/197/8 3929/21/8
f 3931/23/9 3932/198/9 3930/197/8
f 3933/26/184 3934/25/184 3935/24/449
f 3933/26/184 3935/24/449 3936/27/168
f 3937/28/170 3934/25/184 3933/26/184
f 3937/28/170 3938/29/170 3934/25/184
f 3939/30/393 3938/29/170 3937/28/170
f 3939/30/393 3940/31/171 3938/29/170
s 0
f 3941/186/2 3942/199/2 3943/32/2
f 3941/186/2 3943/32/2 3944/35/2
f 3945/193/3 3946/201/3 3947/200/3
f 3945/193/3 3947/200/3 3948/194/3
f 3949/23/66 3950/48/66 3951/202/66
f 3949/23/66 3951/202/66 3952/198/66
f 3953/30/106 3954/37/106 3955/36/106
f 3953/30/106 3955/36/106 3956/31/106
s 1
f 3957/203/96 3958/71/96 3959/8/96
s 0
f 3957/203/96 3959/8/96 3960/175/96
f 3961/205/15 3962/204/15 3963/177/15
f 3961/205/15 3963/177/15 3964/178/15
s 1
f 3965/41/14 3966/206/14 3967/181/14
f 3965/41/14 3967/181/14 3968/38/14
s 0
f 3969/43/185 3970/42/185 3971/12/185
f 3969/43/185 3971/12/185 3972/13/185
f 3973/184/97 3974/129/97 3975/135/97
f 3973/184/97 3975/135/97 3976/207/97
f 3977/190/18 3978/187/18 3979/208/18
f 3977/190/187 3979/208/187 3980/209/187
f 3981/16/186 3982/195/186 3983/210/186
f 3981/16/186 3983/210/186 3984/45/186
f 3985/27/450 3986/24/450 3987/46/450
f 3985/27/188 3987/46/188 3988/47/188
f 3989/211/98 3990/137/98 3991/32/98
f 3989/211/98 3991/32/98 3992/199/98
f 3993/213/21 3994/212/21 3995/200/21
f 3993/213/21 3995/200/21 3996/201/21
f 3997/51/19 3998/214/19 3999/202/19
f 3997/51/19 3999/202/19 4000/48/19
f 4001/53/298 4002/52/298 4003/36/298
f 4001/53/245 4003/36/245 4004/37/245
f 4005/215/99 4006/138/99 4007/137/99
f 4005/215/99 4007/137/99 4008/211/99
f 4009/217/23 4010/216/23 4011/212/23
f 4009/217/23 4011/212/23 4012/213/23
f 4013/55/22 4014/218/22 4015/214/22
f 4013/55/22 4015/214/22 4016/51/22
f 4017/57/339 4018/56/339 4019/52/339
s 1
f 4017/57/339 4019/52/339 4020/53/339
s 0
f 4021/180/33 4022/177/33 4023/175/33
f 4021/180/32 4023/175/32 4024/176/32
s 1
f 4025/30/350 4026/28/349 4027/58/349
f 4025/30/350 4027/58/349 4028/59/350
f 4029/60/199 4027/58/349 4026/28/349
f 4029/60/199 4026/28/349 4030/26/199
f 4030/26/199 4031/61/200 4029/60/199
f 4030/26/199 4032/27/200 4031/61/200
s 0
f 4033/182/30 4034/181/30 4035/219/30
f 4033/182/31 4035/219/31 4036/220/31
f 4037/15/129 4038/12/129 4039/38/129
f 4037/15/196 4039/38/196 4040/62/196
s 1
f 4041/222/29 4042/221/302 4043/183/302
f 4041/222/29 4043/183/302 4044/184/29
f 4042/221/302 4045/185/414 4043/183/302
f 4042/221/302 4046/223/414 4045/185/414
f 4046/223/414 4047/186/198 4045/185/414
f 4046/223/414 4048/224/198 4047/186/198
s 0
f 4049/13/194 4050/14/194 4051/11/194
f 4049/13/193 4051/11/193 4052/8/193
s 1
f 4053/195/35 4054/196/34 4055/225/34
f 4053/195/35 4055/225/34 4056/226/451
f 4054/196/34 4057/227/195 4055/225/34
f 4054/196/34 4058/197/195 4057/227/195
f 4058/197/195 4059/228/38 4057/227/195
f 4058/197/195 4060/198/38 4059/228/38
f 4061/24/127 4062/25/126 4063/63/126
f 4061/24/127 4063/63/126 4064/64/452
f 4062/25/126 4065/65/190 4063/63/126
f 4062/25/126 4066/29/190 4065/65/190
f 4066/29/190 4067/66/453 4065/65/190
f 4066/29/190 4068/31/453 4067/66/453
s 0
f 4069/59/206 4070/67/206 4071/37/206
f 4069/59/454 4071/37/454 4072/30/454
f 4073/224/39 4074/229/39 4075/199/39
f 4073/224/435 4075/199/435 4076/186/435
f 4077/198/41 4078/202/41 4079/230/41
f 4077/198/42 4079/230/42 4080/228/42
f 4081/31/316 4082/36/316 4083/68/316
f 4081/31/316 4083/68/316 4084/66/316
f 4085/184/43 4086/207/43 4087/231/43
f 4085/184/208 4087/231/208 4088/222/208
f 4089/27/210 4090/47/210 4091/69/210
f 4089/27/210 4091/69/210 4092/61/210
f 4093/226/45 4094/232/45 4095/210/45
f 4093/226/455 4095/210/455 4096/195/455
f 4097/64/318 4098/70/318 4099/46/318
f 4097/64/136 4099/46/136 4100/24/136
f 4101/203/47 4102/175/47 4103/177/47
f 4101/203/48 4103/177/48 4104/204/48
f 4105/43/380 4106/13/380 4107/8/380
f 4105/43/212 4107/8/212 4108/71/212
f 4109/233/321 4110/219/321 4111/181/321
f 4109/233/50 4111/181/50 4112/206/50
f 4113/41/211 4114/38/211 4115/12/211
f 4113/41/398 4115/12/398 4116/42/398
f 4117/67/215 4118/72/215 4119/53/215
f 4117/67/322 4119/53/322 4120/37/322
f 4121/229/266 4122/234/266 4123/211/266
s 1
f 4121/229/213 4123/211/213 4124/199/213
s 0
f 4125/202/399 4126/214/399 4127/235/399
f 4125/202/54 4127/235/54 4128/230/54
f 4129/36/400 4130/52/400 4131/73/400
f 4129/36/323 4131/73/323 4132/68/323
f 4133/72/456 4134/74/456 4135/57/456
f 4133/72/217 4135/57/217 4136/53/217
f 4137/234/268 4138/236/268 4139/215/268
f 4137/234/55 4139/215/55 4140/211/55
f 4141/214/146 4142/218/146 4143/237/146
f 4141/214/146 4143/237/146 4144/235/146
f 4145/52/457 4146/56/457 4147/75/457
f 4145/52/145 4147/75/145 4148/73/145
f 4149/78/219 4150/77/219 4151/76/219
f 4149/78/219 4151/76/219 4152/79/219
f 4153/81/149 4154/80/149 4155/77/149
f 4153/81/149 4155/77/149 4156/78/149
f 4157/239/62 4158/238/62 4159/80/62
f 4157/239/62 4159/80/62 4160/81/62
f 4161/241/458 4162/240/458 4163/238/458
f 4161/241/356 4163/238/356 4164/239/356
f 4165/243/221 4166/242/221 4167/240/221
f 4165/243/59 4167/240/59 4168/241/59
s 1
f 4169/245/270 4170/244/270 4171/242/270
s 0
f 4169/245/459 4171/242/459 4172/243/459
f 4173/142/100 4174/141/100 4175/244/100
f 4173/142/100 4175/244/100 4176/245/100
s 1
f 4177/79/220 4178/76/220 4179/84/220
s 0
f 4177/79/220 4179/84/220 4180/85/220
f 4181/88/106 4182/87/106 4183/86/106
f 4181/88/106 4183/86/106 4184/89/106
f 4185/91/152 4186/90/152 4187/87/152
f 4185/91/152 4187/87/152 4188/88/152
f 4189/247/66 4190/246/66 4191/90/66
f 4189/247/66 4191/90/66 4192/91/66
f 4193/249/65 4194/248/65 4195/246/65
f 4193/249/65 4195/246/65 4196/247/65
f 4197/251/3 4198/250/3 4199/248/3
f 4197/251/3 4199/248/3 4200/249/3
f 4201/253/67 4202/252/67 4203/250/67
f 4201/253/67 4203/250/67 4204/251/67
f 4205/144/2 4206/124/2 4207/252/2
f 4205/144/2 4207/252/2 4208/253/2
f 4209/89/223 4210/86/223 4211/94/223
f 4209/89/223 4211/94/223 4212/95/223
f 4213/97/178 4214/96/178 4215/78/178
f 4213/97/179 4215/78/179 4216/79/179
f 4217/99/70 4218/254/70 4219/239/70
f 4217/99/70 4219/239/70 4220/81/70
s 1
f 4221/256/460 4222/255/460 4223/243/460
s 0
f 4221/256/225 4223/243/225 4224/241/225
f 4225/257/101 4226/147/101 4227/142/101
f 4225/257/101 4227/142/101 4228/245/101
f 4229/100/461 4230/97/461 4231/79/461
f 4229/100/386 4231/79/386 4232/85/386
f 4233/255/278 4234/257/278 4235/245/278
f 4233/255/422 4235/245/422 4236/243/422
s 1
f 4237/96/462 4238/99/462 4239/81/462
s 0
f 4237/96/387 4239/81/387 4240/78/387
f 4241/254/281 4242/256/281 4243/241/281
f 4241/254/156 4243/241/156 4244/239/156
f 4245/103/106 4246/102/106 4247/101/106
f 4245/103/106 4247/101/106 4248/104/106
f 4249/105/152 4250/103/152 4251/104/152
f 4249/105/152 4251/104/152 4252/106/152
f 4253/258/66 4254/105/66 4255/106/66
f 4253/258/66 4255/106/66 4256/259/66
f 4257/260/65 4258/258/65 4259/259/65
f 4257/260/65 4259/259/65 4260/261/65
f 4261/264/3 4262/263/3 4263/262/3
f 4261/264/3 4263/262/3 4264/265/3
f 4265/266/67 4266/264/67 4267/265/67
f 4265/266/67 4267/265/67 4268/267/67
f 4269/109/2 4270/266/2 4271/267/2
f 4269/109/2 4271/267/2 4272/110/2
f 4273/102/223 4274/109/223 4275/110/223
f 4273/102/223 4275/110/223 4276/101/223
s 1
f 4277/14/463 4278/15/364 4279/111/164
f 4277/14/463 4279/111/164 4280/113/336
f 4278/15/364 4281/112/464 4279/111/164
f 4282/11/285 4277/14/463 4280/113/336
f 4278/15/364 4283/62/465 4281/112/464
f 4282/11/285 4280/113/336 4284/116/286
f 4283/62/465 4285/268/81 4281/112/464
f 4286/176/369 4282/11/285 4284/116/286
f 4283/62/465 4287/182/466 4285/268/81
f 4287/182/466 4288/269/467 4285/268/81
f 4287/182/466 4289/220/468 4288/269/467
f 4286/176/369 4284/116/286 4290/270/290
f 4291/180/80 4286/176/369 4290/270/290
f 4291/180/80 4290/270/290 4292/271/370
f 4293/179/469 4291/180/80 4292/271/370
f 4293/179/469 4292/271/370 4294/272/470
s 0
f 4295/77/183 4296/88/183 4297/89/183
f 4298/80/1 4296/88/1 4295/77/1
f 4295/77/1 4297/89/1 4299/76/1
f 4298/80/1 4300/91/1 4296/88/1
f 4299/76/1 4297/89/1 4301/95/1
f 4299/76/1 4301/95/1 4302/84/1
f 4303/238/1 4300/91/1 4298/80/1
f 4303/238/1 4304/247/1 4300/91/1
f 4305/240/1 4304/247/1 4303/238/1
f 4305/240/1 4306/249/1 4304/247/1
f 4307/242/1 4306/249/1 4305/240/1
f 4307/242/88 4308/251/88 4306/249/88
f 4309/244/1 4308/251/1 4307/242/1
f 4309/244/1 4310/253/1 4308/251/1
f 4311/141/1 4310/253/1 4309/244/1
f 4311/141/1 4312/144/1 4310/253/1
f 4313/118/89 4314/86/89 4315/87/89
f 4316/119/89 4314/86/89 4313/118/89
f 4316/119/89 4317/94/89 4314/86/89
f 4313/118/89 4315/87/89 4318/120/89
f 4318/120/89 4315/87/89 4319/90/89
f 4318/120/89 4319/90/89 4320/121/89
f 4320/121/89 4319/90/89 4321/246/89
f 4320/121/89 4321/246/89 4322/273/89
f 4322/273/89 4321/246/89 4323/248/89
f 4322/273/89 4323/248/89 4324/274/89
f 4324/274/295 4323/248/295 4325/250/295
f 4324/274/89 4325/250/89 4326/275/89
f 4326/275/89 4325/250/89 4327/252/89
f 4326/275/89 4327/252/89 4328/276/89
f 4328/276/89 4327/252/89 4329/124/89
f 4328/276/89 4329/124/89 4330/123/89
f 4331/1/1 4332/2/1 4333/171/1
f 4331/1/1 4333/171/1 4334/4/1
f 4335/5/1 4331/1/1 4334/4/1
f 4333/171/1 4336/172/1 4334/4/1
f 4333/171/1 4337/173/1 4336/172/1
f 4336/172/1 4338/174/1 4334/4/1
f 4339/8/66 4340/175/66 4341/176/66
f 4339/8/66 4341/176/66 4342/11/66
f 4343/177/3 4344/178/3 4345/179/3
f 4343/177/3 4345/179/3 4346/180/3
f 4347/181/2 4348/38/2 4349/62/2
f 4347/181/2 4349/62/2 4350/182/2
f 4351/12/106 4352/13/106 4353/14/106
f 4351/12/106 4353/14/106 4354/15/106
s 1
f 4355/129/4 4356/130/6 4357/183/6
f 4355/129/4 4357/183/6 4358/184/4
f 4356/130/6 4359/185/8 4357/183/6
f 4356/130/6 4360/132/8 4359/185/8
f 4360/132/8 4361/186/9 4359/185/8
f 4360/132/8 4362/35/9 4361/186/9
f 4363/187/10 4364/188/11 4365/189/11
f 4363/187/10 4365/189/11 4366/190/10
f 4364/188/11 4367/191/12 4365/189/11
f 4364/188/11 4368/192/12 4367/191/12
f 4368/192/12 4369/193/13 4367/191/12
f 4368/192/12 4370/194/13 4369/193/13
f 4371/195/91 4372/196/92 4373/19/92
f 4371/195/91 4373/19/92 4374/16/91
f 4372/196/92 4375/21/94 4373/19/92
f 4372/196/92 4376/197/94 4375/21/94
f 4376/197/94 4377/23/95 4375/21/94
f 4376/197/94 4378/198/471 4377/23/95
f 4379/24/168 4380/25/184 4381/26/184
f 4379/24/168 4381/26/184 4382/27/168
f 4380/25/184 4383/28/181 4381/26/184
f 4380/25/184 4384/29/181 4383/28/181
f 4384/29/181 4385/30/171 4383/28/181
f 4384/29/181 4386/31/171 4385/30/171
s 0
f 4387/32/66 4388/199/66 4389/186/66
f 4387/32/66 4389/186/66 4390/35/66
f 4391/200/3 4392/201/3 4393/193/3
f 4391/200/3 4393/193/3 4394/194/3
f 4395/202/2 4396/48/2 4397/23/2
f 4395/202/2 4397/23/2 4398/198/2
f 4399/36/106 4400/37/106 4401/30/106
f 4399/36/106 4401/30/106 4402/31/106
f 4403/8/14 4404/71/14 4405/203/14
f 4403/8/14 4405/203/14 4406/175/14
f 4407/177/16 4408/204/16 4409/205/16
f 4407/177/16 4409/205/16 4410/178/16
f 4411/181/96 4412/206/96 4413/41/96
s 1
f 4411/181/96 4413/41/96 4414/38/96
s 0
f 4415/12/172 4416/42/172 4417/43/172
f 4415/12/185 4417/43/185 4418/13/185
f 4419/135/186 4420/129/186 4421/184/186
f 4419/135/186 4421/184/186 4422/207/186
f 4423/208/18 4424/187/18 4425/190/18
f 4423/208/187 4425/190/187 4426/209/187
f 4427/210/97 4428/195/97 4429/16/97
f 4427/210/413 4429/16/413 4430/45/413
f 4431/46/188 4432/24/188 4433/27/188
f 4431/46/188 4433/27/188 4434/47/188
f 4435/32/19 4436/137/19 4437/211/19
f 4435/32/19 4437/211/19 4438/199/19
f 4439/200/20 4440/212/20 4441/213/20
s 1
f 4439/200/21 4441/213/21 4442/201/21
s 0
f 4443/202/98 4444/214/98 4445/51/98
f 4443/202/98 4445/51/98 4446/48/98
f 4447/36/174 4448/52/174 4449/53/174
f 4447/36/174 4449/53/174 4450/37/174
f 4451/137/22 4452/138/22 4453/215/22
f 4451/137/22 4453/215/22 4454/211/22
f 4455/212/246 4456/216/246 4457/217/246
f 4455/212/246 4457/217/246 4458/213/246
f 4459/214/99 4460/218/99 4461/55/99
f 4459/214/99 4461/55/99 4462/51/99
f 4463/52/175 4464/56/175 4465/57/175
f 4463/52/175 4465/57/175 4466/53/175
f 4467/175/31 4468/177/31 4469/180/31
f 4467/175/30 4469/180/30 4470/176/30
s 1
f 4471/58/191 4472/28/191 4473/30/192
f 4471/58/191 4473/30/192 4474/59/192
f 4472/28/191 4471/58/191 4475/60/255
f 4472/28/191 4475/60/255 4476/26/255
f 4477/61/127 4476/26/255 4475/60/255
f 4477/61/127 4478/27/127 4476/26/255
s 0
f 4479/219/32 4480/181/32 4481/182/32
f 4479/219/308 4481/182/308 4482/220/308
f 4483/38/194 4484/12/194 4485/15/194
f 4483/38/194 4485/15/194 4486/62/194
s 1
f 4487/183/253 4488/221/253 4489/222/35
f 4487/183/253 4489/222/35 4490/184/35
f 4491/185/36 4488/221/253 4487/183/253
f 4491/185/36 4492/223/195 4488/221/253
f 4493/186/472 4492/223/195 4491/185/36
f 4493/186/472 4494/224/472 4492/223/195
s 0
f 4495/11/196 4496/14/196 4497/13/196
f 4495/11/196 4497/13/196 4498/8/196
s 1
f 4499/225/28 4500/196/28 4501/195/29
f 4499/225/28 4501/195/29 4502/226/29
f 4503/227/473 4500/196/28 4499/225/28
f 4503/227/473 4504/197/473 4500/196/28
f 4505/228/198 4504/197/473 4503/227/473
f 4505/228/198 4506/198/198 4504/197/473
f 4507/63/249 4508/25/249 4509/24/200
f 4507/63/249 4509/24/200 4510/64/200
f 4511/65/474 4508/25/249 4507/63/249
f 4511/65/474 4512/29/475 4508/25/249
f 4513/66/203 4512/29/475 4511/65/474
f 4513/66/203 4514/31/203 4512/29/475
s 0
f 4515/37/258 4516/67/258 4517/59/258
f 4515/37/134 4517/59/134 4518/30/134
f 4519/199/476 4520/229/476 4521/224/476
f 4519/199/476 4521/224/476 4522/186/476
f 4523/230/40 4524/202/40 4525/198/40
f 4523/230/40 4525/198/40 4526/228/40
f 4527/68/205 4528/36/205 4529/31/205
s 1
f 4527/68/257 4529/31/257 4530/66/257
s 0
f 4531/231/45 4532/207/45 4533/184/45
f 4531/231/45 4533/184/45 4534/222/45
f 4535/69/136 4536/47/136 4537/27/136
f 4535/69/136 4537/27/136 4538/61/136
f 4539/210/43 4540/232/43 4541/226/43
f 4539/210/43 4541/226/43 4542/195/43
f 4543/46/477 4544/70/477 4545/64/477
f 4543/46/379 4545/64/379 4546/24/379
f 4547/177/50 4548/175/50 4549/203/50
f 4547/177/263 4549/203/263 4550/204/263
f 4551/8/139 4552/13/139 4553/43/139
f 4551/8/265 4553/43/265 4554/71/265
f 4555/181/478 4556/219/478 4557/233/478
f 4555/181/47 4557/233/47 4558/206/47
f 4559/12/212 4560/38/212 4561/41/212
f 4559/12/479 4561/41/479 4562/42/479
f 4563/53/142 4564/72/142 4565/67/142
f 4563/53/142 4565/67/142 4566/37/142
f 4567/211/53 4568/234/53 4569/229/53
f 4567/211/54 4569/229/54 4570/199/54
s 1
f 4571/235/266 4572/214/266 4573/202/266
s 0
f 4571/235/480 4573/202/480 4574/230/480
f 4575/73/215 4576/52/215 4577/36/215
f 4575/73/215 4577/36/215 4578/68/215
f 4579/57/145 4580/74/145 4581/72/145
f 4579/57/145 4581/72/145 4582/53/145
f 4583/215/57 4584/236/57 4585/234/57
f 4583/215/58 4585/234/58 4586/211/58
f 4587/237/55 4588/218/55 4589/214/481
f 4587/237/482 4589/214/268 4590/235/268
f 4591/75/217 4592/56/217 4593/52/217
f 4591/75/218 4593/52/218 4594/73/218
f 4595/76/219 4596/77/219 4597/78/219
f 4595/76/219 4597/78/219 4598/79/219
f 4599/77/220 4600/80/220 4601/81/220
f 4599/77/220 4601/81/220 4602/78/220
f 4603/80/100 4604/238/100 4605/239/100
f 4603/80/100 4605/239/100 4606/81/100
f 4607/238/271 4608/240/271 4609/241/271
f 4607/238/355 4609/241/355 4610/239/355
s 1
f 4611/240/59 4612/242/59 4613/243/59
s 0
f 4611/240/59 4613/243/59 4614/241/59
f 4615/242/61 4616/244/61 4617/245/61
f 4615/242/356 4617/245/356 4618/243/356
f 4619/244/62 4620/141/62 4621/142/62
f 4619/244/62 4621/142/62 4622/245/62
f 4623/84/384 4624/76/384 4625/79/384
f 4623/84/149 4625/79/149 4626/85/149
f 4627/86/106 4628/87/106 4629/88/106
f 4627/86/106 4629/88/106 4630/89/106
f 4631/87/223 4632/90/223 4633/91/223
f 4631/87/223 4633/91/223 4634/88/223
f 4635/90/2 4636/246/2 4637/247/2
f 4635/90/2 4637/247/2 4638/91/2
f 4639/246/67 4640/248/67 4641/249/67
f 4639/246/67 4641/249/67 4642/247/67
f 4643/248/3 4644/250/3 4645/251/3
f 4643/248/3 4645/251/3 4646/249/3
f 4647/250/483 4648/252/483 4649/253/483
f 4647/250/65 4649/253/65 4650/251/65
f 4651/252/66 4652/124/66 4653/144/66
f 4651/252/66 4653/144/66 4654/253/66
f 4655/94/152 4656/86/152 4657/89/152
f 4655/94/152 4657/89/152 4658/95/152
f 4659/78/274 4660/96/274 4661/97/274
f 4659/78/178 4661/97/178 4662/79/178
f 4663/239/101 4664/254/101 4665/99/101
f 4663/239/101 4665/99/101 4666/81/101
f 4667/243/276 4668/255/276 4669/256/276
f 4667/243/225 4669/256/225 4670/241/225
f 4671/142/70 4672/147/70 4673/257/70
f 4671/142/70 4673/257/70 4674/245/70
f 4675/79/484 4676/97/484 4677/100/484
f 4675/79/279 4677/100/279 4678/85/279
f 4679/245/485 4680/257/485 4681/255/485
f 4679/245/74 4681/255/74 4682/243/74
f 4683/81/277 4684/99/277 4685/96/277
s 1
f 4683/81/327 4685/96/327 4686/78/327
f 4687/241/278 4688/256/230 4689/254/486
f 4687/241/278 4689/254/486 4690/239/487
s 0
f 4691/101/106 4692/102/106 4693/103/106
f 4691/101/106 4693/103/106 4694/104/106
f 4695/104/223 4696/103/223 4697/105/223
f 4695/104/223 4697/105/223 4698/106/223
f 4699/106/2 4700/105/2 4701/258/2
f 4699/106/2 4701/258/2 4702/259/2
f 4703/259/67 4704/258/67 4705/260/67
f 4703/259/67 4705/260/67 4706/261/67
f 4707/262/3 4708/263/3 4709/264/3
f 4707/262/3 4709/264/3 4710/265/3
f 4711/265/157 4712/264/157 4713/266/157
f 4711/265/157 4713/266/157 4714/267/157
f 4715/267/66 4716/266/66 4717/109/66
f 4715/267/66 4717/109/66 4718/110/66
f 4719/110/152 4720/109/152 4721/102/152
f 4719/110/152 4721/102/152 4722/101/152
s 1
f 4723/111/232 4724/15/488 4725/14/489
f 4726/112/335 4724/15/488 4723/111/232
f 4723/111/232 4725/14/489 4727/113/164
f 4726/112/335 4728/62/285 4724/15/488
f 4727/113/164 4725/14/489 4729/11/238
f 4730/268/368 4728/62/285 4726/112/335
f 4727/113/164 4729/11/238 4731/116/159
f 4730/268/368 4732/182/369 4728/62/285
f 4733/269/490 4732/182/369 4730/268/368
f 4733/269/490 4734/220/241 4732/182/369
f 4731/116/159 4729/11/238 4735/176/83
f 4731/116/159 4735/176/83 4736/270/287
f 4736/270/287 4735/176/83 4737/180/79
f 4736/270/287 4737/180/79 4738/271/160
f 4738/271/160 4737/180/79 4739/179/373
f 4738/271/160 4739/179/373 4740/272/374
s 0
f 4741/89/1 4742/88/1 4743/77/1
f 4741/89/1 4743/77/1 4744/76/1
f 4745/95/1 4741/89/1 4744/76/1
f 4745/95/1 4744/76/1 4746/84/1
f 4742/88/1 4747/80/1 4743/77/1
f 4742/88/1 4748/91/1 4747/80/1
f 4748/91/1 4749/238/1 4747/80/1
f 4748/91/1 4750/247/1 4749/238/1
f 4750/247/1 4751/240/1 4749/238/1
f 4750/247/1 4752/249/1 4751/240/1
f 4752/249/1 4753/242/1 4751/240/1
f 4752/249/1 4754/251/1 4753/242/1
f 4754/251/1 4755/244/1 4753/242/1
f 4754/251/1 4756/253/1 4755/244/1
f 4756/253/1 4757/141/1 4755/244/1
f 4756/253/1 4758/144/1 4757/141/1
f 4759/87/89 4760/86/89 4761/118/89
f 4760/86/89 4762/119/89 4761/118/89
f 4760/86/89 4763/94/89 4762/119/89
f 4759/87/89 4761/118/89 4764/120/89
f 4765/90/89 4759/87/89 4764/120/89
f 4765/90/89 4764/120/89 4766/121/89
f 4767/246/89 4765/90/89 4766/121/89
f 4767/246/89 4766/121/89 4768/273/89
f 4769/248/89 4767/246/89 4768/273/89
f 4769/248/89 4768/273/89 4770/274/89
f 4771/250/89 4769/248/89 4770/274/89
f 4771/250/295 4770/274/295 4772/275/295
f 4773/252/89 4771/250/89 4772/275/89
f 4773/252/89 4772/275/89 4774/276/89
f 4775/124/89 4773/252/89 4774/276/89
f 4775/124/89 4774/276/89 4776/123/89
f 4777/4/1 4778/174/1 4779/172/1
f 4777/4/1 4779/172/1 4780/1/1
f 4781/5/1 4777/4/1 4780/1/1
f 4779/172/1 4782/171/1 4780/1/1
f 4779/172/1 4783/173/1 4782/171/1
f 4782/171/1 4784/2/1 4780/1/1
f 4785/176/66 4786/175/66 4787/8/66
f 4785/176/66 4787/8/66 4788/11/66
f 4789/179/106 4790/178/106 4791/177/106
f 4789/179/106 4791/177/106 4792/180/106
f 4793/62/2 4794/38/2 4795/181/2
f 4793/62/2 4795/181/2 4796/182/2
f 4797/14/3 4798/13/3 4799/12/3
f 4797/14/3 4799/12/3 4800/15/3
s 1
f 4801/183/6 4802/130/6 4803/129/4
f 4801/183/6 4803/129/4 4804/184/4
f 4805/185/8 4802/130/6 4801/183/6
f 4805/185/8 4806/132/8 4802/130/6
f 4807/186/9 4806/132/8 4805/185/8
f 4807/186/9 4808/35/9 4806/132/8
f 4809/189/167 4810/188/167 4811/187/168
f 4809/189/167 4811/187/168 4812/190/168
f 4813/191/170 4810/188/167 4809/189/167
f 4813/191/170 4814/192/181 4810/188/167
f 4815/193/171 4814/192/181 4813/191/170
f 4815/193/171 4816/194/171 4814/192/181
f 4817/19/92 4818/196/92 4819/195/91
f 4817/19/92 4819/195/91 4820/16/91
f 4821/21/94 4818/196/92 4817/19/92
f 4821/21/94 4822/197/94 4818/196/92
f 4823/23/95 4822/197/94 4821/21/94
f 4823/23/95 4824/198/95 4822/197/94
f 4825/26/296 4826/25/296 4827/24/107
f 4825/26/296 4827/24/107 4828/27/107
f 4829/28/110 4826/25/296 4825/26/296
f 4829/28/110 4830/29/110 4826/25/296
f 4831/30/13 4830/29/110 4829/28/110
f 4831/30/13 4832/31/13 4830/29/110
s 0
f 4833/186/66 4834/199/66 4835/32/66
f 4833/186/66 4835/32/66 4836/35/66
f 4837/193/106 4838/201/106 4839/200/106
f 4837/193/106 4839/200/106 4840/194/106
f 4841/23/2 4842/48/2 4843/202/2
f 4841/23/2 4843/202/2 4844/198/2
f 4845/30/3 4846/37/3 4847/36/3
f 4845/30/3 4847/36/3 4848/31/3
s 1
f 4849/203/14 4850/71/14 4851/8/14
s 0
f 4849/203/14 4851/8/14 4852/175/14
f 4853/205/297 4854/204/297 4855/177/297
f 4853/205/297 4855/177/297 4856/178/297
f 4857/41/96 4858/206/96 4859/181/96
s 1
f 4857/41/96 4859/181/96 4860/38/96
s 0
f 4861/43/15 4862/42/15 4863/12/15
f 4861/43/15 4863/12/15 4864/13/15
f 4865/184/186 4866/129/186 4867/135/186
f 4865/184/186 4867/135/186 4868/207/186
f 4869/190/188 4870/187/188 4871/208/188
f 4869/190/188 4871/208/188 4872/209/188
f 4873/16/97 4874/195/97 4875/210/97
f 4873/16/413 4875/210/413 4876/45/413
f 4877/27/18 4878/24/18 4879/46/18
f 4877/27/18 4879/46/18 4880/47/18
f 4881/211/19 4882/137/19 4883/32/19
f 4881/211/19 4883/32/19 4884/199/19
s 1
f 4885/213/298 4886/212/298 4887/200/298
s 0
f 4885/213/174 4887/200/174 4888/201/174
f 4889/51/98 4890/214/98 4891/202/98
f 4889/51/98 4891/202/98 4892/48/98
f 4893/53/21 4894/52/21 4895/36/21
f 4893/53/21 4895/36/21 4896/37/21
f 4897/215/22 4898/138/22 4899/137/22
f 4897/215/22 4899/137/22 4900/211/22
f 4901/217/175 4902/216/175 4903/212/175
f 4901/217/175 4903/212/175 4904/213/175
f 4905/55/99 4906/218/99 4907/214/99
f 4905/55/99 4907/214/99 4908/51/99
f 4909/57/23 4910/56/23 4911/52/23
f 4909/57/23 4911/52/23 4912/53/23
f 4913/180/304 4914/177/304 4915/175/304
f 4913/180/304 4915/175/304 4916/176/304
s 1
f 4917/30/472 4918/28/312 4919/58/312
f 4917/30/472 4919/58/312 4920/59/472
f 4921/60/131 4919/58/312 4918/28/312
f 4921/60/131 4918/28/312 4922/26/131
f 4922/26/131 4923/61/35 4921/60/131
f 4922/26/131 4924/27/35 4923/61/35
s 0
f 4925/182/344 4926/181/344 4927/219/344
f 4925/182/299 4927/219/299 4928/220/299
f 4929/15/33 4930/12/33 4931/38/33
f 4929/15/33 4931/38/33 4932/62/33
s 1
f 4933/222/310 4934/221/126 4935/183/126
f 4933/222/310 4935/183/126 4936/184/310
f 4934/221/126 4937/185/311 4935/183/126
f 4934/221/126 4938/223/311 4937/185/311
f 4938/223/311 4939/186/192 4937/185/311
f 4938/223/311 4940/224/192 4939/186/192
s 0
f 4941/13/251 4942/14/251 4943/11/251
f 4941/13/31 4943/11/31 4944/8/31
s 1
f 4945/195/306 4946/196/249 4947/225/249
f 4945/195/306 4947/225/249 4948/226/306
f 4946/196/249 4949/227/431 4947/225/249
f 4946/196/249 4950/197/431 4949/227/431
f 4950/197/431 4951/228/203 4949/227/431
f 4950/197/431 4952/198/248 4951/228/203
f 4953/24/29 4954/25/347 4955/63/347
f 4953/24/29 4955/63/347 4956/64/29
f 4954/25/347 4957/65/491 4955/63/347
f 4954/25/347 4958/29/24 4957/65/491
f 4958/29/24 4959/66/198 4957/65/491
f 4958/29/24 4960/31/198 4959/66/198
s 0
f 4961/59/476 4962/67/476 4963/37/476
f 4961/59/476 4963/37/476 4964/30/476
f 4965/224/316 4966/229/316 4967/199/316
f 4965/224/134 4967/199/134 4968/186/134
f 4969/198/315 4970/202/315 4971/230/315
f 4969/198/205 4971/230/205 4972/228/205
f 4973/31/40 4974/36/40 4975/68/40
f 4973/31/40 4975/68/40 4976/66/40
f 4977/184/492 4978/207/492 4979/231/492
f 4977/184/318 4979/231/318 4980/222/318
f 4981/27/45 4982/47/45 4983/69/45
f 4981/27/493 4983/69/493 4984/61/493
f 4985/226/210 4986/232/210 4987/210/210
f 4985/226/210 4987/210/210 4988/195/210
f 4989/64/43 4990/70/43 4991/46/43
f 4989/64/259 4991/46/259 4992/24/259
f 4993/203/139 4994/175/139 4995/177/139
f 4993/203/398 4995/177/398 4996/204/398
f 4997/43/50 4998/13/50 4999/8/50
f 4997/43/50 4999/8/50 5000/71/50
f 5001/233/212 5002/219/212 5003/181/212
f 5001/233/212 5003/181/212 5004/206/212
f 5005/41/48 5006/38/48 5007/12/48
f 5005/41/47 5007/12/47 5008/42/47
f 5009/67/54 5010/72/54 5011/53/54
s 1
f 5009/67/54 5011/53/54 5012/37/54
s 0
f 5013/229/142 5014/234/142 5015/211/142
f 5013/229/494 5015/211/494 5016/199/494
f 5017/202/215 5018/214/215 5019/235/215
f 5017/202/322 5019/235/322 5020/230/322
f 5021/36/213 5022/52/213 5023/73/213
f 5021/36/266 5023/73/266 5024/68/266
f 5025/72/146 5026/74/146 5027/57/146
f 5025/72/57 5027/57/57 5028/53/57
f 5029/234/495 5030/236/402 5031/215/402
f 5029/234/145 5031/215/145 5032/211/145
f 5033/214/218 5034/218/218 5035/237/218
f 5033/214/217 5035/237/496 5036/235/217
f 5037/52/268 5038/56/268 5039/75/268
f 5037/52/55 5039/75/55 5040/73/55
f 5041/78/59 5042/77/59 5043/76/59
f 5041/78/59 5043/76/59 5044/79/59
f 5045/81/270 5046/80/270 5047/77/270
s 1
f 5045/81/63 5047/77/63 5048/78/63
s 0
f 5049/239/100 5050/238/100 5051/80/100
f 5049/239/100 5051/80/100 5052/81/100
f 5053/241/326 5054/240/326 5055/238/326
f 5053/241/326 5055/238/326 5056/239/326
f 5057/243/219 5058/242/219 5059/240/219
s 1
f 5057/243/219 5059/240/219 5060/241/219
f 5061/245/149 5062/244/149 5063/242/149
s 0
f 5061/245/269 5063/242/269 5064/243/269
f 5065/142/62 5066/141/62 5067/244/62
f 5065/142/62 5067/244/62 5068/245/62
f 5069/79/61 5070/76/61 5071/84/61
f 5069/79/458 5071/84/458 5072/85/458
f 5073/88/3 5074/87/3 5075/86/3
f 5073/88/3 5075/86/3 5076/89/3
f 5077/91/67 5078/90/67 5079/87/67
f 5077/91/67 5079/87/67 5080/88/67
f 5081/247/2 5082/246/2 5083/90/2
f 5081/247/2 5083/90/2 5084/91/2
f 5085/249/223 5086/248/223 5087/246/223
f 5085/249/223 5087/246/223 5088/247/223
f 5089/251/106 5090/250/106 5091/248/106
f 5089/251/106 5091/248/106 5092/249/106
f 5093/253/497 5094/252/497 5095/250/497
f 5093/253/152 5095/250/152 5096/251/152
f 5097/144/66 5098/124/66 5099/252/66
f 5097/144/66 5099/252/66 5100/253/66
f 5101/89/65 5102/86/65 5103/94/65
f 5101/89/65 5103/94/65 5104/95/65
f 5105/97/225 5106/96/225 5107/78/225
f 5105/97/68 5107/78/68 5108/79/68
f 5109/99/101 5110/254/101 5111/239/101
f 5109/99/101 5111/239/101 5112/81/101
f 5113/256/178 5114/255/178 5115/243/178
f 5113/256/179 5115/243/179 5116/241/179
f 5117/257/71 5118/147/71 5119/142/71
f 5117/257/70 5119/142/70 5120/245/70
f 5121/100/155 5122/97/155 5123/79/155
f 5121/100/155 5123/79/155 5124/85/155
f 5125/255/280 5126/257/280 5127/245/280
f 5125/255/154 5127/245/154 5128/243/154
f 5129/96/278 5130/99/278 5131/81/278
f 5129/96/278 5131/81/278 5132/78/278
f 5133/254/498 5134/256/498 5135/241/498
s 1
f 5133/254/440 5135/241/440 5136/239/440
s 0
f 5137/103/3 5138/102/3 5139/101/3
f 5137/103/3 5139/101/3 5140/104/3
f 5141/105/67 5142/103/67 5143/104/67
f 5141/105/67 5143/104/67 5144/106/67
f 5145/258/2 5146/105/2 5147/106/2
f 5145/258/2 5147/106/2 5148/259/2
f 5149/260/223 5150/258/223 5151/259/223
f 5149/260/223 5151/259/223 5152/261/223
f 5153/264/106 5154/263/106 5155/262/106
f 5153/264/106 5155/262/106 5156/265/106
f 5157/266/152 5158/264/152 5159/265/152
f 5157/266/152 5159/265/152 5160/267/152
f 5161/109/66 5162/266/66 5163/267/66
f 5161/109/66 5163/267/66 5164/110/66
f 5165/102/65 5166/109/65 5167/110/65
f 5165/102/65 5167/110/65 5168/101/65
s 1
f 5169/14/79 5170/15/80 5171/111/370
f 5169/14/79 5171/111/370 5172/113/160
f 5170/15/80 5173/112/368 5171/111/370
f 5174/11/242 5169/14/79 5172/113/160
f 5170/15/80 5175/62/369 5173/112/368
f 5174/11/242 5172/113/160 5176/116/287
f 5175/62/369 5177/268/335 5173/112/368
f 5178/176/390 5174/11/242 5176/116/287
f 5175/62/369 5179/182/499 5177/268/335
f 5179/182/499 5180/269/500 5177/268/335
f 5179/182/499 5181/220/501 5180/269/500
f 5178/176/390 5176/116/287 5182/270/284
f 5183/180/364 5178/176/390 5182/270/284
f 5183/180/364 5182/270/284 5184/271/236
f 5185/179/502 5183/180/364 5184/271/236
f 5185/179/502 5184/271/236 5186/272/503
s 0
f 5187/77/88 5188/88/88 5189/89/88
f 5190/80/1 5188/88/1 5187/77/1
f 5187/77/1 5189/89/1 5191/76/1
f 5190/80/1 5192/91/1 5188/88/1
f 5191/76/1 5189/89/1 5193/95/1
f 5191/76/1 5193/95/1 5194/84/1
f 5195/238/1 5192/91/1 5190/80/1
f 5195/238/1 5196/247/1 5192/91/1
f 5197/240/1 5196/247/1 5195/238/1
f 5197/240/1 5198/249/1 5196/247/1
f 5199/242/1 5198/249/1 5197/240/1
f 5199/242/183 5200/251/183 5198/249/183
f 5201/244/1 5200/251/1 5199/242/1
f 5201/244/1 5202/253/1 5200/251/1
f 5203/141/1 5202/253/1 5201/244/1
f 5203/141/1 5204/144/1 5202/253/1
f 5205/118/295 5206/86/295 5207/87/295
f 5208/119/89 5206/86/89 5205/118/89
f 5208/119/89 5209/94/89 5206/86/89
f 5205/118/89 5207/87/89 5210/120/89
f 5210/120/89 5207/87/89 5211/90/89
f 5210/120/89 5211/90/89 5212/121/89
f 5212/121/89 5211/90/89 5213/246/89
f 5212/121/89 5213/246/89 5214/273/89
f 5214/273/89 5213/246/89 5215/248/89
f 5214/273/89 5215/248/89 5216/274/89
f 5216/274/89 5215/248/89 5217/250/89
f 5216/274/89 5217/250/89 5218/275/89
f 5218/275/89 5217/250/89 5219/252/89
f 5218/275/89 5219/252/89 5220/276/89
f 5220/276/89 5219/252/89 5221/124/89
f 5220/276/89 5221/124/89 5222/123/89
f 5223/4/1 5224/174/1 5225/172/1
f 5223/4/1 5225/172/1 5226/1/1
f 5227/5/1 5223/4/1 5226/1/1
f 5225/172/1 5228/171/1 5226/1/1
f 5225/172/1 5229/173/1 5228/171/1
f 5228/171/1 5230/2/1 5226/1/1
f 5231/176/2 5232/175/2 5233/8/2
f 5231/176/2 5233/8/2 5234/11/2
f 5235/179/3 5236/178/3 5237/177/3
f 5235/179/3 5237/177/3 5238/180/3
f 5239/62/66 5240/38/66 5241/181/66
f 5239/62/66 5241/181/66 5242/182/66
f 5243/14/106 5244/13/106 5245/12/106
f 5243/14/106 5245/12/106 5246/15/106
s 1
f 5247/183/92 5248/130/92 5249/129/91
f 5247/183/92 5249/129/91 5250/184/91
f 5251/185/94 5248/130/92 5247/183/92
f 5251/185/94 5252/132/94 5248/130/92
f 5253/186/95 5252/132/94 5251/185/94
f 5253/186/95 5254/35/95 5252/132/94
f 5255/189/11 5256/188/11 5257/187/107
f 5255/189/11 5257/187/107 5258/190/10
f 5259/191/110 5256/188/11 5255/189/11
f 5259/191/110 5260/192/12 5256/188/11
f 5261/193/13 5260/192/12 5259/191/110
f 5261/193/13 5262/194/13 5260/192/12
f 5263/19/6 5264/196/6 5265/195/4
f 5263/19/6 5265/195/4 5266/16/4
f 5267/21/8 5264/196/6 5263/19/6
f 5267/21/8 5268/197/8 5264/196/6
f 5269/23/9 5268/197/8 5267/21/8
f 5269/23/9 5270/198/9 5268/197/8
f 5271/26/167 5272/25/167 5273/24/168
f 5271/26/167 5273/24/168 5274/27/168
f 5275/28/170 5272/25/167 5271/26/167
f 5275/28/170 5276/29/181 5272/25/167
f 5277/30/171 5276/29/181 5275/28/170
f 5277/30/171 5278/31/171 5276/29/181
s 0
f 5279/186/2 5280/199/2 5281/32/2
f 5279/186/2 5281/32/2 5282/35/2
f 5283/193/3 5284/201/3 5285/200/3
f 5283/193/3 5285/200/3 5286/194/3
f 5287/23/66 5288/48/66 5289/202/66
f 5287/23/66 5289/202/66 5290/198/66
f 5291/30/106 5292/37/106 5293/36/106
f 5291/30/106 5293/36/106 5294/31/106
f 5295/203/96 5296/71/96 5297/8/96
f 5295/203/96 5297/8/96 5298/175/96
f 5299/205/15 5300/204/15 5301/177/15
f 5299/205/15 5301/177/15 5302/178/15
f 5303/41/14 5304/206/14 5305/181/14
f 5303/41/14 5305/181/14 5306/38/14
f 5307/43/172 5308/42/172 5309/12/172
f 5307/43/172 5309/12/172 5310/13/172
f 5311/184/97 5312/129/97 5313/135/97
f 5311/184/413 5313/135/413 5314/207/413
f 5315/190/18 5316/187/18 5317/208/18
f 5315/190/18 5317/208/18 5318/209/18
f 5319/16/186 5320/195/186 5321/210/186
f 5319/16/186 5321/210/186 5322/45/186
f 5323/27/188 5324/24/188 5325/46/188
f 5323/27/173 5325/46/173 5326/47/173
f 5327/211/98 5328/137/98 5329/32/98
f 5327/211/98 5329/32/98 5330/199/98
f 5331/213/189 5332/212/189 5333/200/189
f 5331/213/21 5333/200/21 5334/201/21
f 5335/51/19 5336/214/19 5337/202/19
f 5335/51/19 5337/202/19 5338/48/19
f 5339/53/298 5340/52/298 5341/36/298
f 5339/53/174 5341/36/174 5342/37/174
f 5343/215/99 5344/138/99 5345/137/99
f 5343/215/99 5345/137/99 5346/211/99
f 5347/217/23 5348/216/23 5349/212/23
f 5347/217/23 5349/212/23 5350/213/23
f 5351/55/22 5352/218/22 5353/214/22
f 5351/55/22 5353/214/22 5354/51/22
f 5355/57/175 5356/56/175 5357/52/175
f 5355/57/175 5357/52/175 5358/53/175
f 5359/180/33 5360/177/33 5361/175/33
f 5359/180/32 5361/175/32 5362/176/32
s 1
f 5363/30/350 5364/28/307 5365/58/307
f 5363/30/350 5365/58/307 5366/59/504
f 5367/60/249 5365/58/307 5364/28/307
f 5367/60/249 5364/28/307 5368/26/249
f 5368/26/249 5369/61/250 5367/60/249
f 5368/26/249 5370/27/250 5369/61/250
s 0
f 5371/182/31 5372/181/31 5373/219/31
f 5371/182/30 5373/219/30 5374/220/30
f 5375/15/129 5376/12/129 5377/38/129
f 5375/15/128 5377/38/128 5378/62/128
s 1
f 5379/222/433 5380/221/347 5381/183/347
f 5379/222/433 5381/183/347 5382/184/433
f 5380/221/347 5383/185/505 5381/183/347
f 5380/221/347 5384/223/491 5383/185/505
f 5384/223/491 5385/186/506 5383/185/505
f 5384/223/491 5386/224/506 5385/186/506
s 0
f 5387/13/299 5388/14/299 5389/11/299
f 5387/13/193 5389/11/193 5390/8/193
s 1
f 5391/195/130 5392/196/131 5393/225/131
f 5391/195/130 5393/225/131 5394/226/130
f 5392/196/131 5395/227/312 5393/225/131
f 5392/196/131 5396/197/312 5395/227/312
f 5396/197/312 5397/228/38 5395/227/312
f 5396/197/312 5398/198/314 5397/228/38
f 5399/24/310 5400/25/126 5401/63/126
f 5399/24/310 5401/63/126 5402/64/310
f 5400/25/126 5403/65/340 5401/63/126
f 5400/25/126 5404/29/311 5403/65/340
f 5404/29/311 5405/66/342 5403/65/340
f 5404/29/311 5406/31/342 5405/66/342
s 0
f 5407/59/206 5408/67/206 5409/37/206
f 5407/59/507 5409/37/507 5410/30/507
f 5411/224/508 5412/229/508 5413/199/508
f 5411/224/40 5413/199/40 5414/186/40
f 5415/198/41 5416/202/41 5417/230/41
f 5415/198/42 5417/230/42 5418/228/42
f 5419/31/316 5420/36/316 5421/68/316
f 5419/31/316 5421/68/316 5422/66/316
f 5423/184/43 5424/207/43 5425/231/43
f 5423/184/43 5425/231/43 5426/222/43
f 5427/27/210 5428/47/210 5429/69/210
f 5427/27/210 5429/69/210 5430/61/210
f 5431/226/45 5432/232/45 5433/210/45
f 5431/226/415 5433/210/415 5434/195/415
f 5435/64/136 5436/70/136 5437/46/136
f 5435/64/318 5437/46/318 5438/24/318
f 5439/203/47 5440/175/47 5441/177/47
f 5439/203/48 5441/177/48 5442/204/48
f 5443/43/212 5444/13/212 5445/8/212
f 5443/43/479 5445/8/479 5446/71/479
f 5447/233/50 5448/219/50 5449/181/50
f 5447/233/50 5449/181/50 5450/206/50
f 5451/41/211 5452/38/211 5453/12/211
f 5451/41/398 5453/12/398 5454/42/398
f 5455/67/215 5456/72/215 5457/53/215
f 5455/67/509 5457/53/509 5458/37/509
f 5459/229/266 5460/234/266 5461/211/266
f 5459/229/266 5461/211/266 5462/199/266
f 5463/202/53 5464/214/53 5465/235/53
f 5463/202/54 5465/235/54 5466/230/54
f 5467/36/142 5468/52/142 5469/73/142
f 5467/36/323 5469/73/323 5470/68/323
f 5471/72/218 5472/74/218 5473/57/218
f 5471/72/217 5473/57/217 5474/53/217
f 5475/234/268 5476/236/268 5477/215/268
f 5475/234/55 5477/215/55 5478/211/55
f 5479/214/146 5480/218/146 5481/237/146
f 5479/214/401 5481/237/401 5482/235/401
f 5483/52/402 5484/56/402 5485/75/495
f 5483/52/145 5485/75/145 5486/73/145
f 5487/78/354 5488/77/354 5489/76/354
f 5487/78/219 5489/76/219 5490/79/219
f 5491/81/510 5492/80/269 5493/77/269
f 5491/81/384 5493/77/384 5494/78/384
f 5495/239/62 5496/238/62 5497/80/62
f 5495/239/62 5497/80/62 5498/81/62
f 5499/241/61 5500/240/61 5501/238/61
f 5499/241/458 5501/238/458 5502/239/458
f 5503/243/221 5504/242/221 5505/240/221
f 5503/243/59 5505/240/59 5506/241/59
f 5507/245/270 5508/244/270 5509/242/270
f 5507/245/63 5509/242/63 5510/243/63
f 5511/142/100 5512/141/100 5513/244/100
f 5511/142/100 5513/244/100 5514/245/100
f 5515/79/220 5516/76/220 5517/84/220
f 5515/79/385 5517/84/385 5518/85/385
f 5519/88/106 5520/87/106 5521/86/106
f 5519/88/106 5521/86/106 5522/89/106
f 5523/91/362 5524/90/362 5525/87/362
f 5523/91/362 5525/87/362 5526/88/362
f 5527/247/66 5528/246/66 5529/90/66
f 5527/247/66 5529/90/66 5530/91/66
f 5531/249/65 5532/248/65 5533/246/65
f 5531/249/65 5533/246/65 5534/247/65
f 5535/251/3 5536/250/3 5537/248/3
f 5535/251/3 5537/248/3 5538/249/3
f 5539/253/67 5540/252/67 5541/250/67
f 5539/253/67 5541/250/67 5542/251/67
f 5543/144/2 5544/124/2 5545/252/2
f 5543/144/2 5545/252/2 5546/253/2
f 5547/89/223 5548/86/223 5549/94/223
f 5547/89/223 5549/94/223 5550/95/223
f 5551/97/274 5552/96/274 5553/78/274
f 5551/97/178 5553/78/178 5554/79/178
f 5555/99/71 5556/254/71 5557/239/71
f 5555/99/70 5557/239/70 5558/81/70
f 5559/256/276 5560/255/276 5561/243/276
f 5559/256/225 5561/243/225 5562/241/225
f 5563/257/101 5564/147/101 5565/142/101
f 5563/257/101 5565/142/101 5566/245/101
s 1
f 5567/100/277 5568/97/277 5569/79/277
s 0
f 5567/100/440 5569/79/440 5570/85/440
f 5571/255/278 5572/257/278 5573/245/278
f 5571/255/487 5573/245/487 5574/243/487
f 5575/96/226 5576/99/226 5577/81/226
f 5575/96/511 5577/81/511 5578/78/511
s 1
f 5579/254/421 5580/256/421 5581/241/421
s 0
f 5579/254/155 5581/241/155 5582/239/155
f 5583/103/106 5584/102/106 5585/101/106
f 5583/103/106 5585/101/106 5586/104/106
f 5587/105/152 5588/103/152 5589/104/152
f 5587/105/362 5589/104/362 5590/106/362
f 5591/258/66 5592/105/66 5593/106/66
f 5591/258/66 5593/106/66 5594/259/66
f 5595/260/65 5596/258/65 5597/259/65
f 5595/260/65 5597/259/65 5598/261/65
f 5599/264/3 5600/263/3 5601/262/3
f 5599/264/3 5601/262/3 5602/265/3
f 5603/266/67 5604/264/67 5605/265/67
f 5603/266/67 5605/265/67 5606/267/67
f 5607/109/2 5608/266/2 5609/267/2
f 5607/109/2 5609/267/2 5610/110/2
f 5611/102/361 5612/109/361 5613/110/361
f 5611/102/223 5613/110/223 5614/101/223
s 1
f 5615/14/363 5616/15/512 5617/111/164
f 5615/14/363 5617/111/164 5618/113/232
f 5616/15/512 5619/112/159 5617/111/164
f 5620/11/499 5615/14/363 5618/113/232
f 5616/15/512 5621/62/158 5619/112/159
f 5620/11/499 5618/113/232 5622/116/335
f 5621/62/158 5623/268/287 5619/112/159
f 5624/176/369 5620/11/499 5622/116/335
f 5621/62/158 5625/182/466 5623/268/287
f 5625/182/466 5626/269/243 5623/268/287
f 5625/182/466 5627/220/289 5626/269/243
f 5624/176/369 5622/116/335 5628/270/368
f 5629/180/80 5624/176/369 5628/270/368
f 5629/180/80 5628/270/368 5630/271/370
f 5631/179/469 5629/180/80 5630/271/370
f 5631/179/469 5630/271/370 5632/272/513
s 0
f 5633/77/183 5634/88/183 5635/89/183
f 5636/80/1 5634/88/1 5633/77/1
f 5633/77/1 5635/89/1 5637/76/1
f 5636/80/1 5638/91/1 5634/88/1
f 5637/76/1 5635/89/1 5639/95/1
f 5637/76/1 5639/95/1 5640/84/1
f 5641/238/1 5638/91/1 5636/80/1
f 5641/238/1 5642/247/1 5638/91/1
f 5643/240/1 5642/247/1 5641/238/1
f 5643/240/1 5644/249/1 5642/247/1
f 5645/242/1 5644/249/1 5643/240/1
f 5645/242/88 5646/251/88 5644/249/88
f 5647/244/1 5646/251/1 5645/242/1
f 5647/244/1 5648/253/1 5646/251/1
f 5649/141/1 5648/253/1 5647/244/1
f 5649/141/1 5650/144/1 5648/253/1
f 5651/118/89 5652/86/89 5653/87/89
f 5654/119/89 5652/86/89 5651/118/89
f 5654/119/89 5655/94/89 5652/86/89
f 5651/118/89 5653/87/89 5656/120/89
f 5656/120/89 5653/87/89 5657/90/89
f 5656/120/89 5657/90/89 5658/121/89
f 5658/121/89 5657/90/89 5659/246/89
f 5658/121/89 5659/246/89 5660/273/89
f 5660/273/89 5659/246/89 5661/248/89
f 5660/273/89 5661/248/89 5662/274/89
f 5662/274/295 5661/248/295 5663/250/295
f 5662/274/89 5663/250/89 5664/275/89
f 5664/275/89 5663/250/89 5665/252/89
f 5664/275/89 5665/252/89 5666/276/89
f 5666/276/89 5665/252/89 5667/124/89
f 5666/276/89 5667/124/89 5668/123/89
f 5669/1/1 5670/2/1 5671/3/1
f 5669/1/1 5671/3/1 5672/4/1
f 5673/5/1 5669/1/1 5672/4/1
f 5671/3/1 5674/6/1 5672/4/1
f 5671/3/1 5675/7/1 5674/6/1
f 5676/8/66 5677/9/66 5678/10/66
f 5676/8/66 5678/10/66 5679/11/66
f 5680/12/106 5681/13/106 5682/14/106
f 5680/12/106 5682/14/106 5683/15/106
s 1
f 5684/16/91 5685/17/91 5686/18/411
f 5684/16/91 5686/18/411 5687/19/92
f 5687/19/92 5686/18/411 5688/20/412
f 5687/19/92 5688/20/412 5689/21/94
f 5689/21/94 5688/20/412 5690/22/95
f 5689/21/94 5690/22/95 5691/23/95
f 5692/24/168 5693/25/167 5694/26/167
f 5692/24/168 5694/26/167 5695/27/168
f 5693/25/167 5696/28/170 5694/26/167
f 5693/25/167 5697/29/170 5696/28/170
f 5697/29/170 5698/30/171 5696/28/170
f 5697/29/170 5699/31/171 5698/30/171
s 0
f 5700/32/66 5701/33/66 5702/34/66
f 5700/32/66 5702/34/66 5703/35/66
f 5704/36/106 5705/37/106 5706/30/106
f 5704/36/106 5706/30/106 5707/31/106
f 5708/38/96 5709/39/96 5710/40/96
f 5708/38/96 5710/40/96 5711/41/96
f 5712/12/185 5713/42/185 5714/43/185
f 5712/12/185 5714/43/185 5715/13/185
f 5716/44/97 5717/17/97 5718/16/97
f 5716/44/97 5718/16/97 5719/45/97
f 5720/46/188 5721/24/188 5722/27/188
f 5720/46/173 5722/27/173 5723/47/173
f 5724/48/98 5725/49/98 5726/50/98
f 5724/48/98 5726/50/98 5727/51/98
f 5728/36/298 5729/52/298 5730/53/298
f 5728/36/245 5730/53/245 5731/37/245
f 5732/50/99 5733/54/99 5734/55/99
f 5732/50/99 5734/55/99 5735/51/99
f 5736/52/175 5737/56/175 5738/57/175
f 5736/52/339 5738/57/339 5739/53/339
s 1
f 5740/58/311 5741/28/311 5742/30/341
f 5740/58/311 5742/30/341 5743/59/514
f 5741/28/311 5740/58/311 5744/60/515
f 5741/28/311 5744/60/515 5745/26/255
f 5746/61/516 5745/26/255 5744/60/515
f 5746/61/516 5747/27/517 5745/26/255
s 0
f 5748/38/193 5749/12/193 5750/15/193
f 5748/38/344 5750/15/344 5751/62/344
f 5752/11/128 5753/14/128 5754/13/128
f 5752/11/518 5754/13/518 5755/8/518
s 1
f 5756/63/249 5757/25/249 5758/24/306
f 5756/63/249 5758/24/306 5759/64/306
f 5760/65/519 5757/25/249 5756/63/249
f 5760/65/519 5761/29/519 5757/25/249
f 5762/66/350 5761/29/519 5760/65/519
f 5762/66/350 5763/31/350 5761/29/519
s 0
f 5764/37/316 5765/67/316 5766/59/316
f 5764/37/316 5766/59/316 5767/30/316
f 5768/68/206 5769/36/206 5770/31/206
f 5768/68/206 5770/31/206 5771/66/206
f 5772/69/261 5773/47/261 5774/27/261
f 5772/69/260 5774/27/260 5775/61/260
f 5776/46/210 5777/70/210 5778/64/210
f 5776/46/379 5778/64/379 5779/24/379
f 5780/8/139 5781/13/139 5782/43/139
f 5780/8/139 5782/43/139 5783/71/139
f 5784/12/212 5785/38/212 5786/41/212
f 5784/12/380 5786/41/380 5787/42/380
f 5788/53/142 5789/72/142 5790/67/142
f 5788/53/323 5790/67/323 5791/37/323
f 5792/73/437 5793/52/437 5794/36/437
f 5792/73/322 5794/36/322 5795/68/322
f 5796/57/402 5797/74/402 5798/72/495
f 5796/57/216 5798/72/216 5799/53/216
f 5800/75/217 5801/56/217 5802/52/217
f 5800/75/218 5802/52/218 5803/73/218
f 5804/76/219 5805/77/219 5806/78/219
f 5804/76/219 5806/78/219 5807/79/219
s 1
f 5808/77/272 5809/80/272 5810/81/272
s 0
f 5808/77/220 5810/81/220 5811/78/220
f 5812/81/100 5813/80/100 5814/82/100
f 5812/81/100 5814/82/100 5815/83/100
f 5816/84/149 5817/76/149 5818/79/149
f 5816/84/269 5818/79/269 5819/85/269
f 5820/86/106 5821/87/106 5822/88/106
f 5820/86/106 5822/88/106 5823/89/106
f 5824/87/223 5825/90/223 5826/91/223
f 5824/87/223 5826/91/223 5827/88/223
f 5828/90/2 5829/92/2 5830/93/2
f 5828/90/2 5830/93/2 5831/91/2
f 5832/94/152 5833/86/152 5834/89/152
f 5832/94/152 5834/89/152 5835/95/152
f 5836/78/274 5837/96/274 5838/97/274
f 5836/78/178 5838/97/178 5839/79/178
f 5840/81/101 5841/83/101 5842/98/101
f 5840/81/101 5842/98/101 5843/99/101
f 5844/79/279 5845/97/279 5846/100/279
f 5844/79/153 5846/100/153 5847/85/153
f 5848/81/327 5849/99/327 5850/96/327
f 5848/81/360 5850/96/360 5851/78/360
f 5852/101/106 5853/102/106 5854/103/106
f 5852/101/106 5854/103/106 5855/104/106
f 5856/104/223 5857/103/223 5858/105/223
f 5856/104/223 5858/105/223 5859/106/223
f 5860/107/66 5861/108/66 5862/109/66
f 5860/107/66 5862/109/66 5863/110/66
f 5864/110/362 5865/109/362 5866/102/362
f 5864/110/152 5866/102/152 5867/101/152
s 1
f 5868/111/336 5869/15/520 5870/14/161
f 5871/112/335 5869/15/520 5868/111/336
f 5868/111/336 5870/14/161 5872/113/164
f 5871/112/335 5873/62/499 5869/15/520
f 5874/114/87 5873/62/499 5871/112/335
f 5874/114/87 5875/115/87 5873/62/499
f 5872/113/164 5870/14/161 5876/11/158
f 5872/113/164 5876/11/158 5877/116/521
f 5878/117/84 5877/116/521 5876/11/158
f 5878/117/84 5876/11/158 5879/10/84
s 0
f 5880/89/1 5881/88/1 5882/77/1
f 5880/89/1 5882/77/1 5883/76/1
f 5884/95/1 5880/89/1 5883/76/1
f 5884/95/1 5883/76/1 5885/84/1
f 5881/88/1 5886/80/1 5882/77/1
f 5881/88/1 5887/91/1 5886/80/1
f 5886/80/1 5887/91/1 5888/93/1
f 5886/80/1 5888/93/1 5889/82/1
f 5890/87/89 5891/86/89 5892/118/89
f 5891/86/89 5893/119/89 5892/118/89
f 5891/86/89 5894/94/89 5893/119/89
f 5890/87/89 5892/118/89 5895/120/89
f 5896/90/89 5890/87/89 5895/120/89
f 5896/90/89 5895/120/89 5897/121/89
f 5898/92/89 5896/90/89 5897/121/89
f 5898/92/89 5897/121/89 5899/122/89
f 5900/123/89 5901/124/89 5902/125/89
f 5900/123/89 5902/125/89 5903/126/89
s 1
f 5904/127/424 5905/128/4 5906/129/4
f 5904/127/424 5906/129/4 5907/130/6
f 5908/131/425 5904/127/424 5907/130/6
f 5908/131/425 5907/130/6 5909/132/8
f 5910/34/9 5908/131/425 5909/132/8
f 5910/34/9 5909/132/8 5911/35/9
s 0
f 5912/133/14 5913/9/14 5914/8/14
f 5912/133/14 5914/8/14 5915/71/14
f 5916/134/186 5917/135/186 5918/129/186
f 5916/134/186 5918/129/186 5919/128/186
f 5920/136/19 5921/33/19 5922/32/19
f 5920/136/19 5922/32/19 5923/137/19
f 5924/136/22 5925/137/22 5926/138/22
f 5924/136/22 5926/138/22 5927/139/22
f 5928/140/62 5929/141/62 5930/142/62
f 5928/140/62 5930/142/62 5931/143/62
f 5932/125/66 5933/124/66 5934/144/66
f 5932/125/66 5934/144/66 5935/145/66
f 5936/146/70 5937/143/70 5938/142/70
f 5936/146/70 5938/142/70 5939/147/70
f 5940/145/1 5941/144/1 5942/141/1
f 5940/145/1 5942/141/1 5943/140/1
s 1
f 5944/127/424 5945/148/426 5946/149/4
f 5944/127/424 5946/149/4 5947/128/4
f 5948/131/425 5945/148/426 5944/127/424
f 5948/131/425 5949/150/113 5945/148/426
f 5950/34/9 5949/150/113 5948/131/425
f 5950/34/9 5951/151/9 5949/150/113
f 5952/133/14 5953/152/14 5954/153/14
s 0
f 5952/133/14 5954/153/14 5955/9/14
f 5956/149/186 5957/154/186 5958/134/186
f 5956/149/186 5958/134/186 5959/128/186
f 5960/136/19 5961/155/19 5962/156/19
f 5960/136/19 5962/156/19 5963/33/19
f 5964/157/22 5965/155/22 5966/136/22
f 5964/157/22 5966/136/22 5967/139/22
f 5968/158/62 5969/159/62 5970/140/62
f 5968/158/62 5970/140/62 5971/143/62
f 5972/160/66 5973/161/66 5974/125/66
f 5972/160/66 5974/125/66 5975/145/66
f 5976/146/71 5977/162/71 5978/158/71
f 5976/146/70 5978/158/70 5979/143/70
f 5980/163/427 5981/164/427 5982/117/427
f 5980/163/84 5982/117/84 5983/10/84
f 5984/159/1 5985/160/1 5986/145/1
f 5984/159/1 5986/145/1 5987/140/1
f 5988/39/2 5989/38/2 5990/62/2
f 5988/39/2 5990/62/2 5991/115/2
f 5992/49/2 5993/48/2 5994/23/2
f 5992/49/2 5994/23/2 5995/22/2
f 5996/165/2 5997/106/2 5998/105/2
f 5996/165/2 5998/105/2 5999/166/2
f 6000/7/1 6001/167/1 6002/6/1
f 6003/163/66 6004/10/66 6005/9/66
f 6003/163/66 6005/9/66 6006/153/66
f 6007/151/66 6008/34/66 6009/33/66
f 6007/151/66 6009/33/66 6010/156/66
f 6011/168/66 6012/108/66 6013/107/66
f 6011/168/66 6013/107/66 6014/169/66
f 6015/170/89 6016/126/89 6017/125/89
f 6015/170/89 6017/125/89 6018/161/89
f 6019/4/1 6020/6/1 6021/7/1
f 6019/4/1 6021/7/1 6022/1/1
f 6023/5/1 6019/4/1 6022/1/1
f 6021/7/1 6024/2/1 6022/1/1
f 6021/7/1 6025/3/1 6024/2/1
f 6026/10/3 6027/9/3 6028/8/3
f 6026/10/3 6028/8/3 6029/11/3
f 6030/14/2 6031/13/2 6032/12/2
f 6030/14/2 6032/12/2 6033/15/2
s 1
f 6034/16/168 6035/19/167 6036/18/391
f 6034/16/168 6036/18/391 6037/17/168
f 6035/19/167 6038/20/392 6036/18/391
f 6035/19/167 6039/21/170 6038/20/392
f 6039/21/170 6040/22/393 6038/20/392
f 6039/21/170 6041/23/393 6040/22/393
f 6042/26/92 6043/25/92 6044/24/91
f 6042/26/92 6044/24/91 6045/27/91
f 6046/28/103 6043/25/92 6042/26/92
f 6046/28/103 6047/29/103 6043/25/92
f 6048/30/428 6047/29/103 6046/28/103
f 6048/30/428 6049/31/428 6047/29/103
s 0
f 6050/34/3 6051/33/3 6052/32/3
f 6050/34/3 6052/32/3 6053/35/3
f 6054/30/2 6055/37/2 6056/36/2
f 6054/30/2 6056/36/2 6057/31/2
f 6058/38/172 6059/41/172 6060/40/172
f 6058/38/172 6060/40/172 6061/39/172
f 6062/43/429 6063/42/429 6064/12/429
f 6062/43/429 6064/12/429 6065/13/429
f 6066/16/173 6067/17/173 6068/44/173
f 6066/16/173 6068/44/173 6069/45/173
f 6070/27/430 6071/24/430 6072/46/430
f 6070/27/430 6072/46/430 6073/47/430
f 6074/48/174 6075/51/174 6076/50/174
f 6074/48/174 6076/50/174 6077/49/174
f 6078/53/98 6079/52/98 6080/36/98
f 6078/53/98 6080/36/98 6081/37/98
f 6082/55/175 6083/54/175 6084/50/175
f 6082/55/175 6084/50/175 6085/51/175
f 6086/57/99 6087/56/99 6088/52/99
f 6086/57/99 6088/52/99 6089/53/99
s 1
f 6090/30/27 6091/28/414 6092/58/414
f 6090/30/27 6092/58/414 6093/59/27
f 6094/60/302 6092/58/414 6091/28/414
f 6094/60/302 6091/28/414 6095/26/302
f 6095/26/302 6096/61/433 6094/60/302
f 6095/26/302 6097/27/433 6096/61/433
s 0
f 6098/15/193 6099/12/193 6100/38/193
f 6098/15/193 6100/38/193 6101/62/193
f 6102/13/32 6103/14/32 6104/11/32
f 6102/13/33 6104/11/33 6105/8/33
s 1
f 6106/24/200 6107/25/249 6108/63/249
f 6106/24/200 6108/63/249 6109/64/200
f 6107/25/249 6110/65/307 6108/63/249
f 6107/25/249 6111/29/307 6110/65/307
f 6111/29/307 6112/66/350 6110/65/307
f 6111/29/307 6113/31/504 6112/66/350
s 0
f 6114/59/435 6115/67/435 6116/37/435
f 6114/59/40 6116/37/40 6117/30/40
f 6118/31/257 6119/36/257 6120/68/257
f 6118/31/205 6120/68/205 6121/66/205
f 6122/27/43 6123/47/43 6124/69/43
f 6122/27/522 6124/69/522 6125/61/522
f 6126/64/379 6127/70/379 6128/46/379
f 6126/64/209 6128/46/209 6129/24/209
f 6130/43/47 6131/13/47 6132/8/47
f 6130/43/48 6132/8/48 6133/71/48
f 6134/41/212 6135/38/212 6136/12/212
f 6134/41/212 6136/12/212 6137/42/212
f 6138/67/266 6139/72/266 6140/53/266
f 6138/67/213 6140/53/213 6141/37/213
s 1
f 6142/36/215 6143/52/215 6144/73/215
s 0
f 6142/36/215 6144/73/215 6145/68/215
f 6146/72/55 6147/74/55 6148/57/55
f 6146/72/268 6148/57/268 6149/53/268
f 6150/52/218 6151/56/218 6152/75/218
f 6150/52/217 6152/75/217 6153/73/217
f 6154/78/439 6155/77/439 6156/76/439
f 6154/78/439 6156/76/439 6157/79/439
f 6158/81/272 6159/80/272 6160/77/272
f 6158/81/385 6160/77/385 6161/78/385
f 6162/81/177 6163/83/177 6164/82/177
f 6162/81/177 6164/82/177 6165/80/177
s 1
f 6166/79/271 6167/76/271 6168/84/271
s 0
f 6166/79/64 6168/84/64 6169/85/64
f 6170/88/2 6171/87/2 6172/86/2
f 6170/88/2 6172/86/2 6173/89/2
f 6174/91/223 6175/90/223 6176/87/223
f 6174/91/223 6176/87/223 6177/88/223
f 6178/93/106 6179/92/106 6180/90/106
f 6178/93/106 6180/90/106 6181/91/106
f 6182/89/67 6183/86/67 6184/94/67
f 6182/89/67 6184/94/67 6185/95/67
f 6186/97/101 6187/96/101 6188/78/101
f 6186/97/101 6188/78/101 6189/79/101
f 6190/81/403 6191/99/403 6192/98/403
f 6190/81/523 6192/98/523 6193/83/523
f 6194/100/422 6195/97/422 6196/79/422
f 6194/100/72 6196/79/72 6197/85/72
f 6198/96/498 6199/99/498 6200/81/498
f 6198/96/359 6200/81/359 6201/78/359
f 6202/103/2 6203/102/2 6204/101/2
f 6202/103/2 6204/101/2 6205/104/2
f 6206/105/524 6207/103/524 6208/104/524
f 6206/105/223 6208/104/223 6209/106/223
f 6210/109/3 6211/108/3 6212/107/3
f 6210/109/3 6212/107/3 6213/110/3
f 6214/102/441 6215/109/441 6216/110/441
f 6214/102/441 6216/110/441 6217/101/441
s 1
f 6218/14/443 6219/15/389 6220/111/335
f 6218/14/443 6220/111/335 6221/113/86
f 6219/15/389 6222/112/232 6220/111/335
f 6223/11/80 6218/14/443 6221/113/86
f 6219/15/389 6224/62/363 6222/112/232
f 6224/62/363 6225/114/165 6222/112/232
f 6224/62/363 6226/115/165 6225/114/165
f 6223/11/80 6221/113/86 6227/116/370
f 6223/11/80 6227/116/370 6228/117/410
f 6223/11/80 6228/117/410 6229/10/410
s 0
f 6230/77/1 6231/88/1 6232/89/1
f 6230/77/1 6232/89/1 6233/76/1
f 6233/76/1 6232/89/1 6234/95/1
f 6233/76/1 6234/95/1 6235/84/1
f 6236/80/1 6231/88/1 6230/77/1
f 6236/80/1 6237/91/1 6231/88/1
f 6236/80/1 6238/93/1 6237/91/1
f 6236/80/1 6239/82/1 6238/93/1
f 6240/118/89 6241/86/89 6242/87/89
f 6243/119/89 6241/86/89 6240/118/89
f 6243/119/89 6244/94/89 6241/86/89
f 6240/118/89 6242/87/89 6245/120/89
f 6245/120/89 6242/87/89 6246/90/89
f 6245/120/89 6246/90/89 6247/121/89
f 6247/121/294 6246/90/294 6248/92/294
f 6247/121/89 6248/92/89 6249/122/89
f 6250/123/89 6251/126/89 6252/125/89
f 6250/123/89 6252/125/89 6253/124/89
s 1
f 6254/127/407 6255/130/11 6256/129/10
f 6254/127/407 6256/129/10 6257/128/10
f 6258/131/408 6255/130/11 6254/127/407
f 6258/131/408 6259/132/110 6255/130/11
f 6260/34/112 6259/132/110 6258/131/408
f 6260/34/112 6261/35/112 6259/132/110
s 0
f 6262/133/115 6263/71/115 6264/8/115
f 6262/133/115 6264/8/115 6265/9/115
f 6266/129/187 6267/135/187 6268/134/187
f 6266/129/187 6268/134/187 6269/128/187
f 6270/136/21 6271/137/21 6272/32/21
f 6270/136/21 6272/32/21 6273/33/21
f 6274/138/23 6275/137/23 6276/136/23
f 6274/138/23 6276/136/23 6277/139/23
f 6278/142/148 6279/141/148 6280/140/148
f 6278/142/148 6280/140/148 6281/143/148
f 6282/144/3 6283/124/3 6284/125/3
f 6282/144/3 6284/125/3 6285/145/3
f 6286/146/68 6287/147/68 6288/142/68
f 6286/146/69 6288/142/69 6289/143/69
f 6290/141/1 6291/144/1 6292/145/1
f 6290/141/1 6292/145/1 6293/140/1
s 1
f 6294/127/407 6295/128/10 6296/149/10
f 6294/127/407 6296/149/10 6297/148/409
f 6298/131/408 6294/127/407 6297/148/409
f 6298/131/408 6297/148/409 6299/150/12
f 6300/34/112 6298/131/408 6299/150/12
f 6300/34/112 6299/150/12 6301/151/112
f 6302/133/115 6303/9/115 6304/153/115
f 6302/133/115 6304/153/115 6305/152/115
s 0
f 6306/134/187 6307/154/187 6308/149/187
f 6306/134/187 6308/149/187 6309/128/187
f 6310/136/21 6311/33/21 6312/156/21
f 6310/136/21 6312/156/21 6313/155/21
f 6314/136/23 6315/155/23 6316/157/23
f 6314/136/23 6316/157/23 6317/139/23
f 6318/140/148 6319/159/148 6320/158/148
f 6318/140/148 6320/158/148 6321/143/148
f 6322/125/3 6323/161/3 6324/160/3
f 6322/125/3 6324/160/3 6325/145/3
f 6326/146/69 6327/143/69 6328/158/69
f 6326/146/68 6328/158/68 6329/162/68
f 6330/117/410 6331/164/410 6332/163/410
f 6330/117/163 6332/163/163 6333/10/163
f 6334/145/1 6335/160/1 6336/159/1
f 6334/145/1 6336/159/1 6337/140/1
f 6338/62/106 6339/38/106 6340/39/106
f 6338/62/106 6340/39/106 6341/115/106
f 6342/23/106 6343/48/106 6344/49/106
f 6342/23/106 6344/49/106 6345/22/106
f 6346/105/106 6347/106/106 6348/165/106
f 6346/105/106 6348/165/106 6349/166/106
f 6350/7/1 6351/6/1 6352/167/1
f 6353/9/3 6354/10/3 6355/163/3
f 6353/9/3 6355/163/3 6356/153/3
f 6357/33/3 6358/34/3 6359/151/3
f 6357/33/3 6359/151/3 6360/156/3
f 6361/107/3 6362/108/3 6363/168/3
f 6361/107/3 6363/168/3 6364/169/3
f 6365/125/89 6366/126/89 6367/170/89
f 6365/125/89 6367/170/89 6368/161/89
s 1
f 6369/190/525 6370/189/526 6371/277/527
f 6369/190/525 6371/277/527 6372/278/525
f 6370/189/526 6373/279/528 6371/277/527
f 6370/189/526 6374/191/529 6373/279/528
f 6374/191/529 6375/280/530 6373/279/528
f 6374/191/529 6376/193/531 6375/280/530
s 0
f 6377/178/532 6378/205/532 6379/281/532
f 6377/178/532 6379/281/532 6380/282/532
f 6381/190/533 6382/278/533 6383/283/533
s 1
f 6381/190/534 6383/283/534 6384/209/534
s 0
f 6385/201/535 6386/213/535 6387/284/535
f 6385/201/535 6387/284/535 6388/285/535
f 6389/217/536 6390/286/536 6391/284/536
f 6389/217/536 6391/284/536 6392/213/536
s 1
f 6393/287/537 6394/288/538 6395/225/539
f 6393/287/537 6395/225/539 6396/226/537
f 6394/288/538 6397/227/540 6395/225/539
f 6394/288/538 6398/289/541 6397/227/540
f 6398/289/541 6399/228/542 6397/227/540
f 6398/289/541 6400/290/542 6399/228/542
s 0
f 6401/290/543 6402/291/543 6403/230/543
f 6401/290/544 6403/230/544 6404/228/544
f 6405/291/545 6406/292/545 6407/235/545
f 6405/291/546 6407/235/546 6408/230/546
f 6409/235/547 6410/292/547 6411/293/547
f 6409/235/548 6411/293/548 6412/237/548
f 6413/280/106 6414/193/106 6415/201/106
f 6413/280/106 6415/201/106 6416/285/106
f 6417/294/89 6418/295/89 6419/296/89
f 6417/294/89 6419/296/89 6420/297/89
f 6421/298/89 6420/297/89 6419/296/89
f 6422/287/549 6423/226/549 6424/232/549
f 6422/287/550 6424/232/550 6425/299/550
f 6426/233/551 6427/219/551 6428/300/551
f 6426/233/552 6428/300/552 6429/301/552
f 6430/302/553 6431/173/553 6432/303/553
f 6430/302/1 6432/303/1 6433/304/1
s 1
f 6434/190/91 6435/278/91 6436/277/90
f 6434/190/91 6436/277/90 6437/189/554
f 6437/189/554 6436/277/90 6438/279/93
f 6437/189/554 6438/279/93 6439/191/555
f 6439/191/555 6438/279/93 6440/280/428
f 6439/191/555 6440/280/428 6441/193/428
s 0
f 6442/178/556 6443/282/556 6444/281/556
f 6442/178/556 6444/281/556 6445/205/556
f 6446/283/430 6447/278/430 6448/190/430
f 6446/283/430 6448/190/430 6449/209/430
f 6450/201/557 6451/285/557 6452/284/557
s 1
f 6450/201/557 6452/284/557 6453/213/557
s 0
f 6454/284/558 6455/286/558 6456/217/558
f 6454/284/559 6456/217/559 6457/213/559
s 1
f 6458/226/537 6459/225/560 6460/288/561
f 6458/226/537 6460/288/561 6461/287/537
f 6459/225/560 6462/289/562 6460/288/561
f 6459/225/560 6463/227/563 6462/289/562
f 6463/227/563 6464/290/564 6462/289/562
f 6463/227/563 6465/228/564 6464/290/564
s 0
f 6466/230/565 6467/291/565 6468/290/565
f 6466/230/544 6468/290/544 6469/228/544
s 1
f 6470/230/566 6471/235/566 6472/292/566
s 0
f 6470/230/566 6472/292/566 6473/291/566
f 6474/237/567 6475/293/567 6476/292/567
f 6474/237/568 6476/292/567 6477/235/568
f 6478/201/2 6479/193/2 6480/280/2
f 6478/201/2 6480/280/2 6481/285/2
f 6482/294/89 6483/297/89 6484/296/89
f 6482/294/89 6484/296/89 6485/295/89
f 6486/298/89 6484/296/89 6483/297/89
f 6487/299/569 6488/232/569 6489/226/569
f 6487/299/570 6489/226/570 6490/287/570
f 6491/301/552 6492/300/552 6493/219/552
f 6491/301/551 6493/219/551 6494/233/551
f 6495/303/1 6496/173/1 6497/302/1
f 6495/303/1 6497/302/1 6498/304/1
s 1
f 6499/190/525 6500/278/525 6501/277/527
f 6499/190/525 6501/277/527 6502/189/526
f 6502/189/526 6501/277/527 6503/279/528
f 6502/189/526 6503/279/528 6504/191/529
f 6504/191/529 6503/279/528 6505/280/531
f 6504/191/529 6505/280/531 6506/193/531
s 0
f 6507/178/532 6508/282/532 6509/281/532
f 6507/178/532 6509/281/532 6510/205/532
f 6511/283/534 6512/278/534 6513/190/534
f 6511/283/534 6513/190/534 6514/209/534
f 6515/201/535 6516/285/535 6517/284/535
f 6515/201/535 6517/284/535 6518/213/535
f 6519/284/571 6520/286/571 6521/217/571
f 6519/284/536 6521/217/536 6522/213/536
s 1
f 6523/225/572 6524/288/573 6525/287/574
f 6523/225/572 6525/287/574 6526/226/574
f 6527/227/575 6524/288/573 6523/225/572
f 6527/227/575 6528/289/576 6524/288/573
f 6529/228/577 6528/289/576 6527/227/575
f 6529/228/577 6530/290/578 6528/289/576
s 0
f 6531/230/579 6532/291/579 6533/290/579
f 6531/230/580 6533/290/580 6534/228/580
f 6535/235/581 6536/292/581 6537/291/581
f 6535/235/582 6537/291/582 6538/230/582
f 6539/235/583 6540/237/583 6541/293/583
f 6539/235/584 6541/293/584 6542/292/584
f 6543/201/106 6544/193/106 6545/280/106
f 6543/201/106 6545/280/106 6546/285/106
f 6547/294/89 6548/297/89 6549/296/89
f 6547/294/89 6549/296/89 6550/295/89
f 6551/298/89 6549/296/89 6548/297/89
f 6552/287/585 6553/299/585 6554/232/585
f 6552/287/586 6554/232/586 6555/226/586
f 6556/300/587 6557/219/587 6558/233/587
f 6556/300/587 6558/233/587 6559/301/587
f 6560/303/1 6561/173/1 6562/302/1
f 6560/303/1 6562/302/1 6563/304/1
s 1
f 6564/190/4 6565/189/588 6566/277/424
f 6564/190/4 6566/277/424 6567/278/4
f 6565/189/588 6568/279/425 6566/277/424
f 6565/189/588 6569/191/589 6568/279/425
f 6569/191/589 6570/280/114 6568/279/425
f 6569/191/589 6571/193/114 6570/280/114
s 0
f 6572/178/116 6573/205/116 6574/281/116
f 6572/178/116 6574/281/116 6575/282/116
f 6576/190/186 6577/278/186 6578/283/186
f 6576/190/117 6578/283/117 6579/209/117
f 6580/201/119 6581/213/119 6582/284/119
f 6580/201/590 6582/284/590 6583/285/590
s 1
f 6584/217/122 6585/286/591 6586/284/591
f 6584/217/122 6586/284/591 6587/213/122
f 6588/226/574 6589/287/574 6590/288/573
f 6588/226/574 6590/288/573 6591/225/592
f 6591/225/592 6590/288/573 6592/289/593
f 6591/225/592 6592/289/593 6593/227/594
f 6593/227/594 6592/289/593 6594/290/595
f 6593/227/594 6594/290/595 6595/228/595
s 0
f 6596/290/596 6597/291/596 6598/230/596
f 6596/290/579 6598/230/579 6599/228/579
f 6600/230/597 6601/291/597 6602/292/597
f 6600/230/582 6602/292/582 6603/235/582
f 6604/292/598 6605/293/599 6606/237/600
f 6604/292/601 6606/237/601 6607/235/601
f 6608/280/66 6609/193/66 6610/201/66
f 6608/280/66 6610/201/66 6611/285/66
f 6612/294/89 6613/295/89 6614/296/89
f 6612/294/89 6614/296/89 6615/297/89
s 1
f 6616/298/602 6615/297/602 6614/296/602
s 0
f 6617/226/603 6618/232/603 6619/299/603
f 6617/226/604 6619/299/604 6620/287/604
f 6621/301/587 6622/233/587 6623/219/587
f 6621/301/605 6623/219/605 6624/300/605
f 6625/302/1 6626/173/1 6627/303/1
f 6625/302/1 6627/303/1 6628/304/1
s 1
f 6629/190/606 6630/189/607 6631/277/608
f 6629/190/606 6631/277/608 6632/278/606
f 6630/189/607 6633/279/609 6631/277/608
f 6630/189/607 6634/191/610 6633/279/609
f 6634/191/610 6635/280/611 6633/279/609
f 6634/191/610 6636/193/611 6635/280/611
f 6637/19/612 6638/196/612 6639/195/168
f 6637/19/612 6639/195/168 6640/16/168
f 6641/21/613 6638/196/612 6637/19/612
f 6641/21/613 6642/197/613 6638/196/612
f 6643/23/393 6642/197/613 6641/21/613
f 6643/23/393 6644/198/393 6642/197/613
s 0
f 6645/23/106 6646/48/106 6647/202/106
f 6645/23/106 6647/202/106 6648/198/106
f 6649/305/2 6650/306/2 6651/36/2
f 6649/305/2 6651/36/2 6652/31/2
f 6653/178/614 6654/205/614 6655/281/614
f 6653/178/614 6655/281/614 6656/282/614
s 1
f 6657/41/172 6658/206/172 6659/181/172
f 6657/41/172 6659/181/172 6660/38/172
s 0
f 6661/190/615 6662/278/615 6663/283/615
f 6661/190/615 6663/283/615 6664/209/615
f 6665/16/448 6666/195/448 6667/210/448
f 6665/16/173 6667/210/173 6668/45/173
f 6669/201/616 6670/213/616 6671/284/616
f 6669/201/616 6671/284/616 6672/285/616
f 6673/51/174 6674/214/174 6675/202/174
f 6673/51/174 6675/202/174 6676/48/174
f 6677/217/617 6678/286/617 6679/284/617
f 6677/217/617 6679/284/617 6680/213/617
f 6681/55/175 6682/218/175 6683/214/175
f 6681/55/175 6683/214/175 6684/51/175
s 1
f 6685/226/618 6686/195/618 6687/196/619
f 6685/226/618 6687/196/619 6688/225/620
f 6688/225/620 6687/196/619 6689/197/621
f 6688/225/620 6689/197/621 6690/227/622
f 6690/227/622 6689/197/621 6691/198/623
f 6690/227/622 6691/198/623 6692/228/623
f 6693/24/624 6694/25/625 6695/63/626
f 6693/24/624 6695/63/626 6696/64/624
f 6694/25/625 6697/65/627 6695/63/626
f 6694/25/625 6698/29/628 6697/65/627
f 6698/29/628 6699/66/629 6697/65/627
f 6698/29/628 6700/31/629 6699/66/629
s 0
f 6701/198/630 6702/202/630 6703/230/630
f 6701/198/631 6703/230/631 6704/228/631
f 6705/31/632 6706/36/632 6707/68/632
f 6705/31/633 6707/68/633 6708/66/633
f 6709/226/634 6710/232/634 6711/210/634
f 6709/226/635 6711/210/635 6712/195/635
f 6713/24/636 6714/64/636 6715/70/636
f 6713/24/637 6715/70/637 6716/46/637
f 6717/206/638 6718/233/638 6719/219/638
f 6717/206/638 6719/219/638 6720/181/638
f 6721/41/639 6722/38/639 6723/12/639
f 6721/41/640 6723/12/640 6724/42/640
f 6725/230/641 6726/202/641 6727/214/641
f 6725/230/641 6727/214/641 6728/235/641
f 6729/36/642 6730/52/642 6731/73/642
f 6729/36/642 6731/73/642 6732/68/642
f 6733/214/643 6734/218/644 6735/237/644
f 6733/214/645 6735/237/645 6736/235/645
f 6737/73/646 6738/52/646 6739/56/646
f 6737/73/646 6739/56/646 6740/75/646
f 6741/302/1 6742/173/1 6743/171/1
f 6741/302/1 6743/171/1 6744/1/1
f 6745/307/1 6741/302/1 6744/1/1
f 6743/171/88 6746/2/88 6744/1/88
s 1
f 6747/308/647 6748/25/648 6749/24/649
f 6747/308/647 6749/24/649 6750/309/649
f 6751/310/650 6748/25/648 6747/308/647
f 6751/310/650 6752/29/651 6748/25/648
f 6753/305/652 6752/29/651 6751/310/650
f 6753/305/652 6754/31/652 6752/29/651
s 0
f 6755/280/66 6756/193/66 6757/201/66
f 6755/280/66 6757/201/66 6758/285/66
f 6759/311/653 6760/42/653 6761/12/653
f 6759/311/653 6761/12/653 6762/312/653
f 6763/313/654 6764/309/654 6765/24/654
f 6763/313/654 6765/24/654 6766/46/654
f 6767/314/655 6768/52/655 6769/36/655
f 6767/314/655 6769/36/655 6770/306/655
f 6771/314/656 6772/315/656 6773/56/656
f 6771/314/656 6773/56/656 6774/52/656
f 6775/316/89 6776/317/89 6777/297/89
f 6775/316/89 6777/297/89 6778/294/89
f 6779/318/89 6777/297/89 6776/317/89
f 6779/318/657 6776/317/657 6780/319/657
s 1
f 6781/190/606 6782/189/607 6783/277/608
f 6781/190/606 6783/277/608 6784/278/606
f 6782/189/607 6785/279/609 6783/277/608
f 6782/189/607 6786/191/610 6785/279/609
f 6786/191/610 6787/280/611 6785/279/609
f 6786/191/610 6788/193/611 6787/280/611
f 6789/19/612 6790/196/612 6791/195/168
f 6789/19/612 6791/195/168 6792/16/168
f 6793/21/613 6790/196/612 6789/19/612
f 6793/21/613 6794/197/613 6790/196/612
f 6795/23/393 6794/197/613 6793/21/613
f 6795/23/393 6796/198/393 6794/197/613
s 0
f 6797/23/106 6798/48/106 6799/202/106
f 6797/23/106 6799/202/106 6800/198/106
f 6801/305/2 6802/306/2 6803/36/2
f 6801/305/2 6803/36/2 6804/31/2
f 6805/178/614 6806/205/614 6807/281/614
f 6805/178/614 6807/281/614 6808/282/614
f 6809/41/172 6810/206/172 6811/181/172
f 6809/41/172 6811/181/172 6812/38/172
f 6813/190/615 6814/278/615 6815/283/615
f 6813/190/615 6815/283/615 6816/209/615
f 6817/16/173 6818/195/173 6819/210/173
f 6817/16/448 6819/210/448 6820/45/448
f 6821/201/616 6822/213/616 6823/284/616
f 6821/201/616 6823/284/616 6824/285/616
f 6825/51/174 6826/214/174 6827/202/174
f 6825/51/174 6827/202/174 6828/48/174
f 6829/217/617 6830/286/617 6831/284/617
f 6829/217/617 6831/284/617 6832/213/617
f 6833/55/175 6834/218/175 6835/214/175
f 6833/55/175 6835/214/175 6836/51/175
s 1
f 6837/226/618 6838/195/658 6839/196/659
f 6837/226/618 6839/196/659 6840/225/660
f 6840/225/660 6839/196/659 6841/197/621
f 6840/225/660 6841/197/621 6842/227/622
f 6842/227/622 6841/197/621 6843/198/661
f 6842/227/622 6843/198/661 6844/228/661
f 6845/24/662 6846/25/625 6847/63/663
f 6845/24/662 6847/63/663 6848/64/662
f 6846/25/625 6849/65/627 6847/63/663
f 6846/25/625 6850/29/628 6849/65/627
f 6850/29/628 6851/66/629 6849/65/627
f 6850/29/628 6852/31/629 6851/66/629
s 0
f 6853/198/630 6854/202/630 6855/230/630
f 6853/198/631 6855/230/631 6856/228/631
f 6857/31/664 6858/36/664 6859/68/664
f 6857/31/665 6859/68/665 6860/66/665
f 6861/226/634 6862/232/634 6863/210/634
f 6861/226/635 6863/210/635 6864/195/635
f 6865/24/666 6866/64/666 6867/70/666
f 6865/24/637 6867/70/637 6868/46/637
f 6869/206/667 6870/233/667 6871/219/667
f 6869/206/667 6871/219/667 6872/181/667
f 6873/41/668 6874/38/668 6875/12/668
f 6873/41/669 6875/12/669 6876/42/669
f 6877/230/641 6878/202/641 6879/214/641
f 6877/230/641 6879/214/641 6880/235/641
f 6881/36/642 6882/52/642 6883/73/642
f 6881/36/642 6883/73/642 6884/68/642
f 6885/214/643 6886/218/644 6887/237/644
f 6885/214/644 6887/237/644 6888/235/644
f 6889/73/670 6890/52/670 6891/56/670
f 6889/73/646 6891/56/646 6892/75/646
f 6893/302/1 6894/173/1 6895/171/1
f 6893/302/1 6895/171/1 6896/1/1
f 6897/307/1 6893/302/1 6896/1/1
f 6895/171/88 6898/2/88 6896/1/88
s 1
f 6899/308/647 6900/25/648 6901/24/649
f 6899/308/647 6901/24/649 6902/309/649
f 6903/310/650 6900/25/648 6899/308/647
f 6903/310/650 6904/29/651 6900/25/648
f 6905/305/652 6904/29/651 6903/310/650
f 6905/305/652 6906/31/652 6904/29/651
s 0
f 6907/280/66 6908/193/66 6909/201/66
f 6907/280/66 6909/201/66 6910/285/66
f 6911/311/653 6912/42/653 6913/12/653
f 6911/311/653 6913/12/653 6914/312/653
f 6915/313/654 6916/309/654 6917/24/654
f 6915/313/654 6917/24/654 6918/46/654
f 6919/314/655 6920/52/655 6921/36/655
f 6919/314/655 6921/36/655 6922/306/655
f 6923/314/656 6924/315/656 6925/56/656
f 6923/314/656 6925/56/656 6926/52/656
f 6927/316/89 6928/317/89 6929/297/89
f 6927/316/89 6929/297/89 6930/294/89
f 6931/318/671 6929/297/671 6928/317/671
f 6931/318/295 6928/317/295 6932/319/295
s 1
f 6933/190/672 6934/189/673 6935/277/674
f 6933/190/672 6935/277/674 6936/278/672
f 6934/189/673 6937/279/675 6935/277/674
f 6934/189/673 6938/191/676 6937/279/675
f 6938/191/676 6939/280/677 6937/279/675
f 6938/191/676 6940/193/677 6939/280/677
f 6941/19/588 6942/196/588 6943/195/4
f 6941/19/588 6943/195/4 6944/16/4
f 6945/21/678 6942/196/588 6941/19/588
f 6945/21/678 6946/197/678 6942/196/588
f 6947/23/114 6946/197/678 6945/21/678
f 6947/23/114 6948/198/9 6946/197/678
s 0
f 6949/23/66 6950/48/66 6951/202/66
f 6949/23/66 6951/202/66 6952/198/66
f 6953/305/106 6954/306/106 6955/36/106
f 6953/305/106 6955/36/106 6956/31/106
f 6957/178/679 6958/205/679 6959/281/679
f 6957/178/679 6959/281/679 6960/282/679
s 1
f 6961/41/14 6962/206/14 6963/181/14
s 0
f 6961/41/14 6963/181/14 6964/38/14
f 6965/190/680 6966/278/680 6967/283/680
f 6965/190/680 6967/283/680 6968/209/680
f 6969/16/186 6970/195/186 6971/210/186
f 6969/16/117 6971/210/117 6972/45/117
f 6973/201/681 6974/213/681 6975/284/681
f 6973/201/681 6975/284/681 6976/285/681
f 6977/51/19 6978/214/19 6979/202/19
f 6977/51/19 6979/202/19 6980/48/19
f 6981/217/682 6982/286/682 6983/284/682
f 6981/217/683 6983/284/683 6984/213/683
f 6985/55/22 6986/218/22 6987/214/22
f 6985/55/22 6987/214/22 6988/51/22
s 1
f 6989/195/684 6990/196/685 6991/225/686
f 6989/195/684 6991/225/686 6992/226/687
f 6990/196/685 6993/227/688 6991/225/686
f 6990/196/685 6994/197/689 6993/227/688
f 6994/197/689 6995/228/690 6993/227/688
f 6994/197/689 6996/198/691 6995/228/690
f 6997/64/692 6998/24/693 6999/25/694
f 6997/64/692 6999/25/694 7000/63/695
f 7000/63/695 6999/25/694 7001/29/696
f 7000/63/695 7001/29/696 7002/65/697
f 7002/65/697 7001/29/696 7003/31/698
f 7002/65/697 7003/31/698 7004/66/698
s 0
f 7005/198/699 7006/202/699 7007/230/699
f 7005/198/700 7007/230/700 7008/228/700
f 7009/31/701 7010/36/701 7011/68/701
s 1
f 7009/31/702 7011/68/702 7012/66/702
f 7013/195/703 7014/226/703 7015/232/703
s 0
f 7013/195/704 7015/232/704 7016/210/704
f 7017/64/604 7018/70/604 7019/46/604
f 7017/64/705 7019/46/705 7020/24/705
f 7021/233/706 7022/219/706 7023/181/706
f 7021/233/707 7023/181/707 7024/206/707
f 7025/42/708 7026/41/708 7027/38/708
f 7025/42/709 7027/38/709 7028/12/709
f 7029/202/710 7030/214/710 7031/235/710
f 7029/202/711 7031/235/711 7032/230/711
f 7033/68/712 7034/36/712 7035/52/712
f 7033/68/712 7035/52/712 7036/73/712
f 7037/235/713 7038/214/713 7039/218/714
f 7037/235/714 7039/218/714 7040/237/714
f 7041/52/715 7042/56/715 7043/75/715
f 7041/52/716 7043/75/716 7044/73/716
f 7045/302/1 7046/173/1 7047/171/1
f 7045/302/1 7047/171/1 7048/1/1
f 7049/307/1 7045/302/1 7048/1/1
f 7047/171/1 7050/2/1 7048/1/1
s 1
f 7051/308/527 7052/25/526 7053/24/525
f 7051/308/527 7053/24/525 7054/309/525
f 7055/310/528 7052/25/526 7051/308/527
f 7055/310/528 7056/29/529 7052/25/526
f 7057/305/531 7056/29/529 7055/310/528
f 7057/305/531 7058/31/531 7056/29/529
s 0
f 7059/280/3 7060/193/3 7061/201/3
f 7059/280/3 7061/201/3 7062/285/3
f 7063/311/717 7064/42/717 7065/12/717
f 7063/311/718 7065/12/718 7066/312/718
f 7067/313/534 7068/309/534 7069/24/534
f 7067/313/534 7069/24/534 7070/46/534
f 7071/314/719 7072/52/719 7073/36/719
f 7071/314/719 7073/36/719 7074/306/719
f 7075/314/720 7076/315/720 7077/56/720
f 7075/314/720 7077/56/720 7078/52/720
f 7079/316/89 7080/317/89 7081/297/89
f 7079/316/89 7081/297/89 7082/294/89
f 7083/318/89 7081/297/89 7080/317/89
f 7083/318/89 7080/317/89 7084/319/89
s 1
f 7085/190/721 7086/189/722 7087/277/723
f 7085/190/721 7087/277/723 7088/278/721
f 7086/189/722 7089/279/724 7087/277/723
f 7086/189/722 7090/191/725 7089/279/724
f 7090/191/725 7091/280/726 7089/279/724
f 7090/191/725 7092/193/726 7091/280/726
f 7093/19/727 7094/196/727 7095/195/4
f 7093/19/727 7095/195/4 7096/16/4
f 7097/21/728 7094/196/727 7093/19/727
f 7097/21/728 7098/197/728 7094/196/727
f 7099/23/9 7098/197/728 7097/21/728
f 7099/23/9 7100/198/9 7098/197/728
s 0
f 7101/23/66 7102/48/66 7103/202/66
f 7101/23/66 7103/202/66 7104/198/66
f 7105/305/106 7106/306/106 7107/36/106
f 7105/305/106 7107/36/106 7108/31/106
f 7109/178/729 7110/205/729 7111/281/729
f 7109/178/729 7111/281/729 7112/282/729
f 7113/41/14 7114/206/14 7115/181/14
s 1
f 7113/41/14 7115/181/14 7116/38/14
s 0
f 7117/190/730 7118/278/730 7119/283/730
f 7117/190/730 7119/283/730 7120/209/730
f 7121/16/17 7122/195/17 7123/210/17
f 7121/16/17 7123/210/17 7124/45/17
f 7125/201/731 7126/213/731 7127/284/731
f 7125/201/731 7127/284/731 7128/285/731
f 7129/51/19 7130/214/19 7131/202/19
f 7129/51/19 7131/202/19 7132/48/19
f 7133/217/732 7134/286/732 7135/284/732
f 7133/217/732 7135/284/732 7136/213/732
f 7137/55/22 7138/218/22 7139/214/22
f 7137/55/22 7139/214/22 7140/51/22
s 1
f 7141/226/733 7142/195/733 7143/196/734
f 7141/226/733 7143/196/734 7144/225/735
f 7144/225/735 7143/196/734 7145/197/736
f 7144/225/735 7145/197/736 7146/227/737
f 7146/227/737 7145/197/736 7147/198/738
f 7146/227/737 7147/198/738 7148/228/738
f 7149/24/739 7150/25/740 7151/63/741
f 7149/24/739 7151/63/741 7152/64/742
f 7150/25/740 7153/65/743 7151/63/741
f 7150/25/740 7154/29/744 7153/65/743
f 7154/29/744 7155/66/745 7153/65/743
f 7154/29/744 7156/31/745 7155/66/745
s 0
f 7157/198/746 7158/202/746 7159/230/746
f 7157/198/747 7159/230/746 7160/228/747
f 7161/31/748 7162/36/748 7163/68/748
f 7161/31/749 7163/68/749 7164/66/749
f 7165/226/750 7166/232/750 7167/210/750
f 7165/226/750 7167/210/750 7168/195/750
f 7169/24/751 7170/64/751 7171/70/751
f 7169/24/752 7171/70/752 7172/46/752
f 7173/206/753 7174/233/753 7175/219/753
f 7173/206/753 7175/219/753 7176/181/753
f 7177/41/754 7178/38/754 7179/12/754
f 7177/41/755 7179/12/755 7180/42/755
f 7181/230/756 7182/202/756 7183/214/756
f 7181/230/757 7183/214/757 7184/235/757
f 7185/36/758 7186/52/758 7187/73/758
f 7185/36/759 7187/73/759 7188/68/759
f 7189/214/760 7190/218/760 7191/237/760
f 7189/214/761 7191/237/761 7192/235/761
f 7193/73/762 7194/52/762 7195/56/762
f 7193/73/763 7195/56/763 7196/75/763
f 7197/302/183 7198/173/183 7199/171/183
f 7197/302/1 7199/171/1 7200/1/1
f 7201/307/1 7197/302/1 7200/1/1
f 7199/171/1 7202/2/1 7200/1/1
s 1
f 7203/308/764 7204/25/765 7205/24/766
f 7203/308/764 7205/24/766 7206/309/766
f 7207/310/767 7204/25/765 7203/308/764
f 7207/310/767 7208/29/768 7204/25/765
f 7209/305/769 7208/29/768 7207/310/767
f 7209/305/769 7210/31/769 7208/29/768
s 0
f 7211/280/3 7212/193/3 7213/201/3
f 7211/280/3 7213/201/3 7214/285/3
f 7215/311/770 7216/42/770 7217/12/770
f 7215/311/771 7217/12/771 7218/312/771
f 7219/313/772 7220/309/772 7221/24/772
f 7219/313/772 7221/24/772 7222/46/772
f 7223/314/773 7224/52/773 7225/36/773
f 7223/314/773 7225/36/773 7226/306/773
f 7227/314/774 7228/315/774 7229/56/774
f 7227/314/775 7229/56/775 7230/52/775
f 7231/316/89 7232/317/89 7233/297/89
f 7231/316/89 7233/297/89 7234/294/89
f 7235/318/89 7233/297/89 7232/317/89
f 7235/318/89 7232/317/89 7236/319/89
s 1
f 7237/190/776 7238/189/673 7239/277/674
f 7237/190/776 7239/277/674 7240/278/776
f 7238/189/673 7241/279/675 7239/277/674
f 7238/189/673 7242/191/676 7241/279/675
f 7242/191/676 7243/280/677 7241/279/675
f 7242/191/676 7244/193/677 7243/280/677
f 7245/19/588 7246/196/588 7247/195/4
f 7245/19/588 7247/195/4 7248/16/4
f 7249/21/678 7246/196/588 7245/19/588
f 7249/21/678 7250/197/678 7246/196/588
f 7251/23/9 7250/197/678 7249/21/678
f 7251/23/9 7252/198/9 7250/197/678
s 0
f 7253/23/66 7254/48/66 7255/202/66
f 7253/23/66 7255/202/66 7256/198/66
f 7257/305/106 7258/306/106 7259/36/106
f 7257/305/106 7259/36/106 7260/31/106
f 7261/178/679 7262/205/679 7263/281/679
f 7261/178/679 7263/281/679 7264/282/679
f 7265/41/14 7266/206/14 7267/181/14
f 7265/41/14 7267/181/14 7268/38/14
f 7269/190/777 7270/278/777 7271/283/777
f 7269/190/778 7271/283/778 7272/209/778
f 7273/16/17 7274/195/17 7275/210/17
f 7273/16/17 7275/210/17 7276/45/17
f 7277/201/779 7278/213/779 7279/284/779
f 7277/201/779 7279/284/779 7280/285/779
f 7281/51/19 7282/214/19 7283/202/19
f 7281/51/19 7283/202/19 7284/48/19
f 7285/217/682 7286/286/682 7287/284/682
f 7285/217/682 7287/284/682 7288/213/682
f 7289/55/22 7290/218/22 7291/214/22
f 7289/55/22 7291/214/22 7292/51/22
s 1
f 7293/195/780 7294/196/781 7295/225/782
f 7293/195/780 7295/225/782 7296/226/780
f 7294/196/781 7297/227/688 7295/225/782
f 7294/196/781 7298/197/783 7297/227/688
f 7298/197/783 7299/228/784 7297/227/688
f 7298/197/783 7300/198/784 7299/228/784
f 7301/64/785 7302/24/785 7303/25/786
f 7301/64/785 7303/25/786 7304/63/787
f 7304/63/787 7303/25/786 7305/29/575
f 7304/63/787 7305/29/575 7306/65/788
f 7306/65/788 7305/29/575 7307/31/789
f 7306/65/788 7307/31/789 7308/66/789
s 0
f 7309/198/790 7310/202/790 7311/230/790
f 7309/198/791 7311/230/699 7312/228/791
f 7313/31/792 7314/36/792 7315/68/792
f 7313/31/580 7315/68/580 7316/66/580
s 1
f 7317/195/793 7318/226/793 7319/232/793
s 0
f 7317/195/704 7319/232/704 7320/210/704
s 1
f 7321/64/794 7322/70/604 7323/46/604
s 0
f 7321/64/795 7323/46/795 7324/24/795
f 7325/233/707 7326/219/707 7327/181/707
f 7325/233/707 7327/181/707 7328/206/707
f 7329/42/587 7330/41/587 7331/38/587
f 7329/42/708 7331/38/708 7332/12/708
f 7333/202/796 7334/214/796 7335/235/796
f 7333/202/797 7335/235/797 7336/230/797
f 7337/68/798 7338/36/798 7339/52/798
f 7337/68/712 7339/52/712 7340/73/712
f 7341/235/799 7342/214/799 7343/218/799
f 7341/235/800 7343/218/800 7344/237/800
f 7345/52/716 7346/56/716 7347/75/716
f 7345/52/716 7347/75/716 7348/73/716
f 7349/302/183 7350/173/183 7351/171/183
f 7349/302/1 7351/171/1 7352/1/1
f 7353/307/1 7349/302/1 7352/1/1
f 7351/171/1 7354/2/1 7352/1/1
s 1
f 7355/308/527 7356/25/526 7357/24/525
f 7355/308/527 7357/24/525 7358/309/525
f 7359/310/528 7356/25/526 7355/308/527
f 7359/310/528 7360/29/529 7356/25/526
f 7361/305/531 7360/29/529 7359/310/528
f 7361/305/531 7362/31/531 7360/29/529
s 0
f 7363/280/3 7364/193/3 7365/201/3
f 7363/280/3 7365/201/3 7366/285/3
s 1
f 7367/311/532 7368/42/532 7369/12/532
s 0
f 7367/311/717 7369/12/717 7370/312/717
f 7371/313/533 7372/309/533 7373/24/533
f 7371/313/801 7373/24/801 7374/46/801
s 1
f 7375/314/719 7376/52/719 7377/36/719
s 0
f 7375/314/719 7377/36/719 7378/306/719
f 7379/314/720 7380/315/720 7381/56/720
f 7379/314/720 7381/56/720 7382/52/720
f 7383/316/89 7384/317/89 7385/297/89
f 7383/316/89 7385/297/89 7386/294/89
f 7387/318/89 7385/297/89 7384/317/89
f 7387/318/89 7384/317/89 7388/319/89
s 1
f 7389/190/776 7390/189/673 7391/277/674
f 7389/190/776 7391/277/674 7392/278/776
f 7390/189/673 7393/279/675 7391/277/674
f 7390/189/673 7394/191/676 7393/279/675
f 7394/191/676 7395/280/677 7393/279/675
f 7394/191/676 7396/193/677 7395/280/677
f 7397/19/588 7398/196/588 7399/195/4
f 7397/19/588 7399/195/4 7400/16/4
f 7401/21/678 7398/196/588 7397/19/588
f 7401/21/678 7402/197/678 7398/196/588
f 7403/23/9 7402/197/678 7401/21/678
f 7403/23/9 7404/198/9 7402/197/678
s 0
f 7405/23/66 7406/48/66 7407/202/66
f 7405/23/66 7407/202/66 7408/198/66
f 7409/305/106 7410/306/106 7411/36/106
f 7409/305/106 7411/36/106 7412/31/106
s 1
f 7413/178/679 7414/205/679 7415/281/679
s 0
f 7413/178/679 7415/281/679 7416/282/679
f 7417/41/14 7418/206/14 7419/181/14
s 1
f 7417/41/14 7419/181/14 7420/38/14
s 0
f 7421/190/680 7422/278/680 7423/283/680
f 7421/190/680 7423/283/680 7424/209/680
f 7425/16/17 7426/195/17 7427/210/17
f 7425/16/17 7427/210/17 7428/45/17
f 7429/201/681 7430/213/681 7431/284/681
f 7429/201/779 7431/284/779 7432/285/779
f 7433/51/19 7434/214/19 7435/202/19
f 7433/51/19 7435/202/19 7436/48/19
f 7437/217/682 7438/286/682 7439/284/682
f 7437/217/682 7439/284/682 7440/213/682
f 7441/55/22 7442/218/22 7443/214/22
f 7441/55/22 7443/214/22 7444/51/22
s 1
f 7445/195/780 7446/196/781 7447/225/782
f 7445/195/780 7447/225/782 7448/226/780
f 7446/196/781 7449/227/688 7447/225/782
f 7446/196/781 7450/197/783 7449/227/688
f 7450/197/783 7451/228/784 7449/227/688
f 7450/197/783 7452/198/784 7451/228/784
f 7453/64/802 7454/24/803 7455/25/694
f 7453/64/802 7455/25/694 7456/63/695
f 7456/63/695 7455/25/694 7457/29/804
f 7456/63/695 7457/29/804 7458/65/805
f 7458/65/805 7457/29/804 7459/31/789
f 7458/65/805 7459/31/789 7460/66/789
s 0
f 7461/198/700 7462/202/700 7463/230/700
f 7461/198/700 7463/230/806 7464/228/700
f 7465/31/580 7466/36/580 7467/68/580
f 7465/31/580 7467/68/580 7468/66/580
f 7469/195/793 7470/226/793 7471/232/793
f 7469/195/807 7471/232/807 7472/210/807
f 7473/64/808 7474/70/808 7475/46/808
f 7473/64/604 7475/46/604 7476/24/604
f 7477/233/707 7478/219/707 7479/181/707
f 7477/233/809 7479/181/809 7480/206/809
f 7481/42/587 7482/41/587 7483/38/587
f 7481/42/587 7483/38/587 7484/12/587
s 1
f 7485/202/810 7486/214/710 7487/235/710
s 0
f 7485/202/811 7487/235/811 7488/230/811
f 7489/68/812 7490/36/812 7491/52/812
f 7489/68/582 7491/52/582 7492/73/582
f 7493/235/813 7494/214/813 7495/218/813
f 7493/235/814 7495/218/814 7496/237/814
f 7497/52/716 7498/56/716 7499/75/716
f 7497/52/815 7499/75/815 7500/73/815
f 7501/302/183 7502/173/183 7503/171/183
f 7501/302/1 7503/171/1 7504/1/1
f 7505/307/1 7501/302/1 7504/1/1
f 7503/171/1 7506/2/1 7504/1/1
s 1
f 7507/308/527 7508/25/526 7509/24/525
f 7507/308/527 7509/24/525 7510/309/525
f 7511/310/528 7508/25/526 7507/308/527
f 7511/310/528 7512/29/529 7508/25/526
f 7513/305/531 7512/29/529 7511/310/528
f 7513/305/531 7514/31/530 7512/29/529
s 0
f 7515/280/3 7516/193/3 7517/201/3
f 7515/280/3 7517/201/3 7518/285/3
f 7519/311/532 7520/42/532 7521/12/532
f 7519/311/816 7521/12/816 7522/312/816
f 7523/313/533 7524/309/533 7525/24/533
f 7523/313/534 7525/24/534 7526/46/534
s 1
f 7527/314/719 7528/52/719 7529/36/719
s 0
f 7527/314/719 7529/36/719 7530/306/719
f 7531/314/720 7532/315/720 7533/56/720
f 7531/314/720 7533/56/720 7534/52/720
f 7535/316/89 7536/317/89 7537/297/89
f 7535/316/89 7537/297/89 7538/294/89
f 7539/318/89 7537/297/89 7536/317/89
f 7539/318/89 7536/317/89 7540/319/89
s 1
f 7541/190/776 7542/189/673 7543/277/674
f 7541/190/776 7543/277/674 7544/278/776
f 7542/189/673 7545/279/675 7543/277/674
f 7542/189/673 7546/191/676 7545/279/675
f 7546/191/676 7547/280/817 7545/279/675
f 7546/191/676 7548/193/817 7547/280/817
f 7549/19/588 7550/196/588 7551/195/4
f 7549/19/588 7551/195/4 7552/16/4
f 7553/21/678 7550/196/588 7549/19/588
f 7553/21/678 7554/197/678 7550/196/588
f 7555/23/9 7554/197/678 7553/21/678
f 7555/23/9 7556/198/9 7554/197/678
s 0
f 7557/23/66 7558/48/66 7559/202/66
f 7557/23/66 7559/202/66 7560/198/66
f 7561/305/106 7562/306/106 7563/36/106
f 7561/305/106 7563/36/106 7564/31/106
f 7565/178/818 7566/205/818 7567/281/818
f 7565/178/818 7567/281/818 7568/282/818
f 7569/41/14 7570/206/14 7571/181/14
s 1
f 7569/41/14 7571/181/14 7572/38/14
s 0
f 7573/190/680 7574/278/680 7575/283/680
f 7573/190/680 7575/283/680 7576/209/680
f 7577/16/17 7578/195/17 7579/210/17
f 7577/16/17 7579/210/17 7580/45/17
f 7581/201/819 7582/213/819 7583/284/819
f 7581/201/819 7583/284/819 7584/285/819
f 7585/51/19 7586/214/19 7587/202/19
f 7585/51/19 7587/202/19 7588/48/19
f 7589/217/820 7590/286/820 7591/284/820
f 7589/217/820 7591/284/820 7592/213/820
f 7593/55/22 7594/218/22 7595/214/22
f 7593/55/22 7595/214/22 7596/51/22
s 1
f 7597/195/821 7598/196/781 7599/225/822
f 7597/195/821 7599/225/822 7600/226/821
f 7598/196/781 7601/227/823 7599/225/822
f 7598/196/781 7602/197/824 7601/227/823
f 7602/197/824 7603/228/784 7601/227/823
f 7602/197/824 7604/198/784 7603/228/784
f 7605/64/802 7606/24/802 7607/25/825
f 7605/64/802 7607/25/825 7608/63/592
f 7608/63/592 7607/25/825 7609/29/804
f 7608/63/592 7609/29/804 7610/65/826
f 7610/65/826 7609/29/804 7611/31/827
f 7610/65/826 7611/31/827 7612/66/827
s 0
f 7613/198/828 7614/202/828 7615/230/828
f 7613/198/790 7615/230/790 7616/228/790
f 7617/31/579 7618/36/579 7619/68/579
f 7617/31/579 7619/68/579 7620/66/579
f 7621/195/829 7622/226/829 7623/232/829
s 1
f 7621/195/793 7623/232/793 7624/210/793
f 7625/64/604 7626/70/604 7627/46/604
f 7625/64/604 7627/46/604 7628/24/604
s 0
f 7629/233/830 7630/219/830 7631/181/830
f 7629/233/809 7631/181/809 7632/206/809
f 7633/42/831 7634/41/831 7635/38/831
f 7633/42/832 7635/38/832 7636/12/832
f 7637/202/710 7638/214/710 7639/235/710
f 7637/202/796 7639/235/796 7640/230/796
f 7641/68/582 7642/36/582 7643/52/582
f 7641/68/712 7643/52/712 7644/73/712
f 7645/235/713 7646/214/713 7647/218/713
f 7645/235/814 7647/218/814 7648/237/814
f 7649/52/833 7650/56/833 7651/75/833
f 7649/52/716 7651/75/716 7652/73/716
f 7653/302/183 7654/173/183 7655/171/183
f 7653/302/1 7655/171/1 7656/1/1
f 7657/307/1 7653/302/1 7656/1/1
f 7655/171/1 7658/2/1 7656/1/1
s 1
f 7659/308/527 7660/25/526 7661/24/525
f 7659/308/527 7661/24/525 7662/309/525
f 7663/310/528 7660/25/526 7659/308/527
f 7663/310/528 7664/29/529 7660/25/526
f 7665/305/531 7664/29/529 7663/310/528
f 7665/305/531 7666/31/531 7664/29/529
s 0
f 7667/280/3 7668/193/3 7669/201/3
f 7667/280/3 7669/201/3 7670/285/3
f 7671/311/717 7672/42/717 7673/12/717
f 7671/311/717 7673/12/717 7674/312/717
f 7675/313/534 7676/309/534 7677/24/534
f 7675/313/534 7677/24/534 7678/46/534
f 7679/314/834 7680/52/834 7681/36/834
f 7679/314/834 7681/36/834 7682/306/834
s 1
f 7683/314/571 7684/315/571 7685/56/571
s 0
f 7683/314/571 7685/56/571 7686/52/571
f 7687/316/89 7688/317/89 7689/297/89
f 7687/316/89 7689/297/89 7690/294/89
f 7691/318/89 7689/297/89 7688/317/89
f 7691/318/89 7688/317/89 7692/319/89
s 1
f 7693/190/835 7694/189/836 7695/277/837
f 7693/190/835 7695/277/837 7696/278/835
f 7694/189/836 7697/279/838 7695/277/837
f 7694/189/836 7698/191/839 7697/279/838
f 7698/191/839 7699/280/840 7697/279/838
f 7698/191/839 7700/193/840 7699/280/840
f 7701/19/841 7702/196/842 7703/195/4
f 7701/19/841 7703/195/4 7704/16/4
f 7705/21/843 7702/196/842 7701/19/841
f 7705/21/843 7706/197/843 7702/196/842
f 7707/23/9 7706/197/843 7705/21/843
f 7707/23/9 7708/198/9 7706/197/843
s 0
f 7709/23/66 7710/48/66 7711/202/66
f 7709/23/66 7711/202/66 7712/198/66
f 7713/305/106 7714/306/106 7715/36/106
f 7713/305/106 7715/36/106 7716/31/106
f 7717/178/844 7718/205/844 7719/281/844
f 7717/178/845 7719/281/845 7720/282/845
f 7721/41/14 7722/206/14 7723/181/14
f 7721/41/14 7723/181/14 7724/38/14
f 7725/190/846 7726/278/846 7727/283/846
f 7725/190/846 7727/283/846 7728/209/846
f 7729/16/17 7730/195/17 7731/210/17
f 7729/16/17 7731/210/17 7732/45/17
f 7733/201/847 7734/213/847 7735/284/847
f 7733/201/848 7735/284/848 7736/285/848
f 7737/51/19 7738/214/19 7739/202/19
f 7737/51/19 7739/202/19 7740/48/19
f 7741/217/849 7742/286/849 7743/284/849
f 7741/217/849 7743/284/849 7744/213/849
f 7745/55/22 7746/218/22 7747/214/22
f 7745/55/22 7747/214/22 7748/51/22
s 1
f 7749/226/850 7750/195/850 7751/196/851
f 7749/226/850 7751/196/851 7752/225/852
f 7752/225/852 7751/196/851 7753/197/853
f 7752/225/852 7753/197/853 7754/227/854
f 7754/227/854 7753/197/853 7755/198/855
f 7754/227/854 7755/198/855 7756/228/855
f 7757/24/856 7758/25/857 7759/63/858
f 7757/24/856 7759/63/858 7760/64/856
f 7758/25/857 7761/65/859 7759/63/858
f 7758/25/857 7762/29/860 7761/65/859
f 7762/29/860 7763/66/861 7761/65/859
f 7762/29/860 7764/31/861 7763/66/861
f 7765/198/862 7766/202/862 7767/230/862
s 0
f 7765/198/863 7767/230/863 7768/228/863
f 7769/31/864 7770/36/864 7771/68/864
f 7769/31/864 7771/68/864 7772/66/864
f 7773/226/865 7774/232/865 7775/210/865
f 7773/226/866 7775/210/866 7776/195/866
f 7777/24/867 7778/64/867 7779/70/867
f 7777/24/868 7779/70/868 7780/46/868
f 7781/206/869 7782/233/869 7783/219/869
f 7781/206/870 7783/219/870 7784/181/870
f 7785/41/871 7786/38/871 7787/12/871
f 7785/41/872 7787/12/872 7788/42/872
f 7789/230/873 7790/202/873 7791/214/873
f 7789/230/874 7791/214/874 7792/235/874
f 7793/36/875 7794/52/875 7795/73/875
f 7793/36/876 7795/73/876 7796/68/876
f 7797/214/877 7798/218/877 7799/237/877
f 7797/214/878 7799/237/878 7800/235/878
f 7801/73/879 7802/52/879 7803/56/879
f 7801/73/880 7803/56/880 7804/75/880
f 7805/302/183 7806/173/183 7807/171/183
f 7805/302/1 7807/171/1 7808/1/1
f 7809/307/1 7805/302/1 7808/1/1
f 7807/171/1 7810/2/1 7808/1/1
s 1
f 7811/308/881 7812/25/882 7813/24/883
f 7811/308/881 7813/24/883 7814/309/883
f 7815/310/884 7812/25/882 7811/308/881
f 7815/310/884 7816/29/885 7812/25/882
f 7817/305/886 7816/29/885 7815/310/884
f 7817/305/886 7818/31/886 7816/29/885
s 0
f 7819/280/3 7820/193/3 7821/201/3
f 7819/280/3 7821/201/3 7822/285/3
f 7823/311/887 7824/42/887 7825/12/887
f 7823/311/887 7825/12/887 7826/312/887
f 7827/313/888 7828/309/888 7829/24/888
f 7827/313/888 7829/24/888 7830/46/888
f 7831/314/889 7832/52/889 7833/36/889
f 7831/314/889 7833/36/889 7834/306/889
f 7835/314/890 7836/315/890 7837/56/890
f 7835/314/890 7837/56/890 7838/52/890
f 7839/316/89 7840/317/89 7841/297/89
f 7839/316/89 7841/297/89 7842/294/89
f 7843/318/89 7841/297/89 7840/317/89
f 7843/318/89 7840/317/89 7844/319/89
s 1
f 7845/190/672 7846/278/672 7847/277/674
f 7845/190/672 7847/277/674 7848/189/673
f 7848/189/673 7847/277/674 7849/279/675
f 7848/189/673 7849/279/675 7850/191/676
f 7850/191/676 7849/279/675 7851/280/677
f 7850/191/676 7851/280/677 7852/193/677
f 7853/195/91 7854/196/554 7855/19/554
f 7853/195/91 7855/19/554 7856/16/91
f 7854/196/554 7857/21/891 7855/19/554
f 7854/196/554 7858/197/891 7857/21/891
f 7858/197/891 7859/23/471 7857/21/891
f 7858/197/891 7860/198/471 7859/23/471
s 0
f 7861/202/2 7862/48/2 7863/23/2
f 7861/202/2 7863/23/2 7864/198/2
f 7865/36/106 7866/306/106 7867/305/106
f 7865/36/106 7867/305/106 7868/31/106
f 7869/178/818 7870/282/818 7871/281/818
f 7869/178/679 7871/281/679 7872/205/679
f 7873/181/96 7874/206/96 7875/41/96
f 7873/181/96 7875/41/96 7876/38/96
f 7877/283/680 7878/278/680 7879/190/680
f 7877/283/680 7879/190/680 7880/209/680
f 7881/210/430 7882/195/430 7883/16/430
f 7881/210/97 7883/16/97 7884/45/97
f 7885/201/681 7886/285/681 7887/284/681
f 7885/201/681 7887/284/681 7888/213/681
f 7889/202/98 7890/214/98 7891/51/98
f 7889/202/98 7891/51/98 7892/48/98
f 7893/284/683 7894/286/683 7895/217/683
f 7893/284/682 7895/217/682 7896/213/682
f 7897/214/99 7898/218/99 7899/55/99
f 7897/214/99 7899/55/99 7900/51/99
s 1
f 7901/225/892 7902/196/893 7903/195/894
f 7901/225/892 7903/195/894 7904/226/895
f 7905/227/896 7902/196/893 7901/225/892
f 7905/227/896 7906/197/897 7902/196/893
f 7907/228/898 7906/197/897 7905/227/896
f 7907/228/898 7908/198/899 7906/197/897
f 7909/64/900 7910/63/901 7911/25/902
f 7909/64/900 7911/25/902 7912/24/900
f 7910/63/901 7913/29/903 7911/25/902
f 7910/63/901 7914/65/563 7913/29/903
f 7914/65/563 7915/31/904 7913/29/903
f 7914/65/563 7916/66/904 7915/31/904
s 0
f 7917/230/905 7918/202/905 7919/198/905
f 7917/230/906 7919/198/906 7920/228/906
f 7921/68/907 7922/36/907 7923/31/907
f 7921/68/908 7923/31/908 7924/66/908
s 1
f 7925/195/909 7926/210/910 7927/232/910
s 0
f 7925/195/911 7927/232/911 7928/226/912
f 7929/46/549 7930/70/549 7931/64/549
f 7929/46/913 7931/64/913 7932/24/913
s 1
f 7933/181/914 7934/219/914 7935/233/914
s 0
f 7933/181/915 7935/233/915 7936/206/915
f 7937/42/916 7938/12/916 7939/38/916
f 7937/42/917 7939/38/917 7940/41/917
s 1
f 7941/235/918 7942/214/919 7943/202/920
f 7941/235/918 7943/202/920 7944/230/921
s 0
f 7945/68/922 7946/73/922 7947/52/922
f 7945/68/545 7947/52/545 7948/36/545
f 7949/235/923 7950/237/923 7951/218/923
f 7949/235/924 7951/218/924 7952/214/924
f 7953/75/925 7954/56/925 7955/52/925
f 7953/75/926 7955/52/926 7956/73/926
f 7957/1/1 7958/2/1 7959/171/1
f 7957/1/1 7959/171/1 7960/302/1
f 7961/307/1 7957/1/1 7960/302/1
f 7959/171/1 7962/173/1 7960/302/1
s 1
f 7963/24/525 7964/25/526 7965/308/527
f 7963/24/525 7965/308/527 7966/309/525
f 7964/25/526 7967/310/528 7965/308/527
f 7964/25/526 7968/29/529 7967/310/528
f 7968/29/529 7969/305/531 7967/310/528
f 7968/29/529 7970/31/531 7969/305/531
s 0
f 7971/201/3 7972/193/3 7973/280/3
f 7971/201/3 7973/280/3 7974/285/3
f 7975/12/717 7976/42/717 7977/311/717
f 7975/12/927 7977/311/927 7978/312/927
f 7979/313/534 7980/46/534 7981/24/534
f 7979/313/534 7981/24/534 7982/309/534
f 7983/36/719 7984/52/719 7985/314/719
f 7983/36/719 7985/314/719 7986/306/719
s 1
f 7987/314/720 7988/52/720 7989/56/720
s 0
f 7987/314/720 7989/56/720 7990/315/720
f 7991/297/89 7992/317/89 7993/316/89
f 7991/297/89 7993/316/89 7994/294/89
f 7992/317/89 7991/297/89 7995/318/89
f 7992/317/89 7995/318/89 7996/319/89
s 1
f 7997/190/721 7998/278/721 7999/277/723
f 7997/190/721 7999/277/723 8000/189/722
f 8000/189/722 7999/277/723 8001/279/724
f 8000/189/722 8001/279/724 8002/191/725
f 8002/191/725 8001/279/724 8003/280/726
f 8002/191/725 8003/280/726 8004/193/726
f 8005/195/91 8006/196/928 8007/19/928
f 8005/195/91 8007/19/928 8008/16/91
f 8006/196/928 8009/21/929 8007/19/928
f 8006/196/928 8010/197/929 8009/21/929
f 8010/197/929 8011/23/95 8009/21/929
f 8010/197/929 8012/198/95 8011/23/95
s 0
f 8013/202/2 8014/48/2 8015/23/2
f 8013/202/2 8015/23/2 8016/198/2
f 8017/36/106 8018/306/106 8019/305/106
f 8017/36/106 8019/305/106 8020/31/106
f 8021/178/729 8022/282/729 8023/281/729
f 8021/178/729 8023/281/729 8024/205/729
f 8025/181/96 8026/206/96 8027/41/96
f 8025/181/96 8027/41/96 8028/38/96
f 8029/283/730 8030/278/730 8031/190/730
f 8029/283/730 8031/190/730 8032/209/730
f 8033/210/413 8034/195/413 8035/16/413
f 8033/210/413 8035/16/413 8036/45/413
f 8037/201/731 8038/285/731 8039/284/731
f 8037/201/930 8039/284/930 8040/213/930
f 8041/202/98 8042/214/98 8043/51/98
f 8041/202/98 8043/51/98 8044/48/98
f 8045/284/732 8046/286/732 8047/217/732
s 1
f 8045/284/931 8047/217/931 8048/213/931
s 0
f 8049/214/99 8050/218/99 8051/55/99
f 8049/214/99 8051/55/99 8052/51/99
s 1
f 8053/226/932 8054/225/933 8055/196/934
f 8053/226/932 8055/196/934 8056/195/935
f 8054/225/933 8057/197/936 8055/196/934
f 8054/225/933 8058/227/937 8057/197/936
f 8058/227/937 8059/198/938 8057/197/936
f 8058/227/937 8060/228/938 8059/198/938
f 8061/63/939 8062/25/940 8063/24/941
f 8061/63/939 8063/24/941 8064/64/941
f 8065/65/942 8062/25/940 8061/63/939
f 8065/65/942 8066/29/943 8062/25/940
f 8067/66/944 8066/29/943 8065/65/942
f 8067/66/944 8068/31/944 8066/29/943
s 0
f 8069/230/945 8070/202/945 8071/198/946
f 8069/230/946 8071/198/946 8072/228/946
f 8073/68/947 8074/36/947 8075/31/947
s 1
f 8073/68/948 8075/31/948 8076/66/948
s 0
f 8077/210/949 8078/232/949 8079/226/949
f 8077/210/950 8079/226/950 8080/195/950
f 8081/24/951 8082/46/951 8083/70/951
f 8081/24/952 8083/70/952 8084/64/952
f 8085/206/953 8086/181/953 8087/219/953
f 8085/206/953 8087/219/953 8088/233/953
f 8089/12/954 8090/38/954 8091/41/954
f 8089/12/954 8091/41/954 8092/42/954
f 8093/230/955 8094/235/955 8095/214/955
f 8093/230/956 8095/214/956 8096/202/956
f 8097/73/957 8098/52/957 8099/36/957
f 8097/73/958 8099/36/958 8100/68/958
f 8101/237/959 8102/218/959 8103/214/959
f 8101/237/960 8103/214/960 8104/235/960
f 8105/73/961 8106/75/961 8107/56/961
f 8105/73/962 8107/56/962 8108/52/962
f 8109/1/1 8110/2/1 8111/171/1
f 8109/1/1 8111/171/1 8112/302/1
f 8113/307/1 8109/1/1 8112/302/1
f 8111/171/963 8114/173/963 8112/302/963
s 1
f 8115/24/766 8116/25/765 8117/308/764
f 8115/24/766 8117/308/764 8118/309/766
f 8116/25/765 8119/310/767 8117/308/764
f 8116/25/765 8120/29/768 8119/310/767
f 8120/29/768 8121/305/769 8119/310/767
f 8120/29/768 8122/31/769 8121/305/769
s 0
f 8123/201/3 8124/193/3 8125/280/3
f 8123/201/3 8125/280/3 8126/285/3
f 8127/12/770 8128/42/770 8129/311/770
f 8127/12/964 8129/311/964 8130/312/964
f 8131/313/772 8132/46/772 8133/24/772
f 8131/313/772 8133/24/772 8134/309/772
f 8135/36/773 8136/52/773 8137/314/773
f 8135/36/773 8137/314/773 8138/306/773
f 8139/314/775 8140/52/775 8141/56/775
f 8139/314/774 8141/56/774 8142/315/774
f 8143/297/89 8144/317/89 8145/316/89
f 8143/297/89 8145/316/89 8146/294/89
f 8144/317/89 8143/297/89 8147/318/89
f 8144/317/89 8147/318/89 8148/319/89
s 1
f 8149/190/776 8150/278/776 8151/277/674
f 8149/190/776 8151/277/674 8152/189/673
f 8152/189/673 8151/277/674 8153/279/675
f 8152/189/673 8153/279/675 8154/191/676
f 8154/191/676 8153/279/675 8155/280/677
f 8154/191/676 8155/280/677 8156/193/677
f 8157/195/91 8158/196/554 8159/19/554
f 8157/195/91 8159/19/554 8160/16/91
f 8158/196/554 8161/21/891 8159/19/554
f 8158/196/554 8162/197/891 8161/21/891
f 8162/197/891 8163/23/95 8161/21/891
f 8162/197/891 8164/198/95 8163/23/95
s 0
f 8165/202/2 8166/48/2 8167/23/2
f 8165/202/2 8167/23/2 8168/198/2
f 8169/36/106 8170/306/106 8171/305/106
f 8169/36/106 8171/305/106 8172/31/106
f 8173/178/679 8174/282/679 8175/281/679
f 8173/178/679 8175/281/679 8176/205/679
f 8177/181/96 8178/206/96 8179/41/96
s 1
f 8177/181/96 8179/41/96 8180/38/96
s 0
f 8181/283/777 8182/278/777 8183/190/777
f 8181/283/778 8183/190/778 8184/209/778
f 8185/210/413 8186/195/413 8187/16/413
f 8185/210/413 8187/16/413 8188/45/413
f 8189/201/779 8190/285/779 8191/284/779
f 8189/201/779 8191/284/779 8192/213/779
f 8193/202/98 8194/214/98 8195/51/98
f 8193/202/98 8195/51/98 8196/48/98
f 8197/284/682 8198/286/682 8199/217/682
f 8197/284/820 8199/217/820 8200/213/820
f 8201/214/99 8202/218/99 8203/55/99
f 8201/214/99 8203/55/99 8204/51/99
s 1
f 8205/225/965 8206/196/966 8207/195/967
f 8205/225/965 8207/195/967 8208/226/967
f 8209/227/968 8206/196/966 8205/225/965
f 8209/227/968 8210/197/897 8206/196/966
f 8211/228/898 8210/197/897 8209/227/968
f 8211/228/898 8212/198/898 8210/197/897
f 8213/64/537 8214/63/969 8215/25/970
f 8213/64/537 8215/25/970 8216/24/537
f 8214/63/969 8217/29/540 8215/25/970
f 8214/63/969 8218/65/971 8217/29/540
f 8218/65/971 8219/31/972 8217/29/540
f 8218/65/971 8220/66/973 8219/31/972
s 0
f 8221/230/974 8222/202/974 8223/198/974
f 8221/230/975 8223/198/975 8224/228/975
f 8225/68/976 8226/36/976 8227/31/976
f 8225/68/544 8227/31/544 8228/66/544
f 8229/195/977 8230/210/977 8231/232/977
f 8229/195/977 8231/232/977 8232/226/977
f 8233/46/549 8234/70/549 8235/64/549
f 8233/46/913 8235/64/913 8236/24/913
f 8237/181/978 8238/219/978 8239/233/978
f 8237/181/915 8239/233/915 8240/206/915
f 8241/42/551 8242/12/551 8243/38/551
f 8241/42/551 8243/38/551 8244/41/551
s 1
f 8245/235/979 8246/214/979 8247/202/979
s 0
f 8245/235/980 8247/202/980 8248/230/980
f 8249/68/922 8250/73/922 8251/52/922
f 8249/68/981 8251/52/981 8252/36/981
f 8253/235/982 8254/237/982 8255/218/982
f 8253/235/983 8255/218/983 8256/214/983
f 8257/75/547 8258/56/547 8259/52/547
f 8257/75/567 8259/52/567 8260/73/567
f 8261/1/1 8262/2/1 8263/171/1
f 8261/1/1 8263/171/1 8264/302/1
f 8265/307/1 8261/1/1 8264/302/1
f 8263/171/963 8266/173/963 8264/302/963
s 1
f 8267/24/525 8268/25/526 8269/308/527
f 8267/24/525 8269/308/527 8270/309/525
f 8268/25/526 8271/310/528 8269/308/527
f 8268/25/526 8272/29/529 8271/310/528
f 8272/29/529 8273/305/531 8271/310/528
f 8272/29/529 8274/31/531 8273/305/531
s 0
f 8275/201/3 8276/193/3 8277/280/3
f 8275/201/3 8277/280/3 8278/285/3
f 8279/12/532 8280/42/532 8281/311/532
f 8279/12/717 8281/311/717 8282/312/717
f 8283/313/801 8284/46/801 8285/24/801
f 8283/313/533 8285/24/533 8286/309/533
f 8287/36/719 8288/52/719 8289/314/719
s 1
f 8287/36/719 8289/314/719 8290/306/719
s 0
f 8291/314/720 8292/52/720 8293/56/720
f 8291/314/720 8293/56/720 8294/315/720
f 8295/297/89 8296/317/89 8297/316/89
f 8295/297/89 8297/316/89 8298/294/89
f 8296/317/89 8295/297/89 8299/318/89
f 8296/317/89 8299/318/89 8300/319/89
s 1
f 8301/190/776 8302/278/776 8303/277/674
f 8301/190/776 8303/277/674 8304/189/673
f 8304/189/673 8303/277/674 8305/279/675
f 8304/189/673 8305/279/675 8306/191/676
f 8306/191/676 8305/279/675 8307/280/677
f 8306/191/676 8307/280/677 8308/193/677
f 8309/195/91 8310/196/554 8311/19/554
f 8309/195/91 8311/19/554 8312/16/91
f 8310/196/554 8313/21/891 8311/19/554
f 8310/196/554 8314/197/891 8313/21/891
f 8314/197/891 8315/23/95 8313/21/891
f 8314/197/891 8316/198/471 8315/23/95
s 0
f 8317/202/2 8318/48/2 8319/23/2
f 8317/202/2 8319/23/2 8320/198/2
f 8321/36/106 8322/306/106 8323/305/106
f 8321/36/106 8323/305/106 8324/31/106
f 8325/178/818 8326/282/818 8327/281/818
s 1
f 8325/178/679 8327/281/679 8328/205/679
s 0
f 8329/181/96 8330/206/96 8331/41/96
f 8329/181/96 8331/41/96 8332/38/96
f 8333/283/680 8334/278/680 8335/190/680
f 8333/283/680 8335/190/680 8336/209/680
f 8337/210/413 8338/195/413 8339/16/413
f 8337/210/413 8339/16/413 8340/45/413
f 8341/201/779 8342/285/779 8343/284/779
f 8341/201/681 8343/284/681 8344/213/681
f 8345/202/98 8346/214/98 8347/51/98
f 8345/202/98 8347/51/98 8348/48/98
f 8349/284/682 8350/286/682 8351/217/682
f 8349/284/682 8351/217/682 8352/213/682
f 8353/214/984 8354/218/984 8355/55/984
f 8353/214/99 8355/55/99 8356/51/99
s 1
f 8357/225/985 8358/196/966 8359/195/967
f 8357/225/985 8359/195/967 8360/226/986
f 8361/227/968 8358/196/966 8357/225/985
f 8361/227/968 8362/197/897 8358/196/966
f 8363/228/987 8362/197/897 8361/227/968
f 8363/228/987 8364/198/987 8362/197/897
f 8365/64/988 8366/63/989 8367/25/990
f 8365/64/988 8367/25/990 8368/24/988
f 8366/63/989 8369/29/991 8367/25/990
f 8366/63/989 8370/65/992 8369/29/991
f 8370/65/992 8371/31/972 8369/29/991
f 8370/65/992 8372/66/972 8371/31/972
s 0
f 8373/230/906 8374/202/906 8375/198/906
f 8373/230/974 8375/198/974 8376/228/974
f 8377/68/544 8378/36/544 8379/31/544
f 8377/68/544 8379/31/544 8380/66/544
f 8381/195/977 8382/210/977 8383/232/977
f 8381/195/993 8383/232/993 8384/226/993
f 8385/46/549 8386/70/549 8387/64/549
f 8385/46/549 8387/64/549 8388/24/549
f 8389/181/978 8390/219/978 8391/233/978
f 8389/181/915 8391/233/915 8392/206/915
f 8393/42/994 8394/12/994 8395/38/994
f 8393/42/551 8395/38/551 8396/41/551
f 8397/235/919 8398/214/919 8399/202/919
f 8397/235/995 8399/202/995 8400/230/995
f 8401/68/566 8402/73/566 8403/52/566
f 8401/68/996 8403/52/996 8404/36/996
f 8405/235/997 8406/237/997 8407/218/997
f 8405/235/998 8407/218/998 8408/214/998
f 8409/75/547 8410/56/547 8411/52/547
f 8409/75/926 8411/52/926 8412/73/926
f 8413/1/1 8414/2/1 8415/171/1
f 8413/1/1 8415/171/1 8416/302/1
f 8417/307/1 8413/1/1 8416/302/1
f 8415/171/88 8418/173/88 8416/302/88
s 1
f 8419/24/525 8420/25/526 8421/308/527
f 8419/24/525 8421/308/527 8422/309/525
f 8420/25/526 8423/310/528 8421/308/527
f 8420/25/526 8424/29/529 8423/310/528
f 8424/29/529 8425/305/531 8423/310/528
f 8424/29/529 8426/31/530 8425/305/531
s 0
f 8427/201/3 8428/193/3 8429/280/3
f 8427/201/3 8429/280/3 8430/285/3
f 8431/12/816 8432/42/816 8433/311/816
f 8431/12/816 8433/311/816 8434/312/816
f 8435/313/534 8436/46/534 8437/24/534
f 8435/313/801 8437/24/801 8438/309/801
f 8439/36/719 8440/52/719 8441/314/719
s 1
f 8439/36/719 8441/314/719 8442/306/719
s 0
f 8443/314/720 8444/52/720 8445/56/720
f 8443/314/720 8445/56/720 8446/315/720
f 8447/297/89 8448/317/89 8449/316/89
f 8447/297/89 8449/316/89 8450/294/89
f 8448/317/89 8447/297/89 8451/318/89
f 8448/317/89 8451/318/89 8452/319/89
s 1
f 8453/190/776 8454/278/776 8455/277/674
f 8453/190/776 8455/277/674 8456/189/673
f 8456/189/673 8455/277/674 8457/279/675
f 8456/189/673 8457/279/675 8458/191/676
f 8458/191/676 8457/279/675 8459/280/817
f 8458/191/676 8459/280/817 8460/193/677
f 8461/195/91 8462/196/554 8463/19/554
f 8461/195/91 8463/19/554 8464/16/91
f 8462/196/554 8465/21/891 8463/19/554
f 8462/196/554 8466/197/891 8465/21/891
f 8466/197/891 8467/23/95 8465/21/891
f 8466/197/891 8468/198/471 8467/23/95
s 0
f 8469/202/2 8470/48/2 8471/23/2
f 8469/202/2 8471/23/2 8472/198/2
f 8473/36/106 8474/306/106 8475/305/106
f 8473/36/106 8475/305/106 8476/31/106
f 8477/178/818 8478/282/818 8479/281/818
f 8477/178/818 8479/281/818 8480/205/818
s 1
f 8481/181/96 8482/206/96 8483/41/96
s 0
f 8481/181/96 8483/41/96 8484/38/96
f 8485/283/680 8486/278/680 8487/190/680
f 8485/283/680 8487/190/680 8488/209/680
f 8489/210/413 8490/195/413 8491/16/413
f 8489/210/413 8491/16/413 8492/45/413
f 8493/201/819 8494/285/819 8495/284/819
f 8493/201/819 8495/284/819 8496/213/819
f 8497/202/98 8498/214/98 8499/51/98
f 8497/202/98 8499/51/98 8500/48/98
f 8501/284/820 8502/286/820 8503/217/820
f 8501/284/820 8503/217/820 8504/213/820
f 8505/214/99 8506/218/99 8507/55/99
f 8505/214/99 8507/55/99 8508/51/99
s 1
f 8509/225/999 8510/196/1000 8511/195/986
f 8509/225/999 8511/195/986 8512/226/986
f 8513/227/1001 8510/196/1000 8509/225/999
f 8513/227/1001 8514/197/1002 8510/196/1000
f 8515/228/987 8514/197/1002 8513/227/1001
f 8515/228/987 8516/198/987 8514/197/1002
f 8517/64/1003 8518/63/989 8519/25/1004
f 8517/64/1003 8519/25/1004 8520/24/1003
f 8518/63/989 8521/29/1005 8519/25/1004
f 8518/63/989 8522/65/1006 8521/29/1005
f 8522/65/1006 8523/31/1007 8521/29/1005
f 8522/65/1006 8524/66/1007 8523/31/1007
s 0
f 8525/230/1008 8526/202/1008 8527/198/1008
f 8525/230/905 8527/198/905 8528/228/905
f 8529/68/907 8530/36/907 8531/31/907
s 1
f 8529/68/543 8531/31/543 8532/66/543
s 0
f 8533/195/977 8534/210/977 8535/232/977
f 8533/195/1009 8535/232/1009 8536/226/1009
f 8537/46/549 8538/70/549 8539/64/549
f 8537/46/1010 8539/64/1010 8540/24/1010
f 8541/181/1011 8542/219/1011 8543/233/1011
f 8541/181/915 8543/233/915 8544/206/915
f 8545/42/1012 8546/12/1012 8547/38/1012
f 8545/42/1012 8547/38/1012 8548/41/1012
f 8549/235/995 8550/214/995 8551/202/995
f 8549/235/979 8551/202/979 8552/230/979
f 8553/68/922 8554/73/922 8555/52/922
f 8553/68/545 8555/52/545 8556/36/545
f 8557/235/997 8558/237/997 8559/218/997
f 8557/235/924 8559/218/924 8560/214/924
f 8561/75/1013 8562/56/1013 8563/52/1013
f 8561/75/567 8563/52/567 8564/73/567
f 8565/1/1 8566/2/1 8567/171/1
f 8565/1/1 8567/171/1 8568/302/1
f 8569/307/1 8565/1/1 8568/302/1
s 1
f 8567/171/553 8570/173/553 8568/302/553
f 8571/24/525 8572/25/526 8573/308/527
f 8571/24/525 8573/308/527 8574/309/525
f 8572/25/526 8575/310/528 8573/308/527
f 8572/25/526 8576/29/529 8575/310/528
f 8576/29/529 8577/305/531 8575/310/528
f 8576/29/529 8578/31/531 8577/305/531
s 0
f 8579/201/3 8580/193/3 8581/280/3
f 8579/201/3 8581/280/3 8582/285/3
f 8583/12/717 8584/42/717 8585/311/717
f 8583/12/717 8585/311/717 8586/312/717
f 8587/313/534 8588/46/534 8589/24/534
f 8587/313/534 8589/24/534 8590/309/534
f 8591/36/834 8592/52/834 8593/314/834
f 8591/36/834 8593/314/834 8594/306/834
f 8595/314/720 8596/52/720 8597/56/720
s 1
f 8595/314/571 8597/56/571 8598/315/571
s 0
f 8599/297/89 8600/317/89 8601/316/89
f 8599/297/89 8601/316/89 8602/294/89
f 8600/317/89 8599/297/89 8603/318/89
f 8600/317/89 8603/318/89 8604/319/89
s 1
f 8605/190/835 8606/278/835 8607/277/837
f 8605/190/835 8607/277/837 8608/189/836
f 8608/189/836 8607/277/837 8609/279/838
f 8608/189/836 8609/279/838 8610/191/839
f 8610/191/839 8609/279/838 8611/280/840
f 8610/191/839 8611/280/840 8612/193/840
f 8613/195/91 8614/196/1014 8615/19/1014
f 8613/195/91 8615/19/1014 8616/16/91
f 8614/196/1014 8617/21/1015 8615/19/1014
f 8614/196/1014 8618/197/1015 8617/21/1015
f 8618/197/1015 8619/23/95 8617/21/1015
f 8618/197/1015 8620/198/471 8619/23/95
s 0
f 8621/202/2 8622/48/2 8623/23/2
f 8621/202/2 8623/23/2 8624/198/2
f 8625/36/106 8626/306/106 8627/305/106
f 8625/36/106 8627/305/106 8628/31/106
f 8629/178/844 8630/282/844 8631/281/844
f 8629/178/844 8631/281/844 8632/205/844
f 8633/181/96 8634/206/96 8635/41/96
s 1
f 8633/181/96 8635/41/96 8636/38/96
s 0
f 8637/283/846 8638/278/846 8639/190/846
f 8637/283/846 8639/190/846 8640/209/846
f 8641/210/413 8642/195/413 8643/16/413
f 8641/210/413 8643/16/413 8644/45/413
f 8645/201/848 8646/285/848 8647/284/848
f 8645/201/847 8647/284/847 8648/213/847
f 8649/202/98 8650/214/98 8651/51/98
f 8649/202/98 8651/51/98 8652/48/98
f 8653/284/849 8654/286/849 8655/217/849
f 8653/284/849 8655/217/849 8656/213/849
f 8657/214/99 8658/218/99 8659/55/99
f 8657/214/99 8659/55/99 8660/51/99
s 1
f 8661/226/1016 8662/225/1017 8663/196/1018
f 8661/226/1016 8663/196/1018 8664/195/1016
f 8662/225/1017 8665/197/1019 8663/196/1018
f 8662/225/1017 8666/227/1020 8665/197/1019
f 8666/227/1020 8667/198/1021 8665/197/1019
f 8666/227/1020 8668/228/1022 8667/198/1021
f 8669/63/1023 8670/25/1024 8671/24/1025
f 8669/63/1023 8671/24/1025 8672/64/1025
f 8673/65/1026 8670/25/1024 8669/63/1023
f 8673/65/1026 8674/29/1027 8670/25/1024
f 8675/66/1028 8674/29/1027 8673/65/1026
f 8675/66/1028 8676/31/1028 8674/29/1027
s 0
f 8677/230/1029 8678/202/1029 8679/198/1029
f 8677/230/1030 8679/198/1030 8680/228/1030
f 8681/68/1031 8682/36/1031 8683/31/1031
f 8681/68/1032 8683/31/1032 8684/66/1032
f 8685/210/1033 8686/232/1033 8687/226/1033
f 8685/210/1033 8687/226/1033 8688/195/1033
f 8689/24/1034 8690/46/1034 8691/70/1034
f 8689/24/1034 8691/70/1034 8692/64/1034
f 8693/206/1035 8694/181/1035 8695/219/1035
f 8693/206/1036 8695/219/1036 8696/233/1036
f 8697/12/1037 8698/38/1037 8699/41/1037
f 8697/12/1037 8699/41/1037 8700/42/1037
f 8701/230/1038 8702/235/1038 8703/214/1038
f 8701/230/1038 8703/214/1038 8704/202/1038
f 8705/73/1039 8706/52/1039 8707/36/1039
f 8705/73/1040 8707/36/1040 8708/68/1040
f 8709/237/1041 8710/218/1041 8711/214/1041
f 8709/237/1042 8711/214/1042 8712/235/1042
f 8713/73/1043 8714/75/1043 8715/56/1043
f 8713/73/1044 8715/56/1044 8716/52/1044
f 8717/1/1 8718/2/1 8719/171/1
f 8717/1/1 8719/171/1 8720/302/1
f 8721/307/1 8717/1/1 8720/302/1
f 8719/171/963 8722/173/963 8720/302/963
s 1
f 8723/24/883 8724/25/882 8725/308/881
f 8723/24/883 8725/308/881 8726/309/883
f 8724/25/882 8727/310/884 8725/308/881
f 8724/25/882 8728/29/885 8727/310/884
f 8728/29/885 8729/305/886 8727/310/884
f 8728/29/885 8730/31/886 8729/305/886
s 0
f 8731/201/3 8732/193/3 8733/280/3
f 8731/201/3 8733/280/3 8734/285/3
f 8735/12/887 8736/42/887 8737/311/887
f 8735/12/887 8737/311/887 8738/312/887
f 8739/313/888 8740/46/888 8741/24/888
f 8739/313/888 8741/24/888 8742/309/888
f 8743/36/889 8744/52/889 8745/314/889
f 8743/36/889 8745/314/889 8746/306/889
f 8747/314/1045 8748/52/1045 8749/56/1045
f 8747/314/890 8749/56/890 8750/315/890
f 8751/297/89 8752/317/89 8753/316/89
f 8751/297/89 8753/316/89 8754/294/89
f 8752/317/89 8751/297/89 8755/318/89
f 8752/317/89 8755/318/89 8756/319/89
s 1
f 8757/190/606 8758/278/606 8759/277/608
f 8757/190/606 8759/277/608 8760/189/607
f 8760/189/607 8759/277/608 8761/279/609
f 8760/189/607 8761/279/609 8762/191/610
f 8762/191/610 8761/279/609 8763/280/611
f 8762/191/610 8763/280/611 8764/193/1046
f 8765/195/10 8766/196/1047 8767/19/1047
f 8765/195/10 8767/19/1047 8768/16/10
f 8766/196/1047 8769/21/1048 8767/19/1047
f 8766/196/1047 8770/197/1048 8769/21/1048
f 8770/197/1048 8771/23/13 8769/21/1048
f 8770/197/1048 8772/198/13 8771/23/13
s 0
f 8773/202/3 8774/48/3 8775/23/3
f 8773/202/3 8775/23/3 8776/198/3
f 8777/36/2 8778/306/2 8779/305/2
f 8777/36/2 8779/305/2 8780/31/2
f 8781/178/614 8782/282/614 8783/281/614
f 8781/178/614 8783/281/614 8784/205/614
f 8785/181/15 8786/206/15 8787/41/15
f 8785/181/16 8787/41/16 8788/38/16
f 8789/283/615 8790/278/615 8791/190/615
f 8789/283/615 8791/190/615 8792/209/615
f 8793/210/18 8794/195/18 8795/16/18
f 8793/210/18 8795/16/18 8796/45/18
f 8797/201/616 8798/285/616 8799/284/616
f 8797/201/616 8799/284/616 8800/213/616
f 8801/202/1049 8802/214/1049 8803/51/1049
f 8801/202/1049 8803/51/1049 8804/48/1049
f 8805/284/1050 8806/286/1050 8807/217/1050
f 8805/284/617 8807/217/617 8808/213/617
f 8809/214/121 8810/218/121 8811/55/121
f 8809/214/121 8811/55/121 8812/51/121
s 1
f 8813/226/1051 8814/225/1052 8815/196/1053
f 8813/226/1051 8815/196/1053 8816/195/1054
f 8814/225/1052 8817/197/1055 8815/196/1053
f 8814/225/1052 8818/227/1056 8817/197/1055
f 8818/227/1056 8819/198/1057 8817/197/1055
f 8818/227/1056 8820/228/1057 8819/198/1057
f 8821/63/1058 8822/25/1059 8823/24/1060
f 8821/63/1058 8823/24/1060 8824/64/1060
f 8825/65/1061 8822/25/1059 8821/63/1058
f 8825/65/1061 8826/29/1062 8822/25/1059
f 8827/66/1063 8826/29/1062 8825/65/1061
f 8827/66/1063 8828/31/1063 8826/29/1062
s 0
f 8829/230/1064 8830/202/1064 8831/198/1064
f 8829/230/1065 8831/198/1065 8832/228/1065
f 8833/68/1066 8834/36/1066 8835/31/1066
f 8833/68/1067 8835/31/1067 8836/66/1067
f 8837/210/1068 8838/232/1068 8839/226/1068
f 8837/210/1069 8839/226/1069 8840/195/1069
f 8841/24/1070 8842/46/1070 8843/70/1070
s 1
f 8841/24/1071 8843/70/1071 8844/64/1071
s 0
f 8845/206/1072 8846/181/1072 8847/219/1072
f 8845/206/1073 8847/219/1073 8848/233/1073
f 8849/12/1074 8850/38/1074 8851/41/1074
f 8849/12/1075 8851/41/1075 8852/42/1075
f 8853/230/1076 8854/235/1076 8855/214/1076
f 8853/230/1077 8855/214/1077 8856/202/1077
f 8857/73/1078 8858/52/1078 8859/36/1078
f 8857/73/1079 8859/36/1079 8860/68/1079
f 8861/237/1080 8862/218/1081 8863/214/1081
f 8861/237/1082 8863/214/1083 8864/235/1083
f 8865/73/1084 8866/75/1085 8867/56/1085
f 8865/73/1086 8867/56/1086 8868/52/1086
f 8869/1/183 8870/2/183 8871/171/183
f 8869/1/1 8871/171/1 8872/302/1
f 8873/307/1 8869/1/1 8872/302/1
f 8871/171/1 8874/173/1 8872/302/1
s 1
f 8875/24/649 8876/25/648 8877/308/647
f 8875/24/649 8877/308/647 8878/309/1087
f 8876/25/648 8879/310/650 8877/308/647
f 8876/25/648 8880/29/651 8879/310/650
f 8880/29/651 8881/305/652 8879/310/650
f 8880/29/651 8882/31/652 8881/305/652
s 0
f 8883/201/66 8884/193/66 8885/280/66
f 8883/201/66 8885/280/66 8886/285/66
f 8887/12/653 8888/42/653 8889/311/653
f 8887/12/653 8889/311/653 8890/312/653
f 8891/313/654 8892/46/654 8893/24/654
f 8891/313/654 8893/24/654 8894/309/654
f 8895/36/655 8896/52/655 8897/314/655
f 8895/36/655 8897/314/655 8898/306/655
f 8899/314/656 8900/52/656 8901/56/656
f 8899/314/656 8901/56/656 8902/315/656
f 8903/297/89 8904/317/89 8905/316/89
f 8903/297/89 8905/316/89 8906/294/89
f 8904/317/89 8903/297/89 8907/318/89
f 8904/317/671 8907/318/671 8908/319/671
s 1
f 8909/190/606 8910/278/606 8911/277/608
f 8909/190/606 8911/277/608 8912/189/607
f 8912/189/607 8911/277/608 8913/279/609
f 8912/189/607 8913/279/609 8914/191/610
f 8914/191/610 8913/279/609 8915/280/611
f 8914/191/610 8915/280/611 8916/193/611
f 8917/195/10 8918/196/1047 8919/19/1047
f 8917/195/10 8919/19/1047 8920/16/10
f 8918/196/1047 8921/21/1048 8919/19/1047
f 8918/196/1047 8922/197/1048 8921/21/1048
f 8922/197/1048 8923/23/13 8921/21/1048
f 8922/197/1048 8924/198/13 8923/23/13
s 0
f 8925/202/3 8926/48/3 8927/23/3
f 8925/202/3 8927/23/3 8928/198/3
f 8929/36/2 8930/306/2 8931/305/2
f 8929/36/2 8931/305/2 8932/31/2
f 8933/178/614 8934/282/614 8935/281/614
f 8933/178/614 8935/281/614 8936/205/614
f 8937/181/15 8938/206/15 8939/41/15
f 8937/181/16 8939/41/16 8940/38/16
f 8941/283/615 8942/278/615 8943/190/615
f 8941/283/615 8943/190/615 8944/209/615
f 8945/210/18 8946/195/18 8947/16/18
f 8945/210/18 8947/16/18 8948/45/18
f 8949/201/616 8950/285/616 8951/284/616
f 8949/201/616 8951/284/616 8952/213/616
f 8953/202/1049 8954/214/1049 8955/51/1049
f 8953/202/1049 8955/51/1049 8956/48/1049
f 8957/284/1050 8958/286/1050 8959/217/1050
f 8957/284/617 8959/217/617 8960/213/617
f 8961/214/121 8962/218/121 8963/55/121
f 8961/214/121 8963/55/121 8964/51/121
s 1
f 8965/226/1088 8966/225/1089 8967/196/1090
f 8965/226/1088 8967/196/1090 8968/195/1088
f 8966/225/1089 8969/197/1055 8967/196/1090
f 8966/225/1089 8970/227/1056 8969/197/1055
f 8970/227/1056 8971/198/1057 8969/197/1055
f 8970/227/1056 8972/228/1057 8971/198/1057
f 8973/63/1058 8974/25/1059 8975/24/1060
f 8973/63/1058 8975/24/1060 8976/64/1060
f 8977/65/1091 8974/25/1059 8973/63/1058
f 8977/65/1091 8978/29/1092 8974/25/1059
f 8979/66/1093 8978/29/1092 8977/65/1091
f 8979/66/1093 8980/31/1093 8978/29/1092
s 0
f 8981/230/1064 8982/202/1064 8983/198/1064
f 8981/230/1065 8983/198/1065 8984/228/1065
s 1
f 8985/68/1094 8986/36/1094 8987/31/1094
s 0
f 8985/68/1066 8987/31/1095 8988/66/1095
f 8989/210/1068 8990/232/1068 8991/226/1068
f 8989/210/1096 8991/226/1096 8992/195/1096
f 8993/24/1097 8994/46/1097 8995/70/1097
s 1
f 8993/24/1098 8995/70/1097 8996/64/1098
s 0
f 8997/206/1072 8998/181/1072 8999/219/1072
f 8997/206/1073 8999/219/1073 9000/233/1073
f 9001/12/1074 9002/38/1074 9003/41/1074
f 9001/12/1075 9003/41/1075 9004/42/1075
f 9005/230/1076 9006/235/1076 9007/214/1076
f 9005/230/1077 9007/214/1077 9008/202/1077
s 1
f 9009/73/1099 9010/52/1099 9011/36/1079
f 9009/73/1099 9011/36/1079 9012/68/1079
s 0
f 9013/237/1080 9014/218/1081 9015/214/1081
f 9013/237/1083 9015/214/1083 9016/235/1083
f 9017/73/1100 9018/75/1101 9019/56/1101
f 9017/73/1086 9019/56/1086 9020/52/1086
f 9021/1/183 9022/2/183 9023/171/183
f 9021/1/1 9023/171/1 9024/302/1
f 9025/307/1 9021/1/1 9024/302/1
f 9023/171/1 9026/173/1 9024/302/1
s 1
f 9027/24/649 9028/25/648 9029/308/647
f 9027/24/649 9029/308/647 9030/309/649
f 9028/25/648 9031/310/650 9029/308/647
f 9028/25/648 9032/29/651 9031/310/650
f 9032/29/651 9033/305/652 9031/310/650
f 9032/29/651 9034/31/652 9033/305/652
s 0
f 9035/201/66 9036/193/66 9037/280/66
f 9035/201/66 9037/280/66 9038/285/66
f 9039/12/653 9040/42/653 9041/311/653
f 9039/12/653 9041/311/653 9042/312/653
f 9043/313/654 9044/46/654 9045/24/654
f 9043/313/654 9045/24/654 9046/309/654
f 9047/36/655 9048/52/655 9049/314/655
f 9047/36/655 9049/314/655 9050/306/655
f 9051/314/656 9052/52/656 9053/56/656
f 9051/314/656 9053/56/656 9054/315/656
f 9055/297/89 9056/317/89 9057/316/89
f 9055/297/89 9057/316/89 9058/294/89
f 9056/317/295 9055/297/295 9059/318/295
f 9056/317/671 9059/318/671 9060/319/671
s 1
f 9061/190/1102 9062/278/1102 9063/277/674
f 9061/190/1102 9063/277/674 9064/189/673
f 9064/189/673 9063/277/674 9065/279/675
f 9064/189/673 9065/279/675 9066/191/676
f 9066/191/676 9065/279/675 9067/280/677
f 9066/191/676 9067/280/677 9068/193/677
s 0
f 9069/178/1103 9070/282/1103 9071/281/1103
f 9069/178/1103 9071/281/1103 9072/205/1103
f 9073/283/680 9074/278/680 9075/190/680
f 9073/283/680 9075/190/680 9076/209/680
f 9077/201/779 9078/285/779 9079/284/779
f 9077/201/779 9079/284/779 9080/213/779
f 9081/284/682 9082/286/682 9083/217/682
f 9081/284/820 9083/217/820 9084/213/820
s 1
f 9085/225/1104 9086/288/1105 9087/287/1106
f 9085/225/1104 9087/287/1106 9088/226/1106
f 9089/227/1107 9086/288/1105 9085/225/1104
f 9089/227/1107 9090/289/1108 9086/288/1105
f 9091/228/1109 9090/289/1108 9089/227/1107
f 9091/228/1109 9092/290/1110 9090/289/1108
s 0
f 9093/230/906 9094/291/906 9095/290/906
f 9093/230/1111 9095/290/1111 9096/228/1111
f 9097/235/919 9098/292/919 9099/291/919
f 9097/235/1112 9099/291/1112 9100/230/1112
f 9101/235/923 9102/237/923 9103/293/1113
f 9101/235/983 9103/293/983 9104/292/983
f 9105/201/3 9106/193/3 9107/280/3
f 9105/201/3 9107/280/3 9108/285/3
f 9109/294/89 9110/297/89 9111/296/89
f 9109/294/89 9111/296/89 9112/295/89
f 9113/298/89 9111/296/89 9110/297/89
f 9114/287/1114 9115/299/1114 9116/232/1114
f 9114/287/1115 9116/232/1115 9117/226/1115
f 9118/300/978 9119/219/978 9120/233/978
s 1
f 9118/300/915 9120/233/1116 9121/301/1116
s 0
f 9122/303/1 9123/173/1 9124/302/1
f 9122/303/1 9124/302/1 9125/304/1
s 1
f 9126/190/91 9127/189/554 9128/277/90
f 9126/190/91 9128/277/90 9129/278/91
f 9127/189/554 9130/279/93 9128/277/90
f 9127/189/554 9131/191/555 9130/279/93
f 9131/191/555 9132/280/428 9130/279/93
f 9131/191/555 9133/193/428 9132/280/428
s 0
f 9134/178/556 9135/205/556 9136/281/556
f 9134/178/1117 9136/281/1117 9137/282/1117
f 9138/190/430 9139/278/430 9140/283/430
f 9138/190/430 9140/283/430 9141/209/430
s 1
f 9142/201/557 9143/213/557 9144/284/557
s 0
f 9142/201/557 9144/284/557 9145/285/557
s 1
f 9146/217/559 9147/286/559 9148/284/559
s 0
f 9146/217/559 9148/284/559 9149/213/559
s 1
f 9150/226/1118 9151/287/1119 9152/288/1120
f 9150/226/1118 9152/288/1120 9153/225/1121
f 9153/225/1121 9152/288/1120 9154/289/1108
f 9153/225/1121 9154/289/1108 9155/227/1122
f 9155/227/1122 9154/289/1108 9156/290/1123
f 9155/227/1122 9156/290/1123 9157/228/1123
s 0
f 9158/290/975 9159/291/975 9160/230/975
f 9158/290/1124 9160/230/1124 9161/228/1124
f 9162/230/1125 9163/291/1125 9164/292/1125
f 9162/230/995 9164/292/995 9165/235/995
f 9166/292/1126 9167/293/924 9168/237/1126
f 9166/292/923 9168/237/923 9169/235/923
f 9170/280/2 9171/193/2 9172/201/2
f 9170/280/2 9172/201/2 9173/285/2
f 9174/294/89 9175/295/89 9176/296/89
f 9174/294/89 9176/296/89 9177/297/89
f 9178/298/671 9177/297/671 9176/296/671
s 1
f 9179/226/1127 9180/232/1128 9181/299/1129
s 0
f 9179/226/1127 9181/299/1127 9182/287/1127
f 9183/301/1130 9184/233/1130 9185/219/1130
f 9183/301/1131 9185/219/1132 9186/300/1132
f 9187/302/1 9188/173/1 9189/303/1
f 9187/302/1 9189/303/1 9190/304/1
s 1
f 9191/190/1102 9192/189/673 9193/277/674
f 9191/190/1102 9193/277/674 9194/278/1133
f 9192/189/673 9195/279/675 9193/277/674
f 9192/189/673 9196/191/676 9195/279/675
f 9196/191/676 9197/280/677 9195/279/675
f 9196/191/676 9198/193/677 9197/280/677
s 0
f 9199/178/1103 9200/205/1103 9201/281/1103
f 9199/178/1103 9201/281/1103 9202/282/1103
f 9203/190/680 9204/278/680 9205/283/680
f 9203/190/680 9205/283/680 9206/209/680
f 9207/201/779 9208/213/779 9209/284/779
f 9207/201/779 9209/284/779 9210/285/779
f 9211/217/682 9212/286/682 9213/284/682
f 9211/217/683 9213/284/683 9214/213/683
s 1
f 9215/287/1134 9216/288/1135 9217/225/1136
f 9215/287/1134 9217/225/1136 9218/226/1137
f 9216/288/1135 9219/227/1138 9217/225/1136
f 9216/288/1135 9220/289/1139 9219/227/1138
f 9220/289/1139 9221/228/1140 9219/227/1138
f 9220/289/1139 9222/290/1140 9221/228/1140
f 9223/290/700 9224/291/700 9225/230/700
s 0
f 9223/290/1141 9225/230/1141 9226/228/1141
f 9227/291/1142 9228/292/1142 9229/235/1142
f 9227/291/1143 9229/235/1143 9230/230/1143
f 9231/235/1144 9232/292/1144 9233/293/1144
f 9231/235/1145 9233/293/1145 9234/237/1145
f 9235/280/3 9236/193/3 9237/201/3
f 9235/280/3 9237/201/3 9238/285/3
f 9239/294/89 9240/295/89 9241/296/89
f 9239/294/89 9241/296/89 9242/297/89
f 9243/298/295 9242/297/295 9241/296/295
s 1
f 9244/287/1146 9245/226/1147 9246/232/1148
f 9244/287/1146 9246/232/1148 9247/299/1149
s 0
f 9248/233/1150 9249/219/1150 9250/300/1150
s 1
f 9248/233/1151 9250/300/706 9251/301/1151
s 0
f 9252/302/963 9253/173/963 9254/303/963
f 9252/302/1 9254/303/1 9255/304/1
s 1
f 9256/190/4 9257/278/4 9258/277/424
f 9256/190/4 9258/277/424 9259/189/588
f 9259/189/588 9258/277/424 9260/279/425
f 9259/189/588 9260/279/425 9261/191/589
f 9261/191/589 9260/279/425 9262/280/114
f 9261/191/589 9262/280/114 9263/193/114
s 0
f 9264/178/1152 9265/282/1152 9266/281/1152
f 9264/178/116 9266/281/116 9267/205/116
f 9268/283/117 9269/278/117 9270/190/117
f 9268/283/117 9270/190/117 9271/209/117
f 9272/201/590 9273/285/590 9274/284/590
f 9272/201/590 9274/284/590 9275/213/590
s 1
f 9276/284/591 9277/286/591 9278/217/591
s 0
f 9276/284/591 9278/217/591 9279/213/591
s 1
f 9280/226/1137 9281/225/1153 9282/288/1135
f 9280/226/1137 9282/288/1135 9283/287/1154
f 9281/225/1153 9284/289/1155 9282/288/1135
f 9281/225/1153 9285/227/1156 9284/289/1155
f 9285/227/1156 9286/290/1157 9284/289/1155
f 9285/227/1156 9287/228/1158 9286/290/1157
s 0
f 9288/230/791 9289/291/791 9290/290/791
f 9288/230/699 9290/290/1159 9291/228/699
f 9292/230/1160 9293/235/1160 9294/292/1160
f 9292/230/810 9294/292/810 9295/291/810
f 9296/237/1161 9297/293/1161 9298/292/1161
f 9296/237/1162 9298/292/1162 9299/235/1162
f 9300/201/66 9301/193/66 9302/280/66
f 9300/201/66 9302/280/66 9303/285/66
f 9304/294/89 9305/297/89 9306/296/89
f 9304/294/89 9306/296/89 9307/295/89
f 9308/298/671 9306/296/671 9305/297/671
s 1
f 9309/299/1163 9310/232/1163 9311/226/1163
s 0
f 9309/299/1164 9311/226/1164 9312/287/1164
s 1
f 9313/301/1165 9314/300/1166 9315/219/1166
f 9313/301/1165 9315/219/1166 9316/233/1165
s 0
f 9317/303/1 9318/173/1 9319/302/1
f 9317/303/1 9319/302/1 9320/304/1
s 1
f 9321/190/525 9322/189/526 9323/277/527
f 9321/190/525 9323/277/527 9324/278/525
f 9322/189/526 9325/279/528 9323/277/527
f 9322/189/526 9326/191/529 9325/279/528
f 9326/191/529 9327/280/530 9325/279/528
f 9326/191/529 9328/193/530 9327/280/530
s 0
f 9329/178/532 9330/205/532 9331/281/532
f 9329/178/532 9331/281/532 9332/282/532
f 9333/190/534 9334/278/534 9335/283/534
f 9333/190/534 9335/283/534 9336/209/534
f 9337/201/535 9338/213/535 9339/284/535
f 9337/201/535 9339/284/535 9340/285/535
f 9341/217/536 9342/286/536 9343/284/536
f 9341/217/536 9343/284/536 9344/213/536
s 1
f 9345/287/537 9346/288/538 9347/225/539
f 9345/287/537 9347/225/539 9348/226/537
f 9346/288/538 9349/227/540 9347/225/539
f 9346/288/538 9350/289/562 9349/227/540
f 9350/289/562 9351/228/542 9349/227/540
f 9350/289/562 9352/290/542 9351/228/542
s 0
f 9353/290/543 9354/291/543 9355/230/543
f 9353/290/544 9355/230/544 9356/228/544
f 9357/291/922 9358/292/922 9359/235/922
f 9357/291/996 9359/235/996 9360/230/996
f 9361/235/1167 9362/292/1168 9363/293/1168
f 9361/235/548 9363/293/1169 9364/237/548
f 9365/280/106 9366/193/106 9367/201/106
f 9365/280/106 9367/201/106 9368/285/106
f 9369/294/89 9370/295/89 9371/296/89
f 9369/294/89 9371/296/89 9372/297/89
f 9373/298/89 9372/297/89 9371/296/89
f 9374/287/549 9375/226/549 9376/232/549
f 9374/287/913 9376/232/913 9377/299/913
f 9378/233/551 9379/219/551 9380/300/551
f 9378/233/552 9380/300/552 9381/301/552
f 9382/302/1 9383/173/1 9384/303/1
f 9382/302/1 9384/303/1 9385/304/1
s 1
f 9386/190/91 9387/278/91 9388/277/90
f 9386/190/91 9388/277/90 9389/189/554
f 9389/189/554 9388/277/90 9390/279/93
f 9389/189/554 9390/279/93 9391/191/555
f 9391/191/555 9390/279/93 9392/280/428
f 9391/191/555 9392/280/428 9393/193/428
s 0
f 9394/178/556 9395/282/556 9396/281/556
f 9394/178/556 9396/281/556 9397/205/556
f 9398/283/430 9399/278/430 9400/190/430
f 9398/283/430 9400/190/430 9401/209/430
f 9402/201/557 9403/285/557 9404/284/557
s 1
f 9402/201/557 9404/284/557 9405/213/557
s 0
f 9406/284/558 9407/286/558 9408/217/558
f 9406/284/559 9408/217/559 9409/213/559
s 1
f 9410/226/988 9411/225/1170 9412/288/1171
f 9410/226/988 9412/288/1171 9413/287/1172
f 9411/225/1170 9414/289/1173 9412/288/1171
f 9411/225/1170 9415/227/563 9414/289/1173
f 9415/227/563 9416/290/564 9414/289/1173
f 9415/227/563 9417/228/564 9416/290/564
f 9418/230/1174 9419/291/565 9420/290/565
s 0
f 9418/230/1175 9420/290/1175 9421/228/1175
f 9422/230/1176 9423/235/1176 9424/292/1176
s 1
f 9422/230/1177 9424/292/1178 9425/291/1178
s 0
f 9426/237/547 9427/293/547 9428/292/547
f 9426/237/1179 9428/292/1179 9429/235/1179
f 9430/201/2 9431/193/2 9432/280/2
f 9430/201/2 9432/280/2 9433/285/2
f 9434/294/89 9435/297/89 9436/296/89
f 9434/294/89 9436/296/89 9437/295/89
f 9438/298/89 9436/296/89 9435/297/89
f 9439/299/549 9440/232/549 9441/226/549
f 9439/299/549 9441/226/549 9442/287/549
f 9443/301/552 9444/300/552 9445/219/552
f 9443/301/552 9445/219/552 9446/233/552
f 9447/303/1 9448/173/1 9449/302/1
f 9447/303/1 9449/302/1 9450/304/1
s 1
f 9451/190/525 9452/278/525 9453/277/527
f 9451/190/525 9453/277/527 9454/189/526
f 9454/189/526 9453/277/527 9455/279/528
f 9454/189/526 9455/279/528 9456/191/529
f 9456/191/529 9455/279/528 9457/280/530
f 9456/191/529 9457/280/530 9458/193/530
s 0
f 9459/178/532 9460/282/532 9461/281/532
f 9459/178/532 9461/281/532 9462/205/532
f 9463/283/534 9464/278/534 9465/190/534
f 9463/283/534 9465/190/534 9466/209/534
f 9467/201/535 9468/285/535 9469/284/535
f 9467/201/535 9469/284/535 9470/213/535
f 9471/284/536 9472/286/536 9473/217/536
f 9471/284/536 9473/217/536 9474/213/536
s 1
f 9475/225/572 9476/288/1180 9477/287/574
f 9475/225/572 9477/287/574 9478/226/574
f 9479/227/1181 9476/288/1180 9475/225/572
f 9479/227/1181 9480/289/593 9476/288/1180
f 9481/228/1182 9480/289/593 9479/227/1181
f 9481/228/1182 9482/290/1183 9480/289/593
s 0
f 9483/230/579 9484/291/579 9485/290/579
f 9483/230/701 9485/290/701 9486/228/701
f 9487/235/1184 9488/292/1184 9489/291/1184
f 9487/235/712 9489/291/712 9490/230/712
f 9491/235/1185 9492/237/1186 9493/293/1186
f 9491/235/1187 9493/293/1187 9494/292/1187
f 9495/201/106 9496/193/106 9497/280/106
f 9495/201/106 9497/280/106 9498/285/106
f 9499/294/89 9500/297/89 9501/296/89
f 9499/294/89 9501/296/89 9502/295/89
f 9503/298/89 9501/296/89 9500/297/89
f 9504/287/585 9505/299/585 9506/232/585
f 9504/287/586 9506/232/586 9507/226/586
f 9508/300/1188 9509/219/1188 9510/233/1188
f 9508/300/587 9510/233/587 9511/301/587
f 9512/303/1 9513/173/1 9514/302/1
f 9512/303/1 9514/302/1 9515/304/1
s 1
f 9516/190/4 9517/189/588 9518/277/424
f 9516/190/4 9518/277/424 9519/278/4
f 9517/189/588 9520/279/425 9518/277/424
f 9517/189/588 9521/191/589 9520/279/425
f 9521/191/589 9522/280/114 9520/279/425
f 9521/191/589 9523/193/114 9522/280/114
s 0
f 9524/178/116 9525/205/116 9526/281/116
f 9524/178/116 9526/281/116 9527/282/116
f 9528/190/186 9529/278/186 9530/283/186
f 9528/190/117 9530/283/117 9531/209/117
f 9532/201/119 9533/213/119 9534/284/119
f 9532/201/590 9534/284/590 9535/285/590
s 1
f 9536/217/591 9537/286/591 9538/284/591
s 0
f 9536/217/591 9538/284/591 9539/213/591
s 1
f 9540/226/1189 9541/287/1189 9542/288/573
f 9540/226/1189 9542/288/573 9543/225/1190
f 9543/225/1190 9542/288/573 9544/289/593
f 9543/225/1190 9544/289/593 9545/227/594
f 9545/227/594 9544/289/593 9546/290/827
f 9545/227/594 9546/290/827 9547/228/827
s 0
f 9548/290/596 9549/291/596 9550/230/596
f 9548/290/579 9550/230/579 9551/228/579
f 9552/230/582 9553/291/582 9554/292/582
s 1
f 9552/230/597 9554/292/597 9555/235/597
s 0
f 9556/292/716 9557/293/716 9558/237/716
f 9556/292/815 9558/237/815 9559/235/815
f 9560/280/66 9561/193/66 9562/201/66
f 9560/280/66 9562/201/66 9563/285/66
f 9564/294/89 9565/295/89 9566/296/89
f 9564/294/89 9566/296/89 9567/297/89
f 9568/298/89 9567/297/89 9566/296/89
f 9569/226/603 9570/232/603 9571/299/603
f 9569/226/604 9571/299/604 9572/287/604
f 9573/301/1188 9574/233/1188 9575/219/1188
f 9573/301/587 9575/219/587 9576/300/587
f 9577/302/1 9578/173/1 9579/303/1
f 9577/302/1 9579/303/1 9580/304/1
s 1
f 9581/190/606 9582/189/607 9583/277/608
f 9581/190/606 9583/277/608 9584/278/606
f 9582/189/607 9585/279/609 9583/277/608
f 9582/189/607 9586/191/610 9585/279/609
f 9586/191/610 9587/280/611 9585/279/609
f 9586/191/610 9588/193/611 9587/280/611
f 9589/19/612 9590/196/612 9591/195/168
f 9589/19/612 9591/195/168 9592/16/168
f 9593/21/613 9590/196/612 9589/19/612
f 9593/21/613 9594/197/613 9590/196/612
f 9595/23/393 9594/197/613 9593/21/613
f 9595/23/393 9596/198/393 9594/197/613
s 0
f 9597/23/106 9598/48/106 9599/202/106
f 9597/23/106 9599/202/106 9600/198/106
f 9601/305/2 9602/306/2 9603/36/2
f 9601/305/2 9603/36/2 9604/31/2
f 9605/178/614 9606/205/614 9607/281/614
f 9605/178/614 9607/281/614 9608/282/614
s 1
f 9609/41/172 9610/206/172 9611/181/172
s 0
f 9609/41/172 9611/181/172 9612/38/172
f 9613/190/615 9614/278/615 9615/283/615
f 9613/190/615 9615/283/615 9616/209/615
f 9617/16/173 9618/195/173 9619/210/173
f 9617/16/448 9619/210/448 9620/45/448
f 9621/201/616 9622/213/616 9623/284/616
f 9621/201/616 9623/284/616 9624/285/616
f 9625/51/174 9626/214/174 9627/202/174
f 9625/51/174 9627/202/174 9628/48/174
f 9629/217/617 9630/286/617 9631/284/617
f 9629/217/617 9631/284/617 9632/213/617
f 9633/55/175 9634/218/175 9635/214/175
f 9633/55/175 9635/214/175 9636/51/175
s 1
f 9637/226/1191 9638/195/1192 9639/196/1193
f 9637/226/1191 9639/196/1193 9640/225/1194
f 9640/225/1194 9639/196/1193 9641/197/621
f 9640/225/1194 9641/197/621 9642/227/622
f 9642/227/622 9641/197/621 9643/198/623
f 9642/227/622 9643/198/623 9644/228/623
f 9645/24/1195 9646/25/1196 9647/63/1197
f 9645/24/1195 9647/63/1197 9648/64/1195
f 9646/25/1196 9649/65/627 9647/63/1197
f 9646/25/1196 9650/29/628 9649/65/627
f 9650/29/628 9651/66/1198 9649/65/627
f 9650/29/628 9652/31/629 9651/66/1198
s 0
f 9653/198/630 9654/202/630 9655/230/630
f 9653/198/630 9655/230/630 9656/228/630
f 9657/31/632 9658/36/632 9659/68/632
f 9657/31/633 9659/68/633 9660/66/633
f 9661/226/634 9662/232/634 9663/210/634
f 9661/226/635 9663/210/635 9664/195/635
f 9665/24/666 9666/64/666 9667/70/666
f 9665/24/637 9667/70/637 9668/46/637
f 9669/206/638 9670/233/638 9671/219/638
f 9669/206/638 9671/219/638 9672/181/638
f 9673/41/639 9674/38/639 9675/12/639
f 9673/41/640 9675/12/640 9676/42/640
f 9677/230/1199 9678/202/1199 9679/214/1199
f 9677/230/641 9679/214/641 9680/235/641
f 9681/36/642 9682/52/642 9683/73/642
f 9681/36/1200 9683/73/1200 9684/68/1200
f 9685/214/644 9686/218/644 9687/237/644
f 9685/214/1201 9687/237/1201 9688/235/1201
f 9689/73/646 9690/52/646 9691/56/646
f 9689/73/646 9691/56/646 9692/75/646
f 9693/302/1 9694/173/1 9695/171/1
f 9693/302/1 9695/171/1 9696/1/1
f 9697/307/1 9693/302/1 9696/1/1
f 9695/171/1 9698/2/1 9696/1/1
s 1
f 9699/308/647 9700/25/648 9701/24/649
f 9699/308/647 9701/24/649 9702/309/1087
f 9703/310/650 9700/25/648 9699/308/647
f 9703/310/650 9704/29/651 9700/25/648
f 9705/305/652 9704/29/651 9703/310/650
f 9705/305/652 9706/31/652 9704/29/651
s 0
f 9707/280/66 9708/193/66 9709/201/66
f 9707/280/66 9709/201/66 9710/285/66
f 9711/311/653 9712/42/653 9713/12/653
f 9711/311/653 9713/12/653 9714/312/653
f 9715/313/654 9716/309/654 9717/24/654
f 9715/313/654 9717/24/654 9718/46/654
f 9719/314/655 9720/52/655 9721/36/655
f 9719/314/655 9721/36/655 9722/306/655
f 9723/314/656 9724/315/656 9725/56/656
f 9723/314/656 9725/56/656 9726/52/656
f 9727/316/89 9728/317/89 9729/297/89
f 9727/316/89 9729/297/89 9730/294/89
f 9731/318/89 9729/297/89 9728/317/89
f 9731/318/89 9728/317/89 9732/319/89
s 1
f 9733/190/606 9734/189/607 9735/277/608
f 9733/190/606 9735/277/608 9736/278/606
f 9734/189/607 9737/279/609 9735/277/608
f 9734/189/607 9738/191/610 9737/279/609
f 9738/191/610 9739/280/611 9737/279/609
f 9738/191/610 9740/193/611 9739/280/611
f 9741/19/612 9742/196/612 9743/195/168
f 9741/19/612 9743/195/168 9744/16/168
f 9745/21/613 9742/196/612 9741/19/612
f 9745/21/613 9746/197/613 9742/196/612
f 9747/23/393 9746/197/613 9745/21/613
f 9747/23/393 9748/198/393 9746/197/613
s 0
f 9749/23/106 9750/48/106 9751/202/106
f 9749/23/106 9751/202/106 9752/198/106
f 9753/305/2 9754/306/2 9755/36/2
f 9753/305/2 9755/36/2 9756/31/2
f 9757/178/614 9758/205/614 9759/281/614
f 9757/178/614 9759/281/614 9760/282/614
s 1
f 9761/41/172 9762/206/172 9763/181/172
s 0
f 9761/41/172 9763/181/172 9764/38/172
f 9765/190/615 9766/278/615 9767/283/615
f 9765/190/615 9767/283/615 9768/209/615
f 9769/16/173 9770/195/173 9771/210/173
f 9769/16/448 9771/210/448 9772/45/448
f 9773/201/616 9774/213/616 9775/284/616
f 9773/201/616 9775/284/616 9776/285/616
f 9777/51/174 9778/214/174 9779/202/174
f 9777/51/174 9779/202/174 9780/48/174
f 9781/217/617 9782/286/617 9783/284/617
f 9781/217/617 9783/284/617 9784/213/617
f 9785/55/175 9786/218/175 9787/214/175
f 9785/55/175 9787/214/175 9788/51/175
s 1
f 9789/226/1191 9790/195/1191 9791/196/1193
f 9789/226/1191 9791/196/1193 9792/225/620
f 9792/225/620 9791/196/1193 9793/197/621
f 9792/225/620 9793/197/621 9794/227/622
f 9794/227/622 9793/197/621 9795/198/623
f 9794/227/622 9795/198/623 9796/228/623
f 9797/24/1202 9798/25/1196 9799/63/1197
f 9797/24/1202 9799/63/1197 9800/64/1195
f 9798/25/1196 9801/65/627 9799/63/1197
f 9798/25/1196 9802/29/628 9801/65/627
f 9802/29/628 9803/66/1198 9801/65/627
f 9802/29/628 9804/31/629 9803/66/1198
s 0
f 9805/198/630 9806/202/630 9807/230/630
f 9805/198/630 9807/230/630 9808/228/630
f 9809/31/1203 9810/36/1203 9811/68/1203
f 9809/31/665 9811/68/665 9812/66/665
f 9813/226/634 9814/232/634 9815/210/634
f 9813/226/1204 9815/210/1204 9816/195/1204
f 9817/24/666 9818/64/666 9819/70/666
f 9817/24/637 9819/70/637 9820/46/637
f 9821/206/638 9822/233/638 9823/219/638
f 9821/206/667 9823/219/667 9824/181/667
f 9825/41/668 9826/38/668 9827/12/668
f 9825/41/669 9827/12/669 9828/42/669
f 9829/230/1199 9830/202/1199 9831/214/1199
f 9829/230/641 9831/214/641 9832/235/641
f 9833/36/642 9834/52/642 9835/73/642
f 9833/36/1200 9835/73/1200 9836/68/1200
f 9837/214/644 9838/218/644 9839/237/644
f 9837/214/1201 9839/237/1201 9840/235/1201
f 9841/73/670 9842/52/670 9843/56/670
f 9841/73/646 9843/56/646 9844/75/646
f 9845/302/1 9846/173/1 9847/171/1
f 9845/302/1 9847/171/1 9848/1/1
f 9849/307/1 9845/302/1 9848/1/1
f 9847/171/1 9850/2/1 9848/1/1
s 1
f 9851/308/647 9852/25/648 9853/24/649
f 9851/308/647 9853/24/649 9854/309/1087
f 9855/310/650 9852/25/648 9851/308/647
f 9855/310/650 9856/29/651 9852/25/648
f 9857/305/652 9856/29/651 9855/310/650
f 9857/305/652 9858/31/652 9856/29/651
s 0
f 9859/280/66 9860/193/66 9861/201/66
f 9859/280/66 9861/201/66 9862/285/66
f 9863/311/653 9864/42/653 9865/12/653
f 9863/311/653 9865/12/653 9866/312/653
f 9867/313/654 9868/309/654 9869/24/654
f 9867/313/654 9869/24/654 9870/46/654
f 9871/314/655 9872/52/655 9873/36/655
f 9871/314/655 9873/36/655 9874/306/655
f 9875/314/656 9876/315/656 9877/56/656
f 9875/314/656 9877/56/656 9878/52/656
f 9879/316/89 9880/317/89 9881/297/89
f 9879/316/89 9881/297/89 9882/294/89
f 9883/318/89 9881/297/89 9880/317/89
f 9883/318/89 9880/317/89 9884/319/89
s 1
f 9885/190/672 9886/189/673 9887/277/674
f 9885/190/672 9887/277/674 9888/278/672
f 9886/189/673 9889/279/675 9887/277/674
f 9886/189/673 9890/191/676 9889/279/675
f 9890/191/676 9891/280/677 9889/279/675
f 9890/191/676 9892/193/677 9891/280/677
f 9893/19/588 9894/196/588 9895/195/4
f 9893/19/588 9895/195/4 9896/16/4
f 9897/21/678 9894/196/588 9893/19/588
f 9897/21/678 9898/197/678 9894/196/588
f 9899/23/114 9898/197/678 9897/21/678
f 9899/23/114 9900/198/9 9898/197/678
s 0
f 9901/23/66 9902/48/66 9903/202/66
f 9901/23/66 9903/202/66 9904/198/66
f 9905/305/106 9906/306/106 9907/36/106
f 9905/305/106 9907/36/106 9908/31/106
f 9909/178/679 9910/205/679 9911/281/679
f 9909/178/679 9911/281/679 9912/282/679
f 9913/41/14 9914/206/14 9915/181/14
s 1
f 9913/41/14 9915/181/14 9916/38/14
s 0
f 9917/190/680 9918/278/680 9919/283/680
f 9917/190/680 9919/283/680 9920/209/680
f 9921/16/17 9922/195/17 9923/210/17
f 9921/16/186 9923/210/186 9924/45/186
f 9925/201/681 9926/213/681 9927/284/681
f 9925/201/681 9927/284/681 9928/285/681
f 9929/51/19 9930/214/19 9931/202/19
f 9929/51/19 9931/202/19 9932/48/19
f 9933/217/682 9934/286/682 9935/284/682
f 9933/217/682 9935/284/682 9936/213/682
f 9937/55/22 9938/218/22 9939/214/22
f 9937/55/22 9939/214/22 9940/51/22
s 1
f 9941/195/684 9942/196/685 9943/225/686
f 9941/195/684 9943/225/686 9944/226/687
f 9942/196/685 9945/227/688 9943/225/686
f 9942/196/685 9946/197/1205 9945/227/688
f 9946/197/1205 9947/228/690 9945/227/688
f 9946/197/1205 9948/198/691 9947/228/690
f 9949/64/785 9950/24/785 9951/25/694
f 9949/64/785 9951/25/694 9952/63/1206
f 9952/63/1206 9951/25/694 9953/29/696
f 9952/63/1206 9953/29/696 9954/65/697
f 9954/65/697 9953/29/696 9955/31/698
f 9954/65/697 9955/31/698 9956/66/698
s 0
f 9957/198/790 9958/202/790 9959/230/790
f 9957/198/790 9959/230/790 9960/228/790
f 9961/31/701 9962/36/701 9963/68/701
f 9961/31/1207 9963/68/1207 9964/66/1207
f 9965/195/1208 9966/226/1208 9967/232/1208
f 9965/195/704 9967/232/704 9968/210/704
s 1
f 9969/64/1209 9970/70/1209 9971/46/1209
s 0
f 9969/64/585 9971/46/585 9972/24/585
f 9973/233/1210 9974/219/1210 9975/181/1210
f 9973/233/707 9975/181/707 9976/206/707
f 9977/42/605 9978/41/605 9979/38/605
f 9977/42/1211 9979/38/1211 9980/12/1211
f 9981/202/710 9982/214/710 9983/235/710
s 1
f 9981/202/1212 9983/235/1212 9984/230/1212
s 0
f 9985/68/712 9986/36/712 9987/52/712
f 9985/68/712 9987/52/712 9988/73/712
f 9989/235/813 9990/214/813 9991/218/813
f 9989/235/714 9991/218/714 9992/237/714
f 9993/52/1213 9994/56/1213 9995/75/1213
f 9993/52/716 9995/75/716 9996/73/716
f 9997/302/1 9998/173/1 9999/171/1
f 9997/302/1 9999/171/1 10000/1/1
f 10001/307/1 9997/302/1 10000/1/1
f 9999/171/1 10002/2/1 10000/1/1
s 1
f 10003/308/527 10004/25/526 10005/24/525
f 10003/308/527 10005/24/525 10006/309/525
f 10007/310/528 10004/25/526 10003/308/527
f 10007/310/528 10008/29/529 10004/25/526
f 10009/305/531 10008/29/529 10007/310/528
f 10009/305/531 10010/31/531 10008/29/529
s 0
f 10011/280/3 10012/193/3 10013/201/3
f 10011/280/3 10013/201/3 10014/285/3
f 10015/311/717 10016/42/717 10017/12/717
f 10015/311/718 10017/12/718 10018/312/718
f 10019/313/534 10020/309/534 10021/24/534
f 10019/313/534 10021/24/534 10022/46/534
f 10023/314/719 10024/52/719 10025/36/719
f 10023/314/719 10025/36/719 10026/306/719
f 10027/314/720 10028/315/720 10029/56/720
f 10027/314/720 10029/56/720 10030/52/720
f 10031/316/89 10032/317/89 10033/297/89
f 10031/316/89 10033/297/89 10034/294/89
f 10035/318/89 10033/297/89 10032/317/89
f 10035/318/89 10032/317/89 10036/319/89
s 1
f 10037/190/721 10038/189/1214 10039/277/723
f 10037/190/721 10039/277/723 10040/278/721
f 10038/189/1214 10041/279/724 10039/277/723
f 10038/189/1214 10042/191/725 10041/279/724
f 10042/191/725 10043/280/726 10041/279/724
f 10042/191/725 10044/193/726 10043/280/726
f 10045/19/727 10046/196/727 10047/195/4
f 10045/19/727 10047/195/4 10048/16/4
f 10049/21/728 10046/196/727 10045/19/727
f 10049/21/728 10050/197/728 10046/196/727
f 10051/23/9 10050/197/728 10049/21/728
f 10051/23/9 10052/198/9 10050/197/728
s 0
f 10053/23/66 10054/48/66 10055/202/66
f 10053/23/66 10055/202/66 10056/198/66
f 10057/305/106 10058/306/106 10059/36/106
f 10057/305/106 10059/36/106 10060/31/106
f 10061/178/729 10062/205/729 10063/281/729
s 1
f 10061/178/729 10063/281/729 10064/282/729
s 0
f 10065/41/14 10066/206/14 10067/181/14
s 1
f 10065/41/14 10067/181/14 10068/38/14
s 0
f 10069/190/730 10070/278/730 10071/283/730
f 10069/190/730 10071/283/730 10072/209/730
f 10073/16/17 10074/195/17 10075/210/17
f 10073/16/17 10075/210/17 10076/45/17
f 10077/201/731 10078/213/731 10079/284/731
s 1
f 10077/201/731 10079/284/731 10080/285/731
s 0
f 10081/51/19 10082/214/19 10083/202/19
f 10081/51/19 10083/202/19 10084/48/19
f 10085/217/732 10086/286/732 10087/284/732
f 10085/217/732 10087/284/732 10088/213/732
f 10089/55/22 10090/218/22 10091/214/22
f 10089/55/22 10091/214/22 10092/51/22
s 1
f 10093/226/733 10094/195/733 10095/196/734
f 10093/226/733 10095/196/734 10096/225/735
f 10096/225/735 10095/196/734 10097/197/1215
f 10096/225/735 10097/197/1215 10098/227/1216
f 10098/227/1216 10097/197/1215 10099/198/1217
f 10098/227/1216 10099/198/1217 10100/228/1217
f 10101/24/739 10102/25/740 10103/63/741
f 10101/24/739 10103/63/741 10104/64/742
f 10102/25/740 10105/65/743 10103/63/741
f 10102/25/740 10106/29/744 10105/65/743
f 10106/29/744 10107/66/745 10105/65/743
f 10106/29/744 10108/31/745 10107/66/745
s 0
f 10109/198/1218 10110/202/1218 10111/230/1218
f 10109/198/747 10111/230/747 10112/228/747
f 10113/31/1219 10114/36/1220 10115/68/1220
s 1
f 10113/31/749 10115/68/749 10116/66/749
s 0
f 10117/226/750 10118/232/750 10119/210/750
f 10117/226/1221 10119/210/1221 10120/195/1221
f 10121/24/1222 10122/64/1222 10123/70/1222
f 10121/24/752 10123/70/752 10124/46/752
f 10125/206/753 10126/233/753 10127/219/753
f 10125/206/1223 10127/219/1223 10128/181/1223
f 10129/41/754 10130/38/754 10131/12/754
f 10129/41/755 10131/12/755 10132/42/755
f 10133/230/757 10134/202/757 10135/214/757
f 10133/230/757 10135/214/757 10136/235/757
f 10137/36/758 10138/52/758 10139/73/758
f 10137/36/1224 10139/73/1224 10140/68/1224
f 10141/214/1225 10142/218/1225 10143/237/1225
f 10141/214/761 10143/237/761 10144/235/761
f 10145/73/762 10146/52/762 10147/56/762
f 10145/73/1226 10147/56/1226 10148/75/1226
f 10149/302/1 10150/173/1 10151/171/1
f 10149/302/1 10151/171/1 10152/1/1
f 10153/307/1 10149/302/1 10152/1/1
f 10151/171/1 10154/2/1 10152/1/1
s 1
f 10155/308/764 10156/25/765 10157/24/766
f 10155/308/764 10157/24/766 10158/309/766
f 10159/310/767 10156/25/765 10155/308/764
f 10159/310/767 10160/29/768 10156/25/765
f 10161/305/769 10160/29/768 10159/310/767
f 10161/305/769 10162/31/769 10160/29/768
s 0
f 10163/280/3 10164/193/3 10165/201/3
f 10163/280/3 10165/201/3 10166/285/3
f 10167/311/770 10168/42/770 10169/12/770
f 10167/311/1227 10169/12/1227 10170/312/1227
f 10171/313/772 10172/309/772 10173/24/772
f 10171/313/772 10173/24/772 10174/46/772
f 10175/314/773 10176/52/773 10177/36/773
f 10175/314/773 10177/36/773 10178/306/773
f 10179/314/774 10180/315/774 10181/56/774
f 10179/314/774 10181/56/774 10182/52/774
f 10183/316/89 10184/317/89 10185/297/89
f 10183/316/89 10185/297/89 10186/294/89
f 10187/318/89 10185/297/89 10184/317/89
f 10187/318/89 10184/317/89 10188/319/89
s 1
f 10189/190/776 10190/189/673 10191/277/674
f 10189/190/776 10191/277/674 10192/278/776
f 10190/189/673 10193/279/675 10191/277/674
f 10190/189/673 10194/191/676 10193/279/675
f 10194/191/676 10195/280/677 10193/279/675
f 10194/191/676 10196/193/677 10195/280/677
f 10197/19/588 10198/196/588 10199/195/4
f 10197/19/588 10199/195/4 10200/16/4
f 10201/21/678 10198/196/588 10197/19/588
f 10201/21/678 10202/197/678 10198/196/588
f 10203/23/9 10202/197/678 10201/21/678
f 10203/23/9 10204/198/9 10202/197/678
s 0
f 10205/23/66 10206/48/66 10207/202/66
f 10205/23/66 10207/202/66 10208/198/66
f 10209/305/106 10210/306/106 10211/36/106
f 10209/305/106 10211/36/106 10212/31/106
f 10213/178/679 10214/205/679 10215/281/679
f 10213/178/679 10215/281/679 10216/282/679
f 10217/41/14 10218/206/14 10219/181/14
f 10217/41/14 10219/181/14 10220/38/14
f 10221/190/777 10222/278/777 10223/283/777
f 10221/190/777 10223/283/777 10224/209/777
f 10225/16/17 10226/195/17 10227/210/17
f 10225/16/17 10227/210/17 10228/45/17
f 10229/201/779 10230/213/779 10231/284/779
f 10229/201/779 10231/284/779 10232/285/779
f 10233/51/19 10234/214/19 10235/202/19
f 10233/51/19 10235/202/19 10236/48/19
f 10237/217/682 10238/286/682 10239/284/682
f 10237/217/682 10239/284/682 10240/213/682
f 10241/55/22 10242/218/22 10243/214/22
f 10241/55/22 10243/214/22 10244/51/22
s 1
f 10245/195/780 10246/196/781 10247/225/782
f 10245/195/780 10247/225/782 10248/226/780
f 10246/196/781 10249/227/688 10247/225/782
f 10246/196/781 10250/197/783 10249/227/688
f 10250/197/783 10251/228/784 10249/227/688
f 10250/197/783 10252/198/784 10251/228/784
f 10253/64/785 10254/24/692 10255/25/786
f 10253/64/785 10255/25/786 10256/63/787
f 10256/63/787 10255/25/786 10257/29/575
f 10256/63/787 10257/29/575 10258/65/788
f 10258/65/788 10257/29/575 10259/31/789
f 10258/65/788 10259/31/789 10260/66/789
s 0
f 10261/198/790 10262/202/790 10263/230/790
f 10261/198/791 10263/230/791 10264/228/791
f 10265/31/701 10266/36/701 10267/68/701
f 10265/31/580 10267/68/580 10268/66/580
f 10269/195/793 10270/226/793 10271/232/793
f 10269/195/704 10271/232/704 10272/210/704
s 1
f 10273/64/604 10274/70/604 10275/46/604
s 0
f 10273/64/585 10275/46/585 10276/24/585
f 10277/233/707 10278/219/707 10279/181/707
f 10277/233/707 10279/181/707 10280/206/707
f 10281/42/587 10282/41/587 10283/38/587
f 10281/42/1188 10283/38/1188 10284/12/1188
f 10285/202/796 10286/214/796 10287/235/796
f 10285/202/810 10287/235/1142 10288/230/810
f 10289/68/712 10290/36/712 10291/52/712
f 10289/68/712 10291/52/712 10292/73/712
f 10293/235/1162 10294/214/1162 10295/218/1228
f 10293/235/714 10295/218/714 10296/237/714
f 10297/52/716 10298/56/716 10299/75/716
f 10297/52/1187 10299/75/1187 10300/73/1187
f 10301/302/1 10302/173/1 10303/171/1
f 10301/302/1 10303/171/1 10304/1/1
f 10305/307/1 10301/302/1 10304/1/1
f 10303/171/1 10306/2/1 10304/1/1
s 1
f 10307/308/527 10308/25/526 10309/24/525
f 10307/308/527 10309/24/525 10310/309/525
f 10311/310/528 10308/25/526 10307/308/527
f 10311/310/528 10312/29/529 10308/25/526
f 10313/305/531 10312/29/529 10311/310/528
f 10313/305/531 10314/31/531 10312/29/529
s 0
f 10315/280/3 10316/193/3 10317/201/3
f 10315/280/3 10317/201/3 10318/285/3
f 10319/311/532 10320/42/532 10321/12/532
f 10319/311/717 10321/12/717 10322/312/717
f 10323/313/533 10324/309/533 10325/24/533
f 10323/313/533 10325/24/533 10326/46/533
f 10327/314/719 10328/52/719 10329/36/719
f 10327/314/719 10329/36/719 10330/306/719
f 10331/314/720 10332/315/720 10333/56/720
f 10331/314/720 10333/56/720 10334/52/720
f 10335/316/89 10336/317/89 10337/297/89
f 10335/316/89 10337/297/89 10338/294/89
f 10339/318/89 10337/297/89 10336/317/89
f 10339/318/89 10336/317/89 10340/319/89
s 1
f 10341/190/776 10342/189/673 10343/277/674
f 10341/190/776 10343/277/674 10344/278/776
f 10342/189/673 10345/279/675 10343/277/674
f 10342/189/673 10346/191/676 10345/279/675
f 10346/191/676 10347/280/677 10345/279/675
f 10346/191/676 10348/193/677 10347/280/677
f 10349/19/588 10350/196/588 10351/195/4
f 10349/19/588 10351/195/4 10352/16/4
f 10353/21/678 10350/196/588 10349/19/588
f 10353/21/678 10354/197/678 10350/196/588
f 10355/23/9 10354/197/678 10353/21/678
f 10355/23/9 10356/198/9 10354/197/678
s 0
f 10357/23/66 10358/48/66 10359/202/66
f 10357/23/66 10359/202/66 10360/198/66
f 10361/305/106 10362/306/106 10363/36/106
f 10361/305/106 10363/36/106 10364/31/106
s 1
f 10365/178/679 10366/205/679 10367/281/679
s 0
f 10365/178/818 10367/281/818 10368/282/818
f 10369/41/14 10370/206/14 10371/181/14
f 10369/41/14 10371/181/14 10372/38/14
f 10373/190/680 10374/278/680 10375/283/680
f 10373/190/680 10375/283/680 10376/209/680
f 10377/16/17 10378/195/17 10379/210/17
f 10377/16/17 10379/210/17 10380/45/17
f 10381/201/779 10382/213/779 10383/284/779
f 10381/201/681 10383/284/681 10384/285/681
f 10385/51/19 10386/214/19 10387/202/19
f 10385/51/19 10387/202/19 10388/48/19
f 10389/217/682 10390/286/682 10391/284/682
f 10389/217/683 10391/284/683 10392/213/683
f 10393/55/22 10394/218/22 10395/214/22
f 10393/55/22 10395/214/22 10396/51/22
s 1
f 10397/195/780 10398/196/1229 10399/225/782
f 10397/195/780 10399/225/782 10400/226/821
f 10398/196/1229 10401/227/688 10399/225/782
f 10398/196/1229 10402/197/783 10401/227/688
f 10402/197/783 10403/228/784 10401/227/688
f 10402/197/783 10404/198/784 10403/228/784
f 10405/64/802 10406/24/802 10407/25/694
f 10405/64/802 10407/25/694 10408/63/592
f 10408/63/592 10407/25/694 10409/29/804
f 10408/63/592 10409/29/804 10410/65/805
f 10410/65/805 10409/29/804 10411/31/789
f 10410/65/805 10411/31/789 10412/66/789
s 0
f 10413/198/700 10414/202/700 10415/230/700
f 10413/198/700 10415/230/700 10416/228/700
f 10417/31/1230 10418/36/1230 10419/68/1230
f 10417/31/580 10419/68/580 10420/66/580
f 10421/195/793 10422/226/793 10423/232/793
f 10421/195/1231 10423/232/1231 10424/210/1231
s 1
f 10425/64/604 10426/70/604 10427/46/604
s 0
f 10425/64/604 10427/46/604 10428/24/604
f 10429/233/809 10430/219/809 10431/181/809
f 10429/233/809 10431/181/809 10432/206/809
f 10433/42/587 10434/41/587 10435/38/587
f 10433/42/587 10435/38/587 10436/12/587
s 1
f 10437/202/1232 10438/214/1232 10439/235/1232
s 0
f 10437/202/1233 10439/235/1233 10440/230/1233
f 10441/68/812 10442/36/812 10443/52/812
f 10441/68/582 10443/52/582 10444/73/582
f 10445/235/1234 10446/214/1234 10447/218/1234
f 10445/235/814 10447/218/814 10448/237/814
f 10449/52/716 10450/56/716 10451/75/716
f 10449/52/598 10451/75/598 10452/73/598
f 10453/302/1 10454/173/1 10455/171/1
f 10453/302/1 10455/171/1 10456/1/1
f 10457/307/1 10453/302/1 10456/1/1
f 10455/171/1 10458/2/1 10456/1/1
s 1
f 10459/308/527 10460/25/526 10461/24/525
f 10459/308/527 10461/24/525 10462/309/525
f 10463/310/528 10460/25/526 10459/308/527
f 10463/310/528 10464/29/529 10460/25/526
f 10465/305/531 10464/29/529 10463/310/528
f 10465/305/531 10466/31/530 10464/29/529
s 0
f 10467/280/3 10468/193/3 10469/201/3
f 10467/280/3 10469/201/3 10470/285/3
s 1
f 10471/311/816 10472/42/816 10473/12/816
s 0
f 10471/311/816 10473/12/816 10474/312/816
f 10475/313/801 10476/309/801 10477/24/801
s 1
f 10475/313/534 10477/24/534 10478/46/534
s 0
f 10479/314/719 10480/52/719 10481/36/719
f 10479/314/719 10481/36/719 10482/306/719
f 10483/314/720 10484/315/720 10485/56/720
f 10483/314/720 10485/56/720 10486/52/720
f 10487/316/89 10488/317/89 10489/297/89
f 10487/316/89 10489/297/89 10490/294/89
f 10491/318/89 10489/297/89 10488/317/89
f 10491/318/89 10488/317/89 10492/319/89
s 1
f 10493/190/776 10494/189/673 10495/277/674
f 10493/190/776 10495/277/674 10496/278/776
f 10494/189/673 10497/279/675 10495/277/674
f 10494/189/673 10498/191/676 10497/279/675
f 10498/191/676 10499/280/677 10497/279/675
f 10498/191/676 10500/193/677 10499/280/677
f 10501/19/588 10502/196/588 10503/195/4
f 10501/19/588 10503/195/4 10504/16/4
f 10505/21/678 10502/196/588 10501/19/588
f 10505/21/678 10506/197/678 10502/196/588
f 10507/23/9 10506/197/678 10505/21/678
f 10507/23/9 10508/198/9 10506/197/678
s 0
f 10509/23/66 10510/48/66 10511/202/66
f 10509/23/66 10511/202/66 10512/198/66
f 10513/305/106 10514/306/106 10515/36/106
f 10513/305/106 10515/36/106 10516/31/106
f 10517/178/818 10518/205/818 10519/281/818
f 10517/178/1103 10519/281/1103 10520/282/1103
s 1
f 10521/41/14 10522/206/14 10523/181/14
s 0
f 10521/41/14 10523/181/14 10524/38/14
f 10525/190/680 10526/278/680 10527/283/680
f 10525/190/680 10527/283/680 10528/209/680
f 10529/16/17 10530/195/17 10531/210/17
f 10529/16/17 10531/210/17 10532/45/17
f 10533/201/819 10534/213/819 10535/284/819
s 1
f 10533/201/819 10535/284/819 10536/285/819
s 0
f 10537/51/19 10538/214/19 10539/202/19
f 10537/51/19 10539/202/19 10540/48/19
f 10541/217/820 10542/286/820 10543/284/820
f 10541/217/820 10543/284/820 10544/213/820
f 10545/55/22 10546/218/22 10547/214/22
f 10545/55/22 10547/214/22 10548/51/22
s 1
f 10549/195/684 10550/196/781 10551/225/782
f 10549/195/684 10551/225/782 10552/226/684
f 10550/196/781 10553/227/823 10551/225/782
f 10550/196/781 10554/197/824 10553/227/823
f 10554/197/824 10555/228/784 10553/227/823
f 10554/197/824 10556/198/784 10555/228/784
f 10557/64/802 10558/24/802 10559/25/825
f 10557/64/802 10559/25/825 10560/63/592
f 10560/63/592 10559/25/825 10561/29/804
f 10560/63/592 10561/29/804 10562/65/826
f 10562/65/826 10561/29/804 10563/31/827
f 10562/65/826 10563/31/827 10564/66/827
s 0
f 10565/198/828 10566/202/828 10567/230/828
f 10565/198/790 10567/230/790 10568/228/790
f 10569/31/579 10570/36/579 10571/68/579
f 10569/31/579 10571/68/579 10572/66/579
f 10573/195/1235 10574/226/1235 10575/232/1235
s 1
f 10573/195/793 10575/232/793 10576/210/793
f 10577/64/604 10578/70/604 10579/46/604
s 0
f 10577/64/604 10579/46/604 10580/24/604
f 10581/233/830 10582/219/830 10583/181/830
f 10581/233/1236 10583/181/1236 10584/206/1236
f 10585/42/831 10586/41/831 10587/38/831
f 10585/42/708 10587/38/708 10588/12/708
f 10589/202/796 10590/214/796 10591/235/796
f 10589/202/796 10591/235/796 10592/230/796
f 10593/68/582 10594/36/582 10595/52/582
f 10593/68/712 10595/52/712 10596/73/712
f 10597/235/713 10598/214/713 10599/218/713
f 10597/235/814 10599/218/814 10600/237/814
f 10601/52/833 10602/56/833 10603/75/833
f 10601/52/1187 10603/75/1187 10604/73/1187
f 10605/302/1 10606/173/1 10607/171/1
f 10605/302/1 10607/171/1 10608/1/1
f 10609/307/1 10605/302/1 10608/1/1
f 10607/171/1 10610/2/1 10608/1/1
s 1
f 10611/308/527 10612/25/526 10613/24/525
f 10611/308/527 10613/24/525 10614/309/525
f 10615/310/528 10612/25/526 10611/308/527
f 10615/310/528 10616/29/529 10612/25/526
f 10617/305/531 10616/29/529 10615/310/528
f 10617/305/531 10618/31/531 10616/29/529
s 0
f 10619/280/3 10620/193/3 10621/201/3
f 10619/280/3 10621/201/3 10622/285/3
f 10623/311/717 10624/42/717 10625/12/717
f 10623/311/717 10625/12/717 10626/312/717
f 10627/313/534 10628/309/534 10629/24/534
f 10627/313/534 10629/24/534 10630/46/534
f 10631/314/834 10632/52/834 10633/36/834
f 10631/314/834 10633/36/834 10634/306/834
s 1
f 10635/314/571 10636/315/571 10637/56/571
s 0
f 10635/314/571 10637/56/571 10638/52/571
f 10639/316/89 10640/317/89 10641/297/89
f 10639/316/89 10641/297/89 10642/294/89
f 10643/318/89 10641/297/89 10640/317/89
f 10643/318/89 10640/317/89 10644/319/89
s 1
f 10645/190/835 10646/189/836 10647/277/837
f 10645/190/835 10647/277/837 10648/278/835
f 10646/189/836 10649/279/838 10647/277/837
f 10646/189/836 10650/191/839 10649/279/838
f 10650/191/839 10651/280/840 10649/279/838
f 10650/191/839 10652/193/840 10651/280/840
f 10653/19/841 10654/196/842 10655/195/4
f 10653/19/841 10655/195/4 10656/16/4
f 10657/21/843 10654/196/842 10653/19/841
f 10657/21/843 10658/197/843 10654/196/842
f 10659/23/9 10658/197/843 10657/21/843
f 10659/23/9 10660/198/9 10658/197/843
s 0
f 10661/23/66 10662/48/66 10663/202/66
f 10661/23/66 10663/202/66 10664/198/66
f 10665/305/106 10666/306/106 10667/36/106
f 10665/305/106 10667/36/106 10668/31/106
f 10669/178/844 10670/205/844 10671/281/844
f 10669/178/844 10671/281/844 10672/282/844
f 10673/41/14 10674/206/14 10675/181/14
f 10673/41/14 10675/181/14 10676/38/14
f 10677/190/846 10678/278/846 10679/283/846
f 10677/190/846 10679/283/846 10680/209/846
f 10681/16/17 10682/195/17 10683/210/17
f 10681/16/17 10683/210/17 10684/45/17
f 10685/201/848 10686/213/848 10687/284/848
f 10685/201/848 10687/284/848 10688/285/848
f 10689/51/19 10690/214/19 10691/202/19
f 10689/51/19 10691/202/19 10692/48/19
f 10693/217/849 10694/286/849 10695/284/849
f 10693/217/849 10695/284/849 10696/213/849
f 10697/55/22 10698/218/22 10699/214/22
f 10697/55/22 10699/214/22 10700/51/22
s 1
f 10701/226/850 10702/195/1237 10703/196/1238
f 10701/226/850 10703/196/1238 10704/225/1239
f 10704/225/1239 10703/196/1238 10705/197/1240
f 10704/225/1239 10705/197/1240 10706/227/1241
f 10706/227/1241 10705/197/1240 10707/198/855
f 10706/227/1241 10707/198/855 10708/228/855
f 10709/24/1242 10710/25/857 10711/63/858
f 10709/24/1242 10711/63/858 10712/64/1243
f 10710/25/857 10713/65/859 10711/63/858
f 10710/25/857 10714/29/860 10713/65/859
f 10714/29/860 10715/66/861 10713/65/859
f 10714/29/860 10716/31/861 10715/66/861
f 10717/198/862 10718/202/862 10719/230/862
s 0
f 10717/198/863 10719/230/863 10720/228/863
f 10721/31/864 10722/36/864 10723/68/864
f 10721/31/864 10723/68/864 10724/66/864
f 10725/226/865 10726/232/865 10727/210/865
f 10725/226/1244 10727/210/1244 10728/195/1244
f 10729/24/868 10730/64/868 10731/70/868
f 10729/24/868 10731/70/868 10732/46/868
f 10733/206/869 10734/233/869 10735/219/869
f 10733/206/870 10735/219/870 10736/181/870
f 10737/41/871 10738/38/871 10739/12/871
f 10737/41/871 10739/12/871 10740/42/871
f 10741/230/873 10742/202/873 10743/214/873
f 10741/230/874 10743/214/874 10744/235/874
f 10745/36/1245 10746/52/1245 10747/73/1245
f 10745/36/1246 10747/73/1246 10748/68/1246
f 10749/214/877 10750/218/877 10751/237/877
s 1
f 10749/214/878 10751/237/878 10752/235/878
s 0
f 10753/73/879 10754/52/879 10755/56/879
f 10753/73/880 10755/56/880 10756/75/880
f 10757/302/1 10758/173/1 10759/171/1
f 10757/302/1 10759/171/1 10760/1/1
f 10761/307/1 10757/302/1 10760/1/1
f 10759/171/1 10762/2/1 10760/1/1
s 1
f 10763/308/1247 10764/25/882 10765/24/883
f 10763/308/1247 10765/24/883 10766/309/883
f 10767/310/884 10764/25/882 10763/308/1247
f 10767/310/884 10768/29/885 10764/25/882
f 10769/305/886 10768/29/885 10767/310/884
f 10769/305/886 10770/31/886 10768/29/885
s 0
f 10771/280/3 10772/193/3 10773/201/3
f 10771/280/3 10773/201/3 10774/285/3
f 10775/311/887 10776/42/887 10777/12/887
f 10775/311/887 10777/12/887 10778/312/887
f 10779/313/888 10780/309/888 10781/24/888
f 10779/313/888 10781/24/888 10782/46/888
f 10783/314/889 10784/52/889 10785/36/889
f 10783/314/889 10785/36/889 10786/306/889
f 10787/314/890 10788/315/890 10789/56/890
f 10787/314/890 10789/56/890 10790/52/890
f 10791/316/89 10792/317/89 10793/297/89
f 10791/316/89 10793/297/89 10794/294/89
f 10795/318/89 10793/297/89 10792/317/89
f 10795/318/89 10792/317/89 10796/319/89
s 1
f 10797/190/672 10798/278/672 10799/277/674
f 10797/190/672 10799/277/674 10800/189/673
f 10800/189/673 10799/277/674 10801/279/675
f 10800/189/673 10801/279/675 10802/191/676
f 10802/191/676 10801/279/675 10803/280/677
f 10802/191/676 10803/280/677 10804/193/677
f 10805/195/91 10806/196/554 10807/19/554
f 10805/195/91 10807/19/554 10808/16/91
f 10806/196/554 10809/21/891 10807/19/554
f 10806/196/554 10810/197/891 10809/21/891
f 10810/197/891 10811/23/471 10809/21/891
f 10810/197/891 10812/198/471 10811/23/471
s 0
f 10813/202/2 10814/48/2 10815/23/2
f 10813/202/2 10815/23/2 10816/198/2
f 10817/36/106 10818/306/106 10819/305/106
f 10817/36/106 10819/305/106 10820/31/106
f 10821/178/679 10822/282/679 10823/281/679
f 10821/178/679 10823/281/679 10824/205/679
f 10825/181/96 10826/206/96 10827/41/96
f 10825/181/96 10827/41/96 10828/38/96
f 10829/283/680 10830/278/680 10831/190/680
f 10829/283/680 10831/190/680 10832/209/680
f 10833/210/97 10834/195/97 10835/16/97
f 10833/210/413 10835/16/413 10836/45/413
f 10837/201/681 10838/285/681 10839/284/681
f 10837/201/681 10839/284/681 10840/213/681
f 10841/202/98 10842/214/98 10843/51/98
f 10841/202/98 10843/51/98 10844/48/98
f 10845/284/682 10846/286/682 10847/217/682
f 10845/284/683 10847/217/683 10848/213/683
f 10849/214/99 10850/218/99 10851/55/99
f 10849/214/99 10851/55/99 10852/51/99
s 1
f 10853/225/892 10854/196/893 10855/195/894
f 10853/225/892 10855/195/894 10856/226/895
f 10857/227/896 10854/196/893 10853/225/892
f 10857/227/896 10858/197/1002 10854/196/893
f 10859/228/898 10858/197/1002 10857/227/896
f 10859/228/898 10860/198/899 10858/197/1002
f 10861/64/1003 10862/63/901 10863/25/902
f 10861/64/1003 10863/25/902 10864/24/1003
f 10862/63/901 10865/29/1248 10863/25/902
f 10862/63/901 10866/65/1249 10865/29/1248
f 10866/65/1249 10867/31/904 10865/29/1248
f 10866/65/1249 10868/66/904 10867/31/904
s 0
f 10869/230/974 10870/202/974 10871/198/974
f 10869/230/906 10871/198/906 10872/228/906
f 10873/68/907 10874/36/907 10875/31/907
s 1
f 10873/68/544 10875/31/908 10876/66/908
s 0
f 10877/195/909 10878/210/910 10879/232/910
f 10877/195/911 10879/232/911 10880/226/911
s 1
f 10881/46/549 10882/70/549 10883/64/549
s 0
f 10881/46/913 10883/64/913 10884/24/913
f 10885/181/915 10886/219/915 10887/233/915
f 10885/181/915 10887/233/915 10888/206/915
f 10889/42/1250 10890/12/1250 10891/38/1250
f 10889/42/917 10891/38/917 10892/41/917
s 1
f 10893/235/919 10894/214/919 10895/202/1251
s 0
f 10893/235/1252 10895/202/1252 10896/230/1252
f 10897/68/996 10898/73/996 10899/52/996
f 10897/68/545 10899/52/545 10900/36/545
f 10901/235/923 10902/237/923 10903/218/923
f 10901/235/1253 10903/218/1254 10904/214/1253
f 10905/75/925 10906/56/925 10907/52/925
f 10905/75/547 10907/52/547 10908/73/547
f 10909/1/1 10910/2/1 10911/171/1
f 10909/1/1 10911/171/1 10912/302/1
f 10913/307/1 10909/1/1 10912/302/1
f 10911/171/1 10914/173/1 10912/302/1
s 1
f 10915/24/525 10916/25/526 10917/308/527
f 10915/24/525 10917/308/527 10918/309/525
f 10916/25/526 10919/310/528 10917/308/527
f 10916/25/526 10920/29/529 10919/310/528
f 10920/29/529 10921/305/531 10919/310/528
f 10920/29/529 10922/31/531 10921/305/531
s 0
f 10923/201/3 10924/193/3 10925/280/3
f 10923/201/3 10925/280/3 10926/285/3
f 10927/12/717 10928/42/717 10929/311/717
f 10927/12/1255 10929/311/1255 10930/312/1255
f 10931/313/534 10932/46/534 10933/24/534
f 10931/313/534 10933/24/534 10934/309/534
f 10935/36/719 10936/52/719 10937/314/719
f 10935/36/719 10937/314/719 10938/306/719
f 10939/314/720 10940/52/720 10941/56/720
f 10939/314/720 10941/56/720 10942/315/720
f 10943/297/89 10944/317/89 10945/316/89
f 10943/297/89 10945/316/89 10946/294/89
f 10944/317/89 10943/297/89 10947/318/89
f 10944/317/89 10947/318/89 10948/319/89
s 1
f 10949/190/721 10950/278/721 10951/277/723
f 10949/190/721 10951/277/723 10952/189/722
f 10952/189/722 10951/277/723 10953/279/724
f 10952/189/722 10953/279/724 10954/191/725
f 10954/191/725 10953/279/724 10955/280/726
f 10954/191/725 10955/280/726 10956/193/726
f 10957/195/91 10958/196/928 10959/19/928
f 10957/195/91 10959/19/928 10960/16/91
f 10958/196/928 10961/21/929 10959/19/928
f 10958/196/928 10962/197/929 10961/21/929
f 10962/197/929 10963/23/471 10961/21/929
f 10962/197/929 10964/198/95 10963/23/471
s 0
f 10965/202/2 10966/48/2 10967/23/2
f 10965/202/2 10967/23/2 10968/198/2
f 10969/36/106 10970/306/106 10971/305/106
f 10969/36/106 10971/305/106 10972/31/106
f 10973/178/729 10974/282/729 10975/281/729
f 10973/178/729 10975/281/729 10976/205/729
s 1
f 10977/181/96 10978/206/96 10979/41/96
s 0
f 10977/181/96 10979/41/96 10980/38/96
f 10981/283/730 10982/278/730 10983/190/730
f 10981/283/730 10983/190/730 10984/209/730
f 10985/210/413 10986/195/413 10987/16/413
f 10985/210/413 10987/16/413 10988/45/413
f 10989/201/731 10990/285/731 10991/284/731
f 10989/201/731 10991/284/731 10992/213/731
f 10993/202/98 10994/214/98 10995/51/98
f 10993/202/98 10995/51/98 10996/48/98
f 10997/284/732 10998/286/732 10999/217/732
f 10997/284/732 10999/217/732 11000/213/732
f 11001/214/99 11002/218/99 11003/55/99
f 11001/214/99 11003/55/99 11004/51/99
s 1
f 11005/226/932 11006/225/1256 11007/196/1257
f 11005/226/932 11007/196/1257 11008/195/935
f 11006/225/1256 11009/197/1258 11007/196/1257
f 11006/225/1256 11010/227/937 11009/197/1258
f 11010/227/937 11011/198/938 11009/197/1258
f 11010/227/937 11012/228/938 11011/198/938
f 11013/63/1259 11014/25/1260 11015/24/941
f 11013/63/1259 11015/24/941 11016/64/941
f 11017/65/1261 11014/25/1260 11013/63/1259
f 11017/65/1261 11018/29/943 11014/25/1260
f 11019/66/944 11018/29/943 11017/65/1261
f 11019/66/944 11020/31/944 11018/29/943
s 0
f 11021/230/945 11022/202/945 11023/198/945
f 11021/230/1262 11023/198/1262 11024/228/1262
f 11025/68/947 11026/36/947 11027/31/947
f 11025/68/948 11027/31/948 11028/66/948
f 11029/210/949 11030/232/949 11031/226/949
f 11029/210/950 11031/226/950 11032/195/950
f 11033/24/1263 11034/46/1263 11035/70/1263
f 11033/24/1264 11035/70/1264 11036/64/1264
f 11037/206/953 11038/181/953 11039/219/953
f 11037/206/953 11039/219/953 11040/233/953
f 11041/12/954 11042/38/954 11043/41/954
f 11041/12/954 11043/41/954 11044/42/954
f 11045/230/955 11046/235/955 11047/214/955
f 11045/230/1265 11047/214/1265 11048/202/1265
f 11049/73/957 11050/52/957 11051/36/957
f 11049/73/1266 11051/36/1266 11052/68/1266
f 11053/237/1267 11054/218/1267 11055/214/1267
f 11053/237/960 11055/214/960 11056/235/960
f 11057/73/1268 11058/75/1268 11059/56/1268
f 11057/73/962 11059/56/962 11060/52/962
f 11061/1/1 11062/2/1 11063/171/1
f 11061/1/1 11063/171/1 11064/302/1
f 11065/307/1 11061/1/1 11064/302/1
f 11063/171/1 11066/173/1 11064/302/1
s 1
f 11067/24/766 11068/25/765 11069/308/764
f 11067/24/766 11069/308/764 11070/309/766
f 11068/25/765 11071/310/767 11069/308/764
f 11068/25/765 11072/29/768 11071/310/767
f 11072/29/768 11073/305/769 11071/310/767
f 11072/29/768 11074/31/769 11073/305/769
s 0
f 11075/201/3 11076/193/3 11077/280/3
f 11075/201/3 11077/280/3 11078/285/3
f 11079/12/770 11080/42/770 11081/311/770
f 11079/12/1227 11081/311/1227 11082/312/1227
f 11083/313/772 11084/46/772 11085/24/772
f 11083/313/1269 11085/24/1269 11086/309/1269
f 11087/36/773 11088/52/773 11089/314/773
f 11087/36/773 11089/314/773 11090/306/773
f 11091/314/774 11092/52/774 11093/56/774
f 11091/314/774 11093/56/774 11094/315/774
f 11095/297/89 11096/317/89 11097/316/89
f 11095/297/89 11097/316/89 11098/294/89
f 11096/317/89 11095/297/89 11099/318/89
f 11096/317/89 11099/318/89 11100/319/89
s 1
f 11101/190/776 11102/278/776 11103/277/674
f 11101/190/776 11103/277/674 11104/189/673
f 11104/189/673 11103/277/674 11105/279/675
f 11104/189/673 11105/279/675 11106/191/676
f 11106/191/676 11105/279/675 11107/280/677
f 11106/191/676 11107/280/677 11108/193/677
f 11109/195/91 11110/196/554 11111/19/554
f 11109/195/91 11111/19/554 11112/16/91
f 11110/196/554 11113/21/891 11111/19/554
f 11110/196/554 11114/197/891 11113/21/891
f 11114/197/891 11115/23/95 11113/21/891
f 11114/197/891 11116/198/471 11115/23/95
s 0
f 11117/202/2 11118/48/2 11119/23/2
f 11117/202/2 11119/23/2 11120/198/2
f 11121/36/106 11122/306/106 11123/305/106
f 11121/36/106 11123/305/106 11124/31/106
s 1
f 11125/178/679 11126/282/679 11127/281/679
s 0
f 11125/178/679 11127/281/679 11128/205/679
s 1
f 11129/181/96 11130/206/96 11131/41/96
s 0
f 11129/181/96 11131/41/96 11132/38/96
f 11133/283/777 11134/278/777 11135/190/777
f 11133/283/777 11135/190/777 11136/209/777
f 11137/210/413 11138/195/413 11139/16/413
f 11137/210/413 11139/16/413 11140/45/413
f 11141/201/779 11142/285/779 11143/284/779
f 11141/201/779 11143/284/779 11144/213/779
f 11145/202/98 11146/214/98 11147/51/98
f 11145/202/98 11147/51/98 11148/48/98
f 11149/284/682 11150/286/682 11151/217/682
f 11149/284/682 11151/217/682 11152/213/682
f 11153/214/99 11154/218/99 11155/55/99
f 11153/214/99 11155/55/99 11156/51/99
s 1
f 11157/225/965 11158/196/966 11159/195/967
f 11157/225/965 11159/195/967 11160/226/967
f 11161/227/968 11158/196/966 11157/225/965
f 11161/227/968 11162/197/897 11158/196/966
f 11163/228/987 11162/197/897 11161/227/968
f 11163/228/987 11164/198/987 11162/197/897
f 11165/64/537 11166/63/969 11167/25/970
f 11165/64/537 11167/25/970 11168/24/537
f 11166/63/969 11169/29/540 11167/25/970
f 11166/63/969 11170/65/971 11169/29/540
f 11170/65/971 11171/31/972 11169/29/540
f 11170/65/971 11172/66/972 11171/31/972
s 0
f 11173/230/974 11174/202/974 11175/198/974
f 11173/230/906 11175/198/906 11176/228/906
f 11177/68/976 11178/36/976 11179/31/976
f 11177/68/544 11179/31/544 11180/66/544
s 1
f 11181/195/1270 11182/210/1270 11183/232/1270
s 0
f 11181/195/977 11183/232/977 11184/226/977
f 11185/46/549 11186/70/549 11187/64/549
f 11185/46/550 11187/64/550 11188/24/550
f 11189/181/978 11190/219/978 11191/233/978
f 11189/181/915 11191/233/915 11192/206/915
f 11193/42/551 11194/12/551 11195/38/551
f 11193/42/551 11195/38/551 11196/41/551
f 11197/235/979 11198/214/979 11199/202/979
f 11197/235/980 11199/202/980 11200/230/980
f 11201/68/922 11202/73/922 11203/52/922
f 11201/68/922 11203/52/922 11204/36/922
f 11205/235/982 11206/237/982 11207/218/982
f 11205/235/983 11207/218/983 11208/214/983
f 11209/75/547 11210/56/547 11211/52/547
f 11209/75/1271 11211/52/1271 11212/73/1271
f 11213/1/1 11214/2/1 11215/171/1
f 11213/1/1 11215/171/1 11216/302/1
f 11217/307/1 11213/1/1 11216/302/1
f 11215/171/1 11218/173/1 11216/302/1
s 1
f 11219/24/525 11220/25/526 11221/308/527
f 11219/24/525 11221/308/527 11222/309/525
f 11220/25/526 11223/310/528 11221/308/527
f 11220/25/526 11224/29/529 11223/310/528
f 11224/29/529 11225/305/531 11223/310/528
f 11224/29/529 11226/31/531 11225/305/531
s 0
f 11227/201/3 11228/193/3 11229/280/3
f 11227/201/3 11229/280/3 11230/285/3
f 11231/12/717 11232/42/717 11233/311/717
f 11231/12/717 11233/311/717 11234/312/717
f 11235/313/533 11236/46/533 11237/24/533
f 11235/313/533 11237/24/533 11238/309/533
f 11239/36/719 11240/52/719 11241/314/719
f 11239/36/719 11241/314/719 11242/306/719
f 11243/314/720 11244/52/720 11245/56/720
f 11243/314/720 11245/56/720 11246/315/720
f 11247/297/89 11248/317/89 11249/316/89
f 11247/297/89 11249/316/89 11250/294/89
f 11248/317/89 11247/297/89 11251/318/89
f 11248/317/89 11251/318/89 11252/319/89
s 1
f 11253/190/776 11254/278/776 11255/277/674
f 11253/190/776 11255/277/674 11256/189/673
f 11256/189/673 11255/277/674 11257/279/675
f 11256/189/673 11257/279/675 11258/191/676
f 11258/191/676 11257/279/675 11259/280/677
f 11258/191/676 11259/280/677 11260/193/677
f 11261/195/91 11262/196/554 11263/19/554
f 11261/195/91 11263/19/554 11264/16/91
f 11262/196/554 11265/21/891 11263/19/554
f 11262/196/554 11266/197/891 11265/21/891
f 11266/197/891 11267/23/471 11265/21/891
f 11266/197/891 11268/198/471 11267/23/471
s 0
f 11269/202/2 11270/48/2 11271/23/2
f 11269/202/2 11271/23/2 11272/198/2
f 11273/36/106 11274/306/106 11275/305/106
f 11273/36/106 11275/305/106 11276/31/106
f 11277/178/818 11278/282/818 11279/281/818
f 11277/178/679 11279/281/679 11280/205/679
s 1
f 11281/181/96 11282/206/96 11283/41/96
s 0
f 11281/181/96 11283/41/96 11284/38/96
f 11285/283/680 11286/278/680 11287/190/680
f 11285/283/680 11287/190/680 11288/209/680
f 11289/210/413 11290/195/413 11291/16/413
f 11289/210/413 11291/16/413 11292/45/413
f 11293/201/681 11294/285/681 11295/284/681
f 11293/201/779 11295/284/779 11296/213/779
f 11297/202/98 11298/214/98 11299/51/98
f 11297/202/98 11299/51/98 11300/48/98
f 11301/284/682 11302/286/682 11303/217/682
f 11301/284/683 11303/217/683 11304/213/683
f 11305/214/99 11306/218/99 11307/55/99
f 11305/214/99 11307/55/99 11308/51/99
s 1
f 11309/225/985 11310/196/966 11311/195/986
f 11309/225/985 11311/195/986 11312/226/986
f 11313/227/968 11310/196/966 11309/225/985
f 11313/227/968 11314/197/897 11310/196/966
f 11315/228/987 11314/197/897 11313/227/968
f 11315/228/987 11316/198/987 11314/197/897
f 11317/64/988 11318/63/989 11319/25/990
f 11317/64/988 11319/25/990 11320/24/988
f 11318/63/989 11321/29/991 11319/25/990
f 11318/63/989 11322/65/992 11321/29/991
f 11322/65/992 11323/31/972 11321/29/991
f 11322/65/992 11324/66/972 11323/31/972
s 0
f 11325/230/906 11326/202/906 11327/198/906
f 11325/230/974 11327/198/974 11328/228/974
f 11329/68/544 11330/36/544 11331/31/544
f 11329/68/544 11331/31/544 11332/66/544
s 1
f 11333/195/1270 11334/210/1270 11335/232/1270
s 0
f 11333/195/993 11335/232/993 11336/226/993
f 11337/46/549 11338/70/549 11339/64/549
f 11337/46/1272 11339/64/1272 11340/24/1272
f 11341/181/978 11342/219/978 11343/233/978
f 11341/181/1011 11343/233/1011 11344/206/1011
f 11345/42/994 11346/12/994 11347/38/994
f 11345/42/551 11347/38/551 11348/41/551
f 11349/235/919 11350/214/919 11351/202/919
f 11349/235/995 11351/202/995 11352/230/995
f 11353/68/566 11354/73/566 11355/52/566
f 11353/68/996 11355/52/996 11356/36/996
f 11357/235/1273 11358/237/1273 11359/218/1273
f 11357/235/1274 11359/218/1274 11360/214/1274
f 11361/75/547 11362/56/547 11363/52/547
f 11361/75/1271 11363/52/1271 11364/73/1271
f 11365/1/1 11366/2/1 11367/171/1
f 11365/1/1 11367/171/1 11368/302/1
f 11369/307/1 11365/1/1 11368/302/1
f 11367/171/1 11370/173/1 11368/302/1
s 1
f 11371/24/525 11372/25/526 11373/308/527
f 11371/24/525 11373/308/527 11374/309/525
f 11372/25/526 11375/310/528 11373/308/527
f 11372/25/526 11376/29/529 11375/310/528
f 11376/29/529 11377/305/531 11375/310/528
f 11376/29/529 11378/31/530 11377/305/531
s 0
f 11379/201/3 11380/193/3 11381/280/3
f 11379/201/3 11381/280/3 11382/285/3
f 11383/12/532 11384/42/532 11385/311/532
f 11383/12/816 11385/311/816 11386/312/816
f 11387/313/534 11388/46/534 11389/24/534
s 1
f 11387/313/801 11389/24/801 11390/309/801
s 0
f 11391/36/719 11392/52/719 11393/314/719
f 11391/36/719 11393/314/719 11394/306/719
f 11395/314/720 11396/52/720 11397/56/720
f 11395/314/720 11397/56/720 11398/315/720
f 11399/297/89 11400/317/89 11401/316/89
f 11399/297/89 11401/316/89 11402/294/89
f 11400/317/89 11399/297/89 11403/318/89
f 11400/317/89 11403/318/89 11404/319/89
s 1
f 11405/190/776 11406/278/776 11407/277/674
f 11405/190/776 11407/277/674 11408/189/673
f 11408/189/673 11407/277/674 11409/279/675
f 11408/189/673 11409/279/675 11410/191/676
f 11410/191/676 11409/279/675 11411/280/677
f 11410/191/676 11411/280/677 11412/193/677
f 11413/195/91 11414/196/554 11415/19/554
f 11413/195/91 11415/19/554 11416/16/91
f 11414/196/554 11417/21/891 11415/19/554
f 11414/196/554 11418/197/891 11417/21/891
f 11418/197/891 11419/23/471 11417/21/891
f 11418/197/891 11420/198/471 11419/23/471
s 0
f 11421/202/2 11422/48/2 11423/23/2
f 11421/202/2 11423/23/2 11424/198/2
f 11425/36/106 11426/306/106 11427/305/106
f 11425/36/106 11427/305/106 11428/31/106
f 11429/178/1103 11430/282/1103 11431/281/1103
f 11429/178/1103 11431/281/1103 11432/205/1103
s 1
f 11433/181/96 11434/206/96 11435/41/96
f 11433/181/96 11435/41/96 11436/38/96
s 0
f 11437/283/680 11438/278/680 11439/190/680
f 11437/283/680 11439/190/680 11440/209/680
f 11441/210/413 11442/195/413 11443/16/413
f 11441/210/413 11443/16/413 11444/45/413
f 11445/201/819 11446/285/819 11447/284/819
f 11445/201/819 11447/284/819 11448/213/819
f 11449/202/98 11450/214/98 11451/51/98
f 11449/202/98 11451/51/98 11452/48/98
f 11453/284/820 11454/286/820 11455/217/820
f 11453/284/820 11455/217/820 11456/213/820
f 11457/214/99 11458/218/99 11459/55/99
f 11457/214/99 11459/55/99 11460/51/99
s 1
f 11461/225/965 11462/196/966 11463/195/986
f 11461/225/965 11463/195/986 11464/226/894
f 11465/227/1001 11462/196/966 11461/225/965
f 11465/227/1001 11466/197/1275 11462/196/966
f 11467/228/987 11466/197/1275 11465/227/1001
f 11467/228/987 11468/198/987 11466/197/1275
f 11469/64/1276 11470/63/989 11471/25/1004
f 11469/64/1276 11471/25/1004 11472/24/1276
f 11470/63/989 11473/29/1005 11471/25/1004
f 11470/63/989 11474/65/1006 11473/29/1005
f 11474/65/1006 11475/31/1007 11473/29/1005
f 11474/65/1006 11476/66/1007 11475/31/1007
s 0
f 11477/230/1008 11478/202/1008 11479/198/1008
f 11477/230/905 11479/198/905 11480/228/905
f 11481/68/907 11482/36/907 11483/31/907
s 1
f 11481/68/543 11483/31/543 11484/66/543
s 0
f 11485/195/1270 11486/210/1270 11487/232/1270
f 11485/195/1009 11487/232/1009 11488/226/1009
f 11489/46/549 11490/70/549 11491/64/549
f 11489/46/1272 11491/64/1272 11492/24/1272
s 1
f 11493/181/1011 11494/219/1011 11495/233/1011
s 0
f 11493/181/1011 11495/233/1011 11496/206/1011
f 11497/42/1012 11498/12/1012 11499/38/1012
f 11497/42/1012 11499/38/1012 11500/41/1012
f 11501/235/979 11502/214/979 11503/202/979
f 11501/235/979 11503/202/979 11504/230/979
s 1
f 11505/68/922 11506/73/922 11507/52/922
s 0
f 11505/68/545 11507/52/545 11508/36/545
f 11509/235/1273 11510/237/1273 11511/218/1273
f 11509/235/924 11511/218/924 11512/214/1277
f 11513/75/1013 11514/56/1013 11515/52/1013
f 11513/75/567 11515/52/567 11516/73/567
f 11517/1/1 11518/2/1 11519/171/1
f 11517/1/1 11519/171/1 11520/302/1
f 11521/307/1 11517/1/1 11520/302/1
f 11519/171/1 11522/173/1 11520/302/1
s 1
f 11523/24/525 11524/25/526 11525/308/527
f 11523/24/525 11525/308/527 11526/309/525
f 11524/25/526 11527/310/528 11525/308/527
f 11524/25/526 11528/29/529 11527/310/528
f 11528/29/529 11529/305/531 11527/310/528
f 11528/29/529 11530/31/531 11529/305/531
s 0
f 11531/201/3 11532/193/3 11533/280/3
f 11531/201/3 11533/280/3 11534/285/3
f 11535/12/717 11536/42/717 11537/311/717
f 11535/12/717 11537/311/717 11538/312/717
f 11539/313/534 11540/46/534 11541/24/534
f 11539/313/534 11541/24/534 11542/309/534
f 11543/36/834 11544/52/834 11545/314/834
f 11543/36/834 11545/314/834 11546/306/834
f 11547/314/571 11548/52/571 11549/56/571
s 1
f 11547/314/571 11549/56/571 11550/315/571
s 0
f 11551/297/89 11552/317/89 11553/316/89
f 11551/297/89 11553/316/89 11554/294/89
f 11552/317/89 11551/297/89 11555/318/89
f 11552/317/89 11555/318/89 11556/319/89
s 1
f 11557/190/835 11558/278/835 11559/277/837
f 11557/190/835 11559/277/837 11560/189/836
f 11560/189/836 11559/277/837 11561/279/838
f 11560/189/836 11561/279/838 11562/191/839
f 11562/191/839 11561/279/838 11563/280/840
f 11562/191/839 11563/280/840 11564/193/840
f 11565/195/91 11566/196/1014 11567/19/1014
f 11565/195/91 11567/19/1014 11568/16/91
f 11566/196/1014 11569/21/1015 11567/19/1014
f 11566/196/1014 11570/197/1015 11569/21/1015
f 11570/197/1015 11571/23/95 11569/21/1015
f 11570/197/1015 11572/198/471 11571/23/95
s 0
f 11573/202/2 11574/48/2 11575/23/2
f 11573/202/2 11575/23/2 11576/198/2
f 11577/36/106 11578/306/106 11579/305/106
f 11577/36/106 11579/305/106 11580/31/106
f 11581/178/844 11582/282/844 11583/281/844
f 11581/178/844 11583/281/844 11584/205/844
f 11585/181/96 11586/206/96 11587/41/96
f 11585/181/96 11587/41/96 11588/38/96
f 11589/283/846 11590/278/846 11591/190/846
f 11589/283/846 11591/190/846 11592/209/846
f 11593/210/413 11594/195/413 11595/16/413
f 11593/210/413 11595/16/413 11596/45/413
f 11597/201/848 11598/285/848 11599/284/848
f 11597/201/848 11599/284/848 11600/213/848
f 11601/202/98 11602/214/98 11603/51/98
f 11601/202/98 11603/51/98 11604/48/98
f 11605/284/849 11606/286/849 11607/217/849
f 11605/284/1278 11607/217/1278 11608/213/1278
f 11609/214/99 11610/218/99 11611/55/99
f 11609/214/99 11611/55/99 11612/51/99
s 1
f 11613/226/1016 11614/225/1017 11615/196/1018
f 11613/226/1016 11615/196/1018 11616/195/1016
f 11614/225/1017 11617/197/1279 11615/196/1018
f 11614/225/1017 11618/227/1280 11617/197/1279
f 11618/227/1280 11619/198/1021 11617/197/1279
f 11618/227/1280 11620/228/1021 11619/198/1021
f 11621/63/1023 11622/25/1024 11623/24/1281
f 11621/63/1023 11623/24/1281 11624/64/1281
f 11625/65/1282 11622/25/1024 11621/63/1023
f 11625/65/1282 11626/29/1027 11622/25/1024
f 11627/66/1028 11626/29/1027 11625/65/1282
f 11627/66/1028 11628/31/1028 11626/29/1027
s 0
f 11629/230/1029 11630/202/1029 11631/198/1029
f 11629/230/1283 11631/198/1283 11632/228/1283
f 11633/68/1031 11634/36/1031 11635/31/1031
f 11633/68/1032 11635/31/1032 11636/66/1032
f 11637/210/1033 11638/232/1033 11639/226/1033
f 11637/210/1033 11639/226/1033 11640/195/1033
f 11641/24/1034 11642/46/1034 11643/70/1034
f 11641/24/1034 11643/70/1034 11644/64/1034
f 11645/206/1284 11646/181/1284 11647/219/1284
f 11645/206/1036 11647/219/1036 11648/233/1036
f 11649/12/1037 11650/38/1037 11651/41/1037
f 11649/12/1037 11651/41/1037 11652/42/1037
f 11653/230/1038 11654/235/1038 11655/214/1038
f 11653/230/1285 11655/214/1285 11656/202/1285
f 11657/73/1039 11658/52/1039 11659/36/1039
f 11657/73/1286 11659/36/1286 11660/68/1286
f 11661/237/1041 11662/218/1041 11663/214/1041
f 11661/237/1042 11663/214/1042 11664/235/1042
f 11665/73/1043 11666/75/1043 11667/56/1043
f 11665/73/1044 11667/56/1044 11668/52/1044
f 11669/1/1 11670/2/1 11671/171/1
f 11669/1/1 11671/171/1 11672/302/1
f 11673/307/1 11669/1/1 11672/302/1
f 11671/171/1 11674/173/1 11672/302/1
s 1
f 11675/24/883 11676/25/882 11677/308/1247
f 11675/24/883 11677/308/1247 11678/309/883
f 11676/25/882 11679/310/884 11677/308/1247
f 11676/25/882 11680/29/885 11679/310/884
f 11680/29/885 11681/305/886 11679/310/884
f 11680/29/885 11682/31/886 11681/305/886
s 0
f 11683/201/3 11684/193/3 11685/280/3
f 11683/201/3 11685/280/3 11686/285/3
f 11687/12/887 11688/42/887 11689/311/887
f 11687/12/887 11689/311/887 11690/312/887
f 11691/313/888 11692/46/888 11693/24/888
f 11691/313/888 11693/24/888 11694/309/888
f 11695/36/889 11696/52/889 11697/314/889
f 11695/36/889 11697/314/889 11698/306/889
f 11699/314/890 11700/52/890 11701/56/890
f 11699/314/890 11701/56/890 11702/315/890
f 11703/297/89 11704/317/89 11705/316/89
f 11703/297/89 11705/316/89 11706/294/89
f 11704/317/89 11703/297/89 11707/318/89
f 11704/317/89 11707/318/89 11708/319/89
s 1
f 11709/190/606 11710/278/606 11711/277/608
f 11709/190/606 11711/277/608 11712/189/607
f 11712/189/607 11711/277/608 11713/279/609
f 11712/189/607 11713/279/609 11714/191/610
f 11714/191/610 11713/279/609 11715/280/611
f 11714/191/610 11715/280/611 11716/193/1046
f 11717/195/10 11718/196/1047 11719/19/1047
f 11717/195/10 11719/19/1047 11720/16/10
f 11718/196/1047 11721/21/1048 11719/19/1047
f 11718/196/1047 11722/197/1048 11721/21/1048
f 11722/197/1048 11723/23/13 11721/21/1048
f 11722/197/1048 11724/198/13 11723/23/13
s 0
f 11725/202/3 11726/48/3 11727/23/3
f 11725/202/3 11727/23/3 11728/198/3
f 11729/36/2 11730/306/2 11731/305/2
f 11729/36/2 11731/305/2 11732/31/2
f 11733/178/614 11734/282/614 11735/281/614
f 11733/178/614 11735/281/614 11736/205/614
f 11737/181/15 11738/206/15 11739/41/15
f 11737/181/15 11739/41/15 11740/38/15
f 11741/283/615 11742/278/615 11743/190/615
f 11741/283/615 11743/190/615 11744/209/615
f 11745/210/18 11746/195/18 11747/16/18
f 11745/210/18 11747/16/18 11748/45/18
f 11749/201/616 11750/285/616 11751/284/616
f 11749/201/616 11751/284/616 11752/213/616
f 11753/202/1049 11754/214/1049 11755/51/1049
f 11753/202/1049 11755/51/1049 11756/48/1049
f 11757/284/617 11758/286/617 11759/217/617
f 11757/284/617 11759/217/617 11760/213/617
f 11761/214/121 11762/218/121 11763/55/121
f 11761/214/121 11763/55/121 11764/51/121
s 1
f 11765/226/1051 11766/225/1052 11767/196/1053
f 11765/226/1051 11767/196/1053 11768/195/1054
f 11766/225/1052 11769/197/1055 11767/196/1053
f 11766/225/1052 11770/227/1056 11769/197/1055
f 11770/227/1056 11771/198/1287 11769/197/1055
f 11770/227/1056 11772/228/1287 11771/198/1287
f 11773/63/1288 11774/25/1059 11775/24/1060
f 11773/63/1288 11775/24/1060 11776/64/1060
f 11777/65/1061 11774/25/1059 11773/63/1288
f 11777/65/1061 11778/29/1062 11774/25/1059
f 11779/66/1063 11778/29/1062 11777/65/1061
f 11779/66/1063 11780/31/1063 11778/29/1062
f 11781/230/1289 11782/202/1289 11783/198/1289
s 0
f 11781/230/1064 11783/198/1064 11784/228/1064
f 11785/68/1066 11786/36/1066 11787/31/1066
f 11785/68/1290 11787/31/1290 11788/66/1290
f 11789/210/1291 11790/232/1291 11791/226/1291
f 11789/210/1096 11791/226/1096 11792/195/1096
f 11793/24/1070 11794/46/1070 11795/70/1070
s 1
f 11793/24/1098 11795/70/1292 11796/64/1098
s 0
f 11797/206/1072 11798/181/1072 11799/219/1072
f 11797/206/1073 11799/219/1073 11800/233/1073
f 11801/12/1074 11802/38/1074 11803/41/1074
f 11801/12/1075 11803/41/1075 11804/42/1075
s 1
f 11805/230/1293 11806/235/1293 11807/214/1293
s 0
f 11805/230/1077 11807/214/1077 11808/202/1077
f 11809/73/1294 11810/52/1294 11811/36/1294
s 1
f 11809/73/1295 11811/36/1296 11812/68/1296
s 0
f 11813/237/1081 11814/218/1081 11815/214/1297
f 11813/237/1298 11815/214/1299 11816/235/1298
f 11817/73/1300 11818/75/1085 11819/56/1085
f 11817/73/1086 11819/56/1086 11820/52/1086
f 11821/1/183 11822/2/183 11823/171/183
f 11821/1/1 11823/171/1 11824/302/1
f 11825/307/1 11821/1/1 11824/302/1
f 11823/171/1 11826/173/1 11824/302/1
s 1
f 11827/24/649 11828/25/648 11829/308/647
f 11827/24/649 11829/308/647 11830/309/649
f 11828/25/648 11831/310/650 11829/308/647
f 11828/25/648 11832/29/651 11831/310/650
f 11832/29/651 11833/305/652 11831/310/650
f 11832/29/651 11834/31/652 11833/305/652
s 0
f 11835/201/66 11836/193/66 11837/280/66
f 11835/201/66 11837/280/66 11838/285/66
f 11839/12/653 11840/42/653 11841/311/653
f 11839/12/653 11841/311/653 11842/312/653
f 11843/313/654 11844/46/654 11845/24/654
f 11843/313/654 11845/24/654 11846/309/654
f 11847/36/655 11848/52/655 11849/314/655
f 11847/36/655 11849/314/655 11850/306/655
f 11851/314/656 11852/52/656 11853/56/656
f 11851/314/656 11853/56/656 11854/315/656
f 11855/297/89 11856/317/89 11857/316/89
f 11855/297/89 11857/316/89 11858/294/89
f 11856/317/89 11855/297/89 11859/318/89
f 11856/317/89 11859/318/89 11860/319/89
s 1
f 11861/190/606 11862/278/606 11863/277/608
f 11861/190/606 11863/277/608 11864/189/607
f 11864/189/607 11863/277/608 11865/279/609
f 11864/189/607 11865/279/609 11866/191/610
f 11866/191/610 11865/279/609 11867/280/611
f 11866/191/610 11867/280/611 11868/193/611
f 11869/195/10 11870/196/1047 11871/19/1047
f 11869/195/10 11871/19/1047 11872/16/10
f 11870/196/1047 11873/21/1048 11871/19/1047
f 11870/196/1047 11874/197/1048 11873/21/1048
f 11874/197/1048 11875/23/13 11873/21/1048
f 11874/197/1048 11876/198/13 11875/23/13
s 0
f 11877/202/3 11878/48/3 11879/23/3
f 11877/202/3 11879/23/3 11880/198/3
f 11881/36/2 11882/306/2 11883/305/2
f 11881/36/2 11883/305/2 11884/31/2
f 11885/178/614 11886/282/614 11887/281/614
f 11885/178/614 11887/281/614 11888/205/614
f 11889/181/15 11890/206/15 11891/41/15
f 11889/181/15 11891/41/15 11892/38/15
f 11893/283/615 11894/278/615 11895/190/615
f 11893/283/615 11895/190/615 11896/209/615
f 11897/210/18 11898/195/18 11899/16/18
f 11897/210/18 11899/16/18 11900/45/18
f 11901/201/616 11902/285/616 11903/284/616
f 11901/201/616 11903/284/616 11904/213/616
f 11905/202/1049 11906/214/1049 11907/51/1049
f 11905/202/1049 11907/51/1049 11908/48/1049
f 11909/284/617 11910/286/617 11911/217/617
f 11909/284/617 11911/217/617 11912/213/617
f 11913/214/121 11914/218/121 11915/55/121
f 11913/214/121 11915/55/121 11916/51/121
s 1
f 11917/226/1088 11918/225/1089 11919/196/1090
f 11917/226/1088 11919/196/1090 11920/195/1088
f 11918/225/1089 11921/197/1055 11919/196/1090
f 11918/225/1089 11922/227/1056 11921/197/1055
f 11922/227/1056 11923/198/1057 11921/197/1055
f 11922/227/1056 11924/228/1057 11923/198/1057
f 11925/63/1058 11926/25/1059 11927/24/1060
f 11925/63/1058 11927/24/1060 11928/64/1060
f 11929/65/1091 11926/25/1059 11925/63/1058
f 11929/65/1091 11930/29/1092 11926/25/1059
f 11931/66/1063 11930/29/1092 11929/65/1091
f 11931/66/1063 11932/31/1063 11930/29/1092
f 11933/230/1289 11934/202/1289 11935/198/1289
s 0
f 11933/230/1064 11935/198/1064 11936/228/1064
s 1
f 11937/68/1290 11938/36/1290 11939/31/1301
s 0
f 11937/68/1302 11939/31/1302 11940/66/1302
s 1
f 11941/210/1291 11942/232/1291 11943/226/1291
s 0
f 11941/210/1096 11943/226/1096 11944/195/1096
s 1
f 11945/24/1303 11946/46/1097 11947/70/1304
f 11945/24/1303 11947/70/1304 11948/64/1098
s 0
f 11949/206/1072 11950/181/1072 11951/219/1072
f 11949/206/1073 11951/219/1073 11952/233/1073
f 11953/12/1074 11954/38/1074 11955/41/1074
f 11953/12/1075 11955/41/1075 11956/42/1075
f 11957/230/1293 11958/235/1293 11959/214/1293
f 11957/230/1077 11959/214/1077 11960/202/1077
f 11961/73/1294 11962/52/1294 11963/36/1294
f 11961/73/1079 11963/36/1079 11964/68/1079
f 11965/237/1081 11966/218/1081 11967/214/1297
f 11965/237/1298 11967/214/1298 11968/235/1298
f 11969/73/1101 11970/75/1101 11971/56/1101
f 11969/73/1305 11971/56/1306 11972/52/1086
f 11973/1/183 11974/2/183 11975/171/183
f 11973/1/1 11975/171/1 11976/302/1
f 11977/307/1 11973/1/1 11976/302/1
f 11975/171/1 11978/173/1 11976/302/1
s 1
f 11979/24/649 11980/25/648 11981/308/647
f 11979/24/649 11981/308/647 11982/309/649
f 11980/25/648 11983/310/650 11981/308/647
f 11980/25/648 11984/29/651 11983/310/650
f 11984/29/651 11985/305/652 11983/310/650
f 11984/29/651 11986/31/652 11985/305/652
s 0
f 11987/201/66 11988/193/66 11989/280/66
f 11987/201/66 11989/280/66 11990/285/66
f 11991/12/653 11992/42/653 11993/311/653
f 11991/12/653 11993/311/653 11994/312/653
f 11995/313/654 11996/46/654 11997/24/654
f 11995/313/654 11997/24/654 11998/309/654
f 11999/36/655 12000/52/655 12001/314/655
f 11999/36/655 12001/314/655 12002/306/655
f 12003/314/656 12004/52/656 12005/56/656
f 12003/314/656 12005/56/656 12006/315/656
f 12007/297/89 12008/317/89 12009/316/89
f 12007/297/89 12009/316/89 12010/294/89
f 12008/317/89 12007/297/89 12011/318/89
f 12008/317/89 12011/318/89 12012/319/89
s 1
f 12013/190/1102 12014/278/1102 12015/277/674
f 12013/190/1102 12015/277/674 12016/189/673
f 12016/189/673 12015/277/674 12017/279/675
f 12016/189/673 12017/279/675 12018/191/676
f 12018/191/676 12017/279/675 12019/280/677
f 12018/191/676 12019/280/677 12020/193/677
s 0
f 12021/178/1103 12022/282/1103 12023/281/1103
f 12021/178/1103 12023/281/1103 12024/205/1103
f 12025/283/680 12026/278/680 12027/190/680
f 12025/283/680 12027/190/680 12028/209/680
f 12029/201/779 12030/285/779 12031/284/779
f 12029/201/779 12031/284/779 12032/213/779
f 12033/284/682 12034/286/682 12035/217/682
f 12033/284/682 12035/217/682 12036/213/682
s 1
f 12037/225/1307 12038/288/1120 12039/287/1308
f 12037/225/1307 12039/287/1308 12040/226/1308
f 12041/227/1107 12038/288/1120 12037/225/1307
f 12041/227/1107 12042/289/1108 12038/288/1120
f 12043/228/1109 12042/289/1108 12041/227/1107
f 12043/228/1109 12044/290/1309 12042/289/1108
s 0
f 12045/230/906 12046/291/906 12047/290/906
f 12045/230/974 12047/290/1111 12048/228/1111
f 12049/235/918 12050/292/918 12051/291/918
f 12049/235/918 12051/291/918 12052/230/918
f 12053/235/1254 12054/237/1254 12055/293/998
f 12053/235/983 12055/293/983 12056/292/983
f 12057/201/3 12058/193/3 12059/280/3
f 12057/201/3 12059/280/3 12060/285/3
f 12061/294/89 12062/297/89 12063/296/89
f 12061/294/89 12063/296/89 12064/295/89
f 12065/298/89 12063/296/89 12062/297/89
f 12066/287/1114 12067/299/1114 12068/232/1114
f 12066/287/1115 12068/232/1115 12069/226/1115
f 12070/300/978 12071/219/978 12072/233/978
s 1
f 12070/300/1132 12072/233/1116 12073/301/1116
s 0
f 12074/303/1 12075/173/1 12076/302/1
f 12074/303/1 12076/302/1 12077/304/1
s 1
f 12078/190/91 12079/189/554 12080/277/90
f 12078/190/91 12080/277/90 12081/278/91
f 12079/189/554 12082/279/93 12080/277/90
f 12079/189/554 12083/191/555 12082/279/93
f 12083/191/555 12084/280/428 12082/279/93
f 12083/191/555 12085/193/428 12084/280/428
s 0
f 12086/178/556 12087/205/556 12088/281/556
f 12086/178/556 12088/281/556 12089/282/556
f 12090/190/430 12091/278/430 12092/283/430
f 12090/190/430 12092/283/430 12093/209/430
s 1
f 12094/201/557 12095/213/557 12096/284/557
s 0
f 12094/201/557 12096/284/557 12097/285/557
f 12098/217/559 12099/286/559 12100/284/559
f 12098/217/559 12100/284/559 12101/213/559
s 1
f 12102/226/1310 12103/287/1310 12104/288/1311
f 12102/226/1310 12104/288/1311 12105/225/1312
f 12105/225/1312 12104/288/1311 12106/289/1108
f 12105/225/1312 12106/289/1108 12107/227/1313
f 12107/227/1313 12106/289/1108 12108/290/1314
f 12107/227/1313 12108/290/1314 12109/228/1314
s 0
f 12110/290/975 12111/291/975 12112/230/975
f 12110/290/1124 12112/230/1124 12113/228/1124
f 12114/230/1315 12115/291/1315 12116/292/1315
f 12114/230/980 12116/292/1316 12117/235/980
f 12118/292/1126 12119/293/1317 12120/237/1126
s 1
f 12118/292/923 12120/237/1318 12121/235/923
s 0
f 12122/280/2 12123/193/2 12124/201/2
f 12122/280/2 12124/201/2 12125/285/2
f 12126/294/89 12127/295/89 12128/296/89
f 12126/294/89 12128/296/89 12129/297/89
f 12130/298/89 12129/297/89 12128/296/89
s 1
f 12131/226/1127 12132/232/909 12133/299/1115
s 0
f 12131/226/1127 12133/299/1127 12134/287/1127
f 12135/301/1130 12136/233/1130 12137/219/1130
f 12135/301/1011 12137/219/1011 12138/300/1011
f 12139/302/1 12140/173/1 12141/303/1
f 12139/302/1 12141/303/1 12142/304/1
s 1
f 12143/190/1102 12144/189/673 12145/277/674
f 12143/190/1102 12145/277/674 12146/278/1133
f 12144/189/673 12147/279/675 12145/277/674
f 12144/189/673 12148/191/676 12147/279/675
f 12148/191/676 12149/280/677 12147/279/675
f 12148/191/676 12150/193/677 12149/280/677
s 0
f 12151/178/1103 12152/205/1103 12153/281/1103
f 12151/178/1103 12153/281/1103 12154/282/1103
f 12155/190/680 12156/278/680 12157/283/680
f 12155/190/680 12157/283/680 12158/209/680
f 12159/201/779 12160/213/779 12161/284/779
f 12159/201/779 12161/284/779 12162/285/779
f 12163/217/682 12164/286/682 12165/284/682
f 12163/217/682 12165/284/682 12166/213/682
s 1
f 12167/287/1319 12168/288/1320 12169/225/1321
f 12167/287/1319 12169/225/1321 12170/226/1319
f 12168/288/1320 12171/227/1138 12169/225/1321
f 12168/288/1320 12172/289/1139 12171/227/1138
f 12172/289/1139 12173/228/1140 12171/227/1138
f 12172/289/1139 12174/290/1140 12173/228/1140
s 0
f 12175/290/828 12176/291/828 12177/230/1322
f 12175/290/791 12177/230/791 12178/228/791
f 12179/291/1323 12180/292/1323 12181/235/1323
f 12179/291/1324 12181/235/1324 12182/230/1324
f 12183/235/1234 12184/292/1234 12185/293/1234
s 1
f 12183/235/1325 12185/293/799 12186/237/1325
s 0
f 12187/280/3 12188/193/3 12189/201/3
f 12187/280/3 12189/201/3 12190/285/3
f 12191/294/89 12192/295/89 12193/296/89
f 12191/294/89 12193/296/89 12194/297/89
f 12195/298/89 12194/297/89 12193/296/89
f 12196/287/1326 12197/226/1326 12198/232/1326
f 12196/287/1327 12198/232/1327 12199/299/1327
s 1
f 12200/233/1151 12201/219/1150 12202/300/1328
f 12200/233/1151 12202/300/1328 12203/301/1151
s 0
f 12204/302/1 12205/173/1 12206/303/1
f 12204/302/1 12206/303/1 12207/304/1
s 1
f 12208/190/4 12209/278/4 12210/277/424
f 12208/190/4 12210/277/424 12211/189/588
f 12211/189/588 12210/277/424 12212/279/425
f 12211/189/588 12212/279/425 12213/191/589
f 12213/191/589 12212/279/425 12214/280/114
f 12213/191/589 12214/280/114 12215/193/114
s 0
f 12216/178/116 12217/282/116 12218/281/116
f 12216/178/116 12218/281/116 12219/205/116
f 12220/283/117 12221/278/117 12222/190/117
f 12220/283/117 12222/190/117 12223/209/117
s 1
f 12224/201/590 12225/285/590 12226/284/590
s 0
f 12224/201/590 12226/284/590 12227/213/590
f 12228/284/591 12229/286/591 12230/217/591
s 1
f 12228/284/591 12230/217/591 12231/213/591
f 12232/226/1319 12233/225/1153 12234/288/1135
f 12232/226/1319 12234/288/1135 12235/287/1319
f 12233/225/1153 12236/289/1139 12234/288/1135
f 12233/225/1153 12237/227/1156 12236/289/1139
f 12237/227/1156 12238/290/1158 12236/289/1139
f 12237/227/1156 12239/228/1158 12238/290/1158
s 0
f 12240/230/790 12241/291/790 12242/290/790
f 12240/230/699 12242/290/699 12243/228/699
f 12244/230/1160 12245/235/1160 12246/292/1160
f 12244/230/810 12246/292/810 12247/291/810
f 12248/237/1329 12249/293/1329 12250/292/1329
f 12248/237/714 12250/292/714 12251/235/714
f 12252/201/66 12253/193/66 12254/280/66
f 12252/201/66 12254/280/66 12255/285/66
f 12256/294/89 12257/297/89 12258/296/89
f 12256/294/89 12258/296/89 12259/295/89
f 12260/298/89 12258/296/89 12257/297/89
s 1
f 12261/299/1330 12262/232/1163 12263/226/1164
s 0
f 12261/299/1164 12263/226/1164 12264/287/1164
f 12265/301/1166 12266/300/1166 12267/219/1166
s 1
f 12265/301/1331 12267/219/1165 12268/233/1165
s 0
f 12269/303/1 12270/173/1 12271/302/1
f 12269/303/1 12271/302/1 12272/304/1
