# Blender 5.1.2
# www.blender.org
o Sponza_lions
v -1418.838135 714.056213 -48.852001
v -1423.702637 707.853271 -45.967899
v -1423.702637 713.226685 -52.775299
v -1418.467041 712.392090 -42.396599
v -1423.702637 706.794128 -38.840698
v -1408.514648 723.157898 -45.763599
v -1418.492676 711.945374 -38.840698
v -1413.068604 725.160522 -50.153400
v -1416.052734 726.793213 -54.681801
v -1410.872559 734.241577 -50.508701
v -1420.620117 715.869080 -58.945099
v -1405.801270 723.486877 -38.840698
v -1423.702393 712.650696 -61.251598
v -1405.548828 735.312927 -42.918499
v -1415.192627 747.052917 -41.908798
v -1408.514648 723.177002 -31.917700
v -1405.187744 736.200623 -38.840698
v -1405.548828 735.312927 -34.762901
v -1414.683105 746.744507 -38.840698
v -1415.192627 747.052917 -35.772598
v -1414.969238 750.379211 -38.840698
v -1410.872559 734.250427 -27.172701
v -1413.516357 751.011230 -33.591999
v -1416.493652 747.541626 -28.247000
v -1413.068604 725.186523 -27.528000
v -1418.467041 712.418213 -35.284698
v -1418.838135 714.094177 -28.829399
v -1416.052734 726.826721 -22.999500
v -1423.702637 707.890320 -31.713499
v -1423.702637 713.272888 -24.906000
v -1423.702393 534.198792 -30.502199
v -1420.620117 715.926086 -18.736300
v -1414.352295 737.059998 -22.490101
v -1410.288086 734.696472 -16.897600
v -1423.702393 534.759399 -23.912100
v -1423.702393 539.745117 -10.109300
v -1423.702393 712.714600 -16.429800
v -1406.216309 726.299805 -13.389400
v -1405.400391 716.648315 -9.676700
v -1423.702393 702.841980 -4.154500
v -1418.826416 537.945129 -8.647700
v -1414.797363 727.887329 -8.825900
v -1423.702637 551.383484 3.129100
v -1408.750488 732.340881 -13.341300
v -1414.107422 720.156128 -1.179400
v -1419.111328 548.822083 4.770100
v -1423.702637 561.181580 15.412700
v -1404.465820 707.222107 -1.639800
v -1423.702393 701.370605 10.234800
v -1418.458252 559.042725 17.352900
v -1404.097656 704.361694 9.103800
v -1423.702637 571.147827 24.896601
v -1423.702393 701.788818 17.247400
v -1413.959717 717.143127 10.554000
v -1404.539551 706.260315 18.248199
v -1423.702637 584.314697 32.741402
v -1415.162598 702.974976 20.371099
v -1408.555420 715.280273 26.461000
v -1417.293213 694.703430 24.201099
v -1404.732666 716.153870 24.937500
v -1411.812988 724.923401 16.143499
v -1418.540771 706.784180 32.308601
v -1423.702393 694.211975 22.437000
v -1420.499268 684.033630 29.268900
v -1410.447510 729.129272 23.791401
v -1422.729004 693.236023 38.003601
v -1419.316650 720.469421 33.264900
v -1414.682617 729.090210 25.582600
v -1416.149902 737.048218 18.010201
v -1423.940186 723.317383 47.914299
v -1411.049805 736.134827 17.332800
v -1408.716553 730.751770 12.548700
v -1422.741211 732.470825 30.832100
v -1414.756104 739.485413 7.988800
v -1420.574951 739.465271 27.364700
v -1422.921631 728.856323 39.494999
v -1409.459717 739.053589 8.033000
v -1408.822754 731.692017 7.016300
v -1408.251953 738.084473 0.175000
v -1409.704590 727.735413 4.765900
v -1409.172119 730.529785 -3.360200
v -1414.238770 738.652527 0.526300
v -1410.505859 719.847107 9.462400
v -1410.193359 721.798706 1.289800
v -1416.699219 732.554382 -5.207500
v -1414.608154 732.002014 -10.724400
v -1417.541748 738.874573 -8.132700
v -1414.901855 734.340088 -12.937800
v -1416.928223 736.192627 -9.635000
v -1411.902588 737.631714 -11.376200
v -1412.805908 741.315613 -13.613600
v -1416.079102 738.775574 -9.980300
v -1412.170654 741.183777 -10.146200
v -1419.646240 745.849670 -18.257500
v -1424.651611 748.585876 -17.952999
v -1424.649414 750.328186 -14.585400
v -1424.650391 750.558105 -21.377199
v -1413.106445 746.081177 -5.303200
v -1424.645264 752.877197 -8.550600
v -1417.451172 748.830078 -26.198500
v -1424.649902 751.270630 -25.183599
v -1424.647705 754.047485 -28.142700
v -1424.642578 752.738403 -0.194300
v -1419.749756 743.895813 -3.541900
v -1411.820801 748.041687 2.136500
v -1424.640625 750.150085 10.155700
v -1416.960938 746.070923 3.363000
v -1411.611084 746.454102 10.574300
v -1424.643066 747.076111 19.063801
v -1416.074463 745.273315 10.499200
v -1411.632812 744.726013 17.678499
v -1411.988037 743.166870 23.993200
v -1416.122314 743.465576 17.395201
v -1424.644775 744.461792 25.851900
v -1410.112793 741.848389 21.974600
v -1419.235840 740.040527 22.499201
v -1411.310303 738.892578 24.576200
v -1409.577393 740.045776 29.892300
v -1410.203369 739.229126 27.391199
v -1424.644775 743.543213 30.113199
v -1412.832520 736.020081 31.612301
v -1420.082275 737.266296 31.650700
v -1409.222412 736.176575 32.743301
v -1410.607666 739.798218 33.758900
v -1424.645264 742.008728 34.144299
v -1414.462402 732.441711 36.379200
v -1421.918457 734.268188 35.739300
v -1410.278809 736.401489 37.290001
v -1421.051514 734.345398 40.013100
v -1414.917969 733.074890 39.902000
v -1412.362061 739.346497 37.310501
v -1412.492432 739.701782 38.366699
v -1424.644043 740.993713 40.033401
v -1411.410645 737.470581 40.951801
v -1424.643799 738.962585 44.839600
v -1414.258057 735.490479 41.761299
v -1416.635010 735.710571 42.482800
v -1410.364014 735.696411 43.374699
v -1415.885010 731.631714 46.628399
v -1411.112793 736.037781 49.172600
v -1410.604248 731.021179 47.435101
v -1418.487549 725.898926 50.218800
v -1421.119141 720.100891 51.769100
v -1412.679932 724.503174 50.644299
v -1409.311279 730.515686 52.403702
v -1415.728760 717.651123 52.275299
v -1408.930176 721.150574 55.716000
v -1409.644287 728.485474 56.383598
v -1423.730957 716.035095 52.789200
v -1418.230957 713.009277 54.634998
v -1414.205566 712.011230 58.467899
v -1408.691895 718.405273 59.849201
v -1420.485352 708.261230 58.129501
v -1423.348389 708.801025 57.832600
v -1414.252441 710.272278 62.311699
v -1421.340088 705.524719 60.628899
v -1421.372559 697.012817 59.646198
v -1420.119873 706.006775 62.330299
v -1421.289551 703.131714 62.846100
v -1418.988525 700.051819 64.230103
v -1421.251465 688.195374 56.280701
v -1416.152588 711.138184 63.804100
v -1419.243164 693.811096 61.391602
v -1422.911377 680.166870 45.704498
v -1412.368164 695.997681 65.474701
v -1419.959961 686.351074 58.433800
v -1412.937988 691.083374 62.914200
v -1421.118408 677.400208 54.365601
v -1414.411865 684.571411 60.622002
v -1420.359375 676.495789 56.667702
v -1420.288574 667.821228 53.199699
v -1419.256836 668.277710 55.875198
v -1415.176758 675.693726 58.746700
v -1416.948242 675.605713 66.674103
v -1416.404053 667.881409 58.088799
v -1413.824219 684.869812 67.164299
v -1413.070068 692.049377 69.694702
v -1414.589844 663.502380 55.689098
v -1416.051758 665.596191 62.716000
v -1412.703125 698.966675 68.252899
v -1412.611328 693.971802 72.347000
v -1418.069092 704.041016 67.188301
v -1412.220459 699.669983 71.717499
v -1418.249512 705.898499 70.941101
v -1412.712158 699.288574 74.601700
v -1416.225830 690.668396 72.094803
v -1417.290527 685.286926 68.790901
v -1412.307861 686.943787 74.292198
v -1416.757568 684.328613 70.573402
v -1421.680664 676.207886 67.911697
v -1418.186523 662.172791 67.380600
v -1420.871826 674.637573 71.811096
v -1412.786377 661.634094 61.805901
v -1421.916992 661.285095 68.715897
v -1421.477539 665.567810 75.415497
v -1412.211182 656.862488 67.141403
v -1411.941406 651.392212 56.585201
v -1418.744873 653.900879 73.725899
v -1411.222656 652.044189 61.064701
v -1411.294434 648.562317 65.211502
v -1417.611328 643.784119 58.237598
v -1411.451172 647.355225 71.542503
v -1410.729736 641.821228 68.379700
v -1418.127197 633.727417 76.711601
v -1413.948730 629.274475 74.875504
v -1421.238770 636.553528 63.453602
v -1412.407715 627.051392 69.875900
v -1413.750732 607.485596 73.684799
v -1417.797363 656.185486 79.091400
v -1424.648926 640.099976 83.628403
v -1424.651367 622.224915 81.575600
v -1424.648926 657.080078 83.375397
v -1424.653320 607.057190 76.790199
v -1419.555176 661.618530 79.472099
v -1424.655273 583.924194 68.686401
v -1424.648193 663.270203 83.584198
v -1407.871338 583.675781 62.319801
v -1410.636719 666.838684 82.386002
v -1424.656494 564.713928 59.181801
v -1424.643799 670.960693 85.705101
v -1411.816895 664.741394 78.703102
v -1412.086426 668.687378 75.281898
v -1409.875732 674.845276 78.412399
v -1410.813477 675.924805 72.797897
v -1408.825684 677.505188 74.867500
v -1411.138672 683.320984 71.874100
v -1411.496338 682.267578 77.082497
v -1409.313965 676.053772 80.121597
v -1410.521240 672.908508 84.186096
v -1411.340820 679.920776 84.062500
v -1424.639893 681.192871 85.072403
v -1410.425293 681.950500 80.138901
v -1412.653809 688.243774 81.537598
v -1424.637695 689.814087 82.579300
v -1411.864502 688.260803 78.176804
v -1411.998291 693.906616 78.898102
v -1424.637207 695.819580 80.222702
v -1411.646973 692.764771 75.538803
v -1417.776123 697.946472 78.334999
v -1424.635010 698.270020 81.019997
v -1420.858398 701.837524 76.952202
v -1417.269531 700.209717 79.342499
v -1418.782959 704.373413 73.616898
v -1420.019775 701.874573 78.679398
v -1417.937500 705.578796 75.460197
v -1416.111328 703.693726 81.718803
v -1424.631104 702.058289 83.519501
v -1424.628662 710.329285 83.741302
v -1416.243896 704.883728 80.354103
v -1416.367432 710.328674 82.059097
v -1424.627930 714.836121 82.538002
v -1417.575928 705.714905 79.243301
v -1415.874023 710.947083 79.902100
v -1415.645508 714.628723 79.967598
v -1416.539551 718.834412 77.994904
v -1415.394043 715.491882 77.921303
v -1424.631104 715.885620 77.001404
v -1424.632080 710.700623 78.531601
v -1424.630371 719.311218 76.414902
v -1424.627686 721.022522 80.249298
v -1424.630127 722.957092 74.782799
v -1424.630615 721.595825 74.724197
v -1424.628662 724.762512 76.324898
v -1417.467041 708.412109 75.485802
v -1424.635254 710.297302 75.127502
v -1415.764160 712.591980 73.745201
v -1424.634521 713.225281 74.326103
v -1424.635498 718.037476 71.178902
v -1414.160156 704.906372 73.915802
v -1414.228516 717.489929 70.568398
v -1424.637207 722.775513 66.751099
v -1412.676270 710.815918 72.190102
v -1411.058838 708.020874 70.671997
v -1414.433838 714.608826 67.044502
v -1409.149902 714.837097 66.480598
v -1411.403564 716.114929 69.429199
v -1412.539795 722.490417 65.691803
v -1411.812988 715.035217 62.820400
v -1414.135010 720.608887 62.988499
v -1410.561035 723.215820 60.280102
v -1411.520996 723.409485 62.034698
v -1409.004395 724.901672 60.047501
v -1410.356689 725.963074 61.087700
v -1408.118652 729.715027 56.759602
v -1413.849854 726.540588 62.132198
v -1424.638184 727.317871 62.976200
v -1424.638672 732.533691 59.541599
v -1412.096924 729.065674 60.723999
v -1413.988770 732.727295 58.982201
v -1424.640869 738.264771 51.308399
v -1408.436523 731.065125 58.016800
v -1413.741455 737.795471 50.566502
v -1424.642822 739.490906 46.082901
v -1411.429688 737.192017 49.677101
v -1405.400146 716.573425 -68.004601
v -1406.216309 726.244629 -64.292000
v -1423.702393 702.750488 -73.526802
v -1410.288086 734.664185 -60.783699
v -1423.702393 539.776428 -67.572098
v -1414.797363 727.824524 -68.855400
v -1423.702393 534.759399 -53.769299
v -1423.702393 534.198792 -47.179199
v -1418.826416 537.976074 -69.033699
v -1423.702393 533.044617 -38.840698
v -1418.140137 529.971985 -53.235802
v -1403.669434 528.722229 -43.841499
v -1409.206055 526.401672 -49.907398
v -1403.155518 527.914978 -38.840698
v -1403.669434 528.722229 -33.839802
v -1405.496582 524.284485 -43.535000
v -1405.775635 523.409729 -38.840698
v -1405.496582 524.284485 -34.146400
v -1409.206055 526.401672 -27.774000
v -1418.140137 529.971985 -24.445499
v -1408.487549 519.839600 -38.840698
v -1407.365967 521.936401 -31.021099
v -1407.983643 520.448425 -25.116600
v -1402.168701 511.274200 -33.275799
v -1417.709717 516.720276 -11.543800
v -1407.365967 521.936401 -46.660301
v -1402.168701 511.274200 -44.405602
v -1407.983643 520.448425 -52.564701
v -1417.709717 516.720276 -66.137497
v -1401.679932 510.627594 -53.003399
v -1410.026123 504.946198 -38.840698
v -1402.860840 503.919708 -53.069099
v -1406.900635 501.779602 -45.032001
v -1408.711182 503.829315 -63.251301
v -1424.650391 498.182587 -56.286900
v -1424.649902 497.240387 -50.048000
v -1424.651611 500.870605 -66.006798
v -1424.652588 502.721008 -69.044296
v -1424.651855 503.961212 -73.085602
v -1411.361816 495.899414 -43.673302
v -1424.645264 494.448212 -46.923401
v -1410.790771 497.317108 -38.840698
v -1415.018555 494.140289 -38.840698
v -1424.643311 493.047211 -38.840698
v -1424.645264 494.448212 -30.757999
v -1411.361816 495.899414 -34.008099
v -1424.649902 497.240387 -27.633400
v -1406.900635 501.779602 -32.649399
v -1424.650391 498.182587 -21.394501
v -1402.860840 503.919708 -24.612200
v -1401.679932 510.627594 -24.677999
v -1408.711182 503.829315 -14.430100
v -1424.651611 500.870605 -11.674500
v -1424.652588 502.721008 -8.637100
v -1424.651855 503.961212 -4.595800
v -1406.661377 508.456909 -4.514900
v -1410.047852 516.905029 -3.099000
v -1414.816895 507.135315 0.509000
v -1424.652344 505.829895 0.675800
v -1413.058594 511.285400 -0.056100
v -1419.472656 509.752197 4.282900
v -1424.654785 509.414886 4.658300
v -1424.658691 514.067871 4.605300
v -1424.660400 515.235229 1.833300
v -1424.660645 514.275879 -2.023800
v -1424.663818 524.934082 4.128300
v -1411.451416 528.265320 3.604000
v -1424.663330 532.078003 12.103800
v -1418.843262 530.699097 -2.380300
v -1410.999512 537.147217 12.753200
v -1424.662109 534.397217 20.432301
v -1416.506836 541.986023 10.125600
v -1408.614990 540.448486 21.587700
v -1424.659912 534.435425 25.427999
v -1417.931396 549.524597 24.491100
v -1406.983154 540.539795 28.253500
v -1408.381836 537.443726 31.863501
v -1424.657227 532.100281 28.181700
v -1424.655029 533.310974 32.920502
v -1424.654541 538.990295 40.990501
v -1420.040283 543.836121 32.912498
v -1407.766602 542.966919 38.415798
v -1424.655029 548.443787 48.993198
v -1421.402344 548.987915 39.226501
v -1408.448486 553.390076 46.650600
v -1415.813721 564.331787 32.983200
v -1420.590576 557.152710 46.251999
v -1409.672363 566.195129 54.616501
v -1420.769775 570.206421 52.928001
v -1419.406006 570.480774 27.525400
v -1420.927979 579.423523 41.123798
v -1418.630127 584.541504 35.908001
v -1423.702637 600.239380 37.771599
v -1419.848633 588.307373 60.667500
v -1408.505859 606.450378 68.556801
v -1423.702637 683.625122 27.887800
v -1421.536865 608.936279 65.859398
v -1420.605225 597.525330 47.114799
v -1423.181885 626.413330 66.006599
v -1420.917725 613.551025 50.809200
v -1421.154785 600.784180 40.518101
v -1423.161621 630.871582 57.184299
v -1423.702637 617.626526 41.480499
v -1421.812744 617.782288 43.601898
v -1418.443848 624.905579 52.725101
v -1423.702637 670.409424 33.143398
v -1423.702393 640.626587 41.445400
v -1418.568604 633.846375 44.610802
v -1422.059570 670.512085 35.121399
v -1423.702393 652.919189 40.825802
v -1419.095947 664.091187 46.910801
v -1415.397705 659.715881 47.431599
v -1415.656738 646.330200 43.745300
v -1411.841797 648.992310 52.418800
v -1411.432861 641.134399 49.605999
v -1413.120361 633.244019 49.594299
v -1415.109375 635.662720 52.878700
v -1415.254395 638.868530 56.133900
v -1415.499268 627.810425 52.833401
v -1417.583252 630.504883 55.815899
v -1414.352295 737.046326 -55.191200
v -1416.493652 747.541626 -49.434399
v -1419.646240 745.849182 -59.423901
v -1413.516357 751.011230 -44.089298
v -1413.300537 750.852112 -48.189499
v -1409.793701 750.934814 -38.840698
v -1417.451172 748.830078 -51.482800
v -1409.146240 751.249023 -44.658100
v -1412.756348 752.625122 -48.987499
v -1406.669434 752.758301 -38.840698
v -1424.647705 754.047485 -49.538601
v -1424.649902 751.270630 -52.497799
v -1424.650391 750.558105 -56.304100
v -1424.644775 757.372681 -46.762100
v -1424.651611 748.585876 -59.728401
v -1409.002930 753.498413 -44.856201
v -1424.644287 758.553101 -38.840698
v -1409.002930 753.498413 -32.825199
v -1424.644775 757.372681 -30.919300
v -1409.146240 751.249023 -33.023300
v -1412.756348 752.625122 -28.693899
v -1413.300537 750.852112 -29.491800
v -1415.162598 702.841675 -98.052498
v -1404.539551 706.131226 -95.929604
v -1423.702393 701.661987 -94.928703
v -1408.555420 715.142578 -104.142403
v -1404.097656 704.246887 -86.785202
v -1418.540527 706.593872 -109.989899
v -1413.959717 717.030884 -88.235397
v -1404.732666 716.019470 -102.618896
v -1404.465820 707.126282 -76.041496
v -1410.447510 729.010071 -101.472801
v -1423.702393 701.254700 -87.916199
v -1411.812988 724.810120 -93.824799
v -1414.682617 728.968506 -103.264000
v -1414.107422 720.067688 -76.501999
v -1410.193359 721.707581 -78.971100
v -1410.505859 719.739197 -87.143700
v -1409.172119 730.460327 -74.321098
v -1409.704346 727.645813 -82.447304
v -1416.699219 732.492615 -72.473900
v -1408.716553 730.653076 -90.230003
v -1408.822754 731.604614 -84.697601
v -1408.251953 738.022827 -77.856400
v -1411.049805 736.037720 -95.014099
v -1409.459473 738.978882 -85.714302
v -1416.149902 736.952026 -95.691597
v -1414.238770 738.591187 -78.207603
v -1414.756104 739.411621 -85.670097
v -1416.960938 746.022583 -81.044403
v -1417.541748 738.832214 -69.548599
v -1419.749756 743.856384 -74.139503
v -1413.106445 746.050781 -72.378197
v -1416.074463 745.208984 -88.180603
v -1416.122314 743.384827 -95.076500
v -1419.235840 739.944214 -100.180603
v -1420.574951 739.361084 -105.046097
v -1410.112793 741.756409 -99.655998
v -1411.632812 744.647705 -95.359802
v -1411.611084 746.392700 -88.255699
v -1411.820801 748.001221 -79.817902
v -1424.643066 747.003601 -96.745201
v -1424.640625 750.101685 -87.836998
v -1424.642334 752.718872 -77.487099
v -1424.645264 752.876587 -69.130798
v -1424.649414 750.328186 -63.095901
v -1411.988037 743.075012 -101.674599
v -1424.644775 744.372314 -103.533203
v -1412.170654 741.151184 -67.535103
v -1409.577393 739.938721 -107.573700
v -1424.644775 743.445679 -107.794601
v -1411.310303 738.790100 -102.257500
v -1410.203369 739.123413 -105.072601
v -1412.832520 735.902405 -109.293701
v -1410.607666 739.685730 -111.440300
v -1424.645264 741.902588 -111.825699
v -1409.222412 736.057922 -110.424698
v -1414.462402 732.311890 -114.060600
v -1420.082275 737.151917 -109.332001
v -1422.741211 732.349182 -108.513397
v -1421.918457 734.143677 -113.420601
v -1419.316650 720.327881 -110.946198
v -1422.921631 728.719299 -117.176399
v -1421.051270 734.216370 -117.694397
v -1423.940186 723.127075 -125.595703
v -1415.885010 731.491028 -124.309799
v -1414.917969 732.942627 -117.583397
v -1416.635010 735.580811 -120.164200
v -1410.278809 736.278015 -114.971397
v -1414.258057 735.360779 -119.442703
v -1412.362061 739.228882 -114.991898
v -1412.492432 739.583923 -116.048103
v -1424.644043 740.878784 -117.714699
v -1411.410645 737.345520 -118.633102
v -1424.643799 738.838989 -122.520897
v -1410.364014 735.565613 -121.056000
v -1411.112793 735.903015 -126.853996
v -1410.604248 730.878723 -125.116501
v -1412.679932 724.330078 -128.325699
v -1409.311279 730.393616 -130.085098
v -1411.429688 737.059021 -127.358398
v -1424.642578 739.367371 -123.764198
v -1409.644287 728.583618 -134.065002
v -1418.487549 725.737793 -127.900101
v -1408.929932 721.205078 -133.397293
v -1415.728760 717.565125 -129.956696
v -1421.119141 720.065979 -129.450394
v -1423.730957 715.939087 -130.470505
v -1414.205566 711.928589 -136.149200
v -1418.230957 712.880676 -132.316406
v -1408.691650 718.487122 -137.530594
v -1420.485352 708.111084 -135.810898
v -1423.348389 708.659424 -135.514008
v -1414.252441 710.226624 -139.993103
v -1421.340088 705.370117 -138.310303
v -1420.119873 705.885376 -140.011597
v -1421.372559 696.758789 -137.327606
v -1421.289551 702.972717 -140.527496
v -1418.988281 699.866821 -141.911407
v -1422.729004 692.904907 -115.684898
v -1416.152588 711.143921 -141.485504
v -1411.812988 715.106689 -140.501801
v -1410.561035 723.437805 -137.961502
v -1418.069092 703.957703 -144.869598
v -1418.249512 705.914917 -148.622498
v -1414.433594 714.765686 -144.725800
v -1414.135010 720.835571 -140.669800
v -1409.149902 714.975891 -144.162003
v -1411.520996 723.683228 -139.716095
v -1410.356689 726.279419 -138.769104
v -1409.004395 725.158386 -137.728897
v -1408.118652 729.714478 -134.440994
v -1408.436523 731.093018 -135.698105
v -1412.096924 729.461792 -138.405396
v -1413.741455 737.663208 -128.247894
v -1424.640869 738.134888 -128.989700
v -1413.988770 732.730225 -136.663605
v -1424.638672 732.749512 -137.222900
v -1413.849854 726.908630 -139.813599
v -1424.638184 727.738525 -140.657501
v -1424.637207 723.161926 -144.432495
v -1412.539551 722.831909 -143.373199
v -1414.228516 717.804871 -148.249802
v -1424.635498 718.387573 -148.860306
v -1411.403320 716.358887 -147.110596
v -1415.764160 712.832886 -151.426605
v -1424.634521 713.498413 -152.007507
v -1412.676270 710.971619 -149.871506
v -1417.467041 708.568787 -153.167099
v -1411.058838 708.072571 -148.353394
v -1414.160156 704.943298 -151.597198
v -1417.937500 705.660828 -153.141602
v -1418.782959 704.397827 -151.298203
v -1412.220459 699.566223 -149.398895
v -1420.858154 701.853271 -154.633499
v -1412.703125 698.809387 -145.934296
v -1412.712158 699.215576 -152.283096
v -1412.611328 693.804626 -150.028397
v -1412.368164 695.780518 -143.156097
v -1417.776123 697.898193 -156.016403
v -1419.243164 693.561890 -139.072906
v -1413.070068 691.850708 -147.376007
v -1412.937988 690.842407 -140.595596
v -1421.251221 687.963684 -133.962097
v -1419.959961 686.147217 -136.115204
v -1413.824219 684.695679 -144.845596
v -1422.911377 680.110779 -123.385902
v -1421.118408 677.393494 -132.046997
v -1414.411865 684.394287 -138.303406
v -1420.359375 676.505981 -134.349106
v -1420.288574 668.109924 -130.881104
v -1415.176758 675.720520 -136.427994
v -1416.948242 675.603577 -144.355499
v -1419.256836 668.536682 -133.556503
v -1416.404053 668.142578 -135.770096
v -1414.589600 663.923828 -133.370499
v -1416.051514 665.895630 -140.397400
v -1417.290527 685.112671 -146.472198
v -1421.680420 676.185120 -145.593002
v -1416.225830 690.485413 -149.776199
v -1416.757568 684.167114 -148.254807
v -1412.307861 686.771729 -151.973602
v -1411.646973 692.614014 -153.220093
v -1411.998047 693.796021 -156.579498
v -1411.864502 688.103882 -155.858200
v -1411.496338 682.132629 -154.763794
v -1411.138672 683.171387 -149.555405
v -1408.825684 677.440430 -152.548798
v -1410.813477 675.896118 -150.479294
v -1409.875732 674.815430 -156.093704
v -1420.871826 674.633789 -149.492493
v -1412.086426 668.809021 -152.963303
v -1421.477539 665.754028 -153.096802
v -1411.816895 664.932373 -156.384506
v -1410.636719 666.947998 -160.067398
v -1419.555176 661.868530 -157.153503
v -1421.916992 661.648987 -146.397202
v -1418.744873 654.424683 -151.407303
v -1418.186279 662.531311 -145.061996
v -1412.211182 657.391418 -144.822800
v -1412.786133 662.068481 -139.487305
v -1411.222656 652.785217 -138.746002
v -1411.941406 652.197571 -134.266602
v -1411.294434 649.357727 -142.892899
v -1417.611084 644.779114 -135.919006
v -1411.451172 648.102295 -149.223907
v -1410.729492 642.758179 -146.061005
v -1418.127197 634.711609 -154.392899
v -1421.238770 637.655823 -141.134903
v -1413.948730 630.390076 -152.556793
v -1412.407715 628.288696 -147.557297
v -1413.750732 608.909729 -151.366104
v -1417.797363 656.583313 -156.772705
v -1424.648926 640.814209 -161.309799
v -1424.648926 657.389526 -161.056702
v -1424.651367 623.320618 -159.257004
v -1424.648193 663.431030 -161.265503
v -1424.653320 608.401794 -154.471497
v -1424.655029 585.310913 -146.367706
v -1424.643799 670.949097 -163.386505
v -1407.871338 585.154175 -140.001205
v -1410.521240 672.883484 -161.867401
v -1424.656494 565.571228 -136.863098
v -1411.340820 679.803528 -161.743896
v -1424.639893 681.064392 -162.753799
v -1409.313965 675.996216 -157.802902
v -1410.425293 681.818970 -157.820297
v -1412.653809 688.102295 -159.218903
v -1424.637451 689.691528 -160.260696
v -1424.636963 695.754700 -157.904099
v -1424.635010 698.257812 -158.701401
v -1417.269531 700.218384 -157.023895
v -1420.019775 701.913696 -156.360794
v -1416.111328 703.817017 -159.400208
v -1424.631104 702.161316 -161.200897
v -1424.628418 710.677002 -161.422607
v -1416.243896 705.020325 -158.035507
v -1416.367432 710.651428 -159.740494
v -1424.627930 715.310303 -160.219299
v -1417.575684 705.858582 -156.924698
v -1415.874023 711.252686 -157.583496
v -1424.632080 710.975586 -156.212906
v -1424.635254 710.500977 -152.808807
v -1424.631104 716.291382 -154.682800
v -1415.645508 715.050903 -157.649002
v -1415.393799 715.902283 -155.602707
v -1416.539307 719.353882 -155.676300
v -1424.630371 719.812622 -154.096298
v -1424.627686 721.657288 -157.930603
v -1424.630127 723.537415 -152.464203
v -1424.630615 722.132385 -152.405502
v -1424.628418 725.433716 -154.006302
v -1414.608154 731.950500 -66.957001
v -1408.750488 732.295898 -64.339996
v -1416.927979 736.147522 -68.046303
v -1414.901855 734.298096 -64.743599
v -1416.079102 738.737000 -67.700996
v -1411.902588 737.593384 -66.305199
v -1412.805908 741.291199 -64.067703
v -1419.095947 664.544922 -124.592102
v -1422.059326 670.801270 -112.802803
v -1415.397705 660.321594 -125.112999
v -1420.499268 683.917175 -106.950203
v -1423.702393 653.768799 -118.507103
v -1411.841553 649.909790 -130.100098
v -1415.656738 647.386414 -121.426697
v -1415.109375 636.925293 -130.560104
v -1411.432861 642.299622 -127.287300
v -1418.568604 635.206726 -122.292198
v -1423.702393 641.825623 -119.126701
v -1423.702637 670.708618 -110.824699
v -1413.120361 634.595398 -127.275597
v -1415.499268 629.234985 -130.514694
v -1418.443848 626.371826 -130.406403
v -1421.812500 619.395874 -121.283302
v -1423.702637 619.241272 -119.161797
v -1423.702637 683.526672 -105.569199
v -1421.154785 602.471313 -118.199402
v -1423.702637 601.909119 -115.453003
v -1423.702393 694.227112 -100.118301
v -1417.293213 694.699524 -101.882500
v -1423.702637 585.721191 -110.422798
v -1418.630127 586.010681 -113.589302
v -1423.702637 571.862610 -102.578003
v -1419.406006 571.255188 -105.206703
v -1420.605225 599.189209 -124.796204
v -1423.702637 561.302307 -93.094101
v -1418.458252 559.166321 -95.034302
v -1423.702637 551.469421 -80.810501
v -1419.111328 548.908020 -82.451401
v -1415.813721 564.848389 -110.664597
v -1416.506836 542.068481 -87.806999
v -1420.927979 580.784180 -118.805099
v -1417.931396 549.647705 -102.172501
v -1420.769775 571.311279 -130.609299
v -1419.848633 589.832397 -138.348801
v -1420.590576 557.408691 -123.933296
v -1421.536865 610.430115 -143.540802
v -1421.402344 549.129028 -116.907898
v -1409.672363 567.156921 -132.297806
v -1408.505859 607.960510 -146.238098
v -1408.448486 553.546814 -124.332001
v -1424.655029 548.592529 -126.674599
v -1407.766602 543.096802 -116.097198
v -1424.654541 539.111694 -118.671799
v -1408.381836 537.551819 -109.544800
v -1424.654785 533.406799 -110.601898
v -1424.657227 532.185486 -105.863098
v -1424.659912 534.523315 -103.109398
v -1420.040283 543.960205 -110.593903
v -1406.983154 540.650330 -105.934898
v -1408.614990 540.548523 -99.269096
v -1424.662109 534.476685 -98.113701
v -1410.999512 537.222778 -90.434502
v -1424.663330 532.135193 -89.785202
v -1411.451416 528.294983 -81.285301
v -1424.663818 524.950989 -81.809700
v -1410.047852 516.905029 -74.582397
v -1418.843262 530.723022 -75.301003
v -1424.660645 514.275879 -75.657600
v -1413.058594 511.285400 -77.625298
v -1424.660400 515.235229 -79.514603
v -1406.661377 508.456909 -73.166496
v -1424.658691 514.067871 -82.286697
v -1414.816895 507.135315 -78.190300
v -1424.652344 505.829895 -78.357101
v -1419.472656 509.752197 -81.964203
v -1424.654785 509.414886 -82.339699
v -1423.161621 632.163879 -134.865601
v -1415.254395 640.020691 -133.815201
v -1417.583252 631.841614 -133.497299
v -1423.181885 627.681030 -143.687897
v -1420.917480 615.163879 -128.490494
v -1417.467041 708.568787 -153.167099
v -1424.635254 710.500977 -152.808807
v -1424.634521 713.498413 -152.007507
v -1417.467041 708.412109 75.485802
v -1424.634521 713.225281 74.326103
v -1424.635254 710.297302 75.127502
v 1294.180786 261.827606 -25.907900
v 1299.045288 255.624802 -28.792000
v 1299.045288 260.998199 -21.984600
v 1293.809692 260.163513 -32.363300
v 1299.045288 254.565506 -35.919201
v 1283.857422 270.929291 -28.996201
v 1293.835327 259.716888 -35.919201
v 1288.411255 272.931885 -24.606501
v 1291.395386 274.564606 -20.077999
v 1286.215210 282.013000 -24.251200
v 1295.962769 263.640503 -15.814800
v 1281.143799 271.258301 -35.919201
v 1299.045166 260.422089 -13.508300
v 1280.891602 283.084290 -31.841400
v 1290.535400 294.824188 -32.851101
v 1283.857422 270.948395 -42.842201
v 1280.530396 283.971985 -35.919201
v 1280.891602 283.084290 -39.997002
v 1290.025635 294.515991 -35.919201
v 1290.535400 294.824188 -38.987301
v 1290.312012 298.150604 -35.919201
v 1286.215210 282.021790 -47.587200
v 1288.859009 298.782593 -41.167801
v 1291.836182 295.312988 -46.512901
v 1288.411255 272.957886 -47.231899
v 1293.809692 260.189606 -39.475201
v 1294.180786 261.865692 -45.930500
v 1291.395386 274.598114 -51.760399
v 1299.045288 255.661697 -43.046398
v 1299.045288 261.044403 -49.853802
v 1299.045166 81.970200 -44.257702
v 1295.962769 263.697510 -56.023602
v 1289.694946 284.831390 -52.269798
v 1285.630615 282.467896 -57.862202
v 1299.045166 82.530800 -50.847801
v 1299.045166 87.516502 -64.650597
v 1299.045166 260.486115 -58.330101
v 1281.558838 274.071198 -61.370499
v 1280.742920 264.419586 -65.083199
v 1299.045044 250.613495 -70.605400
v 1294.168945 85.716499 -66.112198
v 1290.140137 275.658691 -65.933998
v 1299.045166 99.154900 -77.889000
v 1284.093018 280.112305 -61.418598
v 1289.449951 267.927490 -73.580498
v 1294.453857 96.593597 -79.529900
v 1299.045166 108.953003 -90.172600
v 1279.808472 254.993500 -73.120102
v 1299.045044 249.141998 -84.994698
v 1293.801025 106.814102 -92.112801
v 1279.440308 252.133102 -83.863701
v 1299.045166 118.919197 -99.656502
v 1299.045044 249.560196 -92.007301
v 1289.302368 264.914612 -85.313904
v 1279.882202 254.031693 -93.008102
v 1299.045288 132.086105 -107.501297
v 1290.505127 250.746399 -95.130997
v 1283.897949 263.051788 -101.220901
v 1292.635742 242.474792 -98.960999
v 1280.075317 263.925293 -99.697403
v 1287.155518 272.694794 -90.903297
v 1293.883301 254.555695 -107.068497
v 1299.045044 241.983505 -97.196899
v 1295.841919 231.805099 -104.028702
v 1285.790161 276.900696 -98.551300
v 1298.071777 241.007401 -112.763496
v 1294.659180 268.240814 -108.024696
v 1290.025269 276.861603 -100.342499
v 1291.492676 284.819611 -92.770103
v 1299.282959 271.088898 -122.674202
v 1286.392456 283.906189 -92.092697
v 1284.059326 278.523285 -87.308601
v 1298.083984 280.242188 -105.591904
v 1290.098633 287.256805 -82.748703
v 1295.917603 287.236694 -102.124603
v 1298.264404 276.627686 -114.254898
v 1284.802246 286.825104 -82.792900
v 1284.165283 279.463409 -81.776199
v 1283.594604 285.855896 -74.934898
v 1285.047119 275.506805 -79.525803
v 1284.514893 278.301208 -71.399696
v 1289.581421 286.423889 -75.286201
v 1285.848633 267.618591 -84.222298
v 1285.536133 269.570099 -76.049698
v 1292.041870 280.325897 -69.552399
v 1289.950806 279.773407 -64.035500
v 1292.884277 286.645996 -66.627197
v 1290.244629 282.111511 -61.822102
v 1292.270752 283.964111 -65.124901
v 1287.245117 285.403198 -63.383701
v 1288.148682 289.086914 -61.146198
v 1291.421753 286.547089 -64.779602
v 1287.513428 288.955200 -64.613701
v 1294.989014 293.621094 -56.502399
v 1299.857910 296.357391 -56.806900
v 1299.856323 298.099701 -60.174400
v 1299.856934 298.329590 -53.382599
v 1288.448975 293.852692 -69.456703
v 1299.853394 300.648712 -66.209297
v 1292.793823 296.601593 -48.561298
v 1299.856689 299.042114 -49.576302
v 1299.855103 301.819000 -46.617100
v 1299.851318 300.509796 -74.565598
v 1295.092407 291.667206 -71.218002
v 1287.163452 295.813202 -76.896400
v 1299.849976 297.921600 -84.915604
v 1292.303711 293.842407 -78.122902
v 1286.953613 294.225494 -85.334198
v 1299.851807 294.847504 -93.823700
v 1291.417114 293.044708 -85.259102
v 1286.975464 292.497406 -92.438301
v 1287.330566 290.938293 -98.753098
v 1291.465088 291.237000 -92.155098
v 1299.853027 292.233185 -100.611702
v 1285.455444 289.619812 -96.734497
v 1294.578491 287.811890 -97.259102
v 1286.652832 286.664001 -99.335999
v 1284.920044 287.817291 -104.652199
v 1285.546021 287.000488 -102.151100
v 1299.853027 291.314697 -104.873100
v 1288.175049 283.791595 -106.372200
v 1295.424805 285.037689 -106.410599
v 1284.565063 283.947998 -107.503197
v 1285.950317 287.569611 -108.518799
v 1299.853271 289.780212 -108.904198
v 1289.804932 280.213104 -111.139099
v 1297.260986 282.039612 -110.499199
v 1285.621582 284.172913 -112.049896
v 1296.394043 282.116791 -114.772903
v 1290.260620 280.846313 -114.661903
v 1287.704590 287.117889 -112.070396
v 1287.834961 287.473206 -113.126602
v 1299.852539 288.765106 -114.793198
v 1286.753296 285.242004 -115.711700
v 1299.852295 286.734009 -119.599403
v 1289.600708 283.261993 -116.521202
v 1291.977539 283.481995 -117.242699
v 1285.706665 283.467896 -118.134499
v 1291.227661 279.403107 -121.388298
v 1286.455322 283.809296 -123.932503
v 1285.946777 278.792603 -122.195000
v 1293.830200 273.670288 -124.978699
v 1296.461792 267.872314 -126.528999
v 1288.022583 272.274597 -125.404198
v 1284.653931 278.287109 -127.163597
v 1291.071289 265.422485 -127.035202
v 1284.272705 268.921997 -130.475906
v 1284.986938 276.256897 -131.143494
v 1299.073608 263.806488 -127.549103
v 1293.573608 260.780701 -129.394897
v 1289.548218 259.782593 -133.227798
v 1284.034424 266.176697 -134.609100
v 1295.828125 256.032593 -132.889404
v 1298.690918 256.572388 -132.592499
v 1289.595215 258.043793 -137.071594
v 1296.682617 253.296097 -135.388794
v 1296.715088 244.784195 -134.406097
v 1295.462524 253.778305 -137.090195
v 1296.632080 250.903107 -137.606003
v 1294.331055 247.823196 -138.990005
v 1296.593994 235.966797 -131.040604
v 1291.495117 258.909607 -138.563995
v 1294.585815 241.582504 -136.151398
v 1298.253906 227.938293 -120.464401
v 1287.710938 243.769104 -140.234604
v 1295.302490 234.122498 -133.193695
v 1288.280518 238.854797 -137.674103
v 1296.461060 225.171600 -129.125504
v 1289.754517 232.342804 -135.381897
v 1295.701904 224.267197 -131.427597
v 1295.631104 215.592606 -127.959602
v 1294.599487 216.049194 -130.635101
v 1290.519409 223.465195 -133.506607
v 1292.290894 223.377106 -141.434006
v 1291.746704 215.652802 -132.848602
v 1289.166748 232.641205 -141.924194
v 1288.412720 239.820801 -144.454498
v 1289.932373 211.273804 -130.449005
v 1291.394287 213.367599 -137.475906
v 1288.045654 246.738098 -143.012802
v 1287.954102 241.743195 -147.106903
v 1293.411865 251.812393 -141.948196
v 1287.562988 247.441498 -146.477402
v 1293.592163 253.669998 -145.701004
v 1288.054932 247.059998 -149.361603
v 1291.568481 238.439804 -146.854706
v 1292.633179 233.058304 -143.550797
v 1287.650391 234.715195 -149.052094
v 1292.100220 232.100006 -145.333298
v 1297.023193 223.979294 -142.671600
v 1293.529053 209.944199 -142.140503
v 1296.214478 222.408997 -146.570999
v 1288.128906 209.405502 -136.565796
v 1297.259644 209.056503 -143.475800
v 1296.820068 213.339203 -150.175293
v 1287.553711 204.633896 -141.901306
v 1287.284058 199.163605 -131.345093
v 1294.087524 201.672302 -148.485794
v 1286.565308 199.815598 -135.824600
v 1286.636963 196.333694 -139.971405
v 1292.953857 191.555603 -132.997498
v 1286.793701 195.126602 -146.302399
v 1286.072266 189.592606 -143.139496
v 1293.469727 181.498795 -151.471497
v 1289.291382 177.046005 -149.635406
v 1296.581421 184.324905 -138.213501
v 1287.750366 174.822906 -144.635803
v 1289.093262 155.257004 -148.444702
v 1293.140015 203.957001 -153.851196
v 1299.855957 187.871399 -158.388306
v 1299.857666 169.996307 -156.335495
v 1299.855957 204.851501 -158.135300
v 1299.859253 154.828598 -151.550095
v 1294.897705 209.389999 -154.231995
v 1299.860474 131.695602 -143.446304
v 1299.855347 211.041595 -158.343994
v 1283.213989 131.447205 -137.079697
v 1285.979248 214.610107 -157.145905
v 1299.861450 112.485298 -133.941696
v 1299.852295 218.732101 -160.464996
v 1287.159424 212.512802 -153.462997
v 1287.429077 216.458801 -150.041794
v 1285.218384 222.616699 -153.172195
v 1286.156128 223.696198 -147.557800
v 1284.168335 225.276596 -149.627396
v 1286.481201 231.092499 -146.633896
v 1286.838989 230.039001 -151.842300
v 1284.656616 223.825195 -154.881393
v 1285.863892 220.679901 -158.945908
v 1286.683594 227.692200 -158.822403
v 1299.849487 228.964294 -159.832306
v 1285.767944 229.721893 -154.898804
v 1287.996338 236.015198 -156.297501
v 1299.847656 237.585495 -157.339203
v 1287.207153 236.032196 -152.936707
v 1287.340820 241.677994 -153.658005
v 1299.847412 243.591095 -154.982605
v 1286.989502 240.536194 -150.298599
v 1293.118652 245.717896 -153.094894
v 1299.845825 246.041397 -155.779907
v 1296.200928 249.608902 -151.712097
v 1292.612183 247.981094 -154.102402
v 1294.125610 252.144806 -148.376801
v 1295.362549 249.645996 -153.439301
v 1293.280029 253.350296 -150.220093
v 1291.453979 251.465103 -156.478699
v 1299.843018 249.829697 -158.279404
v 1299.841187 258.100708 -158.501099
v 1291.586548 252.655106 -155.113998
v 1291.710205 258.100189 -156.819000
v 1299.840698 262.607513 -157.297806
v 1292.918457 253.486404 -154.003204
v 1291.216797 258.718506 -154.662003
v 1290.988037 262.400085 -154.727493
v 1291.882080 266.605804 -152.754807
v 1290.736572 263.263306 -152.681198
v 1299.843018 263.657013 -151.761307
v 1299.843750 258.471985 -153.291504
v 1299.842407 267.082611 -151.174805
v 1299.840454 268.793915 -155.009201
v 1299.842285 270.728485 -149.542694
v 1299.842773 269.367188 -149.483994
v 1299.841187 272.533813 -151.084793
v 1292.809570 256.183502 -150.245697
v 1299.846069 258.068695 -149.887405
v 1291.106812 260.363403 -148.505096
v 1299.845581 260.996704 -149.085999
v 1299.846191 265.808899 -145.938797
v 1289.502808 252.677795 -148.675705
v 1289.571167 265.261292 -145.328293
v 1299.847534 270.546906 -141.511002
v 1288.018799 258.587311 -146.949997
v 1286.401489 255.792297 -145.431900
v 1289.776367 262.380188 -141.804398
v 1284.492676 262.608490 -141.240494
v 1286.746094 263.886292 -144.189102
v 1287.882324 270.261688 -140.451706
v 1287.155640 262.806610 -137.580307
v 1289.477539 268.380402 -137.748398
v 1285.903809 270.987213 -135.039993
v 1286.863770 271.180908 -136.794601
v 1284.346924 272.673096 -134.807404
v 1285.699341 273.734589 -135.847595
v 1283.461304 277.486389 -131.519501
v 1289.192383 274.312012 -136.892105
v 1299.848267 275.089294 -137.736099
v 1299.848511 280.305115 -134.301498
v 1287.439453 276.837097 -135.483902
v 1289.331299 280.498688 -133.742096
v 1299.850098 286.036194 -126.068298
v 1283.779297 278.836487 -132.776596
v 1289.084106 285.566895 -125.326401
v 1299.851440 287.262299 -120.842796
v 1286.772461 284.963409 -124.436897
v 1280.742920 264.344788 -6.755300
v 1281.558960 274.015991 -10.467900
v 1299.045166 250.521896 -1.233100
v 1285.630615 282.435608 -13.976200
v 1299.045166 87.547798 -7.187800
v 1290.140137 275.596008 -5.904400
v 1299.045166 82.530800 -20.990601
v 1299.045166 81.970200 -27.580700
v 1294.169067 85.747597 -5.726200
v 1299.045166 80.816002 -35.919201
v 1293.482788 77.743401 -21.524000
v 1279.011963 76.493599 -30.918400
v 1284.548584 74.173103 -24.852501
v 1278.498291 75.686401 -35.919201
v 1279.011963 76.493599 -40.919998
v 1280.839355 72.055901 -31.224899
v 1281.118164 71.181099 -35.919201
v 1280.839355 72.055901 -40.613499
v 1284.548584 74.173103 -46.985901
v 1293.482788 77.743401 -50.314400
v 1283.830322 67.611000 -35.919201
v 1282.708740 69.707802 -43.738800
v 1283.326416 68.219803 -49.643200
v 1277.511475 59.045601 -41.484100
v 1293.052490 64.491699 -63.216000
v 1282.708740 69.707802 -28.099600
v 1277.511475 59.045601 -30.354300
v 1283.326416 68.219803 -22.195200
v 1293.052490 64.491699 -8.622400
v 1277.022705 58.398998 -21.756500
v 1285.368896 52.717602 -35.919201
v 1278.203369 51.691101 -21.690701
v 1282.243164 49.550999 -29.727900
v 1284.053833 51.600700 -11.508600
v 1299.857178 45.954102 -18.473000
v 1299.856689 45.011902 -24.711901
v 1299.857910 48.641998 -8.753100
v 1299.858643 50.492401 -5.715600
v 1299.858032 51.732700 -1.674300
v 1286.704590 43.670799 -31.086599
v 1299.853394 42.219700 -27.836500
v 1286.133545 45.088501 -35.919201
v 1290.361328 41.911701 -35.919201
v 1299.852051 40.818600 -35.919201
v 1299.853394 42.219700 -44.001900
v 1286.704590 43.670799 -40.751801
v 1299.856689 45.011902 -47.126499
v 1282.243164 49.550999 -42.110500
v 1299.857178 45.954102 -53.365398
v 1278.203369 51.691101 -50.147701
v 1277.022705 58.398998 -50.081902
v 1284.053833 51.600700 -60.329800
v 1299.857910 48.641998 -63.085400
v 1299.858643 50.492500 -66.122803
v 1299.858032 51.732700 -70.164101
v 1282.004028 56.228298 -70.245003
v 1285.390503 64.676399 -71.660896
v 1290.159546 54.906700 -75.268799
v 1299.858398 53.601398 -75.435699
v 1288.401367 59.056801 -74.703796
v 1294.815186 57.523602 -79.042801
v 1299.860229 57.186298 -79.418198
v 1299.863159 61.839401 -79.365196
v 1299.864258 63.006599 -76.593201
v 1299.864502 62.047298 -72.736099
v 1299.866821 72.705498 -78.888199
v 1286.794189 76.036697 -78.363800
v 1299.866455 79.849403 -86.863701
v 1294.185913 78.470497 -72.379501
v 1286.342163 84.918602 -87.513100
v 1299.865479 82.168701 -95.192200
v 1291.849487 89.757401 -84.885498
v 1283.957642 88.220001 -96.347603
v 1299.864014 82.206902 -100.187897
v 1293.274170 97.295998 -99.250999
v 1282.325806 88.311203 -103.013397
v 1283.724365 85.215103 -106.623398
v 1299.862061 79.871696 -102.941597
v 1299.860352 81.082497 -107.680397
v 1299.860107 86.761703 -115.750397
v 1295.383057 91.607498 -107.672401
v 1283.109253 90.738403 -113.175697
v 1299.860474 96.215202 -123.753098
v 1296.744995 96.759300 -113.986397
v 1283.791138 101.161598 -121.410500
v 1291.156250 112.103203 -107.743103
v 1295.933228 104.924202 -121.011902
v 1285.015015 113.966499 -129.376297
v 1296.112549 117.977798 -127.687897
v 1294.748657 118.252197 -102.285301
v 1296.270630 127.194901 -115.883698
v 1293.972778 132.313004 -110.667900
v 1299.045288 148.010803 -112.531502
v 1295.191162 136.078796 -135.427399
v 1283.848511 154.221893 -143.316696
v 1299.045166 231.396500 -102.647697
v 1296.879395 156.707703 -140.619293
v 1295.947876 145.296707 -121.874702
v 1298.524414 174.184692 -140.766495
v 1296.260254 161.322495 -125.569000
v 1296.497559 148.555603 -115.278000
v 1298.504272 178.643005 -131.944199
v 1299.045166 165.397903 -116.240402
v 1297.155273 165.553802 -118.361801
v 1293.786621 172.677094 -127.485001
v 1299.045288 218.180801 -107.903297
v 1299.045166 188.397995 -116.205299
v 1293.911133 181.617798 -119.370697
v 1297.402100 218.283493 -109.881302
v 1299.045044 200.690598 -115.585701
v 1294.438599 211.862595 -121.670700
v 1290.740356 207.487396 -122.191498
v 1290.999390 194.101593 -118.505203
v 1287.184326 196.763702 -127.178596
v 1286.775391 188.905899 -124.365799
v 1288.463135 181.015503 -124.354103
v 1290.452148 183.434097 -127.638603
v 1290.596924 186.639893 -130.893799
v 1290.841919 175.581802 -127.593300
v 1292.925903 178.276306 -130.575806
v 1289.694946 284.817688 -19.568600
v 1291.836182 295.312988 -25.325500
v 1294.989014 293.620697 -15.336000
v 1288.859009 298.782593 -30.670601
v 1288.643066 298.623505 -26.570299
v 1285.136475 298.706207 -35.919201
v 1292.793823 296.601593 -23.277100
v 1284.488770 299.020386 -30.101801
v 1288.098999 300.396515 -25.772400
v 1282.012085 300.529694 -35.919201
v 1299.855103 301.819000 -25.221300
v 1299.856689 299.042114 -22.262100
v 1299.856934 298.329590 -18.455799
v 1299.852905 305.144104 -27.997801
v 1299.857910 296.357391 -15.031500
v 1284.345459 301.269806 -29.903700
v 1299.852539 306.324585 -35.919201
v 1284.345459 301.269806 -41.934700
v 1299.852905 305.144104 -43.840599
v 1284.488770 299.020386 -41.736599
v 1288.098999 300.396515 -46.066002
v 1288.643066 298.623505 -45.268101
v 1290.505249 250.613098 23.292601
v 1279.882324 253.902603 21.169701
v 1299.045044 249.433395 20.168800
v 1283.898071 262.914001 29.382500
v 1279.440308 252.018295 12.025300
v 1293.883301 254.365295 35.230000
v 1289.302368 264.802307 13.475500
v 1280.075317 263.790894 27.858999
v 1279.808472 254.897705 1.281700
v 1285.790283 276.781586 26.712900
v 1299.045044 249.026093 13.156300
v 1287.155518 272.581512 19.064899
v 1290.025391 276.739899 28.504101
v 1289.449951 267.839111 1.742100
v 1285.536133 269.479004 4.211300
v 1285.848633 267.510590 12.383900
v 1284.514893 278.231689 -0.438700
v 1285.047119 275.417114 7.687400
v 1292.041870 280.264008 -2.286000
v 1284.059326 278.424500 15.470200
v 1284.165405 279.376007 9.937800
v 1283.594604 285.794189 3.096500
v 1286.392456 283.809113 20.254299
v 1284.802246 286.750305 10.954500
v 1291.492676 284.723389 20.931700
v 1289.581421 286.362610 3.447800
v 1290.098633 287.183014 10.910300
v 1292.303711 293.794006 6.284500
v 1292.884277 286.603699 -5.211200
v 1295.092407 291.627808 -0.620400
v 1288.449097 293.822296 -2.381700
v 1291.417114 292.980499 13.420700
v 1291.465088 291.156189 20.316700
v 1294.578491 287.715607 25.420700
v 1295.917725 287.132507 30.286200
v 1285.455444 289.527893 24.896099
v 1286.975464 292.419098 20.599899
v 1286.953735 294.164093 13.495800
v 1287.163574 295.772614 5.058000
v 1299.851807 294.774994 21.985300
v 1299.849976 297.873199 13.077200
v 1299.851318 300.490295 2.727200
v 1299.853394 300.648010 -5.629100
v 1299.856323 298.099701 -11.664000
v 1287.330688 290.846405 26.914700
v 1299.853027 292.143585 28.773300
v 1287.513428 288.922607 -7.224700
v 1284.920166 287.710114 32.813801
v 1299.853027 291.217102 33.034698
v 1286.652954 286.561493 27.497700
v 1285.546021 286.894806 30.312700
v 1288.175171 283.673798 34.533798
v 1285.950317 287.457092 36.680401
v 1299.853394 289.674011 37.065800
v 1284.565063 283.829315 35.664799
v 1289.805054 280.083313 39.300701
v 1295.424927 284.923309 34.572201
v 1298.083984 280.120697 33.753601
v 1297.260986 281.915192 38.660702
v 1294.659302 268.099304 36.186298
v 1298.264404 276.490692 42.416500
v 1296.394043 281.987793 42.934502
v 1299.282959 270.898499 50.835800
v 1291.227783 279.262512 49.549900
v 1290.260742 280.713989 42.823502
v 1291.977661 283.352295 45.404301
v 1285.621582 284.049408 40.211498
v 1289.600708 283.132202 44.682800
v 1287.704712 287.000305 40.231998
v 1287.835083 287.355286 41.288200
v 1299.852539 288.650208 42.954800
v 1286.753418 285.116913 43.873299
v 1299.852295 286.610413 47.761002
v 1285.706665 283.337006 46.296200
v 1286.455444 283.674408 52.094101
v 1285.946899 278.650208 50.356602
v 1288.022705 272.101593 53.565800
v 1284.653931 278.165009 55.325199
v 1286.772461 284.830414 52.598499
v 1299.851440 287.138794 49.004398
v 1284.987061 276.355011 59.305099
v 1293.830322 273.509186 53.140301
v 1284.272705 268.976501 58.637501
v 1291.071411 265.336487 55.196800
v 1296.461792 267.837494 54.690498
v 1299.073730 263.710510 55.710701
v 1289.548340 259.700104 61.389301
v 1293.573730 260.652100 57.556499
v 1284.034424 266.258514 62.770699
v 1295.828125 255.882507 61.050999
v 1298.691040 256.430786 60.754101
v 1289.595215 257.997986 65.233200
v 1296.682739 253.141495 63.550400
v 1295.462524 253.656906 65.251801
v 1296.715210 244.530197 62.567699
v 1296.632202 250.744095 65.767601
v 1294.331055 247.638199 67.151497
v 1298.071777 240.676300 40.924999
v 1291.495239 258.915314 66.725601
v 1287.155640 262.878113 65.741898
v 1285.903809 271.209198 63.201599
v 1293.411865 251.729202 70.109703
v 1293.592285 253.686295 73.862602
v 1289.776367 262.537109 69.966003
v 1289.477661 268.606995 65.910004
v 1284.492676 262.747314 69.402100
v 1286.863770 271.454590 64.956200
v 1285.699463 274.050812 64.009201
v 1284.347046 272.929810 62.969002
v 1283.461426 277.485901 59.681099
v 1283.779297 278.864410 60.938202
v 1287.439575 277.233185 63.645500
v 1289.084229 285.434601 53.487999
v 1299.850098 285.906311 54.229900
v 1289.331421 280.501587 61.903702
v 1299.848633 280.520813 62.463001
v 1289.192505 274.679993 65.053703
v 1299.848267 275.510010 65.897697
v 1299.847534 270.933289 69.672600
v 1287.882324 270.603302 68.613297
v 1289.571289 265.576294 73.489899
v 1299.846191 266.159088 74.100403
v 1286.746094 264.130310 72.350700
v 1291.106934 260.604309 76.666702
v 1299.845581 261.269806 77.247597
v 1288.018921 258.743011 75.111603
v 1292.809692 256.340210 78.407204
v 1286.401489 255.843994 73.593498
v 1289.502808 252.714706 76.837303
v 1293.280151 253.432205 78.381699
v 1294.125610 252.169296 76.538300
v 1287.563110 247.337601 74.639000
v 1296.200928 249.624695 79.873703
v 1288.045776 246.580795 71.174400
v 1288.054932 246.987106 77.523201
v 1287.954102 241.576004 75.268501
v 1287.710938 243.551895 68.396202
v 1293.118774 245.669601 81.256500
v 1294.585815 241.333298 64.313004
v 1288.412842 239.622101 72.616096
v 1288.280640 238.613800 65.835701
v 1296.593994 235.735199 59.202202
v 1295.302612 233.918701 61.355301
v 1289.166870 232.467102 70.085800
v 1298.254028 227.882202 48.625999
v 1296.461060 225.164902 57.287102
v 1289.754639 232.165695 63.543499
v 1295.702026 224.277405 59.589199
v 1295.631226 215.881302 56.121201
v 1290.519409 223.491898 61.668098
v 1292.290894 223.375000 69.595596
v 1294.599487 216.308197 58.796600
v 1291.746826 215.914001 61.010201
v 1289.932373 211.695206 58.610600
v 1291.394287 213.667007 65.637497
v 1292.633301 232.884094 71.712303
v 1297.023193 223.956497 70.833099
v 1291.568481 238.256805 75.016296
v 1292.100342 231.938507 73.494904
v 1287.650513 234.543106 77.213699
v 1286.989624 240.385406 78.460197
v 1287.340942 241.567398 81.819603
v 1287.207275 235.875305 81.098297
v 1286.838989 229.904099 80.003998
v 1286.481323 230.942795 74.795502
v 1284.168457 225.211807 77.789001
v 1286.156128 223.667496 75.719398
v 1285.218384 222.586807 81.333801
v 1296.214600 222.405197 74.732597
v 1287.429199 216.580399 78.203400
v 1296.820190 213.525406 78.336899
v 1287.159546 212.703796 81.624603
v 1285.979370 214.719406 85.307503
v 1294.897827 209.639893 82.393600
v 1297.259766 209.420502 71.637299
v 1294.087646 202.196198 76.647400
v 1293.529053 210.302704 70.302101
v 1287.553833 205.162796 70.062897
v 1288.128906 209.839996 64.727402
v 1286.565430 200.556595 63.986099
v 1287.284058 199.968994 59.506699
v 1286.637085 197.129105 68.133003
v 1292.953857 192.550507 61.159100
v 1286.793823 195.873703 74.463997
v 1286.072266 190.529602 71.301102
v 1293.469849 182.483002 79.633003
v 1296.581421 185.427200 66.375099
v 1289.291382 178.161499 77.796997
v 1287.750488 176.060104 72.797401
v 1289.093384 156.681107 76.606201
v 1293.140137 204.354706 82.012802
v 1299.856079 188.585602 86.549896
v 1299.856079 205.160904 86.296799
v 1299.857788 171.091995 84.497101
v 1299.855469 211.202393 86.505600
v 1299.859253 156.173203 79.711601
v 1299.860474 133.082306 71.607903
v 1299.852295 218.720505 88.626602
v 1283.214111 132.925598 65.241302
v 1285.863892 220.654999 87.107498
v 1299.861450 113.342499 62.103298
v 1286.683594 227.574905 86.984001
v 1299.849487 228.835800 87.993896
v 1284.656738 223.767593 83.042999
v 1285.768066 229.590393 83.060402
v 1287.996460 235.873703 84.459000
v 1299.847778 237.462906 85.500801
v 1299.847412 243.526093 83.144203
v 1299.845825 246.029099 83.941498
v 1292.612183 247.989807 82.264000
v 1295.362549 249.685196 81.600899
v 1291.453979 251.588394 84.640297
v 1299.843140 249.932693 86.441002
v 1299.841187 258.448395 86.662804
v 1291.586670 252.791702 83.275597
v 1291.710205 258.422791 84.980598
v 1299.840820 263.081696 85.459396
v 1292.918579 253.630096 82.164803
v 1291.216797 259.024109 82.823601
v 1299.843750 258.747009 81.453003
v 1299.846069 258.272400 78.049004
v 1299.843018 264.062897 79.922897
v 1290.988159 262.822296 82.889099
v 1290.736572 263.673798 80.842796
v 1291.882202 267.125397 80.916397
v 1299.842529 267.584015 79.336403
v 1299.840576 269.428711 83.170799
v 1299.842285 271.308807 77.704300
v 1299.842773 269.903809 77.645599
v 1299.841187 273.205200 79.246399
v 1289.950806 279.721893 -7.802900
v 1284.093018 280.067291 -10.419800
v 1292.270752 283.918915 -6.713500
v 1290.244629 282.069489 -10.016300
v 1291.421875 286.508514 -7.058800
v 1287.245117 285.364807 -8.454700
v 1288.148682 289.062592 -10.692200
v 1294.438721 212.316299 49.832199
v 1297.402100 218.572693 38.042900
v 1290.740356 208.093002 50.353100
v 1295.842041 231.688705 32.190300
v 1299.045166 201.540207 43.747200
v 1287.184326 197.681198 55.340199
v 1290.999390 195.157806 46.666801
v 1290.452148 184.696701 55.800201
v 1286.775513 190.070999 52.527401
v 1293.911255 182.978104 47.532299
v 1299.045166 189.597000 44.366798
v 1299.045288 218.479996 36.064800
v 1288.463135 182.366806 52.515701
v 1290.842041 177.006393 55.754799
v 1293.786621 174.143204 55.646500
v 1297.155273 167.167297 46.523399
v 1299.045288 167.012695 44.401901
v 1299.045166 231.298096 30.809299
v 1296.497559 150.242706 43.439499
v 1299.045288 149.680496 40.693100
v 1299.045166 241.998505 25.358500
v 1292.635864 242.470901 27.122601
v 1299.045288 133.492599 35.662899
v 1293.972778 133.782196 38.829498
v 1299.045288 119.634003 27.818100
v 1294.748657 119.026703 30.446800
v 1295.947876 146.960602 50.036301
v 1299.045166 109.073700 18.334200
v 1293.801025 106.937698 20.274401
v 1299.045166 99.240700 6.050600
v 1294.453857 96.679398 7.691500
v 1291.156372 112.619797 35.904701
v 1291.849487 89.839897 13.047100
v 1296.270630 128.555603 44.045200
v 1293.274170 97.419098 27.412600
v 1296.112549 119.082802 55.849499
v 1295.191284 137.603897 63.588902
v 1295.933228 105.180099 49.173500
v 1296.879517 158.201401 68.780899
v 1296.744995 96.900497 42.147999
v 1285.015137 114.928299 57.537899
v 1283.848633 155.731903 71.478203
v 1283.791138 101.318199 49.572102
v 1299.860474 96.363899 51.914700
v 1283.109253 90.868202 41.337299
v 1299.860107 86.883102 43.911900
v 1283.724365 85.323196 34.785000
v 1299.860352 81.178200 35.841999
v 1299.862061 79.957001 31.103201
v 1299.864014 82.294800 28.349501
v 1295.383057 91.731598 35.834000
v 1282.325806 88.421700 31.174999
v 1283.957642 88.319901 24.509199
v 1299.865479 82.248199 23.353800
v 1286.342163 84.994202 15.674700
v 1299.866455 79.906601 15.025300
v 1286.794189 76.066498 6.525400
v 1299.866821 72.722504 7.049800
v 1285.390503 64.676399 -0.177500
v 1294.185913 78.494499 0.541100
v 1299.864502 62.047298 0.897700
v 1288.401367 59.056801 2.865400
v 1299.864258 63.006599 4.754800
v 1282.004028 56.228298 -1.593400
v 1299.863159 61.839401 7.526800
v 1290.159546 54.906700 3.430400
v 1299.858398 53.601398 3.597300
v 1294.815186 57.523602 7.204400
v 1299.860229 57.186298 7.579800
v 1298.504395 179.935303 60.105701
v 1290.596924 187.792099 59.055302
v 1292.926025 179.612900 58.737400
v 1298.524536 175.452393 68.928001
v 1296.260254 162.935303 53.730598
v 1292.809692 256.340210 78.407204
v 1299.846069 258.272400 78.049004
v 1299.845581 261.269806 77.247597
v 1292.809570 256.183502 -150.245697
v 1299.845581 260.996704 -149.085999
v 1299.846069 258.068695 -149.887405
v -1422.588867 261.827606 -45.930099
v -1427.453369 255.624802 -43.046101
v -1427.453125 260.998199 -49.853500
v -1422.217773 260.163513 -39.474800
v -1427.453369 254.565506 -35.918900
v -1412.265381 270.929291 -42.841801
v -1422.243408 259.716888 -35.918900
v -1416.819092 272.931885 -47.231602
v -1419.803467 274.564606 -51.759998
v -1414.623291 282.013000 -47.586899
v -1424.370605 263.640503 -56.023300
v -1409.551758 271.258301 -35.918900
v -1427.453125 260.422089 -58.329800
v -1409.299561 283.084290 -39.996601
v -1418.943359 294.824188 -38.987000
v -1412.265381 270.948395 -28.995899
v -1408.938477 283.971985 -35.918900
v -1409.299561 283.084290 -31.841101
v -1418.433594 294.515991 -35.918900
v -1418.943359 294.824188 -32.850700
v -1418.719971 298.150604 -35.918900
v -1414.623291 282.021790 -24.250900
v -1417.266846 298.782593 -30.670200
v -1420.244141 295.312988 -25.325199
v -1416.819092 272.957886 -24.606100
v -1422.217773 260.189606 -32.362900
v -1422.588867 261.865692 -25.907600
v -1419.803467 274.598114 -20.077700
v -1427.453369 255.661697 -28.791700
v -1427.453125 261.044403 -21.984200
v -1427.453125 81.970200 -27.580400
v -1424.370605 263.697510 -15.814500
v -1418.103027 284.831390 -19.568300
v -1414.038574 282.467896 -13.975800
v -1427.453125 82.530800 -20.990299
v -1427.453125 87.516502 -7.187400
v -1427.453125 260.486115 -13.507900
v -1409.966797 274.071198 -10.467600
v -1409.150879 264.419586 -6.754900
v -1427.453125 250.613495 -1.232700
v -1422.576904 85.716499 -5.725900
v -1418.548096 275.658691 -5.904100
v -1427.453125 99.154900 6.051000
v -1412.500977 280.112305 -10.419500
v -1417.857910 267.927490 1.742400
v -1422.861816 96.593597 7.691900
v -1427.453125 108.953003 18.334499
v -1408.216309 254.993500 1.282000
v -1427.453125 249.141998 13.156600
v -1422.208984 106.814102 20.274700
v -1407.848145 252.133102 12.025600
v -1427.453125 118.919197 27.818399
v -1427.453125 249.560196 20.169201
v -1417.710449 264.914612 13.475900
v -1408.290283 254.031693 21.170000
v -1427.453125 132.086105 35.663300
v -1418.913086 250.746399 23.292900
v -1412.305908 263.051788 29.382799
v -1421.043701 242.474792 27.122900
v -1408.483398 263.925293 27.859301
v -1415.563477 272.694794 19.065300
v -1422.291260 254.555695 35.230400
v -1427.453125 241.983505 25.358801
v -1424.250000 231.805099 32.190701
v -1414.198242 276.900696 26.713301
v -1426.479736 241.007401 40.925400
v -1423.067139 268.240814 36.186699
v -1418.433350 276.861603 28.504499
v -1419.900635 284.819611 20.931999
v -1427.690918 271.088898 50.836201
v -1414.800293 283.906189 20.254601
v -1412.467285 278.523285 15.470500
v -1426.491943 280.242188 33.753899
v -1418.506592 287.256805 10.910600
v -1424.325684 287.236694 30.286600
v -1426.672363 276.627686 42.416901
v -1413.210205 286.825104 10.954800
v -1412.573242 279.463409 9.938100
v -1412.002441 285.855896 3.096900
v -1413.455078 275.506805 7.687800
v -1412.922852 278.301208 -0.438400
v -1417.989502 286.423889 3.448100
v -1414.256592 267.618591 12.384200
v -1413.944092 269.570099 4.211600
v -1420.449951 280.325897 -2.285600
v -1418.358643 279.773407 -7.802500
v -1421.292236 286.645996 -5.210900
v -1418.652588 282.111511 -10.015900
v -1420.678711 283.964111 -6.713200
v -1415.653076 285.403198 -8.454400
v -1416.556641 289.086914 -10.691800
v -1419.829834 286.547089 -7.058500
v -1415.921387 288.955200 -7.224400
v -1423.396973 293.621094 -15.335700
v -1428.265869 296.357391 -15.031200
v -1428.264404 298.099701 -11.663600
v -1428.264893 298.329590 -18.455400
v -1416.856934 293.852692 -2.381300
v -1428.261230 300.648712 -5.628700
v -1421.201660 296.601593 -23.276699
v -1428.264648 299.042114 -22.261801
v -1428.262939 301.819000 -25.220900
v -1428.259277 300.509796 2.727600
v -1423.500488 291.667206 -0.620000
v -1415.571533 295.813202 5.058400
v -1428.258057 297.921600 13.077500
v -1420.711670 293.842407 6.284800
v -1415.361572 294.225494 13.496100
v -1428.259766 294.847504 21.985600
v -1419.824951 293.044708 13.421100
v -1415.383301 292.497406 20.600300
v -1415.738525 290.938293 26.915100
v -1419.873047 291.237000 20.316999
v -1428.260986 292.233185 28.773701
v -1413.863525 289.619812 24.896500
v -1422.986572 287.811890 25.421101
v -1415.060791 286.664001 27.497999
v -1413.328125 287.817291 32.814201
v -1413.954102 287.000488 30.313101
v -1428.260986 291.314697 33.035000
v -1416.583008 283.791595 34.534100
v -1423.832764 285.037689 34.572498
v -1412.973145 283.947998 35.665100
v -1414.358398 287.569611 36.680698
v -1428.261230 289.780212 37.066101
v -1418.212891 280.213104 39.300999
v -1425.668945 282.039612 38.661098
v -1414.029541 284.172913 40.211800
v -1424.802002 282.116791 42.934898
v -1418.668701 280.846313 42.823799
v -1416.112549 287.117889 40.232300
v -1416.242920 287.473206 41.288502
v -1428.260498 288.765106 42.955200
v -1415.161377 285.242004 43.873600
v -1428.260254 286.734009 47.761398
v -1418.008789 283.261993 44.683201
v -1420.385498 283.481995 45.404598
v -1414.114502 283.467896 46.296501
v -1419.635742 279.403107 49.550301
v -1414.863281 283.809296 52.094398
v -1414.354736 278.792603 50.356899
v -1422.238281 273.670288 53.140598
v -1424.869873 267.872314 54.690899
v -1416.430664 272.274597 53.566200
v -1413.062012 278.287109 55.325500
v -1419.479248 265.422485 55.197201
v -1412.680664 268.921997 58.637798
v -1413.395020 276.256897 59.305401
v -1427.481689 263.806488 55.710999
v -1421.981689 260.780701 57.556900
v -1417.956299 259.782593 61.389702
v -1412.442383 266.176697 62.771000
v -1424.236084 256.032593 61.051399
v -1427.098877 256.572388 60.754501
v -1418.003174 258.043793 65.233498
v -1425.090576 253.296097 63.550800
v -1425.123047 244.784195 62.568100
v -1423.870605 253.778305 65.252098
v -1425.040039 250.903107 65.767899
v -1422.739014 247.823196 67.151901
v -1425.001953 235.966797 59.202599
v -1419.903076 258.909607 66.725998
v -1422.993896 241.582504 64.313400
v -1426.661865 227.938293 48.626301
v -1416.118896 243.769104 68.396599
v -1423.710449 234.122498 61.355701
v -1416.688477 238.854797 65.836098
v -1424.869141 225.171600 57.287399
v -1418.162598 232.342804 63.543800
v -1424.109863 224.267197 59.589600
v -1424.039062 215.592606 56.121498
v -1423.007324 216.049194 58.797001
v -1418.927490 223.465195 61.668499
v -1420.698730 223.377106 69.595901
v -1420.154785 215.652802 61.010601
v -1417.574707 232.641205 70.086098
v -1416.820801 239.820801 72.616501
v -1418.340332 211.273804 58.610901
v -1419.802246 213.367599 65.637901
v -1416.453613 246.738098 71.174797
v -1416.362061 241.743195 75.268898
v -1421.819824 251.812393 70.110100
v -1415.970947 247.441498 74.639297
v -1422.000244 253.669998 73.862999
v -1416.462891 247.059998 77.523499
v -1419.976562 238.439804 75.016701
v -1421.041260 233.058304 71.712700
v -1416.058350 234.715195 77.214104
v -1420.508301 232.100006 73.495201
v -1425.431152 223.979294 70.833504
v -1421.937012 209.944199 70.302399
v -1424.622559 222.408997 74.733002
v -1416.536865 209.405502 64.727798
v -1425.667725 209.056503 71.637703
v -1425.228027 213.339203 78.337303
v -1415.961670 204.633896 70.063202
v -1415.691895 199.163605 59.507000
v -1422.495605 201.672302 76.647697
v -1414.973389 199.815598 63.986500
v -1415.044922 196.333694 68.133301
v -1421.361816 191.555603 61.159500
v -1415.201660 195.126602 74.464302
v -1414.480225 189.592606 71.301498
v -1421.877686 181.498795 79.633400
v -1417.699463 177.046005 77.797302
v -1424.989502 184.324905 66.375397
v -1416.158447 174.822906 72.797699
v -1417.501221 155.257004 76.606598
v -1421.548096 203.957001 82.013199
v -1428.263916 187.871399 86.550301
v -1428.265625 169.996307 84.497498
v -1428.263916 204.851501 86.297203
v -1428.267334 154.828598 79.711998
v -1423.305664 209.389999 82.393898
v -1428.268555 131.695602 71.608200
v -1428.263428 211.041595 86.505997
v -1411.622070 131.447205 65.241699
v -1414.387207 214.610107 85.307800
v -1428.269531 112.485298 62.103600
v -1428.260254 218.732101 88.626900
v -1415.567383 212.512802 81.624901
v -1415.837158 216.458801 78.203697
v -1413.626465 222.616699 81.334198
v -1414.564209 223.696198 75.719803
v -1412.576416 225.276596 77.789299
v -1414.889160 231.092499 74.795898
v -1415.247070 230.039001 80.004303
v -1413.064697 223.825195 83.043404
v -1414.271973 220.679901 87.107903
v -1415.091553 227.692200 86.984398
v -1428.257568 228.964294 87.994202
v -1414.176025 229.721893 83.060699
v -1416.404297 236.015198 84.459396
v -1428.255615 237.585495 85.501099
v -1415.615234 236.032196 81.098602
v -1415.748779 241.677994 81.820000
v -1428.255371 243.591095 83.144501
v -1415.397461 240.536194 78.460602
v -1421.526611 245.717896 81.256798
v -1428.253906 246.041397 83.941803
v -1424.608887 249.608902 79.874001
v -1421.020264 247.981094 82.264397
v -1422.533691 252.144806 76.538696
v -1423.770508 249.645996 81.601196
v -1421.687988 253.350296 78.382103
v -1419.862061 251.465103 84.640701
v -1428.250977 249.829697 86.441299
v -1428.249268 258.100708 86.663101
v -1419.994629 252.655106 83.275902
v -1420.118164 258.100189 84.980904
v -1428.248779 262.607513 85.459801
v -1421.326416 253.486404 82.165199
v -1419.624756 258.718506 82.823898
v -1419.395996 262.400085 82.889503
v -1420.290039 266.605804 80.916702
v -1419.144531 263.263306 80.843201
v -1428.250977 263.657013 79.923203
v -1428.251709 258.471985 81.453400
v -1428.250488 267.082611 79.336800
v -1428.248535 268.793915 83.171097
v -1428.250244 270.728485 77.704597
v -1428.250732 269.367188 77.646004
v -1428.249268 272.533813 79.246696
v -1421.217529 256.183502 78.407600
v -1428.254150 258.068695 78.049301
v -1419.514893 260.363403 76.667000
v -1428.253662 260.996704 77.248001
v -1428.254150 265.808899 74.100700
v -1417.910889 252.677795 76.837601
v -1417.979248 265.261292 73.490196
v -1428.255371 270.546906 69.672897
v -1416.426758 258.587311 75.111900
v -1414.809570 255.792297 73.593903
v -1418.184326 262.380188 69.966301
v -1412.900635 262.608490 69.402496
v -1415.154053 263.886292 72.350998
v -1416.290283 270.261688 68.613701
v -1415.563721 262.806610 65.742203
v -1417.885498 268.380402 65.910301
v -1414.311768 270.987213 63.201900
v -1415.271729 271.180908 64.956596
v -1412.754883 272.673096 62.969299
v -1414.107422 273.734589 64.009598
v -1411.869385 277.486389 59.681499
v -1417.600342 274.312012 65.054001
v -1428.256348 275.089294 65.898003
v -1428.256592 280.305115 62.463402
v -1415.847412 276.837097 63.645901
v -1417.739258 280.498688 61.903999
v -1428.258057 286.036194 54.230202
v -1412.187256 278.836487 60.938599
v -1417.492188 285.566895 53.488300
v -1428.259521 287.262299 49.004700
v -1415.180420 284.963409 52.598900
v -1409.150879 264.344788 -65.082802
v -1409.966797 274.015991 -61.370098
v -1427.453125 250.521896 -70.605003
v -1414.038574 282.435608 -57.861900
v -1427.453125 87.547798 -64.650299
v -1418.548096 275.596008 -65.933601
v -1427.453125 82.530800 -50.847401
v -1427.453125 81.970200 -44.257401
v -1422.576904 85.747597 -66.111801
v -1427.453125 80.816002 -35.918900
v -1421.890869 77.743401 -50.313999
v -1407.419922 76.493599 -40.919701
v -1412.956543 74.173103 -46.985600
v -1406.906250 75.686401 -35.918900
v -1407.419922 76.493599 -30.917999
v -1409.247314 72.055901 -40.613098
v -1409.526123 71.181099 -35.918900
v -1409.247314 72.055901 -31.224600
v -1412.956543 74.173103 -24.852200
v -1421.890869 77.743401 -21.523701
v -1412.238281 67.611000 -35.918900
v -1411.116699 69.707802 -28.099199
v -1411.734375 68.219803 -22.194799
v -1405.919434 59.045601 -30.354000
v -1421.460449 64.491699 -8.622000
v -1411.116699 69.707802 -43.738499
v -1405.919434 59.045601 -41.483799
v -1411.734375 68.219803 -49.642899
v -1421.460449 64.491699 -63.215698
v -1405.430664 58.398998 -50.081600
v -1413.776855 52.717602 -35.918900
v -1406.611328 51.691101 -50.147301
v -1410.651123 49.550999 -42.110199
v -1412.461670 51.600700 -60.329498
v -1428.265137 45.954102 -53.365101
v -1428.264648 45.011902 -47.126099
v -1428.265869 48.641998 -63.084999
v -1428.266602 50.492401 -66.122398
v -1428.266113 51.732700 -70.163803
v -1415.112549 43.670799 -40.751499
v -1428.261230 42.219700 -44.001598
v -1414.541504 45.088501 -35.918900
v -1418.769287 41.911701 -35.918900
v -1428.260010 40.818600 -35.918900
v -1428.261230 42.219700 -27.836100
v -1415.112549 43.670799 -31.086300
v -1428.264648 45.011902 -24.711599
v -1410.651123 49.550999 -29.727600
v -1428.265137 45.954102 -18.472700
v -1406.611328 51.691101 -21.690399
v -1405.430664 58.398998 -21.756201
v -1412.461670 51.600700 -11.508300
v -1428.265869 48.641998 -8.752700
v -1428.266602 50.492500 -5.715300
v -1428.266113 51.732700 -1.673900
v -1410.411865 56.228298 -1.593000
v -1413.798584 64.676399 -0.177100
v -1418.567383 54.906700 3.430800
v -1428.266357 53.601398 3.597600
v -1416.809326 59.056801 2.865800
v -1423.223145 57.523602 7.204700
v -1428.268066 57.186298 7.580200
v -1428.270996 61.839401 7.527100
v -1428.272217 63.006599 4.755100
v -1428.272461 62.047298 0.898100
v -1428.274902 72.705498 7.050100
v -1415.202148 76.036697 6.525800
v -1428.274414 79.849403 15.025600
v -1422.593994 78.470497 0.541500
v -1414.750244 84.918602 15.675000
v -1428.273438 82.168701 23.354099
v -1420.257568 89.757401 13.047500
v -1412.365479 88.220001 24.509501
v -1428.271973 82.206902 28.349800
v -1421.682129 97.295998 27.413000
v -1410.733887 88.311203 31.175400
v -1412.132324 85.215103 34.785301
v -1428.270020 79.871696 31.103500
v -1428.268311 81.082497 35.842300
v -1428.268066 86.761703 43.912300
v -1423.791016 91.607498 35.834400
v -1411.517090 90.738403 41.337700
v -1428.268555 96.215202 51.915001
v -1425.153076 96.759300 42.148300
v -1412.198975 101.161598 49.572399
v -1419.564209 112.103203 35.904999
v -1424.341309 104.924202 49.173801
v -1413.423096 113.966499 57.538300
v -1424.520508 117.977798 55.849800
v -1423.156738 118.252197 30.447201
v -1424.678711 127.194901 44.045601
v -1422.380859 132.313004 38.829800
v -1427.453125 148.010803 40.693401
v -1423.599121 136.078796 63.589298
v -1412.256592 154.221893 71.478600
v -1427.453125 231.396500 30.809601
v -1425.287354 156.707703 68.781197
v -1424.355957 145.296707 50.036598
v -1426.932373 174.184692 68.928398
v -1424.668213 161.322495 53.730999
v -1424.905518 148.555603 43.439899
v -1426.912354 178.643005 60.106098
v -1427.453125 165.397903 44.402302
v -1425.563232 165.553802 46.523701
v -1422.194580 172.677094 55.646900
v -1427.453125 218.180801 36.065201
v -1427.453125 188.397995 44.367199
v -1422.319092 181.617798 47.532700
v -1425.810059 218.283493 38.043301
v -1427.453125 200.690598 43.747601
v -1422.846680 211.862595 49.832600
v -1419.148438 207.487396 50.353500
v -1419.407471 194.101593 46.667099
v -1415.592285 196.763702 55.340599
v -1415.183350 188.905899 52.527802
v -1416.871094 181.015503 52.516102
v -1418.860107 183.434097 55.800499
v -1419.004883 186.639893 59.055698
v -1419.250000 175.581802 55.755199
v -1421.333984 178.276306 58.737701
v -1418.103027 284.817688 -52.269402
v -1420.244141 295.312988 -46.512501
v -1423.396973 293.620697 -56.501999
v -1417.266846 298.782593 -41.167500
v -1417.051025 298.623505 -45.267700
v -1413.544434 298.706207 -35.918900
v -1421.201660 296.601593 -48.561001
v -1412.896729 299.020386 -41.736301
v -1416.506836 300.396515 -46.065701
v -1410.419922 300.529694 -35.918900
v -1428.262939 301.819000 -46.616798
v -1428.264648 299.042114 -49.575901
v -1428.264893 298.329590 -53.382301
v -1428.260986 305.144104 -43.840302
v -1428.265869 296.357391 -56.806499
v -1412.753418 301.269806 -41.934399
v -1428.260498 306.324585 -35.918900
v -1412.753418 301.269806 -29.903299
v -1428.260986 305.144104 -27.997499
v -1412.896729 299.020386 -30.101500
v -1416.506836 300.396515 -25.771999
v -1417.051025 298.623505 -26.570000
v -1418.913086 250.613098 -95.130600
v -1408.290283 253.902603 -93.007698
v -1427.452881 249.433395 -92.006897
v -1412.305908 262.914001 -101.220497
v -1407.848145 252.018295 -83.863403
v -1422.291260 254.365295 -107.068100
v -1417.710449 264.802307 -85.313599
v -1408.483154 263.790894 -99.697098
v -1408.216309 254.897705 -73.119698
v -1414.198242 276.781586 -98.551003
v -1427.453125 249.026093 -84.994301
v -1415.563477 272.581512 -90.903000
v -1418.433350 276.739899 -100.342201
v -1417.857910 267.839111 -73.580101
v -1413.944092 269.479004 -76.049301
v -1414.256592 267.510590 -84.221901
v -1412.922852 278.231689 -71.399300
v -1413.455078 275.417114 -79.525497
v -1420.449707 280.264008 -69.552101
v -1412.467285 278.424500 -87.308197
v -1412.573242 279.376007 -81.775803
v -1412.002441 285.794189 -74.934601
v -1414.800293 283.809113 -92.092300
v -1413.210205 286.750305 -82.792503
v -1419.900635 284.723389 -92.769699
v -1417.989502 286.362610 -75.285797
v -1418.506592 287.183014 -82.748299
v -1420.711670 293.794006 -78.122498
v -1421.292236 286.603699 -66.626801
v -1423.500488 291.627808 -71.217697
v -1416.856934 293.822296 -69.456398
v -1419.824951 292.980499 -85.258797
v -1419.873047 291.156189 -92.154701
v -1422.986572 287.715607 -97.258797
v -1424.325684 287.132507 -102.124298
v -1413.863281 289.527893 -96.734200
v -1415.383301 292.419098 -92.438004
v -1415.361572 294.164093 -85.333801
v -1415.571533 295.772614 -76.896103
v -1428.259766 294.774994 -93.823303
v -1428.258057 297.873199 -84.915199
v -1428.259277 300.490295 -74.565300
v -1428.261230 300.648010 -66.209000
v -1428.264404 298.099701 -60.174099
v -1415.738525 290.846405 -98.752800
v -1428.260986 292.143585 -100.611397
v -1415.921387 288.922607 -64.613297
v -1413.328125 287.710114 -104.651901
v -1428.260986 291.217102 -104.872704
v -1415.060791 286.561493 -99.335701
v -1413.954102 286.894806 -102.150803
v -1416.583008 283.673798 -106.371803
v -1414.358398 287.457092 -108.518501
v -1428.261230 289.674011 -108.903801
v -1412.972900 283.829315 -107.502800
v -1418.212891 280.083313 -111.138702
v -1423.832764 284.923309 -106.410202
v -1426.491943 280.120697 -105.591599
v -1425.668945 281.915192 -110.498802
v -1423.067139 268.099304 -108.024399
v -1426.672363 276.490692 -114.254601
v -1424.802002 281.987793 -114.772598
v -1427.690918 270.898499 -122.673897
v -1419.635742 279.262512 -121.388000
v -1418.668701 280.713989 -114.661499
v -1420.385498 283.352295 -117.242401
v -1414.029541 284.049408 -112.049500
v -1418.008545 283.132202 -116.520897
v -1416.112549 287.000305 -112.070000
v -1416.242920 287.355286 -113.126297
v -1428.260498 288.650208 -114.792900
v -1415.161377 285.116913 -115.711304
v -1428.260254 286.610413 -119.599098
v -1414.114502 283.337006 -118.134201
v -1414.863281 283.674408 -123.932098
v -1414.354736 278.650208 -122.194603
v -1416.430664 272.101593 -125.403900
v -1413.062012 278.165009 -127.163200
v -1415.180420 284.830414 -124.436600
v -1428.259521 287.138794 -120.842400
v -1413.395020 276.355011 -131.143097
v -1422.238281 273.509186 -124.978302
v -1412.680664 268.976501 -130.475494
v -1419.479248 265.336487 -127.034897
v -1424.869629 267.837494 -126.528603
v -1427.481689 263.710510 -127.548698
v -1417.956299 259.700104 -133.227402
v -1421.981689 260.652100 -129.394608
v -1412.442383 266.258514 -134.608704
v -1424.236084 255.882507 -132.889099
v -1427.098877 256.430786 -132.592194
v -1418.003174 257.997986 -137.071198
v -1425.090576 253.141495 -135.388504
v -1423.870605 253.656906 -137.089798
v -1425.123047 244.530197 -134.405807
v -1425.040039 250.744095 -137.605606
v -1422.739014 247.638199 -138.989594
v -1426.479736 240.676300 -112.763100
v -1419.903076 258.915314 -138.563705
v -1415.563477 262.878113 -137.579895
v -1414.311768 271.209198 -135.039597
v -1421.819824 251.729202 -141.947800
v -1422.000244 253.686295 -145.700699
v -1418.184326 262.537109 -141.804001
v -1417.885498 268.606995 -137.748001
v -1412.900635 262.747314 -141.240204
v -1415.271729 271.454590 -136.794296
v -1414.107422 274.050812 -135.847305
v -1412.754883 272.929810 -134.807007
v -1411.869385 277.485901 -131.519196
v -1412.187256 278.864410 -132.776306
v -1415.847412 277.233185 -135.483597
v -1417.492188 285.434601 -125.325996
v -1428.258057 285.906311 -126.067902
v -1417.739258 280.501587 -133.741699
v -1428.256592 280.520813 -134.301102
v -1417.600342 274.679993 -136.891800
v -1428.256104 275.510010 -137.735703
v -1428.255371 270.933289 -141.510696
v -1416.290283 270.603302 -140.451401
v -1417.979248 265.576294 -145.328003
v -1428.254150 266.159088 -145.938400
v -1415.154053 264.130310 -144.188705
v -1419.514893 260.604309 -148.504700
v -1428.253418 261.269806 -149.085693
v -1416.426758 258.743011 -146.949600
v -1421.217529 256.340210 -150.245300
v -1414.809326 255.843994 -145.431595
v -1417.910645 252.714706 -148.675400
v -1421.687988 253.432205 -150.219803
v -1422.533447 252.169296 -148.376404
v -1415.970947 247.337601 -146.477005
v -1424.608887 249.624695 -151.711700
v -1416.453613 246.580795 -143.012497
v -1416.462891 246.987106 -149.361206
v -1416.362061 241.576004 -147.106598
v -1416.118896 243.551895 -140.234299
v -1421.526611 245.669601 -153.094498
v -1422.993652 241.333298 -136.151093
v -1416.820801 239.622101 -144.454193
v -1416.688477 238.613800 -137.673798
v -1425.001953 235.735199 -131.040298
v -1423.710449 233.918701 -133.193405
v -1417.574707 232.467102 -141.923798
v -1426.661865 227.882202 -120.463997
v -1424.868896 225.164902 -129.125107
v -1418.162598 232.165695 -135.381500
v -1424.109863 224.277405 -131.427200
v -1424.039062 215.881302 -127.959198
v -1418.927246 223.491898 -133.506195
v -1420.698730 223.375000 -141.433594
v -1423.007324 216.308197 -130.634705
v -1420.154785 215.914001 -132.848297
v -1418.340332 211.695206 -130.448593
v -1419.802246 213.667007 -137.475601
v -1421.041260 232.884094 -143.550400
v -1425.431152 223.956497 -142.671204
v -1419.976318 238.256805 -146.854401
v -1420.508301 231.938507 -145.332901
v -1416.058350 234.543106 -149.051804
v -1415.397461 240.385406 -150.298294
v -1415.748779 241.567398 -153.657700
v -1415.615234 235.875305 -152.936295
v -1415.246826 229.904099 -151.841995
v -1414.889160 230.942795 -146.633606
v -1412.576416 225.211807 -149.626999
v -1414.564209 223.667496 -147.557495
v -1413.626221 222.586807 -153.171906
v -1424.622559 222.405197 -146.570694
v -1415.837158 216.580399 -150.041397
v -1425.228027 213.525406 -150.175003
v -1415.567383 212.703796 -153.462601
v -1414.387207 214.719406 -157.145599
v -1423.305664 209.639893 -154.231598
v -1425.667725 209.420502 -143.475403
v -1422.495605 202.196198 -148.485397
v -1421.937012 210.302704 -142.140106
v -1415.961670 205.162796 -141.900894
v -1416.536865 209.839996 -136.565399
v -1414.973389 200.556595 -135.824203
v -1415.691895 199.968994 -131.344803
v -1415.044922 197.129105 -139.970993
v -1421.361816 192.550507 -132.997192
v -1415.201660 195.873703 -146.302002
v -1414.480225 190.529602 -143.139206
v -1421.877686 182.483002 -151.471100
v -1424.989258 185.427200 -138.213104
v -1417.699219 178.161499 -149.634995
v -1416.158447 176.060104 -144.635406
v -1417.501221 156.681107 -148.444305
v -1421.548096 204.354706 -153.850906
v -1428.263916 188.585602 -158.388000
v -1428.263916 205.160904 -158.134903
v -1428.265625 171.091995 -156.335098
v -1428.263428 211.202393 -158.343704
v -1428.267090 156.173203 -151.549698
v -1428.268555 133.082306 -143.445908
v -1428.260254 218.720505 -160.464600
v -1411.622070 132.925598 -137.079407
v -1414.271729 220.654999 -158.945602
v -1428.269287 113.342499 -133.941299
v -1415.091553 227.574905 -158.822098
v -1428.257324 228.835800 -159.832001
v -1413.064697 223.767593 -154.881104
v -1414.176025 229.590393 -154.898407
v -1416.404297 235.873703 -156.297104
v -1428.255615 237.462906 -157.338806
v -1428.255371 243.526093 -154.982193
v -1428.253662 246.029099 -155.779495
v -1421.020020 247.989807 -154.102097
v -1423.770508 249.685196 -153.438904
v -1419.861816 251.588394 -156.478394
v -1428.250977 249.932693 -158.279099
v -1428.249023 258.448395 -158.500793
v -1419.994629 252.791702 -155.113602
v -1420.118164 258.422791 -156.818604
v -1428.248779 263.081696 -157.297501
v -1421.326416 253.630096 -154.002899
v -1419.624756 259.024109 -154.661697
v -1428.251709 258.747009 -153.291107
v -1428.253906 258.272400 -149.886993
v -1428.250977 264.062897 -151.761002
v -1419.395996 262.822296 -154.727203
v -1419.144531 263.673798 -152.680893
v -1420.290039 267.125397 -152.754501
v -1428.250488 267.584015 -151.174500
v -1428.248535 269.428711 -155.008804
v -1428.250244 271.308807 -149.542297
v -1428.250732 269.903809 -149.483704
v -1428.249023 273.205200 -151.084396
v -1418.358643 279.721893 -64.035202
v -1412.500977 280.067291 -61.418201
v -1420.678711 283.918915 -65.124496
v -1418.652588 282.069489 -61.821800
v -1419.829834 286.508514 -64.779198
v -1415.653076 285.364807 -63.383301
v -1416.556641 289.062592 -61.145901
v -1422.846680 212.316299 -121.670303
v -1425.810059 218.572693 -109.880997
v -1419.148438 208.093002 -122.191101
v -1424.250000 231.688705 -104.028397
v -1427.453125 201.540207 -115.585297
v -1415.592285 197.681198 -127.178299
v -1419.407227 195.157806 -118.504799
v -1418.860107 184.696701 -127.638199
v -1415.183350 190.070999 -124.365501
v -1422.319092 182.978104 -119.370399
v -1427.453125 189.597000 -116.204903
v -1427.453125 218.479996 -107.902901
v -1416.871094 182.366806 -124.353798
v -1419.250000 177.006393 -127.592903
v -1422.194580 174.143204 -127.484596
v -1425.563232 167.167297 -118.361504
v -1427.453125 167.012695 -116.239998
v -1427.453125 231.298096 -102.647301
v -1424.905518 150.242706 -115.277603
v -1427.453125 149.680496 -112.531097
v -1427.453125 241.998505 -97.196503
v -1421.043701 242.470901 -98.960701
v -1427.453125 133.492599 -107.500999
v -1422.380859 133.782196 -110.667503
v -1427.453125 119.634003 -99.656097
v -1423.156494 119.026703 -102.284897
v -1424.355957 146.960602 -121.874397
v -1427.453125 109.073700 -90.172203
v -1422.208984 106.937698 -92.112396
v -1427.453125 99.240700 -77.888702
v -1422.861816 96.679398 -79.529602
v -1419.564209 112.619797 -107.742699
v -1420.257568 89.839897 -84.885201
v -1424.678711 128.555603 -115.883301
v -1421.682129 97.419098 -99.250702
v -1424.520508 119.082802 -127.687500
v -1423.599121 137.603897 -135.427002
v -1424.341064 105.180099 -121.011497
v -1425.287354 158.201401 -140.618896
v -1425.153076 96.900497 -113.986000
v -1413.423096 114.928299 -129.376007
v -1412.256592 155.731903 -143.316299
v -1412.198975 101.318199 -121.410202
v -1428.268311 96.363899 -123.752701
v -1411.517090 90.868202 -113.175400
v -1428.268066 86.883102 -115.750000
v -1412.132324 85.323196 -106.623001
v -1428.268311 81.178200 -107.680099
v -1428.270020 79.957001 -102.941299
v -1428.271973 82.294800 -100.187599
v -1423.791016 91.731598 -107.672096
v -1410.733643 88.421700 -103.013100
v -1412.365479 88.319901 -96.347298
v -1428.273438 82.248199 -95.191902
v -1414.750000 84.994202 -87.512703
v -1428.274414 79.906601 -86.863297
v -1415.202148 76.066498 -78.363503
v -1428.274902 72.722504 -78.887802
v -1413.798584 64.676399 -71.660599
v -1422.593994 78.494499 -72.379204
v -1428.272461 62.047298 -72.735802
v -1416.809326 59.056801 -74.703499
v -1428.272217 63.006599 -76.592796
v -1410.411865 56.228298 -70.244698
v -1428.270996 61.839401 -79.364799
v -1418.567383 54.906700 -75.268501
v -1428.266357 53.601398 -75.435303
v -1423.223145 57.523602 -79.042397
v -1428.268066 57.186298 -79.417900
v -1426.912354 179.935303 -131.943802
v -1419.004883 187.792099 -130.893402
v -1421.333984 179.612900 -130.575394
v -1426.932373 175.452393 -140.766098
v -1424.668213 162.935303 -125.568703
v -1421.217529 256.340210 -150.245300
v -1428.253906 258.272400 -149.886993
v -1428.253418 261.269806 -149.085693
v -1421.217529 256.183502 78.407600
v -1428.253662 260.996704 77.248001
v -1428.254150 258.068695 78.049301
vn 0.6811 -0.6389 -0.3576
vn 0.9376 -0.3264 -0.1196
vn 0.8084 -0.5566 -0.1915
vn 0.7063 -0.6944 -0.1377
vn 0.9344 -0.3562 0.0010
vn 0.7690 -0.4082 -0.4919
vn 0.7049 -0.7093 0.0024
vn 0.6667 -0.3030 -0.6810
vn 0.9347 -0.3553 0.0095
vn 0.8129 0.1226 -0.5694
vn 0.6722 -0.6821 0.2878
vn 0.9050 -0.4255 0.0005
vn 0.8197 -0.4974 0.2841
vn 0.8942 0.2619 -0.3630
vn 0.9787 0.1701 -0.1149
vn 0.7686 -0.4080 0.4927
vn 0.9333 0.3591 -0.0000
vn 0.8943 0.2618 0.3629
vn 0.9053 0.4248 -0.0000
vn 0.9787 0.1701 0.1148
vn 0.7715 -0.6362 -0.0000
vn 0.8129 0.1225 0.5693
vn 0.5032 -0.8641 0.0126
vn 0.9370 -0.0339 0.3478
vn 0.6663 -0.3033 0.6812
vn 0.7056 -0.6945 0.1411
vn 0.6805 -0.6390 0.3587
vn 0.9345 -0.3559 -0.0089
vn 0.9374 -0.3267 0.1207
vn 0.8083 -0.5564 0.1924
vn 0.8467 0.5318 0.0199
vn 0.6722 -0.6827 -0.2865
vn 0.9572 0.2876 0.0339
vn 0.9217 0.3055 -0.2390
vn 0.8816 0.4536 -0.1310
vn 0.8188 0.5021 -0.2782
vn 0.8197 -0.4979 -0.2832
vn 0.9971 0.0765 -0.0014
vn 0.9702 -0.0912 -0.2244
vn 0.8582 -0.4665 -0.2142
vn 0.8542 0.4443 -0.2701
vn 0.7763 0.3213 0.5423
vn 0.8831 0.3599 -0.3008
vn 0.7054 0.5499 0.4473
vn 0.9920 0.1201 -0.0390
vn 0.7928 0.4649 -0.3941
vn 0.8534 0.3798 -0.3571
vn 0.8906 -0.3626 -0.2744
vn 0.7839 -0.6203 -0.0271
vn 0.8363 0.3895 -0.3859
vn 0.8902 -0.4547 -0.0291
vn 0.8506 0.3244 -0.4138
vn 0.7165 -0.6421 -0.2726
vn 0.9961 0.0434 -0.0771
vn 0.8798 -0.4109 0.2392
vn 0.8461 0.2217 -0.4848
vn 0.6258 -0.7785 -0.0481
vn 0.5166 -0.1589 0.8414
vn 0.8444 -0.4213 -0.3310
vn 0.9057 0.0611 0.4195
vn 0.9957 -0.0118 -0.0914
vn 0.8860 -0.1770 0.4287
vn 0.7874 -0.3264 -0.5229
vn 0.8786 -0.2769 -0.3892
vn 0.7589 0.4305 0.4887
vn 0.9850 -0.0417 0.1675
vn 0.8240 0.1772 0.5381
vn 0.5555 0.4064 0.7254
vn 0.7209 0.5232 0.4544
vn 0.9159 -0.2900 -0.2775
vn 0.6548 0.6057 0.4521
vn 0.9678 -0.1238 0.2191
vn 0.9290 0.0006 0.3700
vn 0.6874 0.7222 0.0770
vn 0.7237 -0.6894 0.0305
vn 0.9874 -0.1064 -0.1174
vn 0.6486 0.7482 0.1396
vn 0.9973 -0.0735 0.0012
vn 0.6734 0.5874 -0.4489
vn 0.9861 -0.1635 0.0309
vn 0.7146 -0.0126 -0.6994
vn 0.6094 0.6566 -0.4444
vn 0.8515 -0.4983 0.1632
vn 0.8212 -0.4925 -0.2881
vn 0.9101 0.2328 -0.3428
vn 0.6760 0.4368 0.5935
vn 0.9301 -0.1842 0.3178
vn 0.6857 0.0732 0.7242
vn 0.8616 0.0534 0.5047
vn 0.7441 -0.0335 0.6672
vn 0.8421 0.5366 -0.0548
vn 0.6073 -0.3533 0.7116
vn 0.9753 -0.2110 0.0650
vn 0.6421 0.7527 0.1454
vn 0.5646 0.8194 0.0992
vn 0.6019 0.7093 -0.3669
vn 0.4229 0.8376 0.3457
vn 0.9863 0.1503 0.0686
vn 0.5357 0.8261 -0.1746
vn 0.6699 0.3556 0.6517
vn 0.3437 0.8353 0.4290
vn 0.1771 0.6291 0.7569
vn 0.4020 0.9142 0.0519
vn 0.9541 -0.2651 0.1390
vn 0.9907 0.1356 -0.0073
vn 0.2691 0.9273 0.2600
vn 0.8516 -0.5085 -0.1272
vn 0.9979 0.0167 0.0620
vn 0.1968 0.9311 0.3072
vn 0.8321 -0.5372 -0.1379
vn 0.9248 0.2381 -0.2969
vn 0.5451 0.7738 0.3226
vn 0.7507 -0.6405 -0.1618
vn 0.1791 0.9354 0.3048
vn 0.9655 -0.1920 -0.1758
vn 0.8854 -0.4597 0.0690
vn 0.5575 -0.7680 -0.3151
vn 0.9306 0.3661 0.0062
vn 0.7913 -0.5211 -0.3198
vn 0.1974 0.9458 0.2579
vn 0.1121 -0.7935 -0.5981
vn 0.3633 -0.8064 -0.4667
vn 0.8591 -0.4411 -0.2595
vn 0.6255 0.7342 0.2641
vn 0.1490 0.9558 0.2535
vn 0.1908 -0.9706 -0.1468
vn 0.6398 -0.7352 -0.2239
vn 0.8826 -0.1193 0.4547
vn 0.5524 -0.7919 -0.2603
vn 0.2392 -0.8626 0.4458
vn 0.6214 0.7641 0.1730
vn 0.5347 0.8313 0.1521
vn 0.1711 0.9374 0.3032
vn 0.9264 0.2121 -0.3110
vn 0.2427 0.9700 0.0157
vn 0.3546 -0.8766 0.3253
vn 0.2484 -0.9636 -0.0990
vn 0.8923 -0.1804 -0.4139
vn 0.3078 -0.6005 -0.7380
vn 0.8594 0.4722 -0.1960
vn 0.7235 -0.3637 -0.5867
vn 0.2569 -0.4866 -0.8350
vn 0.2318 -0.3649 -0.9017
vn 0.4156 -0.3831 -0.8249
vn 0.9919 0.1182 -0.0459
vn 0.2951 -0.4334 -0.8515
vn 0.8907 -0.2401 -0.3859
vn 0.9217 -0.2465 -0.2996
vn 0.7940 -0.2732 -0.5431
vn 0.2250 -0.5927 -0.7734
vn 0.6016 -0.6538 -0.4590
vn 0.9466 -0.2116 0.2432
vn 0.2357 -0.6848 -0.6896
vn 0.8013 -0.3298 -0.4991
vn 0.6703 -0.6872 0.2801
vn -0.3899 -0.9205 0.0254
vn 0.9272 0.1677 -0.3349
vn 0.6875 -0.5753 -0.4432
vn 0.6990 -0.0628 -0.7124
vn 0.6597 0.2958 -0.6909
vn 0.9572 0.0602 -0.2831
vn 0.7612 -0.5213 0.3858
vn 0.6124 0.2922 -0.7345
vn 0.9976 0.0539 -0.0444
vn 0.8642 0.2654 -0.4275
vn 0.6986 0.1549 -0.6985
vn 0.8339 0.1172 -0.5393
vn 0.9679 0.0724 -0.2408
vn 0.8233 -0.0124 -0.5675
vn 0.7539 0.1217 -0.6457
vn 0.8829 0.4091 -0.2306
vn 0.7328 0.3472 -0.5851
vn 0.8784 0.0317 -0.4769
vn 0.7189 -0.1177 0.6851
vn 0.8912 0.1932 -0.4103
vn 0.8516 -0.3188 0.4162
vn 0.9203 -0.2945 0.2575
vn 0.8609 0.4536 -0.2302
vn 0.9353 0.2196 0.2774
vn 0.8615 0.3903 -0.3247
vn 0.9643 -0.1589 -0.2117
vn 0.9150 0.1782 -0.3619
vn 0.9195 0.3928 0.0172
vn 0.9115 -0.2009 -0.3588
vn 0.7801 0.4935 0.3846
vn 0.8667 -0.4287 -0.2550
vn 0.8082 -0.3889 0.4422
vn 0.8719 0.1526 -0.4652
vn 0.6806 -0.0734 -0.7289
vn 0.8417 -0.2604 0.4729
vn 0.5010 0.2443 0.8302
vn 0.6613 -0.3136 -0.6814
vn 0.8894 0.4381 0.1305
vn 0.8176 0.2864 0.4994
vn 0.7992 -0.2113 -0.5627
vn 0.8098 0.3892 0.4390
vn 0.9868 -0.1565 -0.0407
vn 0.8951 0.3275 0.3025
vn 0.9852 -0.1225 -0.1199
vn 0.9628 -0.1683 -0.2114
vn 0.8732 -0.4419 0.2055
vn 0.8143 0.1590 0.5582
vn 0.9454 -0.1572 -0.2855
vn 0.5974 0.0018 0.8019
vn 0.7128 -0.0275 0.7008
vn 0.8148 -0.3666 -0.4491
vn 0.9144 -0.0699 -0.3987
vn 0.5293 -0.1546 0.8343
vn 0.9292 0.1506 0.3374
vn 0.6632 -0.0709 0.7451
vn 0.5604 -0.0735 0.8249
vn 0.5623 0.0243 0.8266
vn 0.2720 -0.3034 0.9132
vn 0.8667 -0.4168 0.2742
vn 0.3155 -0.3735 0.8723
vn 0.3779 -0.3060 0.8738
vn 0.9950 -0.0907 -0.0414
vn 0.7303 -0.4717 0.4941
vn 0.2980 -0.4556 0.8389
vn 0.1214 -0.1229 0.9850
vn 0.6386 -0.7266 -0.2533
vn 0.5890 -0.4111 -0.6957
vn 0.9776 -0.1259 -0.1686
vn 0.5679 -0.2984 -0.7671
vn 0.9908 -0.0645 -0.1188
vn 0.7116 0.2871 -0.6413
vn 0.9707 0.2305 -0.0684
vn 0.9983 0.0548 -0.0205
vn 0.6395 -0.0858 0.7640
vn 0.5842 0.1968 0.7874
vn 0.0981 0.1810 0.9786
vn 0.9785 0.2040 0.0289
vn 0.6015 0.3151 0.7341
vn 0.1333 0.3284 0.9351
vn 0.9971 0.0632 0.0430
vn 0.7339 0.3292 0.5941
vn 0.2416 0.0929 0.9659
vn 0.9940 0.0376 -0.1029
vn 0.4427 0.3420 0.8289
vn 0.3140 -0.4306 0.8462
vn 0.9838 0.0974 0.1505
vn 0.9079 -0.3884 -0.1578
vn 0.8399 -0.2412 0.4862
vn 0.7669 -0.0288 -0.6412
vn 0.7824 -0.5218 0.3400
vn 0.8011 -0.2536 0.5422
vn 0.2530 -0.3082 0.9171
vn 0.2020 0.1090 0.9733
vn 0.8723 -0.0668 -0.4844
vn 0.6660 0.0904 0.7405
vn 0.2614 0.3321 0.9063
vn 0.7863 -0.0745 -0.6133
vn 0.8544 -0.1585 -0.4949
vn 0.7715 0.2552 0.5828
vn 0.7291 0.6572 -0.1910
vn 0.7947 -0.0073 -0.6070
vn 0.1470 -0.2147 -0.9656
vn 0.3674 0.4552 -0.8110
vn 0.2316 -0.2915 -0.9281
vn 0.4902 0.6196 0.6130
vn 0.9384 0.2428 -0.2460
vn 1.0000 -0.0003 -0.0006
vn 0.7386 0.2556 0.6238
vn 0.1709 0.7672 0.6183
vn 0.3270 0.3427 0.8807
vn 0.0705 0.4281 0.9010
vn 0.0834 0.6120 0.7865
vn 0.5715 -0.7270 0.3805
vn 0.3058 0.5280 0.7923
vn 0.0883 0.6646 0.7419
vn 0.6522 0.1597 0.7410
vn 0.8502 -0.4979 -0.1711
vn 0.5868 -0.6481 -0.4853
vn 0.8947 -0.2545 -0.3670
vn 0.6877 0.3243 0.6495
vn 0.5242 0.6050 0.5994
vn 0.7982 -0.2103 0.5645
vn 0.9291 -0.3658 -0.0536
vn 0.8109 -0.0750 0.5804
vn 0.8899 -0.0409 0.4542
vn 0.8985 -0.3937 0.1942
vn 0.5567 0.1312 0.8203
vn 0.9545 -0.1955 -0.2250
vn 0.2363 0.5001 0.8331
vn 0.1052 0.5919 0.7992
vn 0.0501 0.6780 0.7333
vn 0.2578 0.4173 0.8714
vn 0.1619 0.6857 0.7096
vn 0.0502 0.9163 0.3973
vn 0.7788 0.4270 0.4595
vn 0.2192 0.9453 0.2416
vn 0.1879 0.9717 -0.1428
vn 0.6172 0.7556 -0.2196
vn 0.9702 -0.0911 0.2243
vn 0.9971 0.0762 0.0012
vn 0.8581 -0.4663 0.2149
vn 0.9223 0.3045 0.2381
vn 0.8189 0.5014 0.2794
vn 0.7762 0.3207 -0.5428
vn 0.8814 0.4537 0.1315
vn 0.8467 0.5318 -0.0199
vn 0.8543 0.4436 0.2710
vn 0.7628 0.6467 -0.0000
vn 0.7016 0.6931 -0.1655
vn 0.8339 0.4517 -0.3170
vn 0.6294 0.4877 -0.6050
vn 0.9433 0.3321 -0.0000
vn 0.8339 0.4517 0.3170
vn 0.8640 -0.4359 -0.2520
vn 0.8279 -0.5609 -0.0000
vn 0.8640 -0.4359 0.2520
vn 0.6294 0.4877 0.6050
vn 0.7014 0.6932 0.1657
vn 0.9956 -0.0934 -0.0000
vn 0.9727 0.1436 0.1825
vn 0.7637 0.4728 0.4396
vn 0.9238 0.0410 -0.3806
vn 0.8932 0.4493 -0.0195
vn 0.9727 0.1436 -0.1825
vn 0.9238 0.0410 0.3806
vn 0.7637 0.4728 -0.4396
vn 0.8932 0.4492 0.0196
vn 0.9381 0.1995 -0.2833
vn 0.9697 -0.2442 -0.0000
vn 0.7826 -0.6042 -0.1498
vn 0.7442 -0.6532 0.1395
vn 0.7201 -0.5588 -0.4114
vn 0.2573 -0.9489 -0.1827
vn 0.2898 -0.8607 -0.4186
vn 0.2330 -0.8897 -0.3926
vn 0.2011 -0.9026 -0.3806
vn 0.1780 -0.9378 -0.2981
vn 0.5350 -0.7643 -0.3599
vn 0.1959 -0.8662 -0.4597
vn 0.8172 -0.5763 -0.0000
vn 0.2854 -0.9584 -0.0000
vn 0.1128 -0.9936 -0.0000
vn 0.1959 -0.8662 0.4597
vn 0.5350 -0.7643 0.3599
vn 0.2898 -0.8607 0.4186
vn 0.7442 -0.6532 -0.1395
vn 0.2573 -0.9489 0.1827
vn 0.7826 -0.6042 0.1498
vn 0.9381 0.1995 0.2833
vn 0.7201 -0.5588 0.4114
vn 0.2330 -0.8897 0.3926
vn 0.2011 -0.9026 0.3807
vn 0.1780 -0.9378 0.2981
vn 0.9508 -0.2254 0.2127
vn 0.9068 0.3589 0.2210
vn 0.4122 -0.6776 0.6091
vn 0.1190 -0.8580 0.4996
vn 0.4364 0.2366 0.8681
vn 0.3228 -0.1843 0.9284
vn 0.0923 -0.4066 0.9089
vn 0.3184 0.5833 0.7473
vn 0.3346 0.9376 0.0946
vn 0.3616 0.5189 0.7746
vn 0.1813 -0.6051 0.7752
vn 0.9827 -0.1147 0.1456
vn 0.2730 -0.8242 0.4962
vn 0.9232 0.2267 -0.3103
vn 0.9738 -0.2096 -0.0888
vn 0.3407 -0.9297 0.1400
vn 0.8743 0.3810 -0.3009
vn 0.9669 -0.1325 -0.2180
vn 0.3760 -0.8732 -0.3100
vn 0.9537 0.2854 0.0944
vn 0.9895 0.0218 0.1426
vn 0.8737 -0.4628 0.1499
vn 0.3517 -0.9042 -0.2423
vn 0.2499 -0.8815 0.4006
vn 0.2548 -0.7094 0.6571
vn 0.7629 0.6451 0.0420
vn 0.9972 -0.0205 0.0719
vn 0.2726 -0.5645 0.7791
vn 0.8706 0.3486 -0.3472
vn 0.9966 0.0700 0.0445
vn 0.9970 0.0757 0.0136
vn 0.8398 0.2948 -0.4559
vn 0.9988 -0.0491 -0.0020
vn 0.8207 0.2761 -0.5003
vn 0.7847 0.4259 -0.4504
vn 0.9929 0.0176 0.1177
vn 0.9464 0.1206 -0.2996
vn 0.9095 0.1316 -0.3943
vn 0.7540 0.2146 -0.6208
vn 0.9764 0.1164 -0.1821
vn 0.8310 -0.2313 -0.5059
vn 0.7759 0.1454 -0.6138
vn 0.9988 0.0487 -0.0012
vn 0.8460 -0.0660 -0.5291
vn 0.9994 -0.0335 -0.0045
vn 0.9082 0.1603 -0.3867
vn 0.8570 -0.0701 0.5106
vn 0.9244 0.0453 -0.3786
vn 0.8917 -0.0148 -0.4524
vn 0.9372 -0.3141 0.1514
vn 0.9284 -0.1665 -0.3321
vn 0.8293 -0.0561 -0.5559
vn 0.6133 -0.2004 -0.7640
vn 0.9229 -0.1472 -0.3557
vn 0.8718 0.0298 -0.4890
vn 0.8815 0.2941 -0.3693
vn 0.7697 0.3276 -0.5480
vn 0.6412 0.0229 -0.7670
vn 0.9995 -0.0314 -0.0010
vn 0.9883 -0.1289 -0.0816
vn 0.9276 -0.3285 -0.1779
vn 0.8656 -0.1380 0.4813
vn 0.9245 0.2044 0.3217
vn 0.8183 -0.5439 0.1859
vn 0.4866 -0.2695 0.8310
vn 0.9572 0.2874 -0.0343
vn 0.9369 -0.0340 -0.3478
vn 0.6423 0.7522 -0.1469
vn 0.5032 -0.8641 -0.0126
vn 0.6447 -0.6709 -0.3663
vn 0.2839 -0.9588 -0.0000
vn 0.6699 0.3556 -0.6517
vn 0.6363 -0.6828 -0.3590
vn 0.5362 0.2885 -0.7932
vn 0.9939 0.1101 -0.0000
vn 0.1771 0.6291 -0.7569
vn 0.3437 0.8353 -0.4290
vn 0.4230 0.8376 -0.3457
vn 0.2117 0.8716 -0.4421
vn 0.5651 0.8190 -0.0997
vn 0.7236 0.5441 -0.4247
vn 0.2685 0.9633 -0.0000
vn 0.7236 0.5441 0.4247
vn 0.2117 0.8716 0.4420
vn 0.6363 -0.6828 0.3590
vn 0.5362 0.2885 0.7932
vn 0.6447 -0.6709 0.3663
vn 0.6242 -0.7797 0.0491
vn 0.8796 -0.4113 -0.2389
vn 0.7166 -0.6427 0.2708
vn 0.5169 -0.1589 -0.8412
vn 0.8901 -0.4547 0.0299
vn 0.8866 -0.1768 -0.4274
vn 0.9961 0.0438 0.0770
vn 0.9056 0.0610 -0.4196
vn 0.8907 -0.3621 0.2749
vn 0.7591 0.4298 -0.4890
vn 0.7839 -0.6202 0.0281
vn 0.9957 -0.0118 0.0914
vn 0.5554 0.4056 -0.7260
vn 0.9920 0.1198 0.0386
vn 0.8213 -0.4919 0.2890
vn 0.8516 -0.4983 -0.1624
vn 0.7146 -0.0125 0.6994
vn 0.9861 -0.1633 -0.0306
vn 0.9103 0.2327 0.3424
vn 0.9678 -0.1238 -0.2190
vn 0.9973 -0.0734 -0.0010
vn 0.6733 0.5878 0.4486
vn 0.6548 0.6048 -0.4533
vn 0.6486 0.7479 -0.1411
vn 0.7208 0.5226 -0.4553
vn 0.6103 0.6563 0.4437
vn 0.6877 0.7217 -0.0784
vn 0.8514 -0.5085 0.1283
vn 0.9302 -0.1837 -0.3177
vn 0.9540 -0.2655 -0.1391
vn 0.9863 0.1501 -0.0682
vn 0.8321 -0.5369 0.1392
vn 0.7511 -0.6397 0.1634
vn 0.8854 -0.4599 -0.0681
vn 0.7239 -0.6893 -0.0291
vn 0.9654 -0.1920 0.1762
vn 0.9250 0.2383 0.2959
vn 0.9979 0.0165 -0.0620
vn 0.9907 0.1358 0.0069
vn 0.1973 0.9303 -0.3093
vn 0.2698 0.9265 -0.2622
vn 0.4031 0.9136 -0.0539
vn 0.5371 0.8254 0.1736
vn 0.6031 0.7086 0.3664
vn 0.5453 0.7730 -0.3242
vn 0.1795 0.9347 -0.3067
vn 0.9752 -0.2114 -0.0650
vn 0.9306 0.3660 -0.0070
vn 0.1979 0.9452 -0.2596
vn 0.5573 -0.7677 0.3164
vn 0.7912 -0.5209 0.3205
vn 0.1121 -0.7925 0.5995
vn 0.6257 0.7335 -0.2653
vn 0.1494 0.9553 -0.2551
vn 0.8591 -0.4407 0.2602
vn 0.1911 -0.9704 0.1478
vn 0.3634 -0.8054 0.4682
vn 0.9290 0.0005 -0.3701
vn 0.6398 -0.7349 0.2250
vn 0.8239 0.1769 -0.5384
vn 0.9873 -0.1064 0.1181
vn 0.5523 -0.7918 0.2608
vn 0.9173 -0.2895 0.2734
vn 0.3082 -0.5991 0.7390
vn 0.2393 -0.8626 -0.4457
vn 0.2485 -0.9635 0.0995
vn 0.8827 -0.1195 -0.4546
vn 0.3550 -0.8765 -0.3251
vn 0.6220 0.7635 -0.1738
vn 0.5352 0.8308 -0.1530
vn 0.1715 0.9369 -0.3046
vn 0.9265 0.2123 0.3107
vn 0.2433 0.9698 -0.0165
vn 0.8922 -0.1803 0.4141
vn 0.8594 0.4716 0.1974
vn 0.7235 -0.3630 0.5872
vn 0.4178 -0.3860 0.8224
vn 0.9921 0.1102 0.0592
vn 0.6159 0.7551 0.2246
vn 0.1885 0.9717 0.1424
vn 0.9168 -0.2603 0.3029
vn 0.2569 -0.4881 0.8341
vn 0.8931 -0.2385 0.3813
vn 0.2978 -0.4333 0.8506
vn 0.2375 -0.3676 0.8991
vn 0.7937 -0.2716 0.5444
vn 0.6091 -0.6505 0.4537
vn 0.2277 -0.5907 0.7741
vn 0.9468 -0.2081 -0.2453
vn 0.2390 -0.6840 0.6892
vn 0.8005 -0.3297 0.5005
vn 0.6739 -0.6803 -0.2882
vn -0.3842 -0.9228 -0.0290
vn 0.6940 -0.5718 0.4374
vn 0.9269 0.1668 0.3361
vn 0.6990 -0.0627 0.7124
vn 0.6584 0.2931 0.6933
vn 0.9852 -0.0406 -0.1664
vn 0.7642 -0.5095 -0.3954
vn 0.7970 -0.2080 -0.5670
vn 0.8126 -0.0744 -0.5780
vn 0.9141 0.1765 0.3651
vn 0.9113 -0.2057 0.3567
vn 0.5937 -0.6428 0.4841
vn 0.9294 -0.3646 0.0572
vn 0.8924 -0.2575 0.3707
vn 0.8909 -0.0365 -0.4527
vn 0.5613 0.1346 -0.8166
vn 0.8986 -0.3868 -0.2072
vn 0.9511 -0.2084 0.2279
vn 0.7833 0.4318 -0.4472
vn 0.2506 0.4412 -0.8617
vn 0.2183 0.9469 -0.2360
vn 0.0543 0.9201 -0.3880
vn 0.1610 0.7024 -0.6933
vn 0.0604 0.6974 -0.7141
vn 0.2366 0.5038 -0.8308
vn 0.1081 0.5976 -0.7945
vn 0.0910 0.6618 -0.7441
vn 0.5310 0.6009 -0.5975
vn 0.3044 0.5337 -0.7890
vn 0.0853 0.6076 -0.7896
vn 0.6996 0.3230 -0.6374
vn 0.3206 0.3336 -0.8865
vn 0.0719 0.4225 -0.9035
vn 0.6568 0.1461 -0.7397
vn 0.7406 0.2542 -0.6219
vn 0.8507 -0.4959 0.1743
vn 0.5715 -0.7271 -0.3805
vn 0.7840 -0.5116 -0.3514
vn 0.8399 -0.2389 -0.4874
vn 0.9211 0.3891 -0.0122
vn 0.9835 0.1000 -0.1506
vn 0.8620 0.3844 0.3305
vn 0.7823 0.4908 -0.3837
vn 0.9646 -0.1578 0.2112
vn 0.8646 0.2622 0.4286
vn 0.4431 0.3379 -0.8304
vn 0.6118 0.2919 0.7352
vn 0.9064 -0.3287 -0.2653
vn 0.8344 0.1166 0.5386
vn 0.9571 0.0610 0.2834
vn 0.6985 0.1568 0.6983
vn 0.8436 -0.2934 -0.4498
vn 0.9974 0.0564 0.0447
vn 0.9677 0.0746 0.2406
vn 0.8238 -0.0123 0.5668
vn 0.7540 0.1249 0.6449
vn 0.8790 0.4190 0.2275
vn 0.8782 0.0319 0.4773
vn 0.7187 -0.1205 -0.6848
vn 0.7302 0.3574 0.5824
vn 0.8910 0.1996 0.4079
vn 0.8568 0.4634 0.2261
vn 0.9330 0.2261 -0.2799
vn 0.8401 -0.3270 -0.4328
vn 0.8409 -0.2631 -0.4729
vn 0.8414 -0.4436 0.3087
vn 0.6800 -0.0757 0.7293
vn 0.8719 0.1539 0.4648
vn 0.9940 0.0367 0.1033
vn 0.7348 0.3270 -0.5943
vn 0.9971 0.0636 -0.0426
vn 0.9702 0.2326 0.0682
vn 0.7102 0.2883 0.6423
vn 0.9907 -0.0664 0.1188
vn 0.5662 -0.3020 0.7670
vn 0.9774 -0.1269 0.1693
vn 0.6607 -0.3190 0.6795
vn 0.5870 -0.4180 0.6933
vn 0.7998 -0.2113 0.5618
vn 0.6355 -0.7283 0.2564
vn 0.7281 -0.4795 -0.4899
vn 0.8643 -0.4235 -0.2714
vn 0.8155 0.2915 -0.5001
vn 0.8922 0.3347 -0.3032
vn 0.4979 0.2489 -0.8307
vn 0.8064 0.3968 -0.4385
vn 0.8849 0.4469 -0.1311
vn 0.9845 -0.1262 0.1219
vn 0.9863 -0.1597 0.0419
vn 0.9619 -0.1712 0.2130
vn 0.8695 -0.4503 -0.2031
vn 0.8130 0.1630 -0.5590
vn 0.9451 -0.1589 0.2857
vn 0.5980 0.0017 -0.8015
vn 0.8113 -0.3729 0.4504
vn 0.7131 -0.0273 -0.7006
vn 0.9145 -0.0710 0.3984
vn 0.5307 -0.1550 -0.8333
vn 0.9284 0.1531 -0.3385
vn 0.6635 -0.0723 -0.7447
vn 0.5623 0.0243 -0.8266
vn 0.5604 -0.0758 -0.8248
vn 0.3795 -0.3093 -0.8719
vn 0.2740 -0.3058 -0.9118
vn 0.3181 -0.3693 -0.8732
vn 0.1216 -0.1255 -0.9846
vn 0.9952 -0.0876 0.0443
vn 0.6393 -0.0877 -0.7640
vn 0.2999 -0.4414 -0.8457
vn 0.5838 0.1979 -0.7874
vn 0.0982 0.1814 -0.9785
vn 0.9983 0.0546 0.0204
vn 0.9783 0.2053 -0.0288
vn 0.6020 0.3145 -0.7339
vn 0.1340 0.3269 -0.9355
vn 0.2414 0.0937 -0.9659
vn 0.3140 -0.4218 -0.8506
vn 0.9118 -0.3822 0.1502
vn 0.7661 -0.0312 0.6419
vn 0.8020 -0.2479 -0.5434
vn 0.2529 -0.3018 -0.9192
vn 0.2023 0.1065 -0.9735
vn 0.8721 -0.0657 0.4849
vn 0.6668 0.0875 -0.7401
vn 0.2640 0.3255 -0.9079
vn 0.7907 -0.0716 0.6079
vn 0.8541 -0.1549 0.4965
vn 0.3675 0.4472 0.8154
vn 0.1767 0.7692 -0.6141
vn 0.1472 -0.2093 0.9667
vn 0.7718 0.2510 -0.5842
vn 0.7937 -0.0089 0.6082
vn 0.7381 0.6478 0.1884
vn 0.2331 -0.2852 0.9297
vn 0.5019 0.6164 -0.6068
vn 0.9375 0.2447 0.2474
vn 1.0000 -0.0003 0.0006
vn 1.0000 -0.0004 0.0006
vn 0.6759 0.4358 -0.5943
vn 0.7055 0.5490 -0.4481
vn 0.8616 0.0530 -0.5047
vn 0.6857 0.0727 -0.7242
vn 0.6078 -0.3531 -0.7113
vn 0.7441 -0.0340 -0.6672
vn 0.8426 0.5357 0.0543
vn 0.8790 0.3032 0.3680
vn 0.9226 -0.1530 0.3542
vn 0.7677 0.3383 0.5443
vn 0.8769 -0.2795 0.3910
vn 0.8722 0.0284 0.4883
vn 0.9996 -0.0284 0.0007
vn 0.6413 0.0238 0.7669
vn 0.8658 -0.1401 -0.4804
vn 0.9880 -0.1301 0.0837
vn 0.6130 -0.2037 0.7634
vn 0.8293 -0.0570 0.5558
vn 0.9275 -0.1716 0.3320
vn 0.9256 -0.3337 0.1784
vn 0.8167 -0.5467 -0.1847
vn 0.9353 -0.3199 -0.1510
vn 0.8914 -0.0154 0.4530
vn 0.9244 0.0455 0.3787
vn 0.8316 -0.2325 0.5044
vn 0.9080 0.1591 0.3875
vn 0.9097 0.1305 0.3943
vn 0.7856 -0.3289 0.5240
vn 0.8441 -0.4223 0.3304
vn 0.8470 0.2144 0.4865
vn 0.9451 0.1192 0.3041
vn 0.8507 0.3134 0.4221
vn 0.7868 0.4120 0.4595
vn 0.9988 0.0488 0.0011
vn 0.8513 0.3765 0.3653
vn 0.8381 0.3815 0.3898
vn 0.8832 0.3593 0.3015
vn 0.7928 0.4641 0.3951
vn 0.9974 0.0707 -0.0123
vn 0.8743 0.3802 0.3017
vn 0.9930 0.0131 -0.1171
vn 0.9536 0.2858 -0.0951
vn 0.8225 0.2673 0.5021
vn 0.7549 0.2122 0.6206
vn 0.8370 0.2879 0.4654
vn 0.7760 0.1462 0.6136
vn 0.8696 0.3497 0.3487
vn 0.9989 -0.0468 0.0076
vn 0.9760 0.1187 0.1825
vn 0.9967 0.0647 -0.0491
vn 0.2716 -0.5575 -0.7845
vn 0.9972 -0.0201 -0.0719
vn 0.2551 -0.7082 -0.6583
vn 0.8735 -0.4630 -0.1505
vn 0.2504 -0.8806 -0.4023
vn 0.3527 -0.9040 0.2415
vn 0.3770 -0.8730 0.3094
vn 0.7632 0.6449 -0.0412
vn 0.9895 0.0222 -0.1427
vn 0.9669 -0.1326 0.2179
vn 0.3416 -0.9291 -0.1419
vn 0.9738 -0.2096 0.0884
vn 0.2735 -0.8227 -0.4984
vn 0.9826 -0.1147 -0.1460
vn 0.1815 -0.6037 -0.7763
vn 0.9068 0.3587 -0.2212
vn 0.9231 0.2265 0.3107
vn 0.3614 0.5192 -0.7745
vn 0.4364 0.2366 -0.8681
vn 0.3346 0.9376 -0.0946
vn 0.9508 -0.2254 -0.2127
vn 0.3184 0.5833 -0.7473
vn 0.4122 -0.6776 -0.6091
vn 0.1190 -0.8580 -0.4996
vn 0.3228 -0.1843 -0.9284
vn 0.0923 -0.4066 -0.9089
vn 0.8582 -0.0715 -0.5083
vn 0.9234 0.2076 -0.3230
vn 0.4866 -0.2753 -0.8291
vn 0.8458 -0.0680 0.5292
vn 0.9994 -0.0347 0.0044
vn 0.7407 0.2542 -0.6219
vn 0.1767 0.7693 -0.6139
vn 0.0719 0.4224 -0.9035
vn 0.0705 0.4280 0.9010
vn 0.1709 0.7673 0.6181
vn -0.6811 -0.6389 0.3576
vn -0.9376 -0.3264 0.1197
vn -0.8084 -0.5566 0.1915
vn -0.7063 -0.6944 0.1377
vn -0.9344 -0.3562 -0.0010
vn -0.7690 -0.4082 0.4919
vn -0.7050 -0.7092 -0.0024
vn -0.6667 -0.3030 0.6810
vn -0.9347 -0.3553 -0.0095
vn -0.8129 0.1226 0.5694
vn -0.6722 -0.6821 -0.2878
vn -0.9050 -0.4255 -0.0004
vn -0.8197 -0.4974 -0.2841
vn -0.8942 0.2619 0.3630
vn -0.9787 0.1701 0.1149
vn -0.7686 -0.4080 -0.4927
vn -0.9333 0.3591 -0.0000
vn -0.8943 0.2618 -0.3629
vn -0.9053 0.4248 -0.0000
vn -0.9787 0.1701 -0.1148
vn -0.7716 -0.6362 -0.0000
vn -0.8129 0.1225 -0.5693
vn -0.5032 -0.8641 -0.0126
vn -0.9370 -0.0339 -0.3478
vn -0.6663 -0.3033 -0.6812
vn -0.7056 -0.6944 -0.1411
vn -0.6805 -0.6390 -0.3587
vn -0.9345 -0.3559 0.0089
vn -0.9374 -0.3267 -0.1207
vn -0.8083 -0.5564 -0.1924
vn -0.8467 0.5318 -0.0199
vn -0.6722 -0.6827 0.2865
vn -0.9572 0.2876 -0.0339
vn -0.9217 0.3055 0.2390
vn -0.8815 0.4536 0.1310
vn -0.8188 0.5021 0.2782
vn -0.8197 -0.4979 0.2832
vn -0.9971 0.0765 0.0014
vn -0.9702 -0.0912 0.2244
vn -0.8582 -0.4665 0.2142
vn -0.8542 0.4443 0.2701
vn -0.7763 0.3213 -0.5423
vn -0.8831 0.3599 0.3008
vn -0.7054 0.5499 -0.4473
vn -0.9920 0.1201 0.0390
vn -0.7928 0.4649 0.3941
vn -0.8534 0.3798 0.3571
vn -0.8906 -0.3626 0.2744
vn -0.7839 -0.6203 0.0271
vn -0.8363 0.3895 0.3859
vn -0.8902 -0.4547 0.0291
vn -0.8506 0.3244 0.4138
vn -0.7165 -0.6421 0.2726
vn -0.9961 0.0434 0.0771
vn -0.8798 -0.4109 -0.2392
vn -0.8461 0.2217 0.4847
vn -0.6259 -0.7785 0.0481
vn -0.5166 -0.1589 -0.8414
vn -0.8444 -0.4213 0.3310
vn -0.9057 0.0611 -0.4195
vn -0.9957 -0.0118 0.0914
vn -0.8860 -0.1770 -0.4287
vn -0.7874 -0.3264 0.5229
vn -0.8786 -0.2769 0.3892
vn -0.7588 0.4305 -0.4887
vn -0.9850 -0.0417 -0.1675
vn -0.8240 0.1772 -0.5381
vn -0.5555 0.4064 -0.7254
vn -0.7209 0.5232 -0.4544
vn -0.9159 -0.2900 0.2775
vn -0.6548 0.6057 -0.4521
vn -0.9678 -0.1238 -0.2191
vn -0.9290 0.0006 -0.3700
vn -0.6874 0.7222 -0.0770
vn -0.7237 -0.6894 -0.0305
vn -0.9874 -0.1064 0.1174
vn -0.6486 0.7482 -0.1396
vn -0.9973 -0.0736 -0.0012
vn -0.6734 0.5874 0.4489
vn -0.9861 -0.1635 -0.0309
vn -0.7146 -0.0126 0.6994
vn -0.6094 0.6566 0.4444
vn -0.8515 -0.4983 -0.1632
vn -0.8212 -0.4925 0.2881
vn -0.9101 0.2327 0.3428
vn -0.6760 0.4368 -0.5935
vn -0.9301 -0.1842 -0.3178
vn -0.6857 0.0732 -0.7242
vn -0.8616 0.0534 -0.5047
vn -0.7441 -0.0334 -0.6672
vn -0.8421 0.5366 0.0548
vn -0.6073 -0.3533 -0.7116
vn -0.9750 -0.2127 -0.0651
vn -0.6478 0.7488 -0.1403
vn -0.5722 0.8144 -0.0970
vn -0.6063 0.7063 0.3654
vn -0.4312 0.8335 -0.3454
vn -0.9866 0.1477 -0.0700
vn -0.5402 0.8233 0.1741
vn -0.6720 0.3543 -0.6504
vn -0.3495 0.8334 -0.4281
vn -0.1791 0.6281 -0.7573
vn -0.4056 0.9126 -0.0512
vn -0.9541 -0.2651 -0.1391
vn -0.9910 0.1340 0.0072
vn -0.2717 0.9267 -0.2597
vn -0.8516 -0.5085 0.1272
vn -0.9980 0.0155 -0.0617
vn -0.1988 0.9308 -0.3069
vn -0.8321 -0.5372 0.1379
vn -0.9253 0.2368 0.2962
vn -0.5459 0.7734 -0.3223
vn -0.7507 -0.6405 0.1618
vn -0.1807 0.9351 -0.3049
vn -0.9655 -0.1920 0.1759
vn -0.8854 -0.4597 -0.0690
vn -0.5576 -0.7680 0.3151
vn -0.9308 0.3654 -0.0061
vn -0.7913 -0.5211 0.3198
vn -0.1992 0.9455 -0.2577
vn -0.1121 -0.7935 0.5981
vn -0.3633 -0.8064 0.4667
vn -0.8591 -0.4411 0.2595
vn -0.6261 0.7336 -0.2644
vn -0.1505 0.9556 -0.2535
vn -0.1908 -0.9706 0.1468
vn -0.6397 -0.7353 0.2239
vn -0.8826 -0.1193 -0.4547
vn -0.5524 -0.7919 0.2603
vn -0.2392 -0.8626 -0.4458
vn -0.6225 0.7633 -0.1731
vn -0.5357 0.8306 -0.1521
vn -0.1729 0.9371 -0.3034
vn -0.9267 0.2112 0.3109
vn -0.2449 0.9694 -0.0159
vn -0.3546 -0.8766 -0.3253
vn -0.2484 -0.9636 0.0990
vn -0.8923 -0.1803 0.4139
vn -0.3077 -0.6005 0.7380
vn -0.8599 0.4715 0.1955
vn -0.7235 -0.3638 0.5867
vn -0.2569 -0.4865 0.8350
vn -0.2318 -0.3649 0.9017
vn -0.4156 -0.3831 0.8249
vn -0.9919 0.1182 0.0459
vn -0.2951 -0.4334 0.8515
vn -0.8907 -0.2401 0.3860
vn -0.9217 -0.2465 0.2996
vn -0.7940 -0.2732 0.5431
vn -0.2250 -0.5927 0.7734
vn -0.6016 -0.6538 0.4590
vn -0.9466 -0.2116 -0.2432
vn -0.2357 -0.6848 0.6896
vn -0.8013 -0.3298 0.4991
vn -0.6703 -0.6872 -0.2801
vn 0.3898 -0.9205 -0.0254
vn -0.9272 0.1677 0.3349
vn -0.6875 -0.5753 0.4432
vn -0.6990 -0.0628 0.7124
vn -0.6597 0.2958 0.6909
vn -0.9572 0.0602 0.2831
vn -0.7612 -0.5213 -0.3857
vn -0.6124 0.2922 0.7345
vn -0.9976 0.0539 0.0444
vn -0.8642 0.2654 0.4275
vn -0.6986 0.1549 0.6985
vn -0.8339 0.1172 0.5393
vn -0.9679 0.0725 0.2408
vn -0.8233 -0.0124 0.5675
vn -0.7538 0.1217 0.6457
vn -0.8829 0.4091 0.2306
vn -0.7328 0.3472 0.5851
vn -0.8784 0.0317 0.4769
vn -0.7189 -0.1177 -0.6851
vn -0.8912 0.1933 0.4104
vn -0.8516 -0.3188 -0.4162
vn -0.9203 -0.2944 -0.2575
vn -0.8609 0.4536 0.2302
vn -0.9353 0.2196 -0.2774
vn -0.8615 0.3903 0.3247
vn -0.9643 -0.1589 0.2117
vn -0.9150 0.1783 0.3619
vn -0.9195 0.3928 -0.0172
vn -0.9115 -0.2009 0.3588
vn -0.7801 0.4935 -0.3846
vn -0.8667 -0.4287 0.2550
vn -0.8082 -0.3889 -0.4422
vn -0.8720 0.1526 0.4652
vn -0.6806 -0.0734 0.7289
vn -0.8417 -0.2604 -0.4729
vn -0.5010 0.2443 -0.8302
vn -0.6613 -0.3135 0.6814
vn -0.8894 0.4381 -0.1305
vn -0.8176 0.2864 -0.4994
vn -0.7992 -0.2113 0.5627
vn -0.8098 0.3892 -0.4390
vn -0.9868 -0.1565 0.0407
vn -0.8951 0.3275 -0.3025
vn -0.9852 -0.1225 0.1200
vn -0.9628 -0.1683 0.2115
vn -0.8732 -0.4419 -0.2055
vn -0.8143 0.1590 -0.5582
vn -0.9454 -0.1572 0.2855
vn -0.6016 0.0022 -0.7988
vn -0.7128 -0.0275 -0.7008
vn -0.8148 -0.3667 0.4491
vn -0.9144 -0.0699 0.3986
vn -0.5308 -0.1545 -0.8333
vn -0.9306 0.1509 -0.3334
vn -0.6711 -0.0705 -0.7380
vn -0.5671 -0.0717 -0.8206
vn -0.5707 0.0255 -0.8208
vn -0.2752 -0.3031 -0.9123
vn -0.8696 -0.4145 -0.2681
vn -0.3182 -0.3730 -0.8716
vn -0.3834 -0.3094 -0.8702
vn -0.9951 -0.0896 0.0423
vn -0.7307 -0.4715 -0.4936
vn -0.3004 -0.4552 -0.8382
vn -0.1226 -0.1230 -0.9848
vn -0.6386 -0.7266 0.2533
vn -0.5890 -0.4111 0.6958
vn -0.9776 -0.1259 0.1686
vn -0.5679 -0.2984 0.7671
vn -0.9908 -0.0645 0.1188
vn -0.7116 0.2871 0.6413
vn -0.9707 0.2305 0.0684
vn -0.9983 0.0548 0.0205
vn -0.6399 -0.0856 -0.7636
vn -0.5846 0.1968 -0.7871
vn -0.0992 0.1812 -0.9784
vn -0.9785 0.2040 -0.0289
vn -0.6020 0.3148 -0.7338
vn -0.1348 0.3284 -0.9349
vn -0.9971 0.0632 -0.0430
vn -0.7343 0.3293 -0.5936
vn -0.2449 0.0944 -0.9649
vn -0.9940 0.0376 0.1029
vn -0.4453 0.3426 -0.8273
vn -0.3192 -0.4304 -0.8443
vn -0.9838 0.0974 -0.1505
vn -0.9085 -0.3862 0.1599
vn -0.8399 -0.2412 -0.4862
vn -0.7669 -0.0288 0.6411
vn -0.7824 -0.5218 -0.3401
vn -0.8023 -0.2528 -0.5408
vn -0.2567 -0.3081 -0.9161
vn -0.2050 0.1089 -0.9727
vn -0.8723 -0.0668 0.4844
vn -0.6672 0.0900 -0.7394
vn -0.2652 0.3323 -0.9051
vn -0.7870 -0.0760 0.6123
vn -0.8548 -0.1584 0.4941
vn -0.7726 0.2547 -0.5816
vn -0.7328 0.6531 0.1910
vn -0.7951 -0.0073 0.6065
vn -0.1490 -0.2144 0.9653
vn -0.3732 0.4521 0.8101
vn -0.2341 -0.2914 0.9275
vn -0.4948 0.6177 -0.6112
vn -0.9394 0.2409 0.2439
vn -1.0000 -0.0003 0.0009
vn -1.0000 -0.0002 0.0005
vn -0.7404 0.2550 -0.6219
vn -0.1736 0.7657 -0.6193
vn -0.3276 0.3425 -0.8806
vn -0.0718 0.4282 -0.9008
vn -0.0844 0.6118 -0.7865
vn -0.5715 -0.7270 -0.3805
vn -0.3063 0.5278 -0.7922
vn -0.0893 0.6646 -0.7418
vn -0.6522 0.1597 -0.7410
vn -0.8502 -0.4978 0.1711
vn -0.5868 -0.6481 0.4854
vn -0.8947 -0.2545 0.3670
vn -0.6877 0.3243 -0.6495
vn -0.5245 0.6048 -0.5992
vn -0.7982 -0.2103 -0.5645
vn -0.9292 -0.3658 0.0536
vn -0.8108 -0.0751 -0.5805
vn -0.8899 -0.0409 -0.4543
vn -0.8984 -0.3938 -0.1942
vn -0.5567 0.1312 -0.8203
vn -0.9545 -0.1955 0.2250
vn -0.2368 0.5001 -0.8330
vn -0.1065 0.5918 -0.7990
vn -0.0506 0.6778 -0.7335
vn -0.2578 0.4173 -0.8714
vn -0.1621 0.6857 -0.7096
vn -0.0510 0.9163 -0.3972
vn -0.7788 0.4270 -0.4595
vn -0.2198 0.9448 -0.2430
vn -0.1900 0.9713 0.1431
vn -0.6180 0.7553 0.2183
vn -0.9702 -0.0911 -0.2243
vn -0.9971 0.0761 -0.0012
vn -0.8581 -0.4663 -0.2149
vn -0.9223 0.3046 -0.2381
vn -0.8189 0.5014 -0.2794
vn -0.7762 0.3207 0.5428
vn -0.8814 0.4537 -0.1315
vn -0.8467 0.5318 0.0199
vn -0.8543 0.4436 -0.2710
vn -0.7628 0.6467 -0.0000
vn -0.7016 0.6931 0.1655
vn -0.8340 0.4517 0.3170
vn -0.6294 0.4877 0.6050
vn -0.9433 0.3321 -0.0000
vn -0.8340 0.4517 -0.3170
vn -0.8640 -0.4359 0.2520
vn -0.8279 -0.5609 -0.0000
vn -0.8640 -0.4359 -0.2520
vn -0.6294 0.4877 -0.6050
vn -0.7014 0.6932 -0.1657
vn -0.9956 -0.0934 -0.0000
vn -0.9727 0.1436 -0.1825
vn -0.7637 0.4728 -0.4396
vn -0.9238 0.0410 0.3806
vn -0.8932 0.4493 0.0195
vn -0.9727 0.1436 0.1825
vn -0.9238 0.0410 -0.3806
vn -0.7637 0.4728 0.4396
vn -0.8932 0.4492 -0.0196
vn -0.9381 0.1995 0.2833
vn -0.9697 -0.2442 -0.0000
vn -0.7830 -0.6037 0.1497
vn -0.7446 -0.6526 -0.1401
vn -0.7208 -0.5580 0.4113
vn -0.2591 -0.9484 0.1825
vn -0.2922 -0.8601 0.4181
vn -0.2349 -0.8893 0.3925
vn -0.2027 -0.9024 0.3804
vn -0.1799 -0.9374 0.2982
vn -0.5358 -0.7645 0.3585
vn -0.1980 -0.8658 0.4596
vn -0.8172 -0.5763 -0.0000
vn -0.2862 -0.9582 -0.0000
vn -0.1144 -0.9934 -0.0000
vn -0.1980 -0.8658 -0.4596
vn -0.5358 -0.7645 -0.3585
vn -0.2922 -0.8601 -0.4181
vn -0.7446 -0.6526 0.1401
vn -0.2591 -0.9484 -0.1825
vn -0.7830 -0.6037 -0.1497
vn -0.9381 0.1995 -0.2833
vn -0.7208 -0.5580 -0.4113
vn -0.2349 -0.8893 -0.3925
vn -0.2027 -0.9024 -0.3804
vn -0.1799 -0.9374 -0.2982
vn -0.9509 -0.2247 -0.2128
vn -0.9071 0.3584 -0.2206
vn -0.4127 -0.6764 -0.6100
vn -0.1210 -0.8577 -0.4997
vn -0.4372 0.2364 -0.8677
vn -0.3237 -0.1879 -0.9273
vn -0.0948 -0.4068 -0.9086
vn -0.3235 0.5820 -0.7460
vn -0.3382 0.9363 -0.0948
vn -0.3639 0.5178 -0.7743
vn -0.1831 -0.6048 -0.7751
vn -0.9829 -0.1142 -0.1447
vn -0.2756 -0.8234 -0.4961
vn -0.9232 0.2267 0.3103
vn -0.9739 -0.2084 0.0895
vn -0.3435 -0.9287 -0.1398
vn -0.8743 0.3810 0.3009
vn -0.9670 -0.1312 0.2182
vn -0.3787 -0.8722 0.3096
vn -0.9537 0.2854 -0.0945
vn -0.9895 0.0228 -0.1427
vn -0.8742 -0.4617 -0.1502
vn -0.3543 -0.9032 0.2421
vn -0.2519 -0.8811 -0.4004
vn -0.2568 -0.7090 -0.6568
vn -0.7629 0.6451 -0.0420
vn -0.9973 -0.0200 -0.0710
vn -0.2748 -0.5641 -0.7786
vn -0.8706 0.3486 0.3472
vn -0.9966 0.0705 -0.0435
vn -0.9970 0.0757 -0.0136
vn -0.8398 0.2948 0.4559
vn -0.9988 -0.0483 0.0031
vn -0.8207 0.2761 0.5003
vn -0.7847 0.4259 0.4504
vn -0.9929 0.0176 -0.1177
vn -0.9464 0.1206 0.2995
vn -0.9095 0.1316 0.3943
vn -0.7540 0.2146 0.6208
vn -0.9764 0.1164 0.1821
vn -0.8310 -0.2313 0.5059
vn -0.7759 0.1454 0.6138
vn -0.9988 0.0487 0.0012
vn -0.8460 -0.0660 0.5291
vn -0.9994 -0.0335 0.0045
vn -0.9082 0.1602 0.3867
vn -0.8570 -0.0701 -0.5106
vn -0.9244 0.0453 0.3787
vn -0.8917 -0.0148 0.4524
vn -0.9372 -0.3141 -0.1514
vn -0.9284 -0.1665 0.3321
vn -0.8294 -0.0561 0.5559
vn -0.6133 -0.2004 0.7640
vn -0.9230 -0.1472 0.3556
vn -0.8718 0.0298 0.4890
vn -0.8815 0.2941 0.3693
vn -0.7697 0.3276 0.5480
vn -0.6412 0.0229 0.7670
vn -0.9995 -0.0314 0.0010
vn -0.9883 -0.1290 0.0816
vn -0.9276 -0.3285 0.1779
vn -0.8656 -0.1381 -0.4813
vn -0.9245 0.2044 -0.3217
vn -0.8183 -0.5439 -0.1858
vn -0.4866 -0.2695 -0.8310
vn -0.9572 0.2874 0.0343
vn -0.9369 -0.0340 0.3478
vn -0.6480 0.7483 0.1419
vn -0.5032 -0.8641 0.0126
vn -0.6447 -0.6709 0.3664
vn -0.2839 -0.9589 -0.0000
vn -0.6720 0.3543 0.6504
vn -0.6363 -0.6828 0.3590
vn -0.5366 0.2872 0.7934
vn -0.9940 0.1092 -0.0000
vn -0.1791 0.6281 0.7573
vn -0.3495 0.8334 0.4281
vn -0.4312 0.8335 0.3455
vn -0.2138 0.8713 0.4416
vn -0.5727 0.8139 0.0975
vn -0.7242 0.5431 0.4250
vn -0.2707 0.9627 -0.0000
vn -0.7242 0.5431 -0.4250
vn -0.2138 0.8713 -0.4416
vn -0.6363 -0.6828 -0.3590
vn -0.5366 0.2872 -0.7934
vn -0.6447 -0.6709 -0.3664
vn -0.6242 -0.7797 -0.0491
vn -0.8796 -0.4113 0.2389
vn -0.7166 -0.6427 -0.2708
vn -0.5169 -0.1589 0.8412
vn -0.8901 -0.4547 -0.0299
vn -0.8866 -0.1768 0.4274
vn -0.9961 0.0438 -0.0770
vn -0.9056 0.0610 0.4196
vn -0.8907 -0.3621 -0.2749
vn -0.7590 0.4298 0.4890
vn -0.7839 -0.6202 -0.0281
vn -0.9957 -0.0118 -0.0914
vn -0.5554 0.4056 0.7260
vn -0.9920 0.1198 -0.0386
vn -0.8213 -0.4919 -0.2890
vn -0.8516 -0.4983 0.1624
vn -0.7146 -0.0125 -0.6994
vn -0.9861 -0.1633 0.0306
vn -0.9103 0.2327 -0.3424
vn -0.9679 -0.1238 0.2189
vn -0.9973 -0.0734 0.0010
vn -0.6733 0.5878 -0.4486
vn -0.6548 0.6048 0.4533
vn -0.6486 0.7479 0.1411
vn -0.7208 0.5226 0.4553
vn -0.6103 0.6563 -0.4436
vn -0.6877 0.7217 0.0784
vn -0.8514 -0.5085 -0.1284
vn -0.9302 -0.1837 0.3177
vn -0.9540 -0.2655 0.1391
vn -0.9866 0.1476 0.0697
vn -0.8321 -0.5369 -0.1392
vn -0.7511 -0.6397 -0.1634
vn -0.8854 -0.4599 0.0681
vn -0.7239 -0.6893 0.0290
vn -0.9654 -0.1920 -0.1762
vn -0.9256 0.2370 -0.2951
vn -0.9980 0.0153 0.0618
vn -0.9909 0.1342 -0.0067
vn -0.1993 0.9300 0.3089
vn -0.2724 0.9259 0.2619
vn -0.4068 0.9120 0.0532
vn -0.5416 0.8226 -0.1730
vn -0.6074 0.7056 -0.3649
vn -0.5461 0.7726 0.3239
vn -0.1812 0.9344 0.3067
vn -0.9749 -0.2131 0.0651
vn -0.9308 0.3653 0.0069
vn -0.1997 0.9449 0.2594
vn -0.5573 -0.7677 -0.3164
vn -0.7912 -0.5209 -0.3205
vn -0.1121 -0.7925 -0.5995
vn -0.6263 0.7329 0.2655
vn -0.1509 0.9551 0.2551
vn -0.8591 -0.4407 -0.2602
vn -0.1911 -0.9704 -0.1478
vn -0.3634 -0.8055 -0.4682
vn -0.9290 0.0005 0.3701
vn -0.6398 -0.7349 -0.2250
vn -0.8239 0.1769 0.5384
vn -0.9873 -0.1064 -0.1181
vn -0.5523 -0.7918 -0.2608
vn -0.9173 -0.2895 -0.2734
vn -0.3082 -0.5991 -0.7390
vn -0.2393 -0.8626 0.4456
vn -0.2484 -0.9635 -0.0994
vn -0.8827 -0.1195 0.4546
vn -0.3550 -0.8765 0.3251
vn -0.6230 0.7627 0.1739
vn -0.5362 0.8301 0.1531
vn -0.1733 0.9365 0.3047
vn -0.9267 0.2115 -0.3106
vn -0.2455 0.9693 0.0167
vn -0.8922 -0.1803 -0.4141
vn -0.8599 0.4709 -0.1970
vn -0.7235 -0.3630 -0.5872
vn -0.4178 -0.3860 -0.8224
vn -0.9921 0.1102 -0.0592
vn -0.6167 0.7549 -0.2233
vn -0.1905 0.9713 -0.1427
vn -0.9168 -0.2603 -0.3028
vn -0.2569 -0.4881 -0.8341
vn -0.8931 -0.2385 -0.3813
vn -0.2978 -0.4333 -0.8506
vn -0.2375 -0.3676 -0.8991
vn -0.7937 -0.2716 -0.5444
vn -0.6091 -0.6505 -0.4537
vn -0.2277 -0.5907 -0.7741
vn -0.9468 -0.2081 0.2453
vn -0.2390 -0.6840 -0.6892
vn -0.8005 -0.3297 -0.5005
vn -0.6739 -0.6803 0.2881
vn 0.3842 -0.9228 0.0290
vn -0.6941 -0.5718 -0.4373
vn -0.9269 0.1668 -0.3362
vn -0.6990 -0.0627 -0.7124
vn -0.6584 0.2931 -0.6932
vn -0.9852 -0.0406 0.1664
vn -0.7642 -0.5095 0.3954
vn -0.7971 -0.2080 0.5669
vn -0.8126 -0.0744 0.5780
vn -0.9141 0.1765 -0.3651
vn -0.9113 -0.2057 -0.3567
vn -0.5937 -0.6428 -0.4841
vn -0.9294 -0.3646 -0.0573
vn -0.8924 -0.2575 -0.3707
vn -0.8909 -0.0365 0.4526
vn -0.5613 0.1346 0.8166
vn -0.8986 -0.3868 0.2073
vn -0.9511 -0.2084 -0.2279
vn -0.7833 0.4318 0.4471
vn -0.2506 0.4412 0.8617
vn -0.2189 0.9464 0.2374
vn -0.0551 0.9200 0.3879
vn -0.1613 0.7024 0.6933
vn -0.0611 0.6972 0.7143
vn -0.2371 0.5037 0.8307
vn -0.1095 0.5975 0.7944
vn -0.0920 0.6618 0.7440
vn -0.5313 0.6007 0.5974
vn -0.3048 0.5335 0.7889
vn -0.0865 0.6075 0.7896
vn -0.6996 0.3230 0.6374
vn -0.3212 0.3334 0.8864
vn -0.0731 0.4226 0.9034
vn -0.6568 0.1461 0.7397
vn -0.7425 0.2536 0.6199
vn -0.8507 -0.4959 -0.1743
vn -0.5715 -0.7271 0.3805
vn -0.7840 -0.5117 0.3514
vn -0.8399 -0.2389 0.4873
vn -0.9211 0.3891 0.0122
vn -0.9835 0.1000 0.1506
vn -0.8620 0.3843 -0.3304
vn -0.7823 0.4908 0.3837
vn -0.9646 -0.1578 -0.2112
vn -0.8646 0.2622 -0.4286
vn -0.4456 0.3384 0.8288
vn -0.6118 0.2919 -0.7352
vn -0.9064 -0.3287 0.2653
vn -0.8344 0.1166 -0.5386
vn -0.9571 0.0610 -0.2834
vn -0.6985 0.1568 -0.6983
vn -0.8436 -0.2934 0.4498
vn -0.9974 0.0564 -0.0447
vn -0.9677 0.0746 -0.2406
vn -0.8238 -0.0123 -0.5668
vn -0.7540 0.1249 -0.6449
vn -0.8790 0.4190 -0.2275
vn -0.8782 0.0319 -0.4773
vn -0.7187 -0.1205 0.6848
vn -0.7301 0.3574 -0.5824
vn -0.8910 0.1996 -0.4079
vn -0.8568 0.4634 -0.2261
vn -0.9330 0.2261 0.2799
vn -0.8401 -0.3270 0.4329
vn -0.8409 -0.2631 0.4729
vn -0.8414 -0.4436 -0.3087
vn -0.6800 -0.0758 -0.7293
vn -0.8719 0.1539 -0.4648
vn -0.9940 0.0367 -0.1032
vn -0.7351 0.3270 0.5939
vn -0.9971 0.0636 0.0427
vn -0.9702 0.2326 -0.0682
vn -0.7102 0.2883 -0.6423
vn -0.9907 -0.0664 -0.1188
vn -0.5662 -0.3020 -0.7670
vn -0.9774 -0.1269 -0.1692
vn -0.6607 -0.3190 -0.6795
vn -0.5870 -0.4180 -0.6933
vn -0.7998 -0.2113 -0.5618
vn -0.6355 -0.7283 -0.2564
vn -0.7285 -0.4794 0.4894
vn -0.8673 -0.4212 0.2653
vn -0.8155 0.2914 0.5001
vn -0.8922 0.3347 0.3032
vn -0.4979 0.2489 0.8307
vn -0.8064 0.3968 0.4385
vn -0.8849 0.4469 0.1311
vn -0.9845 -0.1262 -0.1219
vn -0.9863 -0.1597 -0.0419
vn -0.9619 -0.1712 -0.2130
vn -0.8695 -0.4503 0.2031
vn -0.8130 0.1630 0.5590
vn -0.9450 -0.1589 -0.2857
vn -0.6022 0.0021 0.7984
vn -0.8113 -0.3729 -0.4504
vn -0.7131 -0.0273 0.7006
vn -0.9145 -0.0710 -0.3984
vn -0.5322 -0.1548 0.8324
vn -0.9298 0.1534 0.3345
vn -0.6713 -0.0719 0.7377
vn -0.5706 0.0254 0.8208
vn -0.5670 -0.0739 0.8204
vn -0.3851 -0.3127 0.8683
vn -0.2772 -0.3055 0.9110
vn -0.3207 -0.3688 0.8724
vn -0.1228 -0.1257 0.9844
vn -0.9952 -0.0866 -0.0452
vn -0.6397 -0.0875 0.7636
vn -0.3024 -0.4410 0.8450
vn -0.5841 0.1979 0.7872
vn -0.0992 0.1815 0.9784
vn -0.9983 0.0546 -0.0204
vn -0.9783 0.2053 0.0288
vn -0.6026 0.3143 0.7335
vn -0.1354 0.3269 0.9353
vn -0.2447 0.0953 0.9649
vn -0.3192 -0.4215 0.8488
vn -0.9123 -0.3800 -0.1524
vn -0.7661 -0.0312 -0.6419
vn -0.8032 -0.2471 0.5420
vn -0.2566 -0.3016 0.9182
vn -0.2053 0.1064 0.9729
vn -0.8721 -0.0657 -0.4849
vn -0.6681 0.0870 0.7390
vn -0.2678 0.3257 0.9068
vn -0.7914 -0.0731 -0.6069
vn -0.8546 -0.1548 -0.4957
vn -0.3732 0.4441 -0.8146
vn -0.1795 0.7678 0.6151
vn -0.1492 -0.2090 -0.9665
vn -0.7729 0.2505 0.5830
vn -0.7941 -0.0088 -0.6077
vn -0.7418 0.6436 -0.1884
vn -0.2356 -0.2852 -0.9291
vn -0.5064 0.6145 0.6049
vn -0.9386 0.2428 -0.2452
vn -1.0000 -0.0003 -0.0008
vn -1.0000 -0.0003 -0.0004
vn -0.6759 0.4359 0.5943
vn -0.7055 0.5490 0.4481
vn -0.8617 0.0530 0.5047
vn -0.6857 0.0727 0.7243
vn -0.6078 -0.3531 0.7112
vn -0.7441 -0.0340 0.6672
vn -0.8426 0.5357 -0.0543
vn -0.8790 0.3032 -0.3681
vn -0.9226 -0.1530 -0.3541
vn -0.7677 0.3383 -0.5443
vn -0.8769 -0.2795 -0.3910
vn -0.8722 0.0284 -0.4883
vn -0.9996 -0.0284 -0.0007
vn -0.6413 0.0238 -0.7669
vn -0.8658 -0.1401 0.4804
vn -0.9880 -0.1301 -0.0837
vn -0.6130 -0.2037 -0.7634
vn -0.8293 -0.0570 -0.5558
vn -0.9276 -0.1716 -0.3319
vn -0.9256 -0.3337 -0.1784
vn -0.8167 -0.5466 0.1847
vn -0.9353 -0.3199 0.1510
vn -0.8914 -0.0154 -0.4530
vn -0.9244 0.0455 -0.3787
vn -0.8316 -0.2324 -0.5045
vn -0.9080 0.1591 -0.3875
vn -0.9097 0.1305 -0.3943
vn -0.7856 -0.3289 -0.5240
vn -0.8441 -0.4223 -0.3304
vn -0.8470 0.2144 -0.4865
vn -0.9451 0.1192 -0.3041
vn -0.8507 0.3134 -0.4221
vn -0.7868 0.4120 -0.4595
vn -0.9988 0.0488 -0.0011
vn -0.8513 0.3765 -0.3653
vn -0.8381 0.3815 -0.3898
vn -0.8832 0.3593 -0.3015
vn -0.7928 0.4641 -0.3951
vn -0.9974 0.0707 0.0123
vn -0.8743 0.3802 -0.3017
vn -0.9930 0.0131 0.1171
vn -0.9536 0.2858 0.0951
vn -0.8225 0.2673 -0.5021
vn -0.7549 0.2122 -0.6206
vn -0.8370 0.2879 -0.4654
vn -0.7760 0.1462 -0.6136
vn -0.8696 0.3497 -0.3487
vn -0.9989 -0.0460 -0.0088
vn -0.9760 0.1187 -0.1825
vn -0.9967 0.0652 0.0480
vn -0.2737 -0.5572 0.7840
vn -0.9973 -0.0196 0.0709
vn -0.2571 -0.7078 0.6580
vn -0.8741 -0.4618 0.1508
vn -0.2524 -0.8801 0.4021
vn -0.3553 -0.9030 -0.2414
vn -0.3797 -0.8720 -0.3090
vn -0.7632 0.6449 0.0412
vn -0.9895 0.0233 0.1428
vn -0.9671 -0.1313 -0.2181
vn -0.3444 -0.9281 0.1417
vn -0.9740 -0.2084 -0.0892
vn -0.2760 -0.8218 0.4984
vn -0.9828 -0.1142 0.1451
vn -0.1833 -0.6033 0.7762
vn -0.9071 0.3583 0.2208
vn -0.9231 0.2264 -0.3107
vn -0.3636 0.5181 0.7742
vn -0.4372 0.2364 0.8677
vn -0.3382 0.9363 0.0948
vn -0.9509 -0.2247 0.2128
vn -0.3235 0.5820 0.7460
vn -0.4127 -0.6764 0.6100
vn -0.1210 -0.8577 0.4997
vn -0.3236 -0.1879 0.9273
vn -0.0948 -0.4068 0.9086
vn -0.8582 -0.0715 0.5083
vn -0.9233 0.2076 0.3230
vn -0.4866 -0.2754 0.8291
vn -0.8458 -0.0680 -0.5292
vn -0.9994 -0.0347 -0.0044
vn -0.7426 0.2536 0.6199
vn -0.1795 0.7679 0.6150
vn -0.0731 0.4225 0.9034
vn -0.7405 0.2550 -0.6218
vn -0.0718 0.4281 -0.9009
vn -0.1736 0.7658 -0.6192
vn 0.9376 -0.3264 -0.1197
vn 0.7050 -0.7092 0.0024
vn 0.9050 -0.4255 0.0004
vn 0.7716 -0.6362 -0.0000
vn 0.5031 -0.8641 0.0126
vn 0.6663 -0.3033 0.6813
vn 0.7056 -0.6944 0.1411
vn 0.9572 0.2876 0.0338
vn 0.8815 0.4536 -0.1310
vn 0.8798 -0.4108 0.2392
vn 0.8443 -0.4213 -0.3310
vn 0.7588 0.4305 0.4887
vn 0.9973 -0.0736 0.0012
vn 0.6734 0.5874 -0.4488
vn 0.9101 0.2327 -0.3428
vn 0.6760 0.4367 0.5935
vn 0.7441 -0.0334 0.6672
vn 0.9750 -0.2127 0.0651
vn 0.6478 0.7488 0.1403
vn 0.5722 0.8144 0.0970
vn 0.6063 0.7064 -0.3653
vn 0.4312 0.8335 0.3454
vn 0.9866 0.1477 0.0700
vn 0.5402 0.8233 -0.1741
vn 0.6720 0.3542 0.6504
vn 0.3495 0.8334 0.4281
vn 0.1791 0.6281 0.7573
vn 0.4056 0.9126 0.0512
vn 0.9910 0.1340 -0.0072
vn 0.2717 0.9267 0.2597
vn 0.9980 0.0155 0.0617
vn 0.1988 0.9308 0.3069
vn 0.9253 0.2368 -0.2962
vn 0.5459 0.7734 0.3223
vn 0.1807 0.9351 0.3049
vn 0.9655 -0.1920 -0.1759
vn 0.5576 -0.7680 -0.3151
vn 0.9308 0.3654 0.0060
vn 0.1992 0.9455 0.2577
vn 0.1122 -0.7935 -0.5981
vn 0.6261 0.7336 0.2644
vn 0.1505 0.9556 0.2535
vn 0.6397 -0.7353 -0.2239
vn 0.6225 0.7633 0.1731
vn 0.5357 0.8306 0.1521
vn 0.1729 0.9371 0.3034
vn 0.9267 0.2112 -0.3109
vn 0.2449 0.9694 0.0159
vn 0.8923 -0.1803 -0.4139
vn 0.3077 -0.6005 -0.7380
vn 0.8599 0.4715 -0.1955
vn 0.7235 -0.3638 -0.5867
vn 0.2569 -0.4865 -0.8350
vn 0.8907 -0.2401 -0.3860
vn -0.3898 -0.9206 0.0254
vn 0.6990 -0.0628 -0.7123
vn 0.7612 -0.5214 0.3857
vn 0.9679 0.0725 -0.2408
vn 0.7538 0.1217 -0.6457
vn 0.7328 0.3472 -0.5852
vn 0.9643 -0.1590 -0.2117
vn 0.9150 0.1783 -0.3619
vn 0.9115 -0.2010 -0.3588
vn 0.8720 0.1526 -0.4652
vn 0.6806 -0.0734 -0.7290
vn 0.6614 -0.3135 -0.6814
vn 0.9868 -0.1565 -0.0406
vn 0.9628 -0.1683 -0.2115
vn 0.6016 0.0022 0.7988
vn 0.8148 -0.3667 -0.4491
vn 0.5308 -0.1545 0.8333
vn 0.9306 0.1509 0.3334
vn 0.6711 -0.0705 0.7380
vn 0.5671 -0.0717 0.8206
vn 0.5707 0.0255 0.8208
vn 0.2752 -0.3031 0.9123
vn 0.8696 -0.4145 0.2681
vn 0.3182 -0.3730 0.8716
vn 0.3834 -0.3094 0.8702
vn 0.9951 -0.0897 -0.0423
vn 0.7307 -0.4715 0.4936
vn 0.3004 -0.4552 0.8382
vn 0.1226 -0.1230 0.9848
vn 0.6387 -0.7266 -0.2533
vn 0.5890 -0.4111 -0.6958
vn 0.9776 -0.1258 -0.1686
vn 0.9908 -0.0646 -0.1189
vn 0.6399 -0.0856 0.7636
vn 0.5846 0.1968 0.7871
vn 0.0991 0.1812 0.9784
vn 0.6021 0.3148 0.7338
vn 0.1348 0.3284 0.9349
vn 0.9971 0.0631 0.0430
vn 0.7343 0.3292 0.5936
vn 0.2449 0.0944 0.9649
vn 0.4452 0.3426 0.8273
vn 0.3192 -0.4304 0.8443
vn 0.9085 -0.3861 -0.1599
vn 0.7669 -0.0287 -0.6411
vn 0.8022 -0.2528 0.5409
vn 0.2567 -0.3081 0.9161
vn 0.2050 0.1089 0.9727
vn 0.8723 -0.0668 -0.4843
vn 0.6673 0.0900 0.7394
vn 0.2652 0.3323 0.9051
vn 0.7870 -0.0760 -0.6123
vn 0.8548 -0.1584 -0.4942
vn 0.7726 0.2547 0.5816
vn 0.7328 0.6531 -0.1910
vn 0.7951 -0.0073 -0.6065
vn 0.1490 -0.2144 -0.9653
vn 0.3732 0.4521 -0.8101
vn 0.2341 -0.2914 -0.9275
vn 0.4947 0.6178 0.6112
vn 0.9394 0.2409 -0.2438
vn 1.0000 -0.0003 -0.0008
vn 1.0000 -0.0002 -0.0003
vn 0.7404 0.2550 0.6219
vn 0.1736 0.7657 0.6193
vn 0.3276 0.3425 0.8806
vn 0.0718 0.4282 0.9008
vn 0.0844 0.6118 0.7865
vn 0.3062 0.5278 0.7922
vn 0.0893 0.6646 0.7418
vn 0.5245 0.6048 0.5992
vn 0.9292 -0.3658 -0.0536
vn 0.8108 -0.0750 0.5805
vn 0.8900 -0.0409 0.4542
vn 0.8985 -0.3938 0.1942
vn 0.9546 -0.1955 -0.2250
vn 0.2368 0.5001 0.8330
vn 0.1065 0.5918 0.7990
vn 0.0506 0.6778 0.7335
vn 0.1621 0.6857 0.7096
vn 0.0510 0.9163 0.3972
vn 0.2198 0.9448 0.2430
vn 0.1900 0.9713 -0.1431
vn 0.6180 0.7553 -0.2183
vn 0.9971 0.0761 0.0012
vn 0.9223 0.3046 0.2381
vn 0.8188 0.5014 0.2794
vn 0.7763 0.3207 -0.5428
vn 0.8340 0.4517 -0.3170
vn 0.8340 0.4517 0.3170
vn 0.7830 -0.6037 -0.1497
vn 0.7446 -0.6526 0.1400
vn 0.7208 -0.5580 -0.4113
vn 0.2591 -0.9484 -0.1825
vn 0.2922 -0.8601 -0.4182
vn 0.2349 -0.8893 -0.3925
vn 0.2027 -0.9024 -0.3804
vn 0.1799 -0.9374 -0.2982
vn 0.5358 -0.7645 -0.3585
vn 0.1980 -0.8658 -0.4596
vn 0.2862 -0.9582 -0.0000
vn 0.1144 -0.9934 -0.0000
vn 0.1980 -0.8658 0.4596
vn 0.5358 -0.7645 0.3585
vn 0.2922 -0.8601 0.4182
vn 0.7446 -0.6526 -0.1400
vn 0.2591 -0.9484 0.1825
vn 0.7830 -0.6037 0.1497
vn 0.7208 -0.5580 0.4113
vn 0.2349 -0.8893 0.3925
vn 0.2027 -0.9024 0.3804
vn 0.1799 -0.9374 0.2982
vn 0.9509 -0.2247 0.2128
vn 0.9071 0.3584 0.2207
vn 0.4127 -0.6764 0.6100
vn 0.1210 -0.8577 0.4997
vn 0.4372 0.2364 0.8677
vn 0.3236 -0.1879 0.9273
vn 0.0948 -0.4068 0.9086
vn 0.3235 0.5821 0.7460
vn 0.3382 0.9363 0.0947
vn 0.3639 0.5178 0.7743
vn 0.1831 -0.6048 0.7751
vn 0.9829 -0.1142 0.1447
vn 0.2756 -0.8234 0.4961
vn 0.9739 -0.2084 -0.0896
vn 0.3435 -0.9287 0.1398
vn 0.8743 0.3809 -0.3009
vn 0.9670 -0.1312 -0.2182
vn 0.3787 -0.8722 -0.3096
vn 0.9895 0.0228 0.1427
vn 0.8743 -0.4617 0.1502
vn 0.3543 -0.9032 -0.2421
vn 0.2519 -0.8811 0.4004
vn 0.2568 -0.7090 0.6568
vn 0.9973 -0.0200 0.0710
vn 0.2748 -0.5641 0.7786
vn 0.9966 0.0705 0.0434
vn 0.9988 -0.0483 -0.0031
vn 0.9464 0.1206 -0.2995
vn 0.9082 0.1602 -0.3867
vn 0.8570 -0.0700 0.5106
vn 0.9230 -0.1472 -0.3556
vn 0.9883 -0.1290 -0.0816
vn 0.8656 -0.1381 0.4813
vn 0.9245 0.2044 0.3216
vn 0.9369 -0.0341 -0.3478
vn 0.6480 0.7483 -0.1419
vn 0.5031 -0.8641 -0.0126
vn 0.6447 -0.6709 -0.3664
vn 0.2839 -0.9589 -0.0000
vn 0.6720 0.3542 -0.6504
vn 0.5366 0.2872 -0.7934
vn 0.9940 0.1092 -0.0000
vn 0.1791 0.6281 -0.7573
vn 0.3495 0.8334 -0.4281
vn 0.4312 0.8335 -0.3455
vn 0.2138 0.8713 -0.4416
vn 0.5727 0.8139 -0.0975
vn 0.7242 0.5431 -0.4250
vn 0.2707 0.9627 -0.0000
vn 0.7242 0.5431 0.4250
vn 0.2138 0.8714 0.4416
vn 0.5366 0.2872 0.7934
vn 0.7590 0.4298 -0.4890
vn 0.8213 -0.4919 0.2889
vn 0.9679 -0.1238 -0.2190
vn 0.6103 0.6563 0.4436
vn 0.8514 -0.5085 0.1284
vn 0.9866 0.1475 -0.0697
vn 0.9655 -0.1920 0.1761
vn 0.9256 0.2370 0.2951
vn 0.9980 0.0153 -0.0618
vn 0.9909 0.1342 0.0067
vn 0.1993 0.9300 -0.3089
vn 0.2724 0.9259 -0.2619
vn 0.4068 0.9120 -0.0532
vn 0.5416 0.8226 0.1730
vn 0.6074 0.7056 0.3649
vn 0.5461 0.7726 -0.3239
vn 0.1812 0.9344 -0.3067
vn 0.9749 -0.2131 -0.0650
vn 0.9308 0.3653 -0.0069
vn 0.1997 0.9449 -0.2594
vn 0.6263 0.7329 -0.2655
vn 0.1509 0.9551 -0.2551
vn 0.3634 -0.8055 0.4682
vn 0.9873 -0.1064 0.1180
vn 0.2393 -0.8627 -0.4456
vn 0.2484 -0.9635 0.0994
vn 0.6230 0.7627 -0.1739
vn 0.5362 0.8301 -0.1531
vn 0.1733 0.9365 -0.3047
vn 0.9268 0.2115 0.3105
vn 0.2455 0.9693 -0.0167
vn 0.8599 0.4710 0.1969
vn 0.7235 -0.3630 0.5871
vn 0.9921 0.1102 0.0593
vn 0.6167 0.7549 0.2232
vn 0.1905 0.9713 0.1427
vn 0.2277 -0.5908 0.7741
vn 0.6739 -0.6803 -0.2881
vn -0.3841 -0.9228 -0.0291
vn 0.6941 -0.5719 0.4373
vn 0.9269 0.1668 0.3362
vn 0.6584 0.2931 0.6932
vn 0.7971 -0.2081 -0.5669
vn 0.9294 -0.3646 0.0573
vn 0.8910 -0.0365 -0.4526
vn 0.9511 -0.2084 0.2280
vn 0.7833 0.4318 -0.4471
vn 0.2189 0.9464 -0.2374
vn 0.0551 0.9200 -0.3879
vn 0.1613 0.7024 -0.6933
vn 0.0611 0.6972 -0.7143
vn 0.2371 0.5037 -0.8307
vn 0.1095 0.5975 -0.7944
vn 0.0920 0.6618 -0.7440
vn 0.5313 0.6007 -0.5974
vn 0.3048 0.5335 -0.7889
vn 0.0865 0.6075 -0.7896
vn 0.3212 0.3334 -0.8864
vn 0.0731 0.4226 -0.9034
vn 0.6568 0.1462 -0.7397
vn 0.7425 0.2536 -0.6199
vn 0.7840 -0.5117 -0.3514
vn 0.9835 0.1000 -0.1507
vn 0.8620 0.3843 0.3305
vn 0.4456 0.3384 -0.8288
vn 0.8345 0.1166 0.5386
vn 0.8237 -0.0123 0.5668
vn 0.7301 0.3573 0.5824
vn 0.8910 0.1995 0.4079
vn 0.8414 -0.4436 0.3088
vn 0.6800 -0.0758 0.7293
vn 0.7351 0.3270 -0.5938
vn 0.9971 0.0635 -0.0427
vn 0.9702 0.2326 0.0681
vn 0.9774 -0.1269 0.1692
vn 0.7285 -0.4794 -0.4894
vn 0.8673 -0.4212 -0.2653
vn 0.8155 0.2914 -0.5001
vn 0.9450 -0.1589 0.2857
vn 0.6022 0.0021 -0.7984
vn 0.5322 -0.1548 -0.8324
vn 0.9298 0.1534 -0.3345
vn 0.6713 -0.0719 -0.7377
vn 0.5706 0.0254 -0.8208
vn 0.5670 -0.0739 -0.8204
vn 0.3851 -0.3126 -0.8683
vn 0.2772 -0.3055 -0.9110
vn 0.3207 -0.3688 -0.8724
vn 0.1228 -0.1257 -0.9844
vn 0.9952 -0.0866 0.0452
vn 0.6397 -0.0875 -0.7636
vn 0.3024 -0.4410 -0.8450
vn 0.5841 0.1979 -0.7872
vn 0.0992 0.1815 -0.9784
vn 0.6026 0.3143 -0.7335
vn 0.1354 0.3269 -0.9353
vn 0.2447 0.0953 -0.9649
vn 0.3192 -0.4215 -0.8488
vn 0.9124 -0.3800 0.1523
vn 0.7662 -0.0312 0.6419
vn 0.8032 -0.2471 -0.5420
vn 0.2566 -0.3016 -0.9182
vn 0.2053 0.1064 -0.9729
vn 0.8721 -0.0656 0.4849
vn 0.6681 0.0870 -0.7390
vn 0.2678 0.3257 -0.9068
vn 0.7914 -0.0731 0.6069
vn 0.8546 -0.1548 0.4957
vn 0.3732 0.4441 0.8146
vn 0.1795 0.7678 -0.6151
vn 0.1492 -0.2090 0.9665
vn 0.7729 0.2505 -0.5830
vn 0.7941 -0.0089 0.6077
vn 0.7418 0.6436 0.1884
vn 0.2356 -0.2852 0.9291
vn 0.5064 0.6145 -0.6049
vn 0.9386 0.2428 0.2452
vn 1.0000 -0.0003 0.0008
vn 1.0000 -0.0003 0.0004
vn 0.8617 0.0530 -0.5047
vn 0.6857 0.0727 -0.7243
vn 0.6078 -0.3531 -0.7112
vn 0.8790 0.3032 0.3681
vn 0.9226 -0.1530 0.3541
vn 0.9880 -0.1301 0.0836
vn 0.8294 -0.0570 0.5558
vn 0.9276 -0.1716 0.3319
vn 0.8167 -0.5466 -0.1847
vn 0.8316 -0.2324 0.5044
vn 0.9989 -0.0460 0.0088
vn 0.9967 0.0652 -0.0480
vn 0.2737 -0.5572 -0.7840
vn 0.9973 -0.0196 -0.0709
vn 0.2571 -0.7078 -0.6579
vn 0.8741 -0.4618 -0.1508
vn 0.2524 -0.8801 -0.4021
vn 0.3553 -0.9030 0.2414
vn 0.3797 -0.8720 0.3090
vn 0.9895 0.0232 -0.1428
vn 0.9671 -0.1313 0.2181
vn 0.3444 -0.9281 -0.1417
vn 0.9740 -0.2084 0.0892
vn 0.2760 -0.8218 -0.4984
vn 0.9828 -0.1142 -0.1451
vn 0.1833 -0.6033 -0.7762
vn 0.9071 0.3583 -0.2209
vn 0.9231 0.2264 0.3107
vn 0.3636 0.5181 -0.7742
vn 0.4372 0.2364 -0.8677
vn 0.3382 0.9363 -0.0947
vn 0.9509 -0.2247 -0.2128
vn 0.3235 0.5821 -0.7460
vn 0.4127 -0.6764 -0.6100
vn 0.1210 -0.8577 -0.4997
vn 0.3236 -0.1879 -0.9273
vn 0.0948 -0.4068 -0.9086
vn 0.4866 -0.2754 -0.8291
vn 0.7426 0.2536 -0.6199
vn 0.1795 0.7679 -0.6149
vn 0.0731 0.4225 -0.9034
vn 0.7405 0.2550 0.6218
vn 0.0718 0.4281 0.9009
vn 0.1736 0.7659 0.6191
vt 0.532700 0.704000
vt 0.525800 0.671300
vt 0.544000 0.686800
vt 0.514300 0.696800
vt 0.502600 0.666200
vt 0.520400 0.741200
vt 0.502600 0.693900
vt 0.537000 0.747000
vt 0.551700 0.751100
vt 0.537900 0.783400
vt 0.559800 0.706400
vt 0.502600 0.742400
vt 0.566800 0.688600
vt 0.513300 0.784200
vt 0.515000 0.835400
vt 0.484700 0.741200
vt 0.502600 0.786300
vt 0.491900 0.784200
vt 0.502600 0.831600
vt 0.490100 0.835400
vt 0.502600 0.845800
vt 0.467200 0.783400
vt 0.485600 0.856300
vt 0.466800 0.841600
vt 0.468100 0.747000
vt 0.490800 0.696800
vt 0.472500 0.704000
vt 0.453400 0.751100
vt 0.479300 0.671300
vt 0.461100 0.686800
vt 0.467300 0.247900
vt 0.445300 0.706400
vt 0.450400 0.797000
vt 0.430600 0.790600
vt 0.449800 0.247400
vt 0.412300 0.258400
vt 0.438300 0.688600
vt 0.420900 0.756000
vt 0.408500 0.726000
vt 0.401300 0.661400
vt 0.406200 0.246900
vt 0.404400 0.771900
vt 0.376200 0.289300
vt 0.422500 0.779800
vt 0.384600 0.749400
vt 0.367900 0.274900
vt 0.342700 0.317400
vt 0.384700 0.702900
vt 0.358500 0.659300
vt 0.333200 0.305200
vt 0.358400 0.697100
vt 0.317400 0.347800
vt 0.336800 0.665600
vt 0.353800 0.740800
vt 0.336000 0.702400
vt 0.295700 0.382500
vt 0.326500 0.677200
vt 0.310400 0.725300
vt 0.312800 0.657200
vt 0.314100 0.729800
vt 0.332200 0.764800
vt 0.287900 0.695600
vt 0.321100 0.648800
vt 0.296900 0.628900
vt 0.307600 0.779200
vt 0.269200 0.657700
vt 0.279400 0.741000
vt 0.299700 0.780200
vt 0.311900 0.820800
vt 0.225000 0.754400
vt 0.319000 0.810900
vt 0.337800 0.788000
vt 0.274400 0.787200
vt 0.341900 0.834400
vt 0.280100 0.823000
vt 0.250200 0.772800
vt 0.342600 0.823700
vt 0.351900 0.792200
vt 0.366400 0.815600
vt 0.361000 0.777000
vt 0.382000 0.786000
vt 0.370200 0.824000
vt 0.353800 0.750100
vt 0.374900 0.755900
vt 0.395100 0.793100
vt 0.410300 0.785900
vt 0.399400 0.817400
vt 0.415700 0.793600
vt 0.405500 0.804500
vt 0.415800 0.810000
vt 0.418500 0.825100
vt 0.406200 0.815900
vt 0.407600 0.831200
vt 0.435600 0.843000
vt 0.435000 0.861200
vt 0.423500 0.880500
vt 0.442200 0.864200
vt 0.388600 0.860000
vt 0.398600 0.901200
vt 0.460100 0.849600
vt 0.452500 0.861800
vt 0.460300 0.876600
vt 0.362900 0.904400
vt 0.381000 0.843000
vt 0.357100 0.877800
vt 0.323500 0.897000
vt 0.354000 0.860200
vt 0.325900 0.877500
vt 0.294300 0.883300
vt 0.328000 0.862600
vt 0.301800 0.869800
vt 0.277000 0.870000
vt 0.306800 0.853400
vt 0.268100 0.875400
vt 0.286200 0.860900
vt 0.293700 0.832300
vt 0.280200 0.848900
vt 0.260000 0.854300
vt 0.270400 0.849300
vt 0.250500 0.868400
vt 0.262300 0.830000
vt 0.269500 0.813400
vt 0.256700 0.837500
vt 0.246500 0.849500
vt 0.240500 0.854700
vt 0.250900 0.816200
vt 0.257900 0.798800
vt 0.242000 0.833100
vt 0.241000 0.799200
vt 0.240300 0.814100
vt 0.234600 0.841800
vt 0.228500 0.840800
vt 0.221700 0.842900
vt 0.221200 0.829800
vt 0.204500 0.836600
vt 0.228400 0.819400
vt 0.226800 0.811700
vt 0.213400 0.821600
vt 0.214600 0.795600
vt 0.187900 0.825000
vt 0.203500 0.801800
vt 0.211400 0.771600
vt 0.210800 0.752100
vt 0.199100 0.776400
vt 0.181700 0.802200
vt 0.198400 0.756200
vt 0.175900 0.773500
vt 0.165000 0.796300
vt 0.209200 0.737200
vt 0.194900 0.741400
vt 0.176100 0.742700
vt 0.160200 0.767100
vt 0.186100 0.725100
vt 0.192100 0.718800
vt 0.159200 0.737300
vt 0.177400 0.716600
vt 0.190000 0.681000
vt 0.168400 0.714200
vt 0.170100 0.704600
vt 0.164000 0.695500
vt 0.207800 0.650700
vt 0.150000 0.736600
vt 0.182700 0.671500
vt 0.247500 0.621800
vt 0.154000 0.676800
vt 0.199000 0.645700
vt 0.170000 0.659000
vt 0.218700 0.617200
vt 0.185200 0.637300
vt 0.210400 0.614700
vt 0.223800 0.589300
vt 0.214200 0.590300
vt 0.197000 0.609400
vt 0.166500 0.607900
vt 0.204300 0.586300
vt 0.156700 0.639300
vt 0.135500 0.665600
vt 0.213800 0.572100
vt 0.188100 0.577900
vt 0.136900 0.689700
vt 0.117300 0.673500
vt 0.141500 0.712700
vt 0.115300 0.693800
vt 0.113900 0.722500
vt 0.097300 0.695000
vt 0.125500 0.658600
vt 0.146800 0.636400
vt 0.112200 0.649800
vt 0.138100 0.635100
vt 0.156700 0.606000
vt 0.170600 0.567600
vt 0.143200 0.601000
vt 0.192400 0.563700
vt 0.161500 0.565100
vt 0.132900 0.571100
vt 0.174700 0.546800
vt 0.212200 0.539000
vt 0.141500 0.538100
vt 0.196400 0.538900
vt 0.181400 0.526800
vt 0.208800 0.514800
vt 0.156200 0.517800
vt 0.168000 0.507400
vt 0.126500 0.481800
vt 0.139200 0.470500
vt 0.194800 0.491800
vt 0.161700 0.467400
vt 0.137200 0.414000
vt 0.113600 0.542100
vt 0.089300 0.492600
vt 0.103500 0.447300
vt 0.087700 0.539800
vt 0.123000 0.410000
vt 0.111300 0.558800
vt 0.151800 0.352400
vt 0.084400 0.561700
vt 0.177800 0.356900
vt 0.087700 0.586700
vt 0.181200 0.300800
vt 0.060600 0.589200
vt 0.107800 0.581200
vt 0.120200 0.592200
vt 0.098400 0.611500
vt 0.124600 0.611400
vt 0.113300 0.616600
vt 0.124400 0.633500
vt 0.100200 0.635800
vt 0.089800 0.615600
vt 0.071600 0.604200
vt 0.062100 0.627700
vt 0.048500 0.629200
vt 0.082800 0.635000
vt 0.065100 0.657900
vt 0.045200 0.668900
vt 0.087300 0.656700
vt 0.075200 0.677500
vt 0.056300 0.692200
vt 0.098300 0.672400
vt 0.068400 0.699800
vt 0.048700 0.704500
vt 0.075300 0.716000
vt 0.058200 0.712100
vt 0.096100 0.719000
vt 0.064300 0.719800
vt 0.081500 0.730700
vt 0.038300 0.731300
vt 0.027600 0.723500
vt 0.013900 0.755000
vt 0.046300 0.735000
vt 0.026700 0.756200
vt 0.015400 0.773000
vt 0.054900 0.737900
vt 0.039300 0.758400
vt 0.032200 0.772400
vt 0.038000 0.788400
vt 0.042000 0.776100
vt 0.050900 0.777400
vt 0.055800 0.758700
vt 0.050900 0.789200
vt 0.021200 0.794800
vt 0.050300 0.804500
vt 0.055400 0.798300
vt 0.038300 0.809900
vt 0.077300 0.742600
vt 0.076500 0.748400
vt 0.078500 0.758600
vt 0.072600 0.759700
vt 0.088300 0.777700
vt 0.093600 0.732800
vt 0.093000 0.773700
vt 0.109300 0.792900
vt 0.092300 0.752800
vt 0.106000 0.743500
vt 0.126000 0.754500
vt 0.122200 0.758500
vt 0.103000 0.767000
vt 0.117300 0.784300
vt 0.150900 0.755700
vt 0.138900 0.771000
vt 0.150000 0.781500
vt 0.138100 0.784300
vt 0.149000 0.788600
vt 0.141500 0.792600
vt 0.160500 0.800200
vt 0.131700 0.799100
vt 0.125300 0.805300
vt 0.137700 0.821300
vt 0.139000 0.803200
vt 0.142600 0.816000
vt 0.170700 0.843500
vt 0.152500 0.804000
vt 0.176200 0.835200
vt 0.195600 0.841300
vt 0.183000 0.829500
vt 0.596600 0.726000
vt 0.584300 0.756000
vt 0.603800 0.661400
vt 0.574500 0.790600
vt 0.592800 0.258400
vt 0.600700 0.771900
vt 0.555300 0.247400
vt 0.537900 0.247900
vt 0.598900 0.246900
vt 0.502600 0.246700
vt 0.553700 0.227300
vt 0.517500 0.202600
vt 0.537000 0.203000
vt 0.502600 0.201700
vt 0.487600 0.202600
vt 0.517800 0.192300
vt 0.502600 0.189700
vt 0.487300 0.192300
vt 0.468100 0.203000
vt 0.451400 0.227300
vt 0.502600 0.179900
vt 0.478400 0.186600
vt 0.460600 0.184300
vt 0.480600 0.143900
vt 0.415500 0.182000
vt 0.526700 0.186600
vt 0.524600 0.143900
vt 0.544600 0.184300
vt 0.589700 0.182000
vt 0.547400 0.140000
vt 0.502600 0.124400
vt 0.550800 0.109500
vt 0.525800 0.100600
vt 0.582600 0.114000
vt 0.563800 0.070200
vt 0.543300 0.063700
vt 0.594000 0.093900
vt 0.602200 0.101900
vt 0.615000 0.099000
vt 0.517100 0.060900
vt 0.527800 0.043300
vt 0.502600 0.075300
vt 0.502600 0.045200
vt 0.502600 0.030900
vt 0.477300 0.043300
vt 0.488000 0.060900
vt 0.461800 0.063700
vt 0.479300 0.100600
vt 0.441300 0.070200
vt 0.454400 0.109500
vt 0.457700 0.140000
vt 0.422600 0.114000
vt 0.411100 0.093900
vt 0.403000 0.101900
vt 0.390100 0.099000
vt 0.394800 0.124300
vt 0.387000 0.166800
vt 0.374600 0.110500
vt 0.366800 0.094100
vt 0.375100 0.135000
vt 0.358300 0.117400
vt 0.353200 0.112100
vt 0.349000 0.138700
vt 0.358900 0.152400
vt 0.374400 0.157600
vt 0.360300 0.189600
vt 0.368200 0.204500
vt 0.340500 0.205900
vt 0.389200 0.224300
vt 0.340600 0.228600
vt 0.315900 0.207100
vt 0.351700 0.252100
vt 0.311800 0.234000
vt 0.296200 0.203200
vt 0.309900 0.277300
vt 0.288700 0.229400
vt 0.269400 0.220300
vt 0.279200 0.190000
vt 0.256700 0.189300
vt 0.229400 0.211500
vt 0.277000 0.262800
vt 0.248300 0.236300
vt 0.206200 0.246200
vt 0.260800 0.277100
vt 0.224800 0.270400
vt 0.288900 0.325500
vt 0.242800 0.300600
vt 0.202200 0.311500
vt 0.225200 0.336600
vt 0.306100 0.340300
vt 0.265400 0.366400
vt 0.281200 0.376900
vt 0.279500 0.420600
vt 0.202600 0.380500
vt 0.159300 0.412900
vt 0.304900 0.621800
vt 0.189100 0.428900
vt 0.249500 0.410100
vt 0.188300 0.467000
vt 0.239100 0.448000
vt 0.268200 0.417600
vt 0.213900 0.482000
vt 0.266000 0.461100
vt 0.258600 0.459000
vt 0.232700 0.473600
vt 0.290800 0.588500
vt 0.268700 0.513600
vt 0.255600 0.497800
vt 0.280400 0.593200
vt 0.268000 0.546000
vt 0.245000 0.576100
vt 0.240900 0.562600
vt 0.253600 0.529600
vt 0.225800 0.533900
vt 0.235600 0.516100
vt 0.237500 0.498000
vt 0.227500 0.500700
vt 0.218100 0.506200
vt 0.232400 0.483100
vt 0.222900 0.487200
vt 0.554700 0.797000
vt 0.538300 0.841600
vt 0.569500 0.843000
vt 0.519500 0.856300
vt 0.532200 0.860700
vt 0.502600 0.861200
vt 0.545000 0.849600
vt 0.518400 0.867800
vt 0.534600 0.870200
vt 0.502600 0.875800
vt 0.544900 0.876600
vt 0.552700 0.861800
vt 0.562900 0.864200
vt 0.535200 0.893500
vt 0.570100 0.861200
vt 0.520300 0.877300
vt 0.502600 0.899500
vt 0.484800 0.877300
vt 0.469900 0.893500
vt 0.486700 0.867800
vt 0.470500 0.870200
vt 0.472900 0.860700
vt 0.678700 0.677200
vt 0.669100 0.702400
vt 0.668300 0.665600
vt 0.694700 0.725300
vt 0.646800 0.697100
vt 0.717300 0.695600
vt 0.651300 0.740800
vt 0.691000 0.729800
vt 0.620400 0.702900
vt 0.697500 0.779200
vt 0.646600 0.659300
vt 0.672900 0.764800
vt 0.705400 0.780200
vt 0.620500 0.749400
vt 0.630200 0.755900
vt 0.651300 0.750100
vt 0.623100 0.786000
vt 0.644100 0.777000
vt 0.610000 0.793100
vt 0.667300 0.788000
vt 0.653200 0.792200
vt 0.638700 0.815600
vt 0.686100 0.810900
vt 0.662500 0.823700
vt 0.693200 0.820800
vt 0.634900 0.824000
vt 0.663200 0.834400
vt 0.651100 0.860200
vt 0.605700 0.817400
vt 0.624100 0.843000
vt 0.616500 0.860000
vt 0.677100 0.862600
vt 0.698400 0.853400
vt 0.711400 0.832300
vt 0.725000 0.823000
vt 0.718900 0.860900
vt 0.703300 0.869800
vt 0.679200 0.877500
vt 0.648000 0.877800
vt 0.710800 0.883300
vt 0.681600 0.897000
vt 0.642200 0.904400
vt 0.606500 0.901200
vt 0.581700 0.880500
vt 0.728100 0.870000
vt 0.737000 0.875400
vt 0.597500 0.831200
vt 0.745100 0.854300
vt 0.754600 0.868400
vt 0.724900 0.848900
vt 0.734700 0.849300
vt 0.742800 0.830000
vt 0.758600 0.849500
vt 0.764600 0.854700
vt 0.748400 0.837500
vt 0.754200 0.816200
vt 0.735600 0.813400
vt 0.730700 0.787200
vt 0.747300 0.798800
vt 0.725800 0.741000
vt 0.754900 0.772800
vt 0.764100 0.799200
vt 0.780100 0.754400
vt 0.790500 0.795600
vt 0.764900 0.814100
vt 0.778300 0.811700
vt 0.763100 0.833100
vt 0.776700 0.819400
vt 0.770500 0.841800
vt 0.776600 0.840800
vt 0.783500 0.842900
vt 0.783900 0.829800
vt 0.800700 0.836600
vt 0.791700 0.821600
vt 0.817300 0.825000
vt 0.801600 0.801800
vt 0.806000 0.776400
vt 0.823400 0.802200
vt 0.822100 0.829500
vt 0.809500 0.841300
vt 0.840100 0.796300
vt 0.793800 0.771600
vt 0.829200 0.773500
vt 0.806700 0.756200
vt 0.794300 0.752100
vt 0.796000 0.737200
vt 0.829100 0.742700
vt 0.810300 0.741400
vt 0.844900 0.767100
vt 0.819000 0.725100
vt 0.813000 0.718800
vt 0.845900 0.737300
vt 0.827700 0.716600
vt 0.836800 0.714200
vt 0.815100 0.681000
vt 0.835000 0.704600
vt 0.841100 0.695500
vt 0.735900 0.657700
vt 0.855100 0.736600
vt 0.854300 0.755700
vt 0.855200 0.781500
vt 0.863600 0.712700
vt 0.891300 0.722500
vt 0.879100 0.754500
vt 0.866200 0.771000
vt 0.882900 0.758500
vt 0.867000 0.784300
vt 0.863700 0.792600
vt 0.856100 0.788600
vt 0.844600 0.800200
vt 0.852600 0.804000
vt 0.866100 0.803200
vt 0.828900 0.835200
vt 0.834400 0.843500
vt 0.862500 0.816000
vt 0.867400 0.821300
vt 0.873400 0.799100
vt 0.879900 0.805300
vt 0.895800 0.792900
vt 0.887800 0.784300
vt 0.912200 0.773700
vt 0.916800 0.777700
vt 0.902100 0.767000
vt 0.926600 0.758600
vt 0.932500 0.759700
vt 0.912800 0.752800
vt 0.927800 0.742600
vt 0.899100 0.743500
vt 0.911500 0.732800
vt 0.923600 0.730700
vt 0.909000 0.719000
vt 0.889900 0.693800
vt 0.929800 0.716000
vt 0.868200 0.689700
vt 0.907800 0.695000
vt 0.887800 0.673500
vt 0.851200 0.676800
vt 0.936700 0.699800
vt 0.822500 0.671500
vt 0.869600 0.665600
vt 0.835100 0.659000
vt 0.797300 0.650700
vt 0.806200 0.645700
vt 0.848400 0.639300
vt 0.757600 0.621800
vt 0.786400 0.617200
vt 0.819900 0.637300
vt 0.794800 0.614700
vt 0.781300 0.589300
vt 0.808100 0.609400
vt 0.838600 0.607900
vt 0.790900 0.590300
vt 0.800900 0.586300
vt 0.791300 0.572100
vt 0.817000 0.577900
vt 0.858300 0.636400
vt 0.848500 0.606000
vt 0.879600 0.658600
vt 0.867000 0.635100
vt 0.892900 0.649800
vt 0.906800 0.672400
vt 0.929900 0.677500
vt 0.917800 0.656700
vt 0.904900 0.635800
vt 0.880700 0.633500
vt 0.891800 0.616600
vt 0.880600 0.611400
vt 0.906700 0.611500
vt 0.861900 0.601000
vt 0.884900 0.592200
vt 0.872200 0.571100
vt 0.897300 0.581200
vt 0.917500 0.586700
vt 0.893800 0.558800
vt 0.843600 0.565100
vt 0.863600 0.538100
vt 0.834500 0.567600
vt 0.830500 0.546800
vt 0.812700 0.563700
vt 0.808700 0.538900
vt 0.792900 0.539000
vt 0.823800 0.526800
vt 0.796300 0.514800
vt 0.848900 0.517800
vt 0.837100 0.507400
vt 0.878700 0.481800
vt 0.810300 0.491800
vt 0.866000 0.470500
vt 0.843500 0.467400
vt 0.867900 0.414000
vt 0.891500 0.542100
vt 0.915900 0.492600
vt 0.917400 0.539800
vt 0.901600 0.447300
vt 0.920700 0.561700
vt 0.882200 0.410000
vt 0.853300 0.352400
vt 0.944500 0.589200
vt 0.827300 0.356900
vt 0.933500 0.604200
vt 0.823900 0.300800
vt 0.943000 0.627700
vt 0.956600 0.629200
vt 0.915300 0.615600
vt 0.922300 0.635000
vt 0.940000 0.657900
vt 0.959900 0.668900
vt 0.948900 0.692200
vt 0.956400 0.704500
vt 0.946900 0.712100
vt 0.940800 0.719800
vt 0.966900 0.731300
vt 0.977500 0.723500
vt 0.991200 0.755000
vt 0.958800 0.735000
vt 0.978500 0.756200
vt 0.989700 0.773000
vt 0.950200 0.737900
vt 0.965800 0.758400
vt 0.949300 0.758700
vt 0.928600 0.748400
vt 0.954200 0.777400
vt 0.972900 0.772400
vt 0.963100 0.776100
vt 0.967100 0.788400
vt 0.954200 0.789200
vt 0.983900 0.794800
vt 0.954800 0.804500
vt 0.949700 0.798300
vt 0.966800 0.809900
vt 0.594800 0.785900
vt 0.582700 0.779800
vt 0.599600 0.804500
vt 0.589400 0.793600
vt 0.598900 0.815900
vt 0.589300 0.810000
vt 0.586600 0.825100
vt 0.760100 0.576100
vt 0.724700 0.593200
vt 0.764200 0.562600
vt 0.708300 0.628900
vt 0.737100 0.546000
vt 0.779300 0.533900
vt 0.751500 0.529600
vt 0.777600 0.500700
vt 0.769600 0.516100
vt 0.749500 0.497800
vt 0.736400 0.513600
vt 0.714300 0.588500
vt 0.767600 0.498000
vt 0.772700 0.483100
vt 0.772400 0.473600
vt 0.746500 0.459000
vt 0.739100 0.461100
vt 0.700200 0.621800
vt 0.736900 0.417600
vt 0.725600 0.420600
vt 0.684000 0.648800
vt 0.692300 0.657200
vt 0.709400 0.382500
vt 0.724000 0.376900
vt 0.687700 0.347800
vt 0.699000 0.340300
vt 0.755600 0.410100
vt 0.662400 0.317400
vt 0.671900 0.305200
vt 0.628900 0.289300
vt 0.637200 0.274900
vt 0.716200 0.325500
vt 0.653500 0.252100
vt 0.739700 0.366400
vt 0.695200 0.277300
vt 0.779900 0.336600
vt 0.802500 0.380500
vt 0.762300 0.300600
vt 0.816100 0.428900
vt 0.744300 0.277100
vt 0.802900 0.311500
vt 0.845900 0.412900
vt 0.780300 0.270400
vt 0.798900 0.246200
vt 0.756800 0.236300
vt 0.775700 0.211500
vt 0.735700 0.220300
vt 0.748400 0.189300
vt 0.725900 0.190000
vt 0.708900 0.203200
vt 0.728100 0.262800
vt 0.716400 0.229400
vt 0.693300 0.234000
vt 0.689300 0.207100
vt 0.664500 0.228600
vt 0.664600 0.205900
vt 0.636900 0.204500
vt 0.644900 0.189600
vt 0.618100 0.166800
vt 0.615900 0.224300
vt 0.630700 0.157600
vt 0.630000 0.135000
vt 0.646200 0.152400
vt 0.610300 0.124300
vt 0.656100 0.138700
vt 0.630600 0.110500
vt 0.638300 0.094100
vt 0.646800 0.117400
vt 0.652000 0.112100
vt 0.791200 0.482000
vt 0.787000 0.506200
vt 0.782200 0.487200
vt 0.816800 0.467000
vt 0.766000 0.448000
s 1
f 1/1/1 2/2/2 3/3/3
f 4/4/4 2/2/2 1/1/1
f 4/4/4 5/5/5 2/2/2
f 1/1/1 6/6/6 4/4/4
f 4/4/4 7/7/7 5/5/5
f 7/7/7 4/4/4 6/6/6
f 6/6/6 1/1/1 8/8/8
f 1/1/1 9/9/9 8/8/8
f 6/6/6 8/8/8 10/10/10
f 10/10/10 8/8/8 9/9/9
f 1/1/1 11/11/11 9/9/9
f 3/3/3 11/11/11 1/1/1
f 7/7/7 6/6/6 12/12/12
f 3/3/3 13/13/13 11/11/11
f 6/6/6 10/10/10 14/14/14
f 14/14/14 12/12/12 6/6/6
f 15/15/15 14/14/14 10/10/10
f 7/7/7 12/12/12 16/16/16
f 14/14/14 17/17/17 12/12/12
f 15/15/15 17/17/17 14/14/14
f 12/12/12 17/17/17 18/18/18
f 12/12/12 18/18/18 16/16/16
f 15/15/15 19/19/19 17/17/17
f 20/20/20 18/18/18 17/17/17
f 20/20/20 17/17/17 19/19/19
f 21/21/21 19/19/19 15/15/15
f 20/20/20 19/19/19 21/21/21
f 22/22/22 18/18/18 20/20/20
f 22/22/22 16/16/16 18/18/18
f 20/20/20 21/21/21 23/23/23
f 22/22/22 20/20/20 24/24/24
f 23/23/23 24/24/24 20/20/20
f 22/22/22 25/25/25 16/16/16
f 7/7/7 16/16/16 26/26/26
f 5/5/5 7/7/7 26/26/26
f 16/16/16 25/25/25 27/27/27
f 27/27/27 26/26/26 16/16/16
f 28/28/28 25/25/25 22/22/22
f 27/27/27 25/25/25 28/28/28
f 26/26/26 27/27/27 29/29/29
f 5/5/5 26/26/26 29/29/29
f 27/27/27 30/30/30 29/29/29
f 31/31/31 5/5/5 29/29/29
f 27/27/27 28/28/28 32/32/32
f 32/32/32 30/30/30 27/27/27
f 28/28/28 22/22/22 33/33/33
f 33/33/33 22/22/22 24/24/24
f 33/33/33 34/34/34 28/28/28
f 35/35/35 29/29/29 30/30/30
f 35/35/35 31/31/31 29/29/29
f 30/30/30 36/36/36 35/35/35
f 32/32/32 37/37/37 30/30/30
f 30/30/30 37/37/37 36/36/36
f 32/32/32 28/28/28 38/38/38
f 34/34/34 38/38/38 28/28/28
f 37/37/37 32/32/32 39/39/39
f 32/32/32 38/38/38 39/39/39
f 40/40/40 36/36/36 37/37/37
f 39/39/39 40/40/40 37/37/37
f 35/35/35 36/36/36 41/41/41
f 38/38/38 42/42/42 39/39/39
f 40/40/40 43/43/43 36/36/36
f 44/44/44 42/42/42 38/38/38
f 34/34/34 44/44/44 38/38/38
f 42/42/42 45/45/45 39/39/39
f 46/46/46 36/36/36 43/43/43
f 46/46/46 41/41/41 36/36/36
f 46/46/46 43/43/43 47/47/47
f 40/40/40 47/47/47 43/43/43
f 39/39/39 48/48/48 40/40/40
f 48/48/48 39/39/39 45/45/45
f 40/40/40 49/49/49 47/47/47
f 48/48/48 49/49/49 40/40/40
f 46/46/46 47/47/47 50/50/50
f 48/48/48 51/51/51 49/49/49
f 49/49/49 52/52/52 47/47/47
f 50/50/50 47/47/47 52/52/52
f 53/53/53 49/49/49 51/51/51
f 49/49/49 53/53/53 52/52/52
f 54/54/54 51/51/51 48/48/48
f 54/54/54 48/48/48 45/45/45
f 53/53/53 51/51/51 55/55/55
f 55/55/55 51/51/51 54/54/54
f 53/53/53 56/56/56 52/52/52
f 57/57/57 53/53/53 55/55/55
f 55/55/55 58/58/58 57/57/57
f 53/53/53 57/57/57 59/59/59
f 54/54/54 60/60/60 55/55/55
f 55/55/55 60/60/60 58/58/58
f 54/54/54 61/61/61 60/60/60
f 62/62/62 59/59/59 57/57/57
f 62/62/62 57/57/57 58/58/58
f 53/53/53 59/59/59 63/63/63
f 53/53/53 63/63/63 56/56/56
f 64/64/64 63/63/63 59/59/59
f 58/58/58 60/60/60 65/65/65
f 61/61/61 65/65/65 60/60/60
f 66/66/66 59/59/59 62/62/62
f 66/66/66 64/64/64 59/59/59
f 62/62/62 58/58/58 67/67/67
f 58/58/58 65/65/65 68/68/68
f 68/68/68 67/67/67 58/58/58
f 65/65/65 69/69/69 68/68/68
f 67/67/67 70/70/70 62/62/62
f 71/71/71 65/65/65 61/61/61
f 65/65/65 71/71/71 69/69/69
f 71/71/71 61/61/61 72/72/72
f 68/68/68 73/73/73 67/67/67
f 71/71/71 74/74/74 69/69/69
f 69/69/69 75/75/75 68/68/68
f 75/75/75 73/73/73 68/68/68
f 73/73/73 76/76/76 67/67/67
f 67/67/67 76/76/76 70/70/70
f 71/71/71 72/72/72 77/77/77
f 71/71/71 77/77/77 74/74/74
f 72/72/72 78/78/78 77/77/77
f 78/78/78 79/79/79 77/77/77
f 80/80/80 78/78/78 72/72/72
f 80/80/80 72/72/72 61/61/61
f 78/78/78 81/81/81 79/79/79
f 78/78/78 80/80/80 81/81/81
f 82/82/82 77/77/77 79/79/79
f 82/82/82 74/74/74 77/77/77
f 82/82/82 79/79/79 81/81/81
f 83/83/83 80/80/80 61/61/61
f 54/54/54 83/83/83 61/61/61
f 83/83/83 84/84/84 80/80/80
f 84/84/84 83/83/83 54/54/54
f 80/80/80 84/84/84 81/81/81
f 84/84/84 54/54/54 45/45/45
f 81/81/81 84/84/84 45/45/45
f 81/81/81 45/45/45 85/85/85
f 82/82/82 81/81/81 85/85/85
f 42/42/42 85/85/85 45/45/45
f 42/42/42 86/86/86 85/85/85
f 44/44/44 86/86/86 42/42/42
f 87/87/87 82/82/82 85/85/85
f 88/88/88 86/86/86 44/44/44
f 88/88/88 44/44/44 34/34/34
f 89/89/89 85/85/85 86/86/86
f 86/86/86 88/88/88 89/89/89
f 89/89/89 87/87/87 85/85/85
f 90/90/90 88/88/88 34/34/34
f 90/90/90 89/89/89 88/88/88
f 91/91/91 90/90/90 34/34/34
f 92/92/92 89/89/89 90/90/90
f 92/92/92 90/90/90 91/91/91
f 92/92/92 87/87/87 89/89/89
f 91/91/91 34/34/34 33/33/33
f 93/93/93 92/92/92 91/91/91
f 93/93/93 87/87/87 92/92/92
f 91/91/91 33/33/33 94/94/94
f 93/93/93 91/91/91 94/94/94
f 24/24/24 94/94/94 33/33/33
f 93/93/93 94/94/94 95/95/95
f 93/93/93 95/95/95 96/96/96
f 97/97/97 95/95/95 94/94/94
f 93/93/93 96/96/96 98/98/98
f 98/98/98 87/87/87 93/93/93
f 96/96/96 99/99/99 98/98/98
f 97/97/97 94/94/94 100/100/100
f 24/24/24 100/100/100 94/94/94
f 100/100/100 101/101/101 97/97/97
f 102/102/102 101/101/101 100/100/100
f 103/103/103 98/98/98 99/99/99
f 98/98/98 104/104/104 87/87/87
f 87/87/87 104/104/104 82/82/82
f 103/103/103 105/105/105 98/98/98
f 106/106/106 105/105/105 103/103/103
f 107/107/107 104/104/104 98/98/98
f 82/82/82 104/104/104 107/107/107
f 107/107/107 98/98/98 105/105/105
f 82/82/82 107/107/107 74/74/74
f 106/106/106 108/108/108 105/105/105
f 108/108/108 107/107/107 105/105/105
f 109/109/109 108/108/108 106/106/106
f 74/74/74 107/107/107 110/110/110
f 108/108/108 110/110/110 107/107/107
f 109/109/109 111/111/111 108/108/108
f 111/111/111 110/110/110 108/108/108
f 112/112/112 111/111/111 109/109/109
f 74/74/74 110/110/110 113/113/113
f 111/111/111 113/113/113 110/110/110
f 74/74/74 113/113/113 69/69/69
f 114/114/114 112/112/112 109/109/109
f 113/113/113 111/111/111 115/115/115
f 112/112/112 115/115/115 111/111/111
f 113/113/113 116/116/116 69/69/69
f 113/113/113 115/115/115 116/116/116
f 69/69/69 116/116/116 75/75/75
f 115/115/115 117/117/117 116/116/116
f 117/117/117 115/115/115 112/112/112
f 75/75/75 116/116/116 117/117/117
f 118/118/118 112/112/112 114/114/114
f 117/117/117 112/112/112 119/119/119
f 117/117/117 119/119/119 75/75/75
f 118/118/118 119/119/119 112/112/112
f 120/120/120 118/118/118 114/114/114
f 121/121/121 75/75/75 119/119/119
f 118/118/118 121/121/121 119/119/119
f 121/121/121 122/122/122 75/75/75
f 75/75/75 122/122/122 73/73/73
f 118/118/118 123/123/123 121/121/121
f 120/120/120 124/124/124 118/118/118
f 123/123/123 118/118/118 124/124/124
f 125/125/125 124/124/124 120/120/120
f 121/121/121 123/123/123 126/126/126
f 126/126/126 122/122/122 121/121/121
f 122/122/122 127/127/127 73/73/73
f 126/126/126 127/127/127 122/122/122
f 127/127/127 76/76/76 73/73/73
f 128/128/128 126/126/126 123/123/123
f 123/123/123 124/124/124 128/128/128
f 126/126/126 129/129/129 127/127/127
f 127/127/127 129/129/129 76/76/76
f 128/128/128 130/130/130 126/126/126
f 126/126/126 130/130/130 129/129/129
f 128/128/128 124/124/124 131/131/131
f 125/125/125 131/131/131 124/124/124
f 132/132/132 131/131/131 125/125/125
f 133/133/133 132/132/132 125/125/125
f 134/134/134 132/132/132 133/133/133
f 131/131/131 132/132/132 134/134/134
f 134/134/134 133/133/133 135/135/135
f 128/128/128 131/131/131 136/136/136
f 131/131/131 134/134/134 136/136/136
f 136/136/136 130/130/130 128/128/128
f 130/130/130 136/136/136 137/137/137
f 130/130/130 137/137/137 129/129/129
f 138/138/138 136/136/136 134/134/134
f 138/138/138 137/137/137 136/136/136
f 137/137/137 139/139/139 129/129/129
f 138/138/138 139/139/139 137/137/137
f 76/76/76 129/129/129 139/139/139
f 140/140/140 138/138/138 134/134/134
f 140/140/140 134/134/134 135/135/135
f 76/76/76 139/139/139 70/70/70
f 138/138/138 141/141/141 139/139/139
f 140/140/140 141/141/141 138/138/138
f 142/142/142 70/70/70 139/139/139
f 142/142/142 143/143/143 70/70/70
f 144/144/144 139/139/139 141/141/141
f 144/144/144 142/142/142 139/139/139
f 144/144/144 141/141/141 145/145/145
f 140/140/140 145/145/145 141/141/141
f 146/146/146 142/142/142 144/144/144
f 146/146/146 143/143/143 142/142/142
f 144/144/144 145/145/145 147/147/147
f 146/146/146 144/144/144 147/147/147
f 148/148/148 145/145/145 140/140/140
f 147/147/147 145/145/145 148/148/148
f 143/143/143 149/149/149 70/70/70
f 149/149/149 143/143/143 146/146/146
f 62/62/62 70/70/70 149/149/149
f 62/62/62 149/149/149 66/66/66
f 149/149/149 146/146/146 150/150/150
f 146/146/146 147/147/147 151/151/151
f 151/151/151 150/150/150 146/146/146
f 152/152/152 151/151/151 147/147/147
f 147/147/147 148/148/148 152/152/152
f 151/151/151 153/153/153 150/150/150
f 150/150/150 154/154/154 149/149/149
f 150/150/150 153/153/153 154/154/154
f 155/155/155 153/153/153 151/151/151
f 152/152/152 155/155/155 151/151/151
f 154/154/154 153/153/153 156/156/156
f 155/155/155 156/156/156 153/153/153
f 149/149/149 154/154/154 157/157/157
f 149/149/149 157/157/157 66/66/66
f 156/156/156 158/158/158 154/154/154
f 158/158/158 156/156/156 155/155/155
f 154/154/154 159/159/159 157/157/157
f 154/154/154 158/158/158 159/159/159
f 160/160/160 157/157/157 159/159/159
f 159/159/159 158/158/158 160/160/160
f 157/157/157 161/161/161 66/66/66
f 155/155/155 162/162/162 158/158/158
f 160/160/160 163/163/163 157/157/157
f 163/163/163 161/161/161 157/157/157
f 161/161/161 164/164/164 66/66/66
f 165/165/165 163/163/163 160/160/160
f 64/64/64 66/66/66 164/164/164
f 163/163/163 166/166/166 161/161/161
f 165/165/165 167/167/167 163/163/163
f 166/166/166 163/163/163 167/167/167
f 168/168/168 161/161/161 166/166/166
f 161/161/161 168/168/168 164/164/164
f 166/166/166 167/167/167 169/169/169
f 168/168/168 166/166/166 170/170/170
f 170/170/170 166/166/166 169/169/169
f 168/168/168 171/171/171 164/164/164
f 171/171/171 168/168/168 170/170/170
f 171/171/171 170/170/170 172/172/172
f 170/170/170 169/169/169 173/173/173
f 173/173/173 172/172/172 170/170/170
f 169/169/169 174/174/174 173/173/173
f 173/173/173 175/175/175 172/172/172
f 167/167/167 176/176/176 169/169/169
f 169/169/169 176/176/176 174/174/174
f 177/177/177 176/176/176 167/167/167
f 177/177/177 167/167/167 165/165/165
f 172/172/172 175/175/175 178/178/178
f 171/171/171 172/172/172 178/178/178
f 179/179/179 175/175/175 173/173/173
f 179/179/179 173/173/173 174/174/174
f 178/178/178 175/175/175 179/179/179
f 180/180/180 177/177/177 165/165/165
f 180/180/180 165/165/165 160/160/160
f 181/181/181 177/177/177 180/180/180
f 180/180/180 160/160/160 182/182/182
f 182/182/182 160/160/160 158/158/158
f 182/182/182 158/158/158 162/162/162
f 183/183/183 180/180/180 182/182/182
f 181/181/181 180/180/180 183/183/183
f 184/184/184 182/182/182 162/162/162
f 183/183/183 182/182/182 184/184/184
f 185/185/185 181/181/181 183/183/183
f 186/186/186 177/177/177 181/181/181
f 176/176/176 177/177/177 186/186/186
f 176/176/176 186/186/186 187/187/187
f 187/187/187 174/174/174 176/176/176
f 186/186/186 181/181/181 188/188/188
f 189/189/189 187/187/187 186/186/186
f 189/189/189 186/186/186 188/188/188
f 187/187/187 190/190/190 174/174/174
f 190/190/190 187/187/187 189/189/189
f 190/190/190 191/191/191 174/174/174
f 191/191/191 179/179/179 174/174/174
f 190/190/190 189/189/189 192/192/192
f 193/193/193 179/179/179 191/191/191
f 178/178/178 179/179/179 193/193/193
f 190/190/190 194/194/194 191/191/191
f 190/190/190 192/192/192 195/195/195
f 190/190/190 195/195/195 194/194/194
f 193/193/193 191/191/191 196/196/196
f 191/191/191 194/194/194 196/196/196
f 193/193/193 197/197/197 178/178/178
f 198/198/198 194/194/194 195/195/195
f 196/196/196 194/194/194 198/198/198
f 199/199/199 193/193/193 196/196/196
f 193/193/193 199/199/199 197/197/197
f 199/199/199 196/196/196 200/200/200
f 197/197/197 199/199/199 201/201/201
f 201/201/201 199/199/199 200/200/200
f 202/202/202 200/200/200 196/196/196
f 196/196/196 198/198/198 202/202/202
f 202/202/202 203/203/203 200/200/200
f 204/204/204 202/202/202 198/198/198
f 205/205/205 203/203/203 202/202/202
f 204/204/204 205/205/205 202/202/202
f 200/200/200 203/203/203 206/206/206
f 201/201/201 200/200/200 206/206/206
f 205/205/205 207/207/207 203/203/203
f 207/207/207 206/206/206 203/203/203
f 205/205/205 204/204/204 208/208/208
f 208/208/208 207/207/207 205/205/205
f 198/198/198 209/209/209 204/204/204
f 209/209/209 210/210/210 204/204/204
f 211/211/211 204/204/204 210/210/210
f 211/211/211 208/208/208 204/204/204
f 209/209/209 212/212/212 210/210/210
f 211/211/211 213/213/213 208/208/208
f 198/198/198 214/214/214 209/209/209
f 214/214/214 212/212/212 209/209/209
f 208/208/208 213/213/213 215/215/215
f 198/198/198 195/195/195 214/214/214
f 214/214/214 216/216/216 212/212/212
f 208/208/208 215/215/215 217/217/217
f 218/218/218 216/216/216 214/214/214
f 219/219/219 217/217/217 215/215/215
f 218/218/218 220/220/220 216/216/216
f 195/195/195 221/221/221 214/214/214
f 218/218/218 214/214/214 221/221/221
f 195/195/195 222/222/222 221/221/221
f 192/192/192 222/222/222 195/195/195
f 223/223/223 218/218/218 221/221/221
f 221/221/221 222/222/222 223/223/223
f 192/192/192 224/224/224 222/222/222
f 223/223/223 222/222/222 224/224/224
f 189/189/189 224/224/224 192/192/192
f 223/223/223 224/224/224 225/225/225
f 189/189/189 226/226/226 224/224/224
f 225/225/225 224/224/224 226/226/226
f 189/189/189 188/188/188 226/226/226
f 226/226/226 227/227/227 225/225/225
f 223/223/223 225/225/225 227/227/227
f 226/226/226 188/188/188 227/227/227
f 228/228/228 223/223/223 227/227/227
f 223/223/223 228/228/228 218/218/218
f 228/228/228 229/229/229 218/218/218
f 218/218/218 229/229/229 220/220/220
f 220/220/220 229/229/229 230/230/230
f 230/230/230 229/229/229 228/228/228
f 220/220/220 230/230/230 231/231/231
f 227/227/227 232/232/232 228/228/228
f 230/230/230 228/228/228 232/232/232
f 231/231/231 230/230/230 233/233/233
f 232/232/232 233/233/233 230/230/230
f 231/231/231 233/233/233 234/234/234
f 232/232/232 227/227/227 235/235/235
f 232/232/232 235/235/235 233/233/233
f 235/235/235 227/227/227 188/188/188
f 236/236/236 234/234/234 233/233/233
f 236/236/236 233/233/233 235/235/235
f 236/236/236 237/237/237 234/234/234
f 235/235/235 188/188/188 238/238/238
f 236/236/236 235/235/235 238/238/238
f 181/181/181 238/238/238 188/188/188
f 185/185/185 238/238/238 181/181/181
f 236/236/236 238/238/238 185/185/185
f 239/239/239 237/237/237 236/236/236
f 239/239/239 236/236/236 185/185/185
f 239/239/239 240/240/240 237/237/237
f 239/239/239 185/185/185 241/241/241
f 239/239/239 242/242/242 240/240/240
f 185/185/185 243/243/243 241/241/241
f 243/243/243 185/185/185 183/183/183
f 244/244/244 239/239/239 241/241/241
f 244/244/244 242/242/242 239/239/239
f 245/245/245 241/241/241 243/243/243
f 244/244/244 241/241/241 245/245/245
f 243/243/243 183/183/183 184/184/184
f 246/246/246 240/240/240 242/242/242
f 246/246/246 247/247/247 240/240/240
f 248/248/248 247/247/247 246/246/246
f 246/246/246 242/242/242 249/249/249
f 249/249/249 242/242/242 244/244/244
f 248/248/248 246/246/246 250/250/250
f 250/250/250 246/246/246 249/249/249
f 251/251/251 248/248/248 250/250/250
f 249/249/249 244/244/244 252/252/252
f 252/252/252 244/244/244 245/245/245
f 250/250/250 249/249/249 253/253/253
f 253/253/253 249/249/249 252/252/252
f 251/251/251 250/250/250 254/254/254
f 253/253/253 254/254/254 250/250/250
f 251/251/251 254/254/254 255/255/255
f 253/253/253 256/256/256 254/254/254
f 256/256/256 255/255/255 254/254/254
f 257/257/257 256/256/256 253/253/253
f 255/255/255 256/256/256 257/257/257
f 257/257/257 253/253/253 258/258/258
f 253/253/253 252/252/252 258/258/258
f 255/255/255 257/257/257 259/259/259
f 251/251/251 255/255/255 260/260/260
f 259/259/259 261/261/261 255/255/255
f 260/260/260 255/255/255 261/261/261
f 259/259/259 262/262/262 261/261/261
f 260/260/260 261/261/261 263/263/262
f 258/258/258 252/252/252 264/264/263
f 258/258/258 264/264/263 265/265/264
f 252/252/252 245/245/245 264/264/263
f 264/264/263 245/245/245 266/266/265
f 264/264/263 266/266/265 267/267/266
f 266/266/265 268/268/267 267/267/266
f 266/266/265 245/245/245 269/269/268
f 243/243/243 269/269/268 245/245/245
f 269/269/268 243/243/243 184/184/184
f 266/266/265 270/270/269 268/268/267
f 271/271/270 268/268/267 270/270/269
f 266/266/265 269/269/268 272/272/271
f 272/272/271 270/270/269 266/266/265
f 269/269/268 184/184/184 273/273/272
f 273/273/272 272/272/271 269/269/268
f 273/273/272 184/184/184 274/274/273
f 275/275/274 272/272/271 273/273/272
f 273/273/272 274/274/273 275/275/274
f 184/184/184 162/162/162 274/274/273
f 272/272/271 276/276/275 270/270/269
f 275/275/274 276/276/275 272/272/271
f 270/270/269 276/276/275 277/277/276
f 277/277/276 276/276/275 275/275/274
f 271/271/270 270/270/269 277/277/276
f 278/278/277 274/274/273 162/162/162
f 278/278/277 162/162/162 155/155/155
f 278/278/277 155/155/155 152/152/152
f 278/278/277 279/279/278 274/274/273
f 275/275/274 274/274/273 279/279/278
f 280/280/279 278/278/277 152/152/152
f 280/280/279 279/279/278 278/278/277
f 280/280/279 152/152/152 148/148/148
f 275/275/274 279/279/278 281/281/280
f 281/281/280 279/279/278 280/280/279
f 281/281/280 277/277/276 275/275/274
f 148/148/148 282/282/281 280/280/279
f 280/280/279 283/283/282 281/281/280
f 280/280/279 282/282/281 283/283/282
f 148/148/148 284/284/283 282/282/281
f 284/284/283 283/283/282 282/282/281
f 284/284/283 148/148/148 140/140/140
f 281/281/280 285/285/284 277/277/276
f 283/283/282 285/285/284 281/281/280
f 271/271/270 277/277/276 285/285/284
f 271/271/270 285/285/284 286/286/285
f 286/286/285 285/285/284 287/287/286
f 283/283/282 288/288/287 285/285/284
f 285/285/284 289/289/288 287/287/286
f 285/285/284 288/288/287 289/289/288
f 290/290/289 287/287/286 289/289/288
f 288/288/287 283/283/282 291/291/290
f 288/288/287 291/291/290 289/289/288
f 284/284/283 291/291/290 283/283/282
f 290/290/289 289/289/288 292/292/291
f 289/289/288 291/291/290 292/292/291
f 290/290/289 292/292/291 293/293/292
f 291/291/290 284/284/283 294/294/293
f 291/291/290 294/294/293 292/292/291
f 292/292/291 294/294/293 293/293/292
f 284/284/283 140/140/140 294/294/293
f 135/135/135 293/293/292 294/294/293
f 135/135/135 294/294/293 140/140/140
f 13/13/13 295/295/294 11/11/11
f 11/11/11 295/295/294 296/296/295
f 11/11/11 296/296/295 9/9/9
f 297/297/296 295/295/294 13/13/13
f 296/296/295 298/298/297 9/9/9
f 299/299/298 297/297/296 13/13/13
f 299/299/298 13/13/13 3/3/3
f 296/296/295 295/295/294 300/300/299
f 299/299/298 3/3/3 301/301/300
f 2/2/2 301/301/300 3/3/3
f 2/2/2 302/302/301 301/301/300
f 5/5/5 302/302/301 2/2/2
f 303/303/302 299/299/298 301/301/300
f 5/5/5 304/304/303 302/302/301
f 31/31/31 304/304/303 5/5/5
f 301/301/300 302/302/301 305/305/304
f 303/303/302 301/301/300 305/305/304
f 304/304/303 306/306/305 302/302/301
f 307/307/306 302/302/301 306/306/305
f 307/307/306 305/305/304 302/302/301
f 304/304/303 308/308/307 306/306/305
f 309/309/308 304/304/303 31/31/31
f 309/309/308 308/308/307 304/304/303
f 308/308/307 310/310/309 306/306/305
f 307/307/306 306/306/305 310/310/309
f 308/308/307 311/311/310 310/310/309
f 312/312/311 308/308/307 309/309/308
f 312/312/311 311/311/310 308/308/307
f 31/31/31 313/313/312 309/309/308
f 313/313/312 312/312/311 309/309/308
f 31/31/31 314/314/313 313/313/312
f 35/35/35 314/314/313 31/31/31
f 35/35/35 41/41/41 314/314/313
f 310/310/309 311/311/310 315/315/314
f 315/315/314 311/311/310 312/312/311
f 313/313/312 316/316/315 312/312/311
f 315/315/314 312/312/311 316/316/315
f 316/316/315 313/313/312 317/317/316
f 317/317/316 313/313/312 314/314/313
f 318/318/317 316/316/315 317/317/316
f 315/315/314 316/316/315 318/318/317
f 317/317/316 314/314/313 319/319/318
f 41/41/41 319/319/318 314/314/313
f 310/310/309 315/315/314 320/320/319
f 307/307/306 310/310/309 320/320/319
f 321/321/320 320/320/319 315/315/314
f 320/320/319 322/322/321 307/307/306
f 322/322/321 320/320/319 321/321/320
f 305/305/304 307/307/306 322/322/321
f 305/305/304 322/322/321 323/323/322
f 323/323/322 303/303/302 305/305/304
f 322/322/321 321/321/320 324/324/323
f 324/324/323 323/323/322 322/322/321
f 321/321/320 315/315/314 325/325/324
f 315/315/314 318/318/317 325/325/324
f 321/321/320 326/326/325 324/324/323
f 321/321/320 327/327/326 326/326/325
f 327/327/326 321/321/320 325/325/324
f 324/324/323 326/326/325 328/328/327
f 324/324/323 328/328/327 323/323/322
f 327/327/326 329/329/328 326/326/325
f 329/329/328 328/328/327 326/326/325
f 327/327/326 330/330/329 329/329/328
f 329/329/328 331/331/330 328/328/327
f 332/332/331 328/328/327 331/331/330
f 328/328/327 332/332/331 333/333/332
f 330/330/329 327/327/326 334/334/333
f 335/335/334 330/330/329 334/334/333
f 336/336/335 334/334/333 327/327/326
f 336/336/335 327/327/326 325/325/324
f 335/335/334 334/334/333 337/337/336
f 334/334/333 336/336/335 337/337/336
f 335/335/334 337/337/336 338/338/337
f 337/337/336 339/339/338 338/338/337
f 337/337/336 340/340/339 339/339/338
f 340/340/339 337/337/336 336/336/335
f 339/339/338 340/340/339 341/341/340
f 336/336/335 325/325/324 342/342/341
f 336/336/335 342/342/341 340/340/339
f 341/341/340 340/340/339 342/342/341
f 342/342/341 325/325/324 318/318/317
f 342/342/341 343/343/342 341/341/340
f 318/318/317 344/344/343 342/342/341
f 342/342/341 344/344/343 343/343/342
f 318/318/317 345/345/344 344/344/343
f 318/318/317 317/317/316 345/345/344
f 346/346/345 343/343/342 344/344/343
f 346/346/345 344/344/343 345/345/344
f 346/346/345 347/347/346 343/343/342
f 348/348/347 347/347/346 346/346/345
f 345/345/344 317/317/316 319/319/318
f 346/346/345 345/345/344 319/319/318
f 346/346/345 349/349/348 348/348/347
f 319/319/318 350/350/349 346/346/345
f 346/346/345 350/350/349 349/349/348
f 319/319/318 351/351/350 350/350/349
f 352/352/351 349/349/348 350/350/349
f 352/352/351 353/353/352 349/349/348
f 354/354/353 352/352/351 350/350/349
f 351/351/350 354/354/353 350/350/349
f 355/355/354 353/353/352 352/352/351
f 355/355/354 352/352/351 354/354/353
f 355/355/354 356/356/355 353/353/352
f 356/356/355 355/355/354 357/357/356
f 357/357/356 355/355/354 354/354/353
f 358/358/357 357/357/356 354/354/353
f 359/359/358 358/358/357 354/354/353
f 351/351/350 359/359/358 354/354/353
f 360/360/359 359/359/358 351/351/350
f 360/360/359 351/351/350 361/361/360
f 362/362/361 360/360/359 361/361/360
f 363/363/362 351/351/350 319/319/318
f 363/363/362 361/361/360 351/351/350
f 41/41/41 363/363/362 319/319/318
f 362/362/361 361/361/360 364/364/363
f 365/365/364 362/362/361 364/364/363
f 366/366/365 361/361/360 363/363/362
f 41/41/41 366/366/365 363/363/362
f 366/366/365 364/364/363 361/361/360
f 41/41/41 46/46/46 366/366/365
f 365/365/364 364/364/363 367/367/366
f 364/364/363 366/366/365 367/367/366
f 368/368/367 365/365/364 367/367/366
f 366/366/365 46/46/46 50/50/50
f 369/369/368 367/367/366 366/366/365
f 366/366/365 50/50/50 369/369/368
f 368/368/367 367/367/366 370/370/369
f 369/369/368 370/370/369 367/367/366
f 368/368/367 370/370/369 371/371/370
f 368/368/367 371/371/370 372/372/371
f 373/373/372 372/372/371 371/371/370
f 371/371/370 374/374/373 373/373/372
f 371/371/370 370/370/369 375/375/374
f 369/369/368 375/375/374 370/370/369
f 371/371/370 376/376/375 374/374/373
f 375/375/374 376/376/375 371/371/370
f 377/377/376 374/374/373 376/376/375
f 378/378/377 375/375/374 369/369/368
f 375/375/374 378/378/377 376/376/375
f 377/377/376 376/376/375 379/379/378
f 378/378/377 379/379/378 376/376/375
f 379/379/378 219/219/219 377/377/376
f 378/378/377 369/369/368 380/380/379
f 50/50/50 380/380/379 369/369/368
f 378/378/377 381/381/380 379/379/378
f 381/381/380 378/378/377 380/380/379
f 379/379/378 382/382/381 219/219/219
f 381/381/380 382/382/381 379/379/378
f 219/219/219 382/382/381 217/217/217
f 381/381/380 383/383/382 382/382/381
f 380/380/379 383/383/382 381/381/380
f 217/217/217 382/382/381 383/383/382
f 50/50/50 384/384/383 380/380/379
f 50/50/50 52/52/52 384/384/383
f 384/384/383 52/52/52 56/56/56
f 384/384/383 385/385/384 380/380/379
f 380/380/379 385/385/384 383/383/382
f 384/384/383 56/56/56 386/386/385
f 384/384/383 386/386/385 385/385/384
f 387/387/386 386/386/385 56/56/56
f 63/63/63 387/387/386 56/56/56
f 217/217/217 383/383/382 388/388/387
f 388/388/387 383/383/382 385/385/384
f 388/388/387 389/389/388 217/217/217
f 208/208/208 217/217/217 389/389/388
f 208/208/208 389/389/388 207/207/207
f 63/63/63 390/390/389 387/387/386
f 64/64/64 390/390/389 63/63/63
f 388/388/387 391/391/390 389/389/388
f 391/391/390 207/207/207 389/389/388
f 388/388/387 385/385/384 392/392/391
f 391/391/390 388/388/387 392/392/391
f 386/386/385 392/392/391 385/385/384
f 391/391/390 393/393/392 207/207/207
f 207/207/207 393/393/392 206/206/206
f 391/391/390 392/392/391 394/394/393
f 394/394/393 393/393/392 391/391/390
f 386/386/385 395/395/394 392/392/391
f 394/394/393 392/392/391 395/395/394
f 387/387/386 395/395/394 386/386/385
f 396/396/395 206/206/206 393/393/392
f 397/397/396 395/395/394 387/387/386
f 390/390/389 397/397/396 387/387/386
f 394/394/393 395/395/394 398/398/397
f 397/397/396 398/398/397 395/395/394
f 394/394/393 399/399/398 393/393/392
f 399/399/398 394/394/393 398/398/397
f 399/399/398 396/396/395 393/393/392
f 206/206/206 396/396/395 201/201/201
f 390/390/389 400/400/399 397/397/396
f 400/400/399 390/390/389 64/64/64
f 398/398/397 397/397/396 401/401/400
f 400/400/399 401/401/400 397/397/396
f 401/401/400 402/402/401 398/398/397
f 399/399/398 398/398/397 402/402/401
f 400/400/399 64/64/64 403/403/402
f 64/64/64 164/164/164 403/403/402
f 400/400/399 404/404/403 401/401/400
f 400/400/399 403/403/402 404/404/403
f 164/164/164 405/405/404 403/403/402
f 405/405/404 404/404/403 403/403/402
f 171/171/171 405/405/404 164/164/164
f 178/178/178 405/405/404 171/171/171
f 178/178/178 406/406/405 405/405/404
f 406/406/405 404/404/403 405/405/404
f 406/406/405 178/178/178 197/197/197
f 404/404/403 407/407/406 401/401/400
f 406/406/405 407/407/406 404/404/403
f 402/402/401 401/401/400 407/407/406
f 406/406/405 197/197/197 408/408/407
f 408/408/407 407/407/406 406/406/405
f 408/408/407 197/197/197 201/201/201
f 409/409/408 402/402/401 407/407/406
f 408/408/407 409/409/408 407/407/406
f 409/409/408 410/410/409 402/402/401
f 411/411/410 409/409/408 408/408/407
f 411/411/410 410/410/409 409/409/408
f 201/201/201 411/411/410 408/408/407
f 410/410/409 399/399/398 402/402/401
f 201/201/201 412/412/411 411/411/410
f 396/396/395 412/412/411 201/201/201
f 410/410/409 411/411/410 413/413/412
f 410/410/409 413/413/412 399/399/398
f 414/414/413 411/411/410 412/412/411
f 414/414/413 413/413/412 411/411/410
f 396/396/395 414/414/413 412/412/411
f 399/399/398 413/413/412 414/414/413
f 399/399/398 414/414/413 396/396/395
f 415/415/414 9/9/9 298/298/297
f 10/10/10 9/9/9 415/415/414
f 415/415/414 416/416/415 10/10/10
f 15/15/15 10/10/10 416/416/415
f 417/417/416 416/416/415 415/415/414
f 416/416/415 418/418/417 15/15/15
f 21/21/21 15/15/15 418/418/417
f 416/416/415 419/419/418 418/418/417
f 418/418/417 420/420/419 21/21/21
f 419/419/418 416/416/415 421/421/420
f 417/417/416 421/421/420 416/416/415
f 418/418/417 419/419/418 422/422/421
f 418/418/417 422/422/421 420/420/419
f 420/420/419 23/23/23 21/21/21
f 423/423/422 422/422/421 419/419/418
f 419/419/418 421/421/420 423/423/422
f 424/424/423 420/420/419 422/422/421
f 421/421/420 425/425/424 423/423/422
f 421/421/420 426/426/425 425/425/424
f 421/421/420 427/427/426 426/426/425
f 427/427/426 421/421/420 417/417/416
f 423/423/422 425/425/424 428/428/427
f 427/427/426 417/417/416 429/429/428
f 423/423/422 430/430/429 422/422/421
f 423/423/422 428/428/427 430/430/429
f 424/424/423 422/422/421 430/430/429
f 431/431/430 430/430/429 428/428/427
f 431/431/430 424/424/423 430/430/429
f 432/432/431 424/424/423 431/431/430
f 432/432/431 431/431/430 433/433/432
f 434/434/433 420/420/419 424/424/423
f 434/434/433 424/424/423 432/432/431
f 420/420/419 434/434/433 23/23/23
f 433/433/432 435/435/434 432/432/431
f 435/435/434 434/434/433 432/432/431
f 433/433/432 102/102/102 435/435/434
f 102/102/102 100/100/100 435/435/434
f 435/435/434 436/436/435 434/434/433
f 23/23/23 434/434/433 436/436/435
f 100/100/100 436/436/435 435/435/434
f 23/23/23 436/436/435 24/24/24
f 100/100/100 24/24/24 436/436/435
f 437/437/436 438/438/437 439/439/438
f 440/440/439 438/438/437 437/437/436
f 441/441/440 439/439/438 438/438/437
f 437/437/436 442/442/441 440/440/439
f 438/438/437 443/443/442 441/441/440
f 444/444/443 443/443/442 438/438/437
f 440/440/439 444/444/443 438/438/437
f 445/445/444 441/441/440 443/443/442
f 446/446/445 444/444/443 440/440/439
f 447/447/446 441/441/440 445/445/444
f 441/441/440 447/447/446 439/439/438
f 448/448/447 444/444/443 446/446/445
f 444/444/443 448/448/447 443/443/442
f 446/446/445 440/440/439 449/449/448
f 447/447/446 445/445/444 297/297/296
f 297/297/296 445/445/444 295/295/294
f 445/445/444 450/450/449 295/295/294
f 445/445/444 443/443/442 450/450/449
f 300/300/299 295/295/294 450/450/449
f 443/443/442 451/451/450 450/450/449
f 443/443/442 452/452/451 451/451/450
f 443/443/442 448/448/447 452/452/451
f 450/450/449 451/451/450 453/453/452
f 452/452/451 454/454/453 451/451/450
f 452/452/451 448/448/447 454/454/453
f 454/454/453 453/453/452 451/451/450
f 300/300/299 450/450/449 455/455/454
f 450/450/449 453/453/452 455/455/454
f 456/456/455 454/454/453 448/448/447
f 453/453/452 454/454/453 457/457/456
f 456/456/455 457/457/456 454/454/453
f 453/453/452 457/457/456 458/458/457
f 459/459/458 456/456/455 448/448/447
f 459/459/458 448/448/447 446/446/445
f 456/456/455 460/460/459 457/457/456
f 459/459/458 460/460/459 456/456/455
f 457/457/456 460/460/459 458/458/457
f 461/461/460 459/459/458 446/446/445
f 453/453/452 458/458/457 462/462/461
f 460/460/459 462/462/461 458/458/457
f 463/463/462 460/460/459 459/459/458
f 460/460/459 463/463/462 462/462/461
f 463/463/462 459/459/458 461/461/460
f 453/453/452 462/462/461 455/455/454
f 461/461/460 446/446/445 449/449/448
f 464/464/463 462/462/461 463/463/462
f 462/462/461 465/465/464 455/455/454
f 464/464/463 466/466/465 462/462/461
f 462/462/461 466/466/465 465/465/464
f 467/467/466 466/466/465 464/464/463
f 467/467/466 465/465/464 466/466/465
f 463/463/462 468/468/467 464/464/463
f 463/463/462 461/461/460 469/469/468
f 463/463/462 469/469/468 468/468/467
f 469/469/468 461/461/460 470/470/469
f 471/471/470 470/470/469 461/461/460
f 471/471/470 461/461/460 449/449/448
f 472/472/471 469/469/468 470/470/469
f 473/473/472 468/468/467 469/469/468
f 472/472/471 473/473/472 469/469/468
f 474/474/473 464/464/463 468/468/467
f 473/473/472 474/474/473 468/468/467
f 474/474/473 475/475/474 464/464/463
f 467/467/466 464/464/463 475/475/474
f 474/474/473 473/473/472 476/476/475
f 475/475/474 474/474/473 477/477/476
f 474/474/473 476/476/475 477/477/476
f 475/475/474 477/477/476 478/478/477
f 467/467/466 475/475/474 478/478/477
f 467/467/466 478/478/477 479/479/478
f 480/480/479 467/467/466 479/479/478
f 473/473/472 481/481/480 476/476/475
f 473/473/472 472/472/471 481/481/480
f 482/482/481 476/476/475 481/481/480
f 480/480/479 483/483/482 467/467/466
f 480/480/479 429/429/428 483/483/482
f 467/467/466 483/483/482 465/465/464
f 417/417/416 483/483/482 429/429/428
f 484/484/483 482/482/481 481/481/480
f 484/484/483 485/485/484 482/482/481
f 481/481/480 472/472/471 486/486/485
f 472/472/471 470/470/469 486/486/485
f 481/481/480 486/486/485 487/487/486
f 484/484/483 481/481/480 487/487/486
f 471/471/470 486/486/485 470/470/469
f 486/486/485 471/471/470 487/487/486
f 488/488/487 484/484/483 487/487/486
f 471/471/470 488/488/487 487/487/486
f 484/484/483 489/489/488 485/485/484
f 489/489/488 490/490/489 485/485/484
f 488/488/487 491/491/490 484/484/483
f 489/489/488 484/484/483 491/491/490
f 488/488/487 492/492/491 491/491/490
f 471/471/470 493/493/492 488/488/487
f 493/493/492 492/492/491 488/488/487
f 494/494/493 493/493/492 471/471/470
f 494/494/493 471/471/470 449/449/448
f 493/493/492 494/494/493 495/495/494
f 493/493/492 495/495/494 492/492/491
f 496/496/495 494/494/493 449/449/448
f 496/496/495 449/449/448 440/440/439
f 497/497/496 495/495/494 494/494/493
f 494/494/493 496/496/495 497/497/496
f 442/442/441 496/496/495 440/440/439
f 497/497/496 498/498/497 495/495/494
f 498/498/497 492/492/491 495/495/494
f 499/499/498 497/497/496 496/496/495
f 499/499/498 496/496/495 442/442/441
f 500/500/499 498/498/497 497/497/496
f 500/500/499 497/497/496 499/499/498
f 498/498/497 501/501/500 492/492/491
f 502/502/501 501/501/500 498/498/497
f 502/502/501 498/498/497 500/500/499
f 492/492/491 501/501/500 503/503/502
f 492/492/491 503/503/502 491/491/490
f 489/489/488 491/491/490 503/503/502
f 504/504/503 503/503/502 501/501/500
f 502/502/501 504/504/503 501/501/500
f 505/505/504 489/489/488 503/503/502
f 505/505/504 503/503/502 504/504/503
f 489/489/488 505/505/504 490/490/489
f 506/506/505 490/490/489 505/505/504
f 507/507/506 490/490/489 506/506/505
f 508/508/507 506/506/505 505/505/504
f 507/507/506 506/506/505 508/508/507
f 508/508/507 505/505/504 504/504/503
f 507/507/506 508/508/507 509/509/508
f 504/504/503 502/502/501 510/510/509
f 504/504/503 510/510/509 508/508/507
f 500/500/499 510/510/509 502/502/501
f 511/511/510 509/509/508 508/508/507
f 511/511/510 508/508/507 510/510/509
f 500/500/499 512/512/511 510/510/509
f 512/512/511 511/511/510 510/510/509
f 500/500/499 513/513/512 512/512/511
f 512/512/511 514/514/513 511/511/510
f 514/514/513 512/512/511 513/513/512
f 509/509/508 511/511/510 515/515/514
f 509/509/508 515/515/514 516/516/515
f 517/517/516 511/511/510 514/514/513
f 500/500/499 518/518/517 513/513/512
f 499/499/498 518/518/517 500/500/499
f 514/514/513 513/513/512 519/519/518
f 517/517/516 514/514/513 519/519/518
f 518/518/517 520/520/519 513/513/512
f 519/519/518 513/513/512 520/520/519
f 499/499/498 521/521/520 518/518/517
f 518/518/517 521/521/520 520/520/519
f 521/521/520 499/499/498 522/522/521
f 520/520/519 521/521/520 522/522/521
f 522/522/521 499/499/498 442/442/441
f 519/519/518 520/520/519 523/523/522
f 520/520/519 522/522/521 524/524/523
f 524/524/523 523/523/522 520/520/519
f 523/523/522 525/525/524 519/519/518
f 517/517/516 519/519/518 525/525/524
f 524/524/523 526/526/525 523/523/522
f 527/527/526 524/524/523 522/522/521
f 527/527/526 526/526/525 524/524/523
f 523/523/522 528/528/527 525/525/524
f 528/528/527 523/523/522 526/526/525
f 527/527/526 529/529/528 526/526/525
f 528/528/527 526/526/525 529/529/528
f 529/529/528 527/527/526 530/530/529
f 530/530/529 528/528/527 529/529/528
f 531/531/530 527/527/526 522/522/521
f 532/532/531 530/530/529 527/527/526
f 532/532/531 527/527/526 531/531/530
f 532/532/531 533/533/532 530/530/529
f 531/531/530 533/533/532 532/532/531
f 531/531/530 522/522/521 534/534/533
f 522/522/521 442/442/441 534/534/533
f 528/528/527 530/530/529 535/535/534
f 528/528/527 536/536/535 525/525/524
f 528/528/527 535/535/534 536/536/535
f 525/525/524 536/536/535 537/537/536
f 525/525/524 537/537/536 517/517/516
f 538/538/537 535/535/534 530/530/529
f 538/538/537 530/530/529 533/533/532
f 535/535/534 538/538/537 539/539/538
f 540/540/539 536/536/535 535/535/534
f 535/535/534 539/539/538 540/540/539
f 540/540/539 541/541/540 536/536/535
f 537/537/536 536/536/535 541/541/540
f 541/541/540 540/540/539 542/542/541
f 543/543/542 537/537/536 541/541/540
f 541/541/540 542/542/541 543/543/542
f 537/537/536 543/543/542 544/544/543
f 545/545/544 517/517/516 537/537/536
f 537/537/536 544/544/543 545/545/544
f 545/545/544 546/546/545 517/517/516
f 546/546/545 545/545/544 544/544/543
f 546/546/545 511/511/510 517/517/516
f 546/546/545 515/515/514 511/511/510
f 546/546/545 544/544/543 547/547/546
f 547/547/546 515/515/514 546/546/545
f 547/547/546 544/544/543 548/548/547
f 547/547/546 549/549/548 515/515/514
f 549/549/548 516/516/515 515/515/514
f 550/550/549 516/516/515 549/549/548
f 551/551/550 549/549/548 547/547/546
f 551/551/550 550/550/549 549/549/548
f 547/547/546 548/548/547 551/551/550
f 551/551/550 552/552/551 550/550/549
f 553/553/552 548/548/547 544/544/543
f 553/553/552 551/551/550 548/548/547
f 553/553/552 552/552/551 551/551/550
f 553/553/552 544/544/543 543/543/542
f 554/554/553 552/552/551 553/553/552
f 555/555/554 554/554/553 553/553/552
f 543/543/542 556/556/555 553/553/552
f 555/555/554 553/553/552 556/556/555
f 543/543/542 542/542/541 556/556/555
f 557/557/556 555/555/554 556/556/555
f 557/557/556 558/558/557 555/555/554
f 557/557/556 556/556/555 559/559/558
f 556/556/555 542/542/541 559/559/558
f 558/558/557 557/557/556 560/560/559
f 560/560/559 557/557/556 559/559/558
f 558/558/557 560/560/559 561/561/560
f 542/542/541 562/562/561 559/559/558
f 560/560/559 559/559/558 562/562/561
f 563/563/562 561/561/560 560/560/559
f 542/542/541 564/564/563 562/562/561
f 564/564/563 542/542/541 540/540/539
f 564/564/563 540/540/539 539/539/538
f 564/564/563 565/565/564 562/562/561
f 560/560/559 562/562/561 565/565/564
f 539/539/538 565/565/564 564/564/563
f 563/563/562 560/560/559 566/566/565
f 560/560/559 565/565/564 566/566/565
f 539/539/538 567/567/566 565/565/564
f 567/567/566 566/566/565 565/565/564
f 568/568/567 567/567/566 539/539/538
f 538/538/537 568/568/567 539/539/538
f 566/566/565 567/567/566 569/569/568
f 538/538/537 570/570/569 568/568/567
f 533/533/532 570/570/569 538/538/537
f 568/568/567 571/571/570 567/567/566
f 571/571/570 569/569/568 567/567/566
f 570/570/569 572/572/571 568/568/567
f 571/571/570 568/568/567 572/572/571
f 533/533/532 573/573/572 570/570/569
f 571/571/570 574/574/573 569/569/568
f 575/575/574 573/573/572 533/533/532
f 531/531/530 575/575/574 533/533/532
f 570/570/569 573/573/572 576/576/575
f 570/570/569 576/576/575 572/572/571
f 575/575/574 577/577/576 573/573/572
f 576/576/575 573/573/572 577/577/576
f 578/578/577 575/575/574 531/531/530
f 531/531/530 534/534/533 578/578/577
f 579/579/578 577/577/576 575/575/574
f 578/578/577 579/579/578 575/575/574
f 576/576/575 577/577/576 580/580/579
f 581/581/580 578/578/577 534/534/533
f 582/582/581 579/579/578 578/578/577
f 581/581/580 582/582/581 578/578/577
f 579/579/578 583/583/582 577/577/576
f 577/577/576 583/583/582 580/580/579
f 582/582/581 584/584/583 579/579/578
f 584/584/583 583/583/582 579/579/578
f 585/585/584 584/584/583 582/582/581
f 582/582/581 581/581/580 585/585/584
f 584/584/583 586/586/585 583/583/582
f 587/587/586 580/580/579 583/583/582
f 587/587/586 583/583/582 586/586/585
f 586/586/585 584/584/583 588/588/587
f 585/585/584 588/588/587 584/584/583
f 586/586/585 588/588/587 589/589/588
f 585/585/584 590/590/589 588/588/587
f 588/588/587 590/590/589 589/589/588
f 591/591/590 586/586/585 589/589/588
f 591/591/590 587/587/586 586/586/585
f 590/590/589 591/591/590 589/589/588
f 592/592/591 580/580/579 587/587/586
f 592/592/591 576/576/575 580/580/579
f 592/592/591 587/587/586 593/593/592
f 592/592/591 594/594/593 576/576/575
f 594/594/593 572/572/571 576/576/575
f 595/595/594 594/594/593 592/592/591
f 593/593/592 595/595/594 592/592/591
f 594/594/593 596/596/595 572/572/571
f 595/595/594 596/596/595 594/594/593
f 572/572/571 596/596/595 597/597/596
f 571/571/570 572/572/571 597/597/596
f 597/597/596 598/598/597 571/571/570
f 596/596/595 599/599/598 597/597/596
f 597/597/596 599/599/598 598/598/597
f 596/596/595 600/600/599 599/599/598
f 595/595/594 601/601/600 596/596/595
f 600/600/599 596/596/595 601/601/600
f 571/571/570 598/598/597 574/574/573
f 600/600/599 601/601/600 602/602/601
f 603/603/602 601/601/600 595/595/594
f 602/602/601 601/601/600 603/603/602
f 604/604/603 600/600/599 602/602/601
f 604/604/603 602/602/601 603/603/602
f 603/603/602 595/595/594 605/605/604
f 593/593/592 605/605/604 595/595/594
f 606/606/605 603/603/602 605/605/604
f 604/604/603 603/603/602 606/606/605
f 607/607/606 605/605/604 593/593/592
f 606/606/605 605/605/604 607/607/606
f 608/608/607 604/604/603 606/606/605
f 607/607/606 608/608/607 606/606/605
f 609/609/608 604/604/603 608/608/607
f 607/607/606 610/610/609 608/608/607
f 609/609/608 608/608/607 610/610/609
f 607/607/606 593/593/592 611/611/610
f 612/612/611 607/607/606 611/611/610
f 612/612/611 610/610/609 607/607/606
f 593/593/592 613/613/612 611/611/610
f 593/593/592 587/587/586 613/613/612
f 613/613/612 587/587/586 591/591/590
f 613/613/612 614/614/613 611/611/610
f 612/612/611 611/611/610 614/614/613
f 613/613/612 591/591/590 615/615/614
f 613/613/612 615/615/614 614/614/613
f 590/590/589 615/615/614 591/591/590
f 614/614/613 615/615/614 616/616/615
f 617/617/616 615/615/614 590/590/589
f 617/617/616 616/616/615 615/615/614
f 614/614/613 616/616/615 618/618/617
f 617/617/616 619/619/618 616/616/615
f 618/618/617 616/616/615 619/619/618
f 618/618/617 620/620/619 614/614/613
f 612/612/611 614/614/613 620/620/619
f 618/618/617 621/621/620 620/620/619
f 620/620/619 622/622/621 612/612/611
f 618/618/617 623/623/622 621/621/620
f 618/618/617 619/619/618 623/623/622
f 621/621/620 624/624/623 620/620/619
f 620/620/619 624/624/623 622/622/621
f 621/621/620 625/625/624 624/624/623
f 623/623/622 625/625/624 621/621/620
f 624/624/623 626/626/625 622/622/621
f 625/625/624 626/626/625 624/624/623
f 612/612/611 622/622/621 627/627/626
f 612/612/611 627/627/626 610/610/609
f 628/628/627 627/627/626 622/622/621
f 628/628/627 629/629/628 627/627/626
f 629/629/628 610/610/609 627/627/626
f 630/630/629 628/628/627 622/622/621
f 626/626/625 630/630/629 622/622/621
f 629/629/628 631/631/630 610/610/609
f 626/626/625 632/632/631 630/630/629
f 609/609/608 610/610/609 631/631/630
f 626/626/625 633/633/632 632/632/631
f 634/634/633 609/609/608 631/631/630
f 626/626/625 635/635/634 633/633/632
f 634/634/633 636/636/635 609/609/608
f 635/635/634 637/637/636 633/633/632
f 638/638/637 636/636/635 634/634/633
f 638/638/637 634/634/633 639/639/638
f 640/640/639 609/609/608 636/636/635
f 638/638/637 640/640/639 636/636/635
f 609/609/608 640/640/639 604/604/603
f 640/640/639 600/600/599 604/604/603
f 600/600/599 640/640/639 641/641/640
f 638/638/637 641/641/640 640/640/639
f 641/641/640 599/599/598 600/600/599
f 642/642/641 641/641/640 638/638/637
f 642/642/641 599/599/598 641/641/640
f 642/642/641 638/638/637 639/639/638
f 598/598/597 599/599/598 642/642/641
f 642/642/641 639/639/638 643/643/642
f 598/598/597 642/642/641 643/643/642
f 598/598/597 643/643/642 644/644/643
f 574/574/573 598/598/597 644/644/643
f 574/574/573 644/644/643 645/645/644
f 574/574/573 645/645/644 646/646/645
f 574/574/573 646/646/645 647/647/646
f 574/574/573 647/647/646 569/569/568
f 647/647/646 566/566/565 569/569/568
f 648/648/647 646/646/645 645/645/644
f 648/648/647 645/645/644 649/649/648
f 650/650/649 648/648/647 649/649/648
f 648/648/647 651/651/650 646/646/645
f 651/651/650 647/647/646 646/646/645
f 650/650/649 652/652/651 648/648/647
f 652/652/651 651/651/650 648/648/647
f 652/652/651 650/650/649 653/653/652
f 651/651/650 654/654/653 647/647/646
f 654/654/653 566/566/565 647/647/646
f 654/654/653 563/563/562 566/566/565
f 655/655/654 654/654/653 651/651/650
f 652/652/651 655/655/654 651/651/650
f 656/656/655 563/563/562 654/654/653
f 655/655/654 656/656/655 654/654/653
f 656/656/655 657/657/656 563/563/562
f 655/655/654 658/658/657 656/656/655
f 659/659/658 655/655/654 652/652/651
f 652/652/651 653/653/652 659/659/658
f 655/655/654 660/660/659 658/658/657
f 659/659/658 660/660/659 655/655/654
f 661/661/660 658/658/657 660/660/659
f 660/660/659 659/659/658 661/661/660
f 653/653/652 661/661/660 659/659/658
f 661/661/660 662/662/661 658/658/657
f 653/653/652 663/663/662 661/661/660
f 664/664/663 662/662/661 661/661/660
f 663/663/662 664/664/663 661/661/660
f 664/664/663 665/665/664 662/662/661
f 663/663/662 666/666/665 664/664/663
f 300/300/299 455/455/454 667/667/666
f 300/300/299 667/667/666 668/668/667
f 300/300/299 668/668/667 296/296/295
f 669/669/668 667/667/666 455/455/454
f 296/296/295 668/668/667 298/298/297
f 669/669/668 455/455/454 465/465/464
f 668/668/667 667/667/666 670/670/669
f 667/667/666 669/669/668 670/670/669
f 668/668/667 670/670/669 298/298/297
f 671/671/670 669/669/668 465/465/464
f 671/671/670 465/465/464 483/483/482
f 670/670/669 669/669/668 672/672/671
f 672/672/671 669/669/668 671/671/670
f 670/670/669 672/672/671 298/298/297
f 671/671/670 483/483/482 673/673/672
f 672/672/671 671/671/670 673/673/672
f 673/673/672 298/298/297 672/672/671
f 417/417/416 673/673/672 483/483/482
f 415/415/414 298/298/297 673/673/672
f 415/415/414 673/673/672 417/417/416
f 585/585/584 581/581/580 674/674/673
f 590/590/589 585/585/584 674/674/673
f 581/581/580 675/675/674 674/674/673
f 590/590/589 674/674/673 676/676/675
f 676/676/675 617/617/616 590/590/589
f 581/581/580 677/677/676 675/675/674
f 678/678/677 676/676/675 674/674/673
f 674/674/673 675/675/674 678/678/677
f 581/581/580 534/534/533 677/677/676
f 676/676/675 679/679/678 617/617/616
f 679/679/678 619/619/618 617/617/616
f 680/680/679 679/679/678 676/676/675
f 678/678/677 680/680/679 676/676/675
f 681/681/680 619/619/618 679/679/678
f 680/680/679 682/682/681 679/679/678
f 681/681/680 679/679/678 682/682/681
f 683/683/682 682/682/681 680/680/679
f 678/678/677 684/684/683 680/680/679
f 683/683/682 680/680/679 684/684/683
f 685/685/684 678/678/677 675/675/674
f 684/684/683 678/678/677 685/685/684
f 677/677/676 685/685/684 675/675/674
f 683/683/682 686/686/685 682/682/681
f 681/681/680 682/682/681 686/686/685
f 686/686/685 687/687/686 681/681/680
f 688/688/687 686/686/685 683/683/682
f 688/688/687 687/687/686 686/686/685
f 684/684/683 689/689/688 683/683/682
f 689/689/688 688/688/687 683/683/682
f 684/684/683 685/685/684 690/690/689
f 689/689/688 684/684/683 690/690/689
f 691/691/690 690/690/689 685/685/684
f 677/677/676 691/691/690 685/685/684
f 692/692/691 689/689/688 690/690/689
f 691/691/690 693/693/692 690/690/689
f 692/692/691 690/690/689 693/693/692
f 694/694/693 691/691/690 677/677/676
f 694/694/693 693/693/692 691/691/690
f 694/694/693 677/677/676 695/695/694
f 695/695/694 677/677/676 534/534/533
f 695/695/694 534/534/533 442/442/441
f 437/437/436 695/695/694 442/442/441
f 439/439/438 695/695/694 437/437/436
f 439/439/438 694/694/693 695/695/694
f 694/694/693 696/696/695 693/693/692
f 439/439/438 696/696/695 694/694/693
f 697/697/696 693/693/692 696/696/695
f 697/697/696 692/692/691 693/693/692
f 439/439/438 698/698/697 696/696/695
f 698/698/697 439/439/438 447/447/446
f 696/696/695 699/699/698 697/697/696
f 696/696/695 698/698/697 699/699/698
f 700/700/699 692/692/691 697/697/696
f 698/698/697 447/447/446 701/701/700
f 701/701/700 447/447/446 297/297/296
f 698/698/697 702/702/701 699/699/698
f 698/698/697 701/701/700 702/702/701
f 701/701/700 297/297/296 703/703/702
f 299/299/298 703/703/702 297/297/296
f 701/701/700 703/703/702 704/704/703
f 704/704/703 703/703/702 299/299/298
f 701/701/700 704/704/703 702/702/701
f 704/704/703 299/299/298 303/303/302
f 705/705/704 699/699/698 702/702/701
f 303/303/302 706/706/705 704/704/703
f 702/702/701 704/704/703 706/706/705
f 707/707/706 697/697/696 699/699/698
f 707/707/706 699/699/698 705/705/704
f 700/700/699 697/697/696 707/707/706
f 705/705/704 702/702/701 708/708/707
f 702/702/701 706/706/705 708/708/707
f 705/705/704 709/709/708 707/707/706
f 710/710/709 700/700/699 707/707/706
f 710/710/709 707/707/706 709/709/708
f 705/705/704 711/711/710 709/709/708
f 712/712/711 700/700/699 710/710/709
f 711/711/710 705/705/704 713/713/712
f 708/708/707 713/713/712 705/705/704
f 714/714/713 709/709/708 711/711/710
f 709/709/708 635/635/634 710/710/709
f 709/709/708 714/714/713 635/635/634
f 715/715/714 710/710/709 635/635/634
f 715/715/714 712/712/711 710/710/709
f 626/626/625 715/715/714 635/635/634
f 625/625/624 715/715/714 626/626/625
f 625/625/624 712/712/711 715/715/714
f 635/635/634 714/714/713 637/637/636
f 714/714/713 711/711/710 716/716/715
f 637/637/636 714/714/713 716/716/715
f 716/716/715 711/711/710 713/713/712
f 637/637/636 716/716/715 717/717/716
f 718/718/717 717/717/716 716/716/715
f 716/716/715 713/713/712 718/718/717
f 718/718/717 719/719/718 717/717/716
f 719/719/718 718/718/717 720/720/719
f 719/719/718 720/720/719 721/721/720
f 721/721/720 720/720/719 722/722/721
f 720/720/719 723/723/722 722/722/721
f 718/718/717 713/713/712 724/724/723
f 718/718/717 724/724/723 720/720/719
f 708/708/707 724/724/723 713/713/712
f 720/720/719 724/724/723 725/725/724
f 708/708/707 725/725/724 724/724/723
f 720/720/719 725/725/724 723/723/722
f 708/708/707 726/726/725 725/725/724
f 726/726/725 723/723/722 725/725/724
f 726/726/725 727/727/726 723/723/722
f 708/708/707 706/706/705 726/726/725
f 728/728/727 727/727/726 726/726/725
f 728/728/727 726/726/725 706/706/705
f 728/728/727 729/729/728 727/727/726
f 730/730/729 729/729/728 728/728/727
f 730/730/729 728/728/727 706/706/705
f 730/730/729 731/731/730 729/729/728
f 732/732/731 731/731/730 730/730/729
f 730/730/729 706/706/705 733/733/732
f 732/732/731 730/730/729 733/733/732
f 303/303/302 733/733/732 706/706/705
f 323/323/322 733/733/732 303/303/302
f 732/732/731 733/733/732 323/323/322
f 732/732/731 734/734/733 731/731/730
f 735/735/734 734/734/733 732/732/731
f 734/734/733 735/735/734 736/736/735
f 737/737/736 732/732/731 323/323/322
f 735/735/734 732/732/731 737/737/736
f 737/737/736 323/323/322 328/328/327
f 736/736/735 735/735/734 738/738/737
f 328/328/327 333/333/332 737/737/736
f 333/333/332 739/739/738 737/737/736
f 735/735/734 737/737/736 739/739/738
f 333/333/332 740/740/739 739/739/738
f 738/738/737 735/735/734 741/741/740
f 741/741/740 735/735/734 739/739/738
f 740/740/739 741/741/740 739/739/738
f 742/742/741 738/738/737 741/741/740
f 740/740/739 742/742/741 741/741/740
f 623/623/622 619/619/618 743/743/742
f 744/744/743 743/743/742 619/619/618
f 681/681/680 744/744/743 619/619/618
f 681/681/680 745/745/744 744/744/743
f 744/744/743 745/745/744 743/743/742
f 681/681/680 687/687/686 745/745/744
f 745/745/744 687/687/686 688/688/687
f 745/745/744 688/688/687 743/743/742
f 743/743/742 746/746/745 623/623/622
f 688/688/687 746/746/745 743/743/742
f 623/623/622 746/746/745 625/625/624
f 625/625/624 746/746/745 712/712/711
f 746/746/745 688/688/687 747/747/746
f 746/746/745 747/747/746 712/712/711
f 689/689/688 747/747/746 688/688/687
f 712/712/711 747/747/746 700/700/699
f 692/692/691 747/747/746 689/689/688
f 692/692/691 700/700/699 747/747/746
f 748/563/747 749/657/748 750/561/749
f 751/264/263 752/267/750 753/265/751
f 754/1/752 755/2/753 756/3/754
f 757/4/755 755/2/753 754/1/752
f 757/4/755 758/5/756 755/2/753
f 754/1/752 759/6/757 757/4/755
f 757/4/755 760/7/758 758/5/756
f 760/7/758 757/4/755 759/6/757
f 759/6/757 754/1/752 761/8/759
f 754/1/752 762/9/760 761/8/759
f 759/6/757 761/8/759 763/10/761
f 763/10/761 761/8/759 762/9/760
f 754/1/752 764/11/762 762/9/760
f 756/3/754 764/11/762 754/1/752
f 760/7/758 759/6/757 765/12/763
f 756/3/754 766/13/764 764/11/762
f 759/6/757 763/10/761 767/14/765
f 767/14/765 765/12/763 759/6/757
f 768/15/766 767/14/765 763/10/761
f 760/7/758 765/12/763 769/16/767
f 767/14/765 770/17/768 765/12/763
f 768/15/766 770/17/768 767/14/765
f 765/12/763 770/17/768 771/18/769
f 765/12/763 771/18/769 769/16/767
f 768/15/766 772/19/770 770/17/768
f 773/20/771 771/18/769 770/17/768
f 773/20/771 770/17/768 772/19/770
f 774/21/772 772/19/770 768/15/766
f 773/20/771 772/19/770 774/21/772
f 775/22/773 771/18/769 773/20/771
f 775/22/773 769/16/767 771/18/769
f 773/20/771 774/21/772 776/23/774
f 775/22/773 773/20/771 777/24/775
f 776/23/774 777/24/775 773/20/771
f 775/22/773 778/25/776 769/16/767
f 760/7/758 769/16/767 779/26/777
f 758/5/756 760/7/758 779/26/777
f 769/16/767 778/25/776 780/27/778
f 780/27/778 779/26/777 769/16/767
f 781/28/779 778/25/776 775/22/773
f 780/27/778 778/25/776 781/28/779
f 779/26/777 780/27/778 782/29/780
f 758/5/756 779/26/777 782/29/780
f 780/27/778 783/30/781 782/29/780
f 784/31/782 758/5/756 782/29/780
f 780/27/778 781/28/779 785/32/783
f 785/32/783 783/30/781 780/27/778
f 781/28/779 775/22/773 786/33/784
f 786/33/784 775/22/773 777/24/775
f 786/33/784 787/34/785 781/28/779
f 788/35/786 782/29/780 783/30/781
f 788/35/786 784/31/782 782/29/780
f 783/30/781 789/36/787 788/35/786
f 785/32/783 790/37/788 783/30/781
f 783/30/781 790/37/788 789/36/787
f 785/32/783 781/28/779 791/38/789
f 787/34/785 791/38/789 781/28/779
f 790/37/788 785/32/783 792/39/790
f 785/32/783 791/38/789 792/39/790
f 793/40/791 789/36/787 790/37/788
f 792/39/790 793/40/791 790/37/788
f 788/35/786 789/36/787 794/41/792
f 791/38/789 795/42/793 792/39/790
f 793/40/791 796/43/794 789/36/787
f 797/44/795 795/42/793 791/38/789
f 787/34/785 797/44/795 791/38/789
f 795/42/793 798/45/796 792/39/790
f 799/46/797 789/36/787 796/43/794
f 799/46/797 794/41/792 789/36/787
f 799/46/797 796/43/794 800/47/798
f 793/40/791 800/47/798 796/43/794
f 792/39/790 801/48/799 793/40/791
f 801/48/799 792/39/790 798/45/796
f 793/40/791 802/49/800 800/47/798
f 801/48/799 802/49/800 793/40/791
f 799/46/797 800/47/798 803/50/801
f 801/48/799 804/51/802 802/49/800
f 802/49/800 805/52/803 800/47/798
f 803/50/801 800/47/798 805/52/803
f 806/53/804 802/49/800 804/51/802
f 802/49/800 806/53/804 805/52/803
f 807/54/805 804/51/802 801/48/799
f 807/54/805 801/48/799 798/45/796
f 806/53/804 804/51/802 808/55/806
f 808/55/806 804/51/802 807/54/805
f 806/53/804 809/56/807 805/52/803
f 810/57/808 806/53/804 808/55/806
f 808/55/806 811/58/809 810/57/808
f 806/53/804 810/57/808 812/59/810
f 807/54/805 813/60/811 808/55/806
f 808/55/806 813/60/811 811/58/809
f 807/54/805 814/61/812 813/60/811
f 815/62/813 812/59/810 810/57/808
f 815/62/813 810/57/808 811/58/809
f 806/53/804 812/59/810 816/63/814
f 806/53/804 816/63/814 809/56/807
f 817/64/815 816/63/814 812/59/810
f 811/58/809 813/60/811 818/65/816
f 814/61/812 818/65/816 813/60/811
f 819/66/817 812/59/810 815/62/813
f 819/66/817 817/64/815 812/59/810
f 815/62/813 811/58/809 820/67/818
f 811/58/809 818/65/816 821/68/819
f 821/68/819 820/67/818 811/58/809
f 818/65/816 822/69/820 821/68/819
f 820/67/818 823/70/821 815/62/813
f 824/71/822 818/65/816 814/61/812
f 818/65/816 824/71/822 822/69/820
f 824/71/822 814/61/812 825/72/823
f 821/68/819 826/73/824 820/67/818
f 824/71/822 827/74/825 822/69/820
f 822/69/820 828/75/826 821/68/819
f 828/75/826 826/73/824 821/68/819
f 826/73/824 829/76/827 820/67/818
f 820/67/818 829/76/827 823/70/821
f 824/71/822 825/72/823 830/77/828
f 824/71/822 830/77/828 827/74/825
f 825/72/823 831/78/829 830/77/828
f 831/78/829 832/79/830 830/77/828
f 833/80/831 831/78/829 825/72/823
f 833/80/831 825/72/823 814/61/812
f 831/78/829 834/81/832 832/79/830
f 831/78/829 833/80/831 834/81/832
f 835/82/833 830/77/828 832/79/830
f 835/82/833 827/74/825 830/77/828
f 835/82/833 832/79/830 834/81/832
f 836/83/834 833/80/831 814/61/812
f 807/54/805 836/83/834 814/61/812
f 836/83/834 837/84/835 833/80/831
f 837/84/835 836/83/834 807/54/805
f 833/80/831 837/84/835 834/81/832
f 837/84/835 807/54/805 798/45/796
f 834/81/832 837/84/835 798/45/796
f 834/81/832 798/45/796 838/85/836
f 835/82/833 834/81/832 838/85/836
f 795/42/793 838/85/836 798/45/796
f 795/42/793 839/86/837 838/85/836
f 797/44/795 839/86/837 795/42/793
f 840/87/838 835/82/833 838/85/836
f 841/88/839 839/86/837 797/44/795
f 841/88/839 797/44/795 787/34/785
f 842/89/840 838/85/836 839/86/837
f 839/86/837 841/88/839 842/89/840
f 842/89/840 840/87/838 838/85/836
f 843/90/841 841/88/839 787/34/785
f 843/90/841 842/89/840 841/88/839
f 844/91/842 843/90/841 787/34/785
f 845/92/843 842/89/840 843/90/841
f 845/92/843 843/90/841 844/91/842
f 845/92/843 840/87/838 842/89/840
f 844/91/842 787/34/785 786/33/784
f 846/93/844 845/92/843 844/91/842
f 846/93/844 840/87/838 845/92/843
f 844/91/842 786/33/784 847/94/845
f 846/93/844 844/91/842 847/94/845
f 777/24/775 847/94/845 786/33/784
f 846/93/844 847/94/845 848/95/846
f 846/93/844 848/95/846 849/96/847
f 850/97/848 848/95/846 847/94/845
f 846/93/844 849/96/847 851/98/849
f 851/98/849 840/87/838 846/93/844
f 849/96/847 852/99/850 851/98/849
f 850/97/848 847/94/845 853/100/851
f 777/24/775 853/100/851 847/94/845
f 853/100/851 854/101/852 850/97/848
f 855/102/853 854/101/852 853/100/851
f 856/103/854 851/98/849 852/99/850
f 851/98/849 857/104/855 840/87/838
f 840/87/838 857/104/855 835/82/833
f 856/103/854 858/105/856 851/98/849
f 859/106/857 858/105/856 856/103/854
f 860/107/858 857/104/855 851/98/849
f 835/82/833 857/104/855 860/107/858
f 860/107/858 851/98/849 858/105/856
f 835/82/833 860/107/858 827/74/825
f 859/106/857 861/108/859 858/105/856
f 861/108/859 860/107/858 858/105/856
f 862/109/860 861/108/859 859/106/857
f 827/74/825 860/107/858 863/110/861
f 861/108/859 863/110/861 860/107/858
f 862/109/860 864/111/862 861/108/859
f 864/111/862 863/110/861 861/108/859
f 865/112/863 864/111/862 862/109/860
f 827/74/825 863/110/861 866/113/864
f 864/111/862 866/113/864 863/110/861
f 827/74/825 866/113/864 822/69/820
f 867/114/865 865/112/863 862/109/860
f 866/113/864 864/111/862 868/115/866
f 865/112/863 868/115/866 864/111/862
f 866/113/864 869/116/867 822/69/820
f 866/113/864 868/115/866 869/116/867
f 822/69/820 869/116/867 828/75/826
f 868/115/866 870/117/868 869/116/867
f 870/117/868 868/115/866 865/112/863
f 828/75/826 869/116/867 870/117/868
f 871/118/869 865/112/863 867/114/865
f 870/117/868 865/112/863 872/119/870
f 870/117/868 872/119/870 828/75/826
f 871/118/869 872/119/870 865/112/863
f 873/120/871 871/118/869 867/114/865
f 874/121/872 828/75/826 872/119/870
f 871/118/869 874/121/872 872/119/870
f 874/121/872 875/122/873 828/75/826
f 828/75/826 875/122/873 826/73/824
f 871/118/869 876/123/874 874/121/872
f 873/120/871 877/124/875 871/118/869
f 876/123/874 871/118/869 877/124/875
f 878/125/876 877/124/875 873/120/871
f 874/121/872 876/123/874 879/126/877
f 879/126/877 875/122/873 874/121/872
f 875/122/873 880/127/878 826/73/824
f 879/126/877 880/127/878 875/122/873
f 880/127/878 829/76/827 826/73/824
f 881/128/879 879/126/877 876/123/874
f 876/123/874 877/124/875 881/128/879
f 879/126/877 882/129/880 880/127/878
f 880/127/878 882/129/880 829/76/827
f 881/128/879 883/130/881 879/126/877
f 879/126/877 883/130/881 882/129/880
f 881/128/879 877/124/875 884/131/882
f 878/125/876 884/131/882 877/124/875
f 885/132/883 884/131/882 878/125/876
f 886/133/884 885/132/883 878/125/876
f 887/134/885 885/132/883 886/133/884
f 884/131/882 885/132/883 887/134/885
f 887/134/885 886/133/884 888/135/886
f 881/128/879 884/131/882 889/136/887
f 884/131/882 887/134/885 889/136/887
f 889/136/887 883/130/881 881/128/879
f 883/130/881 889/136/887 890/137/888
f 883/130/881 890/137/888 882/129/880
f 891/138/889 889/136/887 887/134/885
f 891/138/889 890/137/888 889/136/887
f 890/137/888 892/139/890 882/129/880
f 891/138/889 892/139/890 890/137/888
f 829/76/827 882/129/880 892/139/890
f 893/140/891 891/138/889 887/134/885
f 893/140/891 887/134/885 888/135/886
f 829/76/827 892/139/890 823/70/821
f 891/138/889 894/141/892 892/139/890
f 893/140/891 894/141/892 891/138/889
f 895/142/893 823/70/821 892/139/890
f 895/142/893 896/143/894 823/70/821
f 897/144/895 892/139/890 894/141/892
f 897/144/895 895/142/893 892/139/890
f 897/144/895 894/141/892 898/145/896
f 893/140/891 898/145/896 894/141/892
f 899/146/897 895/142/893 897/144/895
f 899/146/897 896/143/894 895/142/893
f 897/144/895 898/145/896 900/147/898
f 899/146/897 897/144/895 900/147/898
f 901/148/899 898/145/896 893/140/891
f 900/147/898 898/145/896 901/148/899
f 896/143/894 902/149/900 823/70/821
f 902/149/900 896/143/894 899/146/897
f 815/62/813 823/70/821 902/149/900
f 815/62/813 902/149/900 819/66/817
f 902/149/900 899/146/897 903/150/901
f 899/146/897 900/147/898 904/151/902
f 904/151/902 903/150/901 899/146/897
f 905/152/903 904/151/902 900/147/898
f 900/147/898 901/148/899 905/152/903
f 904/151/902 906/153/904 903/150/901
f 903/150/901 907/154/905 902/149/900
f 903/150/901 906/153/904 907/154/905
f 908/155/906 906/153/904 904/151/902
f 905/152/903 908/155/906 904/151/902
f 907/154/905 906/153/904 909/156/907
f 908/155/906 909/156/907 906/153/904
f 902/149/900 907/154/905 910/157/908
f 902/149/900 910/157/908 819/66/817
f 909/156/907 911/158/909 907/154/905
f 911/158/909 909/156/907 908/155/906
f 907/154/905 912/159/910 910/157/908
f 907/154/905 911/158/909 912/159/910
f 913/160/911 910/157/908 912/159/910
f 912/159/910 911/158/909 913/160/911
f 910/157/908 914/161/912 819/66/817
f 908/155/906 915/162/913 911/158/909
f 913/160/911 916/163/914 910/157/908
f 916/163/914 914/161/912 910/157/908
f 914/161/912 917/164/915 819/66/817
f 918/165/916 916/163/914 913/160/911
f 817/64/815 819/66/817 917/164/915
f 916/163/914 919/166/917 914/161/912
f 918/165/916 920/167/918 916/163/914
f 919/166/917 916/163/914 920/167/918
f 921/168/919 914/161/912 919/166/917
f 914/161/912 921/168/919 917/164/915
f 919/166/917 920/167/918 922/169/920
f 921/168/919 919/166/917 923/170/921
f 923/170/921 919/166/917 922/169/920
f 921/168/919 924/171/922 917/164/915
f 924/171/922 921/168/919 923/170/921
f 924/171/922 923/170/921 925/172/923
f 923/170/921 922/169/920 926/173/924
f 926/173/924 925/172/923 923/170/921
f 922/169/920 927/174/925 926/173/924
f 926/173/924 928/175/926 925/172/923
f 920/167/918 929/176/927 922/169/920
f 922/169/920 929/176/927 927/174/925
f 930/177/928 929/176/927 920/167/918
f 930/177/928 920/167/918 918/165/916
f 925/172/923 928/175/926 931/178/929
f 924/171/922 925/172/923 931/178/929
f 932/179/930 928/175/926 926/173/924
f 932/179/930 926/173/924 927/174/925
f 931/178/929 928/175/926 932/179/930
f 933/180/931 930/177/928 918/165/916
f 933/180/931 918/165/916 913/160/911
f 934/181/932 930/177/928 933/180/931
f 933/180/931 913/160/911 935/182/933
f 935/182/933 913/160/911 911/158/909
f 935/182/933 911/158/909 915/162/913
f 936/183/934 933/180/931 935/182/933
f 934/181/932 933/180/931 936/183/934
f 937/184/935 935/182/933 915/162/913
f 936/183/934 935/182/933 937/184/935
f 938/185/936 934/181/932 936/183/934
f 939/186/937 930/177/928 934/181/932
f 929/176/927 930/177/928 939/186/937
f 929/176/927 939/186/937 940/187/938
f 940/187/938 927/174/925 929/176/927
f 939/186/937 934/181/932 941/188/939
f 942/189/940 940/187/938 939/186/937
f 942/189/940 939/186/937 941/188/939
f 940/187/938 943/190/941 927/174/925
f 943/190/941 940/187/938 942/189/940
f 943/190/941 944/191/942 927/174/925
f 944/191/942 932/179/930 927/174/925
f 943/190/941 942/189/940 945/192/943
f 946/193/944 932/179/930 944/191/942
f 931/178/929 932/179/930 946/193/944
f 943/190/941 947/194/945 944/191/942
f 943/190/941 945/192/943 948/195/946
f 943/190/941 948/195/946 947/194/945
f 946/193/944 944/191/942 949/196/947
f 944/191/942 947/194/945 949/196/947
f 946/193/944 950/197/948 931/178/929
f 951/198/949 947/194/945 948/195/946
f 949/196/947 947/194/945 951/198/949
f 952/199/950 946/193/944 949/196/947
f 946/193/944 952/199/950 950/197/948
f 952/199/950 949/196/947 953/200/951
f 950/197/948 952/199/950 954/201/952
f 954/201/952 952/199/950 953/200/951
f 955/202/953 953/200/951 949/196/947
f 949/196/947 951/198/949 955/202/953
f 955/202/953 956/203/954 953/200/951
f 957/204/955 955/202/953 951/198/949
f 958/205/956 956/203/954 955/202/953
f 957/204/955 958/205/956 955/202/953
f 953/200/951 956/203/954 959/206/957
f 954/201/952 953/200/951 959/206/957
f 958/205/956 960/207/958 956/203/954
f 960/207/958 959/206/957 956/203/954
f 958/205/956 957/204/955 961/208/959
f 961/208/959 960/207/958 958/205/956
f 951/198/949 962/209/960 957/204/955
f 962/209/960 963/210/961 957/204/955
f 964/211/962 957/204/955 963/210/961
f 964/211/962 961/208/959 957/204/955
f 962/209/960 965/212/963 963/210/961
f 964/211/962 966/213/964 961/208/959
f 951/198/949 967/214/965 962/209/960
f 967/214/965 965/212/963 962/209/960
f 961/208/959 966/213/964 968/215/966
f 951/198/949 948/195/946 967/214/965
f 967/214/965 969/216/967 965/212/963
f 961/208/959 968/215/966 970/217/968
f 971/218/969 969/216/967 967/214/965
f 972/219/970 970/217/968 968/215/966
f 971/218/969 973/220/971 969/216/967
f 948/195/946 974/221/972 967/214/965
f 971/218/969 967/214/965 974/221/972
f 948/195/946 975/222/973 974/221/972
f 945/192/943 975/222/973 948/195/946
f 976/223/974 971/218/969 974/221/972
f 974/221/972 975/222/973 976/223/974
f 945/192/943 977/224/975 975/222/973
f 976/223/974 975/222/973 977/224/975
f 942/189/940 977/224/975 945/192/943
f 976/223/974 977/224/975 978/225/976
f 942/189/940 979/226/977 977/224/975
f 978/225/976 977/224/975 979/226/977
f 942/189/940 941/188/939 979/226/977
f 979/226/977 980/227/978 978/225/976
f 976/223/974 978/225/976 980/227/978
f 979/226/977 941/188/939 980/227/978
f 981/228/979 976/223/974 980/227/978
f 976/223/974 981/228/979 971/218/969
f 981/228/979 982/229/980 971/218/969
f 971/218/969 982/229/980 973/220/971
f 973/220/971 982/229/980 983/230/981
f 983/230/981 982/229/980 981/228/979
f 973/220/971 983/230/981 984/231/982
f 980/227/978 985/232/983 981/228/979
f 983/230/981 981/228/979 985/232/983
f 984/231/982 983/230/981 986/233/984
f 985/232/983 986/233/984 983/230/981
f 984/231/982 986/233/984 987/234/985
f 985/232/983 980/227/978 988/235/986
f 985/232/983 988/235/986 986/233/984
f 988/235/986 980/227/978 941/188/939
f 989/236/987 987/234/985 986/233/984
f 989/236/987 986/233/984 988/235/986
f 989/236/987 990/237/988 987/234/985
f 988/235/986 941/188/939 991/238/989
f 989/236/987 988/235/986 991/238/989
f 934/181/932 991/238/989 941/188/939
f 938/185/936 991/238/989 934/181/932
f 989/236/987 991/238/989 938/185/936
f 992/239/990 990/237/988 989/236/987
f 992/239/990 989/236/987 938/185/936
f 992/239/990 993/240/991 990/237/988
f 992/239/990 938/185/936 994/241/992
f 992/239/990 995/242/993 993/240/991
f 938/185/936 996/243/994 994/241/992
f 996/243/994 938/185/936 936/183/934
f 997/244/995 992/239/990 994/241/992
f 997/244/995 995/242/993 992/239/990
f 998/245/996 994/241/992 996/243/994
f 997/244/995 994/241/992 998/245/996
f 996/243/994 936/183/934 937/184/935
f 999/246/997 993/240/991 995/242/993
f 999/246/997 1000/247/998 993/240/991
f 1001/248/999 1000/247/998 999/246/997
f 999/246/997 995/242/993 1002/249/1000
f 1002/249/1000 995/242/993 997/244/995
f 1001/248/999 999/246/997 1003/250/1001
f 1003/250/1001 999/246/997 1002/249/1000
f 1004/251/1002 1001/248/999 1003/250/1001
f 1002/249/1000 997/244/995 1005/252/1003
f 1005/252/1003 997/244/995 998/245/996
f 1003/250/1001 1002/249/1000 1006/253/1004
f 1006/253/1004 1002/249/1000 1005/252/1003
f 1004/251/1002 1003/250/1001 1007/254/1005
f 1006/253/1004 1007/254/1005 1003/250/1001
f 1004/251/1002 1007/254/1005 1008/255/1006
f 1006/253/1004 1009/256/1007 1007/254/1005
f 1009/256/1007 1008/255/1006 1007/254/1005
f 1010/257/1008 1009/256/1007 1006/253/1004
f 1008/255/1006 1009/256/1007 1010/257/1008
f 1010/257/1008 1006/253/1004 1011/258/1009
f 1006/253/1004 1005/252/1003 1011/258/1009
f 1008/255/1006 1010/257/1008 1012/259/1010
f 1004/251/1002 1008/255/1006 1013/260/1011
f 1012/259/1010 1014/261/1012 1008/255/1006
f 1013/260/1011 1008/255/1006 1014/261/1012
f 1012/259/1010 1015/262/1013 1014/261/1012
f 1013/260/1011 1014/261/1012 1016/263/1014
f 1011/258/1009 1005/252/1003 1017/264/1015
f 1011/258/1009 1017/264/1015 1018/265/1016
f 1005/252/1003 998/245/996 1017/264/1015
f 1017/264/1015 998/245/996 1019/266/1017
f 1017/264/1015 1019/266/1017 1020/267/1018
f 1019/266/1017 1021/268/1019 1020/267/1018
f 1019/266/1017 998/245/996 1022/269/1020
f 996/243/994 1022/269/1020 998/245/996
f 1022/269/1020 996/243/994 937/184/935
f 1019/266/1017 1023/270/1021 1021/268/1019
f 1024/271/1022 1021/268/1019 1023/270/1021
f 1019/266/1017 1022/269/1020 1025/272/1023
f 1025/272/1023 1023/270/1021 1019/266/1017
f 1022/269/1020 937/184/935 1026/273/1024
f 1026/273/1024 1025/272/1023 1022/269/1020
f 1026/273/1024 937/184/935 1027/274/1025
f 1028/275/1026 1025/272/1023 1026/273/1024
f 1026/273/1024 1027/274/1025 1028/275/1026
f 937/184/935 915/162/913 1027/274/1025
f 1025/272/1023 1029/276/1027 1023/270/1021
f 1028/275/1026 1029/276/1027 1025/272/1023
f 1023/270/1021 1029/276/1027 1030/277/1028
f 1030/277/1028 1029/276/1027 1028/275/1026
f 1024/271/1022 1023/270/1021 1030/277/1028
f 1031/278/1029 1027/274/1025 915/162/913
f 1031/278/1029 915/162/913 908/155/906
f 1031/278/1029 908/155/906 905/152/903
f 1031/278/1029 1032/279/1030 1027/274/1025
f 1028/275/1026 1027/274/1025 1032/279/1030
f 1033/280/1031 1031/278/1029 905/152/903
f 1033/280/1031 1032/279/1030 1031/278/1029
f 1033/280/1031 905/152/903 901/148/899
f 1028/275/1026 1032/279/1030 1034/281/1032
f 1034/281/1032 1032/279/1030 1033/280/1031
f 1034/281/1032 1030/277/1028 1028/275/1026
f 901/148/899 1035/282/1033 1033/280/1031
f 1033/280/1031 1036/283/1034 1034/281/1032
f 1033/280/1031 1035/282/1033 1036/283/1034
f 901/148/899 1037/284/1035 1035/282/1033
f 1037/284/1035 1036/283/1034 1035/282/1033
f 1037/284/1035 901/148/899 893/140/891
f 1034/281/1032 1038/285/1036 1030/277/1028
f 1036/283/1034 1038/285/1036 1034/281/1032
f 1024/271/1022 1030/277/1028 1038/285/1036
f 1024/271/1022 1038/285/1036 1039/286/1037
f 1039/286/1037 1038/285/1036 1040/287/1038
f 1036/283/1034 1041/288/1039 1038/285/1036
f 1038/285/1036 1042/289/1040 1040/287/1038
f 1038/285/1036 1041/288/1039 1042/289/1040
f 1043/290/1041 1040/287/1038 1042/289/1040
f 1041/288/1039 1036/283/1034 1044/291/1042
f 1041/288/1039 1044/291/1042 1042/289/1040
f 1037/284/1035 1044/291/1042 1036/283/1034
f 1043/290/1041 1042/289/1040 1045/292/1043
f 1042/289/1040 1044/291/1042 1045/292/1043
f 1043/290/1041 1045/292/1043 1046/293/1044
f 1044/291/1042 1037/284/1035 1047/294/1045
f 1044/291/1042 1047/294/1045 1045/292/1043
f 1045/292/1043 1047/294/1045 1046/293/1044
f 1037/284/1035 893/140/891 1047/294/1045
f 888/135/886 1046/293/1044 1047/294/1045
f 888/135/886 1047/294/1045 893/140/891
f 766/13/764 1048/295/1046 764/11/762
f 764/11/762 1048/295/1046 1049/296/1047
f 764/11/762 1049/296/1047 762/9/760
f 1050/297/1048 1048/295/1046 766/13/764
f 1049/296/1047 1051/298/1049 762/9/760
f 1052/299/1050 1050/297/1048 766/13/764
f 1052/299/1050 766/13/764 756/3/754
f 1049/296/1047 1048/295/1046 1053/300/1051
f 1052/299/1050 756/3/754 1054/301/1052
f 755/2/753 1054/301/1052 756/3/754
f 755/2/753 1055/302/1053 1054/301/1052
f 758/5/756 1055/302/1053 755/2/753
f 1056/303/1054 1052/299/1050 1054/301/1052
f 758/5/756 1057/304/1055 1055/302/1053
f 784/31/782 1057/304/1055 758/5/756
f 1054/301/1052 1055/302/1053 1058/305/1056
f 1056/303/1054 1054/301/1052 1058/305/1056
f 1057/304/1055 1059/306/1057 1055/302/1053
f 1060/307/1058 1055/302/1053 1059/306/1057
f 1060/307/1058 1058/305/1056 1055/302/1053
f 1057/304/1055 1061/308/1059 1059/306/1057
f 1062/309/1060 1057/304/1055 784/31/782
f 1062/309/1060 1061/308/1059 1057/304/1055
f 1061/308/1059 1063/310/1061 1059/306/1057
f 1060/307/1058 1059/306/1057 1063/310/1061
f 1061/308/1059 1064/311/1062 1063/310/1061
f 1065/312/1063 1061/308/1059 1062/309/1060
f 1065/312/1063 1064/311/1062 1061/308/1059
f 784/31/782 1066/313/1064 1062/309/1060
f 1066/313/1064 1065/312/1063 1062/309/1060
f 784/31/782 1067/314/1065 1066/313/1064
f 788/35/786 1067/314/1065 784/31/782
f 788/35/786 794/41/792 1067/314/1065
f 1063/310/1061 1064/311/1062 1068/315/1066
f 1068/315/1066 1064/311/1062 1065/312/1063
f 1066/313/1064 1069/316/1067 1065/312/1063
f 1068/315/1066 1065/312/1063 1069/316/1067
f 1069/316/1067 1066/313/1064 1070/317/1068
f 1070/317/1068 1066/313/1064 1067/314/1065
f 1071/318/1069 1069/316/1067 1070/317/1068
f 1068/315/1066 1069/316/1067 1071/318/1069
f 1070/317/1068 1067/314/1065 1072/319/1070
f 794/41/792 1072/319/1070 1067/314/1065
f 1063/310/1061 1068/315/1066 1073/320/1071
f 1060/307/1058 1063/310/1061 1073/320/1071
f 1074/321/1072 1073/320/1071 1068/315/1066
f 1073/320/1071 1075/322/1073 1060/307/1058
f 1075/322/1073 1073/320/1071 1074/321/1072
f 1058/305/1056 1060/307/1058 1075/322/1073
f 1058/305/1056 1075/322/1073 1076/323/1074
f 1076/323/1074 1056/303/1054 1058/305/1056
f 1075/322/1073 1074/321/1072 1077/324/1075
f 1077/324/1075 1076/323/1074 1075/322/1073
f 1074/321/1072 1068/315/1066 1078/325/1076
f 1068/315/1066 1071/318/1069 1078/325/1076
f 1074/321/1072 1079/326/1077 1077/324/1075
f 1074/321/1072 1080/327/1078 1079/326/1077
f 1080/327/1078 1074/321/1072 1078/325/1076
f 1077/324/1075 1079/326/1077 1081/328/1079
f 1077/324/1075 1081/328/1079 1076/323/1074
f 1080/327/1078 1082/329/1080 1079/326/1077
f 1082/329/1080 1081/328/1079 1079/326/1077
f 1080/327/1078 1083/330/1081 1082/329/1080
f 1082/329/1080 1084/331/1082 1081/328/1079
f 1085/332/1083 1081/328/1079 1084/331/1082
f 1081/328/1079 1085/332/1083 1086/333/1084
f 1083/330/1081 1080/327/1078 1087/334/1085
f 1088/335/1086 1083/330/1081 1087/334/1085
f 1089/336/1087 1087/334/1085 1080/327/1078
f 1089/336/1087 1080/327/1078 1078/325/1076
f 1088/335/1086 1087/334/1085 1090/337/1088
f 1087/334/1085 1089/336/1087 1090/337/1088
f 1088/335/1086 1090/337/1088 1091/338/1089
f 1090/337/1088 1092/339/1090 1091/338/1089
f 1090/337/1088 1093/340/1091 1092/339/1090
f 1093/340/1091 1090/337/1088 1089/336/1087
f 1092/339/1090 1093/340/1091 1094/341/1092
f 1089/336/1087 1078/325/1076 1095/342/1093
f 1089/336/1087 1095/342/1093 1093/340/1091
f 1094/341/1092 1093/340/1091 1095/342/1093
f 1095/342/1093 1078/325/1076 1071/318/1069
f 1095/342/1093 1096/343/1094 1094/341/1092
f 1071/318/1069 1097/344/1095 1095/342/1093
f 1095/342/1093 1097/344/1095 1096/343/1094
f 1071/318/1069 1098/345/1096 1097/344/1095
f 1071/318/1069 1070/317/1068 1098/345/1096
f 1099/346/1097 1096/343/1094 1097/344/1095
f 1099/346/1097 1097/344/1095 1098/345/1096
f 1099/346/1097 1100/347/1098 1096/343/1094
f 1101/348/1099 1100/347/1098 1099/346/1097
f 1098/345/1096 1070/317/1068 1072/319/1070
f 1099/346/1097 1098/345/1096 1072/319/1070
f 1099/346/1097 1102/349/1100 1101/348/1099
f 1072/319/1070 1103/350/1101 1099/346/1097
f 1099/346/1097 1103/350/1101 1102/349/1100
f 1072/319/1070 1104/351/1102 1103/350/1101
f 1105/352/1103 1102/349/1100 1103/350/1101
f 1105/352/1103 1106/353/1104 1102/349/1100
f 1107/354/1105 1105/352/1103 1103/350/1101
f 1104/351/1102 1107/354/1105 1103/350/1101
f 1108/355/1106 1106/353/1104 1105/352/1103
f 1108/355/1106 1105/352/1103 1107/354/1105
f 1108/355/1106 1109/356/1107 1106/353/1104
f 1109/356/1107 1108/355/1106 1110/357/1108
f 1110/357/1108 1108/355/1106 1107/354/1105
f 1111/358/1109 1110/357/1108 1107/354/1105
f 1112/359/1110 1111/358/1109 1107/354/1105
f 1104/351/1102 1112/359/1110 1107/354/1105
f 1113/360/1111 1112/359/1110 1104/351/1102
f 1113/360/1111 1104/351/1102 1114/361/1112
f 1115/362/1113 1113/360/1111 1114/361/1112
f 1116/363/1114 1104/351/1102 1072/319/1070
f 1116/363/1114 1114/361/1112 1104/351/1102
f 794/41/792 1116/363/1114 1072/319/1070
f 1115/362/1113 1114/361/1112 1117/364/1115
f 1118/365/1116 1115/362/1113 1117/364/1115
f 1119/366/1117 1114/361/1112 1116/363/1114
f 794/41/792 1119/366/1117 1116/363/1114
f 1119/366/1117 1117/364/1115 1114/361/1112
f 794/41/792 799/46/797 1119/366/1117
f 1118/365/1116 1117/364/1115 1120/367/1118
f 1117/364/1115 1119/366/1117 1120/367/1118
f 1121/368/1119 1118/365/1116 1120/367/1118
f 1119/366/1117 799/46/797 803/50/801
f 1122/369/1120 1120/367/1118 1119/366/1117
f 1119/366/1117 803/50/801 1122/369/1120
f 1121/368/1119 1120/367/1118 1123/370/1121
f 1122/369/1120 1123/370/1121 1120/367/1118
f 1121/368/1119 1123/370/1121 1124/371/1122
f 1121/368/1119 1124/371/1122 1125/372/1123
f 1126/373/1124 1125/372/1123 1124/371/1122
f 1124/371/1122 1127/374/1125 1126/373/1124
f 1124/371/1122 1123/370/1121 1128/375/1126
f 1122/369/1120 1128/375/1126 1123/370/1121
f 1124/371/1122 1129/376/1127 1127/374/1125
f 1128/375/1126 1129/376/1127 1124/371/1122
f 1130/377/1128 1127/374/1125 1129/376/1127
f 1131/378/1129 1128/375/1126 1122/369/1120
f 1128/375/1126 1131/378/1129 1129/376/1127
f 1130/377/1128 1129/376/1127 1132/379/1130
f 1131/378/1129 1132/379/1130 1129/376/1127
f 1132/379/1130 972/219/970 1130/377/1128
f 1131/378/1129 1122/369/1120 1133/380/1131
f 803/50/801 1133/380/1131 1122/369/1120
f 1131/378/1129 1134/381/1132 1132/379/1130
f 1134/381/1132 1131/378/1129 1133/380/1131
f 1132/379/1130 1135/382/1133 972/219/970
f 1134/381/1132 1135/382/1133 1132/379/1130
f 972/219/970 1135/382/1133 970/217/968
f 1134/381/1132 1136/383/1134 1135/382/1133
f 1133/380/1131 1136/383/1134 1134/381/1132
f 970/217/968 1135/382/1133 1136/383/1134
f 803/50/801 1137/384/1135 1133/380/1131
f 803/50/801 805/52/803 1137/384/1135
f 1137/384/1135 805/52/803 809/56/807
f 1137/384/1135 1138/385/1136 1133/380/1131
f 1133/380/1131 1138/385/1136 1136/383/1134
f 1137/384/1135 809/56/807 1139/386/1137
f 1137/384/1135 1139/386/1137 1138/385/1136
f 1140/387/1138 1139/386/1137 809/56/807
f 816/63/814 1140/387/1138 809/56/807
f 970/217/968 1136/383/1134 1141/388/1139
f 1141/388/1139 1136/383/1134 1138/385/1136
f 1141/388/1139 1142/389/1140 970/217/968
f 961/208/959 970/217/968 1142/389/1140
f 961/208/959 1142/389/1140 960/207/958
f 816/63/814 1143/390/1141 1140/387/1138
f 817/64/815 1143/390/1141 816/63/814
f 1141/388/1139 1144/391/1142 1142/389/1140
f 1144/391/1142 960/207/958 1142/389/1140
f 1141/388/1139 1138/385/1136 1145/392/1143
f 1144/391/1142 1141/388/1139 1145/392/1143
f 1139/386/1137 1145/392/1143 1138/385/1136
f 1144/391/1142 1146/393/1144 960/207/958
f 960/207/958 1146/393/1144 959/206/957
f 1144/391/1142 1145/392/1143 1147/394/1145
f 1147/394/1145 1146/393/1144 1144/391/1142
f 1139/386/1137 1148/395/1146 1145/392/1143
f 1147/394/1145 1145/392/1143 1148/395/1146
f 1140/387/1138 1148/395/1146 1139/386/1137
f 1149/396/1147 959/206/957 1146/393/1144
f 1150/397/1148 1148/395/1146 1140/387/1138
f 1143/390/1141 1150/397/1148 1140/387/1138
f 1147/394/1145 1148/395/1146 1151/398/1149
f 1150/397/1148 1151/398/1149 1148/395/1146
f 1147/394/1145 1152/399/1150 1146/393/1144
f 1152/399/1150 1147/394/1145 1151/398/1149
f 1152/399/1150 1149/396/1147 1146/393/1144
f 959/206/957 1149/396/1147 954/201/952
f 1143/390/1141 1153/400/1151 1150/397/1148
f 1153/400/1151 1143/390/1141 817/64/815
f 1151/398/1149 1150/397/1148 1154/401/1152
f 1153/400/1151 1154/401/1152 1150/397/1148
f 1154/401/1152 1155/402/1153 1151/398/1149
f 1152/399/1150 1151/398/1149 1155/402/1153
f 1153/400/1151 817/64/815 1156/403/1154
f 817/64/815 917/164/915 1156/403/1154
f 1153/400/1151 1157/404/1155 1154/401/1152
f 1153/400/1151 1156/403/1154 1157/404/1155
f 917/164/915 1158/405/1156 1156/403/1154
f 1158/405/1156 1157/404/1155 1156/403/1154
f 924/171/922 1158/405/1156 917/164/915
f 931/178/929 1158/405/1156 924/171/922
f 931/178/929 1159/406/1157 1158/405/1156
f 1159/406/1157 1157/404/1155 1158/405/1156
f 1159/406/1157 931/178/929 950/197/948
f 1157/404/1155 1160/407/1158 1154/401/1152
f 1159/406/1157 1160/407/1158 1157/404/1155
f 1155/402/1153 1154/401/1152 1160/407/1158
f 1159/406/1157 950/197/948 1161/408/1159
f 1161/408/1159 1160/407/1158 1159/406/1157
f 1161/408/1159 950/197/948 954/201/952
f 1162/409/1160 1155/402/1153 1160/407/1158
f 1161/408/1159 1162/409/1160 1160/407/1158
f 1162/409/1160 1163/410/1161 1155/402/1153
f 1164/411/1162 1162/409/1160 1161/408/1159
f 1164/411/1162 1163/410/1161 1162/409/1160
f 954/201/952 1164/411/1162 1161/408/1159
f 1163/410/1161 1152/399/1150 1155/402/1153
f 954/201/952 1165/412/1163 1164/411/1162
f 1149/396/1147 1165/412/1163 954/201/952
f 1163/410/1161 1164/411/1162 1166/413/1164
f 1163/410/1161 1166/413/1164 1152/399/1150
f 1167/414/1165 1164/411/1162 1165/412/1163
f 1167/414/1165 1166/413/1164 1164/411/1162
f 1149/396/1147 1167/414/1165 1165/412/1163
f 1152/399/1150 1166/413/1164 1167/414/1165
f 1152/399/1150 1167/414/1165 1149/396/1147
f 1168/415/1166 762/9/760 1051/298/1049
f 763/10/761 762/9/760 1168/415/1166
f 1168/415/1166 1169/416/1167 763/10/761
f 768/15/766 763/10/761 1169/416/1167
f 1170/417/1168 1169/416/1167 1168/415/1166
f 1169/416/1167 1171/418/1169 768/15/766
f 774/21/772 768/15/766 1171/418/1169
f 1169/416/1167 1172/419/1170 1171/418/1169
f 1171/418/1169 1173/420/1171 774/21/772
f 1172/419/1170 1169/416/1167 1174/421/1172
f 1170/417/1168 1174/421/1172 1169/416/1167
f 1171/418/1169 1172/419/1170 1175/422/1173
f 1171/418/1169 1175/422/1173 1173/420/1171
f 1173/420/1171 776/23/774 774/21/772
f 1176/423/1174 1175/422/1173 1172/419/1170
f 1172/419/1170 1174/421/1172 1176/423/1174
f 1177/424/1175 1173/420/1171 1175/422/1173
f 1174/421/1172 1178/425/1176 1176/423/1174
f 1174/421/1172 1179/426/1177 1178/425/1176
f 1174/421/1172 1180/427/1178 1179/426/1177
f 1180/427/1178 1174/421/1172 1170/417/1168
f 1176/423/1174 1178/425/1176 1181/428/1179
f 1180/427/1178 1170/417/1168 1182/429/1180
f 1176/423/1174 1183/430/1181 1175/422/1173
f 1176/423/1174 1181/428/1179 1183/430/1181
f 1177/424/1175 1175/422/1173 1183/430/1181
f 1184/431/1182 1183/430/1181 1181/428/1179
f 1184/431/1182 1177/424/1175 1183/430/1181
f 1185/432/1183 1177/424/1175 1184/431/1182
f 1185/432/1183 1184/431/1182 1186/433/1184
f 1187/434/1185 1173/420/1171 1177/424/1175
f 1187/434/1185 1177/424/1175 1185/432/1183
f 1173/420/1171 1187/434/1185 776/23/774
f 1186/433/1184 1188/435/1186 1185/432/1183
f 1188/435/1186 1187/434/1185 1185/432/1183
f 1186/433/1184 855/102/853 1188/435/1186
f 855/102/853 853/100/851 1188/435/1186
f 1188/435/1186 1189/436/1187 1187/434/1185
f 776/23/774 1187/434/1185 1189/436/1187
f 853/100/851 1189/436/1187 1188/435/1186
f 776/23/774 1189/436/1187 777/24/775
f 853/100/851 777/24/775 1189/436/1187
f 1190/437/1188 1191/438/1189 1192/439/1190
f 1193/440/1191 1191/438/1189 1190/437/1188
f 1194/441/1192 1192/439/1190 1191/438/1189
f 1190/437/1188 1195/442/1193 1193/440/1191
f 1191/438/1189 1196/443/1194 1194/441/1192
f 1197/444/1195 1196/443/1194 1191/438/1189
f 1193/440/1191 1197/444/1195 1191/438/1189
f 1198/445/1196 1194/441/1192 1196/443/1194
f 1199/446/1197 1197/444/1195 1193/440/1191
f 1200/447/1198 1194/441/1192 1198/445/1196
f 1194/441/1192 1200/447/1198 1192/439/1190
f 1201/448/1199 1197/444/1195 1199/446/1197
f 1197/444/1195 1201/448/1199 1196/443/1194
f 1199/446/1197 1193/440/1191 1202/449/1200
f 1200/447/1198 1198/445/1196 1050/297/1048
f 1050/297/1048 1198/445/1196 1048/295/1046
f 1198/445/1196 1203/450/1201 1048/295/1046
f 1198/445/1196 1196/443/1194 1203/450/1201
f 1053/300/1051 1048/295/1046 1203/450/1201
f 1196/443/1194 1204/451/1202 1203/450/1201
f 1196/443/1194 1205/452/1203 1204/451/1202
f 1196/443/1194 1201/448/1199 1205/452/1203
f 1203/450/1201 1204/451/1202 1206/453/1204
f 1205/452/1203 1207/454/1205 1204/451/1202
f 1205/452/1203 1201/448/1199 1207/454/1205
f 1207/454/1205 1206/453/1204 1204/451/1202
f 1053/300/1051 1203/450/1201 1208/455/1206
f 1203/450/1201 1206/453/1204 1208/455/1206
f 1209/456/1207 1207/454/1205 1201/448/1199
f 1206/453/1204 1207/454/1205 1210/457/1208
f 1209/456/1207 1210/457/1208 1207/454/1205
f 1206/453/1204 1210/457/1208 1211/458/1209
f 1212/459/1210 1209/456/1207 1201/448/1199
f 1212/459/1210 1201/448/1199 1199/446/1197
f 1209/456/1207 1213/460/1211 1210/457/1208
f 1212/459/1210 1213/460/1211 1209/456/1207
f 1210/457/1208 1213/460/1211 1211/458/1209
f 1214/461/1212 1212/459/1210 1199/446/1197
f 1206/453/1204 1211/458/1209 1215/462/1213
f 1213/460/1211 1215/462/1213 1211/458/1209
f 1216/463/1214 1213/460/1211 1212/459/1210
f 1213/460/1211 1216/463/1214 1215/462/1213
f 1216/463/1214 1212/459/1210 1214/461/1212
f 1206/453/1204 1215/462/1213 1208/455/1206
f 1214/461/1212 1199/446/1197 1202/449/1200
f 1217/464/1215 1215/462/1213 1216/463/1214
f 1215/462/1213 1218/465/1216 1208/455/1206
f 1217/464/1215 1219/466/1217 1215/462/1213
f 1215/462/1213 1219/466/1217 1218/465/1216
f 1220/467/1218 1219/466/1217 1217/464/1215
f 1220/467/1218 1218/465/1216 1219/466/1217
f 1216/463/1214 1221/468/1219 1217/464/1215
f 1216/463/1214 1214/461/1212 1222/469/1220
f 1216/463/1214 1222/469/1220 1221/468/1219
f 1222/469/1220 1214/461/1212 1223/470/1221
f 1224/471/1222 1223/470/1221 1214/461/1212
f 1224/471/1222 1214/461/1212 1202/449/1200
f 1225/472/1223 1222/469/1220 1223/470/1221
f 1226/473/1224 1221/468/1219 1222/469/1220
f 1225/472/1223 1226/473/1224 1222/469/1220
f 1227/474/1225 1217/464/1215 1221/468/1219
f 1226/473/1224 1227/474/1225 1221/468/1219
f 1227/474/1225 1228/475/1226 1217/464/1215
f 1220/467/1218 1217/464/1215 1228/475/1226
f 1227/474/1225 1226/473/1224 1229/476/1227
f 1228/475/1226 1227/474/1225 1230/477/1228
f 1227/474/1225 1229/476/1227 1230/477/1228
f 1228/475/1226 1230/477/1228 1231/478/1229
f 1220/467/1218 1228/475/1226 1231/478/1229
f 1220/467/1218 1231/478/1229 1232/479/1230
f 1233/480/1231 1220/467/1218 1232/479/1230
f 1226/473/1224 1234/481/1232 1229/476/1227
f 1226/473/1224 1225/472/1223 1234/481/1232
f 1235/482/1233 1229/476/1227 1234/481/1232
f 1233/480/1231 1236/483/1234 1220/467/1218
f 1233/480/1231 1182/429/1180 1236/483/1234
f 1220/467/1218 1236/483/1234 1218/465/1216
f 1170/417/1168 1236/483/1234 1182/429/1180
f 1237/484/1235 1235/482/1233 1234/481/1232
f 1237/484/1235 1238/485/1236 1235/482/1233
f 1234/481/1232 1225/472/1223 1239/486/1237
f 1225/472/1223 1223/470/1221 1239/486/1237
f 1234/481/1232 1239/486/1237 1240/487/1238
f 1237/484/1235 1234/481/1232 1240/487/1238
f 1224/471/1222 1239/486/1237 1223/470/1221
f 1239/486/1237 1224/471/1222 1240/487/1238
f 1241/488/1239 1237/484/1235 1240/487/1238
f 1224/471/1222 1241/488/1239 1240/487/1238
f 1237/484/1235 1242/489/1240 1238/485/1236
f 1242/489/1240 1243/490/1241 1238/485/1236
f 1241/488/1239 1244/491/1242 1237/484/1235
f 1242/489/1240 1237/484/1235 1244/491/1242
f 1241/488/1239 1245/492/1243 1244/491/1242
f 1224/471/1222 1246/493/1244 1241/488/1239
f 1246/493/1244 1245/492/1243 1241/488/1239
f 1247/494/1245 1246/493/1244 1224/471/1222
f 1247/494/1245 1224/471/1222 1202/449/1200
f 1246/493/1244 1247/494/1245 1248/495/1246
f 1246/493/1244 1248/495/1246 1245/492/1243
f 1249/496/1247 1247/494/1245 1202/449/1200
f 1249/496/1247 1202/449/1200 1193/440/1191
f 1250/497/1248 1248/495/1246 1247/494/1245
f 1247/494/1245 1249/496/1247 1250/497/1248
f 1195/442/1193 1249/496/1247 1193/440/1191
f 1250/497/1248 1251/498/1249 1248/495/1246
f 1251/498/1249 1245/492/1243 1248/495/1246
f 1252/499/1250 1250/497/1248 1249/496/1247
f 1252/499/1250 1249/496/1247 1195/442/1193
f 1253/500/1251 1251/498/1249 1250/497/1248
f 1253/500/1251 1250/497/1248 1252/499/1250
f 1251/498/1249 1254/501/1252 1245/492/1243
f 1255/502/1253 1254/501/1252 1251/498/1249
f 1255/502/1253 1251/498/1249 1253/500/1251
f 1245/492/1243 1254/501/1252 1256/503/1254
f 1245/492/1243 1256/503/1254 1244/491/1242
f 1242/489/1240 1244/491/1242 1256/503/1254
f 1257/504/1255 1256/503/1254 1254/501/1252
f 1255/502/1253 1257/504/1255 1254/501/1252
f 1258/505/1256 1242/489/1240 1256/503/1254
f 1258/505/1256 1256/503/1254 1257/504/1255
f 1242/489/1240 1258/505/1256 1243/490/1241
f 1259/506/1257 1243/490/1241 1258/505/1256
f 1260/507/1258 1243/490/1241 1259/506/1257
f 1261/508/1259 1259/506/1257 1258/505/1256
f 1260/507/1258 1259/506/1257 1261/508/1259
f 1261/508/1259 1258/505/1256 1257/504/1255
f 1260/507/1258 1261/508/1259 1262/509/1260
f 1257/504/1255 1255/502/1253 1263/510/1261
f 1257/504/1255 1263/510/1261 1261/508/1259
f 1253/500/1251 1263/510/1261 1255/502/1253
f 1264/511/1262 1262/509/1260 1261/508/1259
f 1264/511/1262 1261/508/1259 1263/510/1261
f 1253/500/1251 1265/512/1263 1263/510/1261
f 1265/512/1263 1264/511/1262 1263/510/1261
f 1253/500/1251 1266/513/1264 1265/512/1263
f 1265/512/1263 1267/514/1265 1264/511/1262
f 1267/514/1265 1265/512/1263 1266/513/1264
f 1262/509/1260 1264/511/1262 1268/515/1266
f 1262/509/1260 1268/515/1266 1269/516/1267
f 1270/517/1268 1264/511/1262 1267/514/1265
f 1253/500/1251 1271/518/1269 1266/513/1264
f 1252/499/1250 1271/518/1269 1253/500/1251
f 1267/514/1265 1266/513/1264 1272/519/1270
f 1270/517/1268 1267/514/1265 1272/519/1270
f 1271/518/1269 1273/520/1271 1266/513/1264
f 1272/519/1270 1266/513/1264 1273/520/1271
f 1252/499/1250 1274/521/1272 1271/518/1269
f 1271/518/1269 1274/521/1272 1273/520/1271
f 1274/521/1272 1252/499/1250 1275/522/1273
f 1273/520/1271 1274/521/1272 1275/522/1273
f 1275/522/1273 1252/499/1250 1195/442/1193
f 1272/519/1270 1273/520/1271 1276/523/1274
f 1273/520/1271 1275/522/1273 1277/524/1275
f 1277/524/1275 1276/523/1274 1273/520/1271
f 1276/523/1274 1278/525/1276 1272/519/1270
f 1270/517/1268 1272/519/1270 1278/525/1276
f 1277/524/1275 1279/526/1277 1276/523/1274
f 1280/527/1278 1277/524/1275 1275/522/1273
f 1280/527/1278 1279/526/1277 1277/524/1275
f 1276/523/1274 1281/528/1279 1278/525/1276
f 1281/528/1279 1276/523/1274 1279/526/1277
f 1280/527/1278 1282/529/1280 1279/526/1277
f 1281/528/1279 1279/526/1277 1282/529/1280
f 1282/529/1280 1280/527/1278 1283/530/1281
f 1283/530/1281 1281/528/1279 1282/529/1280
f 1284/531/1282 1280/527/1278 1275/522/1273
f 1285/532/1283 1283/530/1281 1280/527/1278
f 1285/532/1283 1280/527/1278 1284/531/1282
f 1285/532/1283 1286/533/1284 1283/530/1281
f 1284/531/1282 1286/533/1284 1285/532/1283
f 1284/531/1282 1275/522/1273 1287/534/1285
f 1275/522/1273 1195/442/1193 1287/534/1285
f 1281/528/1279 1283/530/1281 1288/535/1286
f 1281/528/1279 1289/536/1287 1278/525/1276
f 1281/528/1279 1288/535/1286 1289/536/1287
f 1278/525/1276 1289/536/1287 1290/537/1288
f 1278/525/1276 1290/537/1288 1270/517/1268
f 1291/538/1289 1288/535/1286 1283/530/1281
f 1291/538/1289 1283/530/1281 1286/533/1284
f 1288/535/1286 1291/538/1289 1292/539/1290
f 1293/540/1291 1289/536/1287 1288/535/1286
f 1288/535/1286 1292/539/1290 1293/540/1291
f 1293/540/1291 1294/541/1292 1289/536/1287
f 1290/537/1288 1289/536/1287 1294/541/1292
f 1294/541/1292 1293/540/1291 1295/542/1293
f 1296/543/1294 1290/537/1288 1294/541/1292
f 1294/541/1292 1295/542/1293 1296/543/1294
f 1290/537/1288 1296/543/1294 1297/544/1295
f 1298/545/1296 1270/517/1268 1290/537/1288
f 1290/537/1288 1297/544/1295 1298/545/1296
f 1298/545/1296 1299/546/1297 1270/517/1268
f 1299/546/1297 1298/545/1296 1297/544/1295
f 1299/546/1297 1264/511/1262 1270/517/1268
f 1299/546/1297 1268/515/1266 1264/511/1262
f 1299/546/1297 1297/544/1295 1300/547/1298
f 1300/547/1298 1268/515/1266 1299/546/1297
f 1300/547/1298 1297/544/1295 1301/548/1299
f 1300/547/1298 1302/549/1300 1268/515/1266
f 1302/549/1300 1269/516/1267 1268/515/1266
f 1303/550/1301 1269/516/1267 1302/549/1300
f 1304/551/1302 1302/549/1300 1300/547/1298
f 1304/551/1302 1303/550/1301 1302/549/1300
f 1300/547/1298 1301/548/1299 1304/551/1302
f 1304/551/1302 1305/552/1303 1303/550/1301
f 1306/553/1304 1301/548/1299 1297/544/1295
f 1306/553/1304 1304/551/1302 1301/548/1299
f 1306/553/1304 1305/552/1303 1304/551/1302
f 1306/553/1304 1297/544/1295 1296/543/1294
f 1307/554/1305 1305/552/1303 1306/553/1304
f 1308/555/1306 1307/554/1305 1306/553/1304
f 1296/543/1294 1309/556/1307 1306/553/1304
f 1308/555/1306 1306/553/1304 1309/556/1307
f 1296/543/1294 1295/542/1293 1309/556/1307
f 1310/557/1308 1308/555/1306 1309/556/1307
f 1310/557/1308 1311/558/1309 1308/555/1306
f 1310/557/1308 1309/556/1307 1312/559/1310
f 1309/556/1307 1295/542/1293 1312/559/1310
f 1311/558/1309 1310/557/1308 1313/560/1311
f 1313/560/1311 1310/557/1308 1312/559/1310
f 1311/558/1309 1313/560/1311 1314/561/1312
f 1295/542/1293 1315/562/1313 1312/559/1310
f 1313/560/1311 1312/559/1310 1315/562/1313
f 1316/563/1314 1314/561/1312 1313/560/1311
f 1295/542/1293 1317/564/1315 1315/562/1313
f 1317/564/1315 1295/542/1293 1293/540/1291
f 1317/564/1315 1293/540/1291 1292/539/1290
f 1317/564/1315 1318/565/1316 1315/562/1313
f 1313/560/1311 1315/562/1313 1318/565/1316
f 1292/539/1290 1318/565/1316 1317/564/1315
f 1316/563/1314 1313/560/1311 1319/566/1317
f 1313/560/1311 1318/565/1316 1319/566/1317
f 1292/539/1290 1320/567/1318 1318/565/1316
f 1320/567/1318 1319/566/1317 1318/565/1316
f 1321/568/1319 1320/567/1318 1292/539/1290
f 1291/538/1289 1321/568/1319 1292/539/1290
f 1319/566/1317 1320/567/1318 1322/569/1320
f 1291/538/1289 1323/570/1321 1321/568/1319
f 1286/533/1284 1323/570/1321 1291/538/1289
f 1321/568/1319 1324/571/1322 1320/567/1318
f 1324/571/1322 1322/569/1320 1320/567/1318
f 1323/570/1321 1325/572/1323 1321/568/1319
f 1324/571/1322 1321/568/1319 1325/572/1323
f 1286/533/1284 1326/573/1324 1323/570/1321
f 1324/571/1322 1327/574/1325 1322/569/1320
f 1328/575/1326 1326/573/1324 1286/533/1284
f 1284/531/1282 1328/575/1326 1286/533/1284
f 1323/570/1321 1326/573/1324 1329/576/1327
f 1323/570/1321 1329/576/1327 1325/572/1323
f 1328/575/1326 1330/577/1328 1326/573/1324
f 1329/576/1327 1326/573/1324 1330/577/1328
f 1331/578/1329 1328/575/1326 1284/531/1282
f 1284/531/1282 1287/534/1285 1331/578/1329
f 1332/579/1330 1330/577/1328 1328/575/1326
f 1331/578/1329 1332/579/1330 1328/575/1326
f 1329/576/1327 1330/577/1328 1333/580/1331
f 1334/581/1332 1331/578/1329 1287/534/1285
f 1335/582/1333 1332/579/1330 1331/578/1329
f 1334/581/1332 1335/582/1333 1331/578/1329
f 1332/579/1330 1336/583/1334 1330/577/1328
f 1330/577/1328 1336/583/1334 1333/580/1331
f 1335/582/1333 1337/584/1335 1332/579/1330
f 1337/584/1335 1336/583/1334 1332/579/1330
f 1338/585/1336 1337/584/1335 1335/582/1333
f 1335/582/1333 1334/581/1332 1338/585/1336
f 1337/584/1335 1339/586/1337 1336/583/1334
f 1340/587/1338 1333/580/1331 1336/583/1334
f 1340/587/1338 1336/583/1334 1339/586/1337
f 1339/586/1337 1337/584/1335 1341/588/1339
f 1338/585/1336 1341/588/1339 1337/584/1335
f 1339/586/1337 1341/588/1339 1342/589/1340
f 1338/585/1336 1343/590/1341 1341/588/1339
f 1341/588/1339 1343/590/1341 1342/589/1340
f 1344/591/1342 1339/586/1337 1342/589/1340
f 1344/591/1342 1340/587/1338 1339/586/1337
f 1343/590/1341 1344/591/1342 1342/589/1340
f 1345/592/1343 1333/580/1331 1340/587/1338
f 1345/592/1343 1329/576/1327 1333/580/1331
f 1345/592/1343 1340/587/1338 1346/593/1344
f 1345/592/1343 1347/594/1345 1329/576/1327
f 1347/594/1345 1325/572/1323 1329/576/1327
f 1348/595/1346 1347/594/1345 1345/592/1343
f 1346/593/1344 1348/595/1346 1345/592/1343
f 1347/594/1345 1349/596/1347 1325/572/1323
f 1348/595/1346 1349/596/1347 1347/594/1345
f 1325/572/1323 1349/596/1347 1350/597/1348
f 1324/571/1322 1325/572/1323 1350/597/1348
f 1350/597/1348 1351/598/1349 1324/571/1322
f 1349/596/1347 1352/599/1350 1350/597/1348
f 1350/597/1348 1352/599/1350 1351/598/1349
f 1349/596/1347 1353/600/1351 1352/599/1350
f 1348/595/1346 1354/601/1352 1349/596/1347
f 1353/600/1351 1349/596/1347 1354/601/1352
f 1324/571/1322 1351/598/1349 1327/574/1325
f 1353/600/1351 1354/601/1352 1355/602/1353
f 1356/603/1354 1354/601/1352 1348/595/1346
f 1355/602/1353 1354/601/1352 1356/603/1354
f 1357/604/1355 1353/600/1351 1355/602/1353
f 1357/604/1355 1355/602/1353 1356/603/1354
f 1356/603/1354 1348/595/1346 1358/605/1356
f 1346/593/1344 1358/605/1356 1348/595/1346
f 1359/606/1357 1356/603/1354 1358/605/1356
f 1357/604/1355 1356/603/1354 1359/606/1357
f 1360/607/1358 1358/605/1356 1346/593/1344
f 1359/606/1357 1358/605/1356 1360/607/1358
f 1361/608/1359 1357/604/1355 1359/606/1357
f 1360/607/1358 1361/608/1359 1359/606/1357
f 1362/609/1360 1357/604/1355 1361/608/1359
f 1360/607/1358 1363/610/1361 1361/608/1359
f 1362/609/1360 1361/608/1359 1363/610/1361
f 1360/607/1358 1346/593/1344 1364/611/1362
f 1365/612/1363 1360/607/1358 1364/611/1362
f 1365/612/1363 1363/610/1361 1360/607/1358
f 1346/593/1344 1366/613/1364 1364/611/1362
f 1346/593/1344 1340/587/1338 1366/613/1364
f 1366/613/1364 1340/587/1338 1344/591/1342
f 1366/613/1364 1367/614/1365 1364/611/1362
f 1365/612/1363 1364/611/1362 1367/614/1365
f 1366/613/1364 1344/591/1342 1368/615/1366
f 1366/613/1364 1368/615/1366 1367/614/1365
f 1343/590/1341 1368/615/1366 1344/591/1342
f 1367/614/1365 1368/615/1366 1369/616/1367
f 1370/617/1368 1368/615/1366 1343/590/1341
f 1370/617/1368 1369/616/1367 1368/615/1366
f 1367/614/1365 1369/616/1367 1371/618/1369
f 1370/617/1368 1372/619/1370 1369/616/1367
f 1371/618/1369 1369/616/1367 1372/619/1370
f 1371/618/1369 1373/620/1371 1367/614/1365
f 1365/612/1363 1367/614/1365 1373/620/1371
f 1371/618/1369 1374/621/1372 1373/620/1371
f 1373/620/1371 1375/622/1373 1365/612/1363
f 1371/618/1369 1376/623/1374 1374/621/1372
f 1371/618/1369 1372/619/1370 1376/623/1374
f 1374/621/1372 1377/624/1375 1373/620/1371
f 1373/620/1371 1377/624/1375 1375/622/1373
f 1374/621/1372 1378/625/1376 1377/624/1375
f 1376/623/1374 1378/625/1376 1374/621/1372
f 1377/624/1375 1379/626/1377 1375/622/1373
f 1378/625/1376 1379/626/1377 1377/624/1375
f 1365/612/1363 1375/622/1373 1380/627/1378
f 1365/612/1363 1380/627/1378 1363/610/1361
f 1381/628/1379 1380/627/1378 1375/622/1373
f 1381/628/1379 1382/629/1380 1380/627/1378
f 1382/629/1380 1363/610/1361 1380/627/1378
f 1383/630/1381 1381/628/1379 1375/622/1373
f 1379/626/1377 1383/630/1381 1375/622/1373
f 1382/629/1380 1384/631/1382 1363/610/1361
f 1379/626/1377 1385/632/1383 1383/630/1381
f 1362/609/1360 1363/610/1361 1384/631/1382
f 1379/626/1377 1386/633/1384 1385/632/1383
f 1387/634/1385 1362/609/1360 1384/631/1382
f 1379/626/1377 1388/635/1386 1386/633/1384
f 1387/634/1385 1389/636/1387 1362/609/1360
f 1388/635/1386 1390/637/1388 1386/633/1384
f 1391/638/1389 1389/636/1387 1387/634/1385
f 1391/638/1389 1387/634/1385 1392/639/1390
f 1393/640/1391 1362/609/1360 1389/636/1387
f 1391/638/1389 1393/640/1391 1389/636/1387
f 1362/609/1360 1393/640/1391 1357/604/1355
f 1393/640/1391 1353/600/1351 1357/604/1355
f 1353/600/1351 1393/640/1391 1394/641/1392
f 1391/638/1389 1394/641/1392 1393/640/1391
f 1394/641/1392 1352/599/1350 1353/600/1351
f 1395/642/1393 1394/641/1392 1391/638/1389
f 1395/642/1393 1352/599/1350 1394/641/1392
f 1395/642/1393 1391/638/1389 1392/639/1390
f 1351/598/1349 1352/599/1350 1395/642/1393
f 1395/642/1393 1392/639/1390 1396/643/1394
f 1351/598/1349 1395/642/1393 1396/643/1394
f 1351/598/1349 1396/643/1394 1397/644/1395
f 1327/574/1325 1351/598/1349 1397/644/1395
f 1327/574/1325 1397/644/1395 1398/645/1396
f 1327/574/1325 1398/645/1396 1399/646/1397
f 1327/574/1325 1399/646/1397 1400/647/1398
f 1327/574/1325 1400/647/1398 1322/569/1320
f 1400/647/1398 1319/566/1317 1322/569/1320
f 1401/648/1399 1399/646/1397 1398/645/1396
f 1401/648/1399 1398/645/1396 1402/649/1400
f 1403/650/1401 1401/648/1399 1402/649/1400
f 1401/648/1399 1404/651/1402 1399/646/1397
f 1404/651/1402 1400/647/1398 1399/646/1397
f 1403/650/1401 1405/652/1403 1401/648/1399
f 1405/652/1403 1404/651/1402 1401/648/1399
f 1405/652/1403 1403/650/1401 1406/653/1404
f 1404/651/1402 1407/654/1405 1400/647/1398
f 1407/654/1405 1319/566/1317 1400/647/1398
f 1407/654/1405 1316/563/1314 1319/566/1317
f 1408/655/1406 1407/654/1405 1404/651/1402
f 1405/652/1403 1408/655/1406 1404/651/1402
f 1409/656/1407 1316/563/1314 1407/654/1405
f 1408/655/1406 1409/656/1407 1407/654/1405
f 1409/656/1407 1410/657/1408 1316/563/1314
f 1408/655/1406 1411/658/1409 1409/656/1407
f 1412/659/1410 1408/655/1406 1405/652/1403
f 1405/652/1403 1406/653/1404 1412/659/1410
f 1408/655/1406 1413/660/1411 1411/658/1409
f 1412/659/1410 1413/660/1411 1408/655/1406
f 1414/661/1412 1411/658/1409 1413/660/1411
f 1413/660/1411 1412/659/1410 1414/661/1412
f 1406/653/1404 1414/661/1412 1412/659/1410
f 1414/661/1412 1415/662/1413 1411/658/1409
f 1406/653/1404 1416/663/1414 1414/661/1412
f 1417/664/1415 1415/662/1413 1414/661/1412
f 1416/663/1414 1417/664/1415 1414/661/1412
f 1417/664/1415 1418/665/1416 1415/662/1413
f 1416/663/1414 1419/666/1417 1417/664/1415
f 1053/300/1051 1208/455/1206 1420/667/1418
f 1053/300/1051 1420/667/1418 1421/668/1419
f 1053/300/1051 1421/668/1419 1049/296/1047
f 1422/669/1420 1420/667/1418 1208/455/1206
f 1049/296/1047 1421/668/1419 1051/298/1049
f 1422/669/1420 1208/455/1206 1218/465/1216
f 1421/668/1419 1420/667/1418 1423/670/1421
f 1420/667/1418 1422/669/1420 1423/670/1421
f 1421/668/1419 1423/670/1421 1051/298/1049
f 1424/671/1422 1422/669/1420 1218/465/1216
f 1424/671/1422 1218/465/1216 1236/483/1234
f 1423/670/1421 1422/669/1420 1425/672/1423
f 1425/672/1423 1422/669/1420 1424/671/1422
f 1423/670/1421 1425/672/1423 1051/298/1049
f 1424/671/1422 1236/483/1234 1426/673/1424
f 1425/672/1423 1424/671/1422 1426/673/1424
f 1426/673/1424 1051/298/1049 1425/672/1423
f 1170/417/1168 1426/673/1424 1236/483/1234
f 1168/415/1166 1051/298/1049 1426/673/1424
f 1168/415/1166 1426/673/1424 1170/417/1168
f 1338/585/1336 1334/581/1332 1427/674/1425
f 1343/590/1341 1338/585/1336 1427/674/1425
f 1334/581/1332 1428/675/1426 1427/674/1425
f 1343/590/1341 1427/674/1425 1429/676/1427
f 1429/676/1427 1370/617/1368 1343/590/1341
f 1334/581/1332 1430/677/1428 1428/675/1426
f 1431/678/1429 1429/676/1427 1427/674/1425
f 1427/674/1425 1428/675/1426 1431/678/1429
f 1334/581/1332 1287/534/1285 1430/677/1428
f 1429/676/1427 1432/679/1430 1370/617/1368
f 1432/679/1430 1372/619/1370 1370/617/1368
f 1433/680/1431 1432/679/1430 1429/676/1427
f 1431/678/1429 1433/680/1431 1429/676/1427
f 1434/681/1432 1372/619/1370 1432/679/1430
f 1433/680/1431 1435/682/1433 1432/679/1430
f 1434/681/1432 1432/679/1430 1435/682/1433
f 1436/683/1434 1435/682/1433 1433/680/1431
f 1431/678/1429 1437/684/1435 1433/680/1431
f 1436/683/1434 1433/680/1431 1437/684/1435
f 1438/685/1436 1431/678/1429 1428/675/1426
f 1437/684/1435 1431/678/1429 1438/685/1436
f 1430/677/1428 1438/685/1436 1428/675/1426
f 1436/683/1434 1439/686/1437 1435/682/1433
f 1434/681/1432 1435/682/1433 1439/686/1437
f 1439/686/1437 1440/687/1438 1434/681/1432
f 1441/688/1439 1439/686/1437 1436/683/1434
f 1441/688/1439 1440/687/1438 1439/686/1437
f 1437/684/1435 1442/689/1440 1436/683/1434
f 1442/689/1440 1441/688/1439 1436/683/1434
f 1437/684/1435 1438/685/1436 1443/690/1441
f 1442/689/1440 1437/684/1435 1443/690/1441
f 1444/691/1442 1443/690/1441 1438/685/1436
f 1430/677/1428 1444/691/1442 1438/685/1436
f 1445/692/1443 1442/689/1440 1443/690/1441
f 1444/691/1442 1446/693/1444 1443/690/1441
f 1445/692/1443 1443/690/1441 1446/693/1444
f 1447/694/1445 1444/691/1442 1430/677/1428
f 1447/694/1445 1446/693/1444 1444/691/1442
f 1447/694/1445 1430/677/1428 1448/695/1446
f 1448/695/1446 1430/677/1428 1287/534/1285
f 1448/695/1446 1287/534/1285 1195/442/1193
f 1190/437/1188 1448/695/1446 1195/442/1193
f 1192/439/1190 1448/695/1446 1190/437/1188
f 1192/439/1190 1447/694/1445 1448/695/1446
f 1447/694/1445 1449/696/1447 1446/693/1444
f 1192/439/1190 1449/696/1447 1447/694/1445
f 1450/697/1448 1446/693/1444 1449/696/1447
f 1450/697/1448 1445/692/1443 1446/693/1444
f 1192/439/1190 1451/698/1449 1449/696/1447
f 1451/698/1449 1192/439/1190 1200/447/1198
f 1449/696/1447 1452/699/1450 1450/697/1448
f 1449/696/1447 1451/698/1449 1452/699/1450
f 1453/700/1451 1445/692/1443 1450/697/1448
f 1451/698/1449 1200/447/1198 1454/701/1452
f 1454/701/1452 1200/447/1198 1050/297/1048
f 1451/698/1449 1455/702/1453 1452/699/1450
f 1451/698/1449 1454/701/1452 1455/702/1453
f 1454/701/1452 1050/297/1048 1456/703/1454
f 1052/299/1050 1456/703/1454 1050/297/1048
f 1454/701/1452 1456/703/1454 1457/704/1455
f 1457/704/1455 1456/703/1454 1052/299/1050
f 1454/701/1452 1457/704/1455 1455/702/1453
f 1457/704/1455 1052/299/1050 1056/303/1054
f 1458/705/1456 1452/699/1450 1455/702/1453
f 1056/303/1054 1459/706/1457 1457/704/1455
f 1455/702/1453 1457/704/1455 1459/706/1457
f 1460/707/1458 1450/697/1448 1452/699/1450
f 1460/707/1458 1452/699/1450 1458/705/1456
f 1453/700/1451 1450/697/1448 1460/707/1458
f 1458/705/1456 1455/702/1453 1461/708/1459
f 1455/702/1453 1459/706/1457 1461/708/1459
f 1458/705/1456 1462/709/1460 1460/707/1458
f 1463/710/1461 1453/700/1451 1460/707/1458
f 1463/710/1461 1460/707/1458 1462/709/1460
f 1458/705/1456 1464/711/1462 1462/709/1460
f 1465/712/1463 1453/700/1451 1463/710/1461
f 1464/711/1462 1458/705/1456 1466/713/1464
f 1461/708/1459 1466/713/1464 1458/705/1456
f 1467/714/1465 1462/709/1460 1464/711/1462
f 1462/709/1460 1388/635/1386 1463/710/1461
f 1462/709/1460 1467/714/1465 1388/635/1386
f 1468/715/1466 1463/710/1461 1388/635/1386
f 1468/715/1466 1465/712/1463 1463/710/1461
f 1379/626/1377 1468/715/1466 1388/635/1386
f 1378/625/1376 1468/715/1466 1379/626/1377
f 1378/625/1376 1465/712/1463 1468/715/1466
f 1388/635/1386 1467/714/1465 1390/637/1388
f 1467/714/1465 1464/711/1462 1469/716/1467
f 1390/637/1388 1467/714/1465 1469/716/1467
f 1469/716/1467 1464/711/1462 1466/713/1464
f 1390/637/1388 1469/716/1467 1470/717/1468
f 1471/718/1469 1470/717/1468 1469/716/1467
f 1469/716/1467 1466/713/1464 1471/718/1469
f 1471/718/1469 1472/719/1470 1470/717/1468
f 1472/719/1470 1471/718/1469 1473/720/1471
f 1472/719/1470 1473/720/1471 1474/721/1472
f 1474/721/1472 1473/720/1471 1475/722/1473
f 1473/720/1471 1476/723/1474 1475/722/1473
f 1471/718/1469 1466/713/1464 1477/724/1475
f 1471/718/1469 1477/724/1475 1473/720/1471
f 1461/708/1459 1477/724/1475 1466/713/1464
f 1473/720/1471 1477/724/1475 1478/725/1476
f 1461/708/1459 1478/725/1476 1477/724/1475
f 1473/720/1471 1478/725/1476 1476/723/1474
f 1461/708/1459 1479/726/1477 1478/725/1476
f 1479/726/1477 1476/723/1474 1478/725/1476
f 1479/726/1477 1480/727/1478 1476/723/1474
f 1461/708/1459 1459/706/1457 1479/726/1477
f 1481/728/1479 1480/727/1478 1479/726/1477
f 1481/728/1479 1479/726/1477 1459/706/1457
f 1481/728/1479 1482/729/1480 1480/727/1478
f 1483/730/1481 1482/729/1480 1481/728/1479
f 1483/730/1481 1481/728/1479 1459/706/1457
f 1483/730/1481 1484/731/1482 1482/729/1480
f 1485/732/1483 1484/731/1482 1483/730/1481
f 1483/730/1481 1459/706/1457 1486/733/1484
f 1485/732/1483 1483/730/1481 1486/733/1484
f 1056/303/1054 1486/733/1484 1459/706/1457
f 1076/323/1074 1486/733/1484 1056/303/1054
f 1485/732/1483 1486/733/1484 1076/323/1074
f 1485/732/1483 1487/734/1485 1484/731/1482
f 1488/735/1486 1487/734/1485 1485/732/1483
f 1487/734/1485 1488/735/1486 1489/736/1487
f 1490/737/1488 1485/732/1483 1076/323/1074
f 1488/735/1486 1485/732/1483 1490/737/1488
f 1490/737/1488 1076/323/1074 1081/328/1079
f 1489/736/1487 1488/735/1486 1491/738/1489
f 1081/328/1079 1086/333/1084 1490/737/1488
f 1086/333/1084 1492/739/1490 1490/737/1488
f 1488/735/1486 1490/737/1488 1492/739/1490
f 1086/333/1084 1493/740/1491 1492/739/1490
f 1491/738/1489 1488/735/1486 1494/741/1492
f 1494/741/1492 1488/735/1486 1492/739/1490
f 1493/740/1491 1494/741/1492 1492/739/1490
f 1495/742/1493 1491/738/1489 1494/741/1492
f 1493/740/1491 1495/742/1493 1494/741/1492
f 1376/623/1374 1372/619/1370 1496/743/1494
f 1497/744/1495 1496/743/1494 1372/619/1370
f 1434/681/1432 1497/744/1495 1372/619/1370
f 1434/681/1432 1498/745/1496 1497/744/1495
f 1497/744/1495 1498/745/1496 1496/743/1494
f 1434/681/1432 1440/687/1438 1498/745/1496
f 1498/745/1496 1440/687/1438 1441/688/1439
f 1498/745/1496 1441/688/1439 1496/743/1494
f 1496/743/1494 1499/746/1497 1376/623/1374
f 1441/688/1439 1499/746/1497 1496/743/1494
f 1376/623/1374 1499/746/1497 1378/625/1376
f 1378/625/1376 1499/746/1497 1465/712/1463
f 1499/746/1497 1441/688/1439 1500/747/1498
f 1499/746/1497 1500/747/1498 1465/712/1463
f 1442/689/1440 1500/747/1498 1441/688/1439
f 1465/712/1463 1500/747/1498 1453/700/1451
f 1445/692/1443 1500/747/1498 1442/689/1440
f 1445/692/1443 1453/700/1451 1500/747/1498
f 1501/563/1499 1502/657/1500 1503/561/1501
f 1504/264/1502 1505/267/1503 1506/265/1504
f 1507/1/1 1508/2/1505 1509/3/3
f 1510/4/4 1508/2/1505 1507/1/1
f 1510/4/4 1511/5/5 1508/2/1505
f 1507/1/1 1512/6/6 1510/4/4
f 1510/4/4 1513/7/1506 1511/5/5
f 1513/7/1506 1510/4/4 1512/6/6
f 1512/6/6 1507/1/1 1514/8/8
f 1507/1/1 1515/9/9 1514/8/8
f 1512/6/6 1514/8/8 1516/10/10
f 1516/10/10 1514/8/8 1515/9/9
f 1507/1/1 1517/11/11 1515/9/9
f 1509/3/3 1517/11/11 1507/1/1
f 1513/7/1506 1512/6/6 1518/12/1507
f 1509/3/3 1519/13/13 1517/11/11
f 1512/6/6 1516/10/10 1520/14/14
f 1520/14/14 1518/12/1507 1512/6/6
f 1521/15/15 1520/14/14 1516/10/10
f 1513/7/1506 1518/12/1507 1522/16/16
f 1520/14/14 1523/17/17 1518/12/1507
f 1521/15/15 1523/17/17 1520/14/14
f 1518/12/1507 1523/17/17 1524/18/18
f 1518/12/1507 1524/18/18 1522/16/16
f 1521/15/15 1525/19/19 1523/17/17
f 1526/20/20 1524/18/18 1523/17/17
f 1526/20/20 1523/17/17 1525/19/19
f 1527/21/1508 1525/19/19 1521/15/15
f 1526/20/20 1525/19/19 1527/21/1508
f 1528/22/22 1524/18/18 1526/20/20
f 1528/22/22 1522/16/16 1524/18/18
f 1526/20/20 1527/21/1508 1529/23/1509
f 1528/22/22 1526/20/20 1530/24/24
f 1529/23/1509 1530/24/24 1526/20/20
f 1528/22/22 1531/25/1510 1522/16/16
f 1513/7/1506 1522/16/16 1532/26/1511
f 1511/5/5 1513/7/1506 1532/26/1511
f 1522/16/16 1531/25/1510 1533/27/27
f 1533/27/27 1532/26/1511 1522/16/16
f 1534/28/28 1531/25/1510 1528/22/22
f 1533/27/27 1531/25/1510 1534/28/28
f 1532/26/1511 1533/27/27 1535/29/29
f 1511/5/5 1532/26/1511 1535/29/29
f 1533/27/27 1536/30/30 1535/29/29
f 1537/31/31 1511/5/5 1535/29/29
f 1533/27/27 1534/28/28 1538/32/32
f 1538/32/32 1536/30/30 1533/27/27
f 1534/28/28 1528/22/22 1539/33/1512
f 1539/33/1512 1528/22/22 1530/24/24
f 1539/33/1512 1540/34/34 1534/28/28
f 1541/35/1513 1535/29/29 1536/30/30
f 1541/35/1513 1537/31/31 1535/29/29
f 1536/30/30 1542/36/36 1541/35/1513
f 1538/32/32 1543/37/37 1536/30/30
f 1536/30/30 1543/37/37 1542/36/36
f 1538/32/32 1534/28/28 1544/38/38
f 1540/34/34 1544/38/38 1534/28/28
f 1543/37/37 1538/32/32 1545/39/39
f 1538/32/32 1544/38/38 1545/39/39
f 1546/40/40 1542/36/36 1543/37/37
f 1545/39/39 1546/40/40 1543/37/37
f 1541/35/1513 1542/36/36 1547/41/41
f 1544/38/38 1548/42/42 1545/39/39
f 1546/40/40 1549/43/43 1542/36/36
f 1550/44/44 1548/42/42 1544/38/38
f 1540/34/34 1550/44/44 1544/38/38
f 1548/42/42 1551/45/45 1545/39/39
f 1552/46/46 1542/36/36 1549/43/43
f 1552/46/46 1547/41/41 1542/36/36
f 1552/46/46 1549/43/43 1553/47/47
f 1546/40/40 1553/47/47 1549/43/43
f 1545/39/39 1554/48/48 1546/40/40
f 1554/48/48 1545/39/39 1551/45/45
f 1546/40/40 1555/49/49 1553/47/47
f 1554/48/48 1555/49/49 1546/40/40
f 1552/46/46 1553/47/47 1556/50/50
f 1554/48/48 1557/51/51 1555/49/49
f 1555/49/49 1558/52/52 1553/47/47
f 1556/50/50 1553/47/47 1558/52/52
f 1559/53/53 1555/49/49 1557/51/51
f 1555/49/49 1559/53/53 1558/52/52
f 1560/54/54 1557/51/51 1554/48/48
f 1560/54/54 1554/48/48 1551/45/45
f 1559/53/53 1557/51/51 1561/55/1514
f 1561/55/1514 1557/51/51 1560/54/54
f 1559/53/53 1562/56/56 1558/52/52
f 1563/57/57 1559/53/53 1561/55/1514
f 1561/55/1514 1564/58/58 1563/57/57
f 1559/53/53 1563/57/57 1565/59/1515
f 1560/54/54 1566/60/60 1561/55/1514
f 1561/55/1514 1566/60/60 1564/58/58
f 1560/54/54 1567/61/61 1566/60/60
f 1568/62/62 1565/59/1515 1563/57/57
f 1568/62/62 1563/57/57 1564/58/58
f 1559/53/53 1565/59/1515 1569/63/63
f 1559/53/53 1569/63/63 1562/56/56
f 1570/64/64 1569/63/63 1565/59/1515
f 1564/58/58 1566/60/60 1571/65/1516
f 1567/61/61 1571/65/1516 1566/60/60
f 1572/66/66 1565/59/1515 1568/62/62
f 1572/66/66 1570/64/64 1565/59/1515
f 1568/62/62 1564/58/58 1573/67/67
f 1564/58/58 1571/65/1516 1574/68/68
f 1574/68/68 1573/67/67 1564/58/58
f 1571/65/1516 1575/69/69 1574/68/68
f 1573/67/67 1576/70/70 1568/62/62
f 1577/71/71 1571/65/1516 1567/61/61
f 1571/65/1516 1577/71/71 1575/69/69
f 1577/71/71 1567/61/61 1578/72/72
f 1574/68/68 1579/73/73 1573/67/67
f 1577/71/71 1580/74/74 1575/69/69
f 1575/69/69 1581/75/75 1574/68/68
f 1581/75/75 1579/73/73 1574/68/68
f 1579/73/73 1582/76/76 1573/67/67
f 1573/67/67 1582/76/76 1576/70/70
f 1577/71/71 1578/72/72 1583/77/77
f 1577/71/71 1583/77/77 1580/74/74
f 1578/72/72 1584/78/1517 1583/77/77
f 1584/78/1517 1585/79/1518 1583/77/77
f 1586/80/80 1584/78/1517 1578/72/72
f 1586/80/80 1578/72/72 1567/61/61
f 1584/78/1517 1587/81/81 1585/79/1518
f 1584/78/1517 1586/80/80 1587/81/81
f 1588/82/82 1583/77/77 1585/79/1518
f 1588/82/82 1580/74/74 1583/77/77
f 1588/82/82 1585/79/1518 1587/81/81
f 1589/83/83 1586/80/80 1567/61/61
f 1560/54/54 1589/83/83 1567/61/61
f 1589/83/83 1590/84/84 1586/80/80
f 1590/84/84 1589/83/83 1560/54/54
f 1586/80/80 1590/84/84 1587/81/81
f 1590/84/84 1560/54/54 1551/45/45
f 1587/81/81 1590/84/84 1551/45/45
f 1587/81/81 1551/45/45 1591/85/1519
f 1588/82/82 1587/81/81 1591/85/1519
f 1548/42/42 1591/85/1519 1551/45/45
f 1548/42/42 1592/86/1520 1591/85/1519
f 1550/44/44 1592/86/1520 1548/42/42
f 1593/87/87 1588/82/82 1591/85/1519
f 1594/88/88 1592/86/1520 1550/44/44
f 1594/88/88 1550/44/44 1540/34/34
f 1595/89/89 1591/85/1519 1592/86/1520
f 1592/86/1520 1594/88/88 1595/89/89
f 1595/89/89 1593/87/87 1591/85/1519
f 1596/90/1521 1594/88/88 1540/34/34
f 1596/90/1521 1595/89/89 1594/88/88
f 1597/91/91 1596/90/1521 1540/34/34
f 1598/92/92 1595/89/89 1596/90/1521
f 1598/92/92 1596/90/1521 1597/91/91
f 1598/92/92 1593/87/87 1595/89/89
f 1597/91/91 1540/34/34 1539/33/1512
f 1599/93/1522 1598/92/92 1597/91/91
f 1599/93/1522 1593/87/87 1598/92/92
f 1597/91/91 1539/33/1512 1600/94/1523
f 1599/93/1522 1597/91/91 1600/94/1523
f 1530/24/24 1600/94/1523 1539/33/1512
f 1599/93/1522 1600/94/1523 1601/95/1524
f 1599/93/1522 1601/95/1524 1602/96/1525
f 1603/97/1526 1601/95/1524 1600/94/1523
f 1599/93/1522 1602/96/1525 1604/98/1527
f 1604/98/1527 1593/87/87 1599/93/1522
f 1602/96/1525 1605/99/1528 1604/98/1527
f 1603/97/1526 1600/94/1523 1606/100/1529
f 1530/24/24 1606/100/1529 1600/94/1523
f 1606/100/1529 1607/101/1530 1603/97/1526
f 1608/102/1531 1607/101/1530 1606/100/1529
f 1609/103/1532 1604/98/1527 1605/99/1528
f 1604/98/1527 1610/104/104 1593/87/87
f 1593/87/87 1610/104/104 1588/82/82
f 1609/103/1532 1611/105/1533 1604/98/1527
f 1612/106/1534 1611/105/1533 1609/103/1532
f 1613/107/107 1610/104/104 1604/98/1527
f 1588/82/82 1610/104/104 1613/107/107
f 1613/107/107 1604/98/1527 1611/105/1533
f 1588/82/82 1613/107/107 1580/74/74
f 1612/106/1534 1614/108/1535 1611/105/1533
f 1614/108/1535 1613/107/107 1611/105/1533
f 1615/109/1536 1614/108/1535 1612/106/1534
f 1580/74/74 1613/107/107 1616/110/110
f 1614/108/1535 1616/110/110 1613/107/107
f 1615/109/1536 1617/111/1537 1614/108/1535
f 1617/111/1537 1616/110/110 1614/108/1535
f 1618/112/1538 1617/111/1537 1615/109/1536
f 1580/74/74 1616/110/110 1619/113/113
f 1617/111/1537 1619/113/113 1616/110/110
f 1580/74/74 1619/113/113 1575/69/69
f 1620/114/1539 1618/112/1538 1615/109/1536
f 1619/113/113 1617/111/1537 1621/115/1540
f 1618/112/1538 1621/115/1540 1617/111/1537
f 1619/113/113 1622/116/116 1575/69/69
f 1619/113/113 1621/115/1540 1622/116/116
f 1575/69/69 1622/116/116 1581/75/75
f 1621/115/1540 1623/117/1541 1622/116/116
f 1623/117/1541 1621/115/1540 1618/112/1538
f 1581/75/75 1622/116/116 1623/117/1541
f 1624/118/1542 1618/112/1538 1620/114/1539
f 1623/117/1541 1618/112/1538 1625/119/119
f 1623/117/1541 1625/119/119 1581/75/75
f 1624/118/1542 1625/119/119 1618/112/1538
f 1626/120/1543 1624/118/1542 1620/114/1539
f 1627/121/1544 1581/75/75 1625/119/119
f 1624/118/1542 1627/121/1544 1625/119/119
f 1627/121/1544 1628/122/122 1581/75/75
f 1581/75/75 1628/122/122 1579/73/73
f 1624/118/1542 1629/123/123 1627/121/1544
f 1626/120/1543 1630/124/1545 1624/118/1542
f 1629/123/123 1624/118/1542 1630/124/1545
f 1631/125/1546 1630/124/1545 1626/120/1543
f 1627/121/1544 1629/123/123 1632/126/126
f 1632/126/126 1628/122/122 1627/121/1544
f 1628/122/122 1633/127/1547 1579/73/73
f 1632/126/126 1633/127/1547 1628/122/122
f 1633/127/1547 1582/76/76 1579/73/73
f 1634/128/128 1632/126/126 1629/123/123
f 1629/123/123 1630/124/1545 1634/128/128
f 1632/126/126 1635/129/129 1633/127/1547
f 1633/127/1547 1635/129/129 1582/76/76
f 1634/128/128 1636/130/130 1632/126/126
f 1632/126/126 1636/130/130 1635/129/129
f 1634/128/128 1630/124/1545 1637/131/1548
f 1631/125/1546 1637/131/1548 1630/124/1545
f 1638/132/1549 1637/131/1548 1631/125/1546
f 1639/133/1550 1638/132/1549 1631/125/1546
f 1640/134/1551 1638/132/1549 1639/133/1550
f 1637/131/1548 1638/132/1549 1640/134/1551
f 1640/134/1551 1639/133/1550 1641/135/1552
f 1634/128/128 1637/131/1548 1642/136/136
f 1637/131/1548 1640/134/1551 1642/136/136
f 1642/136/136 1636/130/130 1634/128/128
f 1636/130/130 1642/136/136 1643/137/137
f 1636/130/130 1643/137/137 1635/129/129
f 1644/138/1553 1642/136/136 1640/134/1551
f 1644/138/1553 1643/137/137 1642/136/136
f 1643/137/137 1645/139/1554 1635/129/129
f 1644/138/1553 1645/139/1554 1643/137/137
f 1582/76/76 1635/129/129 1645/139/1554
f 1646/140/1555 1644/138/1553 1640/134/1551
f 1646/140/1555 1640/134/1551 1641/135/1552
f 1582/76/76 1645/139/1554 1576/70/70
f 1644/138/1553 1647/141/1556 1645/139/1554
f 1646/140/1555 1647/141/1556 1644/138/1553
f 1648/142/1557 1576/70/70 1645/139/1554
f 1648/142/1557 1649/143/143 1576/70/70
f 1650/144/144 1645/139/1554 1647/141/1556
f 1650/144/144 1648/142/1557 1645/139/1554
f 1650/144/144 1647/141/1556 1651/145/145
f 1646/140/1555 1651/145/145 1647/141/1556
f 1652/146/146 1648/142/1557 1650/144/144
f 1652/146/146 1649/143/143 1648/142/1557
f 1650/144/144 1651/145/145 1653/147/1558
f 1652/146/146 1650/144/144 1653/147/1558
f 1654/148/148 1651/145/145 1646/140/1555
f 1653/147/1558 1651/145/145 1654/148/148
f 1649/143/143 1655/149/149 1576/70/70
f 1655/149/149 1649/143/143 1652/146/146
f 1568/62/62 1576/70/70 1655/149/149
f 1568/62/62 1655/149/149 1572/66/66
f 1655/149/149 1652/146/146 1656/150/150
f 1652/146/146 1653/147/1558 1657/151/151
f 1657/151/151 1656/150/150 1652/146/146
f 1658/152/152 1657/151/151 1653/147/1558
f 1653/147/1558 1654/148/148 1658/152/152
f 1657/151/151 1659/153/153 1656/150/150
f 1656/150/150 1660/154/154 1655/149/149
f 1656/150/150 1659/153/153 1660/154/154
f 1661/155/155 1659/153/153 1657/151/151
f 1658/152/152 1661/155/155 1657/151/151
f 1660/154/154 1659/153/153 1662/156/1559
f 1661/155/155 1662/156/1559 1659/153/153
f 1655/149/149 1660/154/154 1663/157/157
f 1655/149/149 1663/157/157 1572/66/66
f 1662/156/1559 1664/158/158 1660/154/154
f 1664/158/158 1662/156/1559 1661/155/155
f 1660/154/154 1665/159/1560 1663/157/157
f 1660/154/154 1664/158/158 1665/159/1560
f 1666/160/160 1663/157/157 1665/159/1560
f 1665/159/1560 1664/158/158 1666/160/160
f 1663/157/157 1667/161/161 1572/66/66
f 1661/155/155 1668/162/1561 1664/158/158
f 1666/160/160 1669/163/163 1663/157/157
f 1669/163/163 1667/161/161 1663/157/157
f 1667/161/161 1670/164/164 1572/66/66
f 1671/165/165 1669/163/163 1666/160/160
f 1570/64/64 1572/66/66 1670/164/164
f 1669/163/163 1672/166/166 1667/161/161
f 1671/165/165 1673/167/167 1669/163/163
f 1672/166/166 1669/163/163 1673/167/167
f 1674/168/1562 1667/161/161 1672/166/166
f 1667/161/161 1674/168/1562 1670/164/164
f 1672/166/166 1673/167/167 1675/169/169
f 1674/168/1562 1672/166/166 1676/170/1563
f 1676/170/1563 1672/166/166 1675/169/169
f 1674/168/1562 1677/171/171 1670/164/164
f 1677/171/171 1674/168/1562 1676/170/1563
f 1677/171/171 1676/170/1563 1678/172/1564
f 1676/170/1563 1675/169/169 1679/173/173
f 1679/173/173 1678/172/1564 1676/170/1563
f 1675/169/169 1680/174/174 1679/173/173
f 1679/173/173 1681/175/175 1678/172/1564
f 1673/167/167 1682/176/176 1675/169/169
f 1675/169/169 1682/176/176 1680/174/174
f 1683/177/177 1682/176/176 1673/167/167
f 1683/177/177 1673/167/167 1671/165/165
f 1678/172/1564 1681/175/175 1684/178/178
f 1677/171/171 1678/172/1564 1684/178/178
f 1685/179/179 1681/175/175 1679/173/173
f 1685/179/179 1679/173/173 1680/174/174
f 1684/178/178 1681/175/175 1685/179/179
f 1686/180/180 1683/177/177 1671/165/165
f 1686/180/180 1671/165/165 1666/160/160
f 1687/181/1565 1683/177/177 1686/180/180
f 1686/180/180 1666/160/160 1688/182/1566
f 1688/182/1566 1666/160/160 1664/158/158
f 1688/182/1566 1664/158/158 1668/162/1561
f 1689/183/183 1686/180/180 1688/182/1566
f 1687/181/1565 1686/180/180 1689/183/183
f 1690/184/1567 1688/182/1566 1668/162/1561
f 1689/183/183 1688/182/1566 1690/184/1567
f 1691/185/185 1687/181/1565 1689/183/183
f 1692/186/186 1683/177/177 1687/181/1565
f 1682/176/176 1683/177/177 1692/186/186
f 1682/176/176 1692/186/186 1693/187/187
f 1693/187/187 1680/174/174 1682/176/176
f 1692/186/186 1687/181/1565 1694/188/1568
f 1695/189/1569 1693/187/187 1692/186/186
f 1695/189/1569 1692/186/186 1694/188/1568
f 1693/187/187 1696/190/190 1680/174/174
f 1696/190/190 1693/187/187 1695/189/1569
f 1696/190/190 1697/191/191 1680/174/174
f 1697/191/191 1685/179/179 1680/174/174
f 1696/190/190 1695/189/1569 1698/192/1570
f 1699/193/193 1685/179/179 1697/191/191
f 1684/178/178 1685/179/179 1699/193/193
f 1696/190/190 1700/194/194 1697/191/191
f 1696/190/190 1698/192/1570 1701/195/195
f 1696/190/190 1701/195/195 1700/194/194
f 1699/193/193 1697/191/191 1702/196/196
f 1697/191/191 1700/194/194 1702/196/196
f 1699/193/193 1703/197/1571 1684/178/178
f 1704/198/198 1700/194/194 1701/195/195
f 1702/196/196 1700/194/194 1704/198/198
f 1705/199/199 1699/193/193 1702/196/196
f 1699/193/193 1705/199/199 1703/197/1571
f 1705/199/199 1702/196/196 1706/200/1572
f 1703/197/1571 1705/199/199 1707/201/201
f 1707/201/201 1705/199/199 1706/200/1572
f 1708/202/202 1706/200/1572 1702/196/196
f 1702/196/196 1704/198/198 1708/202/202
f 1708/202/202 1709/203/203 1706/200/1572
f 1710/204/1573 1708/202/202 1704/198/198
f 1711/205/205 1709/203/203 1708/202/202
f 1710/204/1573 1711/205/205 1708/202/202
f 1706/200/1572 1709/203/203 1712/206/1574
f 1707/201/201 1706/200/1572 1712/206/1574
f 1711/205/205 1713/207/207 1709/203/203
f 1713/207/207 1712/206/1574 1709/203/203
f 1711/205/205 1710/204/1573 1714/208/1575
f 1714/208/1575 1713/207/207 1711/205/205
f 1704/198/198 1715/209/1576 1710/204/1573
f 1715/209/1576 1716/210/1577 1710/204/1573
f 1717/211/1578 1710/204/1573 1716/210/1577
f 1717/211/1578 1714/208/1575 1710/204/1573
f 1715/209/1576 1718/212/1579 1716/210/1577
f 1717/211/1578 1719/213/1580 1714/208/1575
f 1704/198/198 1720/214/1581 1715/209/1576
f 1720/214/1581 1718/212/1579 1715/209/1576
f 1714/208/1575 1719/213/1580 1721/215/1582
f 1704/198/198 1701/195/195 1720/214/1581
f 1720/214/1581 1722/216/1583 1718/212/1579
f 1714/208/1575 1721/215/1582 1723/217/1584
f 1724/218/1585 1722/216/1583 1720/214/1581
f 1725/219/1586 1723/217/1584 1721/215/1582
f 1724/218/1585 1726/220/1587 1722/216/1583
f 1701/195/195 1727/221/1588 1720/214/1581
f 1724/218/1585 1720/214/1581 1727/221/1588
f 1701/195/195 1728/222/1589 1727/221/1588
f 1698/192/1570 1728/222/1589 1701/195/195
f 1729/223/1590 1724/218/1585 1727/221/1588
f 1727/221/1588 1728/222/1589 1729/223/1590
f 1698/192/1570 1730/224/224 1728/222/1589
f 1729/223/1590 1728/222/1589 1730/224/224
f 1695/189/1569 1730/224/224 1698/192/1570
f 1729/223/1590 1730/224/224 1731/225/1591
f 1695/189/1569 1732/226/226 1730/224/224
f 1731/225/1591 1730/224/224 1732/226/226
f 1695/189/1569 1694/188/1568 1732/226/226
f 1732/226/226 1733/227/227 1731/225/1591
f 1729/223/1590 1731/225/1591 1733/227/227
f 1732/226/226 1694/188/1568 1733/227/227
f 1734/228/228 1729/223/1590 1733/227/227
f 1729/223/1590 1734/228/228 1724/218/1585
f 1734/228/228 1735/229/1592 1724/218/1585
f 1724/218/1585 1735/229/1592 1726/220/1587
f 1726/220/1587 1735/229/1592 1736/230/1593
f 1736/230/1593 1735/229/1592 1734/228/228
f 1726/220/1587 1736/230/1593 1737/231/1594
f 1733/227/227 1738/232/232 1734/228/228
f 1736/230/1593 1734/228/228 1738/232/232
f 1737/231/1594 1736/230/1593 1739/233/1595
f 1738/232/232 1739/233/1595 1736/230/1593
f 1737/231/1594 1739/233/1595 1740/234/1596
f 1738/232/232 1733/227/227 1741/235/1597
f 1738/232/232 1741/235/1597 1739/233/1595
f 1741/235/1597 1733/227/227 1694/188/1568
f 1742/236/1598 1740/234/1596 1739/233/1595
f 1742/236/1598 1739/233/1595 1741/235/1597
f 1742/236/1598 1743/237/1599 1740/234/1596
f 1741/235/1597 1694/188/1568 1744/238/238
f 1742/236/1598 1741/235/1597 1744/238/238
f 1687/181/1565 1744/238/238 1694/188/1568
f 1691/185/185 1744/238/238 1687/181/1565
f 1742/236/1598 1744/238/238 1691/185/185
f 1745/239/1600 1743/237/1599 1742/236/1598
f 1745/239/1600 1742/236/1598 1691/185/185
f 1745/239/1600 1746/240/1601 1743/237/1599
f 1745/239/1600 1691/185/185 1747/241/241
f 1745/239/1600 1748/242/1602 1746/240/1601
f 1691/185/185 1749/243/243 1747/241/241
f 1749/243/243 1691/185/185 1689/183/183
f 1750/244/1603 1745/239/1600 1747/241/241
f 1750/244/1603 1748/242/1602 1745/239/1600
f 1751/245/245 1747/241/241 1749/243/243
f 1750/244/1603 1747/241/241 1751/245/245
f 1749/243/243 1689/183/183 1690/184/1567
f 1752/246/1604 1746/240/1601 1748/242/1602
f 1752/246/1604 1753/247/1605 1746/240/1601
f 1754/248/1606 1753/247/1605 1752/246/1604
f 1752/246/1604 1748/242/1602 1755/249/1607
f 1755/249/1607 1748/242/1602 1750/244/1603
f 1754/248/1606 1752/246/1604 1756/250/1608
f 1756/250/1608 1752/246/1604 1755/249/1607
f 1757/251/1609 1754/248/1606 1756/250/1608
f 1755/249/1607 1750/244/1603 1758/252/1610
f 1758/252/1610 1750/244/1603 1751/245/245
f 1756/250/1608 1755/249/1607 1759/253/1611
f 1759/253/1611 1755/249/1607 1758/252/1610
f 1757/251/1609 1756/250/1608 1760/254/1612
f 1759/253/1611 1760/254/1612 1756/250/1608
f 1757/251/1609 1760/254/1612 1761/255/1613
f 1759/253/1611 1762/256/1614 1760/254/1612
f 1762/256/1614 1761/255/1613 1760/254/1612
f 1763/257/1615 1762/256/1614 1759/253/1611
f 1761/255/1613 1762/256/1614 1763/257/1615
f 1763/257/1615 1759/253/1611 1764/258/1616
f 1759/253/1611 1758/252/1610 1764/258/1616
f 1761/255/1613 1763/257/1615 1765/259/1617
f 1757/251/1609 1761/255/1613 1766/260/1618
f 1765/259/1617 1767/261/1619 1761/255/1613
f 1766/260/1618 1761/255/1613 1767/261/1619
f 1765/259/1617 1768/262/1620 1767/261/1619
f 1766/260/1618 1767/261/1619 1769/263/1621
f 1764/258/1616 1758/252/1610 1770/264/1622
f 1764/258/1616 1770/264/1622 1771/265/1623
f 1758/252/1610 1751/245/245 1770/264/1622
f 1770/264/1622 1751/245/245 1772/266/1624
f 1770/264/1622 1772/266/1624 1773/267/1625
f 1772/266/1624 1774/268/1626 1773/267/1625
f 1772/266/1624 1751/245/245 1775/269/268
f 1749/243/243 1775/269/268 1751/245/245
f 1775/269/268 1749/243/243 1690/184/1567
f 1772/266/1624 1776/270/1627 1774/268/1626
f 1777/271/1628 1774/268/1626 1776/270/1627
f 1772/266/1624 1775/269/268 1778/272/271
f 1778/272/271 1776/270/1627 1772/266/1624
f 1775/269/268 1690/184/1567 1779/273/272
f 1779/273/272 1778/272/271 1775/269/268
f 1779/273/272 1690/184/1567 1780/274/273
f 1781/275/274 1778/272/271 1779/273/272
f 1779/273/272 1780/274/273 1781/275/274
f 1690/184/1567 1668/162/1561 1780/274/273
f 1778/272/271 1782/276/275 1776/270/1627
f 1781/275/274 1782/276/275 1778/272/271
f 1776/270/1627 1782/276/275 1783/277/1629
f 1783/277/1629 1782/276/275 1781/275/274
f 1777/271/1628 1776/270/1627 1783/277/1629
f 1784/278/277 1780/274/273 1668/162/1561
f 1784/278/277 1668/162/1561 1661/155/155
f 1784/278/277 1661/155/155 1658/152/152
f 1784/278/277 1785/279/1630 1780/274/273
f 1781/275/274 1780/274/273 1785/279/1630
f 1786/280/1631 1784/278/277 1658/152/152
f 1786/280/1631 1785/279/1630 1784/278/277
f 1786/280/1631 1658/152/152 1654/148/148
f 1781/275/274 1785/279/1630 1787/281/1632
f 1787/281/1632 1785/279/1630 1786/280/1631
f 1787/281/1632 1783/277/1629 1781/275/274
f 1654/148/148 1788/282/1633 1786/280/1631
f 1786/280/1631 1789/283/282 1787/281/1632
f 1786/280/1631 1788/282/1633 1789/283/282
f 1654/148/148 1790/284/1634 1788/282/1633
f 1790/284/1634 1789/283/282 1788/282/1633
f 1790/284/1634 1654/148/148 1646/140/1555
f 1787/281/1632 1791/285/1635 1783/277/1629
f 1789/283/282 1791/285/1635 1787/281/1632
f 1777/271/1628 1783/277/1629 1791/285/1635
f 1777/271/1628 1791/285/1635 1792/286/1636
f 1792/286/1636 1791/285/1635 1793/287/1637
f 1789/283/282 1794/288/287 1791/285/1635
f 1791/285/1635 1795/289/1638 1793/287/1637
f 1791/285/1635 1794/288/287 1795/289/1638
f 1796/290/1639 1793/287/1637 1795/289/1638
f 1794/288/287 1789/283/282 1797/291/290
f 1794/288/287 1797/291/290 1795/289/1638
f 1790/284/1634 1797/291/290 1789/283/282
f 1796/290/1639 1795/289/1638 1798/292/1640
f 1795/289/1638 1797/291/290 1798/292/1640
f 1796/290/1639 1798/292/1640 1799/293/1641
f 1797/291/290 1790/284/1634 1800/294/1642
f 1797/291/290 1800/294/1642 1798/292/1640
f 1798/292/1640 1800/294/1642 1799/293/1641
f 1790/284/1634 1646/140/1555 1800/294/1642
f 1641/135/1552 1799/293/1641 1800/294/1642
f 1641/135/1552 1800/294/1642 1646/140/1555
f 1519/13/13 1801/295/294 1517/11/11
f 1517/11/11 1801/295/294 1802/296/1643
f 1517/11/11 1802/296/1643 1515/9/9
f 1803/297/296 1801/295/294 1519/13/13
f 1802/296/1643 1804/298/1644 1515/9/9
f 1805/299/1645 1803/297/296 1519/13/13
f 1805/299/1645 1519/13/13 1509/3/3
f 1802/296/1643 1801/295/294 1806/300/1646
f 1805/299/1645 1509/3/3 1807/301/300
f 1508/2/1505 1807/301/300 1509/3/3
f 1508/2/1505 1808/302/301 1807/301/300
f 1511/5/5 1808/302/301 1508/2/1505
f 1809/303/302 1805/299/1645 1807/301/300
f 1511/5/5 1810/304/303 1808/302/301
f 1537/31/31 1810/304/303 1511/5/5
f 1807/301/300 1808/302/301 1811/305/304
f 1809/303/302 1807/301/300 1811/305/304
f 1810/304/303 1812/306/1647 1808/302/301
f 1813/307/306 1808/302/301 1812/306/1647
f 1813/307/306 1811/305/304 1808/302/301
f 1810/304/303 1814/308/307 1812/306/1647
f 1815/309/1648 1810/304/303 1537/31/31
f 1815/309/1648 1814/308/307 1810/304/303
f 1814/308/307 1816/310/309 1812/306/1647
f 1813/307/306 1812/306/1647 1816/310/309
f 1814/308/307 1817/311/310 1816/310/309
f 1818/312/311 1814/308/307 1815/309/1648
f 1818/312/311 1817/311/310 1814/308/307
f 1537/31/31 1819/313/312 1815/309/1648
f 1819/313/312 1818/312/311 1815/309/1648
f 1537/31/31 1820/314/313 1819/313/312
f 1541/35/1513 1820/314/313 1537/31/31
f 1541/35/1513 1547/41/41 1820/314/313
f 1816/310/309 1817/311/310 1821/315/314
f 1821/315/314 1817/311/310 1818/312/311
f 1819/313/312 1822/316/315 1818/312/311
f 1821/315/314 1818/312/311 1822/316/315
f 1822/316/315 1819/313/312 1823/317/316
f 1823/317/316 1819/313/312 1820/314/313
f 1824/318/317 1822/316/315 1823/317/316
f 1821/315/314 1822/316/315 1824/318/317
f 1823/317/316 1820/314/313 1825/319/318
f 1547/41/41 1825/319/318 1820/314/313
f 1816/310/309 1821/315/314 1826/320/319
f 1813/307/306 1816/310/309 1826/320/319
f 1827/321/320 1826/320/319 1821/315/314
f 1826/320/319 1828/322/321 1813/307/306
f 1828/322/321 1826/320/319 1827/321/320
f 1811/305/304 1813/307/306 1828/322/321
f 1811/305/304 1828/322/321 1829/323/322
f 1829/323/322 1809/303/302 1811/305/304
f 1828/322/321 1827/321/320 1830/324/323
f 1830/324/323 1829/323/322 1828/322/321
f 1827/321/320 1821/315/314 1831/325/324
f 1821/315/314 1824/318/317 1831/325/324
f 1827/321/320 1832/326/1649 1830/324/323
f 1827/321/320 1833/327/1650 1832/326/1649
f 1833/327/1650 1827/321/320 1831/325/324
f 1830/324/323 1832/326/1649 1834/328/1651
f 1830/324/323 1834/328/1651 1829/323/322
f 1833/327/1650 1835/329/1652 1832/326/1649
f 1835/329/1652 1834/328/1651 1832/326/1649
f 1833/327/1650 1836/330/1653 1835/329/1652
f 1835/329/1652 1837/331/1654 1834/328/1651
f 1838/332/1655 1834/328/1651 1837/331/1654
f 1834/328/1651 1838/332/1655 1839/333/1656
f 1836/330/1653 1833/327/1650 1840/334/1657
f 1841/335/1658 1836/330/1653 1840/334/1657
f 1842/336/335 1840/334/1657 1833/327/1650
f 1842/336/335 1833/327/1650 1831/325/324
f 1841/335/1658 1840/334/1657 1843/337/1659
f 1840/334/1657 1842/336/335 1843/337/1659
f 1841/335/1658 1843/337/1659 1844/338/1660
f 1843/337/1659 1845/339/1661 1844/338/1660
f 1843/337/1659 1846/340/1662 1845/339/1661
f 1846/340/1662 1843/337/1659 1842/336/335
f 1845/339/1661 1846/340/1662 1847/341/1663
f 1842/336/335 1831/325/324 1848/342/1664
f 1842/336/335 1848/342/1664 1846/340/1662
f 1847/341/1663 1846/340/1662 1848/342/1664
f 1848/342/1664 1831/325/324 1824/318/317
f 1848/342/1664 1849/343/1665 1847/341/1663
f 1824/318/317 1850/344/1666 1848/342/1664
f 1848/342/1664 1850/344/1666 1849/343/1665
f 1824/318/317 1851/345/344 1850/344/1666
f 1824/318/317 1823/317/316 1851/345/344
f 1852/346/1667 1849/343/1665 1850/344/1666
f 1852/346/1667 1850/344/1666 1851/345/344
f 1852/346/1667 1853/347/1668 1849/343/1665
f 1854/348/1669 1853/347/1668 1852/346/1667
f 1851/345/344 1823/317/316 1825/319/318
f 1852/346/1667 1851/345/344 1825/319/318
f 1852/346/1667 1855/349/1670 1854/348/1669
f 1825/319/318 1856/350/1671 1852/346/1667
f 1852/346/1667 1856/350/1671 1855/349/1670
f 1825/319/318 1857/351/1672 1856/350/1671
f 1858/352/1673 1855/349/1670 1856/350/1671
f 1858/352/1673 1859/353/1674 1855/349/1670
f 1860/354/1675 1858/352/1673 1856/350/1671
f 1857/351/1672 1860/354/1675 1856/350/1671
f 1861/355/1676 1859/353/1674 1858/352/1673
f 1861/355/1676 1858/352/1673 1860/354/1675
f 1861/355/1676 1862/356/1677 1859/353/1674
f 1862/356/1677 1861/355/1676 1863/357/1678
f 1863/357/1678 1861/355/1676 1860/354/1675
f 1864/358/1679 1863/357/1678 1860/354/1675
f 1865/359/1680 1864/358/1679 1860/354/1675
f 1857/351/1672 1865/359/1680 1860/354/1675
f 1866/360/1681 1865/359/1680 1857/351/1672
f 1866/360/1681 1857/351/1672 1867/361/1682
f 1868/362/1683 1866/360/1681 1867/361/1682
f 1869/363/362 1857/351/1672 1825/319/318
f 1869/363/362 1867/361/1682 1857/351/1672
f 1547/41/41 1869/363/362 1825/319/318
f 1868/362/1683 1867/361/1682 1870/364/1684
f 1871/365/1685 1868/362/1683 1870/364/1684
f 1872/366/1686 1867/361/1682 1869/363/362
f 1547/41/41 1872/366/1686 1869/363/362
f 1872/366/1686 1870/364/1684 1867/361/1682
f 1547/41/41 1552/46/46 1872/366/1686
f 1871/365/1685 1870/364/1684 1873/367/1687
f 1870/364/1684 1872/366/1686 1873/367/1687
f 1874/368/1688 1871/365/1685 1873/367/1687
f 1872/366/1686 1552/46/46 1556/50/50
f 1875/369/368 1873/367/1687 1872/366/1686
f 1872/366/1686 1556/50/50 1875/369/368
f 1874/368/1688 1873/367/1687 1876/370/1689
f 1875/369/368 1876/370/1689 1873/367/1687
f 1874/368/1688 1876/370/1689 1877/371/1690
f 1874/368/1688 1877/371/1690 1878/372/1691
f 1879/373/1692 1878/372/1691 1877/371/1690
f 1877/371/1690 1880/374/1693 1879/373/1692
f 1877/371/1690 1876/370/1689 1881/375/374
f 1875/369/368 1881/375/374 1876/370/1689
f 1877/371/1690 1882/376/1694 1880/374/1693
f 1881/375/374 1882/376/1694 1877/371/1690
f 1883/377/1695 1880/374/1693 1882/376/1694
f 1884/378/377 1881/375/374 1875/369/368
f 1881/375/374 1884/378/377 1882/376/1694
f 1883/377/1695 1882/376/1694 1885/379/1696
f 1884/378/377 1885/379/1696 1882/376/1694
f 1885/379/1696 1725/219/1586 1883/377/1695
f 1884/378/377 1875/369/368 1886/380/379
f 1556/50/50 1886/380/379 1875/369/368
f 1884/378/377 1887/381/380 1885/379/1696
f 1887/381/380 1884/378/377 1886/380/379
f 1885/379/1696 1888/382/1697 1725/219/1586
f 1887/381/380 1888/382/1697 1885/379/1696
f 1725/219/1586 1888/382/1697 1723/217/1584
f 1887/381/380 1889/383/382 1888/382/1697
f 1886/380/379 1889/383/382 1887/381/380
f 1723/217/1584 1888/382/1697 1889/383/382
f 1556/50/50 1890/384/383 1886/380/379
f 1556/50/50 1558/52/52 1890/384/383
f 1890/384/383 1558/52/52 1562/56/56
f 1890/384/383 1891/385/384 1886/380/379
f 1886/380/379 1891/385/384 1889/383/382
f 1890/384/383 1562/56/56 1892/386/1698
f 1890/384/383 1892/386/1698 1891/385/384
f 1893/387/386 1892/386/1698 1562/56/56
f 1569/63/63 1893/387/386 1562/56/56
f 1723/217/1584 1889/383/382 1894/388/387
f 1894/388/387 1889/383/382 1891/385/384
f 1894/388/387 1895/389/388 1723/217/1584
f 1714/208/1575 1723/217/1584 1895/389/388
f 1714/208/1575 1895/389/388 1713/207/207
f 1569/63/63 1896/390/389 1893/387/386
f 1570/64/64 1896/390/389 1569/63/63
f 1894/388/387 1897/391/390 1895/389/388
f 1897/391/390 1713/207/207 1895/389/388
f 1894/388/387 1891/385/384 1898/392/391
f 1897/391/390 1894/388/387 1898/392/391
f 1892/386/1698 1898/392/391 1891/385/384
f 1897/391/390 1899/393/392 1713/207/207
f 1713/207/207 1899/393/392 1712/206/1574
f 1897/391/390 1898/392/391 1900/394/393
f 1900/394/393 1899/393/392 1897/391/390
f 1892/386/1698 1901/395/1699 1898/392/391
f 1900/394/393 1898/392/391 1901/395/1699
f 1893/387/386 1901/395/1699 1892/386/1698
f 1902/396/1700 1712/206/1574 1899/393/392
f 1903/397/396 1901/395/1699 1893/387/386
f 1896/390/389 1903/397/396 1893/387/386
f 1900/394/393 1901/395/1699 1904/398/397
f 1903/397/396 1904/398/397 1901/395/1699
f 1900/394/393 1905/399/398 1899/393/392
f 1905/399/398 1900/394/393 1904/398/397
f 1905/399/398 1902/396/1700 1899/393/392
f 1712/206/1574 1902/396/1700 1707/201/201
f 1896/390/389 1906/400/399 1903/397/396
f 1906/400/399 1896/390/389 1570/64/64
f 1904/398/397 1903/397/396 1907/401/400
f 1906/400/399 1907/401/400 1903/397/396
f 1907/401/400 1908/402/401 1904/398/397
f 1905/399/398 1904/398/397 1908/402/401
f 1906/400/399 1570/64/64 1909/403/1701
f 1570/64/64 1670/164/164 1909/403/1701
f 1906/400/399 1910/404/403 1907/401/400
f 1906/400/399 1909/403/1701 1910/404/403
f 1670/164/164 1911/405/404 1909/403/1701
f 1911/405/404 1910/404/403 1909/403/1701
f 1677/171/171 1911/405/404 1670/164/164
f 1684/178/178 1911/405/404 1677/171/171
f 1684/178/178 1912/406/405 1911/405/404
f 1912/406/405 1910/404/403 1911/405/404
f 1912/406/405 1684/178/178 1703/197/1571
f 1910/404/403 1913/407/406 1907/401/400
f 1912/406/405 1913/407/406 1910/404/403
f 1908/402/401 1907/401/400 1913/407/406
f 1912/406/405 1703/197/1571 1914/408/407
f 1914/408/407 1913/407/406 1912/406/405
f 1914/408/407 1703/197/1571 1707/201/201
f 1915/409/1702 1908/402/401 1913/407/406
f 1914/408/407 1915/409/1702 1913/407/406
f 1915/409/1702 1916/410/409 1908/402/401
f 1917/411/1703 1915/409/1702 1914/408/407
f 1917/411/1703 1916/410/409 1915/409/1702
f 1707/201/201 1917/411/1703 1914/408/407
f 1916/410/409 1905/399/398 1908/402/401
f 1707/201/201 1918/412/1704 1917/411/1703
f 1902/396/1700 1918/412/1704 1707/201/201
f 1916/410/409 1917/411/1703 1919/413/412
f 1916/410/409 1919/413/412 1905/399/398
f 1920/414/413 1917/411/1703 1918/412/1704
f 1920/414/413 1919/413/412 1917/411/1703
f 1902/396/1700 1920/414/413 1918/412/1704
f 1905/399/398 1919/413/412 1920/414/413
f 1905/399/398 1920/414/413 1902/396/1700
f 1921/415/414 1515/9/9 1804/298/1644
f 1516/10/10 1515/9/9 1921/415/414
f 1921/415/414 1922/416/1705 1516/10/10
f 1521/15/15 1516/10/10 1922/416/1705
f 1923/417/1706 1922/416/1705 1921/415/414
f 1922/416/1705 1924/418/1707 1521/15/15
f 1527/21/1508 1521/15/15 1924/418/1707
f 1922/416/1705 1925/419/1708 1924/418/1707
f 1924/418/1707 1926/420/1709 1527/21/1508
f 1925/419/1708 1922/416/1705 1927/421/1710
f 1923/417/1706 1927/421/1710 1922/416/1705
f 1924/418/1707 1925/419/1708 1928/422/421
f 1924/418/1707 1928/422/421 1926/420/1709
f 1926/420/1709 1529/23/1509 1527/21/1508
f 1929/423/1711 1928/422/421 1925/419/1708
f 1925/419/1708 1927/421/1710 1929/423/1711
f 1930/424/1712 1926/420/1709 1928/422/421
f 1927/421/1710 1931/425/1713 1929/423/1711
f 1927/421/1710 1932/426/1714 1931/425/1713
f 1927/421/1710 1933/427/1715 1932/426/1714
f 1933/427/1715 1927/421/1710 1923/417/1706
f 1929/423/1711 1931/425/1713 1934/428/1716
f 1933/427/1715 1923/417/1706 1935/429/1717
f 1929/423/1711 1936/430/1718 1928/422/421
f 1929/423/1711 1934/428/1716 1936/430/1718
f 1930/424/1712 1928/422/421 1936/430/1718
f 1937/431/1719 1936/430/1718 1934/428/1716
f 1937/431/1719 1930/424/1712 1936/430/1718
f 1938/432/1720 1930/424/1712 1937/431/1719
f 1938/432/1720 1937/431/1719 1939/433/1721
f 1940/434/433 1926/420/1709 1930/424/1712
f 1940/434/433 1930/424/1712 1938/432/1720
f 1926/420/1709 1940/434/433 1529/23/1509
f 1939/433/1721 1941/435/1722 1938/432/1720
f 1941/435/1722 1940/434/433 1938/432/1720
f 1939/433/1721 1608/102/1531 1941/435/1722
f 1608/102/1531 1606/100/1529 1941/435/1722
f 1941/435/1722 1942/436/435 1940/434/433
f 1529/23/1509 1940/434/433 1942/436/435
f 1606/100/1529 1942/436/435 1941/435/1722
f 1529/23/1509 1942/436/435 1530/24/24
f 1606/100/1529 1530/24/24 1942/436/435
f 1943/437/436 1944/438/437 1945/439/438
f 1946/440/439 1944/438/437 1943/437/436
f 1947/441/440 1945/439/438 1944/438/437
f 1943/437/436 1948/442/441 1946/440/439
f 1944/438/437 1949/443/442 1947/441/440
f 1950/444/443 1949/443/442 1944/438/437
f 1946/440/439 1950/444/443 1944/438/437
f 1951/445/444 1947/441/440 1949/443/442
f 1952/446/1723 1950/444/443 1946/440/439
f 1953/447/446 1947/441/440 1951/445/444
f 1947/441/440 1953/447/446 1945/439/438
f 1954/448/447 1950/444/443 1952/446/1723
f 1950/444/443 1954/448/447 1949/443/442
f 1952/446/1723 1946/440/439 1955/449/448
f 1953/447/446 1951/445/444 1803/297/296
f 1803/297/296 1951/445/444 1801/295/294
f 1951/445/444 1956/450/449 1801/295/294
f 1951/445/444 1949/443/442 1956/450/449
f 1806/300/1646 1801/295/294 1956/450/449
f 1949/443/442 1957/451/1724 1956/450/449
f 1949/443/442 1958/452/451 1957/451/1724
f 1949/443/442 1954/448/447 1958/452/451
f 1956/450/449 1957/451/1724 1959/453/452
f 1958/452/451 1960/454/453 1957/451/1724
f 1958/452/451 1954/448/447 1960/454/453
f 1960/454/453 1959/453/452 1957/451/1724
f 1806/300/1646 1956/450/449 1961/455/454
f 1956/450/449 1959/453/452 1961/455/454
f 1962/456/1725 1960/454/453 1954/448/447
f 1959/453/452 1960/454/453 1963/457/456
f 1962/456/1725 1963/457/456 1960/454/453
f 1959/453/452 1963/457/456 1964/458/457
f 1965/459/458 1962/456/1725 1954/448/447
f 1965/459/458 1954/448/447 1952/446/1723
f 1962/456/1725 1966/460/459 1963/457/456
f 1965/459/458 1966/460/459 1962/456/1725
f 1963/457/456 1966/460/459 1964/458/457
f 1967/461/460 1965/459/458 1952/446/1723
f 1959/453/452 1964/458/457 1968/462/1726
f 1966/460/459 1968/462/1726 1964/458/457
f 1969/463/462 1966/460/459 1965/459/458
f 1966/460/459 1969/463/462 1968/462/1726
f 1969/463/462 1965/459/458 1967/461/460
f 1959/453/452 1968/462/1726 1961/455/454
f 1967/461/460 1952/446/1723 1955/449/448
f 1970/464/1727 1968/462/1726 1969/463/462
f 1968/462/1726 1971/465/464 1961/455/454
f 1970/464/1727 1972/466/465 1968/462/1726
f 1968/462/1726 1972/466/465 1971/465/464
f 1973/467/1728 1972/466/465 1970/464/1727
f 1973/467/1728 1971/465/464 1972/466/465
f 1969/463/462 1974/468/467 1970/464/1727
f 1969/463/462 1967/461/460 1975/469/468
f 1969/463/462 1975/469/468 1974/468/467
f 1975/469/468 1967/461/460 1976/470/469
f 1977/471/470 1976/470/469 1967/461/460
f 1977/471/470 1967/461/460 1955/449/448
f 1978/472/1729 1975/469/468 1976/470/469
f 1979/473/1730 1974/468/467 1975/469/468
f 1978/472/1729 1979/473/1730 1975/469/468
f 1980/474/1731 1970/464/1727 1974/468/467
f 1979/473/1730 1980/474/1731 1974/468/467
f 1980/474/1731 1981/475/1732 1970/464/1727
f 1973/467/1728 1970/464/1727 1981/475/1732
f 1980/474/1731 1979/473/1730 1982/476/1733
f 1981/475/1732 1980/474/1731 1983/477/1734
f 1980/474/1731 1982/476/1733 1983/477/1734
f 1981/475/1732 1983/477/1734 1984/478/1735
f 1973/467/1728 1981/475/1732 1984/478/1735
f 1973/467/1728 1984/478/1735 1985/479/1736
f 1986/480/1737 1973/467/1728 1985/479/1736
f 1979/473/1730 1987/481/1738 1982/476/1733
f 1979/473/1730 1978/472/1729 1987/481/1738
f 1988/482/1739 1982/476/1733 1987/481/1738
f 1986/480/1737 1989/483/1740 1973/467/1728
f 1986/480/1737 1935/429/1717 1989/483/1740
f 1973/467/1728 1989/483/1740 1971/465/464
f 1923/417/1706 1989/483/1740 1935/429/1717
f 1990/484/1741 1988/482/1739 1987/481/1738
f 1990/484/1741 1991/485/1742 1988/482/1739
f 1987/481/1738 1978/472/1729 1992/486/485
f 1978/472/1729 1976/470/469 1992/486/485
f 1987/481/1738 1992/486/485 1993/487/486
f 1990/484/1741 1987/481/1738 1993/487/486
f 1977/471/470 1992/486/485 1976/470/469
f 1992/486/485 1977/471/470 1993/487/486
f 1994/488/487 1990/484/1741 1993/487/486
f 1977/471/470 1994/488/487 1993/487/486
f 1990/484/1741 1995/489/1743 1991/485/1742
f 1995/489/1743 1996/490/1744 1991/485/1742
f 1994/488/487 1997/491/490 1990/484/1741
f 1995/489/1743 1990/484/1741 1997/491/490
f 1994/488/487 1998/492/491 1997/491/490
f 1977/471/470 1999/493/1745 1994/488/487
f 1999/493/1745 1998/492/491 1994/488/487
f 2000/494/493 1999/493/1745 1977/471/470
f 2000/494/493 1977/471/470 1955/449/448
f 1999/493/1745 2000/494/493 2001/495/494
f 1999/493/1745 2001/495/494 1998/492/491
f 2002/496/495 2000/494/493 1955/449/448
f 2002/496/495 1955/449/448 1946/440/439
f 2003/497/1746 2001/495/494 2000/494/493
f 2000/494/493 2002/496/495 2003/497/1746
f 1948/442/441 2002/496/495 1946/440/439
f 2003/497/1746 2004/498/497 2001/495/494
f 2004/498/497 1998/492/491 2001/495/494
f 2005/499/498 2003/497/1746 2002/496/495
f 2005/499/498 2002/496/495 1948/442/441
f 2006/500/499 2004/498/497 2003/497/1746
f 2006/500/499 2003/497/1746 2005/499/498
f 2004/498/497 2007/501/1747 1998/492/491
f 2008/502/1748 2007/501/1747 2004/498/497
f 2008/502/1748 2004/498/497 2006/500/499
f 1998/492/491 2007/501/1747 2009/503/502
f 1998/492/491 2009/503/502 1997/491/490
f 1995/489/1743 1997/491/490 2009/503/502
f 2010/504/503 2009/503/502 2007/501/1747
f 2008/502/1748 2010/504/503 2007/501/1747
f 2011/505/1749 1995/489/1743 2009/503/502
f 2011/505/1749 2009/503/502 2010/504/503
f 1995/489/1743 2011/505/1749 1996/490/1744
f 2012/506/1750 1996/490/1744 2011/505/1749
f 2013/507/1751 1996/490/1744 2012/506/1750
f 2014/508/1752 2012/506/1750 2011/505/1749
f 2013/507/1751 2012/506/1750 2014/508/1752
f 2014/508/1752 2011/505/1749 2010/504/503
f 2013/507/1751 2014/508/1752 2015/509/1753
f 2010/504/503 2008/502/1748 2016/510/509
f 2010/504/503 2016/510/509 2014/508/1752
f 2006/500/499 2016/510/509 2008/502/1748
f 2017/511/1754 2015/509/1753 2014/508/1752
f 2017/511/1754 2014/508/1752 2016/510/509
f 2006/500/499 2018/512/1755 2016/510/509
f 2018/512/1755 2017/511/1754 2016/510/509
f 2006/500/499 2019/513/512 2018/512/1755
f 2018/512/1755 2020/514/1756 2017/511/1754
f 2020/514/1756 2018/512/1755 2019/513/512
f 2015/509/1753 2017/511/1754 2021/515/1757
f 2015/509/1753 2021/515/1757 2022/516/1758
f 2023/517/516 2017/511/1754 2020/514/1756
f 2006/500/499 2024/518/517 2019/513/512
f 2005/499/498 2024/518/517 2006/500/499
f 2020/514/1756 2019/513/512 2025/519/518
f 2023/517/516 2020/514/1756 2025/519/518
f 2024/518/517 2026/520/519 2019/513/512
f 2025/519/518 2019/513/512 2026/520/519
f 2005/499/498 2027/521/520 2024/518/517
f 2024/518/517 2027/521/520 2026/520/519
f 2027/521/520 2005/499/498 2028/522/521
f 2026/520/519 2027/521/520 2028/522/521
f 2028/522/521 2005/499/498 1948/442/441
f 2025/519/518 2026/520/519 2029/523/522
f 2026/520/519 2028/522/521 2030/524/1759
f 2030/524/1759 2029/523/522 2026/520/519
f 2029/523/522 2031/525/524 2025/519/518
f 2023/517/516 2025/519/518 2031/525/524
f 2030/524/1759 2032/526/525 2029/523/522
f 2033/527/526 2030/524/1759 2028/522/521
f 2033/527/526 2032/526/525 2030/524/1759
f 2029/523/522 2034/528/1760 2031/525/524
f 2034/528/1760 2029/523/522 2032/526/525
f 2033/527/526 2035/529/1761 2032/526/525
f 2034/528/1760 2032/526/525 2035/529/1761
f 2035/529/1761 2033/527/526 2036/530/1762
f 2036/530/1762 2034/528/1760 2035/529/1761
f 2037/531/1763 2033/527/526 2028/522/521
f 2038/532/531 2036/530/1762 2033/527/526
f 2038/532/531 2033/527/526 2037/531/1763
f 2038/532/531 2039/533/1764 2036/530/1762
f 2037/531/1763 2039/533/1764 2038/532/531
f 2037/531/1763 2028/522/521 2040/534/533
f 2028/522/521 1948/442/441 2040/534/533
f 2034/528/1760 2036/530/1762 2041/535/534
f 2034/528/1760 2042/536/1765 2031/525/524
f 2034/528/1760 2041/535/534 2042/536/1765
f 2031/525/524 2042/536/1765 2043/537/536
f 2031/525/524 2043/537/536 2023/517/516
f 2044/538/537 2041/535/534 2036/530/1762
f 2044/538/537 2036/530/1762 2039/533/1764
f 2041/535/534 2044/538/537 2045/539/538
f 2046/540/539 2042/536/1765 2041/535/534
f 2041/535/534 2045/539/538 2046/540/539
f 2046/540/539 2047/541/1766 2042/536/1765
f 2043/537/536 2042/536/1765 2047/541/1766
f 2047/541/1766 2046/540/539 2048/542/541
f 2049/543/1767 2043/537/536 2047/541/1766
f 2047/541/1766 2048/542/541 2049/543/1767
f 2043/537/536 2049/543/1767 2050/544/543
f 2051/545/544 2023/517/516 2043/537/536
f 2043/537/536 2050/544/543 2051/545/544
f 2051/545/544 2052/546/1768 2023/517/516
f 2052/546/1768 2051/545/544 2050/544/543
f 2052/546/1768 2017/511/1754 2023/517/516
f 2052/546/1768 2021/515/1757 2017/511/1754
f 2052/546/1768 2050/544/543 2053/547/1769
f 2053/547/1769 2021/515/1757 2052/546/1768
f 2053/547/1769 2050/544/543 2054/548/547
f 2053/547/1769 2055/549/1770 2021/515/1757
f 2055/549/1770 2022/516/1758 2021/515/1757
f 2056/550/1771 2022/516/1758 2055/549/1770
f 2057/551/1772 2055/549/1770 2053/547/1769
f 2057/551/1772 2056/550/1771 2055/549/1770
f 2053/547/1769 2054/548/547 2057/551/1772
f 2057/551/1772 2058/552/1773 2056/550/1771
f 2059/553/1774 2054/548/547 2050/544/543
f 2059/553/1774 2057/551/1772 2054/548/547
f 2059/553/1774 2058/552/1773 2057/551/1772
f 2059/553/1774 2050/544/543 2049/543/1767
f 2060/554/1775 2058/552/1773 2059/553/1774
f 2061/555/1776 2060/554/1775 2059/553/1774
f 2049/543/1767 2062/556/1777 2059/553/1774
f 2061/555/1776 2059/553/1774 2062/556/1777
f 2049/543/1767 2048/542/541 2062/556/1777
f 2063/557/1778 2061/555/1776 2062/556/1777
f 2063/557/1778 2064/558/1779 2061/555/1776
f 2063/557/1778 2062/556/1777 2065/559/558
f 2062/556/1777 2048/542/541 2065/559/558
f 2064/558/1779 2063/557/1778 2066/560/1780
f 2066/560/1780 2063/557/1778 2065/559/558
f 2064/558/1779 2066/560/1780 2067/561/1781
f 2048/542/541 2068/562/1782 2065/559/558
f 2066/560/1780 2065/559/558 2068/562/1782
f 2069/563/1783 2067/561/1781 2066/560/1780
f 2048/542/541 2070/564/563 2068/562/1782
f 2070/564/563 2048/542/541 2046/540/539
f 2070/564/563 2046/540/539 2045/539/538
f 2070/564/563 2071/565/564 2068/562/1782
f 2066/560/1780 2068/562/1782 2071/565/564
f 2045/539/538 2071/565/564 2070/564/563
f 2069/563/1783 2066/560/1780 2072/566/1784
f 2066/560/1780 2071/565/564 2072/566/1784
f 2045/539/538 2073/567/566 2071/565/564
f 2073/567/566 2072/566/1784 2071/565/564
f 2074/568/567 2073/567/566 2045/539/538
f 2044/538/537 2074/568/567 2045/539/538
f 2072/566/1784 2073/567/566 2075/569/1785
f 2044/538/537 2076/570/1786 2074/568/567
f 2039/533/1764 2076/570/1786 2044/538/537
f 2074/568/567 2077/571/570 2073/567/566
f 2077/571/570 2075/569/1785 2073/567/566
f 2076/570/1786 2078/572/571 2074/568/567
f 2077/571/570 2074/568/567 2078/572/571
f 2039/533/1764 2079/573/572 2076/570/1786
f 2077/571/570 2080/574/1787 2075/569/1785
f 2081/575/574 2079/573/572 2039/533/1764
f 2037/531/1763 2081/575/574 2039/533/1764
f 2076/570/1786 2079/573/572 2082/576/575
f 2076/570/1786 2082/576/575 2078/572/571
f 2081/575/574 2083/577/1788 2079/573/572
f 2082/576/575 2079/573/572 2083/577/1788
f 2084/578/577 2081/575/574 2037/531/1763
f 2037/531/1763 2040/534/533 2084/578/577
f 2085/579/578 2083/577/1788 2081/575/574
f 2084/578/577 2085/579/578 2081/575/574
f 2082/576/575 2083/577/1788 2086/580/579
f 2087/581/580 2084/578/577 2040/534/533
f 2088/582/581 2085/579/578 2084/578/577
f 2087/581/580 2088/582/581 2084/578/577
f 2085/579/578 2089/583/1789 2083/577/1788
f 2083/577/1788 2089/583/1789 2086/580/579
f 2088/582/581 2090/584/583 2085/579/578
f 2090/584/583 2089/583/1789 2085/579/578
f 2091/585/584 2090/584/583 2088/582/581
f 2088/582/581 2087/581/580 2091/585/584
f 2090/584/583 2092/586/585 2089/583/1789
f 2093/587/586 2086/580/579 2089/583/1789
f 2093/587/586 2089/583/1789 2092/586/585
f 2092/586/585 2090/584/583 2094/588/1790
f 2091/585/584 2094/588/1790 2090/584/583
f 2092/586/585 2094/588/1790 2095/589/1791
f 2091/585/584 2096/590/589 2094/588/1790
f 2094/588/1790 2096/590/589 2095/589/1791
f 2097/591/590 2092/586/585 2095/589/1791
f 2097/591/590 2093/587/586 2092/586/585
f 2096/590/589 2097/591/590 2095/589/1791
f 2098/592/591 2086/580/579 2093/587/586
f 2098/592/591 2082/576/575 2086/580/579
f 2098/592/591 2093/587/586 2099/593/592
f 2098/592/591 2100/594/1792 2082/576/575
f 2100/594/1792 2078/572/571 2082/576/575
f 2101/595/1793 2100/594/1792 2098/592/591
f 2099/593/592 2101/595/1793 2098/592/591
f 2100/594/1792 2102/596/595 2078/572/571
f 2101/595/1793 2102/596/595 2100/594/1792
f 2078/572/571 2102/596/595 2103/597/596
f 2077/571/570 2078/572/571 2103/597/596
f 2103/597/596 2104/598/1794 2077/571/570
f 2102/596/595 2105/599/1795 2103/597/596
f 2103/597/596 2105/599/1795 2104/598/1794
f 2102/596/595 2106/600/1796 2105/599/1795
f 2101/595/1793 2107/601/600 2102/596/595
f 2106/600/1796 2102/596/595 2107/601/600
f 2077/571/570 2104/598/1794 2080/574/1787
f 2106/600/1796 2107/601/600 2108/602/601
f 2109/603/602 2107/601/600 2101/595/1793
f 2108/602/601 2107/601/600 2109/603/602
f 2110/604/1797 2106/600/1796 2108/602/601
f 2110/604/1797 2108/602/601 2109/603/602
f 2109/603/602 2101/595/1793 2111/605/604
f 2099/593/592 2111/605/604 2101/595/1793
f 2112/606/605 2109/603/602 2111/605/604
f 2110/604/1797 2109/603/602 2112/606/605
f 2113/607/606 2111/605/604 2099/593/592
f 2112/606/605 2111/605/604 2113/607/606
f 2114/608/607 2110/604/1797 2112/606/605
f 2113/607/606 2114/608/607 2112/606/605
f 2115/609/1798 2110/604/1797 2114/608/607
f 2113/607/606 2116/610/1799 2114/608/607
f 2115/609/1798 2114/608/607 2116/610/1799
f 2113/607/606 2099/593/592 2117/611/1800
f 2118/612/611 2113/607/606 2117/611/1800
f 2118/612/611 2116/610/1799 2113/607/606
f 2099/593/592 2119/613/612 2117/611/1800
f 2099/593/592 2093/587/586 2119/613/612
f 2119/613/612 2093/587/586 2097/591/590
f 2119/613/612 2120/614/613 2117/611/1800
f 2118/612/611 2117/611/1800 2120/614/613
f 2119/613/612 2097/591/590 2121/615/614
f 2119/613/612 2121/615/614 2120/614/613
f 2096/590/589 2121/615/614 2097/591/590
f 2120/614/613 2121/615/614 2122/616/615
f 2123/617/616 2121/615/614 2096/590/589
f 2123/617/616 2122/616/615 2121/615/614
f 2120/614/613 2122/616/615 2124/618/617
f 2123/617/616 2125/619/618 2122/616/615
f 2124/618/617 2122/616/615 2125/619/618
f 2124/618/617 2126/620/619 2120/614/613
f 2118/612/611 2120/614/613 2126/620/619
f 2124/618/617 2127/621/1801 2126/620/619
f 2126/620/619 2128/622/1802 2118/612/611
f 2124/618/617 2129/623/622 2127/621/1801
f 2124/618/617 2125/619/618 2129/623/622
f 2127/621/1801 2130/624/623 2126/620/619
f 2126/620/619 2130/624/623 2128/622/1802
f 2127/621/1801 2131/625/624 2130/624/623
f 2129/623/622 2131/625/624 2127/621/1801
f 2130/624/623 2132/626/1803 2128/622/1802
f 2131/625/624 2132/626/1803 2130/624/623
f 2118/612/611 2128/622/1802 2133/627/1804
f 2118/612/611 2133/627/1804 2116/610/1799
f 2134/628/1805 2133/627/1804 2128/622/1802
f 2134/628/1805 2135/629/1806 2133/627/1804
f 2135/629/1806 2116/610/1799 2133/627/1804
f 2136/630/1807 2134/628/1805 2128/622/1802
f 2132/626/1803 2136/630/1807 2128/622/1802
f 2135/629/1806 2137/631/1808 2116/610/1799
f 2132/626/1803 2138/632/1809 2136/630/1807
f 2115/609/1798 2116/610/1799 2137/631/1808
f 2132/626/1803 2139/633/1810 2138/632/1809
f 2140/634/1811 2115/609/1798 2137/631/1808
f 2132/626/1803 2141/635/1812 2139/633/1810
f 2140/634/1811 2142/636/1813 2115/609/1798
f 2141/635/1812 2143/637/1814 2139/633/1810
f 2144/638/1815 2142/636/1813 2140/634/1811
f 2144/638/1815 2140/634/1811 2145/639/1816
f 2146/640/639 2115/609/1798 2142/636/1813
f 2144/638/1815 2146/640/639 2142/636/1813
f 2115/609/1798 2146/640/639 2110/604/1797
f 2146/640/639 2106/600/1796 2110/604/1797
f 2106/600/1796 2146/640/639 2147/641/640
f 2144/638/1815 2147/641/640 2146/640/639
f 2147/641/640 2105/599/1795 2106/600/1796
f 2148/642/1817 2147/641/640 2144/638/1815
f 2148/642/1817 2105/599/1795 2147/641/640
f 2148/642/1817 2144/638/1815 2145/639/1816
f 2104/598/1794 2105/599/1795 2148/642/1817
f 2148/642/1817 2145/639/1816 2149/643/1818
f 2104/598/1794 2148/642/1817 2149/643/1818
f 2104/598/1794 2149/643/1818 2150/644/1819
f 2080/574/1787 2104/598/1794 2150/644/1819
f 2080/574/1787 2150/644/1819 2151/645/1820
f 2080/574/1787 2151/645/1820 2152/646/1821
f 2080/574/1787 2152/646/1821 2153/647/1822
f 2080/574/1787 2153/647/1822 2075/569/1785
f 2153/647/1822 2072/566/1784 2075/569/1785
f 2154/648/1823 2152/646/1821 2151/645/1820
f 2154/648/1823 2151/645/1820 2155/649/1824
f 2156/650/1825 2154/648/1823 2155/649/1824
f 2154/648/1823 2157/651/1826 2152/646/1821
f 2157/651/1826 2153/647/1822 2152/646/1821
f 2156/650/1825 2158/652/1827 2154/648/1823
f 2158/652/1827 2157/651/1826 2154/648/1823
f 2158/652/1827 2156/650/1825 2159/653/1828
f 2157/651/1826 2160/654/1829 2153/647/1822
f 2160/654/1829 2072/566/1784 2153/647/1822
f 2160/654/1829 2069/563/1783 2072/566/1784
f 2161/655/1830 2160/654/1829 2157/651/1826
f 2158/652/1827 2161/655/1830 2157/651/1826
f 2162/656/1831 2069/563/1783 2160/654/1829
f 2161/655/1830 2162/656/1831 2160/654/1829
f 2162/656/1831 2163/657/1832 2069/563/1783
f 2161/655/1830 2164/658/1833 2162/656/1831
f 2165/659/1834 2161/655/1830 2158/652/1827
f 2158/652/1827 2159/653/1828 2165/659/1834
f 2161/655/1830 2166/660/1835 2164/658/1833
f 2165/659/1834 2166/660/1835 2161/655/1830
f 2167/661/1836 2164/658/1833 2166/660/1835
f 2166/660/1835 2165/659/1834 2167/661/1836
f 2159/653/1828 2167/661/1836 2165/659/1834
f 2167/661/1836 2168/662/1837 2164/658/1833
f 2159/653/1828 2169/663/1838 2167/661/1836
f 2170/664/1839 2168/662/1837 2167/661/1836
f 2169/663/1838 2170/664/1839 2167/661/1836
f 2170/664/1839 2171/665/1840 2168/662/1837
f 2169/663/1838 2172/666/1841 2170/664/1839
f 1806/300/1646 1961/455/454 2173/667/666
f 1806/300/1646 2173/667/666 2174/668/667
f 1806/300/1646 2174/668/667 1802/296/1643
f 2175/669/1842 2173/667/666 1961/455/454
f 1802/296/1643 2174/668/667 1804/298/1644
f 2175/669/1842 1961/455/454 1971/465/464
f 2174/668/667 2173/667/666 2176/670/1843
f 2173/667/666 2175/669/1842 2176/670/1843
f 2174/668/667 2176/670/1843 1804/298/1644
f 2177/671/1844 2175/669/1842 1971/465/464
f 2177/671/1844 1971/465/464 1989/483/1740
f 2176/670/1843 2175/669/1842 2178/672/671
f 2178/672/671 2175/669/1842 2177/671/1844
f 2176/670/1843 2178/672/671 1804/298/1644
f 2177/671/1844 1989/483/1740 2179/673/672
f 2178/672/671 2177/671/1844 2179/673/672
f 2179/673/672 1804/298/1644 2178/672/671
f 1923/417/1706 2179/673/672 1989/483/1740
f 1921/415/414 1804/298/1644 2179/673/672
f 1921/415/414 2179/673/672 1923/417/1706
f 2091/585/584 2087/581/580 2180/674/1845
f 2096/590/589 2091/585/584 2180/674/1845
f 2087/581/580 2181/675/1846 2180/674/1845
f 2096/590/589 2180/674/1845 2182/676/675
f 2182/676/675 2123/617/616 2096/590/589
f 2087/581/580 2183/677/676 2181/675/1846
f 2184/678/677 2182/676/675 2180/674/1845
f 2180/674/1845 2181/675/1846 2184/678/677
f 2087/581/580 2040/534/533 2183/677/676
f 2182/676/675 2185/679/678 2123/617/616
f 2185/679/678 2125/619/618 2123/617/616
f 2186/680/679 2185/679/678 2182/676/675
f 2184/678/677 2186/680/679 2182/676/675
f 2187/681/680 2125/619/618 2185/679/678
f 2186/680/679 2188/682/1847 2185/679/678
f 2187/681/680 2185/679/678 2188/682/1847
f 2189/683/682 2188/682/1847 2186/680/679
f 2184/678/677 2190/684/1848 2186/680/679
f 2189/683/682 2186/680/679 2190/684/1848
f 2191/685/1849 2184/678/677 2181/675/1846
f 2190/684/1848 2184/678/677 2191/685/1849
f 2183/677/676 2191/685/1849 2181/675/1846
f 2189/683/682 2192/686/685 2188/682/1847
f 2187/681/680 2188/682/1847 2192/686/685
f 2192/686/685 2193/687/1850 2187/681/680
f 2194/688/687 2192/686/685 2189/683/682
f 2194/688/687 2193/687/1850 2192/686/685
f 2190/684/1848 2195/689/688 2189/683/682
f 2195/689/688 2194/688/687 2189/683/682
f 2190/684/1848 2191/685/1849 2196/690/689
f 2195/689/688 2190/684/1848 2196/690/689
f 2197/691/1851 2196/690/689 2191/685/1849
f 2183/677/676 2197/691/1851 2191/685/1849
f 2198/692/691 2195/689/688 2196/690/689
f 2197/691/1851 2199/693/692 2196/690/689
f 2198/692/691 2196/690/689 2199/693/692
f 2200/694/693 2197/691/1851 2183/677/676
f 2200/694/693 2199/693/692 2197/691/1851
f 2200/694/693 2183/677/676 2201/695/694
f 2201/695/694 2183/677/676 2040/534/533
f 2201/695/694 2040/534/533 1948/442/441
f 1943/437/436 2201/695/694 1948/442/441
f 1945/439/438 2201/695/694 1943/437/436
f 1945/439/438 2200/694/693 2201/695/694
f 2200/694/693 2202/696/695 2199/693/692
f 1945/439/438 2202/696/695 2200/694/693
f 2203/697/696 2199/693/692 2202/696/695
f 2203/697/696 2198/692/691 2199/693/692
f 1945/439/438 2204/698/697 2202/696/695
f 2204/698/697 1945/439/438 1953/447/446
f 2202/696/695 2205/699/698 2203/697/696
f 2202/696/695 2204/698/697 2205/699/698
f 2206/700/699 2198/692/691 2203/697/696
f 2204/698/697 1953/447/446 2207/701/700
f 2207/701/700 1953/447/446 1803/297/296
f 2204/698/697 2208/702/701 2205/699/698
f 2204/698/697 2207/701/700 2208/702/701
f 2207/701/700 1803/297/296 2209/703/702
f 1805/299/1645 2209/703/702 1803/297/296
f 2207/701/700 2209/703/702 2210/704/703
f 2210/704/703 2209/703/702 1805/299/1645
f 2207/701/700 2210/704/703 2208/702/701
f 2210/704/703 1805/299/1645 1809/303/302
f 2211/705/704 2205/699/698 2208/702/701
f 1809/303/302 2212/706/705 2210/704/703
f 2208/702/701 2210/704/703 2212/706/705
f 2213/707/706 2203/697/696 2205/699/698
f 2213/707/706 2205/699/698 2211/705/704
f 2206/700/699 2203/697/696 2213/707/706
f 2211/705/704 2208/702/701 2214/708/707
f 2208/702/701 2212/706/705 2214/708/707
f 2211/705/704 2215/709/708 2213/707/706
f 2216/710/709 2206/700/699 2213/707/706
f 2216/710/709 2213/707/706 2215/709/708
f 2211/705/704 2217/711/710 2215/709/708
f 2218/712/711 2206/700/699 2216/710/709
f 2217/711/710 2211/705/704 2219/713/712
f 2214/708/707 2219/713/712 2211/705/704
f 2220/714/1852 2215/709/708 2217/711/710
f 2215/709/708 2141/635/1812 2216/710/709
f 2215/709/708 2220/714/1852 2141/635/1812
f 2221/715/714 2216/710/709 2141/635/1812
f 2221/715/714 2218/712/711 2216/710/709
f 2132/626/1803 2221/715/714 2141/635/1812
f 2131/625/624 2221/715/714 2132/626/1803
f 2131/625/624 2218/712/711 2221/715/714
f 2141/635/1812 2220/714/1852 2143/637/1814
f 2220/714/1852 2217/711/710 2222/716/1853
f 2143/637/1814 2220/714/1852 2222/716/1853
f 2222/716/1853 2217/711/710 2219/713/712
f 2143/637/1814 2222/716/1853 2223/717/1854
f 2224/718/1855 2223/717/1854 2222/716/1853
f 2222/716/1853 2219/713/712 2224/718/1855
f 2224/718/1855 2225/719/1856 2223/717/1854
f 2225/719/1856 2224/718/1855 2226/720/1857
f 2225/719/1856 2226/720/1857 2227/721/1858
f 2227/721/1858 2226/720/1857 2228/722/1859
f 2226/720/1857 2229/723/1860 2228/722/1859
f 2224/718/1855 2219/713/712 2230/724/723
f 2224/718/1855 2230/724/723 2226/720/1857
f 2214/708/707 2230/724/723 2219/713/712
f 2226/720/1857 2230/724/723 2231/725/1861
f 2214/708/707 2231/725/1861 2230/724/723
f 2226/720/1857 2231/725/1861 2229/723/1860
f 2214/708/707 2232/726/1862 2231/725/1861
f 2232/726/1862 2229/723/1860 2231/725/1861
f 2232/726/1862 2233/727/1863 2229/723/1860
f 2214/708/707 2212/706/705 2232/726/1862
f 2234/728/1864 2233/727/1863 2232/726/1862
f 2234/728/1864 2232/726/1862 2212/706/705
f 2234/728/1864 2235/729/1865 2233/727/1863
f 2236/730/1866 2235/729/1865 2234/728/1864
f 2236/730/1866 2234/728/1864 2212/706/705
f 2236/730/1866 2237/731/1867 2235/729/1865
f 2238/732/1868 2237/731/1867 2236/730/1866
f 2236/730/1866 2212/706/705 2239/733/1869
f 2238/732/1868 2236/730/1866 2239/733/1869
f 1809/303/302 2239/733/1869 2212/706/705
f 1829/323/322 2239/733/1869 1809/303/302
f 2238/732/1868 2239/733/1869 1829/323/322
f 2238/732/1868 2240/734/1870 2237/731/1867
f 2241/735/1871 2240/734/1870 2238/732/1868
f 2240/734/1870 2241/735/1871 2242/736/1872
f 2243/737/1873 2238/732/1868 1829/323/322
f 2241/735/1871 2238/732/1868 2243/737/1873
f 2243/737/1873 1829/323/322 1834/328/1651
f 2242/736/1872 2241/735/1871 2244/738/1874
f 1834/328/1651 1839/333/1656 2243/737/1873
f 1839/333/1656 2245/739/1875 2243/737/1873
f 2241/735/1871 2243/737/1873 2245/739/1875
f 1839/333/1656 2246/740/1876 2245/739/1875
f 2244/738/1874 2241/735/1871 2247/741/1877
f 2247/741/1877 2241/735/1871 2245/739/1875
f 2246/740/1876 2247/741/1877 2245/739/1875
f 2248/742/1878 2244/738/1874 2247/741/1877
f 2246/740/1876 2248/742/1878 2247/741/1877
f 2129/623/622 2125/619/618 2249/743/742
f 2250/744/743 2249/743/742 2125/619/618
f 2187/681/680 2250/744/743 2125/619/618
f 2187/681/680 2251/745/1879 2250/744/743
f 2250/744/743 2251/745/1879 2249/743/742
f 2187/681/680 2193/687/1850 2251/745/1879
f 2251/745/1879 2193/687/1850 2194/688/687
f 2251/745/1879 2194/688/687 2249/743/742
f 2249/743/742 2252/746/745 2129/623/622
f 2194/688/687 2252/746/745 2249/743/742
f 2129/623/622 2252/746/745 2131/625/624
f 2131/625/624 2252/746/745 2218/712/711
f 2252/746/745 2194/688/687 2253/747/746
f 2252/746/745 2253/747/746 2218/712/711
f 2195/689/688 2253/747/746 2194/688/687
f 2218/712/711 2253/747/746 2206/700/699
f 2198/692/691 2253/747/746 2195/689/688
f 2198/692/691 2206/700/699 2253/747/746
f 2254/563/1880 2255/657/1881 2256/561/1882
f 2257/264/1883 2258/267/1884 2259/265/1885
