# Blender 5.1.2
# www.blender.org
o Sponza_flowers2
v -250.110596 59.199299 -207.066605
v -247.180099 54.936100 -212.531097
v -253.567993 58.980099 -217.065994
v -255.761505 62.808300 -210.752502
v -244.201797 56.020000 -203.447693
v -241.969803 52.255901 -209.771301
v -237.300003 56.400299 -213.779694
v -243.375504 59.301498 -217.355194
v -249.173996 62.664700 -221.002701
v -266.454987 61.234798 -219.382904
v -266.351013 64.816704 -213.299301
v -256.230591 61.493099 -211.758408
v -256.294586 58.870800 -219.178207
v -265.295990 65.321602 -225.613007
v -257.039215 64.559097 -227.368896
v -248.399506 64.470001 -227.318893
v -246.744797 60.610901 -219.743607
v -246.302002 64.172798 -213.497299
v -258.187103 61.295799 -227.791794
v -250.350494 59.913200 -227.490402
v -251.362701 59.738800 -234.244293
v -258.548187 61.865101 -234.891907
v -265.609406 65.189903 -233.204605
v -263.920685 66.858902 -226.238495
v -257.594513 66.722298 -239.452301
v -249.017899 66.356400 -238.628601
v -263.252289 73.123596 -237.492004
v -270.572113 58.372002 -225.187698
v -269.160309 61.914001 -218.037598
v -262.771912 60.569500 -220.141403
v -263.736298 58.014000 -227.179504
v -267.000000 56.749100 -234.215897
v -273.509308 59.777901 -232.223694
v -259.265106 62.283401 -229.617798
v -258.245514 67.171402 -222.238098
v -262.615509 64.477699 -236.907898
v -263.954193 55.623501 -221.272705
v -272.232697 55.528702 -218.879501
v -270.198212 56.276402 -212.717300
v -263.101715 59.729900 -215.047195
v -258.257202 58.370800 -218.410400
v -258.110413 56.014900 -223.753906
v -259.961792 58.966999 -229.361694
v -266.956787 60.631901 -226.724197
v -274.018097 59.601002 -224.287399
v -262.519989 61.229698 -230.254395
v -264.214386 56.356800 -235.838806
v -270.924011 54.018600 -230.845093
v -268.211914 59.362099 -225.711105
v -257.063507 63.513302 -234.954803
v -259.810486 58.231800 -240.112198
v -269.723999 58.894901 -240.002594
v -275.281403 56.789299 -235.369507
v -264.419800 61.447701 -244.804596
v -249.805206 62.370300 -226.617905
v -241.455795 63.993301 -230.349701
v -247.888107 66.571503 -237.816193
v -259.649200 66.684502 -229.939407
v -255.556305 66.442596 -223.690598
v -254.084793 62.465099 -234.381104
v -263.485413 67.436996 -236.748398
v -257.829498 62.856499 -240.345505
v -251.563507 71.904900 -245.910904
v -241.666397 61.816200 -233.348907
v -234.197098 64.614799 -232.326202
v -234.209503 63.347900 -239.064102
v -241.350601 61.511600 -240.463898
v -249.135605 61.008598 -239.676804
v -249.135605 63.966599 -232.844803
v -241.860596 65.909203 -245.444000
v -234.197098 70.034203 -243.962997
v -249.641602 68.878403 -244.624405
v -261.136108 60.297001 -232.091293
v -256.237213 61.208302 -233.122498
v -255.432297 57.231098 -234.209900
v -260.447296 55.699402 -234.654404
v -250.972397 57.612499 -235.643204
v -249.523300 62.042900 -234.992905
v -252.258408 54.526402 -241.669205
v -257.920502 54.017399 -240.358902
v -261.190308 54.850498 -239.866302
v -261.967712 58.207100 -240.263000
v -261.686890 61.335201 -232.847702
v -252.826904 58.301601 -233.185593
v -253.066299 56.264099 -240.433395
v -253.020599 61.604900 -248.172104
v -261.771210 62.845501 -247.822495
v -244.279099 58.376598 -241.206894
v -243.653000 61.481300 -233.611404
v -244.268204 62.490398 -249.062195
v -223.964401 61.999298 -222.171295
v -218.658203 67.995796 -224.675095
v -220.896698 64.459999 -233.101303
v -226.430801 59.540699 -230.620605
v -234.915604 61.226700 -227.766296
v -232.112701 63.100399 -219.563599
v -230.718094 60.590500 -238.499893
v -225.362701 66.618301 -241.389603
v -238.888397 61.093800 -235.654297
v -242.858597 63.101200 -209.177002
v -235.389404 65.899200 -208.153107
v -235.401703 64.636101 -214.891495
v -242.542801 62.800499 -216.292099
v -250.327896 62.297100 -215.505203
v -250.327896 65.251297 -208.671997
v -243.052902 67.200996 -221.270203
v -235.389404 71.325104 -219.787399
v -250.833893 70.169701 -220.449295
v -257.126099 57.642899 -214.579498
v -256.845306 63.658798 -208.734604
v -247.985397 60.702099 -208.043701
v -248.224701 55.768501 -214.094406
v -248.179092 57.475101 -223.043304
v -256.929688 58.772999 -223.129700
v -239.437393 57.403999 -215.511398
v -238.811401 63.473701 -209.491501
v -239.426605 57.923100 -224.162399
v -259.840088 61.460300 -222.431595
v -264.813599 63.083401 -214.756699
v -255.353806 65.661598 -211.993698
v -249.774002 65.774498 -225.002701
v -256.608612 65.532600 -228.017502
v -252.024704 61.555099 -218.248093
v -242.850006 66.527000 -221.378296
v -245.637100 61.946499 -215.282394
v -247.864899 70.994904 -207.203201
v -244.845001 55.182098 -199.187500
v -244.142105 56.856800 -205.983795
v -251.235794 59.953602 -205.586594
v -251.581802 59.957901 -197.852798
v -238.612396 59.450298 -205.907501
v -239.096802 61.354698 -197.520493
v -245.308105 58.881302 -213.574493
v -251.229507 65.754501 -211.938995
v -239.190994 64.352097 -212.361404
v -253.268799 56.747299 -205.396896
v -250.057404 57.008499 -203.626205
v -249.127701 58.462299 -206.608704
v -252.077499 57.140202 -208.685699
v -255.884903 57.817902 -209.064896
v -256.927887 57.259201 -205.741592
v -251.648102 60.654999 -210.873795
v -247.775604 61.306198 -209.619202
v -255.206299 60.416100 -212.040695
v -262.189789 59.948601 -219.893402
v -265.528687 56.817902 -220.393799
v -266.092194 58.297199 -216.023193
v -262.410309 60.220200 -215.673004
v -266.352814 58.878399 -224.178696
v -262.722198 61.628300 -224.122604
v -269.985107 56.506599 -219.923096
v -270.448914 58.295300 -216.175400
v -270.364502 57.549500 -224.119293
v -263.005402 59.685101 -226.881897
v -262.377411 62.577499 -219.412704
v -254.462799 57.150200 -219.425003
v -254.816895 55.300900 -226.707901
v -253.239700 60.519199 -234.351196
v -261.446014 64.179703 -234.351196
v -245.813599 54.880199 -227.076202
v -244.865005 57.651299 -219.412704
v -244.536499 58.921200 -234.857101
v -252.398193 61.411499 -232.684906
v -260.671600 61.273701 -230.288605
v -258.147888 57.196899 -225.177399
v -250.909302 57.185299 -227.014297
v -265.441895 56.920502 -223.586395
v -266.938995 61.103699 -229.293594
v -268.436401 59.132401 -235.488998
v -261.106689 59.595299 -236.920898
v -253.836395 59.748501 -238.617203
v -250.746307 57.642899 -229.609100
v -250.465607 63.658798 -223.764206
v -241.605606 60.702099 -223.073303
v -241.845001 55.768501 -229.123993
v -241.799301 57.475101 -238.072906
v -250.549896 58.772999 -238.159302
v -233.057693 57.403999 -230.541000
v -232.431595 63.473701 -224.521103
v -233.046906 57.923100 -239.192001
v -230.103897 61.620602 -236.855392
v -236.490707 63.050098 -241.369507
v -241.173004 60.010101 -233.842300
v -235.099899 59.612400 -229.500107
v -229.891006 66.553398 -225.345703
v -225.023804 67.831100 -232.621201
v -240.147507 61.715599 -222.263596
v -246.880905 63.076900 -226.609207
v -234.648407 67.479599 -217.949295
v -259.051086 55.705299 -226.549194
v -258.770386 61.721100 -220.704300
v -249.910400 58.764400 -220.013397
v -250.149796 53.830799 -226.064102
v -250.104095 55.537399 -235.013000
v -258.854706 56.835300 -235.099396
v -241.362503 55.466301 -227.481094
v -240.736496 61.536098 -221.461197
v -241.351700 55.985401 -236.132095
v -246.402206 58.928902 -216.922699
v -245.259995 54.822399 -223.101700
v -253.871506 54.727600 -223.424393
v -253.871506 58.958599 -216.934998
v -238.932999 59.374001 -217.107101
v -238.932999 55.213799 -223.625702
v -246.402206 59.041801 -229.219604
v -253.871506 58.799900 -229.119400
v -238.932999 59.794300 -229.531204
v -238.073105 56.549702 -216.257294
v -230.756805 58.433899 -218.842606
v -234.473999 61.020302 -224.093399
v -241.472397 60.183399 -221.626495
v -247.563995 59.312599 -216.756302
v -243.388306 58.151901 -210.833801
v -243.300705 66.754601 -223.334595
v -235.264603 69.546204 -225.236099
v -248.507904 68.899101 -217.216995
v -230.359695 67.295799 -239.356598
v -237.750702 67.295799 -239.920502
v -238.317093 63.092400 -235.052002
v -231.233200 64.062401 -232.396606
v -245.141602 63.092400 -234.634094
v -247.968506 67.295799 -239.832596
v -245.141602 66.738503 -225.436600
v -236.685898 67.295799 -225.436600
v -232.196701 69.360497 -226.280106
v -254.591400 62.154202 -236.149994
v -246.990005 57.950901 -235.485199
v -247.631500 62.984001 -242.667496
v -254.591400 62.154202 -243.540894
v -254.591400 62.154202 -228.759094
v -247.631500 57.950901 -228.759094
v -240.671494 58.462200 -228.759094
v -240.671494 62.154202 -237.214798
v -240.671494 66.171997 -241.138901
v -258.136810 56.752602 -244.248993
v -254.452805 56.375198 -244.326996
v -254.064301 55.902199 -249.428604
v -258.924286 55.855202 -249.194702
v -253.153702 57.285900 -239.895203
v -256.519501 58.069199 -237.536194
v -248.095901 58.850300 -241.432495
v -249.473602 57.883301 -247.031097
v -250.984497 57.664700 -249.986801
v -233.001495 61.563999 -238.686401
v -224.501694 60.813000 -237.431396
v -223.766495 66.582603 -241.401505
v -231.354599 69.357697 -240.159500
v -237.084198 67.337502 -240.596100
v -239.355194 61.723301 -238.882004
v -240.222000 58.994301 -232.955597
v -232.873993 60.034302 -231.159607
v -225.404404 59.031898 -230.935699
v -230.010605 67.155296 -240.612198
v -233.998505 65.085899 -240.298401
v -234.168198 68.691299 -236.976395
v -230.154099 69.494797 -236.925903
v -234.272598 65.375504 -244.604904
v -230.100204 66.800102 -245.139694
v -238.351700 66.364899 -240.313904
v -238.348099 69.920700 -237.659897
v -238.454193 65.404297 -244.551193
v -233.074997 58.854698 -235.209702
v -229.370407 63.306702 -242.727493
v -236.775894 66.090797 -244.078796
v -240.104202 60.794998 -237.075394
v -242.787796 62.774300 -249.494797
v -246.082901 57.079300 -243.054596
v -243.077805 52.606998 -232.645706
v -235.618301 49.572498 -230.978500
v -249.417404 49.829201 -238.010101
v -240.901001 58.881100 -245.089600
v -245.370697 65.791702 -242.821701
v -239.981094 65.698898 -235.283997
v -235.372101 59.790501 -237.946899
v -228.651596 59.731201 -244.047195
v -234.360199 58.393101 -250.673599
v -228.620499 63.644100 -233.043900
v -232.998703 70.739998 -230.434402
v -222.100601 62.501701 -238.657593
v -241.346100 60.572601 -220.384598
v -241.691895 64.135201 -214.300995
v -231.256302 62.452900 -212.760101
v -230.990997 59.846699 -220.179993
v -240.710800 64.802597 -226.614700
v -232.440994 65.359802 -228.370605
v -223.876602 66.644402 -228.320602
v -221.754807 63.086800 -220.745407
v -221.762802 66.683403 -214.498993
v -227.792099 62.725101 -224.747604
v -222.994904 63.409801 -225.011703
v -223.108902 63.074100 -229.333099
v -227.619904 61.102699 -229.679993
v -232.063507 62.237499 -229.363205
v -232.063507 63.685600 -225.276001
v -227.898102 63.375301 -233.886093
v -222.932999 64.055298 -234.144897
v -232.339600 63.105900 -233.825806
v -235.493805 59.500099 -210.215607
v -242.568100 64.865097 -208.981598
v -243.067902 61.798401 -203.074997
v -235.234695 59.596401 -202.955597
v -231.037399 56.142300 -205.990601
v -230.035599 56.197701 -211.642700
v -227.791000 61.470901 -215.487305
v -233.145294 66.992203 -213.171097
v -239.799698 70.787697 -212.172897
v -230.260498 60.575500 -227.868698
v -224.613998 55.934601 -227.725800
v -224.766495 57.391399 -236.244293
v -230.637497 61.994099 -235.220703
v -229.681396 59.352699 -220.494293
v -223.780304 54.779202 -221.514496
v -218.097702 55.278198 -221.700302
v -218.807602 56.374298 -229.089203
v -219.300201 57.680901 -236.453995
v -261.939789 56.007301 -211.413605
v -261.192596 55.395802 -218.619705
v -269.790802 56.039101 -218.508896
v -269.385010 56.529800 -211.033997
v -254.466904 56.007599 -211.780502
v -254.868393 55.594898 -219.253494
v -262.168610 62.326500 -222.353500
v -269.629791 62.549900 -221.981094
v -254.677704 62.665199 -222.712204
v -226.925293 58.522202 -226.517700
v -220.257004 60.743401 -230.315399
v -224.340302 56.216801 -237.598206
v -230.853897 55.041698 -234.084396
v -237.794998 61.119099 -231.831497
v -233.780396 63.863098 -224.357895
v -235.206207 55.632099 -241.965805
v -228.519699 57.749100 -246.141998
v -242.261505 60.522598 -239.433304
v -229.138702 57.814499 -230.329605
v -233.528702 65.242302 -230.334595
v -235.211304 62.708199 -221.504196
v -230.391693 56.275501 -221.452499
v -221.351898 55.505699 -221.009201
v -220.615402 56.595798 -229.751602
v -229.043701 57.625000 -212.616196
v -233.606705 65.158302 -212.284302
v -220.545700 55.782902 -212.216797
v -224.511703 55.031799 -213.491806
v -221.990097 62.226101 -217.442505
v -230.550705 62.237801 -220.990707
v -232.991699 56.020599 -216.583603
v -235.464996 55.398602 -207.868103
v -227.101395 54.012699 -205.329407
v -241.353897 59.796200 -216.990601
v -239.092697 67.186798 -221.173706
v -243.903397 58.123199 -208.845398
v -258.960205 60.312302 -242.564102
v -261.200806 60.994099 -239.715302
v -258.360687 60.183800 -238.029205
v -256.400513 58.392399 -240.861496
v -254.737106 59.448700 -244.231201
v -257.438385 61.224899 -245.841507
v -253.182602 59.858398 -239.229004
v -255.010406 60.417702 -235.579697
v -251.335403 59.631199 -242.486893
v -243.108994 53.066299 -228.959793
v -235.639801 55.864899 -227.937103
v -235.652100 54.598000 -234.675003
v -242.793198 52.761700 -236.074799
v -250.578201 52.258701 -235.287704
v -250.578201 55.216801 -228.455704
v -243.303207 57.159302 -241.054901
v -235.639801 61.284302 -239.573898
v -251.084198 60.128502 -240.235306
v -238.432602 59.235100 -212.722702
v -236.771698 62.033100 -220.076508
v -243.486298 60.770000 -220.642395
v -245.494507 58.934399 -213.647705
v -245.378403 58.431000 -205.823898
v -238.570404 61.385201 -205.237595
v -250.498001 63.334900 -213.566696
v -248.363205 67.459099 -221.074707
v -250.347702 66.303596 -205.744003
v -233.206406 58.069302 -202.670898
v -227.604095 58.112701 -206.012100
v -231.250900 59.924801 -212.709595
v -237.326004 57.795399 -210.229706
v -235.640701 59.006199 -216.602798
v -240.991104 57.835899 -215.425003
v -245.921005 59.986801 -212.682404
v -241.759293 61.240799 -206.568405
v -237.903900 60.882500 -200.126495
v -252.916306 62.411098 -215.701599
v -259.470490 59.709301 -216.717896
v -259.019287 57.915199 -209.514893
v -250.673599 56.145000 -209.703201
v -258.568115 56.121101 -202.311905
v -250.880203 54.315399 -203.148102
v -244.304199 56.930599 -203.046402
v -245.691193 62.445202 -210.552704
v -246.878296 67.165199 -213.577698
v -249.794403 69.793900 -228.605606
v -255.354401 68.508904 -232.792603
v -257.650513 63.896000 -227.085297
v -249.822006 61.293598 -224.733505
v -259.946686 59.283199 -221.377899
v -252.473999 56.989601 -219.833405
v -246.538803 58.558899 -216.445404
v -245.115799 66.861298 -221.531403
v -245.206894 72.602303 -222.990601
v -254.821503 58.885799 -228.361801
v -260.381592 57.600800 -232.548706
v -262.677704 52.987900 -226.841400
v -254.849106 50.385502 -224.489594
v -264.973785 48.375099 -221.134094
v -257.501190 46.081501 -219.589493
v -251.565994 47.650799 -216.201508
v -250.142899 55.953201 -221.287506
v -250.233994 61.694099 -222.746796
v -240.836304 62.411098 -218.396606
v -247.390503 59.709301 -219.412903
v -246.939301 57.915199 -212.209900
v -238.593597 56.145000 -212.398193
v -246.488007 56.121101 -205.006805
v -238.800201 54.315399 -205.843094
v -232.224197 56.930599 -205.741394
v -233.611206 62.445202 -213.247604
v -234.798203 67.165199 -216.272598
v -245.197403 58.185001 -225.511398
v -250.849396 55.410198 -228.936203
v -253.583893 54.719501 -222.097198
v -246.058594 52.865299 -218.517395
v -256.318512 54.028900 -215.258194
v -249.116501 52.047001 -212.536407
v -243.063705 54.597401 -209.913101
v -240.835098 58.936600 -217.814606
v -240.362503 63.165699 -221.529602
v -257.902802 58.850399 -238.546600
v -258.940887 55.750801 -240.635605
v -264.043610 55.723999 -237.562500
v -263.292999 59.185101 -235.757904
v -254.335403 60.218601 -243.390793
v -255.307907 56.677101 -245.132706
v -262.271606 54.532799 -245.279694
v -267.036987 54.385300 -241.983994
v -258.293488 55.077999 -249.433807
v -236.314194 63.696499 -243.306702
v -234.308304 69.732597 -237.806198
v -229.147598 64.746902 -237.151505
v -230.348404 59.352200 -242.739197
v -232.974594 55.977798 -249.488205
v -237.493500 62.281200 -250.837997
v -224.361694 59.439899 -244.852295
v -222.132294 66.830399 -239.724106
v -225.527496 58.687901 -252.998596
v -239.372803 54.111698 -198.931595
v -233.128098 55.169399 -203.310593
v -238.101395 55.353199 -207.977905
v -244.252396 54.736099 -203.961395
v -240.622894 58.655602 -210.369705
v -247.514496 57.093800 -206.333298
v -249.102493 54.443501 -197.835098
v -243.830704 54.954201 -192.869705
v -251.845795 58.243999 -199.723907
v -267.861206 55.751301 -216.035202
v -260.322388 58.549900 -216.082794
v -261.290588 57.283001 -222.750702
v -268.558197 55.446602 -223.123093
v -276.152710 54.943699 -221.239304
v -275.183289 57.901699 -214.476501
v -269.769714 59.844299 -227.980392
v -261.973602 63.969299 -227.601807
v -277.355591 62.813400 -226.065002
v -230.636505 59.182400 -209.526703
v -234.767700 59.177700 -208.091202
v -232.433105 59.178501 -204.129501
v -228.849503 58.097801 -205.812195
v -235.677200 62.559898 -211.007401
v -231.769302 62.236900 -212.955002
v -237.560303 61.703999 -205.384598
v -235.244293 62.084801 -202.022293
v -238.952393 64.166199 -208.832901
v -246.387604 59.467701 -235.928299
v -243.662506 59.226299 -231.396606
v -242.824997 60.042400 -246.743301
v -244.595001 60.890202 -246.399399
v -253.273407 61.453098 -226.605103
v -251.018204 61.290100 -224.597702
v -263.935303 59.304798 -215.804794
v -242.621002 56.905201 -220.898300
v -244.590607 56.220600 -216.196701
v -231.442307 55.505798 -223.804901
v -231.973999 55.437000 -225.889694
v -219.562103 58.092400 -227.766098
v -219.916306 57.946602 -230.040405
v -213.707199 57.082001 -229.462494
v -213.333694 57.780998 -228.057205
v -209.130203 55.712898 -231.257904
v -210.059006 56.148201 -231.647095
v -259.036285 57.666100 -231.664001
v -261.242401 57.490799 -230.287094
v -260.115204 60.080002 -222.136597
v -250.864105 60.297798 -212.207108
v -260.570404 56.992599 -237.751602
v -263.219208 56.904999 -238.463196
v -258.306610 57.455002 -247.338104
v -259.480194 57.055000 -248.669006
v -252.415497 57.402302 -250.970993
v -252.333496 57.008999 -250.064804
v -269.946808 50.192902 -209.533203
v -267.187714 59.308102 -214.643494
v -268.539093 58.727901 -216.603195
v -270.578888 48.997601 -211.046997
v -266.842407 59.926498 -222.146698
v -262.905609 61.961300 -221.457596
v -260.891113 57.937000 -226.830994
v -263.514404 56.529999 -228.195694
v -257.693115 63.384602 -234.094894
v -257.033905 63.815899 -231.383408
v -242.409393 68.900200 -240.175507
v -226.797394 58.082001 -231.211395
v -225.430496 57.439400 -231.214294
v -224.863403 58.989899 -238.068802
v -226.706299 58.931900 -238.178299
v -224.654205 61.203701 -244.060593
v -228.632599 61.355598 -243.389999
v -231.596802 61.389099 -246.893204
v -231.742599 61.503300 -244.468704
v -237.604599 60.598400 -242.323196
v -235.942307 61.188301 -217.211807
v -238.911896 57.247101 -205.073105
v -228.541107 58.304600 -213.438904
v -240.578094 63.026402 -234.232193
v -231.340897 55.904400 -203.155807
v -231.966904 54.512798 -195.436493
v -226.450104 59.673000 -197.080795
v -236.960693 47.797298 -189.042801
v -242.436600 50.482201 -191.142593
v -947.028381 59.199299 -220.856293
v -952.492981 54.936100 -223.786804
v -957.027771 58.980099 -217.398804
v -950.714417 62.808300 -215.205307
v -943.409729 56.020000 -226.764999
v -949.733215 52.255901 -228.996994
v -953.741577 56.400299 -233.666794
v -957.317017 59.301498 -227.591293
v -960.964600 62.664700 -221.792892
v -959.344727 61.234798 -204.511902
v -953.261108 64.816704 -204.615799
v -951.720215 61.493099 -214.736298
v -959.140076 58.870800 -214.672302
v -965.574829 65.321602 -205.670807
v -967.330688 64.559097 -213.927597
v -967.280823 64.470001 -222.567398
v -959.705383 60.610901 -224.222107
v -953.459106 64.172798 -224.664795
v -967.753723 61.295799 -212.779602
v -967.452271 59.913200 -220.616302
v -974.206177 59.738800 -219.604095
v -974.853821 61.865101 -212.418701
v -973.166504 65.189903 -205.357407
v -966.200378 66.858902 -207.046204
v -979.414185 66.722298 -213.372299
v -978.590576 66.356400 -221.948807
v -977.453918 73.123596 -207.714493
v -965.149719 58.372002 -200.394699
v -957.999512 61.914001 -201.806503
v -960.103271 60.569500 -208.195007
v -967.141418 58.014000 -207.230499
v -974.177917 56.749100 -203.966797
v -972.185486 59.777901 -197.457504
v -969.579712 62.283401 -211.701706
v -962.200073 67.171402 -212.721298
v -976.869812 64.477699 -208.351395
v -961.234619 55.623501 -207.012604
v -958.841370 55.528702 -198.734100
v -952.679199 56.276402 -200.768600
v -955.008972 59.729900 -207.865097
v -958.372314 58.370800 -212.709702
v -963.715820 56.014900 -212.856400
v -969.323608 58.966999 -211.005005
v -966.685974 60.631901 -204.009995
v -964.249329 59.601002 -196.948700
v -970.216309 61.229698 -208.446793
v -975.800720 56.356800 -206.752396
v -970.807007 54.018600 -200.042892
v -965.672974 59.362099 -202.754898
v -974.916626 63.513302 -213.903397
v -980.074097 58.231800 -211.156296
v -979.964478 58.894901 -201.242798
v -975.331421 56.789299 -195.685501
v -984.766479 61.447701 -206.547104
v -966.579773 62.370300 -221.161697
v -970.311523 63.993301 -229.511093
v -977.778076 66.571503 -223.078796
v -969.901184 66.684502 -211.317703
v -963.652527 66.442596 -215.410507
v -974.342896 62.465099 -216.882004
v -976.710327 67.436996 -207.481506
v -980.307373 62.856499 -213.137405
v -985.872803 71.904900 -219.403397
v -973.310791 61.816200 -229.300400
v -972.288086 64.614799 -236.769699
v -979.026001 63.347900 -236.757401
v -980.425781 61.511600 -229.616196
v -979.638672 61.008598 -221.831207
v -972.806824 63.966599 -221.831207
v -985.405884 65.909203 -229.106201
v -983.924927 70.034203 -236.769699
v -984.586182 68.878403 -221.325302
v -972.053223 60.297001 -209.830704
v -973.084412 61.208302 -214.729706
v -974.171814 57.231098 -215.534607
v -974.616272 55.699402 -210.519501
v -975.605103 57.612499 -219.994400
v -974.954712 62.042900 -221.443604
v -981.631104 54.526402 -218.708405
v -980.320801 54.017399 -213.046295
v -979.828125 54.850498 -209.776505
v -980.224915 58.207100 -208.999207
v -972.809570 61.335201 -209.279907
v -973.147522 58.301601 -218.139999
v -980.395386 56.264099 -217.900497
v -988.133911 61.604900 -217.946198
v -987.784424 62.845501 -209.195496
v -981.168701 58.376598 -226.687805
v -973.573181 61.481300 -227.313797
v -989.023987 62.490398 -226.698593
v -962.133179 61.999298 -247.002396
v -964.637024 67.995796 -252.308701
v -973.063171 64.459999 -250.070099
v -970.582520 59.540699 -244.535995
v -967.728088 61.226700 -236.051102
v -959.525513 63.100399 -238.854095
v -978.461792 60.590500 -240.248703
v -981.351624 66.618301 -245.604202
v -975.616089 61.093800 -232.078400
v -949.138794 63.101200 -228.108200
v -948.114990 65.899200 -235.577393
v -954.853394 64.636101 -235.565094
v -956.254028 62.800499 -228.423996
v -955.466980 62.297100 -220.639008
v -948.633911 65.251297 -220.639008
v -961.232117 67.200996 -227.914001
v -959.749329 71.325104 -235.577393
v -960.411072 70.169701 -220.132996
v -954.541382 57.642899 -213.840805
v -948.696411 63.658798 -214.121506
v -948.005615 60.702099 -222.981506
v -954.056274 55.768501 -222.742096
v -963.005127 57.475101 -222.787796
v -963.091614 58.772999 -214.037094
v -955.473389 57.403999 -231.529404
v -949.453430 63.473701 -232.155396
v -964.124329 57.923100 -231.540207
v -962.393372 61.460300 -211.126694
v -954.718628 63.083401 -206.153198
v -951.955627 65.661598 -215.613098
v -964.964600 65.774498 -221.192795
v -967.979370 65.532600 -214.358200
v -958.210022 61.555099 -218.942093
v -961.340088 66.527000 -228.116806
v -955.244324 61.946499 -225.329697
v -947.165222 70.994904 -223.101898
v -939.149414 55.182098 -226.121902
v -945.945679 56.856800 -226.824707
v -945.548523 59.953602 -219.731003
v -937.814697 59.957901 -219.385101
v -945.869385 59.450298 -232.354401
v -937.482422 61.354698 -231.870102
v -953.536377 58.881302 -225.658798
v -951.900879 65.754501 -219.737396
v -952.323181 64.352097 -231.775696
v -945.358826 56.747299 -217.697998
v -943.588013 57.008499 -220.909500
v -946.570618 58.462299 -221.839203
v -948.647583 57.140202 -218.889297
v -949.026917 57.817902 -215.081894
v -945.703491 57.259201 -214.039001
v -950.835693 60.654999 -219.318695
v -949.581116 61.306198 -223.191193
v -952.002625 60.416100 -215.760498
v -959.855286 59.948601 -208.777100
v -960.355713 56.817902 -205.438095
v -955.985107 58.297199 -204.874695
v -955.634888 60.220200 -208.556503
v -964.140625 58.878399 -204.613998
v -964.084473 61.628300 -208.244705
v -959.885010 56.506599 -200.981796
v -956.137329 58.295300 -200.518005
v -964.081177 57.549500 -200.602295
v -966.843872 59.685101 -207.961395
v -959.374573 62.577499 -208.589294
v -959.386780 57.150200 -216.504105
v -966.669800 55.300900 -216.149902
v -974.313110 60.519199 -217.727097
v -974.313110 64.179703 -209.520798
v -967.038086 54.880199 -225.153198
v -959.374573 57.651299 -226.101807
v -974.818970 58.921200 -226.430298
v -972.646729 61.411499 -218.568604
v -970.250488 61.273701 -210.295197
v -965.139282 57.196899 -212.818893
v -966.976196 57.185299 -220.057495
v -963.548218 56.920502 -205.524994
v -969.255493 61.103699 -204.027893
v -975.450928 59.132401 -202.530502
v -976.882812 59.595299 -209.860199
v -978.579102 59.748501 -217.130402
v -969.570984 57.642899 -220.220505
v -963.726074 63.658798 -220.501205
v -963.035217 60.702099 -229.361298
v -969.085815 55.768501 -229.121902
v -978.034790 57.475101 -229.167496
v -978.121094 58.772999 -220.416794
v -970.502930 57.403999 -237.909103
v -964.482971 63.473701 -238.535095
v -979.153870 57.923100 -237.919907
v -976.817322 61.620602 -240.863007
v -981.331421 63.050098 -234.476105
v -973.804199 60.010101 -229.793793
v -969.461975 59.612400 -235.867004
v -965.307617 66.553398 -241.075806
v -972.583008 67.831100 -245.942993
v -962.225525 61.715599 -230.819397
v -966.570984 63.076900 -224.085999
v -957.911072 67.479599 -236.318405
v -966.511108 55.705299 -211.915695
v -960.666077 61.721100 -212.196396
v -959.975220 58.764400 -221.056503
v -966.026001 53.830799 -220.817093
v -974.974915 55.537399 -220.862701
v -975.061279 56.835300 -212.112000
v -967.442993 55.466301 -229.604294
v -961.423096 61.536098 -230.230301
v -976.093994 55.985401 -229.615097
v -956.884583 58.928902 -224.564697
v -963.063477 54.822399 -225.706802
v -963.386414 54.727600 -217.095398
v -956.896973 58.958599 -217.095398
v -957.068970 59.374001 -232.033905
v -963.587585 55.213799 -232.033905
v -969.181519 59.041801 -224.564697
v -969.081299 58.799900 -217.095398
v -969.492981 59.794300 -232.033905
v -956.219116 56.549702 -232.893707
v -958.804382 58.433899 -240.210007
v -964.055298 61.020302 -236.492798
v -961.588379 60.183399 -229.494400
v -956.718079 59.312599 -223.402802
v -950.795715 58.151901 -227.578506
v -963.296509 66.754601 -227.666107
v -965.197998 69.546204 -235.702194
v -957.178772 68.899101 -222.458893
v -979.318481 67.295799 -240.606995
v -979.882324 67.295799 -233.216095
v -975.013916 63.092400 -232.649704
v -972.358521 64.062401 -239.733597
v -974.595886 63.092400 -225.825195
v -979.794617 67.295799 -222.998306
v -965.398621 66.738503 -225.825195
v -965.398621 67.295799 -234.281006
v -966.241882 69.360497 -238.770096
v -976.111877 62.154202 -216.375397
v -975.447021 57.950901 -223.976898
v -982.629395 62.984001 -223.335297
v -983.502808 62.154202 -216.375397
v -968.720886 62.154202 -216.375397
v -968.720886 57.950901 -223.335297
v -968.720886 58.462200 -230.295303
v -977.176819 62.154202 -230.295303
v -981.100830 66.171997 -230.295303
v -984.210815 56.752602 -212.830002
v -984.288879 56.375198 -216.514099
v -989.390503 55.902199 -216.902496
v -989.156494 55.855202 -212.042496
v -979.857117 57.285900 -217.813202
v -977.497986 58.069199 -214.447205
v -981.394409 58.850300 -222.870804
v -986.992920 57.883301 -221.493103
v -989.948608 57.664700 -219.982300
v -978.648315 61.563999 -237.965302
v -977.393311 60.813000 -246.465195
v -981.363403 66.582603 -247.200394
v -980.121277 69.357697 -239.612305
v -980.557983 67.337502 -233.882599
v -978.843872 61.723301 -231.611603
v -972.917480 58.994301 -230.744705
v -971.121521 60.034302 -238.092804
v -970.897583 59.031898 -245.562393
v -980.574097 67.155296 -240.956207
v -980.260315 65.085899 -236.968307
v -976.938416 68.691299 -236.798599
v -976.887817 69.494797 -240.812805
v -984.566772 65.375504 -236.694199
v -985.101624 66.800102 -240.866592
v -980.275818 66.364899 -232.615204
v -977.621826 69.920700 -232.618698
v -984.513123 65.404297 -232.512604
v -975.171509 58.854698 -237.891907
v -982.689270 63.306702 -241.596497
v -984.040588 66.090797 -234.190903
v -977.037415 60.794998 -230.862503
v -989.456787 62.774300 -228.179001
v -983.016479 57.079300 -224.883896
v -972.607727 52.606998 -227.889099
v -970.940308 49.572498 -235.348602
v -977.971985 49.829201 -221.549500
v -985.051514 58.881100 -230.065796
v -982.783630 65.791702 -225.596100
v -975.245789 65.698898 -230.985703
v -977.908813 59.790501 -235.594803
v -984.009216 59.731201 -242.315308
v -990.635498 58.393101 -236.606598
v -973.005676 63.644100 -242.346405
v -970.396179 70.739998 -237.968201
v -978.619507 62.501701 -248.866196
v -960.346619 60.572601 -229.620804
v -954.262878 64.135201 -229.274902
v -952.721985 62.452900 -239.710495
v -960.141785 59.846699 -239.975800
v -966.576721 64.802597 -230.255997
v -968.332520 65.359802 -238.525803
v -968.282471 66.644402 -247.090302
v -960.707275 63.086800 -249.212006
v -954.460876 66.683403 -249.203995
v -964.709473 62.725101 -243.174698
v -964.973572 63.409801 -247.971893
v -969.294922 63.074100 -247.858002
v -969.641785 61.102699 -243.347000
v -969.325073 62.237499 -238.903305
v -965.237915 63.685600 -238.903305
v -973.848022 63.375301 -243.068695
v -974.106689 64.055298 -248.033798
v -973.787598 63.105900 -238.627304
v -950.177490 59.500099 -235.473007
v -948.943481 64.865097 -228.398697
v -943.036987 61.798401 -227.899002
v -942.917480 59.596401 -235.732101
v -945.952515 56.142300 -239.929504
v -951.604492 56.197701 -240.931198
v -955.449219 61.470901 -243.175797
v -953.133118 66.992203 -237.821503
v -952.134827 70.787697 -231.167206
v -967.830627 60.575500 -240.706299
v -967.687622 55.934601 -246.352798
v -976.206177 57.391399 -246.200302
v -975.182617 61.994099 -240.329407
v -960.456177 59.352699 -241.285400
v -961.476379 54.779202 -247.186493
v -961.662170 55.278198 -252.869202
v -969.051025 56.374298 -252.159195
v -976.415894 57.680901 -251.666595
v -951.375488 56.007301 -209.026993
v -958.581482 55.395802 -209.774200
v -958.470703 56.039101 -201.176102
v -950.995789 56.529800 -201.581802
v -951.742371 56.007599 -216.499893
v -959.215515 55.594898 -216.098404
v -962.315308 62.326500 -208.798203
v -961.942993 62.549900 -201.337097
v -962.674072 62.665199 -216.289093
v -966.479614 58.522202 -244.041504
v -970.277222 60.743401 -250.709900
v -977.560120 56.216801 -246.626495
v -974.046326 55.041698 -240.112900
v -971.793274 61.119099 -233.171707
v -964.319824 63.863098 -237.186493
v -981.927612 55.632099 -235.760696
v -986.103882 57.749100 -242.447205
v -979.395081 60.522598 -228.705399
v -970.291504 57.814499 -241.828201
v -970.296509 65.242302 -237.438095
v -961.466125 62.708199 -235.755493
v -961.414429 56.275501 -240.575104
v -960.971130 55.505699 -249.614899
v -969.713501 56.595798 -250.351501
v -952.578125 57.625000 -241.923096
v -952.246216 65.158302 -237.360107
v -952.178711 55.782902 -250.421097
v -953.453674 55.031799 -246.455200
v -957.404419 62.226101 -248.976700
v -960.952576 62.237801 -240.416199
v -956.545471 56.020599 -237.975204
v -947.830078 55.398602 -235.501907
v -945.291321 54.012699 -243.865402
v -956.952515 59.796200 -229.613007
v -961.135620 67.186798 -231.874207
v -948.807312 58.123199 -227.063400
v -982.526001 60.312302 -212.006699
v -979.677185 60.994099 -209.766006
v -977.991089 60.183800 -212.606094
v -980.823425 58.392399 -214.566299
v -984.192993 59.448700 -216.229797
v -985.803284 61.224899 -213.528397
v -979.190796 59.858398 -217.784195
v -975.541504 60.417702 -215.956497
v -982.448914 59.631199 -219.631393
v -968.921570 53.066299 -227.857803
v -967.898987 55.864899 -235.327103
v -974.636780 54.598000 -235.314804
v -976.036682 52.761700 -228.173599
v -975.249512 52.258701 -220.388596
v -968.417603 55.216801 -220.388596
v -981.016724 57.159302 -227.663605
v -979.535828 61.284302 -235.327103
v -980.197083 60.128502 -219.882599
v -952.684570 59.235100 -232.534195
v -960.038513 62.033100 -234.195099
v -960.604187 60.770000 -227.480499
v -953.609619 58.934399 -225.472305
v -945.785828 58.431000 -225.588394
v -945.199585 61.385201 -232.396393
v -953.528625 63.334900 -220.468796
v -961.036621 67.459099 -222.603699
v -945.705872 66.303596 -220.619095
v -942.632812 58.069302 -237.760406
v -945.973999 58.112701 -243.362701
v -952.671387 59.924801 -239.716003
v -950.191528 57.795399 -233.640793
v -956.564697 59.006199 -235.326096
v -955.387024 57.835899 -229.975693
v -952.644287 59.986801 -225.045807
v -946.530273 61.240799 -229.207504
v -940.088379 60.882500 -233.063004
v -955.663574 62.411098 -218.050507
v -956.679810 59.709301 -211.496307
v -949.476807 57.915199 -211.947495
v -949.664978 56.145000 -220.293198
v -942.273804 56.121101 -212.398697
v -943.109985 54.315399 -220.086594
v -943.008301 56.930599 -226.662598
v -950.514526 62.445202 -225.275696
v -953.539612 67.165199 -224.088593
v -968.567505 69.793900 -221.172501
v -972.754517 68.508904 -215.612396
v -967.047119 63.896000 -213.316299
v -964.695312 61.293598 -221.144806
v -961.339783 59.283199 -211.020203
v -959.795288 56.989601 -218.492798
v -956.407288 58.558899 -224.427994
v -961.493286 66.861298 -225.850998
v -962.952515 72.602303 -225.759903
v -968.323608 58.885799 -216.145294
v -972.510620 57.600800 -210.585297
v -966.803223 52.987900 -208.289093
v -964.451416 50.385502 -216.117706
v -961.095886 48.375099 -205.992996
v -959.551392 46.081501 -213.465607
v -956.163513 47.650799 -219.400803
v -961.249390 55.953201 -220.823898
v -962.708618 61.694099 -220.732803
v -958.358521 62.411098 -230.130493
v -959.374817 59.709301 -223.576294
v -952.171814 57.915199 -224.027496
v -952.360107 56.145000 -232.373306
v -944.968811 56.121101 -224.478806
v -945.805115 54.315399 -232.166595
v -945.703186 56.930599 -238.742599
v -953.209473 62.445202 -237.355698
v -956.234497 67.165199 -236.168594
v -965.473328 58.185001 -225.769501
v -968.898071 55.410198 -220.117401
v -962.059082 54.719501 -217.382904
v -958.479187 52.865299 -224.908295
v -955.220093 54.028900 -214.648407
v -952.498291 52.047001 -221.850296
v -949.875000 54.597401 -227.903198
v -957.776489 58.936600 -230.131805
v -961.491577 63.165699 -230.604294
v -978.508484 58.850399 -213.063995
v -980.597412 55.750801 -212.025803
v -977.524292 55.723999 -206.923294
v -975.719788 59.185101 -207.673904
v -983.352722 60.218601 -216.631302
v -985.094604 56.677101 -215.658997
v -985.241577 54.532799 -208.695297
v -981.945923 54.385300 -203.929901
v -989.395630 55.077999 -212.673294
v -983.268677 63.696499 -234.652603
v -977.768127 69.732597 -236.658493
v -977.113281 64.746902 -241.819305
v -982.700989 59.352200 -240.618393
v -989.450073 55.977798 -237.992294
v -990.799927 62.281200 -233.473297
v -984.814209 59.439899 -246.605103
v -979.685974 66.830399 -248.834503
v -992.960388 58.687901 -245.439407
v -938.893616 54.111698 -231.593994
v -943.272522 55.169399 -237.838699
v -947.939819 55.353199 -232.865402
v -943.923279 54.736099 -226.714401
v -950.331482 58.655602 -230.343903
v -946.295227 57.093800 -223.452301
v -937.796997 54.443501 -221.864304
v -932.831726 54.954201 -227.136093
v -939.685791 58.243999 -219.121002
v -955.997070 55.751301 -203.105606
v -956.044678 58.549900 -210.644394
v -962.712524 57.283001 -209.676193
v -963.085022 55.446602 -202.408600
v -961.201172 54.943699 -194.814102
v -954.438416 57.901699 -195.783493
v -967.942322 59.844299 -201.197205
v -967.563721 63.969299 -208.993195
v -966.026917 62.813400 -193.611206
v -949.488525 59.182400 -240.330399
v -948.053101 59.177700 -236.199097
v -944.091370 59.178501 -238.533707
v -945.773987 58.097801 -242.117401
v -950.969421 62.559898 -235.289597
v -952.916870 62.236900 -239.197601
v -945.346375 61.703999 -233.406601
v -941.984314 62.084801 -235.722595
v -948.794800 64.166199 -232.014404
v -975.890320 59.467701 -224.579300
v -971.358521 59.226299 -227.304306
v -986.705200 60.042400 -228.141800
v -986.361328 60.890202 -226.371796
v -966.566895 61.453098 -217.693405
v -964.559570 61.290100 -219.948593
v -955.766602 59.304798 -207.031494
v -960.860107 56.905201 -228.345901
v -956.158630 56.220600 -226.376205
v -963.766724 55.505798 -239.524597
v -965.851624 55.437000 -238.992905
v -967.727905 58.092400 -251.404694
v -970.002197 57.946602 -251.050507
v -969.424316 57.082001 -257.259613
v -968.018982 57.780998 -257.633087
v -971.219727 55.712898 -261.836487
v -971.609009 56.148201 -260.907898
v -971.625916 57.666100 -211.930496
v -970.249023 57.490799 -209.724304
v -962.098511 60.080002 -210.851501
v -952.168884 60.297798 -220.102707
v -977.713501 56.992599 -210.396393
v -978.424988 56.904999 -207.747498
v -987.299988 57.455002 -212.660202
v -988.630920 57.055000 -211.486603
v -990.932922 57.402302 -218.551300
v -990.026611 57.008999 -218.633301
v -949.495117 50.192902 -201.020004
v -954.605286 59.308102 -203.779099
v -956.565125 58.727901 -202.427704
v -951.008911 48.997601 -200.387894
v -962.108521 59.926498 -204.124405
v -961.419373 61.961300 -208.061203
v -966.792786 57.937000 -210.075806
v -968.157593 56.529999 -207.452393
v -974.056824 63.384602 -213.273697
v -971.345276 63.815899 -213.932907
v -980.137512 68.900200 -228.557404
v -971.173218 58.082001 -244.169495
v -971.176086 57.439400 -245.536301
v -978.030823 58.989899 -246.103394
v -978.140076 58.931900 -244.260498
v -984.022522 61.203701 -246.312698
v -983.351807 61.355598 -242.334198
v -986.855103 61.389099 -239.369995
v -984.430481 61.503300 -239.224304
v -982.284973 60.598400 -233.362198
v -957.173706 61.188301 -235.024597
v -945.034973 57.247101 -232.054901
v -953.400818 58.304600 -242.425705
v -974.194092 63.026402 -230.388702
v -943.117676 55.904400 -239.625900
v -935.398376 54.512798 -239.000000
v -937.042725 59.673000 -244.516800
v -929.004822 47.797298 -234.006104
v -931.104492 50.482201 -228.530197
v -947.028381 55.436901 156.038101
v -952.492981 51.173698 153.107605
v -957.027771 55.217701 159.495605
v -950.714417 59.045898 161.689102
v -943.409729 52.257599 150.129395
v -949.733215 48.493500 147.897400
v -953.741577 52.637901 143.227600
v -957.317017 55.539101 149.303101
v -960.964600 58.902302 155.101501
v -959.344727 57.472401 172.382599
v -953.261108 61.054298 172.278595
v -951.720215 57.730701 162.158096
v -959.140076 55.108398 162.222107
v -965.574829 61.559200 171.223602
v -967.330688 60.796700 162.966797
v -967.280823 60.707600 154.327103
v -959.705383 56.848499 152.672302
v -953.459106 60.410400 152.229599
v -967.753723 57.533401 164.114700
v -967.452271 56.150799 156.278107
v -974.206177 55.976398 157.290298
v -974.853821 58.102699 164.475693
v -973.166504 61.427502 171.537003
v -966.200378 63.096500 169.848206
v -979.414185 62.959900 163.522095
v -978.590576 62.594002 154.945602
v -977.453918 69.361198 169.179901
v -965.149719 54.609600 176.499695
v -957.999512 58.151600 175.087906
v -960.103271 56.807098 168.699402
v -967.141418 54.251598 169.663895
v -974.177917 52.986599 172.927597
v -972.185486 56.015499 179.436905
v -969.579712 58.521000 165.192703
v -962.200073 63.409000 164.173096
v -976.869812 60.715302 168.542999
v -961.234619 51.861099 169.881805
v -958.841370 51.766300 178.160294
v -952.679199 52.514000 176.125900
v -955.008972 55.967499 169.029297
v -958.372314 54.608398 164.184692
v -963.715820 52.252499 164.037994
v -969.323608 55.204601 165.889404
v -966.685974 56.869499 172.884399
v -964.249329 55.838600 179.945694
v -970.216309 57.467300 168.447601
v -975.800720 52.594398 170.141998
v -970.807007 50.256199 176.851501
v -965.672974 55.599701 174.139603
v -974.916626 59.750900 162.990997
v -980.074097 54.469398 165.738098
v -979.964478 55.132500 175.651596
v -975.331421 53.026901 181.208893
v -984.766479 57.685299 170.347305
v -966.579773 58.607899 155.732803
v -970.311523 60.230900 147.383301
v -977.778076 62.809101 153.815598
v -969.901184 62.922100 165.576797
v -963.652527 62.680199 161.483902
v -974.342896 58.702702 160.012497
v -976.710327 63.674599 169.412903
v -980.307373 59.094101 163.757004
v -985.872803 68.142502 157.490997
v -973.310791 58.053799 147.593994
v -972.288086 60.852402 140.124695
v -979.026001 59.585499 140.136993
v -980.425781 57.749199 147.278198
v -979.638672 57.246201 155.063202
v -972.806824 60.204300 155.063202
v -985.405884 62.146801 147.788193
v -983.924927 66.271797 140.124695
v -984.586182 65.115997 155.569199
v -972.053223 56.534599 167.063705
v -973.084412 57.445900 162.164703
v -974.171814 53.468700 161.359802
v -974.616272 51.937000 166.374893
v -975.605103 53.850101 156.899994
v -974.954712 58.280499 155.450806
v -981.631104 50.764000 158.186005
v -980.320801 50.255001 163.848099
v -979.828125 51.088100 167.117905
v -980.224915 54.444698 167.895203
v -972.809570 57.572800 167.614502
v -973.147522 54.539200 158.754501
v -980.395386 52.501701 158.993896
v -988.133911 57.842499 158.948196
v -987.784424 59.083099 167.698898
v -981.168701 54.614201 150.206604
v -973.573181 57.718899 149.580597
v -989.023987 58.728001 150.195801
v -962.133179 58.236900 129.891998
v -964.637024 64.233398 124.585701
v -973.063171 60.697601 126.824303
v -970.582520 55.778301 132.358398
v -967.728088 57.464298 140.843307
v -959.525513 59.338001 138.040298
v -978.461792 56.828098 136.645706
v -981.351624 62.855900 131.290207
v -975.616089 57.331402 144.815994
v -949.138794 59.338799 148.786194
v -948.114990 62.136799 141.317001
v -954.853394 60.873699 141.329300
v -956.254028 59.038101 148.470398
v -955.466980 58.534698 156.255402
v -948.633911 61.488899 156.255402
v -961.232117 63.438599 148.980392
v -959.749329 67.562698 141.317001
v -960.411072 66.407303 156.761398
v -954.541382 53.880501 163.053604
v -948.696411 59.896400 162.772903
v -948.005615 56.939701 153.912903
v -954.056274 52.006100 154.152298
v -963.005127 53.712700 154.106705
v -963.091614 55.010601 162.857300
v -955.473389 53.641602 145.365005
v -949.453430 59.711300 144.738998
v -964.124329 54.160702 145.354202
v -962.393372 57.697899 165.767700
v -954.718628 59.320999 170.741196
v -951.955627 61.899200 161.281296
v -964.964600 62.012100 155.701706
v -967.979370 61.770199 162.536194
v -958.210022 57.792702 157.952301
v -961.340088 62.764599 148.777603
v -955.244324 58.184101 151.564697
v -947.165222 67.232498 153.792404
v -939.149414 51.419701 150.772598
v -945.945679 53.094398 150.069702
v -945.548523 56.191200 157.163498
v -937.814697 56.195499 157.509293
v -945.869385 55.687901 144.539993
v -937.482422 57.592300 145.024399
v -953.536377 55.118900 151.235596
v -951.900879 61.992100 157.156998
v -952.323181 60.589699 145.118698
v -945.358826 52.984901 159.196396
v -943.588013 53.246101 155.985001
v -946.570618 54.699902 155.055206
v -948.647583 53.377800 158.005096
v -949.026917 54.055500 161.812500
v -945.703491 53.496799 162.855392
v -950.835693 56.892601 157.575699
v -949.581116 57.543800 153.703201
v -952.002625 56.653702 161.133896
v -959.855286 56.186199 168.117294
v -960.355713 53.055500 171.456299
v -955.985107 54.534801 172.019699
v -955.634888 56.457802 168.337906
v -964.140625 55.116001 172.280396
v -964.084473 57.865898 168.649704
v -959.885010 52.744202 175.912704
v -956.137329 54.532902 176.376404
v -964.081177 53.787102 176.292099
v -966.843872 55.922699 168.932999
v -959.374573 58.815102 168.305099
v -959.386780 53.387798 160.390305
v -966.669800 51.538502 160.744400
v -974.313110 56.756802 159.167297
v -974.313110 60.417301 167.373703
v -967.038086 51.117802 151.741196
v -959.374573 53.888901 150.792603
v -974.818970 55.158798 150.464096
v -972.646729 57.649101 158.325806
v -970.250488 57.511299 166.599197
v -965.139282 53.434502 164.075500
v -966.976196 53.422901 156.836899
v -963.548218 53.158100 171.369400
v -969.255493 57.341301 172.866501
v -975.450928 55.369999 174.363998
v -976.882812 55.832901 167.034195
v -978.579102 55.986099 159.764008
v -969.570984 53.880501 156.673904
v -963.726074 59.896400 156.393204
v -963.035217 56.939701 147.533096
v -969.085815 52.006100 147.772598
v -978.034790 53.712700 147.726898
v -978.121094 55.010601 156.477600
v -970.502930 53.641602 138.985306
v -964.482971 59.711300 138.359299
v -979.153870 54.160702 138.974503
v -976.817322 57.858200 136.031403
v -981.331421 59.287701 142.418304
v -973.804199 56.247700 147.100601
v -969.461975 55.849998 141.027405
v -965.307617 62.791000 135.818604
v -972.583008 64.068703 130.951401
v -962.225525 57.953201 146.074997
v -966.570984 59.314499 152.808395
v -957.911072 63.717201 140.576004
v -966.511108 51.942902 164.978699
v -960.666077 57.958698 164.697998
v -959.975220 55.001999 155.837997
v -966.026001 50.068401 156.077301
v -974.974915 51.775002 156.031693
v -975.061279 53.072899 164.782303
v -967.442993 51.703899 147.290100
v -961.423096 57.773701 146.664093
v -976.093994 52.223000 147.279297
v -956.884583 55.166500 152.329697
v -963.063477 51.060001 151.187607
v -963.386414 50.965199 159.798996
v -956.896973 55.196201 159.798996
v -957.068970 55.611599 144.860504
v -963.587585 51.451401 144.860504
v -969.181519 55.279400 152.329697
v -969.081299 55.037498 159.798996
v -969.492981 56.031898 144.860504
v -956.219116 52.787300 144.000702
v -958.804382 54.671501 136.684402
v -964.055298 57.257900 140.401596
v -961.588379 56.421001 147.399994
v -956.718079 55.550201 153.491592
v -950.795715 54.389500 149.315903
v -963.296509 62.992199 149.228302
v -965.197998 65.783798 141.192200
v -957.178772 65.136703 154.435501
v -979.318481 63.533401 136.287399
v -979.882324 63.533401 143.678299
v -975.013916 59.330002 144.244705
v -972.358521 60.299900 137.160797
v -974.595886 59.330002 151.069199
v -979.794617 63.533401 153.896103
v -965.398621 62.976101 151.069199
v -965.398621 63.533401 142.613403
v -966.241882 65.598099 138.124298
v -976.111877 58.391800 160.518997
v -975.447021 54.188499 152.917496
v -982.629395 59.221500 153.559097
v -983.502808 58.391800 160.518997
v -968.720886 58.391800 160.518997
v -968.720886 54.188499 153.559097
v -968.720886 54.699799 146.599106
v -977.176819 58.391800 146.599106
v -981.100830 62.409599 146.599106
v -984.210815 52.990200 164.064499
v -984.288879 52.612801 160.380295
v -989.390503 52.139801 159.991898
v -989.156494 52.092800 164.851898
v -979.857117 53.523499 159.081207
v -977.497986 54.306801 162.447205
v -981.394409 55.087898 154.023605
v -986.992920 54.120899 155.401199
v -989.948608 53.902302 156.912003
v -978.648315 57.801601 138.929092
v -977.393311 57.050598 130.429199
v -981.363403 62.820202 129.694000
v -980.121277 65.595299 137.282196
v -980.557983 63.575100 143.011795
v -978.843872 57.960899 145.282806
v -972.917480 55.231899 146.149704
v -971.121521 56.271900 138.801605
v -970.897583 55.269501 131.332001
v -980.574097 63.392899 135.938202
v -980.260315 61.323502 139.926102
v -976.938416 64.928902 140.095795
v -976.887817 65.732399 136.081604
v -984.566772 61.612999 140.200195
v -985.101624 63.037701 136.027802
v -980.275818 62.602501 144.279205
v -977.621826 66.158302 144.275803
v -984.513123 61.641899 144.381805
v -975.171509 55.092300 139.002502
v -982.689270 59.544300 135.297897
v -984.040588 62.328400 142.703506
v -977.037415 57.032600 146.031906
v -989.456787 59.011902 148.715393
v -983.016479 53.316898 152.010498
v -972.607727 48.844601 149.005295
v -970.940308 45.810101 141.545807
v -977.971985 46.066799 155.344894
v -985.051514 55.118698 146.828598
v -982.783630 62.029301 151.298294
v -975.245789 61.936501 145.908707
v -977.908813 56.028099 141.299606
v -984.009216 55.968800 134.579102
v -990.635498 54.630699 140.287796
v -973.005676 59.881699 134.548004
v -970.396179 66.977600 138.926193
v -978.619507 58.739300 128.028198
v -960.346619 56.810200 147.273605
v -954.262878 60.372799 147.619507
v -952.721985 58.690498 137.183899
v -960.141785 56.084301 136.918594
v -966.576721 61.040199 146.638397
v -968.332520 61.597401 138.368607
v -968.282471 62.882000 129.804092
v -960.707275 59.324402 127.682404
v -954.460876 62.921001 127.690399
v -964.709473 58.962700 133.719696
v -964.973572 59.647400 128.922501
v -969.294922 59.311699 129.036499
v -969.641785 57.340302 133.547394
v -969.325073 58.475101 137.991104
v -965.237915 59.923199 137.991104
v -973.848022 59.612900 133.825699
v -974.106689 60.292900 128.860596
v -973.787598 59.343498 138.267197
v -950.177490 55.737701 141.421402
v -948.943481 61.102699 148.495697
v -943.036987 58.035999 148.995407
v -942.917480 55.834000 141.162292
v -945.952515 52.379902 136.964905
v -951.604492 52.435299 135.963196
v -955.449219 57.708500 133.718597
v -953.133118 63.229801 139.072800
v -952.134827 67.025299 145.727203
v -967.830627 56.813099 136.188095
v -967.687622 52.172199 130.541595
v -976.206177 53.629002 130.694107
v -975.182617 58.231701 136.565002
v -960.456177 55.590302 135.608994
v -961.476379 51.016800 129.707901
v -961.662170 51.515800 124.025200
v -969.051025 52.611900 124.735199
v -976.415894 53.918499 125.227798
v -951.375488 52.244900 167.867401
v -958.581482 51.633400 167.120193
v -958.470703 52.276699 175.718307
v -950.995789 52.767399 175.312698
v -951.742371 52.245201 160.394501
v -959.215515 51.832500 160.796097
v -962.315308 58.564098 168.096207
v -961.942993 58.787498 175.557297
v -962.674072 58.902802 160.605301
v -966.479614 54.759800 132.852905
v -970.277222 56.980999 126.184502
v -977.560120 52.454399 130.267899
v -974.046326 51.279301 136.781494
v -971.793274 57.356701 143.722702
v -964.319824 60.100700 139.707901
v -981.927612 51.869701 141.133698
v -986.103882 53.986698 134.447205
v -979.395081 56.760201 148.188995
v -970.291504 54.052101 135.066193
v -970.296509 61.479900 139.456299
v -961.466125 58.945801 141.138901
v -961.414429 52.513100 136.319305
v -960.971130 51.743301 127.279503
v -969.713501 52.833401 126.542900
v -952.578125 53.862598 134.971298
v -952.246216 61.395901 139.534302
v -952.178711 52.020500 126.473297
v -953.453674 51.269402 130.439194
v -957.404419 58.463699 127.917801
v -960.952576 58.475399 136.478195
v -956.545471 52.258202 138.919296
v -947.830078 51.636200 141.392502
v -945.291321 50.250301 133.029007
v -956.952515 56.033798 147.281494
v -961.135620 63.424400 145.020203
v -948.807312 54.360802 149.830994
v -982.526001 56.549900 164.887695
v -979.677185 57.231701 167.128403
v -977.991089 56.421398 164.288300
v -980.823425 54.630001 162.328201
v -984.192993 55.686298 160.664597
v -985.803284 57.462502 163.365997
v -979.190796 56.096001 159.110306
v -975.541504 56.655300 160.937897
v -982.448914 55.868801 157.263000
v -968.921570 49.303902 149.036606
v -967.898987 52.102501 141.567307
v -974.636780 50.835602 141.579605
v -976.036682 48.999298 148.720795
v -975.249512 48.496300 156.505798
v -968.417603 51.454399 156.505798
v -981.016724 53.396900 149.230804
v -979.535828 57.521900 141.567398
v -980.197083 56.366100 157.011703
v -952.684570 55.472698 144.360306
v -960.038513 58.270699 142.699295
v -960.604187 57.007599 149.413895
v -953.609619 55.172001 151.422104
v -945.785828 54.668598 151.306000
v -945.199585 57.622799 144.498001
v -953.528625 59.572498 156.425598
v -961.036621 63.696701 154.290695
v -945.705872 62.541199 156.275299
v -942.632812 54.306900 139.134003
v -945.973999 54.350300 133.531693
v -952.671387 56.162399 137.178406
v -950.191528 54.033001 143.253601
v -956.564697 55.243801 141.568298
v -955.387024 54.073502 146.918701
v -952.644287 56.224400 151.848602
v -946.530273 57.478401 147.686905
v -940.088379 57.120098 143.831497
v -955.663574 58.648701 158.843903
v -956.679810 55.946899 165.398102
v -949.476807 54.152802 164.946899
v -949.664978 52.382599 156.601196
v -942.273804 52.358700 164.495697
v -943.109985 50.553001 156.807800
v -943.008301 53.168201 150.231796
v -950.514526 58.682800 151.618698
v -953.539612 63.402802 152.805801
v -968.567505 66.031502 155.722000
v -972.754517 64.746498 161.281998
v -967.047119 60.133598 163.578094
v -964.695312 57.531200 155.749603
v -961.339783 55.520802 165.874207
v -959.795288 53.227200 158.401596
v -956.407288 54.796501 152.466400
v -961.493286 63.098900 151.043396
v -962.952515 68.839897 151.134506
v -968.323608 55.123402 160.749100
v -972.510620 53.838402 166.309097
v -966.803223 49.225498 168.605301
v -964.451416 46.623100 160.776703
v -961.095886 44.612701 170.901398
v -959.551392 42.319099 163.428802
v -956.163513 43.888401 157.493607
v -961.249390 52.190800 156.070602
v -962.708618 57.931702 156.161606
v -958.358521 58.648701 146.763901
v -959.374817 55.946899 153.318100
v -952.171814 54.152802 152.866898
v -952.360107 52.382599 144.521103
v -944.968811 52.358700 152.415604
v -945.805115 50.553001 144.727798
v -945.703186 53.168201 138.151794
v -953.209473 58.682800 139.538696
v -956.234497 63.402802 140.725800
v -965.473328 54.422600 151.124893
v -968.898071 51.647800 156.776993
v -962.059082 50.957100 159.511505
v -958.479187 49.102901 151.986099
v -955.220093 50.266499 162.246002
v -952.498291 48.284599 155.044098
v -949.875000 50.834999 148.991302
v -957.776489 55.174198 146.762604
v -961.491577 59.403301 146.290100
v -978.508484 55.088001 163.830399
v -980.597412 51.988400 164.868607
v -977.524292 51.961601 169.971100
v -975.719788 55.422699 169.220505
v -983.352722 56.456200 160.263107
v -985.094604 52.914700 161.235397
v -985.241577 50.770401 168.199203
v -981.945923 50.622898 172.964493
v -989.395630 51.315601 164.221100
v -983.268677 59.934101 142.241806
v -977.768127 65.970200 140.235901
v -977.113281 60.984501 135.075104
v -982.700989 55.589802 136.276001
v -989.450073 52.215401 138.902100
v -990.799927 58.518799 143.421097
v -984.814209 55.677502 130.289307
v -979.685974 63.068001 128.059906
v -992.960388 54.925499 131.455002
v -938.893616 50.349300 145.300400
v -943.272522 51.407001 139.055695
v -947.939819 51.590801 144.029007
v -943.923279 50.973701 150.180099
v -950.331482 54.893200 146.550400
v -946.295227 53.331402 153.442093
v -937.796997 50.681000 155.030106
v -932.831726 51.191799 149.758301
v -939.685791 54.481602 157.773407
v -955.997070 51.988899 173.788803
v -956.044678 54.787498 166.250000
v -962.712524 53.520599 167.218201
v -963.085022 51.684200 174.485794
v -961.201172 51.181301 182.080307
v -954.438416 54.139301 181.110901
v -967.942322 56.081902 175.697296
v -967.563721 60.206902 167.901199
v -966.026917 59.050999 183.283203
v -949.488525 55.419998 136.564102
v -948.053101 55.415298 140.695297
v -944.091370 55.416100 138.360703
v -945.773987 54.335400 134.777100
v -950.969421 58.797501 141.604904
v -952.916870 58.474499 137.696793
v -945.346375 57.941601 143.487793
v -941.984314 58.322399 141.171799
v -948.794800 60.403801 144.880005
v -975.890320 55.705299 152.315201
v -971.358521 55.463902 149.590103
v -986.705200 56.279999 148.752594
v -986.361328 57.127800 150.522598
v -966.566895 57.690701 159.201004
v -964.559570 57.527699 156.945801
v -955.766602 55.542400 169.862900
v -960.860107 53.142799 148.548492
v -956.158630 52.458199 150.518204
v -963.766724 51.743401 137.369797
v -965.851624 51.674599 137.901596
v -967.727905 54.330002 125.489700
v -970.002197 54.184200 125.843903
v -969.424316 53.319599 119.634804
v -968.018982 54.018600 119.261299
v -971.219727 51.950500 115.057899
v -971.609009 52.385799 115.986504
v -971.625916 53.903702 164.963898
v -970.249023 53.728401 167.170105
v -962.098511 56.317600 166.042801
v -952.168884 56.535400 156.791702
v -977.713501 53.230202 166.498001
v -978.424988 53.142601 169.146896
v -987.299988 53.692600 164.234299
v -988.630920 53.292599 165.407806
v -990.932922 53.639900 158.343094
v -990.026611 53.246601 158.261002
v -949.495117 46.430500 175.874405
v -954.605286 55.545700 173.115295
v -956.565125 54.965500 174.466705
v -951.008911 45.235199 176.506500
v -962.108521 56.164101 172.770004
v -961.419373 58.198898 168.833206
v -966.792786 54.174599 166.818604
v -968.157593 52.767601 169.442001
v -974.056824 59.622200 163.620697
v -971.345276 60.053501 162.961502
v -980.137512 65.137802 148.337006
v -971.173218 54.319599 132.724899
v -971.176086 53.676998 131.358093
v -978.030823 55.227501 130.791000
v -978.140076 55.169498 132.633896
v -984.022522 57.441299 130.581696
v -983.351807 57.593201 134.560196
v -986.855103 57.626701 137.524399
v -984.430481 57.740898 137.670105
v -982.284973 56.835999 143.532196
v -957.173706 57.425900 141.869904
v -945.034973 53.484699 144.839493
v -953.400818 54.542198 134.468704
v -974.194092 59.264000 146.505707
v -943.117676 52.141998 137.268494
v -935.398376 50.750401 137.894394
v -937.042725 55.910599 132.377594
v -929.004822 44.034901 142.888306
v -931.104492 46.719799 148.364197
v -250.110596 55.436901 169.827805
v -247.180099 51.173698 164.363297
v -253.567993 55.217701 159.828400
v -255.761505 59.045898 166.141907
v -244.201797 52.257599 173.446701
v -241.969803 48.493500 167.123093
v -237.300003 52.637901 163.114700
v -243.375504 55.539101 159.539200
v -249.173996 58.902302 155.891693
v -266.454987 57.472401 157.511597
v -266.351013 61.054298 163.595200
v -256.230591 57.730701 165.136002
v -256.294586 55.108398 157.716202
v -265.295990 61.559200 151.281494
v -257.039215 60.796700 149.525497
v -248.399506 60.707600 149.575607
v -246.744797 56.848499 157.150803
v -246.302002 60.410400 163.397202
v -258.187103 57.533401 149.102600
v -250.350494 56.150799 149.404007
v -251.362701 55.976398 142.650101
v -258.548187 58.102699 142.002502
v -265.609406 61.427502 143.689804
v -263.920685 63.096500 150.655899
v -257.594513 62.959900 137.442093
v -249.017899 62.594002 138.265793
v -263.252289 69.361198 139.402405
v -270.572113 54.609600 151.706696
v -269.160309 58.151600 158.856796
v -262.771912 56.807098 156.753098
v -263.736298 54.251598 149.714996
v -267.000000 52.986599 142.678497
v -273.509308 56.015499 144.670700
v -259.265106 58.521000 147.276596
v -258.245514 63.409000 154.656296
v -262.615509 60.715302 139.986496
v -263.954193 51.861099 155.621704
v -272.232697 51.766300 158.014893
v -270.198212 52.514000 164.177094
v -263.101715 55.967499 161.847198
v -258.257202 54.608398 158.483994
v -258.110413 52.252499 153.140503
v -259.961792 55.204601 147.532700
v -266.956787 56.869499 150.170197
v -274.018097 55.838600 152.606995
v -262.519989 57.467300 146.639999
v -264.214386 52.594398 141.055603
v -270.924011 50.256199 146.049301
v -268.211914 55.599701 151.183304
v -257.063507 59.750900 141.939606
v -259.810486 54.469398 136.782303
v -269.723999 55.132500 136.891800
v -275.281403 53.026901 141.524902
v -264.419800 57.685299 132.089798
v -249.805206 58.607899 150.276505
v -241.455795 60.230900 146.544693
v -247.888107 62.809101 139.078201
v -259.649200 62.922100 146.955002
v -255.556305 62.680199 153.203903
v -254.084793 58.702702 142.513306
v -263.485413 63.674599 140.145996
v -257.829498 59.094101 136.548904
v -251.563507 68.142502 130.983597
v -241.666397 58.053799 143.545502
v -234.197098 60.852402 144.568207
v -234.209503 59.585499 137.830307
v -241.350601 57.749199 136.430496
v -249.135605 57.246201 137.217697
v -249.135605 60.204300 144.049606
v -241.860596 62.146801 131.450394
v -234.197098 66.271797 132.931396
v -249.641602 65.115997 132.270096
v -261.136108 56.534599 144.803101
v -256.237213 57.445900 143.771896
v -255.432297 53.468700 142.684601
v -260.447296 51.937000 142.240005
v -250.972397 53.850101 141.251205
v -249.523300 58.280499 141.901596
v -252.258408 50.764000 135.225204
v -257.920502 50.255001 136.535507
v -261.190308 51.088100 137.028198
v -261.967712 54.444698 136.631393
v -261.686890 57.572800 144.046707
v -252.826904 54.539200 143.708801
v -253.066299 52.501701 136.460999
v -253.020599 57.842499 128.722305
v -261.771210 59.083099 129.071899
v -244.279099 54.614201 135.687607
v -243.653000 57.718899 143.283096
v -244.268204 58.728001 127.832199
v -223.964401 58.236900 154.723099
v -218.658203 64.233398 152.219299
v -220.896698 60.697601 143.793106
v -226.430801 55.778301 146.273804
v -234.915604 57.464298 149.128098
v -232.112701 59.338001 157.330795
v -230.718094 56.828098 138.394501
v -225.362701 62.855900 135.504807
v -238.888397 57.331402 141.240097
v -242.858597 59.338799 167.717407
v -235.389404 62.136799 168.741302
v -235.401703 60.873699 162.002899
v -242.542801 59.038101 160.602295
v -250.327896 58.534698 161.389206
v -250.327896 61.488899 168.222397
v -243.052902 63.438599 155.624207
v -235.389404 67.562698 157.106995
v -250.833893 66.407303 156.445099
v -257.126099 53.880501 162.314896
v -256.845306 59.896400 168.159897
v -247.985397 56.939701 168.850693
v -248.224701 52.006100 162.800003
v -248.179092 53.712700 153.851105
v -256.929688 55.010601 153.764694
v -239.437393 53.641602 161.382996
v -238.811401 59.711300 167.402893
v -239.426605 54.160702 152.731995
v -259.840088 57.697899 154.462799
v -264.813599 59.320999 162.137695
v -255.353806 61.899200 164.900803
v -249.774002 62.012100 151.891693
v -256.608612 61.770199 148.876999
v -252.024704 57.792702 158.646301
v -242.850006 62.764599 155.516098
v -245.637100 58.184101 161.612000
v -247.864899 67.232498 169.691193
v -244.845001 51.419701 177.706894
v -244.142105 53.094398 170.910599
v -251.235794 56.191200 171.307800
v -251.581802 56.195499 179.041595
v -238.612396 55.687901 170.987000
v -239.096802 57.592300 179.373901
v -245.308105 55.118900 163.319901
v -251.229507 61.992100 164.955399
v -239.190994 60.589699 164.533005
v -253.268799 52.984901 171.497498
v -250.057404 53.246101 173.268204
v -249.127701 54.699902 170.285706
v -252.077499 53.377800 168.208694
v -255.884903 54.055500 167.829498
v -256.927887 53.496799 171.152802
v -251.648102 56.892601 166.020599
v -247.775604 57.543800 167.275208
v -255.206299 56.653702 164.853699
v -262.189789 56.186199 157.001007
v -265.528687 53.055500 156.500595
v -266.092194 54.534801 160.871201
v -262.410309 56.457802 161.221405
v -266.352814 55.116001 152.715698
v -262.722198 57.865898 152.771896
v -269.985107 52.744202 156.971298
v -270.448914 54.532902 160.718994
v -270.364502 53.787102 152.775101
v -263.005402 55.922699 150.012497
v -262.377411 58.815102 157.481705
v -254.462799 53.387798 157.469406
v -254.816895 51.538502 150.186600
v -253.239700 56.756802 142.543198
v -261.446014 60.417301 142.543198
v -245.813599 51.117802 149.818207
v -244.865005 53.888901 157.481705
v -244.536499 55.158798 142.037292
v -252.398193 57.649101 144.209503
v -260.671600 57.511299 146.605804
v -258.147888 53.434502 151.716995
v -250.909302 53.422901 149.880096
v -265.441895 53.158100 153.307999
v -266.938995 57.341301 147.600800
v -268.436401 55.369999 141.405396
v -261.106689 55.832901 139.973495
v -253.836395 55.986099 138.277206
v -250.746307 53.880501 147.285294
v -250.465607 59.896400 153.130203
v -241.605606 56.939701 153.821106
v -241.845001 52.006100 147.770401
v -241.799301 53.712700 138.821503
v -250.549896 55.010601 138.735107
v -233.057693 53.641602 146.353394
v -232.431595 59.711300 152.373306
v -233.046906 54.160702 137.702393
v -230.103897 57.858200 140.039001
v -236.490707 59.287701 135.524902
v -241.173004 56.247700 143.052200
v -235.099899 55.849998 147.394302
v -229.891006 62.791000 151.548706
v -225.023804 64.068703 144.273300
v -240.147507 57.953201 154.630798
v -246.880905 59.314499 150.285202
v -234.648407 63.717201 158.945099
v -259.051086 51.942902 150.345200
v -258.770386 57.958698 156.190201
v -249.910400 55.001999 156.880997
v -250.149796 50.068401 150.830399
v -250.104095 51.775002 141.881393
v -258.854706 53.072899 141.794998
v -241.362503 51.703899 149.413300
v -240.736496 57.773701 155.433197
v -241.351700 52.223000 140.762299
v -246.402206 55.166500 159.971695
v -245.259995 51.060001 153.792801
v -253.871506 50.965199 153.470001
v -253.871506 55.196201 159.959396
v -238.932999 55.611599 159.787399
v -238.932999 51.451401 153.268707
v -246.402206 55.279400 147.674805
v -253.871506 55.037498 147.774994
v -238.932999 56.031898 147.363205
v -238.073105 52.787300 160.637100
v -230.756805 54.671501 158.051804
v -234.473999 57.257900 152.800995
v -241.472397 56.421001 155.267899
v -247.563995 55.550201 160.138199
v -243.388306 54.389500 166.060699
v -243.300705 62.992199 153.559799
v -235.264603 65.783798 151.658295
v -248.507904 65.136703 159.677399
v -230.359695 63.533401 137.537796
v -237.750702 63.533401 136.973907
v -238.317093 59.330002 141.842407
v -231.233200 60.299900 144.497803
v -245.141602 59.330002 142.260300
v -247.968506 63.533401 137.061798
v -245.141602 62.976101 151.457794
v -236.685898 63.533401 151.457794
v -232.196701 65.598099 150.614304
v -254.591400 58.391800 140.744400
v -246.990005 54.188499 141.409302
v -247.631500 59.221500 134.226898
v -254.591400 58.391800 133.353500
v -254.591400 58.391800 148.135300
v -247.631500 54.188499 148.135300
v -240.671494 54.699799 148.135300
v -240.671494 58.391800 139.679596
v -240.671494 62.409599 135.755493
v -258.136810 52.990200 132.645401
v -254.452805 52.612801 132.567398
v -254.064301 52.139801 127.465797
v -258.924286 52.092800 127.699699
v -253.153702 53.523499 136.999207
v -256.519501 54.306801 139.358200
v -248.095901 55.087898 135.461899
v -249.473602 54.120899 129.863297
v -250.984497 53.902302 126.907700
v -233.001495 57.801601 138.207993
v -224.501694 57.050598 139.462997
v -223.766495 62.820202 135.492905
v -231.354599 65.595299 136.734894
v -237.084198 63.575100 136.298294
v -239.355194 57.960899 138.012405
v -240.222000 55.231899 143.938797
v -232.873993 56.271900 145.734802
v -225.404404 55.269501 145.958694
v -230.010605 63.392899 136.282196
v -233.998505 61.323502 136.595993
v -234.168198 64.928902 139.917999
v -230.154099 65.732399 139.968506
v -234.272598 61.612999 132.289597
v -230.100204 63.037701 131.754700
v -238.351700 62.602501 136.580505
v -238.348099 66.158302 139.234497
v -238.454193 61.641899 132.343201
v -233.074997 55.092300 141.684799
v -229.370407 59.544300 134.166901
v -236.775894 62.328400 132.815598
v -240.104202 57.032600 139.819000
v -242.787796 59.011902 127.399597
v -246.082901 53.316898 133.839798
v -243.077805 48.844601 144.248703
v -235.618301 45.810101 145.915894
v -249.417404 46.066799 138.884293
v -240.901001 55.118698 131.804794
v -245.370697 62.029301 134.072693
v -239.981094 61.936501 141.610397
v -235.372101 56.028099 138.947495
v -228.651596 55.968800 132.847198
v -234.360199 54.630699 126.220802
v -228.620499 59.881699 143.850494
v -232.998703 66.977600 146.460098
v -222.100601 58.739300 138.236801
v -241.346100 56.810200 156.509796
v -241.691895 60.372799 162.593399
v -231.256302 58.690498 164.134293
v -230.990997 56.084301 156.714401
v -240.710800 61.040199 150.279694
v -232.440994 61.597401 148.523804
v -223.876602 62.882000 148.573807
v -221.754807 59.324402 156.149002
v -221.762802 62.921001 162.395401
v -227.792099 58.962700 152.146805
v -222.994904 59.647400 151.882706
v -223.108902 59.311699 147.561295
v -227.619904 57.340302 147.214401
v -232.063507 58.475101 147.531204
v -232.063507 59.923199 151.618393
v -227.898102 59.612900 143.008301
v -222.932999 60.292900 142.749496
v -232.339600 59.343498 143.068604
v -235.493805 55.737701 166.678802
v -242.568100 61.102699 167.912796
v -243.067902 58.035999 173.819397
v -235.234695 55.834000 173.938797
v -231.037399 52.379902 170.903793
v -230.035599 52.435299 165.251694
v -227.791000 57.708500 161.407104
v -233.145294 63.229801 163.723297
v -239.799698 67.025299 164.721497
v -230.260498 56.813099 149.025803
v -224.613998 52.172199 149.168701
v -224.766495 53.629002 140.650101
v -230.637497 58.231701 141.673706
v -229.681396 55.590302 156.400101
v -223.780304 51.016800 155.379898
v -218.097702 51.515800 155.194107
v -218.807602 52.611900 147.805206
v -219.300201 53.918499 140.440399
v -261.939789 52.244900 165.480804
v -261.192596 51.633400 158.274704
v -269.790802 52.276699 158.385605
v -269.385010 52.767399 165.860397
v -254.466904 52.245201 165.113907
v -254.868393 51.832500 157.640900
v -262.168610 58.564098 154.541000
v -269.629791 58.787498 154.913300
v -254.677704 58.902802 154.182205
v -226.925293 54.759800 150.376694
v -220.257004 56.980999 146.578995
v -224.340302 52.454399 139.296204
v -230.853897 51.279301 142.810104
v -237.794998 57.356701 145.063004
v -233.780396 60.100700 152.536499
v -235.206207 51.869701 134.928604
v -228.519699 53.986698 130.752396
v -242.261505 56.760201 137.461197
v -229.138702 54.052101 146.564804
v -233.528702 61.479900 146.559799
v -235.211304 58.945801 155.390198
v -230.391693 52.513100 155.441895
v -221.351898 51.743301 155.885193
v -220.615402 52.833401 147.142807
v -229.043701 53.862598 164.278198
v -233.606705 61.395901 164.610107
v -220.545700 52.020500 164.677597
v -224.511703 51.269402 163.402603
v -221.990097 58.463699 159.451904
v -230.550705 58.475399 155.903702
v -232.991699 52.258202 160.310806
v -235.464996 51.636200 169.026199
v -227.101395 50.250301 171.565002
v -241.353897 56.033798 159.903793
v -239.092697 63.424400 155.720703
v -243.903397 54.360802 168.048996
v -258.960205 56.549900 134.330307
v -261.200806 57.231701 137.179092
v -258.360687 56.421398 138.865204
v -256.400513 54.630001 136.033005
v -254.737106 55.686298 132.663300
v -257.438385 57.462502 131.052902
v -253.182602 56.096001 137.665405
v -255.010406 56.655300 141.314804
v -251.335403 55.868801 134.407501
v -243.108994 49.303902 147.934601
v -235.639801 52.102501 148.957199
v -235.652100 50.835602 142.219406
v -242.793198 48.999298 140.819595
v -250.578201 48.496300 141.606796
v -250.578201 51.454399 148.438705
v -243.303207 53.396900 135.839493
v -235.639801 57.521900 137.320496
v -251.084198 56.366100 136.659103
v -238.432602 55.472698 164.171799
v -236.771698 58.270699 156.817902
v -243.486298 57.007599 156.251999
v -245.494507 55.172001 163.246704
v -245.378403 54.668598 171.070496
v -238.570404 57.622799 171.656799
v -250.498001 59.572498 163.327698
v -248.363205 63.696701 155.819702
v -250.347702 62.541199 171.150406
v -233.206406 54.306900 174.223404
v -227.604095 54.350300 170.882294
v -231.250900 56.162399 164.184799
v -237.326004 54.033001 166.664703
v -235.640701 55.243801 160.291595
v -240.991104 54.073502 161.469406
v -245.921005 56.224400 164.212006
v -241.759293 57.478401 170.326004
v -237.903900 57.120098 176.767899
v -252.916306 58.648701 161.192795
v -259.470490 55.946899 160.176498
v -259.019287 54.152802 167.379501
v -250.673599 52.382599 167.191193
v -258.568115 52.358700 174.582504
v -250.880203 50.553001 173.746201
v -244.304199 53.168201 173.848007
v -245.691193 58.682800 166.341797
v -246.878296 63.402802 163.316696
v -249.794403 66.031502 148.288803
v -255.354401 64.746498 144.101807
v -257.650513 60.133598 149.809097
v -249.822006 57.531200 152.160904
v -259.946686 55.520802 155.516403
v -252.473999 53.227200 157.061005
v -246.538803 54.796501 160.449005
v -245.115799 63.098900 155.363007
v -245.206894 68.839897 153.903702
v -254.821503 55.123402 148.532700
v -260.381592 53.838402 144.345703
v -262.677704 49.225498 150.052994
v -254.849106 46.623100 152.404800
v -264.973785 44.612701 155.760300
v -257.501190 42.319099 157.304901
v -251.565994 43.888401 160.692902
v -250.142899 52.190800 155.606903
v -250.233994 57.931702 154.147598
v -240.836304 58.648701 158.497803
v -247.390503 55.946899 157.481506
v -246.939301 54.152802 164.684494
v -238.593597 52.382599 164.496201
v -246.488007 52.358700 171.887604
v -238.800201 50.553001 171.051300
v -232.224197 53.168201 171.153000
v -233.611206 58.682800 163.646805
v -234.798203 63.402802 160.621796
v -245.197403 54.422600 151.382996
v -250.849396 51.647800 147.958206
v -253.583893 50.957100 154.797195
v -246.058594 49.102901 158.376999
v -256.318512 50.266499 161.636200
v -249.116501 48.284599 164.358002
v -243.063705 50.834999 166.981293
v -240.835098 55.174198 159.079803
v -240.362503 59.403301 155.364807
v -257.902802 55.088001 138.347794
v -258.940887 51.988400 136.258896
v -264.043610 51.961601 139.331894
v -263.292999 55.422699 141.136505
v -254.335403 56.456200 133.503601
v -255.307907 52.914700 131.761703
v -262.271606 50.770401 131.614700
v -267.036987 50.622898 134.910400
v -258.293488 51.315601 127.460602
v -236.314194 59.934101 133.587708
v -234.308304 65.970200 139.088196
v -229.147598 60.984501 139.742996
v -230.348404 55.589802 134.155197
v -232.974594 52.215401 127.406197
v -237.493500 58.518799 126.056396
v -224.361694 55.677502 132.042099
v -222.132294 63.068001 137.170303
v -225.527496 54.925499 123.895798
v -239.372803 50.349300 177.962799
v -233.128098 51.407001 173.583801
v -238.101395 51.590801 168.916504
v -244.252396 50.973701 172.932999
v -240.622894 54.893200 166.524704
v -247.514496 53.331402 170.561203
v -249.102493 50.681000 179.059296
v -243.830704 51.191799 184.024704
v -251.845795 54.481602 177.170502
v -267.861206 51.988899 160.859207
v -260.322388 54.787498 160.811600
v -261.290588 53.520599 154.143707
v -268.558197 51.684200 153.771301
v -276.152710 51.181301 155.655197
v -275.183289 54.139301 162.417892
v -269.769714 56.081902 148.914001
v -261.973602 60.206902 149.292603
v -277.355591 59.050999 150.829407
v -230.636505 55.419998 167.367706
v -234.767700 55.415298 168.803299
v -232.433105 55.416100 172.764893
v -228.849503 54.335400 171.082199
v -235.677200 58.797501 165.886993
v -231.769302 58.474499 163.939407
v -237.560303 57.941601 171.509796
v -235.244293 58.322399 174.872101
v -238.952393 60.403801 168.061600
v -246.387604 55.705299 140.966095
v -243.662506 55.463902 145.497803
v -242.824997 56.279999 130.151093
v -244.595001 57.127800 130.494995
v -253.273407 57.690701 150.289307
v -251.018204 57.527699 152.296799
v -263.935303 55.542400 161.089600
v -242.621002 53.142799 155.996201
v -244.590607 52.458199 160.697693
v -231.442307 51.743401 153.089493
v -231.973999 51.674599 151.004700
v -219.562103 54.330002 149.128403
v -219.916306 54.184200 146.854095
v -213.707199 53.319599 147.431900
v -213.333694 54.018600 148.837204
v -209.130203 51.950500 145.636505
v -210.059006 52.385799 145.247299
v -259.036285 53.903702 145.230392
v -261.242401 53.728401 146.607300
v -260.115204 56.317600 154.757797
v -250.864105 56.535400 164.687302
v -260.570404 53.230202 139.142807
v -263.219208 53.142601 138.431198
v -258.306610 53.692600 129.556305
v -259.480194 53.292599 128.225403
v -252.415497 53.639900 125.923401
v -252.333496 53.246601 126.829597
v -269.946808 46.430500 167.361206
v -267.187714 55.545700 162.250900
v -268.539093 54.965500 160.291199
v -270.578888 45.235199 165.847397
v -266.842407 56.164101 154.747696
v -262.905609 58.198898 155.436798
v -260.891113 54.174599 150.063400
v -263.514404 52.767601 148.698700
v -257.693115 59.622200 142.799500
v -257.033905 60.053501 145.511002
v -242.409393 65.137802 136.718903
v -226.797394 54.319599 145.682999
v -225.430496 53.676998 145.680099
v -224.863403 55.227501 138.825607
v -226.706299 55.169498 138.716202
v -224.654205 57.441299 132.833801
v -228.632599 57.593201 133.504395
v -231.596802 57.626701 130.001205
v -231.742599 57.740898 132.425797
v -237.604599 56.835999 134.571198
v -235.942307 57.425900 159.682602
v -238.911896 53.484699 171.821304
v -228.541107 54.542198 163.455505
v -240.578094 59.264000 142.662201
v -231.340897 52.141998 173.738602
v -231.966904 50.750401 181.457901
v -226.450104 55.910599 179.813599
v -236.960693 44.034901 187.851593
v -242.436600 46.719799 185.751801
v 137.788300 55.484798 158.166702
v 132.323700 51.938499 155.236206
v 127.788902 55.302502 161.624100
v 134.102402 58.486900 163.817703
v 141.407196 52.840099 152.257996
v 135.083603 49.709000 150.026001
v 127.499702 55.569801 151.431702
v 123.852203 58.367401 157.230103
v 131.075104 53.156502 145.356201
v 125.676598 55.211498 164.350601
v 125.472000 57.178001 174.511093
v 131.555603 60.157600 174.407196
v 119.241898 60.577599 173.352203
v 117.486000 59.943401 165.095306
v 133.096603 57.392899 164.286697
v 117.536003 59.869202 156.455597
v 131.357697 59.622002 154.358200
v 125.111298 56.659000 154.800903
v 117.063004 57.228802 166.243301
v 117.364502 56.078701 158.406693
v 110.610603 55.933601 159.418900
v 109.962997 57.702301 166.604294
v 111.650299 60.467999 173.665604
v 118.616402 61.856400 171.976807
v 105.402603 61.742802 165.650604
v 106.226303 61.438400 157.074203
v 107.362900 67.067703 171.308502
v 119.667198 54.796600 178.628296
v 126.817299 57.743000 177.216507
v 124.713600 56.624599 170.828003
v 117.675400 54.498798 171.792496
v 110.638901 53.446602 175.056107
v 112.631203 55.966099 181.565506
v 115.237099 58.050301 167.321304
v 122.616798 62.116402 166.301697
v 107.946999 59.875599 170.671600
v 125.975403 52.431400 180.288803
v 132.137604 53.053398 178.254395
v 129.807693 55.926201 171.157898
v 123.582199 52.510300 172.010406
v 126.444504 54.795601 166.313293
v 121.100998 52.835899 166.166595
v 115.493202 55.291500 168.017899
v 118.130699 56.676498 175.012894
v 120.567398 55.818901 182.074203
v 114.600502 57.173801 170.576202
v 109.016098 53.120300 172.270493
v 114.009804 51.175301 178.980103
v 119.143799 55.620300 176.268097
v 109.900101 59.073399 165.119598
v 104.742699 54.680000 167.866592
v 104.852303 55.231602 177.780197
v 109.485397 53.480099 183.337494
v 100.050301 57.355099 172.475906
v 118.237000 58.122601 157.861298
v 114.505203 59.472698 149.511902
v 107.038597 61.617401 155.944199
v 114.915497 61.711300 167.705307
v 121.164398 61.510101 163.612503
v 110.473801 58.201401 162.141006
v 108.106400 62.337299 171.541397
v 104.509399 58.527000 165.885605
v 98.944000 66.053902 159.619598
v 110.448402 57.661701 149.910507
v 111.471100 59.989700 142.441299
v 104.733200 58.935799 142.453598
v 103.333397 57.408199 149.594696
v 104.120499 56.989899 157.379700
v 110.952499 59.450500 157.379700
v 98.353302 61.066399 150.104706
v 99.834297 64.497803 142.441299
v 99.172997 63.536301 157.885696
v 101.167000 57.155998 152.423203
v 100.079597 53.847599 151.618301
v 99.635101 52.573399 156.633301
v 102.198196 56.397900 157.322098
v 98.646202 54.164902 147.158493
v 99.296600 57.850300 145.709305
v 92.620201 51.597698 148.444397
v 93.930496 51.174301 154.106598
v 94.423203 51.867298 157.376297
v 104.591904 54.659401 170.023804
v 112.007103 57.261501 169.743103
v 111.669296 54.738098 160.882996
v 104.421402 53.043201 161.122406
v 96.682800 57.485901 161.076797
v 97.032303 58.517899 169.827499
v 103.648003 54.800499 152.335205
v 111.243500 57.382999 151.709106
v 95.792702 58.222500 152.324295
v 124.140503 59.396599 134.891403
v 121.636703 66.114502 132.637405
v 113.210503 62.537701 133.176498
v 115.691200 56.516602 136.073593
v 118.545502 54.097099 144.293304
v 126.748199 56.690701 142.572998
v 107.811897 55.440102 140.307907
v 104.922203 62.202400 138.023102
v 110.657501 52.283401 147.764297
v 135.677902 58.730499 150.914795
v 136.701797 61.058102 143.445496
v 129.963394 60.007401 143.457794
v 128.562698 58.480499 150.598999
v 129.349701 58.061699 158.384003
v 136.182907 60.519100 158.384003
v 123.584702 62.140999 151.108994
v 125.067398 65.571602 143.445496
v 124.405602 64.610497 158.889999
v 130.275406 54.190102 165.182205
v 136.120300 59.194401 164.901505
v 136.811203 56.734901 156.041397
v 130.760498 52.630901 156.280899
v 121.811600 54.050499 156.235199
v 121.725197 55.130199 164.985901
v 129.343399 53.991402 147.493607
v 135.363403 59.040501 146.867599
v 120.692497 54.423199 147.482803
v 126.309898 57.365601 169.763504
v 135.357803 58.715698 171.095306
v 133.937103 60.860401 161.343094
v 119.785896 60.954300 161.677994
v 119.886002 60.753101 169.147293
v 126.864700 57.444500 160.916199
v 120.203102 61.580299 153.873901
v 126.905899 57.770100 153.873901
v 135.179794 65.296898 152.540405
v 145.667404 52.143101 152.901093
v 138.871094 53.536201 152.198303
v 139.268295 56.112202 159.292007
v 147.002106 56.115898 159.637894
v 138.947403 55.693600 146.668503
v 147.334396 57.277699 147.152893
v 131.280396 55.220299 153.364197
v 132.915894 60.937698 159.285599
v 132.493500 59.771099 147.247192
v 139.457993 53.445202 161.324997
v 141.228699 53.662399 158.113495
v 138.246201 54.871700 157.183807
v 136.169205 53.771900 160.133698
v 135.789993 54.335701 163.941101
v 139.113297 53.870899 164.983994
v 133.981094 56.695801 159.704300
v 135.235703 57.237499 155.831802
v 132.814194 56.497002 163.262405
v 124.961502 56.108101 170.245895
v 124.461098 53.503899 173.584900
v 128.831696 54.734402 174.148300
v 129.181900 56.334099 170.466400
v 120.676102 55.217899 174.408997
v 120.732300 57.505402 170.778305
v 124.931801 53.244900 178.041199
v 128.679398 54.732800 178.504898
v 120.735603 54.112400 178.420700
v 117.973000 55.888901 171.061600
v 125.442200 58.294899 170.433701
v 125.429901 53.780300 162.518906
v 118.147003 52.241901 162.873001
v 110.503700 56.582802 161.295898
v 110.503700 59.627701 169.502197
v 117.778702 51.891899 153.869797
v 125.442200 54.197102 152.921204
v 109.997704 55.253502 152.592697
v 112.169998 57.325100 160.454300
v 114.566299 57.210400 168.727798
v 119.677498 53.819199 166.204102
v 117.840599 53.809502 158.965500
v 121.268501 53.589199 173.498001
v 115.561302 57.069000 174.995102
v 109.365898 55.429199 176.492493
v 107.933998 55.814201 169.162796
v 106.237701 55.941700 161.892593
v 115.245796 54.190201 158.802505
v 121.090698 59.194401 158.521805
v 121.781601 56.734901 149.661697
v 115.730904 52.630901 149.901093
v 106.781998 54.050499 149.855499
v 106.695602 55.130199 158.606094
v 114.313797 53.991402 141.113907
v 120.333801 59.040501 140.487900
v 105.662903 54.423199 141.102997
v 107.999496 57.499001 138.160004
v 103.485397 58.688099 144.546906
v 111.012604 56.159199 149.229202
v 115.354797 55.828499 143.156006
v 119.509201 61.602299 137.947205
v 112.233704 62.665100 133.080002
v 122.591301 57.577900 148.203598
v 118.245697 58.710400 154.936996
v 126.905602 62.372799 142.704605
v 118.305702 52.578300 167.107300
v 124.150597 57.582500 166.826599
v 124.841499 55.123100 157.966507
v 118.790802 51.019001 158.205902
v 109.841904 52.438702 158.160294
v 109.755600 53.518398 166.910904
v 117.373703 52.379501 149.418594
v 123.393700 57.428600 148.792603
v 108.722801 52.811298 149.407806
v 127.932198 55.259800 154.458298
v 121.753197 51.843899 153.316193
v 121.430496 51.764999 161.927597
v 127.919899 55.284599 161.927597
v 127.747902 55.630100 146.989105
v 121.229103 52.169498 146.989105
v 115.635300 55.353802 154.458298
v 115.735497 55.152500 161.927597
v 115.323700 55.979698 146.989105
v 128.597595 53.280701 146.129196
v 126.012299 54.848099 138.813004
v 120.761497 56.999599 142.530197
v 123.228302 56.303398 149.528503
v 128.098602 55.579102 155.620102
v 134.021103 54.613602 151.444397
v 121.520302 61.769600 151.356903
v 119.618797 64.091904 143.320694
v 127.637901 63.553501 156.563995
v 123.166603 59.414200 151.283493
v 123.919403 60.154900 146.310806
v 119.256798 59.791698 146.319000
v 118.637001 57.659199 151.073303
v 119.220100 58.886799 156.256302
v 123.827797 60.453201 156.256302
v 113.948196 60.117500 151.412796
v 113.632401 60.853199 145.781403
v 114.021896 59.826199 156.593094
v 105.498398 62.219799 138.415894
v 104.934402 62.219799 145.806793
v 109.802902 58.723301 146.373306
v 112.458298 59.530102 139.289307
v 110.220802 58.723301 153.197693
v 105.022301 62.219799 156.024704
v 119.418297 61.756199 153.197693
v 119.418297 62.219799 144.742004
v 118.574799 63.937302 140.252808
v 108.704903 57.942799 162.647598
v 109.369797 54.446301 155.046097
v 102.187401 58.632999 155.687698
v 101.314003 57.942799 162.647598
v 116.095802 57.942799 162.647598
v 116.095802 54.446301 155.687698
v 116.095802 54.871700 148.727707
v 107.640099 57.942799 148.727707
v 103.715897 61.285000 148.727707
v 100.149498 53.449600 164.868805
v 100.071503 53.135601 161.184692
v 94.969803 52.742100 160.796204
v 95.203796 52.702999 165.656296
v 104.503197 53.893200 159.885605
v 106.862198 54.544701 163.251495
v 102.965897 55.194500 154.827896
v 97.367401 54.390099 156.205597
v 94.411697 54.208199 157.716400
v 107.423500 56.827099 132.557800
v 103.453400 61.626598 131.822601
v 104.695396 63.935001 139.410706
v 106.168503 57.451900 141.057602
v 104.258797 62.254601 145.140396
v 105.972801 57.584400 147.411301
v 111.899300 55.314301 148.278305
v 113.695297 56.179401 140.930206
v 113.919197 55.345501 133.460602
v 104.242699 60.768501 138.066696
v 104.556503 59.047100 142.054596
v 107.878403 62.046200 142.224304
v 107.929001 62.714699 138.210205
v 100.250000 59.287998 142.328705
v 99.715202 60.473099 138.156403
v 104.541000 60.111000 146.407806
v 107.195000 63.068901 146.404297
v 100.303596 59.312000 146.510406
v 108.525803 55.198101 141.424194
v 101.007896 58.901501 137.719604
v 99.656700 61.217499 145.125198
v 106.660004 56.812199 148.453598
v 111.089699 50.000999 151.427002
v 112.757004 47.476799 143.967499
v 100.680801 53.721298 154.432205
v 94.240601 58.458599 151.137100
v 105.725304 47.690300 157.766602
v 97.390999 52.240501 149.991104
v 99.658897 57.988998 154.460800
v 107.196602 57.911800 149.071198
v 104.533699 52.997002 144.462097
v 98.433296 52.947601 137.741592
v 91.806999 51.834499 143.450302
v 109.436699 56.202599 137.710495
v 112.046303 62.105301 142.088699
v 103.822998 55.252300 131.190704
v 124.470299 56.627201 149.402206
v 130.553802 59.590698 149.748093
v 132.094803 58.191299 139.312393
v 124.674896 56.023300 139.047104
v 118.240196 60.145901 148.766907
v 130.355896 61.710400 129.819000
v 116.484299 60.609402 140.497192
v 124.109497 58.718601 129.810898
v 116.534203 61.678001 131.932693
v 132.616501 59.795399 140.101105
v 132.341095 60.389099 135.101303
v 127.837196 60.098000 135.220093
v 127.475601 58.388802 139.921600
v 127.805801 59.372700 144.552994
v 132.065704 60.628201 144.552994
v 123.091904 60.359100 140.211594
v 122.822098 60.948700 135.036697
v 123.154701 60.125599 144.840698
v 135.873398 60.197899 150.624298
v 141.779800 57.646900 151.123993
v 141.899200 55.815102 143.290894
v 134.639297 55.735001 143.550003
v 132.681900 65.124603 147.855804
v 138.864304 52.941799 139.093506
v 131.683807 61.967300 141.201401
v 133.212204 52.987999 138.091797
v 129.367599 57.374401 135.847107
v 116.986198 56.629601 138.316696
v 117.129204 52.769100 132.670197
v 108.610603 53.980900 132.822601
v 109.634201 57.809700 138.693604
v 124.360603 55.612400 137.737595
v 123.340302 51.807999 131.836502
v 123.154503 52.223099 126.153801
v 115.765701 53.134800 126.863800
v 108.400902 54.221699 127.356400
v 135.420593 52.829498 172.129501
v 130.155502 52.320900 167.153000
v 125.013298 52.855999 174.044907
v 131.193100 53.264198 178.269806
v 139.675095 52.829800 165.974899
v 133.499405 52.486500 161.747894
v 126.598297 58.086201 165.656403
v 122.355301 58.271999 171.804901
v 130.870193 58.367901 159.492599
v 118.337196 54.921501 134.981506
v 114.539497 56.769299 128.313095
v 107.256699 53.003899 132.396500
v 110.770599 52.026299 138.910095
v 113.023399 57.081799 145.851303
v 120.496902 59.364399 141.836502
v 102.889198 52.517399 143.262299
v 98.712997 54.278500 136.575806
v 105.421600 56.585602 150.317596
v 114.525299 54.332901 137.194794
v 114.520302 60.511700 141.584900
v 123.350700 58.403702 143.267502
v 123.402397 53.052601 138.447800
v 123.845703 52.412300 129.408096
v 115.103302 53.319099 128.671494
v 132.238693 54.175201 137.099899
v 132.570602 60.441799 141.662903
v 132.638107 52.642899 128.601807
v 131.363098 52.018101 132.567795
v 127.412399 58.002602 130.046295
v 123.864197 58.012402 138.606796
v 128.271194 52.840599 141.047806
v 136.986801 52.323200 143.521103
v 139.525497 51.170300 135.157501
v 127.864304 55.981300 149.410004
v 123.681198 62.129200 147.148804
v 136.009506 54.589699 151.959595
v 102.290802 56.410599 167.016296
v 105.139603 56.977798 169.257004
v 106.825699 56.303799 166.416901
v 103.993500 54.813599 164.456696
v 100.623703 55.692299 162.793198
v 99.013397 57.169800 165.494507
v 105.625900 56.033100 161.238800
v 109.275200 56.498299 163.066498
v 102.367996 55.844101 159.391602
v 115.895103 50.383099 151.165100
v 116.917702 52.711102 143.695908
v 110.179901 51.657200 143.708206
v 108.780098 50.129700 150.849396
v 109.567200 49.711300 158.634399
v 116.399101 52.171902 158.634399
v 103.800003 53.787899 151.359406
v 105.280899 57.219200 143.695908
v 104.619598 56.257702 159.140305
v 132.132202 55.514599 146.488800
v 124.778397 57.842098 144.827896
v 124.212502 56.791401 151.542496
v 131.207199 55.264500 153.550705
v 139.030899 54.845699 153.434601
v 139.617203 57.303200 146.626602
v 131.288101 58.924999 158.554092
v 123.780197 62.355701 156.419296
v 139.110794 61.394501 158.403793
v 142.184006 54.544899 141.262604
v 138.842804 54.580898 135.660294
v 132.145294 56.088299 139.307007
v 134.625198 54.316898 145.382202
v 128.252106 55.324200 143.696793
v 129.429901 54.350601 149.047302
v 132.172501 56.139801 153.977203
v 138.286499 57.182999 149.815506
v 144.728394 56.884998 145.960007
v 129.153305 58.156502 160.972397
v 128.136993 55.909100 167.526703
v 135.339996 54.416698 167.075394
v 134.302200 58.184898 153.747299
v 131.277206 62.111198 154.934402
v 135.151703 52.944099 158.729706
v 141.808502 53.597599 152.360397
v 141.706696 51.422100 158.936401
v 142.542999 52.924198 166.624207
v 116.249298 64.297897 157.850494
v 112.062302 63.228901 163.410599
v 117.769600 59.391800 165.706696
v 123.323502 61.858398 153.171997
v 121.864304 66.634003 153.263107
v 120.121399 57.226898 157.878204
v 128.409500 54.952099 154.595001
v 125.021500 53.646702 160.530197
v 123.476898 55.554600 168.002808
v 116.493202 55.223999 162.877701
v 112.306198 54.155102 168.437698
v 118.013496 50.317902 170.733795
v 123.567398 52.784500 158.199097
v 122.108101 57.560101 158.290207
v 120.365303 48.153000 162.905304
v 128.653397 45.878300 159.622101
v 125.265297 44.572800 165.557297
v 123.720802 46.480701 173.029999
v 126.458298 58.156502 148.892395
v 125.442001 55.909100 155.446701
v 132.645004 54.416698 154.995407
v 131.607300 58.184898 141.667297
v 128.582306 62.111198 142.854401
v 132.456696 52.944099 146.649704
v 139.113495 53.597599 140.280396
v 139.011795 51.422100 146.856400
v 139.848007 52.924198 154.544205
v 119.923798 54.523499 152.427094
v 115.736801 53.454601 157.987198
v 121.444199 49.617401 160.283295
v 126.998001 52.084000 147.748596
v 125.538803 56.859600 147.839600
v 123.795898 47.452499 152.454697
v 132.084000 45.177700 149.171600
v 128.695999 43.872299 155.106796
v 127.151398 45.780201 162.579407
v 106.308296 55.194599 165.959000
v 104.219398 52.616199 166.997101
v 107.292397 52.593899 172.099701
v 109.096901 55.473000 171.349106
v 101.464104 56.332699 162.391693
v 99.722198 53.386700 163.363998
v 99.575203 51.603001 170.327698
v 102.870796 51.480301 175.093094
v 95.421097 52.056499 166.349701
v 852.339722 56.036499 158.166702
v 846.875122 52.490200 155.236206
v 842.340271 55.854198 161.624100
v 848.653809 59.038601 163.817703
v 855.958618 53.391899 152.257996
v 849.635010 50.260700 150.026001
v 842.051086 56.121498 151.431702
v 838.403625 58.919201 157.230103
v 845.626526 53.708199 145.356201
v 840.228027 55.763199 164.350601
v 840.023376 57.729698 174.511093
v 846.106995 60.709301 174.407196
v 833.793274 61.129299 173.352203
v 832.037415 60.495098 165.095306
v 847.647888 57.944599 164.286697
v 832.087402 60.420898 156.455597
v 845.909119 60.173698 154.358200
v 839.662720 57.210701 154.800903
v 831.614380 57.780499 166.243301
v 831.915894 56.630402 158.406693
v 825.161987 56.485298 159.418900
v 824.514404 58.254101 166.604294
v 826.201721 61.019798 173.665604
v 833.167786 62.408100 171.976807
v 819.953979 62.294498 165.650604
v 820.777588 61.990200 157.074203
v 821.914185 67.619400 171.308502
v 834.218628 55.348301 178.628296
v 841.368713 58.294701 177.216507
v 839.265015 57.176300 170.828003
v 832.226807 55.050499 171.792496
v 825.190308 53.998299 175.056107
v 827.182617 56.517799 181.565506
v 829.788513 58.602001 167.321304
v 837.168213 62.668098 166.301697
v 822.498413 60.427299 170.671600
v 840.526794 52.983101 180.288803
v 846.689026 53.605099 178.254395
v 844.359070 56.477901 171.157898
v 838.133606 53.062000 172.010406
v 840.995911 55.347301 166.313293
v 835.652283 53.387600 166.166595
v 830.044617 55.843300 168.017899
v 832.682129 57.228199 175.012894
v 835.118774 56.370602 182.074203
v 829.151917 57.725498 170.576202
v 823.567383 53.672001 172.270493
v 828.561218 51.727001 178.980103
v 833.695190 56.172001 176.268097
v 824.451477 59.625099 165.119598
v 819.294128 55.231701 167.866592
v 819.403687 55.783298 177.780197
v 824.036804 54.031799 183.337494
v 814.601685 57.906799 172.475906
v 832.788391 58.674301 157.861298
v 829.056580 60.024399 149.511902
v 821.590027 62.169102 155.944199
v 829.466919 62.263000 167.705307
v 835.715820 62.061798 163.612503
v 825.025208 58.753101 162.141006
v 822.657776 62.889000 171.541397
v 819.060791 59.078701 165.885605
v 813.495422 66.605598 159.619598
v 824.999817 58.213402 149.910507
v 826.022522 60.541401 142.441299
v 819.284607 59.487499 142.453598
v 817.884827 57.959999 149.594696
v 818.671875 57.541599 157.379700
v 825.503784 60.002201 157.379700
v 812.904724 61.618099 150.104706
v 814.385681 65.049500 142.441299
v 813.724426 64.087997 157.885696
v 815.718384 57.707699 152.423203
v 814.630981 54.399300 151.618301
v 814.186523 53.125099 156.633301
v 816.749573 56.949600 157.322098
v 813.197571 54.716599 147.158493
v 813.848022 58.402000 145.709305
v 807.171570 52.149399 148.444397
v 808.481873 51.726002 154.106598
v 808.974609 52.418999 157.376297
v 819.143311 55.211102 170.023804
v 826.558472 57.813202 169.743103
v 826.220703 55.289799 160.882996
v 818.972778 53.594898 161.122406
v 811.234192 58.037601 161.076797
v 811.583679 59.069599 169.827499
v 818.199402 55.352200 152.335205
v 825.794922 57.934799 151.709106
v 810.344116 58.774200 152.324295
v 838.691895 59.948299 134.891403
v 836.188110 66.666199 132.637405
v 827.761902 63.089401 133.176498
v 830.242615 57.068298 136.073593
v 833.096924 54.648800 144.293304
v 841.299622 57.242401 142.572998
v 822.363281 55.991798 140.307907
v 819.473572 62.754101 138.023102
v 825.208923 52.835098 147.764297
v 850.229309 59.282299 150.914795
v 851.253174 61.609798 143.445496
v 844.514771 60.559101 143.457794
v 843.114075 59.032200 150.598999
v 843.901123 58.613400 158.384003
v 850.734314 61.070801 158.384003
v 838.135986 62.692699 151.108994
v 839.618774 66.123299 143.445496
v 838.956970 65.162201 158.889999
v 844.826782 54.741901 165.182205
v 850.671692 59.746101 164.901505
v 851.362610 57.286598 156.041397
v 845.311890 53.182598 156.280899
v 836.362976 54.602200 156.235199
v 836.276611 55.681900 164.985901
v 843.894775 54.543098 147.493607
v 849.914795 59.592201 146.867599
v 835.243896 54.974899 147.482803
v 840.861328 57.917301 169.763504
v 849.909180 59.267502 171.095306
v 848.488525 61.412102 161.343094
v 834.337280 61.506100 161.677994
v 834.437378 61.304798 169.147293
v 841.416077 57.996201 160.916199
v 834.754517 62.132000 153.873901
v 841.457275 58.321800 153.873901
v 849.731201 65.848701 152.540405
v 860.218811 52.694801 152.901093
v 853.422485 54.087898 152.198303
v 853.819702 56.664001 159.292007
v 861.553528 56.667599 159.637894
v 853.498779 56.245300 146.668503
v 861.885803 57.829498 147.152893
v 845.831787 55.771999 153.364197
v 847.467285 61.489399 159.285599
v 847.044922 60.322800 147.247192
v 854.009399 53.996899 161.324997
v 855.780090 54.214100 158.113495
v 852.797485 55.423401 157.183807
v 850.720581 54.323601 160.133698
v 850.341370 54.887402 163.941101
v 853.664673 54.422600 164.983994
v 848.532471 57.247501 159.704300
v 849.787109 57.789200 155.831802
v 847.365601 57.048698 163.262405
v 839.512878 56.659801 170.245895
v 839.012512 54.055599 173.584900
v 843.383118 55.286098 174.148300
v 843.733276 56.885799 170.466400
v 835.227478 55.769600 174.408997
v 835.283691 58.057098 170.778305
v 839.483215 53.796600 178.041199
v 843.230774 55.284500 178.504898
v 835.286987 54.664101 178.420700
v 832.524414 56.440601 171.061600
v 839.993591 58.846699 170.433701
v 839.981323 54.332001 162.518906
v 832.698425 52.793598 162.873001
v 825.055115 57.134499 161.295898
v 825.055115 60.179401 169.502197
v 832.330078 52.443699 153.869797
v 839.993591 54.748798 152.921204
v 824.549072 55.805199 152.592697
v 826.721375 57.876801 160.454300
v 829.117676 57.762100 168.727798
v 834.228882 54.370899 166.204102
v 832.392029 54.361198 158.965500
v 835.819885 54.140900 173.498001
v 830.112671 57.620701 174.995102
v 823.917297 55.980900 176.492493
v 822.485413 56.366001 169.162796
v 820.789124 56.493401 161.892593
v 829.797180 54.741901 158.802505
v 835.642090 59.746101 158.521805
v 836.333008 57.286598 149.661697
v 830.282288 53.182598 149.901093
v 821.333374 54.602200 149.855499
v 821.247009 55.681900 158.606094
v 828.865173 54.543098 141.113907
v 834.885193 59.592201 140.487900
v 820.214294 54.974899 141.102997
v 822.550781 58.050701 138.160004
v 818.036682 59.239799 144.546906
v 825.564026 56.710899 149.229202
v 829.906189 56.380199 143.156006
v 834.060486 62.153999 137.947205
v 826.785095 63.216801 133.080002
v 837.142700 58.129601 148.203598
v 832.797119 59.262100 154.936996
v 841.456970 62.924500 142.704605
v 832.857117 53.130001 167.107300
v 838.702026 58.134201 166.826599
v 839.392883 55.674801 157.966507
v 833.342224 51.570801 158.205902
v 824.393311 52.990398 158.160294
v 824.306885 54.070099 166.910904
v 831.925110 52.931198 149.418594
v 837.945129 57.980301 148.792603
v 823.274170 53.362999 149.407806
v 842.483582 55.811501 154.458298
v 836.304626 52.395599 153.316193
v 835.981873 52.316700 161.927597
v 842.471313 55.836300 161.927597
v 842.299316 56.181801 146.989105
v 835.780518 52.721199 146.989105
v 830.186584 55.905499 154.458298
v 830.286926 55.704201 161.927597
v 829.875122 56.531399 146.989105
v 843.148987 53.832401 146.129196
v 840.563721 55.399799 138.813004
v 835.312927 57.551300 142.530197
v 837.779724 56.855099 149.528503
v 842.650024 56.130798 155.620102
v 848.572510 55.165298 151.444397
v 836.071716 62.321301 151.356903
v 834.170227 64.643600 143.320694
v 842.189270 64.105202 156.563995
v 837.718018 59.965900 151.283493
v 838.470825 60.706600 146.310806
v 833.808228 60.343399 146.319000
v 833.188416 58.210899 151.073303
v 833.771484 59.438499 156.256302
v 838.379211 61.004902 156.256302
v 828.499573 60.669201 151.412796
v 828.183777 61.404900 145.781403
v 828.573181 60.377899 156.593094
v 820.049683 62.771500 138.415894
v 819.485779 62.771500 145.806793
v 824.354309 59.275002 146.373306
v 827.009705 60.081799 139.289307
v 824.772217 59.275002 153.197693
v 819.573730 62.771500 156.024704
v 833.969727 62.307999 153.197693
v 833.969727 62.771500 144.742004
v 833.126221 64.488998 140.252808
v 823.256287 58.494499 162.647598
v 823.921082 54.998001 155.046097
v 816.738770 59.184799 155.687698
v 815.865417 58.494499 162.647598
v 830.647217 58.494499 162.647598
v 830.647217 54.998001 155.687698
v 830.647217 55.423401 148.727707
v 822.191528 58.494499 148.727707
v 818.267273 61.836700 148.727707
v 814.700928 54.001301 164.868805
v 814.622925 53.687302 161.184692
v 809.521179 53.293800 160.796204
v 809.755188 53.254799 165.656296
v 819.054626 54.444901 159.885605
v 821.413574 55.096401 163.251495
v 817.517273 55.746201 154.827896
v 811.918823 54.941799 156.205597
v 808.963074 54.759899 157.716400
v 821.974915 57.378899 132.557800
v 818.004822 62.178299 131.822601
v 819.246826 64.486702 139.410706
v 820.719788 58.003601 141.057602
v 818.810181 62.806301 145.140396
v 820.524170 58.136101 147.411301
v 826.450684 55.866001 148.278305
v 828.246704 56.731098 140.930206
v 828.470581 55.897202 133.460602
v 818.794128 61.320202 138.066696
v 819.107788 59.598801 142.054596
v 822.429810 62.597900 142.224304
v 822.480408 63.266399 138.210205
v 814.801392 59.839699 142.328705
v 814.266602 61.024799 138.156403
v 819.092407 60.662701 146.407806
v 821.746399 63.620602 146.404297
v 814.854980 59.863701 146.510406
v 823.077209 55.749802 141.424194
v 815.559326 59.453300 137.719604
v 814.208130 61.769199 145.125198
v 821.211426 57.363899 148.453598
v 825.641113 50.552700 151.427002
v 827.308289 48.028500 143.967499
v 815.232178 54.272999 154.432205
v 808.791992 59.010300 151.137100
v 820.276672 48.242001 157.766602
v 811.942383 52.792198 149.991104
v 814.210327 58.540699 154.460800
v 821.747986 58.463501 149.071198
v 819.085083 53.548698 144.462097
v 812.984680 53.499298 137.741592
v 806.358398 52.386200 143.450302
v 823.988098 56.754299 137.710495
v 826.597717 62.657001 142.088699
v 818.374390 55.804001 131.190704
v 839.021729 57.178902 149.402206
v 845.105225 60.142399 149.748093
v 846.646179 58.743000 139.312393
v 839.226318 56.575001 139.047104
v 832.791626 60.697601 148.766907
v 844.907288 62.262100 129.819000
v 831.035583 61.161098 140.497192
v 838.660889 59.270302 129.810898
v 831.085571 62.229698 131.932693
v 847.167786 60.347198 140.101105
v 846.892517 60.940800 135.101303
v 842.388611 60.649700 135.220093
v 842.026978 58.940601 139.921600
v 842.357178 59.924400 144.552994
v 846.617126 61.179901 144.552994
v 837.643188 60.910900 140.211594
v 837.373474 61.500500 135.036697
v 837.706116 60.677299 144.840698
v 850.424683 60.749599 150.624298
v 856.331177 58.198601 151.123993
v 856.450623 56.366901 143.290894
v 849.190674 56.286701 143.550003
v 847.233276 65.676300 147.855804
v 853.415588 53.493500 139.093506
v 846.235229 62.519001 141.201401
v 847.763611 53.539700 138.091797
v 843.918884 57.926102 135.847107
v 831.537598 57.181301 138.316696
v 831.680481 53.320801 132.670197
v 823.161987 54.532700 132.822601
v 824.185486 58.361401 138.693604
v 838.911987 56.164101 137.737595
v 837.891724 52.359699 131.836502
v 837.705872 52.774799 126.153801
v 830.317078 53.686501 126.863800
v 822.952271 54.773399 127.356400
v 849.971985 53.381199 172.129501
v 844.706909 52.872601 167.153000
v 839.564697 53.407700 174.044907
v 845.744385 53.815899 178.269806
v 854.226501 53.381500 165.974899
v 848.050781 53.038200 161.747894
v 841.149719 58.637901 165.656403
v 836.906677 58.823700 171.804901
v 845.421570 58.919601 159.492599
v 832.888611 55.473202 134.981506
v 829.090881 57.320999 128.313095
v 821.808105 53.555599 132.396500
v 825.322021 52.577999 138.910095
v 827.574829 57.633499 145.851303
v 835.048279 59.916100 141.836502
v 817.440613 53.069099 143.262299
v 813.264282 54.830200 136.575806
v 819.973022 57.137299 150.317596
v 829.076721 54.884602 137.194794
v 829.071716 61.063400 141.584900
v 837.902100 58.955399 143.267502
v 837.953796 53.604301 138.447800
v 838.397095 52.964001 129.408096
v 829.654724 53.870800 128.671494
v 846.790100 54.726898 137.099899
v 847.121887 60.993500 141.662903
v 847.189514 53.194599 128.601807
v 845.914490 52.569801 132.567795
v 841.963806 58.554298 130.046295
v 838.415588 58.564098 138.606796
v 842.822571 53.392300 141.047806
v 851.538086 52.874901 143.521103
v 854.076904 51.722000 135.157501
v 842.415588 56.533001 149.410004
v 838.232483 62.680901 147.148804
v 850.560913 55.141399 151.959595
v 816.842224 56.962299 167.016296
v 819.690979 57.529499 169.257004
v 821.377075 56.855499 166.416901
v 818.544922 55.365299 164.456696
v 815.175110 56.243999 162.793198
v 813.564819 57.721500 165.494507
v 820.177307 56.584801 161.238800
v 823.826599 57.049999 163.066498
v 816.919373 56.395802 159.391602
v 830.446472 50.934799 151.165100
v 831.469116 53.262798 143.695908
v 824.731323 52.208900 143.708206
v 823.331482 50.681400 150.849396
v 824.118591 50.263000 158.634399
v 830.950500 52.723701 158.634399
v 818.351379 54.339600 151.359406
v 819.832275 57.770901 143.695908
v 819.171021 56.809399 159.140305
v 846.683594 56.066299 146.488800
v 839.329773 58.393799 144.827896
v 838.763916 57.343102 151.542496
v 845.758484 55.816200 153.550705
v 853.582275 55.397400 153.434601
v 854.168579 57.854900 146.626602
v 845.839478 59.476700 158.554092
v 838.331482 62.907398 156.419296
v 853.662170 61.946201 158.403793
v 856.735413 55.096600 141.262604
v 853.394226 55.132599 135.660294
v 846.696716 56.639999 139.307007
v 849.176575 54.868599 145.382202
v 842.803528 55.875900 143.696793
v 843.981323 54.902302 149.047302
v 846.723877 56.691601 153.977203
v 852.837891 57.734699 149.815506
v 859.279785 57.436699 145.960007
v 843.704712 58.708199 160.972397
v 842.688416 56.460800 167.526703
v 849.891418 54.968399 167.075394
v 848.853577 58.736599 153.747299
v 845.828613 62.662899 154.934402
v 849.703125 53.495800 158.729706
v 856.359924 54.149300 152.360397
v 856.258118 51.973900 158.936401
v 857.094421 53.476002 166.624207
v 830.800720 64.849602 157.850494
v 826.613708 63.780602 163.410599
v 832.320984 59.943501 165.706696
v 837.874878 62.410099 153.171997
v 836.415588 67.185699 153.263107
v 834.672791 57.778599 157.878204
v 842.960876 55.503799 154.595001
v 839.572876 54.198399 160.530197
v 838.028320 56.106300 168.002808
v 831.044617 55.775700 162.877701
v 826.857483 54.706799 168.437698
v 832.564880 50.869598 170.733795
v 838.118774 53.336201 158.199097
v 836.659485 58.111801 158.290207
v 834.916687 48.704800 162.905304
v 843.204773 46.430000 159.622101
v 839.816711 45.124500 165.557297
v 838.272217 47.032398 173.029999
v 841.009705 58.708199 148.892395
v 839.993408 56.460800 155.446701
v 847.196411 54.968399 154.995407
v 846.158691 58.736599 141.667297
v 843.133728 62.662899 142.854401
v 847.008118 53.495800 146.649704
v 853.664917 54.149300 140.280396
v 853.563171 51.973900 146.856400
v 854.399414 53.476002 154.544205
v 834.475220 55.075199 152.427094
v 830.288208 54.006302 157.987198
v 835.995483 50.169102 160.283295
v 841.549377 52.635700 147.748596
v 840.090088 57.411301 147.839600
v 838.347290 48.004200 152.454697
v 846.635376 45.729401 149.171600
v 843.247375 44.424000 155.106796
v 841.702820 46.331902 162.579407
v 820.859680 55.746300 165.959000
v 818.770813 53.167900 166.997101
v 821.843811 53.145599 172.099701
v 823.648315 56.024700 171.349106
v 816.015381 56.884399 162.391693
v 814.273621 53.938400 163.363998
v 814.126587 52.154701 170.327698
v 817.422180 52.032001 175.093094
v 809.972473 52.608299 166.349701
v 852.339722 59.375401 -218.727707
v 846.875122 55.829102 -221.658203
v 842.340271 59.193001 -215.270294
v 848.653809 62.377499 -213.076706
v 855.958618 56.730701 -224.636398
v 849.635010 53.599602 -226.868393
v 842.051086 59.460400 -225.462708
v 838.403625 62.257999 -219.664307
v 845.626526 57.047001 -231.538300
v 840.228027 59.102100 -212.543793
v 840.023376 61.068600 -202.383301
v 846.106995 64.048203 -202.487198
v 833.793274 64.468102 -203.542206
v 832.037415 63.833900 -211.799103
v 847.647888 61.283501 -212.607697
v 832.087402 63.759800 -220.438797
v 845.909119 63.512501 -222.536301
v 839.662720 60.549599 -222.093506
v 831.614380 61.119301 -210.651093
v 831.915894 59.969200 -218.487701
v 825.161987 59.824100 -217.475494
v 824.514404 61.592899 -210.290100
v 826.201721 64.358597 -203.228806
v 833.167786 65.746902 -204.917603
v 819.953979 65.633400 -211.243805
v 820.777588 65.329002 -219.820297
v 821.914185 70.958199 -205.585907
v 834.218628 58.687199 -198.266098
v 841.368713 61.633598 -199.677902
v 839.265015 60.515202 -206.066406
v 832.226807 58.389400 -205.101898
v 825.190308 57.337101 -201.838303
v 827.182617 59.856602 -195.328903
v 829.788513 61.940899 -209.573105
v 837.168213 66.006897 -210.592804
v 822.498413 63.766102 -206.222794
v 840.526794 56.321999 -196.605606
v 846.689026 56.943901 -198.639999
v 844.359070 59.816799 -205.736603
v 838.133606 56.400799 -204.884003
v 840.995911 58.686100 -210.581100
v 835.652283 56.726398 -210.727798
v 830.044617 59.182098 -208.876495
v 832.682129 60.567101 -201.881500
v 835.118774 59.709499 -194.820206
v 829.151917 61.064400 -206.318207
v 823.567383 57.010799 -204.623901
v 828.561218 55.065899 -197.914307
v 833.695190 59.510799 -200.626297
v 824.451477 62.963902 -211.774796
v 819.294128 58.570599 -209.027802
v 819.403687 59.122101 -199.114304
v 824.036804 57.370701 -193.556900
v 814.601685 61.245701 -204.418503
v 832.788391 62.013100 -219.033096
v 829.056580 63.363300 -227.382507
v 821.590027 65.507896 -220.950195
v 829.466919 65.601898 -209.189102
v 835.715820 65.400597 -213.281998
v 825.025208 62.091999 -214.753403
v 822.657776 66.227798 -205.352997
v 819.060791 62.417599 -211.008804
v 813.495422 69.944504 -217.274796
v 824.999817 61.552200 -226.983902
v 826.022522 63.880299 -234.453201
v 819.284607 62.826401 -234.440903
v 817.884827 61.298801 -227.299698
v 818.671875 60.880402 -219.514694
v 825.503784 63.341099 -219.514694
v 812.904724 64.957001 -226.789703
v 814.385681 68.388298 -234.453201
v 813.724426 67.426903 -219.008698
v 815.718384 61.046501 -224.471207
v 814.630981 57.738201 -225.276199
v 814.186523 56.464001 -220.261093
v 816.749573 60.288502 -219.572296
v 813.197571 58.055401 -229.735901
v 813.848022 61.740799 -231.185104
v 807.171570 55.488201 -228.449997
v 808.481873 55.064800 -222.787903
v 808.974609 55.757900 -219.518097
v 819.143311 58.549999 -206.870605
v 826.558472 61.152100 -207.151306
v 826.220703 58.628601 -216.011398
v 818.972778 56.933701 -215.772003
v 811.234192 61.376400 -215.817596
v 811.583679 62.408401 -207.067001
v 818.199402 58.691002 -224.559204
v 825.794922 61.273602 -225.185303
v 810.344116 62.113098 -224.570099
v 838.691895 63.287102 -242.003006
v 836.188110 70.005096 -244.257004
v 827.761902 66.428299 -243.717896
v 830.242615 60.407200 -240.820801
v 833.096924 57.987701 -232.601105
v 841.299622 60.581299 -234.321396
v 822.363281 59.330700 -236.586502
v 819.473572 66.093002 -238.871307
v 825.208923 56.174000 -229.130096
v 850.229309 62.621101 -225.979599
v 851.253174 64.948601 -233.448898
v 844.514771 63.897900 -233.436600
v 843.114075 62.370998 -226.295395
v 843.901123 61.952301 -218.510406
v 850.734314 64.409698 -218.510406
v 838.135986 66.031502 -225.785400
v 839.618774 69.462196 -233.448898
v 838.956970 68.500999 -218.004395
v 844.826782 58.080700 -211.712204
v 850.671692 63.084900 -211.992905
v 851.362610 60.625500 -220.852997
v 845.311890 56.521500 -220.613602
v 836.362976 57.941101 -220.659195
v 836.276611 59.020802 -211.908493
v 843.894775 57.881901 -229.400803
v 849.914795 62.931000 -230.026794
v 835.243896 58.313702 -229.411606
v 840.861328 61.256199 -207.130905
v 849.909180 62.606300 -205.799103
v 848.488525 64.750999 -215.551300
v 834.337280 64.844902 -215.216400
v 834.437378 64.643700 -207.747101
v 841.416077 61.334999 -215.978195
v 834.754517 65.470901 -223.020493
v 841.457275 61.660599 -223.020493
v 849.731201 69.187500 -224.354004
v 860.218811 56.033699 -223.993301
v 853.422485 57.426800 -224.696106
v 853.819702 60.002800 -217.602402
v 861.553528 60.006401 -217.256500
v 853.498779 59.584099 -230.225906
v 861.885803 61.168301 -229.741501
v 845.831787 59.110802 -223.530197
v 847.467285 64.828300 -217.608795
v 847.044922 63.661701 -229.647202
v 854.009399 57.335701 -215.569397
v 855.780090 57.553001 -218.780899
v 852.797485 58.762299 -219.710602
v 850.720581 57.662498 -216.760696
v 850.341370 58.226200 -212.953293
v 853.664673 57.761501 -211.910400
v 848.532471 60.586300 -217.190094
v 849.787109 61.127998 -221.062607
v 847.365601 60.387501 -213.632004
v 839.512878 59.998600 -206.648499
v 839.012512 57.394402 -203.309494
v 843.383118 58.624901 -202.746094
v 843.733276 60.224602 -206.427994
v 835.227478 59.108398 -202.485397
v 835.283691 61.396000 -206.116104
v 839.483215 57.135502 -198.853195
v 843.230774 58.623402 -198.389496
v 835.286987 58.002998 -198.473694
v 832.524414 59.779499 -205.832794
v 839.993591 62.185501 -206.460800
v 839.981323 57.670799 -214.375504
v 832.698425 56.132500 -214.021393
v 825.055115 60.473400 -215.598495
v 825.055115 63.518299 -207.392197
v 832.330078 55.782501 -223.024597
v 839.993591 58.087700 -223.973206
v 824.549072 59.144001 -224.301697
v 826.721375 61.215599 -216.440002
v 829.117676 61.101002 -208.166595
v 834.228882 57.709702 -210.690308
v 832.392029 57.700100 -217.928894
v 835.819885 57.479698 -203.396393
v 830.112671 60.959599 -201.899307
v 823.917297 59.319698 -200.401901
v 822.485413 59.704800 -207.731598
v 820.789124 59.832199 -215.001801
v 829.797180 58.080700 -218.091904
v 835.642090 63.084900 -218.372604
v 836.333008 60.625500 -227.232697
v 830.282288 56.521500 -226.993301
v 821.333374 57.941101 -227.038895
v 821.247009 59.020802 -218.288300
v 828.865173 57.881901 -235.780594
v 834.885193 62.931000 -236.406601
v 820.214294 58.313702 -235.791397
v 822.550781 61.389599 -238.734406
v 818.036682 62.578701 -232.347504
v 825.564026 60.049801 -227.665298
v 829.906189 59.719002 -233.738403
v 834.060486 65.492798 -238.947205
v 826.785095 66.555702 -243.814499
v 837.142700 61.468498 -228.690796
v 832.797119 62.600899 -221.957397
v 841.456970 66.263298 -234.189804
v 832.857117 56.468899 -209.787094
v 838.702026 61.473099 -210.067795
v 839.392883 59.013599 -218.927902
v 833.342224 54.909599 -218.688507
v 824.393311 56.329201 -218.734100
v 824.306885 57.408901 -209.983505
v 831.925110 56.270100 -227.475800
v 837.945129 61.319199 -228.101807
v 823.274170 56.701900 -227.486603
v 842.483582 59.150398 -222.436096
v 836.304626 55.734501 -223.578201
v 835.981873 55.655602 -214.966904
v 842.471313 59.175098 -214.966904
v 842.299316 59.520699 -229.905304
v 835.780518 56.060001 -229.905304
v 830.186584 59.244301 -222.436096
v 830.286926 59.043098 -214.966904
v 829.875122 59.870300 -229.905304
v 843.148987 57.171299 -230.765198
v 840.563721 58.738701 -238.081497
v 835.312927 60.890099 -234.364197
v 837.779724 60.194000 -227.365906
v 842.650024 59.469601 -221.274307
v 848.572510 58.504101 -225.449997
v 836.071716 65.660202 -225.537598
v 834.170227 67.982399 -233.573700
v 842.189270 67.444099 -220.330399
v 837.718018 63.304798 -225.610901
v 838.470825 64.045502 -230.583603
v 833.808228 63.682301 -230.575394
v 833.188416 61.549801 -225.821106
v 833.771484 62.777401 -220.638107
v 838.379211 64.343803 -220.638107
v 828.499573 64.008102 -225.481598
v 828.183777 64.743698 -231.113098
v 828.573181 63.716801 -220.301300
v 820.049683 66.110397 -238.478500
v 819.485779 66.110397 -231.087601
v 824.354309 62.613800 -230.521103
v 827.009705 63.420700 -237.605103
v 824.772217 62.613800 -223.696701
v 819.573730 66.110397 -220.869705
v 833.969727 65.646797 -223.696701
v 833.969727 66.110397 -232.152405
v 833.126221 67.827904 -236.641602
v 823.256287 61.833401 -214.246796
v 823.921082 58.336899 -221.848297
v 816.738770 62.523602 -221.206802
v 815.865417 61.833401 -214.246796
v 830.647217 61.833401 -214.246796
v 830.647217 58.336899 -221.206802
v 830.647217 58.762199 -228.166702
v 822.191528 61.833401 -228.166702
v 818.267273 65.175598 -228.166702
v 814.700928 57.340099 -212.025604
v 814.622925 57.026100 -215.709702
v 809.521179 56.632702 -216.098206
v 809.755188 56.593601 -211.238098
v 819.054626 57.783699 -217.008804
v 821.413574 58.435299 -213.642899
v 817.517273 59.084999 -222.066498
v 811.918823 58.280602 -220.688797
v 808.963074 58.098801 -219.177994
v 821.974915 60.717701 -244.336594
v 818.004822 65.517097 -245.071793
v 819.246826 67.825600 -237.483704
v 820.719788 61.342499 -235.836807
v 818.810181 66.145103 -231.753998
v 820.524170 61.474899 -229.483093
v 826.450684 59.204800 -228.616196
v 828.246704 60.069901 -235.964203
v 828.470581 59.236099 -243.433807
v 818.794128 64.659103 -238.827698
v 819.107788 62.937698 -234.839798
v 822.429810 65.936798 -234.670105
v 822.480408 66.605202 -238.684204
v 814.801392 63.178501 -234.565704
v 814.266602 64.363602 -238.738007
v 819.092407 64.001602 -230.486603
v 821.746399 66.959503 -230.490097
v 814.854980 63.202599 -230.384003
v 823.077209 59.088699 -235.470200
v 815.559326 62.792099 -239.174805
v 814.208130 65.108002 -231.769196
v 821.211426 60.702801 -228.440903
v 825.641113 53.891602 -225.467407
v 827.308289 51.367401 -232.926895
v 815.232178 57.611900 -222.462204
v 808.791992 62.349201 -225.757294
v 820.276672 51.580898 -219.127808
v 811.942383 56.131100 -226.903305
v 814.210327 61.879601 -222.433594
v 821.747986 61.802399 -227.823196
v 819.085083 56.887600 -232.432297
v 812.984680 56.838200 -239.152802
v 806.358398 55.725101 -233.444107
v 823.988098 60.093102 -239.183899
v 826.597717 65.995796 -234.805695
v 818.374390 59.142799 -245.703705
v 839.021729 60.517700 -227.492203
v 845.105225 63.481201 -227.146301
v 846.646179 62.081902 -237.582001
v 839.226318 59.913898 -237.847305
v 832.791626 64.036400 -228.127502
v 844.907288 65.600998 -247.075394
v 831.035583 64.499901 -236.397293
v 838.660889 62.609200 -247.083496
v 831.085571 65.568497 -244.961700
v 847.167786 63.686001 -236.793304
v 846.892517 64.279701 -241.793106
v 842.388611 63.988602 -241.674301
v 842.026978 62.279400 -236.972794
v 842.357178 63.263302 -232.341400
v 846.617126 64.518799 -232.341400
v 837.643188 64.249702 -236.682800
v 837.373474 64.839302 -241.857697
v 837.706116 64.016197 -232.053696
v 850.424683 64.088402 -226.270096
v 856.331177 61.537399 -225.770401
v 856.450623 59.705700 -233.603500
v 849.190674 59.625599 -233.344406
v 847.233276 69.015099 -229.038605
v 853.415588 56.832401 -237.800903
v 846.235229 65.857803 -235.692993
v 847.763611 56.878502 -238.802597
v 843.918884 61.264999 -241.047302
v 831.537598 60.520100 -238.577698
v 831.680481 56.659698 -244.224197
v 823.161987 57.871498 -244.071793
v 824.185486 61.700199 -238.200806
v 838.911987 59.502998 -239.156799
v 837.891724 55.698502 -245.057907
v 837.705872 56.113602 -250.740601
v 830.317078 57.025398 -250.030594
v 822.952271 58.112301 -249.537994
v 849.971985 56.720100 -204.764893
v 844.706909 56.211399 -209.741394
v 839.564697 56.746601 -202.849503
v 845.744385 57.154800 -198.624603
v 854.226501 56.720402 -210.919495
v 848.050781 56.377102 -215.146500
v 841.149719 61.976700 -211.238007
v 836.906677 62.162601 -205.089493
v 845.421570 62.258499 -217.401794
v 832.888611 58.812099 -241.912903
v 829.090881 60.659801 -248.581299
v 821.808105 56.894402 -244.497894
v 825.322021 55.916901 -237.984299
v 827.574829 60.972401 -231.043198
v 835.048279 63.254902 -235.057907
v 817.440613 56.408001 -233.632095
v 813.264282 58.168999 -240.318604
v 819.973022 60.476200 -226.576797
v 829.076721 58.223400 -239.699600
v 829.071716 64.402199 -235.309494
v 837.902100 62.294201 -233.626999
v 837.953796 56.943199 -238.446594
v 838.397095 56.302799 -247.486404
v 829.654724 57.209702 -248.222900
v 846.790100 58.065800 -239.794495
v 847.121887 64.332397 -235.231506
v 847.189514 56.533501 -248.292603
v 845.914490 55.908600 -244.326599
v 841.963806 61.893200 -246.848099
v 838.415588 61.902901 -238.287598
v 842.822571 56.731098 -235.846603
v 851.538086 56.213799 -233.373306
v 854.076904 55.060902 -241.736893
v 842.415588 59.871899 -227.484406
v 838.232483 66.019699 -229.745605
v 850.560913 58.480301 -224.934906
v 816.842224 60.301201 -209.878098
v 819.690979 60.868301 -207.637405
v 821.377075 60.194302 -210.477493
v 818.544922 58.704201 -212.437698
v 815.175110 59.582802 -214.101196
v 813.564819 61.060299 -211.399902
v 820.177307 59.923599 -215.655594
v 823.826599 60.388802 -213.827896
v 816.919373 59.734699 -217.502808
v 830.446472 54.273701 -225.729294
v 831.469116 56.601700 -233.198502
v 824.731323 55.547798 -233.186203
v 823.331482 54.020199 -226.044998
v 824.118591 53.601898 -218.259995
v 830.950500 56.062500 -218.259995
v 818.351379 57.678398 -225.535004
v 819.832275 61.109798 -233.198502
v 819.171021 60.148300 -217.754105
v 846.683594 59.405102 -230.405594
v 839.329773 61.732700 -232.066498
v 838.763916 60.681900 -225.351898
v 845.758484 59.154999 -223.343796
v 853.582275 58.736301 -223.459793
v 854.168579 61.193699 -230.267899
v 845.839478 62.815601 -218.340302
v 838.331482 66.246201 -220.475098
v 853.662170 65.285103 -218.490601
v 856.735413 58.435398 -235.631805
v 853.394226 58.471500 -241.234100
v 846.696716 59.978802 -237.587402
v 849.176575 58.207500 -231.512207
v 842.803528 59.214699 -233.197601
v 843.981323 58.241199 -227.847107
v 846.723877 60.030399 -222.917206
v 852.837891 61.073601 -227.078995
v 859.279785 60.775501 -230.934402
v 843.704712 62.047100 -215.921997
v 842.688416 59.799599 -209.367706
v 849.891418 58.307201 -209.819000
v 848.853577 62.075401 -223.147095
v 845.828613 66.001801 -221.960007
v 849.703125 56.834599 -218.164703
v 856.359924 57.488201 -224.533997
v 856.258118 55.312698 -217.957993
v 857.094421 56.814800 -210.270203
v 830.800720 68.188400 -219.043900
v 826.613708 67.119499 -213.483795
v 832.320984 63.282299 -211.187698
v 837.874878 65.749001 -223.722397
v 836.415588 70.524597 -223.631393
v 834.672791 61.117500 -219.016296
v 842.960876 58.842701 -222.299393
v 839.572876 57.537300 -216.364197
v 838.028320 59.445099 -208.891602
v 831.044617 59.114601 -214.016693
v 826.857483 58.045601 -208.456696
v 832.564880 54.208500 -206.160599
v 838.118774 56.675098 -218.695297
v 836.659485 61.450699 -218.604202
v 834.916687 52.043598 -213.989105
v 843.204773 49.768799 -217.272293
v 839.816711 48.463402 -211.337097
v 838.272217 50.371300 -203.864395
v 841.009705 62.047100 -228.001999
v 839.993408 59.799599 -221.447800
v 847.196411 58.307201 -221.899002
v 846.158691 62.075401 -235.227097
v 843.133728 66.001801 -234.039993
v 847.008118 56.834599 -230.244705
v 853.664917 57.488201 -236.613998
v 853.563171 55.312698 -230.038101
v 854.399414 56.814800 -222.350204
v 834.475220 58.414101 -224.467300
v 830.288208 57.345100 -218.907303
v 835.995483 53.507900 -216.611099
v 841.549377 55.974602 -229.145798
v 840.090088 60.750198 -229.054794
v 838.347290 51.343102 -224.439697
v 846.635376 49.068298 -227.722794
v 843.247375 47.762901 -221.787598
v 841.702820 49.670799 -214.315002
v 820.859680 59.085201 -210.935501
v 818.770813 56.506802 -209.897293
v 821.843811 56.484402 -204.794693
v 823.648315 59.363602 -205.545303
v 816.015381 60.223202 -214.502701
v 814.273621 57.277302 -213.530396
v 814.126587 55.493599 -206.566696
v 817.422180 55.370899 -201.801300
v 809.972473 55.947102 -210.544693
v 137.788300 59.375401 -218.727707
v 132.323700 55.829102 -221.658203
v 127.788902 59.193001 -215.270294
v 134.102402 62.377499 -213.076706
v 141.407196 56.730701 -224.636398
v 135.083603 53.599602 -226.868393
v 127.499702 59.460400 -225.462708
v 123.852203 62.257999 -219.664307
v 131.075104 57.047001 -231.538300
v 125.676598 59.102100 -212.543793
v 125.472000 61.068600 -202.383301
v 131.555603 64.048203 -202.487198
v 119.241898 64.468102 -203.542206
v 117.486000 63.833900 -211.799103
v 133.096603 61.283501 -212.607697
v 117.536003 63.759800 -220.438797
v 131.357697 63.512501 -222.536301
v 125.111298 60.549599 -222.093506
v 117.063004 61.119301 -210.651093
v 117.364502 59.969200 -218.487701
v 110.610603 59.824100 -217.475494
v 109.962997 61.592899 -210.290100
v 111.650299 64.358597 -203.228806
v 118.616402 65.746902 -204.917603
v 105.402603 65.633400 -211.243805
v 106.226303 65.329002 -219.820297
v 107.362900 70.958199 -205.585907
v 119.667198 58.687199 -198.266098
v 126.817299 61.633598 -199.677902
v 124.713600 60.515202 -206.066406
v 117.675400 58.389400 -205.101898
v 110.638901 57.337101 -201.838303
v 112.631203 59.856602 -195.328903
v 115.237099 61.940899 -209.573105
v 122.616798 66.006897 -210.592804
v 107.946999 63.766102 -206.222794
v 125.975403 56.321999 -196.605606
v 132.137604 56.943901 -198.639999
v 129.807693 59.816799 -205.736603
v 123.582199 56.400799 -204.884003
v 126.444504 58.686100 -210.581100
v 121.100998 56.726398 -210.727798
v 115.493202 59.182098 -208.876495
v 118.130699 60.567101 -201.881500
v 120.567398 59.709499 -194.820206
v 114.600502 61.064400 -206.318207
v 109.016098 57.010799 -204.623901
v 114.009804 55.065899 -197.914307
v 119.143799 59.510799 -200.626297
v 109.900101 62.963902 -211.774796
v 104.742699 58.570599 -209.027802
v 104.852303 59.122101 -199.114304
v 109.485397 57.370701 -193.556900
v 100.050301 61.245701 -204.418503
v 118.237000 62.013100 -219.033096
v 114.505203 63.363300 -227.382507
v 107.038597 65.507896 -220.950195
v 114.915497 65.601898 -209.189102
v 121.164398 65.400597 -213.281998
v 110.473801 62.091999 -214.753403
v 108.106400 66.227798 -205.352997
v 104.509399 62.417599 -211.008804
v 98.944000 69.944504 -217.274796
v 110.448402 61.552200 -226.983902
v 111.471100 63.880299 -234.453201
v 104.733200 62.826401 -234.440903
v 103.333397 61.298801 -227.299698
v 104.120499 60.880402 -219.514694
v 110.952499 63.341099 -219.514694
v 98.353302 64.957001 -226.789703
v 99.834297 68.388298 -234.453201
v 99.172997 67.426903 -219.008698
v 101.167000 61.046501 -224.471207
v 100.079597 57.738201 -225.276199
v 99.635101 56.464001 -220.261093
v 102.198196 60.288502 -219.572296
v 98.646202 58.055401 -229.735901
v 99.296600 61.740799 -231.185104
v 92.620201 55.488201 -228.449997
v 93.930496 55.064800 -222.787903
v 94.423203 55.757900 -219.518097
v 104.591904 58.549999 -206.870605
v 112.007103 61.152100 -207.151306
v 111.669296 58.628601 -216.011398
v 104.421402 56.933701 -215.772003
v 96.682800 61.376400 -215.817596
v 97.032303 62.408401 -207.067001
v 103.648003 58.691002 -224.559204
v 111.243500 61.273602 -225.185303
v 95.792702 62.113098 -224.570099
v 124.140503 63.287102 -242.003006
v 121.636703 70.005096 -244.257004
v 113.210503 66.428299 -243.717896
v 115.691200 60.407200 -240.820801
v 118.545502 57.987701 -232.601105
v 126.748199 60.581299 -234.321396
v 107.811897 59.330700 -236.586502
v 104.922203 66.093002 -238.871307
v 110.657501 56.174000 -229.130096
v 135.677902 62.621101 -225.979599
v 136.701797 64.948601 -233.448898
v 129.963394 63.897900 -233.436600
v 128.562698 62.370998 -226.295395
v 129.349701 61.952301 -218.510406
v 136.182907 64.409698 -218.510406
v 123.584702 66.031502 -225.785400
v 125.067398 69.462196 -233.448898
v 124.405602 68.500999 -218.004395
v 130.275406 58.080700 -211.712204
v 136.120300 63.084900 -211.992905
v 136.811203 60.625500 -220.852997
v 130.760498 56.521500 -220.613602
v 121.811600 57.941101 -220.659195
v 121.725197 59.020802 -211.908493
v 129.343399 57.881901 -229.400803
v 135.363403 62.931000 -230.026794
v 120.692497 58.313702 -229.411606
v 126.309898 61.256199 -207.130905
v 135.357803 62.606300 -205.799103
v 133.937103 64.750999 -215.551300
v 119.785896 64.844902 -215.216400
v 119.886002 64.643700 -207.747101
v 126.864700 61.334999 -215.978195
v 120.203102 65.470901 -223.020493
v 126.905899 61.660599 -223.020493
v 135.179794 69.187500 -224.354004
v 145.667404 56.033699 -223.993301
v 138.871094 57.426800 -224.696106
v 139.268295 60.002800 -217.602402
v 147.002106 60.006401 -217.256500
v 138.947403 59.584099 -230.225906
v 147.334396 61.168301 -229.741501
v 131.280396 59.110802 -223.530197
v 132.915894 64.828300 -217.608795
v 132.493500 63.661701 -229.647202
v 139.457993 57.335701 -215.569397
v 141.228699 57.553001 -218.780899
v 138.246201 58.762299 -219.710602
v 136.169205 57.662498 -216.760696
v 135.789993 58.226200 -212.953293
v 139.113297 57.761501 -211.910400
v 133.981094 60.586300 -217.190094
v 135.235703 61.127998 -221.062607
v 132.814194 60.387501 -213.632004
v 124.961502 59.998600 -206.648499
v 124.461098 57.394402 -203.309494
v 128.831696 58.624901 -202.746094
v 129.181900 60.224602 -206.427994
v 120.676102 59.108398 -202.485397
v 120.732300 61.396000 -206.116104
v 124.931801 57.135502 -198.853195
v 128.679398 58.623402 -198.389496
v 120.735603 58.002998 -198.473694
v 117.973000 59.779499 -205.832794
v 125.442200 62.185501 -206.460800
v 125.429901 57.670799 -214.375504
v 118.147003 56.132500 -214.021393
v 110.503700 60.473400 -215.598495
v 110.503700 63.518299 -207.392197
v 117.778702 55.782501 -223.024597
v 125.442200 58.087700 -223.973206
v 109.997704 59.144001 -224.301697
v 112.169998 61.215599 -216.440002
v 114.566299 61.101002 -208.166595
v 119.677498 57.709702 -210.690308
v 117.840599 57.700100 -217.928894
v 121.268501 57.479698 -203.396393
v 115.561302 60.959599 -201.899307
v 109.365898 59.319698 -200.401901
v 107.933998 59.704800 -207.731598
v 106.237701 59.832199 -215.001801
v 115.245796 58.080700 -218.091904
v 121.090698 63.084900 -218.372604
v 121.781601 60.625500 -227.232697
v 115.730904 56.521500 -226.993301
v 106.781998 57.941101 -227.038895
v 106.695602 59.020802 -218.288300
v 114.313797 57.881901 -235.780594
v 120.333801 62.931000 -236.406601
v 105.662903 58.313702 -235.791397
v 107.999496 61.389599 -238.734406
v 103.485397 62.578701 -232.347504
v 111.012604 60.049801 -227.665298
v 115.354797 59.719002 -233.738403
v 119.509201 65.492798 -238.947205
v 112.233704 66.555702 -243.814499
v 122.591301 61.468498 -228.690796
v 118.245697 62.600899 -221.957397
v 126.905602 66.263298 -234.189804
v 118.305702 56.468899 -209.787094
v 124.150597 61.473099 -210.067795
v 124.841499 59.013599 -218.927902
v 118.790802 54.909599 -218.688507
v 109.841904 56.329201 -218.734100
v 109.755600 57.408901 -209.983505
v 117.373703 56.270100 -227.475800
v 123.393700 61.319199 -228.101807
v 108.722801 56.701900 -227.486603
v 127.932198 59.150398 -222.436096
v 121.753197 55.734501 -223.578201
v 121.430496 55.655602 -214.966904
v 127.919899 59.175098 -214.966904
v 127.747902 59.520699 -229.905304
v 121.229103 56.060001 -229.905304
v 115.635300 59.244301 -222.436096
v 115.735497 59.043098 -214.966904
v 115.323700 59.870300 -229.905304
v 128.597595 57.171299 -230.765198
v 126.012299 58.738701 -238.081497
v 120.761497 60.890099 -234.364197
v 123.228302 60.194000 -227.365906
v 128.098602 59.469601 -221.274307
v 134.021103 58.504101 -225.449997
v 121.520302 65.660202 -225.537598
v 119.618797 67.982399 -233.573700
v 127.637901 67.444099 -220.330399
v 123.166603 63.304798 -225.610901
v 123.919403 64.045502 -230.583603
v 119.256798 63.682301 -230.575394
v 118.637001 61.549801 -225.821106
v 119.220100 62.777401 -220.638107
v 123.827797 64.343803 -220.638107
v 113.948196 64.008102 -225.481598
v 113.632401 64.743698 -231.113098
v 114.021896 63.716801 -220.301300
v 105.498398 66.110397 -238.478500
v 104.934402 66.110397 -231.087601
v 109.802902 62.613800 -230.521103
v 112.458298 63.420700 -237.605103
v 110.220802 62.613800 -223.696701
v 105.022301 66.110397 -220.869705
v 119.418297 65.646797 -223.696701
v 119.418297 66.110397 -232.152405
v 118.574799 67.827904 -236.641602
v 108.704903 61.833401 -214.246796
v 109.369797 58.336899 -221.848297
v 102.187401 62.523602 -221.206802
v 101.314003 61.833401 -214.246796
v 116.095802 61.833401 -214.246796
v 116.095802 58.336899 -221.206802
v 116.095802 58.762199 -228.166702
v 107.640099 61.833401 -228.166702
v 103.715897 65.175598 -228.166702
v 100.149498 57.340099 -212.025604
v 100.071503 57.026100 -215.709702
v 94.969803 56.632702 -216.098206
v 95.203796 56.593601 -211.238098
v 104.503197 57.783699 -217.008804
v 106.862198 58.435299 -213.642899
v 102.965897 59.084999 -222.066498
v 97.367401 58.280602 -220.688797
v 94.411697 58.098801 -219.177994
v 107.423500 60.717701 -244.336594
v 103.453400 65.517097 -245.071793
v 104.695396 67.825600 -237.483704
v 106.168503 61.342499 -235.836807
v 104.258797 66.145103 -231.753998
v 105.972801 61.474899 -229.483093
v 111.899300 59.204800 -228.616196
v 113.695297 60.069901 -235.964203
v 113.919197 59.236099 -243.433807
v 104.242699 64.659103 -238.827698
v 104.556503 62.937698 -234.839798
v 107.878403 65.936798 -234.670105
v 107.929001 66.605202 -238.684204
v 100.250000 63.178501 -234.565704
v 99.715202 64.363602 -238.738007
v 104.541000 64.001602 -230.486603
v 107.195000 66.959503 -230.490097
v 100.303596 63.202599 -230.384003
v 108.525803 59.088699 -235.470200
v 101.007896 62.792099 -239.174805
v 99.656700 65.108002 -231.769196
v 106.660004 60.702801 -228.440903
v 111.089699 53.891602 -225.467407
v 112.757004 51.367401 -232.926895
v 100.680801 57.611900 -222.462204
v 94.240601 62.349201 -225.757294
v 105.725304 51.580898 -219.127808
v 97.390999 56.131100 -226.903305
v 99.658897 61.879601 -222.433594
v 107.196602 61.802399 -227.823196
v 104.533699 56.887600 -232.432297
v 98.433296 56.838200 -239.152802
v 91.806999 55.725101 -233.444107
v 109.436699 60.093102 -239.183899
v 112.046303 65.995796 -234.805695
v 103.822998 59.142799 -245.703705
v 124.470299 60.517700 -227.492203
v 130.553802 63.481201 -227.146301
v 132.094803 62.081902 -237.582001
v 124.674896 59.913898 -237.847305
v 118.240196 64.036400 -228.127502
v 130.355896 65.600998 -247.075394
v 116.484299 64.499901 -236.397293
v 124.109497 62.609200 -247.083496
v 116.534203 65.568497 -244.961700
v 132.616501 63.686001 -236.793304
v 132.341095 64.279701 -241.793106
v 127.837196 63.988602 -241.674301
v 127.475601 62.279400 -236.972794
v 127.805801 63.263302 -232.341400
v 132.065704 64.518799 -232.341400
v 123.091904 64.249702 -236.682800
v 122.822098 64.839302 -241.857697
v 123.154701 64.016197 -232.053696
v 135.873398 64.088402 -226.270096
v 141.779800 61.537399 -225.770401
v 141.899200 59.705700 -233.603500
v 134.639297 59.625599 -233.344406
v 132.681900 69.015099 -229.038605
v 138.864304 56.832401 -237.800903
v 131.683807 65.857803 -235.692993
v 133.212204 56.878502 -238.802597
v 129.367599 61.264999 -241.047302
v 116.986198 60.520100 -238.577698
v 117.129204 56.659698 -244.224197
v 108.610603 57.871498 -244.071793
v 109.634201 61.700199 -238.200806
v 124.360603 59.502998 -239.156799
v 123.340302 55.698502 -245.057907
v 123.154503 56.113602 -250.740601
v 115.765701 57.025398 -250.030594
v 108.400902 58.112301 -249.537994
v 135.420593 56.720100 -204.764893
v 130.155502 56.211399 -209.741394
v 125.013298 56.746601 -202.849503
v 131.193100 57.154800 -198.624603
v 139.675095 56.720402 -210.919495
v 133.499405 56.377102 -215.146500
v 126.598297 61.976700 -211.238007
v 122.355301 62.162601 -205.089493
v 130.870193 62.258499 -217.401794
v 118.337196 58.812099 -241.912903
v 114.539497 60.659801 -248.581299
v 107.256699 56.894402 -244.497894
v 110.770599 55.916901 -237.984299
v 113.023399 60.972401 -231.043198
v 120.496902 63.254902 -235.057907
v 102.889198 56.408001 -233.632095
v 98.712997 58.168999 -240.318604
v 105.421600 60.476200 -226.576797
v 114.525299 58.223400 -239.699600
v 114.520302 64.402199 -235.309494
v 123.350700 62.294201 -233.626999
v 123.402397 56.943199 -238.446594
v 123.845703 56.302799 -247.486404
v 115.103302 57.209702 -248.222900
v 132.238693 58.065800 -239.794495
v 132.570602 64.332397 -235.231506
v 132.638107 56.533501 -248.292603
v 131.363098 55.908600 -244.326599
v 127.412399 61.893200 -246.848099
v 123.864197 61.902901 -238.287598
v 128.271194 56.731098 -235.846603
v 136.986801 56.213799 -233.373306
v 139.525497 55.060902 -241.736893
v 127.864304 59.871899 -227.484406
v 123.681198 66.019699 -229.745605
v 136.009506 58.480301 -224.934906
v 102.290802 60.301201 -209.878098
v 105.139603 60.868301 -207.637405
v 106.825699 60.194302 -210.477493
v 103.993500 58.704201 -212.437698
v 100.623703 59.582802 -214.101196
v 99.013397 61.060299 -211.399902
v 105.625900 59.923599 -215.655594
v 109.275200 60.388802 -213.827896
v 102.367996 59.734699 -217.502808
v 115.895103 54.273701 -225.729294
v 116.917702 56.601700 -233.198502
v 110.179901 55.547798 -233.186203
v 108.780098 54.020199 -226.044998
v 109.567200 53.601898 -218.259995
v 116.399101 56.062500 -218.259995
v 103.800003 57.678398 -225.535004
v 105.280899 61.109798 -233.198502
v 104.619598 60.148300 -217.754105
v 132.132202 59.405102 -230.405594
v 124.778397 61.732700 -232.066498
v 124.212502 60.681900 -225.351898
v 131.207199 59.154999 -223.343796
v 139.030899 58.736301 -223.459793
v 139.617203 61.193699 -230.267899
v 131.288101 62.815601 -218.340302
v 123.780197 66.246201 -220.475098
v 139.110794 65.285103 -218.490601
v 142.184006 58.435398 -235.631805
v 138.842804 58.471500 -241.234100
v 132.145294 59.978802 -237.587402
v 134.625198 58.207500 -231.512207
v 128.252106 59.214699 -233.197601
v 129.429901 58.241199 -227.847107
v 132.172501 60.030399 -222.917206
v 138.286499 61.073601 -227.078995
v 144.728394 60.775501 -230.934402
v 129.153305 62.047100 -215.921997
v 128.136993 59.799599 -209.367706
v 135.339996 58.307201 -209.819000
v 134.302200 62.075401 -223.147095
v 131.277206 66.001801 -221.960007
v 135.151703 56.834599 -218.164703
v 141.808502 57.488201 -224.533997
v 141.706696 55.312698 -217.957993
v 142.542999 56.814800 -210.270203
v 116.249298 68.188400 -219.043900
v 112.062302 67.119499 -213.483795
v 117.769600 63.282299 -211.187698
v 123.323502 65.749001 -223.722397
v 121.864304 70.524597 -223.631393
v 120.121399 61.117500 -219.016296
v 128.409500 58.842701 -222.299393
v 125.021500 57.537300 -216.364197
v 123.476898 59.445099 -208.891602
v 116.493202 59.114601 -214.016693
v 112.306198 58.045601 -208.456696
v 118.013496 54.208500 -206.160599
v 123.567398 56.675098 -218.695297
v 122.108101 61.450699 -218.604202
v 120.365303 52.043598 -213.989105
v 128.653397 49.768799 -217.272293
v 125.265297 48.463402 -211.337097
v 123.720802 50.371300 -203.864395
v 126.458298 62.047100 -228.001999
v 125.442001 59.799599 -221.447800
v 132.645004 58.307201 -221.899002
v 131.607300 62.075401 -235.227097
v 128.582306 66.001801 -234.039993
v 132.456696 56.834599 -230.244705
v 139.113495 57.488201 -236.613998
v 139.011795 55.312698 -230.038101
v 139.848007 56.814800 -222.350204
v 119.923798 58.414101 -224.467300
v 115.736801 57.345100 -218.907303
v 121.444199 53.507900 -216.611099
v 126.998001 55.974602 -229.145798
v 125.538803 60.750198 -229.054794
v 123.795898 51.343102 -224.439697
v 132.084000 49.068298 -227.722794
v 128.695999 47.762901 -221.787598
v 127.151398 49.670799 -214.315002
v 106.308296 59.085201 -210.935501
v 104.219398 56.506802 -209.897293
v 107.292397 56.484402 -204.794693
v 109.096901 59.363602 -205.545303
v 101.464104 60.223202 -214.502701
v 99.722198 57.277302 -213.530396
v 99.575203 55.493599 -206.566696
v 102.870796 55.370899 -201.801300
v 95.421097 55.947102 -210.544693
vn 0.6101 0.7501 -0.2552
vn 0.3627 0.9019 0.2345
vn 0.3686 0.8878 0.2758
vn 0.6268 0.7435 -0.2330
vn 0.5683 0.7741 -0.2787
vn 0.3117 0.9048 0.2903
vn -0.0220 0.7305 0.6825
vn -0.0151 0.7448 0.6671
vn -0.0038 0.7322 0.6811
vn 0.2728 0.9600 0.0635
vn 0.3388 0.8082 -0.4817
vn 0.0176 0.9177 -0.3970
vn 0.0377 0.9942 0.1007
vn 0.1839 0.8109 0.5556
vn 0.1001 0.8215 0.5614
vn -0.0618 0.8493 0.5242
vn -0.2208 0.9752 0.0138
vn -0.3055 0.8363 -0.4553
vn 0.3884 0.9195 -0.0605
vn 0.1754 0.9831 -0.0517
vn 0.1456 0.8989 0.4133
vn 0.3404 0.8296 0.4426
vn 0.6141 0.7128 0.3386
vn 0.6131 0.7216 -0.3215
vn 0.2995 0.5234 0.7977
vn -0.0550 0.5649 0.8233
vn 0.5631 0.2571 0.7854
vn 0.1037 0.9643 -0.2438
vn 0.0396 0.8922 -0.4498
vn -0.4264 0.8414 -0.3321
vn -0.4058 0.9052 -0.1261
vn -0.2375 0.9610 0.1418
vn 0.4230 0.9061 0.0045
vn -0.7557 0.6489 0.0890
vn -0.8358 0.5038 -0.2182
vn -0.6810 0.5534 0.4796
vn -0.0257 0.9972 0.0696
vn 0.0478 0.9606 0.2738
vn -0.2641 0.9278 -0.2636
vn -0.3579 0.8012 -0.4795
vn -0.1785 0.8628 -0.4729
vn -0.0274 0.9953 0.0925
vn 0.2687 0.8361 0.4782
vn 0.2435 0.7896 0.5633
vn 0.0827 0.8090 0.5819
vn -0.5952 0.6872 -0.4164
vn -0.3405 0.9401 0.0193
vn -0.3003 0.9530 0.0395
vn -0.5712 0.7007 -0.4276
vn -0.6304 0.6769 -0.3801
vn -0.3299 0.9389 0.0986
vn 0.0586 0.8737 0.4829
vn 0.0641 0.8773 0.4756
vn 0.0627 0.8509 0.5216
vn 0.1241 0.9913 0.0443
vn -0.0271 0.9375 0.3471
vn -0.3343 0.8406 0.4262
vn 0.4766 0.8507 -0.2216
vn 0.4614 0.8453 -0.2695
vn 0.0278 0.9991 0.0322
vn 0.4988 0.8385 -0.2196
vn 0.0324 0.9874 0.1549
vn -0.4078 0.6664 0.6242
vn -0.1013 0.9809 -0.1660
vn -0.3245 0.9297 -0.1742
vn -0.3694 0.8777 0.3052
vn -0.1621 0.9210 0.3542
vn 0.1514 0.9473 0.2822
vn 0.2310 0.8929 -0.3866
vn -0.0968 0.6520 0.7520
vn -0.4285 0.5345 0.7285
vn 0.2843 0.5233 0.8033
vn -0.1441 0.3669 -0.9190
vn -0.2683 0.2105 -0.9400
vn -0.2476 0.5986 -0.7619
vn -0.0988 0.7924 -0.6020
vn -0.2828 0.5810 -0.7632
vn -0.2876 0.2305 -0.9296
vn -0.1860 0.8957 -0.4039
vn -0.0712 0.9395 -0.3349
vn 0.2160 0.9583 -0.1869
vn 0.2310 0.9661 0.1156
vn 0.2864 0.8789 -0.3816
vn -0.0205 0.9476 -0.3188
vn -0.0008 0.9890 0.1476
vn 0.0307 0.8465 0.5314
vn 0.1402 0.8423 0.5205
vn -0.2104 0.9687 0.1316
vn -0.3224 0.8852 -0.3353
vn -0.0424 0.8851 0.4635
vn -0.3654 0.9141 -0.1759
vn -0.7611 0.6450 -0.0684
vn -0.6412 0.7423 0.1948
vn -0.2655 0.9637 0.0274
vn 0.1007 0.9853 -0.1378
vn 0.0542 0.9693 -0.2399
vn -0.2104 0.9511 0.2261
vn -0.5352 0.7013 0.4710
vn 0.0473 0.9981 -0.0406
vn -0.1013 0.9810 -0.1654
vn -0.3245 0.9298 -0.1737
vn -0.3694 0.8776 0.3056
vn -0.1621 0.9208 0.3547
vn 0.1514 0.9472 0.2827
vn 0.2310 0.8931 -0.3861
vn -0.0968 0.6517 0.7523
vn -0.4285 0.5342 0.7287
vn 0.2843 0.5229 0.8036
vn 0.2272 0.9314 -0.2843
vn 0.2756 0.6632 -0.6959
vn -0.0197 0.7436 -0.6684
vn 0.0002 0.9662 -0.2579
vn 0.0312 0.9893 0.1426
vn 0.1441 0.9806 0.1329
vn -0.2055 0.9400 -0.2724
vn -0.3110 0.6853 -0.6586
vn -0.0434 0.9973 0.0598
vn -0.1282 0.9913 0.0304
vn -0.1661 0.9374 -0.3059
vn 0.0485 0.8406 -0.5395
vn -0.2793 0.8507 0.4453
vn -0.2404 0.8453 0.4772
vn -0.0409 0.9991 -0.0119
vn -0.2989 0.8385 0.4557
vn -0.1115 0.9874 -0.1123
vn 0.0024 0.6664 -0.7456
vn -0.0337 0.9974 0.0631
vn -0.0402 0.9679 0.2483
vn 0.5592 0.7915 0.2468
vn 0.5815 0.8131 0.0256
vn -0.5737 0.7939 0.2016
vn -0.6901 0.6961 -0.1979
vn 0.0736 0.8830 0.4636
vn 0.7218 0.5107 0.4671
vn -0.6288 0.5910 0.5053
vn -0.0991 0.9798 0.1738
vn -0.2678 0.8963 0.3534
vn -0.4288 0.8074 0.4052
vn -0.2604 0.8335 0.4874
vn 0.0172 0.8726 0.4881
vn 0.1172 0.9727 0.2003
vn -0.3096 0.6592 0.6853
vn -0.3132 0.7566 0.5740
vn -0.2490 0.7570 0.6042
vn -0.6100 0.7856 0.1037
vn -0.3949 0.9122 0.1093
vn -0.3121 0.8999 -0.3048
vn -0.4554 0.8866 -0.0809
vn -0.4005 0.8182 0.4124
vn -0.5657 0.7395 0.3649
vn -0.1045 0.9942 -0.0265
vn 0.0146 0.9031 -0.4292
vn -0.3006 0.9189 0.2556
vn 0.4795 0.8657 0.1438
vn 0.5306 0.7745 -0.3445
vn 0.2570 0.9193 -0.2981
vn 0.2628 0.9505 0.1656
vn 0.2429 0.8023 0.5452
vn 0.3440 0.7711 0.5358
vn 0.0621 0.9882 0.1398
vn -0.0487 0.9412 -0.3343
vn 0.1855 0.8593 0.4767
vn 0.0339 0.9851 0.1687
vn 0.0182 0.9802 0.1974
vn 0.1264 0.8060 0.5783
vn 0.1451 0.8112 0.5665
vn 0.0848 0.8069 0.5845
vn -0.0047 0.9902 0.1396
vn -0.0903 0.9611 -0.2610
vn -0.0941 0.9660 -0.2410
vn -0.0790 0.9647 -0.2513
vn 0.2756 0.6632 -0.6958
vn -0.4006 0.9163 0.0006
vn -0.0400 0.9349 0.3527
vn 0.0862 0.9945 0.0596
vn -0.2860 0.9366 -0.2023
vn -0.5743 0.7213 -0.3871
vn -0.6306 0.7175 -0.2958
vn -0.1466 0.9219 -0.3588
vn 0.2966 0.9407 -0.1648
vn -0.4870 0.7713 -0.4098
vn -0.3110 0.6852 -0.6586
vn -0.0242 0.8317 -0.5547
vn -0.0335 0.9994 -0.0095
vn -0.0104 0.9995 0.0300
vn 0.0042 0.8377 -0.5462
vn -0.0780 0.8320 -0.5493
vn -0.0740 0.9953 0.0630
vn -0.0281 0.8114 0.5838
vn -0.0185 0.8133 0.5816
vn -0.0540 0.7890 0.6120
vn 0.1418 0.9174 0.3718
vn -0.0587 0.8784 0.4742
vn 0.1229 0.6110 0.7820
vn 0.3169 0.6205 0.7173
vn 0.5286 0.6826 0.5046
vn 0.2799 0.9600 -0.0092
vn 0.4832 0.2294 0.8449
vn 0.1791 0.1470 0.9728
vn 0.7753 0.1063 0.6226
vn -0.1699 0.8435 0.5096
vn -0.0148 0.7631 0.6461
vn -0.0457 0.9829 0.1782
vn -0.1963 0.9729 -0.1221
vn -0.0007 0.9788 0.2048
vn 0.0054 0.7790 0.6270
vn -0.0466 0.9226 -0.3829
vn -0.1614 0.8578 -0.4879
vn -0.4188 0.6527 -0.6313
vn 0.3245 0.9317 0.1631
vn 0.0517 0.9455 0.3214
vn -0.1073 0.8795 0.4637
vn -0.1184 0.9930 -0.0000
vn 0.4978 0.8671 0.0207
vn 0.2500 0.9680 0.0238
vn -0.2771 0.9421 0.1887
vn -0.4133 0.7454 0.5231
vn -0.4307 0.6306 0.6457
vn 0.0633 0.9835 -0.1697
vn -0.0955 0.9862 -0.1353
vn -0.2051 0.9761 -0.0723
vn -0.0180 0.9843 -0.1757
vn -0.1035 0.9807 -0.1660
vn 0.0794 0.9744 -0.2102
vn -0.3258 0.9412 -0.0893
vn -0.3674 0.9294 -0.0340
vn -0.4653 0.8680 0.1736
vn -0.0167 0.7105 0.7035
vn 0.0120 0.8301 0.5575
vn 0.0654 0.3790 0.9231
vn 0.0603 0.1731 0.9831
vn -0.0949 0.2515 0.9632
vn -0.0040 0.7082 0.7060
vn -0.0992 0.9486 0.3004
vn -0.0376 0.9750 0.2192
vn 0.1196 0.9531 0.2780
vn -0.3562 0.8686 -0.3444
vn -0.1040 0.9332 -0.3440
vn -0.0121 0.7052 -0.7089
vn -0.1596 0.8307 -0.5334
vn -0.1293 0.9908 -0.0387
vn -0.3301 0.9415 -0.0673
vn 0.2156 0.8539 -0.4737
vn 0.2934 0.5716 -0.7663
vn 0.0039 0.9752 -0.2212
vn 0.0255 0.6448 0.7639
vn 0.1962 0.7983 0.5694
vn -0.2735 0.8415 0.4659
vn -0.3836 0.6981 0.6045
vn -0.6573 0.7092 0.2550
vn -0.6978 0.6204 0.3579
vn -0.4189 0.5538 0.7196
vn -0.0310 0.4216 0.9062
vn -0.6496 0.6123 0.4506
vn 0.3046 0.8928 -0.3319
vn 0.6642 0.5831 -0.4678
vn 0.4410 0.5868 -0.6791
vn 0.1426 0.8661 -0.4791
vn -0.1362 0.9645 -0.2262
vn -0.0556 0.9869 -0.1514
vn 0.0259 0.7798 -0.6255
vn 0.2516 0.4670 -0.8477
vn -0.1222 0.9352 -0.3322
vn 0.1182 0.9910 0.0627
vn 0.2085 0.8491 -0.4854
vn -0.1278 0.9092 -0.3963
vn -0.1178 0.9879 0.1012
vn 0.0534 0.8285 0.5574
vn -0.0324 0.8265 0.5620
vn -0.1958 0.8301 0.5221
vn -0.3701 0.9289 0.0140
vn -0.4309 0.7818 -0.4507
vn -0.0161 0.9644 -0.2639
vn -0.1449 0.9868 -0.0728
vn -0.2680 0.9613 0.0633
vn -0.0832 0.9917 0.0984
vn 0.1796 0.9837 0.0025
vn 0.2455 0.9137 -0.3237
vn -0.0837 0.9379 0.3366
vn -0.1232 0.9732 0.1940
vn -0.0568 0.9793 0.1941
vn 0.5435 0.6478 0.5339
vn 0.4850 0.5058 0.7134
vn 0.4778 0.8466 0.2343
vn 0.4241 0.9052 -0.0271
vn 0.5817 0.8128 0.0324
vn 0.5332 0.6444 0.5481
vn 0.4973 0.2655 0.8259
vn 0.4189 0.2351 0.8771
vn 0.3207 0.3287 0.8883
vn 0.6293 0.7706 0.1008
vn 0.3222 0.9365 0.1381
vn 0.3078 0.9385 0.1566
vn 0.6253 0.7716 0.1168
vn 0.6256 0.7769 0.0711
vn 0.2700 0.9525 0.1409
vn -0.0605 0.9832 0.1725
vn -0.0390 0.9860 0.1623
vn -0.0453 0.9831 0.1774
vn 0.0367 0.9962 -0.0786
vn 0.0482 0.8878 0.4578
vn 0.0725 0.8669 0.4932
vn 0.0663 0.9954 -0.0689
vn -0.0192 0.9973 -0.0703
vn 0.0094 0.8539 0.5203
vn 0.0486 0.4663 0.8833
vn 0.0580 0.4687 0.8815
vn 0.0232 0.4388 0.8983
vn 0.0297 0.8937 -0.4476
vn -0.4433 0.8513 -0.2806
vn -0.2580 0.9650 -0.0464
vn 0.1536 0.9539 -0.2579
vn 0.4818 0.7712 -0.4161
vn 0.4261 0.7509 -0.5046
vn 0.2269 0.9719 -0.0634
vn -0.1501 0.9578 0.2452
vn 0.4541 0.8269 -0.3317
vn 0.5040 0.8326 0.2298
vn 0.8222 0.4861 0.2962
vn 0.8275 0.5614 0.0069
vn 0.4949 0.8689 0.0075
vn 0.1292 0.9914 0.0202
vn 0.1314 0.9823 0.1336
vn 0.5132 0.8365 -0.1921
vn 0.8165 0.5067 -0.2768
vn 0.2138 0.9756 -0.0504
vn -0.0929 0.8655 0.4922
vn -0.3217 0.5399 0.7778
vn -0.0219 0.5434 0.8392
vn 0.1212 0.8392 0.5301
vn 0.2222 0.9586 0.1781
vn 0.1143 0.9807 0.1587
vn 0.2975 0.7520 0.5882
vn 0.2280 0.4258 0.8756
vn 0.2668 0.9242 0.2733
vn 0.4155 0.8878 0.1979
vn 0.2797 0.9600 -0.0098
vn 0.2346 0.9513 -0.1999
vn 0.1048 0.9927 -0.0596
vn 0.0697 0.9707 0.2299
vn 0.3305 0.8584 0.3925
vn -0.1314 0.9734 -0.1877
vn 0.0306 0.9902 -0.1364
vn -0.0138 0.9969 -0.0774
vn -0.1735 0.9810 0.0867
vn -0.2009 0.9298 0.3084
vn 0.2728 0.8776 0.3943
vn 0.3395 0.9208 0.1919
vn 0.2947 0.9472 -0.1265
vn -0.3649 0.8931 -0.2633
vn 0.7412 0.6517 0.1610
vn 0.6893 0.5342 0.4894
vn 0.8250 0.5229 -0.2143
vn 0.1939 0.9803 -0.0379
vn 0.1128 0.9729 0.2018
vn -0.1915 0.9720 0.1361
vn 0.0510 0.9949 -0.0873
vn -0.2392 0.9635 0.1198
vn 0.1016 0.9928 -0.0639
vn 0.3162 0.8980 -0.3058
vn 0.3887 0.8649 -0.3174
vn 0.4202 0.8846 -0.2023
vn -0.3315 0.6821 0.6518
vn -0.4017 0.8824 0.2449
vn 0.0476 0.9181 0.3936
vn -0.1960 0.8228 0.5334
vn 0.2246 0.9437 0.2430
vn -0.0410 0.9627 0.2674
vn -0.5179 0.7526 0.4067
vn -0.5648 0.4772 0.6732
vn -0.5445 0.3512 0.7617
vn -0.5716 0.4456 0.6890
vn -0.4919 0.7632 0.4190
vn -0.1411 0.6895 0.7104
vn -0.4113 0.5898 0.6950
vn 0.0703 0.7479 0.6601
vn -0.1801 0.7853 0.5923
vn -0.6447 0.6125 0.4575
vn -0.7844 0.2806 0.5532
vn -0.7995 0.1360 0.5851
vn -0.5716 0.4457 0.6890
vn -0.7995 0.1361 0.5851
vn -0.0409 0.9627 0.2674
vn -0.5649 0.4772 0.6732
vn -0.5302 0.7684 0.3584
vn -0.4052 0.9116 -0.0699
vn -0.0580 0.9659 0.2522
vn -0.3483 0.8913 0.2902
vn 0.1696 0.9673 0.1887
vn -0.0813 0.9922 0.0942
vn -0.5927 0.8042 0.0444
vn -0.7692 0.5635 0.3013
vn -0.7962 0.4471 0.4076
vn -0.5842 0.5592 -0.5882
vn -0.4433 0.8118 -0.3802
vn -0.2855 0.8137 -0.5064
vn -0.3760 0.4912 -0.7857
vn -0.7435 0.4783 -0.4674
vn -0.5397 0.7835 -0.3080
vn -0.2167 0.9667 -0.1363
vn -0.1587 0.9696 -0.1861
vn -0.2880 0.9456 -0.1517
vn 0.6053 0.5761 -0.5493
vn 0.5372 0.4636 -0.7046
vn 0.1172 0.6451 -0.7551
vn 0.1420 0.7848 -0.6032
vn 0.2576 0.9038 -0.3417
vn 0.8138 0.5346 -0.2279
vn -0.3076 0.8407 -0.4456
vn -0.4264 0.5990 -0.6778
vn -0.3564 0.9337 -0.0352
vn -0.0058 0.9984 0.0569
vn -0.0802 0.9890 0.1244
vn 0.1313 0.9189 0.3721
vn 0.1722 0.9309 0.3222
vn 0.2748 0.7431 0.6101
vn 0.3491 0.8173 0.4584
vn 0.3248 0.9315 0.1638
vn 0.0199 0.9922 -0.1232
vn 0.6793 0.6549 0.3312
vn -0.1238 0.9809 -0.1499
vn -0.3459 0.9297 -0.1264
vn -0.3224 0.8777 0.3545
vn -0.1102 0.9210 0.3736
vn 0.1899 0.9473 0.2579
vn 0.1738 0.8929 -0.4154
vn 0.0109 0.6520 0.7581
vn -0.3208 0.5345 0.7819
vn 0.3954 0.5233 0.7548
vn 0.2363 0.9046 0.3548
vn 0.4370 0.8667 0.2404
vn 0.3370 0.9295 -0.1498
vn 0.3348 0.9356 0.1121
vn 0.5159 0.7004 0.4932
vn 0.3414 0.7550 0.5599
vn 0.6285 0.7773 -0.0277
vn 0.4817 0.7697 -0.4190
vn 0.5759 0.7572 0.3081
vn 0.0857 0.9961 0.0214
vn 0.1433 0.9888 -0.0408
vn 0.3760 0.9105 0.1722
vn 0.4543 0.8691 0.1958
vn 0.0634 0.9978 0.0205
vn 0.0717 0.9974 0.0004
vn -0.0551 0.9883 0.1422
vn 0.1711 0.9661 0.1931
vn 0.1758 0.9610 0.2136
vn -0.0273 0.9996 -0.0016
vn -0.0639 0.9978 -0.0197
vn -0.0453 0.9954 -0.0845
vn -0.0396 0.9975 -0.0578
vn 0.0793 0.9139 -0.3981
vn 0.0495 0.8890 -0.4553
vn 0.2908 0.9567 0.0117
vn 0.3495 0.9171 0.1917
vn -0.1080 0.9821 -0.1542
vn -0.1849 0.9640 -0.1911
vn 0.1681 0.9599 -0.2242
vn 0.2111 0.9530 -0.2175
vn -0.0374 0.9990 -0.0238
vn -0.0440 0.9989 -0.0135
vn -0.1590 0.9817 -0.1050
vn -0.1763 0.9747 -0.1374
vn 0.1809 0.9429 0.2796
vn 0.2355 0.8991 0.3689
vn -0.9292 0.3143 0.1944
vn -0.6777 0.6870 0.2623
vn -0.6350 0.7473 0.1958
vn -0.9426 0.2911 0.1637
vn -0.3831 0.8822 -0.2739
vn -0.3754 0.8508 -0.3677
vn -0.4614 0.8744 -0.1504
vn -0.3821 0.9030 -0.1964
vn -0.5486 0.8355 0.0326
vn -0.6411 0.7667 0.0339
vn -0.3601 0.9310 -0.0605
vn 0.3477 0.9117 0.2188
vn 0.4141 0.8798 0.2333
vn -0.0137 0.9699 0.2432
vn -0.0172 0.9664 0.2564
vn 0.0612 0.9605 0.2714
vn 0.0623 0.9908 0.1200
vn -0.0409 0.9982 -0.0437
vn -0.0594 0.9970 -0.0505
vn -0.1726 0.9834 -0.0567
vn 0.3041 0.9444 0.1252
vn 0.0558 0.9407 0.3346
vn 0.2084 0.9475 0.2424
vn 0.3621 0.9321 0.0020
vn -0.0650 0.9779 0.1986
vn -0.4087 0.8495 0.3337
vn -0.6683 0.7397 0.0792
vn -0.0215 0.8601 0.5097
vn 0.2355 0.8495 0.4721
vn -0.2552 0.7501 -0.6101
vn 0.2345 0.9019 -0.3627
vn 0.2758 0.8878 -0.3686
vn -0.2330 0.7435 -0.6268
vn -0.2787 0.7741 -0.5683
vn 0.2903 0.9048 -0.3117
vn 0.6825 0.7305 0.0220
vn 0.6671 0.7448 0.0151
vn 0.6811 0.7322 0.0038
vn 0.0635 0.9600 -0.2727
vn -0.4817 0.8082 -0.3388
vn -0.3970 0.9177 -0.0176
vn 0.1007 0.9942 -0.0377
vn 0.5556 0.8109 -0.1839
vn 0.5614 0.8215 -0.1001
vn 0.5242 0.8493 0.0618
vn 0.0138 0.9752 0.2208
vn -0.4553 0.8363 0.3055
vn -0.0605 0.9195 -0.3884
vn -0.0517 0.9831 -0.1754
vn 0.4133 0.8989 -0.1456
vn 0.4426 0.8296 -0.3404
vn 0.3387 0.7128 -0.6142
vn -0.3215 0.7216 -0.6131
vn 0.7977 0.5234 -0.2995
vn 0.8233 0.5649 0.0550
vn 0.7854 0.2571 -0.5631
vn -0.2438 0.9643 -0.1037
vn -0.4498 0.8922 -0.0396
vn -0.3321 0.8414 0.4264
vn -0.1261 0.9052 0.4058
vn 0.1418 0.9610 0.2375
vn 0.0045 0.9061 -0.4230
vn 0.0890 0.6489 0.7557
vn -0.2182 0.5037 0.8358
vn 0.4795 0.5534 0.6810
vn 0.0696 0.9972 0.0257
vn 0.2738 0.9606 -0.0478
vn -0.2636 0.9278 0.2641
vn -0.4795 0.8013 0.3579
vn -0.4729 0.8629 0.1785
vn 0.0925 0.9953 0.0274
vn 0.4782 0.8361 -0.2687
vn 0.5633 0.7896 -0.2435
vn 0.5819 0.8090 -0.0827
vn -0.4164 0.6872 0.5952
vn 0.0193 0.9401 0.3405
vn 0.0395 0.9530 0.3003
vn -0.4275 0.7007 0.5712
vn -0.3801 0.6769 0.6304
vn 0.0986 0.9389 0.3299
vn 0.4829 0.8737 -0.0586
vn 0.4756 0.8773 -0.0641
vn 0.5216 0.8509 -0.0627
vn 0.0443 0.9913 -0.1241
vn 0.3471 0.9375 0.0271
vn 0.4262 0.8406 0.3343
vn -0.2216 0.8507 -0.4766
vn -0.2695 0.8453 -0.4614
vn 0.0322 0.9991 -0.0278
vn -0.2196 0.8385 -0.4988
vn 0.1549 0.9874 -0.0324
vn 0.6242 0.6664 0.4078
vn -0.1660 0.9809 0.1013
vn -0.1742 0.9297 0.3245
vn 0.3052 0.8777 0.3694
vn 0.3542 0.9210 0.1621
vn 0.2822 0.9473 -0.1514
vn -0.3866 0.8929 -0.2310
vn 0.7520 0.6520 0.0968
vn 0.7285 0.5345 0.4285
vn 0.8033 0.5233 -0.2843
vn -0.9190 0.3669 0.1441
vn -0.9400 0.2105 0.2683
vn -0.7619 0.5986 0.2476
vn -0.6020 0.7924 0.0988
vn -0.7632 0.5810 0.2828
vn -0.9296 0.2305 0.2876
vn -0.4039 0.8957 0.1860
vn -0.3349 0.9395 0.0712
vn -0.1869 0.9583 -0.2160
vn 0.1157 0.9661 -0.2310
vn -0.3816 0.8789 -0.2864
vn -0.3188 0.9476 0.0205
vn 0.1476 0.9890 0.0008
vn 0.5314 0.8465 -0.0307
vn 0.5205 0.8423 -0.1402
vn 0.1316 0.9687 0.2104
vn -0.3353 0.8852 0.3224
vn 0.4635 0.8851 0.0424
vn -0.1759 0.9141 0.3654
vn -0.0684 0.6450 0.7611
vn 0.1948 0.7423 0.6412
vn 0.0274 0.9637 0.2655
vn -0.1378 0.9853 -0.1007
vn -0.2399 0.9693 -0.0542
vn 0.2261 0.9511 0.2104
vn 0.4710 0.7013 0.5352
vn -0.0406 0.9981 -0.0473
vn -0.1654 0.9810 0.1013
vn -0.1737 0.9298 0.3245
vn 0.3056 0.8776 0.3694
vn 0.3547 0.9208 0.1621
vn 0.2827 0.9472 -0.1514
vn -0.3861 0.8931 -0.2310
vn 0.7523 0.6517 0.0968
vn 0.7287 0.5342 0.4285
vn 0.8036 0.5229 -0.2843
vn -0.2843 0.9314 -0.2272
vn -0.6958 0.6632 -0.2756
vn -0.6684 0.7436 0.0197
vn -0.2579 0.9662 -0.0002
vn 0.1426 0.9893 -0.0312
vn 0.1329 0.9806 -0.1441
vn -0.2724 0.9400 0.2055
vn -0.6586 0.6853 0.3110
vn 0.0598 0.9973 0.0434
vn 0.0304 0.9913 0.1282
vn -0.3059 0.9374 0.1661
vn -0.5395 0.8406 -0.0485
vn 0.4453 0.8507 0.2793
vn 0.4772 0.8453 0.2404
vn -0.0119 0.9991 0.0409
vn 0.4557 0.8385 0.2989
vn -0.1123 0.9874 0.1115
vn -0.7456 0.6664 -0.0024
vn 0.0631 0.9974 0.0337
vn 0.2483 0.9679 0.0402
vn 0.2468 0.7915 -0.5592
vn 0.0256 0.8131 -0.5815
vn 0.2016 0.7938 0.5737
vn -0.1979 0.6961 0.6901
vn 0.4636 0.8830 -0.0736
vn 0.4671 0.5107 -0.7218
vn 0.5053 0.5910 0.6288
vn 0.1738 0.9798 0.0991
vn 0.3534 0.8963 0.2678
vn 0.4052 0.8074 0.4288
vn 0.4874 0.8335 0.2604
vn 0.4881 0.8726 -0.0172
vn 0.2003 0.9727 -0.1172
vn 0.6853 0.6592 0.3096
vn 0.5740 0.7566 0.3132
vn 0.6042 0.7570 0.2490
vn 0.1037 0.7856 0.6100
vn 0.1093 0.9122 0.3949
vn -0.3048 0.8999 0.3121
vn -0.0809 0.8866 0.4554
vn 0.4124 0.8182 0.4006
vn 0.3649 0.7395 0.5657
vn -0.0265 0.9942 0.1045
vn -0.4292 0.9031 -0.0146
vn 0.2556 0.9189 0.3006
vn 0.1438 0.8657 -0.4795
vn -0.3445 0.7745 -0.5305
vn -0.2981 0.9193 -0.2570
vn 0.1656 0.9505 -0.2628
vn 0.5452 0.8023 -0.2429
vn 0.5358 0.7711 -0.3440
vn 0.1398 0.9882 -0.0621
vn -0.3343 0.9412 0.0487
vn 0.4767 0.8593 -0.1855
vn 0.1688 0.9851 -0.0339
vn 0.1974 0.9802 -0.0182
vn 0.5783 0.8060 -0.1264
vn 0.5665 0.8112 -0.1451
vn 0.5845 0.8069 -0.0848
vn 0.1396 0.9902 0.0047
vn -0.2610 0.9611 0.0903
vn -0.2410 0.9660 0.0941
vn -0.2513 0.9647 0.0790
vn 0.0006 0.9163 0.4006
vn 0.3527 0.9349 0.0400
vn 0.0596 0.9945 -0.0862
vn -0.2023 0.9366 0.2860
vn -0.3871 0.7213 0.5743
vn -0.2958 0.7175 0.6306
vn -0.3588 0.9219 0.1466
vn -0.1648 0.9407 -0.2966
vn -0.4098 0.7713 0.4870
vn -0.6586 0.6852 0.3110
vn -0.5547 0.8317 0.0242
vn -0.0095 0.9994 0.0335
vn 0.0300 0.9995 0.0104
vn -0.5461 0.8377 -0.0042
vn -0.5493 0.8320 0.0780
vn 0.0630 0.9953 0.0740
vn 0.5838 0.8114 0.0281
vn 0.5816 0.8133 0.0185
vn 0.6120 0.7890 0.0540
vn 0.3718 0.9174 -0.1418
vn 0.4742 0.8784 0.0587
vn 0.7820 0.6110 -0.1229
vn 0.7173 0.6205 -0.3169
vn 0.5046 0.6826 -0.5286
vn -0.0092 0.9600 -0.2799
vn 0.8449 0.2294 -0.4832
vn 0.9728 0.1470 -0.1791
vn 0.6226 0.1063 -0.7753
vn 0.5096 0.8435 0.1699
vn 0.6461 0.7631 0.0148
vn 0.1782 0.9829 0.0457
vn -0.1221 0.9729 0.1963
vn 0.2048 0.9788 0.0007
vn 0.6270 0.7790 -0.0054
vn -0.3829 0.9226 0.0466
vn -0.4879 0.8578 0.1614
vn -0.6313 0.6527 0.4188
vn 0.1631 0.9317 -0.3245
vn 0.3214 0.9455 -0.0517
vn 0.4637 0.8795 0.1073
vn -0.0000 0.9930 0.1184
vn 0.0207 0.8671 -0.4978
vn 0.0238 0.9680 -0.2500
vn 0.1887 0.9421 0.2771
vn 0.5231 0.7454 0.4133
vn 0.6457 0.6306 0.4306
vn -0.1697 0.9835 -0.0633
vn -0.1353 0.9862 0.0955
vn -0.0723 0.9761 0.2051
vn -0.1757 0.9843 0.0180
vn -0.1660 0.9807 0.1035
vn -0.2102 0.9744 -0.0794
vn -0.0893 0.9412 0.3258
vn -0.0340 0.9294 0.3674
vn 0.1736 0.8680 0.4653
vn 0.7035 0.7105 0.0167
vn 0.5575 0.8301 -0.0120
vn 0.9231 0.3790 -0.0654
vn 0.9831 0.1730 -0.0603
vn 0.9632 0.2515 0.0949
vn 0.7060 0.7082 0.0040
vn 0.3004 0.9486 0.0992
vn 0.2192 0.9750 0.0376
vn 0.2780 0.9531 -0.1196
vn -0.3444 0.8686 0.3562
vn -0.3440 0.9332 0.1040
vn -0.7089 0.7052 0.0121
vn -0.5334 0.8307 0.1596
vn -0.0387 0.9909 0.1293
vn -0.0673 0.9415 0.3301
vn -0.4737 0.8539 -0.2156
vn -0.7662 0.5716 -0.2934
vn -0.2212 0.9752 -0.0039
vn 0.7639 0.6448 -0.0255
vn 0.5694 0.7983 -0.1962
vn 0.4659 0.8415 0.2735
vn 0.6045 0.6981 0.3836
vn 0.2550 0.7092 0.6573
vn 0.3579 0.6204 0.6978
vn 0.7196 0.5538 0.4189
vn 0.9062 0.4216 0.0311
vn 0.4506 0.6123 0.6496
vn -0.3319 0.8928 -0.3046
vn -0.4677 0.5831 -0.6642
vn -0.6791 0.5868 -0.4410
vn -0.4791 0.8661 -0.1426
vn -0.2262 0.9645 0.1362
vn -0.1514 0.9869 0.0556
vn -0.6255 0.7798 -0.0259
vn -0.8477 0.4670 -0.2516
vn -0.3322 0.9352 0.1222
vn 0.0627 0.9910 -0.1182
vn -0.4854 0.8491 -0.2085
vn -0.3963 0.9092 0.1278
vn 0.1012 0.9879 0.1178
vn 0.5574 0.8285 -0.0534
vn 0.5620 0.8265 0.0324
vn 0.5221 0.8301 0.1958
vn 0.0140 0.9289 0.3701
vn -0.4507 0.7818 0.4309
vn -0.2639 0.9644 0.0161
vn -0.0728 0.9868 0.1449
vn 0.0633 0.9613 0.2680
vn 0.0984 0.9917 0.0832
vn 0.0025 0.9837 -0.1796
vn -0.3237 0.9137 -0.2455
vn 0.3366 0.9379 0.0837
vn 0.1940 0.9732 0.1232
vn 0.1941 0.9793 0.0568
vn 0.5339 0.6478 -0.5435
vn 0.7134 0.5058 -0.4850
vn 0.2343 0.8466 -0.4778
vn -0.0271 0.9052 -0.4241
vn 0.0324 0.8128 -0.5817
vn 0.5481 0.6444 -0.5332
vn 0.8259 0.2655 -0.4973
vn 0.8771 0.2351 -0.4189
vn 0.8883 0.3287 -0.3208
vn 0.1008 0.7706 -0.6293
vn 0.1381 0.9365 -0.3222
vn 0.1566 0.9385 -0.3078
vn 0.1168 0.7716 -0.6253
vn 0.0711 0.7769 -0.6256
vn 0.1409 0.9525 -0.2700
vn 0.1725 0.9832 0.0605
vn 0.1623 0.9860 0.0390
vn 0.1774 0.9831 0.0453
vn -0.0786 0.9962 -0.0367
vn 0.4578 0.8878 -0.0482
vn 0.4932 0.8669 -0.0725
vn -0.0689 0.9954 -0.0663
vn -0.0703 0.9973 0.0192
vn 0.5203 0.8539 -0.0094
vn 0.8833 0.4663 -0.0486
vn 0.8815 0.4687 -0.0580
vn 0.8983 0.4388 -0.0232
vn -0.4476 0.8937 -0.0297
vn -0.2806 0.8513 0.4433
vn -0.0464 0.9650 0.2580
vn -0.2579 0.9539 -0.1536
vn -0.4161 0.7712 -0.4818
vn -0.5046 0.7509 -0.4261
vn -0.0634 0.9719 -0.2269
vn 0.2452 0.9578 0.1501
vn -0.3317 0.8269 -0.4541
vn 0.2298 0.8326 -0.5039
vn 0.2962 0.4861 -0.8222
vn 0.0069 0.5614 -0.8275
vn 0.0075 0.8689 -0.4949
vn 0.0202 0.9914 -0.1292
vn 0.1336 0.9823 -0.1314
vn -0.1921 0.8365 -0.5132
vn -0.2768 0.5067 -0.8165
vn -0.0504 0.9756 -0.2138
vn 0.4922 0.8655 0.0929
vn 0.7779 0.5399 0.3217
vn 0.8392 0.5434 0.0219
vn 0.5301 0.8392 -0.1212
vn 0.1781 0.9586 -0.2222
vn 0.1587 0.9807 -0.1143
vn 0.5882 0.7520 -0.2974
vn 0.8756 0.4258 -0.2280
vn 0.2733 0.9242 -0.2667
vn 0.1979 0.8878 -0.4155
vn -0.0098 0.9600 -0.2797
vn -0.1999 0.9513 -0.2346
vn -0.0596 0.9927 -0.1048
vn 0.2299 0.9707 -0.0697
vn 0.3924 0.8584 -0.3305
vn -0.1877 0.9734 0.1314
vn -0.1364 0.9902 -0.0306
vn -0.0774 0.9969 0.0138
vn 0.0867 0.9810 0.1735
vn 0.3084 0.9298 0.2009
vn 0.3943 0.8776 -0.2728
vn 0.1919 0.9208 -0.3395
vn -0.1265 0.9472 -0.2947
vn -0.2633 0.8931 0.3649
vn 0.1610 0.6517 -0.7412
vn 0.4894 0.5342 -0.6893
vn -0.2143 0.5229 -0.8250
vn -0.0379 0.9803 -0.1939
vn 0.2018 0.9729 -0.1128
vn 0.1361 0.9720 0.1915
vn -0.0873 0.9949 -0.0510
vn 0.1198 0.9635 0.2392
vn -0.0639 0.9928 -0.1016
vn -0.3058 0.8980 -0.3162
vn -0.3174 0.8649 -0.3887
vn -0.2023 0.8846 -0.4202
vn 0.6518 0.6821 0.3315
vn 0.2449 0.8824 0.4017
vn 0.3936 0.9181 -0.0476
vn 0.5334 0.8228 0.1960
vn 0.2430 0.9437 -0.2246
vn 0.2674 0.9627 0.0410
vn 0.4067 0.7526 0.5178
vn 0.6732 0.4772 0.5648
vn 0.7617 0.3512 0.5445
vn 0.6890 0.4456 0.5716
vn 0.4190 0.7632 0.4919
vn 0.7104 0.6895 0.1411
vn 0.6950 0.5898 0.4113
vn 0.6601 0.7479 -0.0703
vn 0.5923 0.7853 0.1801
vn 0.4575 0.6125 0.6447
vn 0.5532 0.2806 0.7844
vn 0.5851 0.1360 0.7995
vn 0.6890 0.4457 0.5716
vn 0.4067 0.7526 0.5179
vn 0.6732 0.4772 0.5649
vn 0.3584 0.7684 0.5302
vn -0.0699 0.9116 0.4051
vn 0.2522 0.9659 0.0580
vn 0.2902 0.8913 0.3483
vn 0.1887 0.9673 -0.1696
vn 0.0942 0.9922 0.0812
vn 0.0444 0.8042 0.5927
vn 0.3013 0.5635 0.7692
vn 0.4076 0.4470 0.7962
vn -0.5882 0.5592 0.5842
vn -0.3802 0.8117 0.4433
vn -0.5064 0.8137 0.2855
vn -0.7857 0.4912 0.3760
vn -0.4674 0.4782 0.7435
vn -0.3081 0.7835 0.5397
vn -0.1363 0.9667 0.2168
vn -0.1861 0.9696 0.1587
vn -0.1517 0.9456 0.2880
vn -0.5493 0.5761 -0.6053
vn -0.7046 0.4636 -0.5372
vn -0.7551 0.6451 -0.1172
vn -0.6032 0.7848 -0.1420
vn -0.3417 0.9038 -0.2576
vn -0.2279 0.5346 -0.8138
vn -0.4456 0.8407 0.3076
vn -0.6778 0.5990 0.4265
vn -0.0352 0.9337 0.3564
vn 0.0569 0.9984 0.0058
vn 0.1244 0.9890 0.0802
vn 0.3721 0.9189 -0.1313
vn 0.3222 0.9309 -0.1722
vn 0.6102 0.7431 -0.2748
vn 0.4584 0.8173 -0.3491
vn 0.1638 0.9315 -0.3248
vn -0.1232 0.9922 -0.0199
vn 0.3312 0.6549 -0.6793
vn -0.1499 0.9809 0.1238
vn -0.1264 0.9297 0.3459
vn 0.3545 0.8777 0.3224
vn 0.3736 0.9210 0.1102
vn 0.2579 0.9473 -0.1899
vn -0.4154 0.8929 -0.1738
vn 0.7581 0.6520 -0.0109
vn 0.7819 0.5345 0.3208
vn 0.7548 0.5233 -0.3954
vn 0.3548 0.9046 -0.2363
vn 0.2404 0.8667 -0.4370
vn -0.1498 0.9295 -0.3370
vn 0.1121 0.9356 -0.3348
vn 0.4932 0.7004 -0.5159
vn 0.5599 0.7550 -0.3414
vn -0.0277 0.7773 -0.6285
vn -0.4190 0.7697 -0.4817
vn 0.3081 0.7572 -0.5759
vn 0.0214 0.9961 -0.0857
vn -0.0408 0.9888 -0.1433
vn 0.1722 0.9105 -0.3760
vn 0.1958 0.8691 -0.4543
vn 0.0205 0.9978 -0.0634
vn 0.0004 0.9974 -0.0717
vn 0.1422 0.9883 0.0551
vn 0.1931 0.9661 -0.1711
vn 0.2136 0.9610 -0.1758
vn -0.0016 0.9996 0.0273
vn -0.0197 0.9978 0.0639
vn -0.0845 0.9954 0.0453
vn -0.0578 0.9975 0.0396
vn -0.3981 0.9139 -0.0793
vn -0.4553 0.8890 -0.0495
vn 0.0118 0.9567 -0.2908
vn 0.1917 0.9171 -0.3495
vn -0.1542 0.9821 0.1079
vn -0.1911 0.9640 0.1849
vn -0.2242 0.9599 -0.1681
vn -0.2175 0.9530 -0.2111
vn -0.0238 0.9990 0.0374
vn -0.0135 0.9989 0.0440
vn -0.1050 0.9817 0.1590
vn -0.1374 0.9747 0.1763
vn 0.2796 0.9429 -0.1808
vn 0.3689 0.8991 -0.2355
vn 0.1944 0.3143 0.9292
vn 0.2623 0.6869 0.6777
vn 0.1958 0.7473 0.6350
vn 0.1637 0.2911 0.9426
vn -0.2739 0.8822 0.3831
vn -0.3677 0.8508 0.3754
vn -0.1503 0.8744 0.4614
vn -0.1964 0.9030 0.3821
vn 0.0326 0.8355 0.5486
vn 0.0339 0.7667 0.6411
vn -0.0605 0.9310 0.3601
vn 0.2188 0.9117 -0.3477
vn 0.2333 0.8798 -0.4141
vn 0.2432 0.9699 0.0137
vn 0.2564 0.9664 0.0172
vn 0.2714 0.9605 -0.0612
vn 0.1200 0.9908 -0.0624
vn -0.0437 0.9982 0.0409
vn -0.0505 0.9970 0.0594
vn -0.0567 0.9834 0.1725
vn 0.1252 0.9444 -0.3041
vn 0.3346 0.9407 -0.0558
vn 0.2424 0.9475 -0.2084
vn 0.0020 0.9321 -0.3622
vn 0.1986 0.9779 0.0650
vn 0.3337 0.8495 0.4087
vn 0.0792 0.7397 0.6683
vn 0.5097 0.8601 0.0215
vn 0.4721 0.8495 -0.2355
vn 0.3386 0.7128 -0.6141
vn 0.7854 0.2572 -0.5631
vn 0.0890 0.6488 0.7557
vn -0.4276 0.7007 0.5712
vn 0.1156 0.9661 -0.2310
vn 0.0255 0.8131 -0.5815
vn 0.4124 0.8182 0.4005
vn 0.5358 0.7711 -0.3439
vn -0.2959 0.7175 0.6306
vn -0.5462 0.8377 -0.0042
vn 0.5230 0.7454 0.4134
vn 0.6457 0.6306 0.4307
vn 0.1736 0.8680 0.4652
vn -0.0387 0.9908 0.1293
vn -0.4738 0.8539 -0.2156
vn 0.7639 0.6448 -0.0254
vn -0.0728 0.9868 0.1448
vn 0.7778 0.5399 0.3217
vn 0.2733 0.9242 -0.2668
vn 0.3925 0.8584 -0.3305
vn -0.2632 0.8931 0.3649
vn 0.5851 0.1361 0.7995
vn -0.7046 0.4636 -0.5373
vn -0.6778 0.5989 0.4265
vn 0.3081 0.7572 -0.5760
vn 0.1958 0.8690 -0.4543
vn -0.1375 0.9747 0.1763
vn 0.3689 0.8992 -0.2355
vn 0.2432 0.9699 0.0136
vn -0.3055 0.8363 -0.4552
vn 0.6142 0.7128 0.3386
vn 0.0397 0.8922 -0.4498
vn -0.2476 0.5985 -0.7619
vn -0.2490 0.7570 0.6041
vn 0.2628 0.9505 0.1655
vn -0.4005 0.9163 0.0006
vn -0.4133 0.7454 0.5230
vn 0.2156 0.8539 -0.4738
vn 0.3304 0.8584 0.3925
vn 0.2947 0.9472 -0.1266
vn -0.7994 0.1360 0.5851
vn -0.5842 0.5592 -0.5883
vn -0.4433 0.8117 -0.3802
vn -0.7435 0.4782 -0.4674
vn 0.5760 0.7572 0.3081
vn 0.4543 0.8690 0.1958
vn 0.0494 0.8890 -0.4553
vn -0.1079 0.9821 -0.1542
vn -0.1849 0.9640 -0.1912
vn -0.1725 0.9834 -0.0567
vn -0.2291 0.8068 -0.5447
vn 0.1989 0.9260 -0.3209
vn 0.2379 0.9182 -0.3167
vn -0.2088 0.8007 -0.5615
vn -0.2476 0.8270 -0.5048
vn 0.2365 0.9370 -0.2570
vn 0.6090 0.7931 0.0112
vn 0.6120 0.7909 0.0034
vn 0.6166 0.7857 0.0508
vn 0.0630 0.9974 -0.0342
vn 0.0169 0.9817 -0.1897
vn -0.3707 0.9008 -0.2263
vn 0.4889 0.8573 -0.1616
vn 0.4924 0.8660 -0.0874
vn -0.2822 0.9591 -0.0206
vn 0.4550 0.8888 0.0553
vn -0.3537 0.9133 0.2020
vn -0.0258 0.9882 0.1513
vn -0.0572 0.9397 -0.3371
vn -0.0432 0.9882 -0.1467
vn 0.3860 0.9152 -0.1160
vn 0.4033 0.8640 -0.3015
vn 0.3192 0.7672 -0.5563
vn -0.2897 0.7816 -0.5524
vn 0.7507 0.5988 -0.2791
vn 0.7704 0.6355 0.0514
vn 0.7741 0.3047 -0.5549
vn -0.2066 0.9746 -0.0867
vn -0.3865 0.9217 -0.0341
vn -0.2883 0.8772 0.3840
vn -0.1066 0.9261 0.3619
vn 0.1369 0.9650 0.2237
vn 0.0038 0.9322 -0.3620
vn 0.0808 0.7190 0.6903
vn -0.2068 0.5740 0.7923
vn 0.4499 0.6241 0.6389
vn 0.1848 0.9790 0.0858
vn 0.0274 0.9297 0.3673
vn -0.3512 0.9160 0.1940
vn 0.0097 0.9998 -0.0188
vn -0.4084 0.8995 0.1556
vn 0.0790 0.9966 0.0220
vn 0.4167 0.8789 -0.2321
vn 0.4986 0.8394 -0.2165
vn 0.5121 0.8559 -0.0728
vn -0.3792 0.7514 0.5400
vn 0.0039 0.9542 0.2990
vn 0.0189 0.9644 0.2637
vn -0.3873 0.7631 0.5174
vn -0.3457 0.7417 0.5747
vn 0.0774 0.9554 0.2851
vn 0.4169 0.9075 -0.0505
vn 0.4104 0.9102 -0.0553
vn 0.4536 0.8895 -0.0545
vn 0.0337 0.9936 -0.1078
vn 0.2942 0.9555 0.0230
vn 0.3694 0.8821 0.2924
vn -0.1928 0.8895 -0.4144
vn -0.2347 0.8851 -0.4019
vn 0.0267 0.9994 -0.0241
vn -0.1927 0.8794 -0.4354
vn 0.1381 0.9902 -0.0223
vn 0.5704 0.7320 0.3727
vn -0.1392 0.9866 0.0854
vn -0.1481 0.9498 0.2757
vn 0.2784 0.9046 0.3229
vn 0.3166 0.9381 0.1407
vn 0.2657 0.9544 -0.1363
vn -0.3321 0.9221 -0.1984
vn 0.6860 0.7222 0.0888
vn 0.6861 0.6052 0.4036
vn 0.7584 0.5939 -0.2684
vn -0.9193 0.3399 0.1985
vn -0.7547 0.6270 0.1930
vn -0.5971 0.7915 0.1303
vn -0.8243 0.5070 0.2520
vn -0.7337 0.6247 0.2672
vn -0.9188 0.2739 0.2843
vn -0.3468 0.9242 0.1600
vn -0.2843 0.9568 0.0615
vn -0.1574 0.9706 -0.1820
vn 0.1007 0.9759 -0.1936
vn -0.3292 0.9114 -0.2470
vn -0.2695 0.9628 0.0174
vn 0.1324 0.9912 0.0002
vn 0.4638 0.8855 -0.0263
vn 0.4537 0.8827 -0.1222
vn 0.1129 0.9780 0.1755
vn -0.2887 0.9163 0.2776
vn 0.3991 0.9162 0.0365
vn -0.1528 0.6893 0.7082
vn -0.0646 0.2957 0.9531
vn 0.1818 0.4424 0.8782
vn 0.0288 0.7594 0.6500
vn -0.1170 0.9272 0.3557
vn -0.2035 0.8998 0.3860
vn 0.2075 0.7731 0.5994
vn 0.4372 0.4499 0.7787
vn -0.0342 0.9156 0.4007
vn -0.1387 0.9866 0.0854
vn -0.1476 0.9498 0.2758
vn 0.2788 0.9044 0.3229
vn 0.3170 0.9379 0.1407
vn 0.2662 0.9542 -0.1363
vn -0.3317 0.9223 -0.1984
vn 0.6864 0.7218 0.0888
vn 0.6864 0.6049 0.4036
vn 0.7587 0.5935 -0.2684
vn -0.2533 0.9475 -0.1952
vn -0.6363 0.7291 -0.2520
vn -0.5973 0.8018 0.0178
vn -0.2318 0.9728 0.0006
vn 0.1191 0.9925 -0.0261
vn 0.1112 0.9864 -0.1206
vn -0.2420 0.9539 0.1777
vn -0.5989 0.7492 0.2828
vn 0.0498 0.9981 0.0361
vn 0.0729 0.9936 0.0864
vn -0.1773 0.9555 0.2360
vn -0.4449 0.8821 0.1548
vn 0.4531 0.8895 0.0597
vn 0.4651 0.8851 0.0176
vn 0.0060 0.9994 0.0355
vn 0.4708 0.8794 0.0711
vn -0.0553 0.9902 0.1285
vn -0.6205 0.7320 0.2813
vn 0.0460 0.9983 0.0355
vn 0.2089 0.9773 0.0352
vn 0.2198 0.8408 -0.4947
vn 0.0224 0.8592 -0.5111
vn 0.1801 0.8437 0.5058
vn -0.1795 0.7590 0.6259
vn 0.4057 0.9114 -0.0686
vn 0.4421 0.5811 -0.6832
vn 0.4700 0.6610 0.5850
vn 0.1453 0.9858 0.0840
vn 0.3033 0.9248 0.2298
vn 0.3571 0.8561 0.3736
vn 0.4550 0.8569 0.2423
vn 0.4265 0.9044 -0.0085
vn 0.1680 0.9809 -0.0983
vn 0.6358 0.7180 0.2832
vn 0.5125 0.8119 0.2796
vn 0.5393 0.8123 0.2222
vn 0.0886 0.8349 0.5432
vn 0.1008 0.9288 0.3567
vn -0.2595 0.9279 0.2677
vn -0.0696 0.9174 0.3919
vn 0.3617 0.8646 0.3487
vn 0.3273 0.7972 0.5073
vn -0.0233 0.9959 0.0870
vn -0.3676 0.9299 -0.0125
vn 0.2179 0.9417 0.2563
vn 0.1257 0.9013 -0.4146
vn -0.3061 0.8271 -0.4713
vn -0.2547 0.9413 -0.2217
vn 0.1499 0.9620 -0.2283
vn 0.4811 0.8508 -0.2113
vn 0.4765 0.8243 -0.3058
vn 0.1229 0.9910 -0.0536
vn -0.2831 0.9582 0.0412
vn 0.4136 0.8961 -0.1609
vn 0.1496 0.9883 -0.0307
vn 0.1747 0.9845 -0.0175
vn 0.5093 0.8534 -0.1115
vn 0.4982 0.8576 -0.1276
vn 0.5144 0.8543 -0.0743
vn 0.1239 0.9923 0.0027
vn -0.2199 0.9726 0.0759
vn -0.2026 0.9761 0.0790
vn -0.2113 0.9752 0.0664
vn -0.5973 0.8018 0.0177
vn -0.0071 0.9371 0.3489
vn 0.2992 0.9536 0.0340
vn 0.0499 0.9961 -0.0721
vn -0.1827 0.9483 0.2594
vn -0.3506 0.7800 0.5183
vn -0.2668 0.7780 0.5688
vn -0.3079 0.9420 0.1337
vn -0.1396 0.9578 -0.2512
vn -0.3644 0.8245 0.4330
vn -0.5990 0.7492 0.2828
vn -0.4850 0.8742 0.0209
vn -0.0080 0.9996 0.0279
vn 0.0272 0.9996 0.0087
vn -0.4768 0.8790 -0.0037
vn -0.4799 0.8746 0.0686
vn 0.0569 0.9965 0.0619
vn 0.5129 0.8581 0.0245
vn 0.5112 0.8593 0.0163
vn 0.5415 0.8393 0.0477
vn 0.3206 0.9396 -0.1200
vn 0.4091 0.9111 0.0506
vn 0.7435 0.6584 -0.1172
vn 0.6772 0.6716 -0.3006
vn 0.4841 0.7075 -0.5149
vn -0.0078 0.9718 -0.2357
vn 0.8326 0.2848 -0.4750
vn 0.9681 0.1759 -0.1783
vn 0.6211 0.1274 -0.7733
vn -0.2893 0.9564 0.0386
vn -0.0767 0.9878 0.1355
vn 0.0429 0.9640 0.2624
vn 0.0796 0.9920 0.0975
vn -0.0264 0.9891 -0.1446
vn -0.3181 0.9356 -0.1532
vn 0.3184 0.9443 0.0834
vn 0.1733 0.9778 0.1180
vn 0.1809 0.9821 0.0527
vn 0.4413 0.8847 0.1500
vn 0.5761 0.8173 0.0130
vn 0.1616 0.9861 0.0374
vn -0.1078 0.9798 0.1683
vn 0.1845 0.9828 0.0005
vn 0.5563 0.8310 -0.0048
vn -0.3259 0.9446 0.0395
vn -0.4224 0.8958 0.1384
vn -0.5788 0.7194 0.3840
vn 0.1385 0.9504 -0.2785
vn 0.2813 0.9587 -0.0425
vn 0.4031 0.9107 0.0902
vn -0.0000 0.9951 0.0987
vn 0.0185 0.9020 -0.4313
vn 0.0206 0.9762 -0.2158
vn 0.1610 0.9583 0.2359
vn 0.4671 0.8025 0.3711
vn 0.5951 0.6988 0.3969
vn -0.1419 0.9885 -0.0528
vn -0.1130 0.9903 0.0809
vn -0.0585 0.9827 0.1755
vn -0.1469 0.9890 0.0150
vn -0.1388 0.9865 0.0869
vn -0.1763 0.9821 -0.0666
vn -0.0756 0.9582 0.2759
vn -0.0291 0.9495 0.3123
vn 0.1502 0.9030 0.4026
vn 0.5967 0.7955 -0.1055
vn 0.7570 0.5802 -0.3004
vn 0.9389 0.3427 0.0310
vn 0.6936 0.7165 0.0743
vn 0.9488 0.3040 0.0862
vn 0.6517 0.7585 0.0043
vn 0.2551 0.9634 0.0828
vn 0.1837 0.9825 0.0315
vn 0.2346 0.9669 -0.1009
vn -0.2972 0.9040 0.3074
vn -0.3157 0.9442 0.0935
vn -0.6432 0.7656 0.0127
vn -0.4666 0.8734 0.1396
vn -0.0324 0.9934 0.1096
vn -0.0570 0.9584 0.2795
vn -0.4226 0.8860 -0.1908
vn -0.7160 0.6421 -0.2741
vn -0.1854 0.9827 -0.0033
vn 0.7040 0.7097 -0.0246
vn 0.5026 0.8470 -0.1732
vn 0.4089 0.8751 0.2588
vn 0.5509 0.7548 0.3561
vn 0.6742 0.6238 0.3954
vn 0.8724 0.4879 0.0299
vn 0.3268 0.7040 0.6305
vn 0.2624 0.7654 0.5876
vn 0.4172 0.6814 0.6014
vn -0.2968 0.9115 -0.2848
vn -0.4359 0.6533 -0.6190
vn -0.6281 0.6598 -0.4125
vn -0.4338 0.8907 -0.1357
vn -0.1913 0.9748 0.1148
vn -0.1264 0.9909 0.0464
vn -0.5605 0.8278 -0.0260
vn -0.8093 0.5360 -0.2402
vn -0.2819 0.9538 0.1037
vn 0.0553 0.9936 -0.0989
vn -0.4223 0.8881 -0.1815
vn -0.3124 0.9400 0.1374
vn 0.0775 0.9900 0.1177
vn 0.4881 0.8716 -0.0465
vn -0.3551 0.8775 0.3222
vn 0.4921 0.8701 0.0275
vn -0.0259 0.9592 0.2815
vn 0.4559 0.8732 0.1724
vn -0.2221 0.9749 0.0135
vn -0.0608 0.9908 0.1210
vn 0.0530 0.9726 0.2265
vn 0.0880 0.9934 0.0735
vn 0.0016 0.9887 -0.1500
vn -0.2764 0.9379 -0.2096
vn 0.2873 0.9553 0.0700
vn 0.1627 0.9813 0.1033
vn 0.1625 0.9856 0.0475
vn 0.5885 0.6976 -0.4087
vn 0.4027 0.8926 -0.2026
vn 0.0819 0.8791 -0.4696
vn 0.4781 0.6925 -0.5402
vn 0.8807 0.3365 -0.3334
vn 0.0260 0.8579 -0.5131
vn 0.8765 0.2639 -0.4026
vn 0.5393 0.6872 -0.4868
vn 0.8127 0.3175 -0.4886
vn 0.0894 0.8238 -0.5597
vn 0.1165 0.9520 -0.2832
vn 0.1323 0.9545 -0.2672
vn 0.1039 0.8247 -0.5559
vn 0.0629 0.8294 -0.5551
vn 0.1169 0.9637 -0.2399
vn 0.1442 0.9883 0.0505
vn 0.1356 0.9902 0.0326
vn 0.1484 0.9882 0.0378
vn -0.0333 0.9974 -0.0640
vn 0.3674 0.9019 0.2272
vn 0.4031 0.8858 0.2298
vn -0.0120 0.9968 -0.0788
vn -0.0562 0.9982 -0.0229
vn 0.3947 0.8719 0.2899
vn 0.6974 0.5365 0.4752
vn 0.7014 0.5377 0.4678
vn 0.6978 0.5063 0.5067
vn -0.3853 0.9223 -0.0298
vn -0.2439 0.8899 0.3855
vn -0.0409 0.9750 0.2185
vn -0.2281 0.9633 -0.1415
vn -0.3681 0.8241 -0.4305
vn -0.4511 0.8071 -0.3809
vn -0.0595 0.9786 -0.1969
vn 0.2066 0.9702 0.1265
vn -0.2904 0.8704 -0.3976
vn 0.2056 0.8646 -0.4585
vn 0.2817 0.5559 -0.7821
vn 0.0063 0.6346 -0.7728
vn 0.0061 0.8916 -0.4527
vn 0.0169 0.9940 -0.1077
vn 0.1117 0.9876 -0.1099
vn -0.1726 0.8684 -0.4649
vn -0.2622 0.5771 -0.7735
vn -0.0422 0.9829 -0.1792
vn 0.4500 0.8880 0.0951
vn 0.7318 0.6106 0.3026
vn 0.7861 0.6176 0.0250
vn 0.4863 0.8675 -0.1049
vn 0.1509 0.9704 -0.1884
vn 0.1328 0.9865 -0.0957
vn 0.5321 0.8037 -0.2663
vn 0.8423 0.4924 -0.2193
vn 0.2326 0.9457 -0.2271
vn 0.1712 0.9176 -0.3586
vn -0.0082 0.9718 -0.2355
vn -0.1702 0.9652 -0.1986
vn -0.0526 0.9941 -0.0944
vn 0.1949 0.9789 -0.0610
vn 0.3406 0.8954 -0.2867
vn -0.1575 0.9812 0.1113
vn -0.1138 0.9932 -0.0256
vn -0.0644 0.9979 0.0115
vn -0.1481 0.9498 0.2758
vn 0.2784 0.9046 0.3228
vn 0.0732 0.9866 0.1455
vn 0.2621 0.9498 0.1707
vn 0.3456 0.9044 -0.2501
vn 0.1674 0.9379 -0.3038
vn -0.1130 0.9542 -0.2769
vn -0.2262 0.9223 0.3134
vn 0.1473 0.7218 -0.6762
vn 0.4610 0.6049 -0.6493
vn -0.2023 0.5935 -0.7790
vn -0.0342 0.9856 -0.1657
vn 0.1693 0.9810 -0.0946
vn 0.1141 0.9803 0.1612
vn -0.0755 0.9961 -0.0459
vn 0.1009 0.9744 0.2010
vn -0.0544 0.9948 -0.0863
vn -0.2612 0.9265 -0.2710
vn -0.2757 0.9004 -0.3366
vn -0.1742 0.9158 -0.3619
vn 0.5940 0.7498 0.2915
vn 0.2111 0.9141 0.3462
vn 0.3421 0.9385 -0.0470
vn 0.6363 0.5504 0.5405
vn 0.7416 0.4111 0.5301
vn 0.4878 0.8513 0.1934
vn 0.3646 0.8074 0.4639
vn 0.2142 0.9756 0.0478
vn 0.1860 0.9603 -0.2079
vn 0.6737 0.5126 0.5323
vn 0.3733 0.8176 0.4383
vn 0.6468 0.7524 0.1248
vn 0.5385 0.3353 0.7730
vn 0.5827 0.1629 0.7962
vn 0.6544 0.6400 0.4027
vn 0.4250 0.6701 0.6085
vn 0.5130 0.8428 0.1630
vn 0.5797 0.8102 -0.0870
vn 0.3734 0.8176 0.4383
vn 0.6363 0.5504 0.5406
vn -0.5517 0.6318 0.5445
vn -0.3466 0.8454 0.4065
vn -0.4662 0.8459 0.2591
vn -0.7466 0.5611 0.3573
vn -0.4491 0.5447 0.7082
vn -0.2818 0.8259 0.4883
vn -0.1142 0.9765 0.1825
vn -0.1563 0.9787 0.1333
vn -0.1283 0.9614 0.2435
vn -0.2291 0.8068 -0.5446
vn 0.4549 0.8888 0.0553
vn 0.7741 0.3047 -0.5550
vn 0.0791 0.9966 0.0220
vn 0.5121 0.8559 -0.0727
vn -0.1928 0.8895 -0.4143
vn -0.2696 0.9628 0.0174
vn -0.2035 0.8997 0.3860
vn -0.1476 0.9498 0.2757
vn -0.1773 0.9555 0.2359
vn 0.4650 0.8851 0.0176
vn 0.0225 0.8592 -0.5111
vn 0.3572 0.8561 0.3736
vn -0.0696 0.9173 0.3920
vn 0.4765 0.8243 -0.3059
vn -0.2198 0.9726 0.0759
vn -0.2025 0.9761 0.0790
vn -0.2669 0.7780 0.5688
vn -0.4767 0.8790 -0.0037
vn 0.5415 0.8393 0.0478
vn 0.4840 0.7075 -0.5149
vn 0.1809 0.9821 0.0526
vn 0.2814 0.9587 -0.0425
vn -0.1419 0.9885 -0.0529
vn -0.0585 0.9828 0.1754
vn 0.6517 0.7585 0.0042
vn 0.2346 0.9668 -0.1009
vn -0.2973 0.9040 0.3074
vn 0.6742 0.6238 0.3953
vn 0.4881 0.8716 -0.0466
vn 0.0260 0.8580 -0.5131
vn 0.4031 0.8858 0.2299
vn 0.4877 0.8513 0.1934
vn 0.1859 0.9603 -0.2079
vn -0.1282 0.9614 0.2435
vn 0.4889 0.8573 -0.1615
vn 0.4923 0.8660 -0.0874
vn -0.2882 0.8772 0.3840
vn 0.0274 0.9297 0.3674
vn 0.4168 0.8789 -0.2321
vn 0.0338 0.9936 -0.1078
vn -0.1480 0.9498 0.2758
vn -0.8243 0.5070 0.2519
vn 0.7587 0.5936 -0.2684
vn 0.4701 0.6610 0.5850
vn -0.2595 0.9279 0.2676
vn -0.0233 0.9959 0.0869
vn -0.2831 0.9582 0.0413
vn -0.0070 0.9371 0.3489
vn 0.1732 0.9778 0.1180
vn -0.3260 0.9446 0.0395
vn 0.0185 0.9020 -0.4312
vn 0.1503 0.9030 0.4026
vn 0.6937 0.7165 0.0743
vn -0.4665 0.8734 0.1396
vn -0.5604 0.8278 -0.0260
vn -0.4223 0.8881 -0.1814
vn -0.3124 0.9399 0.1374
vn 0.0774 0.9900 0.1177
vn -0.0334 0.9974 -0.0641
vn 0.6978 0.5063 0.5068
vn 0.0062 0.6346 -0.7728
vn 0.1949 0.9789 -0.0611
vn 0.3405 0.8954 -0.2868
vn 0.1009 0.9744 0.2009
vn 0.2142 0.9756 0.0479
vn -0.1562 0.9787 0.1333
vn 0.6166 0.7857 0.0507
vn -0.4084 0.8994 0.1556
vn 0.0729 0.9936 0.0863
vn -0.6206 0.7320 0.2813
vn 0.5111 0.8593 0.0163
vn 0.5951 0.6988 0.3970
vn -0.7467 0.5611 0.3573
vt 0.116600 0.795600
vt 0.129800 0.890200
vt 0.000000 0.897800
vt 0.000000 0.795600
vt 0.233200 0.795600
vt 0.233200 0.897800
vt 0.233200 1.000000
vt 0.116600 1.000000
vt 0.000000 1.000000
vt 0.546800 0.367300
vt 0.561500 0.273400
vt 0.728500 0.288000
vt 0.728500 0.398800
vt 0.554600 0.453400
vt 0.716400 0.503300
vt 0.884300 0.473200
vt 0.911000 0.388800
vt 0.908400 0.288000
vt 0.017900 0.640800
vt 0.017900 0.503100
vt 0.175000 0.503100
vt 0.192800 0.630500
vt 0.175000 0.778600
vt 0.017900 0.778600
vt 0.332000 0.640800
vt 0.319100 0.510800
vt 0.332000 0.778600
vt 0.480500 0.537300
vt 0.320000 0.546600
vt 0.326800 0.429600
vt 0.464200 0.416000
vt 0.583700 0.449500
vt 0.608400 0.546600
vt 0.608400 0.671300
vt 0.464200 0.671300
vt 0.320000 0.671300
vt 0.660600 0.846900
vt 0.683900 0.615300
vt 0.819900 0.701100
vt 0.819900 0.992700
vt 0.660600 0.992700
vt 0.838000 0.836000
vt 0.979200 0.992700
vt 0.979200 0.846900
vt 0.979200 0.701100
vt 0.737900 0.509900
vt 0.872500 0.480100
vt 0.879500 0.580200
vt 0.741800 0.587100
vt 0.996700 0.585400
vt 0.984700 0.486500
vt 0.996700 0.712600
vt 0.865200 0.707500
vt 0.769200 0.673700
vt 0.052800 0.384100
vt 0.052800 0.286400
vt 0.193100 0.286400
vt 0.195800 0.386100
vt 0.193100 0.481900
vt 0.052800 0.481900
vt 0.333500 0.384100
vt 0.333500 0.286400
vt 0.333500 0.481900
vt 0.009200 0.132500
vt 0.009200 0.002800
vt 0.143700 0.002800
vt 0.141500 0.134500
vt 0.143700 0.262300
vt 0.009200 0.262300
vt 0.278200 0.132500
vt 0.278200 0.002800
vt 0.278200 0.262300
vt 0.828300 0.005600
vt 0.825800 0.156500
vt 0.671300 0.154300
vt 0.671300 0.005600
vt 0.985400 0.154300
vt 0.985400 0.005600
vt 0.828300 0.303000
vt 0.671300 0.303000
vt 0.985400 0.303000
vt 0.464300 0.687400
vt 0.491100 0.878400
vt 0.301300 0.843700
vt 0.301300 0.687400
vt 0.627200 0.687400
vt 0.627200 0.843700
vt 0.627200 1.000100
vt 0.464300 1.000100
vt 0.301300 1.000100
vt 0.329100 0.148500
vt 0.329100 0.010000
vt 0.475300 0.012900
vt 0.465800 0.150500
vt 0.475300 0.291400
vt 0.329100 0.288500
vt 0.609800 0.148500
vt 0.609800 0.010000
vt 0.609800 0.288500
vt 0.287400 0.725600
vt 0.266000 0.762000
vt 0.228200 0.626600
vt 0.242600 0.622400
vt 0.357000 0.823500
vt 0.338400 0.847700
vt 0.443600 0.934900
vt 0.257800 0.758200
vt 0.261900 0.693400
vt 0.375200 0.844700
vt 0.363500 0.879800
vt 0.456600 0.934200
vt 0.452900 0.969300
vt 0.491100 0.981400
vt 0.499000 0.963700
vt 0.541400 0.993200
vt 0.528000 1.002800
vt 0.338800 0.802300
vt 0.313300 0.815600
vt 0.235400 0.624500
vt 0.467100 0.939100
vt 0.461500 0.963200
vt 0.272400 0.691200
vt 0.251400 0.695600
vt 0.302300 0.760000
vt 0.387300 0.900200
vt 0.394400 0.869700
vt 0.534700 0.998000
vt 0.388700 0.889800
vt 0.953900 0.744800
vt 0.897300 0.591600
vt 1.001600 0.689500
vt 0.965600 0.896800
vt 0.954600 0.520900
vt 0.905300 0.465900
vt 0.970700 0.420800
vt 0.821000 0.413900
vt 0.786800 0.471400
s 1
f 1/1/1 2/2/2 3/3/3
f 1/1/1 3/3/3 4/4/4
f 5/5/5 2/2/2 1/1/1
f 5/5/5 6/6/6 2/2/2
f 2/2/2 6/6/6 7/7/7
f 2/2/2 7/7/7 8/8/8
f 3/3/3 2/2/2 8/8/8
f 3/3/3 8/8/8 9/9/9
f 10/10/10 11/11/11 12/12/12
f 10/10/10 12/12/12 13/13/13
f 14/14/14 10/10/10 13/13/13
f 14/14/14 13/13/13 15/15/15
f 16/16/16 15/15/15 13/13/13
f 16/16/16 13/13/13 17/17/17
f 17/17/17 13/13/13 12/12/12
f 17/17/17 12/12/12 18/18/18
f 19/19/19 20/20/20 21/21/21
f 19/19/19 21/21/21 22/22/22
f 23/23/23 19/19/19 22/22/22
f 23/23/23 24/24/24 19/19/19
f 25/25/25 22/22/22 21/21/21
f 23/23/23 22/22/22 25/25/25
f 25/25/25 21/21/21 26/26/26
f 23/23/23 25/25/25 27/27/27
f 28/19/28 29/20/29 30/21/30
f 28/19/28 30/21/30 31/22/31
f 32/23/32 28/19/28 31/22/31
f 32/23/32 33/24/33 28/19/28
f 34/25/34 31/22/31 30/21/30
f 32/23/32 31/22/31 34/25/34
f 34/25/34 30/21/30 35/26/35
f 32/23/32 34/25/34 36/27/36
f 37/28/37 38/29/38 39/30/39
f 37/28/37 39/30/39 40/31/40
f 37/28/37 40/31/40 41/32/41
f 37/28/37 41/32/41 42/33/42
f 43/34/43 37/28/37 42/33/42
f 43/34/43 44/35/44 37/28/37
f 44/35/44 38/29/38 37/28/37
f 44/35/44 45/36/45 38/29/38
f 46/1/46 47/2/47 48/3/48
f 46/1/46 48/3/48 49/4/49
f 50/5/50 47/2/47 46/1/46
f 50/5/50 51/6/51 47/2/47
f 48/3/48 47/2/47 52/8/52
f 51/6/51 52/8/52 47/2/47
f 48/3/48 52/8/52 53/9/53
f 51/6/51 54/7/54 52/8/52
f 55/37/55 56/38/56 57/39/57
f 58/40/58 59/41/59 55/37/55
f 58/40/58 55/37/55 60/42/60
f 55/37/55 57/39/57 60/42/60
f 61/43/61 58/40/58 60/42/60
f 61/43/61 60/42/60 62/44/62
f 62/44/62 60/42/60 57/39/57
f 62/44/62 57/39/57 63/45/63
f 64/19/64 65/20/65 66/21/66
f 64/19/64 66/21/66 67/22/67
f 68/23/68 64/19/64 67/22/67
f 68/23/68 69/24/69 64/19/64
f 70/25/70 67/22/67 66/21/66
f 68/23/68 67/22/67 70/25/70
f 70/25/70 66/21/66 71/26/71
f 68/23/68 70/25/70 72/27/72
f 73/46/73 74/47/74 75/48/75
f 73/46/73 75/48/75 76/49/76
f 74/47/74 77/50/77 75/48/75
f 74/47/74 78/51/78 77/50/77
f 75/48/75 77/50/77 79/52/79
f 75/48/75 79/52/79 80/53/80
f 76/49/76 75/48/75 80/53/80
f 76/49/76 80/53/80 81/54/81
f 82/55/82 83/56/83 84/57/84
f 82/55/82 84/57/84 85/58/85
f 86/59/86 82/55/82 85/58/85
f 86/59/86 87/60/87 82/55/82
f 88/61/88 85/58/85 84/57/84
f 86/59/86 85/58/85 88/61/88
f 88/61/88 84/57/84 89/62/89
f 86/59/86 88/61/88 90/63/90
f 91/55/91 92/56/92 93/57/93
f 91/55/91 93/57/93 94/58/94
f 95/59/95 91/55/91 94/58/94
f 95/59/95 96/60/96 91/55/91
f 97/61/97 94/58/94 93/57/93
f 95/59/95 94/58/94 97/61/97
f 97/61/97 93/57/93 98/62/98
f 95/59/95 97/61/97 99/63/99
f 100/19/100 101/20/101 102/21/102
f 100/19/100 102/21/102 103/22/103
f 104/23/104 100/19/100 103/22/103
f 104/23/104 105/24/105 100/19/100
f 106/25/106 103/22/103 102/21/102
f 104/23/104 103/22/103 106/25/106
f 106/25/106 102/21/102 107/26/107
f 104/23/104 106/25/106 108/27/108
f 109/55/109 110/56/110 111/57/111
f 109/55/109 111/57/111 112/58/112
f 113/59/113 109/55/109 112/58/112
f 113/59/113 114/60/114 109/55/109
f 115/61/115 112/58/112 111/57/111
f 113/59/113 112/58/112 115/61/115
f 115/61/115 111/57/111 116/62/116
f 113/59/113 115/61/115 117/63/117
f 118/37/118 119/38/119 120/39/120
f 121/40/121 122/41/122 118/37/118
f 121/40/121 118/37/118 123/42/123
f 118/37/118 120/39/120 123/42/123
f 124/43/124 121/40/121 123/42/123
f 124/43/124 123/42/123 125/44/125
f 125/44/125 123/42/123 120/39/120
f 125/44/125 120/39/120 126/45/126
f 127/1/127 128/2/128 129/3/129
f 127/1/127 129/3/129 130/4/130
f 127/1/127 131/6/131 128/2/128
f 127/1/127 132/5/132 131/6/131
f 129/3/129 128/2/128 133/8/133
f 131/6/131 133/8/133 128/2/128
f 129/3/129 133/8/133 134/9/134
f 131/6/131 135/7/135 133/8/133
f 136/64/136 137/65/137 138/66/138
f 136/64/136 138/66/138 139/67/139
f 140/68/140 136/64/136 139/67/139
f 140/68/140 141/69/141 136/64/136
f 142/70/142 139/67/139 138/66/138
f 140/68/140 139/67/139 142/70/142
f 142/70/142 138/66/138 143/71/143
f 140/68/140 142/70/142 144/72/144
f 145/73/145 146/74/146 147/75/147
f 145/73/145 147/75/147 148/76/148
f 145/73/145 149/77/149 146/74/146
f 145/73/145 150/78/150 149/77/149
f 147/75/147 146/74/146 151/79/151
f 149/77/149 151/79/151 146/74/146
f 147/75/147 151/79/151 152/80/152
f 149/77/149 153/81/153 151/79/151
f 154/55/154 155/56/155 156/57/156
f 154/55/154 156/57/156 157/58/157
f 158/59/158 154/55/154 157/58/157
f 158/59/158 159/60/159 154/55/154
f 160/61/160 157/58/157 156/57/156
f 158/59/158 157/58/157 160/61/160
f 160/61/160 156/57/156 161/62/161
f 158/59/158 160/61/160 162/63/162
f 163/3/163 164/2/164 165/1/165
f 163/3/163 165/1/165 166/4/166
f 164/2/164 167/5/167 165/1/165
f 164/2/164 168/6/168 167/5/167
f 164/2/164 169/7/169 168/6/168
f 164/2/164 170/8/170 169/7/169
f 163/3/163 170/8/170 164/2/164
f 163/3/163 171/9/171 170/8/170
f 172/55/109 173/56/172 174/57/111
f 172/55/109 174/57/111 175/58/112
f 176/59/113 172/55/109 175/58/112
f 176/59/113 177/60/114 172/55/109
f 178/61/115 175/58/112 174/57/111
f 176/59/113 175/58/112 178/61/115
f 178/61/115 174/57/111 179/62/116
f 176/59/113 178/61/115 180/63/117
f 181/55/173 182/56/174 183/57/175
f 181/55/173 183/57/175 184/58/176
f 185/59/177 181/55/173 184/58/176
f 185/59/177 186/60/178 181/55/173
f 187/61/179 184/58/176 183/57/175
f 185/59/177 184/58/176 187/61/179
f 187/61/179 183/57/175 188/62/180
f 185/59/177 187/61/179 189/63/181
f 190/55/109 191/56/172 192/57/111
f 190/55/109 192/57/111 193/58/112
f 194/59/113 190/55/109 193/58/112
f 194/59/113 195/60/114 190/55/109
f 196/61/115 193/58/112 192/57/111
f 194/59/113 193/58/112 196/61/115
f 196/61/115 192/57/111 197/62/182
f 194/59/113 196/61/115 198/63/117
f 199/1/183 200/2/184 201/3/185
f 199/1/183 201/3/185 202/4/186
f 203/5/187 200/2/184 199/1/183
f 203/5/187 204/6/188 200/2/184
f 201/3/185 200/2/184 205/8/189
f 204/6/188 205/8/189 200/2/184
f 201/3/185 205/8/189 206/9/190
f 204/6/188 207/7/191 205/8/189
f 208/19/192 209/20/193 210/21/194
f 208/19/192 210/21/194 211/22/195
f 212/23/196 208/19/192 211/22/195
f 212/23/196 213/24/197 208/19/192
f 214/25/198 211/22/195 210/21/194
f 212/23/196 211/22/195 214/25/198
f 214/25/198 210/21/194 215/26/199
f 212/23/196 214/25/198 216/27/200
f 217/46/201 218/47/202 219/48/203
f 217/46/201 219/48/203 220/49/204
f 218/47/202 221/50/205 219/48/203
f 218/47/202 222/51/206 221/50/205
f 219/48/203 221/50/205 223/52/207
f 219/48/203 223/52/207 224/53/208
f 220/49/204 219/48/203 224/53/208
f 220/49/204 224/53/208 225/54/209
f 226/82/210 227/83/211 228/84/212
f 226/82/210 228/84/212 229/85/213
f 230/86/214 227/83/211 226/82/210
f 230/86/214 231/87/215 227/83/211
f 227/83/211 231/87/215 232/88/216
f 227/83/211 232/88/216 233/89/217
f 228/84/212 227/83/211 233/89/217
f 228/84/212 233/89/217 234/90/218
f 235/47/219 236/48/220 237/49/221
f 235/47/219 237/49/221 238/46/222
f 235/47/219 239/50/223 236/48/220
f 235/47/219 240/51/224 239/50/223
f 236/48/220 239/50/223 241/52/225
f 236/48/220 241/52/225 242/53/226
f 237/49/221 236/48/220 242/53/226
f 237/49/221 242/53/226 243/54/227
f 244/28/228 245/29/229 246/30/230
f 244/28/228 246/30/230 247/31/231
f 244/28/228 247/31/231 248/32/232
f 244/28/228 248/32/232 249/33/233
f 250/34/234 244/28/228 249/33/233
f 250/34/234 251/35/235 244/28/228
f 251/35/235 245/29/229 244/28/228
f 251/35/235 252/36/236 245/29/229
f 253/73/237 254/74/238 255/75/239
f 253/73/237 255/75/239 256/76/240
f 253/73/237 257/77/241 254/74/238
f 253/73/237 258/78/242 257/77/241
f 255/75/239 254/74/238 259/79/243
f 257/77/241 259/79/243 254/74/238
f 255/75/239 259/79/243 260/80/244
f 257/77/241 261/81/245 259/79/243
f 262/57/246 263/56/247 264/55/248
f 262/57/246 264/55/248 265/58/249
f 265/58/249 264/55/248 266/60/250
f 265/58/249 266/60/250 267/59/251
f 268/61/252 262/57/246 265/58/249
f 268/61/252 265/58/249 267/59/251
f 268/61/252 269/62/253 262/57/246
f 268/61/252 267/59/251 270/63/254
f 271/55/255 272/56/256 273/57/257
f 271/55/255 273/57/257 274/58/258
f 275/59/259 271/55/255 274/58/258
f 275/59/259 276/60/260 271/55/255
f 277/61/261 274/58/258 273/57/257
f 275/59/259 274/58/258 277/61/261
f 277/61/261 273/57/257 278/62/262
f 275/59/259 277/61/261 279/63/263
f 280/10/264 281/11/265 282/12/266
f 280/10/264 282/12/266 283/13/267
f 284/14/268 280/10/264 283/13/267
f 284/14/268 283/13/267 285/15/269
f 286/16/270 285/15/269 283/13/267
f 286/16/270 283/13/267 287/17/271
f 287/17/271 283/13/267 282/12/266
f 287/17/271 282/12/266 288/18/272
f 289/91/273 290/92/274 291/93/275
f 289/91/273 291/93/275 292/94/276
f 293/95/277 289/91/273 292/94/276
f 293/95/277 294/96/278 289/91/273
f 295/97/279 292/94/276 291/93/275
f 293/95/277 292/94/276 295/97/279
f 295/97/279 291/93/275 296/98/280
f 293/95/277 295/97/279 297/99/281
f 298/28/282 299/29/283 300/30/284
f 298/28/282 300/30/284 301/31/285
f 298/28/282 301/31/285 302/32/286
f 298/28/282 302/32/286 303/33/287
f 304/34/288 298/28/282 303/33/287
f 304/34/288 305/35/289 298/28/282
f 305/35/289 299/29/283 298/28/282
f 305/35/289 306/36/290 299/29/283
f 307/1/291 308/2/292 309/3/293
f 307/1/291 309/3/293 310/4/294
f 311/5/295 308/2/292 307/1/291
f 311/5/295 312/6/296 308/2/292
f 308/2/292 312/6/296 313/7/297
f 308/2/292 313/7/297 314/8/298
f 309/3/293 308/2/292 314/8/298
f 309/3/293 314/8/298 315/9/299
f 316/1/300 317/2/301 318/3/302
f 316/1/300 318/3/302 319/4/303
f 320/5/304 317/2/301 316/1/300
f 320/5/304 321/6/305 317/2/301
f 318/3/302 317/2/301 322/8/306
f 321/6/305 322/8/306 317/2/301
f 318/3/302 322/8/306 323/9/307
f 321/6/305 324/7/308 322/8/306
f 325/55/309 326/56/310 327/57/311
f 325/55/309 327/57/311 328/58/312
f 329/59/313 325/55/309 328/58/312
f 329/59/313 330/60/314 325/55/309
f 331/61/315 328/58/312 327/57/311
f 329/59/313 328/58/312 331/61/315
f 331/61/315 327/57/311 332/62/316
f 329/59/313 331/61/315 333/63/317
f 334/55/318 335/56/319 336/57/320
f 334/55/318 336/57/320 337/58/321
f 338/59/322 334/55/318 337/58/321
f 338/59/322 339/60/323 334/55/318
f 340/61/324 337/58/321 336/57/320
f 338/59/322 337/58/321 340/61/324
f 340/61/324 336/57/320 341/62/325
f 338/59/322 340/61/324 342/63/326
f 343/55/327 344/56/328 345/57/329
f 343/55/327 345/57/329 346/58/330
f 347/59/331 343/55/327 346/58/330
f 347/59/331 348/60/332 343/55/327
f 349/61/333 346/58/330 345/57/329
f 347/59/331 346/58/330 349/61/333
f 349/61/333 345/57/329 350/62/334
f 347/59/331 349/61/333 351/63/335
f 352/64/336 353/65/337 354/66/338
f 352/64/336 354/66/338 355/67/339
f 356/68/340 352/64/336 355/67/339
f 356/68/340 357/69/341 352/64/336
f 358/70/342 355/67/339 354/66/338
f 356/68/340 355/67/339 358/70/342
f 358/70/342 354/66/338 359/71/343
f 356/68/340 358/70/342 360/72/344
f 361/19/64 362/20/65 363/21/66
f 361/19/64 363/21/66 364/22/67
f 365/23/68 361/19/64 364/22/67
f 365/23/68 366/24/69 361/19/64
f 367/25/70 364/22/67 363/21/66
f 365/23/68 364/22/67 367/25/70
f 367/25/70 363/21/66 368/26/71
f 365/23/68 367/25/70 369/27/72
f 370/19/345 371/20/346 372/21/347
f 370/19/345 372/21/347 373/22/348
f 374/23/349 370/19/345 373/22/348
f 374/23/349 375/24/350 370/19/345
f 376/25/351 373/22/348 372/21/347
f 374/23/349 373/22/348 376/25/351
f 376/25/351 372/21/347 377/26/352
f 374/23/349 376/25/351 378/27/353
f 379/29/354 380/30/355 381/31/356
f 379/29/354 381/31/356 382/28/357
f 382/28/357 381/31/356 383/32/358
f 382/28/357 383/32/358 384/33/359
f 385/34/360 382/28/357 384/33/359
f 385/34/360 386/35/361 382/28/357
f 386/35/361 379/29/354 382/28/357
f 386/35/361 387/36/362 379/29/354
f 388/84/363 389/85/364 390/82/365
f 388/84/363 390/82/365 391/83/366
f 391/83/366 390/82/365 392/86/367
f 391/83/366 392/86/367 393/87/368
f 391/83/366 393/87/368 394/88/369
f 391/83/366 394/88/369 395/89/370
f 388/84/363 391/83/366 395/89/370
f 388/84/363 395/89/370 396/90/371
f 397/84/372 398/85/373 399/82/374
f 397/84/372 399/82/374 400/83/375
f 400/83/375 399/82/374 401/86/376
f 400/83/375 401/86/376 402/87/377
f 400/83/375 402/87/377 403/88/378
f 400/83/375 403/88/378 404/89/379
f 397/84/372 400/83/375 404/89/379
f 397/84/372 404/89/379 405/90/380
f 406/84/381 407/85/373 408/82/374
f 406/84/381 408/82/374 409/83/375
f 409/83/375 408/82/374 410/86/376
f 409/83/375 410/86/376 411/87/377
f 409/83/375 411/87/377 412/88/378
f 409/83/375 412/88/378 413/89/379
f 406/84/381 409/83/375 413/89/379
f 406/84/381 413/89/379 414/90/382
f 415/84/363 416/85/364 417/82/365
f 415/84/363 417/82/365 418/83/366
f 418/83/366 417/82/365 419/86/367
f 418/83/366 419/86/367 420/87/383
f 418/83/366 420/87/383 421/88/369
f 418/83/366 421/88/369 422/89/384
f 415/84/363 418/83/366 422/89/384
f 415/84/363 422/89/384 423/90/371
f 424/84/385 425/85/386 426/82/387
f 424/84/385 426/82/387 427/83/388
f 427/83/388 426/82/387 428/86/389
f 427/83/388 428/86/389 429/87/390
f 427/83/388 429/87/390 430/88/391
f 427/83/388 430/88/391 431/89/392
f 424/84/385 427/83/388 431/89/392
f 424/84/385 431/89/392 432/90/393
f 433/57/394 434/58/395 435/55/396
f 433/57/394 435/55/396 436/56/397
f 437/62/398 434/58/395 433/57/394
f 437/62/398 438/61/399 434/58/395
f 435/55/396 434/58/395 439/59/400
f 438/61/399 439/59/400 434/58/395
f 435/55/396 439/59/400 440/60/401
f 438/61/399 441/63/402 439/59/400
f 442/19/403 443/20/404 444/21/405
f 442/19/403 444/21/405 445/22/406
f 446/23/407 442/19/403 445/22/406
f 446/23/407 447/24/408 442/19/403
f 448/25/409 445/22/406 444/21/405
f 446/23/407 445/22/406 448/25/409
f 448/25/409 444/21/405 449/26/410
f 446/23/407 448/25/409 450/27/411
f 451/19/412 452/20/413 453/21/414
f 451/19/412 453/21/414 454/22/415
f 454/22/415 453/21/414 455/26/416
f 454/22/415 455/26/416 456/25/417
f 457/23/418 451/19/412 454/22/415
f 457/23/418 454/22/415 456/25/417
f 457/23/418 458/24/419 451/19/412
f 457/23/418 456/25/417 459/27/420
f 460/19/421 461/20/422 462/21/423
f 460/19/421 462/21/423 463/22/424
f 464/23/425 460/19/421 463/22/424
f 464/23/425 465/24/426 460/19/421
f 466/25/427 463/22/424 462/21/423
f 464/23/425 463/22/424 466/25/427
f 466/25/427 462/21/423 467/26/428
f 464/23/425 466/25/427 468/27/429
f 469/73/430 470/74/431 471/75/432
f 469/73/430 471/75/432 472/76/433
f 469/73/430 473/77/434 470/74/431
f 469/73/430 474/78/435 473/77/434
f 471/75/432 470/74/431 475/79/436
f 473/77/434 475/79/436 470/74/431
f 471/75/432 475/79/436 476/80/437
f 473/77/434 477/81/438 475/79/436
f 478/100/439 479/101/440 480/102/441
f 478/100/439 480/102/441 481/103/442
f 479/101/440 478/100/439 482/104/443
f 479/101/440 482/104/443 483/105/444
f 482/104/443 484/106/445 483/105/444
f 485/107/446 486/108/447 487/109/448
f 485/107/446 487/109/448 488/110/449
f 489/111/450 488/110/449 487/109/448
f 489/111/450 490/112/451 488/110/449
f 489/111/450 491/113/452 490/112/451
f 489/111/450 492/114/453 491/113/452
f 493/115/454 491/113/452 492/114/453
f 493/115/454 494/116/455 491/113/452
f 495/117/456 496/118/457 497/107/458
f 495/117/456 497/107/458 498/119/459
f 499/109/460 496/118/457 495/117/456
f 499/109/460 500/110/461 496/118/457
f 501/120/462 500/110/461 499/109/460
f 501/120/462 502/121/463 500/110/461
f 501/120/462 503/116/464 502/121/463
f 501/120/462 504/115/465 503/116/464
f 505/103/466 506/122/467 507/123/468
f 505/103/466 507/123/468 508/102/469
f 506/122/467 509/107/470 507/123/468
f 506/122/467 510/124/471 509/107/470
f 509/107/470 510/124/471 511/117/472
f 509/107/470 511/117/472 512/118/473
f 511/117/472 513/125/474 512/118/473
f 511/117/472 514/126/475 513/125/474
f 515/127/476 513/125/474 514/126/475
f 516/103/477 517/102/478 518/123/479
f 516/103/477 518/123/479 519/122/480
f 519/122/480 518/123/479 520/107/481
f 519/122/480 520/107/481 521/124/482
f 522/118/483 521/124/482 520/107/481
f 522/118/483 523/117/484 521/124/482
f 523/117/484 522/118/483 524/128/485
f 525/129/486 526/130/487 527/131/488
f 527/131/488 528/132/489 525/129/486
f 526/130/487 529/133/490 527/131/488
f 526/130/487 530/134/491 529/133/490
f 530/134/491 531/135/492 529/133/490
f 526/130/487 532/136/493 530/134/491
f 526/130/487 533/137/494 532/136/493
f 534/1/495 535/2/496 536/3/497
f 534/1/495 536/3/497 537/4/498
f 538/5/499 535/2/496 534/1/495
f 538/5/499 539/6/500 535/2/496
f 535/2/496 539/6/500 540/7/501
f 535/2/496 540/7/501 541/8/502
f 536/3/497 535/2/496 541/8/502
f 536/3/497 541/8/502 542/9/503
f 543/10/504 544/11/505 545/12/506
f 543/10/504 545/12/506 546/13/507
f 547/14/508 543/10/504 546/13/507
f 547/14/508 546/13/507 548/15/509
f 549/16/510 548/15/509 546/13/507
f 549/16/510 546/13/507 550/17/511
f 550/17/511 546/13/507 545/12/506
f 550/17/511 545/12/506 551/18/512
f 552/19/513 553/20/514 554/21/515
f 552/19/513 554/21/515 555/22/516
f 556/23/517 552/19/513 555/22/516
f 556/23/517 557/24/518 552/19/513
f 558/25/519 555/22/516 554/21/515
f 556/23/517 555/22/516 558/25/519
f 558/25/519 554/21/515 559/26/520
f 556/23/517 558/25/519 560/27/521
f 561/19/522 562/20/523 563/21/524
f 561/19/522 563/21/524 564/22/525
f 565/23/526 561/19/522 564/22/525
f 565/23/526 566/24/527 561/19/522
f 567/25/528 564/22/525 563/21/524
f 565/23/526 564/22/525 567/25/528
f 567/25/528 563/21/524 568/26/529
f 565/23/526 567/25/528 569/27/530
f 570/28/531 571/29/532 572/30/533
f 570/28/531 572/30/533 573/31/534
f 570/28/531 573/31/534 574/32/535
f 570/28/531 574/32/535 575/33/536
f 576/34/537 570/28/531 575/33/536
f 576/34/537 577/35/538 570/28/531
f 577/35/538 571/29/532 570/28/531
f 577/35/538 578/36/539 571/29/532
f 579/1/540 580/2/541 581/3/542
f 579/1/540 581/3/542 582/4/543
f 583/5/544 580/2/541 579/1/540
f 583/5/544 584/6/545 580/2/541
f 581/3/542 580/2/541 585/8/546
f 584/6/545 585/8/546 580/2/541
f 581/3/542 585/8/546 586/9/547
f 584/6/545 587/7/548 585/8/546
f 588/37/549 589/38/550 590/39/551
f 591/40/552 592/41/553 588/37/549
f 591/40/552 588/37/549 593/42/554
f 588/37/549 590/39/551 593/42/554
f 594/43/555 591/40/552 593/42/554
f 594/43/555 593/42/554 595/44/556
f 595/44/556 593/42/554 590/39/551
f 595/44/556 590/39/551 596/45/557
f 597/19/558 598/20/559 599/21/560
f 597/19/558 599/21/560 600/22/561
f 601/23/562 597/19/558 600/22/561
f 601/23/562 602/24/563 597/19/558
f 603/25/564 600/22/561 599/21/560
f 601/23/562 600/22/561 603/25/564
f 603/25/564 599/21/560 604/26/565
f 601/23/562 603/25/564 605/27/566
f 606/46/567 607/47/568 608/48/569
f 606/46/567 608/48/569 609/49/570
f 607/47/568 610/50/571 608/48/569
f 607/47/568 611/51/572 610/50/571
f 608/48/569 610/50/571 612/52/573
f 608/48/569 612/52/573 613/53/574
f 609/49/570 608/48/569 613/53/574
f 609/49/570 613/53/574 614/54/575
f 615/55/576 616/56/577 617/57/578
f 615/55/576 617/57/578 618/58/579
f 619/59/580 615/55/576 618/58/579
f 619/59/580 620/60/581 615/55/576
f 621/61/582 618/58/579 617/57/578
f 619/59/580 618/58/579 621/61/582
f 621/61/582 617/57/578 622/62/583
f 619/59/580 621/61/582 623/63/584
f 624/55/585 625/56/586 626/57/587
f 624/55/585 626/57/587 627/58/588
f 628/59/589 624/55/585 627/58/588
f 628/59/589 629/60/590 624/55/585
f 630/61/591 627/58/588 626/57/587
f 628/59/589 627/58/588 630/61/591
f 630/61/591 626/57/587 631/62/592
f 628/59/589 630/61/591 632/63/593
f 633/19/594 634/20/595 635/21/596
f 633/19/594 635/21/596 636/22/597
f 637/23/598 633/19/594 636/22/597
f 637/23/598 638/24/599 633/19/594
f 639/25/600 636/22/597 635/21/596
f 637/23/598 636/22/597 639/25/600
f 639/25/600 635/21/596 640/26/601
f 637/23/598 639/25/600 641/27/602
f 642/55/603 643/56/604 644/57/605
f 642/55/603 644/57/605 645/58/606
f 646/59/607 642/55/603 645/58/606
f 646/59/607 647/60/608 642/55/603
f 648/61/609 645/58/606 644/57/605
f 646/59/607 645/58/606 648/61/609
f 648/61/609 644/57/605 649/62/610
f 646/59/607 648/61/609 650/63/611
f 651/37/612 652/38/613 653/39/614
f 654/40/615 655/41/616 651/37/612
f 654/40/615 651/37/612 656/42/617
f 651/37/612 653/39/614 656/42/617
f 657/43/618 654/40/615 656/42/617
f 657/43/618 656/42/617 658/44/619
f 658/44/619 656/42/617 653/39/614
f 658/44/619 653/39/614 659/45/620
f 660/1/621 661/2/622 662/3/623
f 660/1/621 662/3/623 663/4/624
f 660/1/621 664/6/625 661/2/622
f 660/1/621 665/5/626 664/6/625
f 662/3/623 661/2/622 666/8/627
f 664/6/625 666/8/627 661/2/622
f 662/3/623 666/8/627 667/9/628
f 664/6/625 668/7/629 666/8/627
f 669/64/630 670/65/631 671/66/632
f 669/64/630 671/66/632 672/67/633
f 673/68/634 669/64/630 672/67/633
f 673/68/634 674/69/635 669/64/630
f 675/70/636 672/67/633 671/66/632
f 673/68/634 672/67/633 675/70/636
f 675/70/636 671/66/632 676/71/637
f 673/68/634 675/70/636 677/72/638
f 678/73/639 679/74/640 680/75/641
f 678/73/639 680/75/641 681/76/642
f 678/73/639 682/77/643 679/74/640
f 678/73/639 683/78/644 682/77/643
f 680/75/641 679/74/640 684/79/645
f 682/77/643 684/79/645 679/74/640
f 680/75/641 684/79/645 685/80/646
f 682/77/643 686/81/647 684/79/645
f 687/55/648 688/56/649 689/57/650
f 687/55/648 689/57/650 690/58/651
f 691/59/652 687/55/648 690/58/651
f 691/59/652 692/60/653 687/55/648
f 693/61/654 690/58/651 689/57/650
f 691/59/652 690/58/651 693/61/654
f 693/61/654 689/57/650 694/62/655
f 691/59/652 693/61/654 695/63/656
f 696/3/657 697/2/658 698/1/659
f 696/3/657 698/1/659 699/4/660
f 697/2/658 700/5/661 698/1/659
f 697/2/658 701/6/662 700/5/661
f 697/2/658 702/7/663 701/6/662
f 697/2/658 703/8/664 702/7/663
f 696/3/657 703/8/664 697/2/658
f 696/3/657 704/9/665 703/8/664
f 705/55/603 706/56/604 707/57/605
f 705/55/603 707/57/605 708/58/606
f 709/59/607 705/55/603 708/58/606
f 709/59/607 710/60/608 705/55/603
f 711/61/609 708/58/606 707/57/605
f 709/59/607 708/58/606 711/61/609
f 711/61/609 707/57/605 712/62/610
f 709/59/607 711/61/609 713/63/611
f 714/55/666 715/56/667 716/57/668
f 714/55/666 716/57/668 717/58/669
f 718/59/670 714/55/666 717/58/669
f 718/59/670 719/60/671 714/55/666
f 720/61/672 717/58/669 716/57/668
f 718/59/670 717/58/669 720/61/672
f 720/61/672 716/57/668 721/62/673
f 718/59/670 720/61/672 722/63/674
f 723/55/603 724/56/604 725/57/605
f 723/55/603 725/57/605 726/58/606
f 727/59/607 723/55/603 726/58/606
f 727/59/607 728/60/608 723/55/603
f 729/61/609 726/58/606 725/57/605
f 727/59/607 726/58/606 729/61/609
f 729/61/609 725/57/605 730/62/675
f 727/59/607 729/61/609 731/63/611
f 732/1/676 733/2/677 734/3/678
f 732/1/676 734/3/678 735/4/679
f 736/5/680 733/2/677 732/1/676
f 736/5/680 737/6/681 733/2/677
f 734/3/678 733/2/677 738/8/682
f 737/6/681 738/8/682 733/2/677
f 734/3/678 738/8/682 739/9/683
f 737/6/681 740/7/684 738/8/682
f 741/19/685 742/20/686 743/21/687
f 741/19/685 743/21/687 744/22/688
f 745/23/689 741/19/685 744/22/688
f 745/23/689 746/24/690 741/19/685
f 747/25/691 744/22/688 743/21/687
f 745/23/689 744/22/688 747/25/691
f 747/25/691 743/21/687 748/26/692
f 745/23/689 747/25/691 749/27/693
f 750/46/694 751/47/695 752/48/696
f 750/46/694 752/48/696 753/49/697
f 751/47/695 754/50/698 752/48/696
f 751/47/695 755/51/699 754/50/698
f 752/48/696 754/50/698 756/52/700
f 752/48/696 756/52/700 757/53/701
f 753/49/697 752/48/696 757/53/701
f 753/49/697 757/53/701 758/54/702
f 759/82/703 760/83/704 761/84/705
f 759/82/703 761/84/705 762/85/706
f 763/86/707 760/83/704 759/82/703
f 763/86/707 764/87/708 760/83/704
f 760/83/704 764/87/708 765/88/709
f 760/83/704 765/88/709 766/89/710
f 761/84/705 760/83/704 766/89/710
f 761/84/705 766/89/710 767/90/711
f 768/47/712 769/48/713 770/49/714
f 768/47/712 770/49/714 771/46/715
f 768/47/712 772/50/716 769/48/713
f 768/47/712 773/51/717 772/50/716
f 769/48/713 772/50/716 774/52/718
f 769/48/713 774/52/718 775/53/719
f 770/49/714 769/48/713 775/53/719
f 770/49/714 775/53/719 776/54/720
f 777/28/721 778/29/722 779/30/723
f 777/28/721 779/30/723 780/31/724
f 777/28/721 780/31/724 781/32/725
f 777/28/721 781/32/725 782/33/726
f 783/34/727 777/28/721 782/33/726
f 783/34/727 784/35/728 777/28/721
f 784/35/728 778/29/722 777/28/721
f 784/35/728 785/36/729 778/29/722
f 786/73/730 787/74/731 788/75/732
f 786/73/730 788/75/732 789/76/733
f 786/73/730 790/77/734 787/74/731
f 786/73/730 791/78/735 790/77/734
f 788/75/732 787/74/731 792/79/736
f 790/77/734 792/79/736 787/74/731
f 788/75/732 792/79/736 793/80/737
f 790/77/734 794/81/738 792/79/736
f 795/57/739 796/56/740 797/55/741
f 795/57/739 797/55/741 798/58/742
f 798/58/742 797/55/741 799/60/743
f 798/58/742 799/60/743 800/59/744
f 801/61/745 795/57/739 798/58/742
f 801/61/745 798/58/742 800/59/744
f 801/61/745 802/62/746 795/57/739
f 801/61/745 800/59/744 803/63/747
f 804/55/748 805/56/749 806/57/750
f 804/55/748 806/57/750 807/58/751
f 808/59/752 804/55/748 807/58/751
f 808/59/752 809/60/753 804/55/748
f 810/61/754 807/58/751 806/57/750
f 808/59/752 807/58/751 810/61/754
f 810/61/754 806/57/750 811/62/755
f 808/59/752 810/61/754 812/63/756
f 813/10/757 814/11/758 815/12/759
f 813/10/757 815/12/759 816/13/760
f 817/14/761 813/10/757 816/13/760
f 817/14/761 816/13/760 818/15/762
f 819/16/763 818/15/762 816/13/760
f 819/16/763 816/13/760 820/17/764
f 820/17/764 816/13/760 815/12/759
f 820/17/764 815/12/759 821/18/765
f 822/91/766 823/92/767 824/93/768
f 822/91/766 824/93/768 825/94/769
f 826/95/770 822/91/766 825/94/769
f 826/95/770 827/96/771 822/91/766
f 828/97/772 825/94/769 824/93/768
f 826/95/770 825/94/769 828/97/772
f 828/97/772 824/93/768 829/98/773
f 826/95/770 828/97/772 830/99/774
f 831/28/775 832/29/776 833/30/777
f 831/28/775 833/30/777 834/31/778
f 831/28/775 834/31/778 835/32/779
f 831/28/775 835/32/779 836/33/780
f 837/34/781 831/28/775 836/33/780
f 837/34/781 838/35/782 831/28/775
f 838/35/782 832/29/776 831/28/775
f 838/35/782 839/36/783 832/29/776
f 840/1/784 841/2/785 842/3/786
f 840/1/784 842/3/786 843/4/787
f 844/5/788 841/2/785 840/1/784
f 844/5/788 845/6/789 841/2/785
f 841/2/785 845/6/789 846/7/790
f 841/2/785 846/7/790 847/8/791
f 842/3/786 841/2/785 847/8/791
f 842/3/786 847/8/791 848/9/792
f 849/1/793 850/2/794 851/3/795
f 849/1/793 851/3/795 852/4/796
f 853/5/797 850/2/794 849/1/793
f 853/5/797 854/6/798 850/2/794
f 851/3/795 850/2/794 855/8/799
f 854/6/798 855/8/799 850/2/794
f 851/3/795 855/8/799 856/9/800
f 854/6/798 857/7/801 855/8/799
f 858/55/802 859/56/803 860/57/804
f 858/55/802 860/57/804 861/58/805
f 862/59/806 858/55/802 861/58/805
f 862/59/806 863/60/807 858/55/802
f 864/61/808 861/58/805 860/57/804
f 862/59/806 861/58/805 864/61/808
f 864/61/808 860/57/804 865/62/809
f 862/59/806 864/61/808 866/63/810
f 867/55/811 868/56/812 869/57/813
f 867/55/811 869/57/813 870/58/814
f 871/59/815 867/55/811 870/58/814
f 871/59/815 872/60/816 867/55/811
f 873/61/817 870/58/814 869/57/813
f 871/59/815 870/58/814 873/61/817
f 873/61/817 869/57/813 874/62/818
f 871/59/815 873/61/817 875/63/819
f 876/55/820 877/56/821 878/57/822
f 876/55/820 878/57/822 879/58/823
f 880/59/824 876/55/820 879/58/823
f 880/59/824 881/60/825 876/55/820
f 882/61/826 879/58/823 878/57/822
f 880/59/824 879/58/823 882/61/826
f 882/61/826 878/57/822 883/62/827
f 880/59/824 882/61/826 884/63/828
f 885/64/829 886/65/830 887/66/831
f 885/64/829 887/66/831 888/67/832
f 889/68/833 885/64/829 888/67/832
f 889/68/833 890/69/834 885/64/829
f 891/70/835 888/67/832 887/66/831
f 889/68/833 888/67/832 891/70/835
f 891/70/835 887/66/831 892/71/836
f 889/68/833 891/70/835 893/72/837
f 894/19/558 895/20/559 896/21/560
f 894/19/558 896/21/560 897/22/561
f 898/23/562 894/19/558 897/22/561
f 898/23/562 899/24/563 894/19/558
f 900/25/564 897/22/561 896/21/560
f 898/23/562 897/22/561 900/25/564
f 900/25/564 896/21/560 901/26/565
f 898/23/562 900/25/564 902/27/566
f 903/19/838 904/20/839 905/21/840
f 903/19/838 905/21/840 906/22/841
f 907/23/842 903/19/838 906/22/841
f 907/23/842 908/24/843 903/19/838
f 909/25/844 906/22/841 905/21/840
f 907/23/842 906/22/841 909/25/844
f 909/25/844 905/21/840 910/26/845
f 907/23/842 909/25/844 911/27/846
f 912/29/847 913/30/848 914/31/849
f 912/29/847 914/31/849 915/28/850
f 915/28/850 914/31/849 916/32/851
f 915/28/850 916/32/851 917/33/852
f 918/34/853 915/28/850 917/33/852
f 918/34/853 919/35/854 915/28/850
f 919/35/854 912/29/847 915/28/850
f 919/35/854 920/36/855 912/29/847
f 921/84/856 922/85/857 923/82/858
f 921/84/856 923/82/858 924/83/859
f 924/83/859 923/82/858 925/86/860
f 924/83/859 925/86/860 926/87/861
f 924/83/859 926/87/861 927/88/862
f 924/83/859 927/88/862 928/89/863
f 921/84/856 924/83/859 928/89/863
f 921/84/856 928/89/863 929/90/864
f 930/84/865 931/85/866 932/82/867
f 930/84/865 932/82/867 933/83/868
f 933/83/868 932/82/867 934/86/869
f 933/83/868 934/86/869 935/87/870
f 933/83/868 935/87/870 936/88/871
f 933/83/868 936/88/871 937/89/872
f 930/84/865 933/83/868 937/89/872
f 930/84/865 937/89/872 938/90/873
f 939/84/874 940/85/866 941/82/867
f 939/84/874 941/82/867 942/83/868
f 942/83/868 941/82/867 943/86/869
f 942/83/868 943/86/869 944/87/870
f 942/83/868 944/87/870 945/88/871
f 942/83/868 945/88/871 946/89/872
f 939/84/874 942/83/868 946/89/872
f 939/84/874 946/89/872 947/90/873
f 948/84/856 949/85/857 950/82/858
f 948/84/856 950/82/858 951/83/859
f 951/83/859 950/82/858 952/86/860
f 951/83/859 952/86/860 953/87/861
f 951/83/859 953/87/861 954/88/875
f 951/83/859 954/88/875 955/89/876
f 948/84/856 951/83/859 955/89/876
f 948/84/856 955/89/876 956/90/864
f 957/84/877 958/85/878 959/82/879
f 957/84/877 959/82/879 960/83/880
f 960/83/880 959/82/879 961/86/881
f 960/83/880 961/86/881 962/87/882
f 960/83/880 962/87/882 963/88/883
f 960/83/880 963/88/883 964/89/884
f 957/84/877 960/83/880 964/89/884
f 957/84/877 964/89/884 965/90/885
f 966/57/886 967/58/887 968/55/888
f 966/57/886 968/55/888 969/56/889
f 970/62/890 967/58/887 966/57/886
f 970/62/890 971/61/891 967/58/887
f 968/55/888 967/58/887 972/59/892
f 971/61/891 972/59/892 967/58/887
f 968/55/888 972/59/892 973/60/893
f 971/61/891 974/63/894 972/59/892
f 975/19/895 976/20/896 977/21/897
f 975/19/895 977/21/897 978/22/898
f 979/23/899 975/19/895 978/22/898
f 979/23/899 980/24/900 975/19/895
f 981/25/901 978/22/898 977/21/897
f 979/23/899 978/22/898 981/25/901
f 981/25/901 977/21/897 982/26/902
f 979/23/899 981/25/901 983/27/903
f 984/19/904 985/20/905 986/21/906
f 984/19/904 986/21/906 987/22/907
f 987/22/907 986/21/906 988/26/908
f 987/22/907 988/26/908 989/25/909
f 990/23/910 984/19/904 987/22/907
f 990/23/910 987/22/907 989/25/909
f 990/23/910 991/24/911 984/19/904
f 990/23/910 989/25/909 992/27/912
f 993/19/913 994/20/914 995/21/915
f 993/19/913 995/21/915 996/22/916
f 997/23/917 993/19/913 996/22/916
f 997/23/917 998/24/918 993/19/913
f 999/25/919 996/22/916 995/21/915
f 997/23/917 996/22/916 999/25/919
f 999/25/919 995/21/915 1000/26/920
f 997/23/917 999/25/919 1001/27/921
f 1002/73/922 1003/74/923 1004/75/924
f 1002/73/922 1004/75/924 1005/76/925
f 1002/73/922 1006/77/926 1003/74/923
f 1002/73/922 1007/78/927 1006/77/926
f 1004/75/924 1003/74/923 1008/79/928
f 1006/77/926 1008/79/928 1003/74/923
f 1004/75/924 1008/79/928 1009/80/929
f 1006/77/926 1010/81/930 1008/79/928
f 1011/100/931 1012/101/932 1013/102/933
f 1011/100/931 1013/102/933 1014/103/934
f 1012/101/932 1011/100/931 1015/104/935
f 1012/101/932 1015/104/935 1016/105/936
f 1015/104/935 1017/106/937 1016/105/936
f 1018/107/938 1019/108/939 1020/109/940
f 1018/107/938 1020/109/940 1021/110/941
f 1022/111/942 1021/110/941 1020/109/940
f 1022/111/942 1023/112/943 1021/110/941
f 1022/111/942 1024/113/944 1023/112/943
f 1022/111/942 1025/114/945 1024/113/944
f 1026/115/946 1024/113/944 1025/114/945
f 1026/115/946 1027/116/947 1024/113/944
f 1028/117/948 1029/118/949 1030/107/950
f 1028/117/948 1030/107/950 1031/119/951
f 1032/109/952 1029/118/949 1028/117/948
f 1032/109/952 1033/110/953 1029/118/949
f 1034/120/954 1033/110/953 1032/109/952
f 1034/120/954 1035/121/955 1033/110/953
f 1034/120/954 1036/116/956 1035/121/955
f 1034/120/954 1037/115/957 1036/116/956
f 1038/103/958 1039/122/959 1040/123/960
f 1038/103/958 1040/123/960 1041/102/961
f 1039/122/959 1042/107/962 1040/123/960
f 1039/122/959 1043/124/963 1042/107/962
f 1042/107/962 1043/124/963 1044/117/964
f 1042/107/962 1044/117/964 1045/118/965
f 1044/117/964 1046/125/966 1045/118/965
f 1044/117/964 1047/126/967 1046/125/966
f 1048/127/968 1046/125/966 1047/126/967
f 1049/103/969 1050/102/970 1051/123/971
f 1049/103/969 1051/123/971 1052/122/972
f 1052/122/972 1051/123/971 1053/107/973
f 1052/122/972 1053/107/973 1054/124/974
f 1055/118/975 1054/124/974 1053/107/973
f 1055/118/975 1056/117/976 1054/124/974
f 1056/117/976 1055/118/975 1057/128/977
f 1058/129/978 1059/130/979 1060/131/980
f 1060/131/980 1061/132/981 1058/129/978
f 1059/130/979 1062/133/982 1060/131/980
f 1059/130/979 1063/134/983 1062/133/982
f 1063/134/983 1064/135/984 1062/133/982
f 1059/130/979 1065/136/985 1063/134/983
f 1059/130/979 1066/137/986 1065/136/985
f 1067/1/495 1068/2/496 1069/3/497
f 1067/1/495 1069/3/497 1070/4/498
f 1071/5/499 1068/2/496 1067/1/495
f 1071/5/499 1072/6/500 1068/2/496
f 1068/2/496 1072/6/500 1073/7/501
f 1068/2/496 1073/7/501 1074/8/502
f 1069/3/497 1068/2/496 1074/8/502
f 1069/3/497 1074/8/502 1075/9/503
f 1076/10/504 1077/11/505 1078/12/506
f 1076/10/504 1078/12/506 1079/13/507
f 1080/14/508 1076/10/504 1079/13/507
f 1080/14/508 1079/13/507 1081/15/509
f 1082/16/510 1081/15/509 1079/13/507
f 1082/16/510 1079/13/507 1083/17/511
f 1083/17/511 1079/13/507 1078/12/506
f 1083/17/511 1078/12/506 1084/18/512
f 1085/19/513 1086/20/514 1087/21/515
f 1085/19/513 1087/21/515 1088/22/516
f 1089/23/987 1085/19/513 1088/22/516
f 1089/23/987 1090/24/518 1085/19/513
f 1091/25/519 1088/22/516 1087/21/515
f 1089/23/987 1088/22/516 1091/25/519
f 1091/25/519 1087/21/515 1092/26/520
f 1089/23/987 1091/25/519 1093/27/988
f 1094/19/522 1095/20/523 1096/21/524
f 1094/19/522 1096/21/524 1097/22/525
f 1098/23/526 1094/19/522 1097/22/525
f 1098/23/526 1099/24/527 1094/19/522
f 1100/25/989 1097/22/525 1096/21/524
f 1098/23/526 1097/22/525 1100/25/989
f 1100/25/989 1096/21/524 1101/26/529
f 1098/23/526 1100/25/989 1102/27/530
f 1103/28/531 1104/29/532 1105/30/533
f 1103/28/531 1105/30/533 1106/31/534
f 1103/28/531 1106/31/534 1107/32/535
f 1103/28/531 1107/32/535 1108/33/536
f 1109/34/537 1103/28/531 1108/33/536
f 1109/34/537 1110/35/538 1103/28/531
f 1110/35/538 1104/29/532 1103/28/531
f 1110/35/538 1111/36/539 1104/29/532
f 1112/1/540 1113/2/541 1114/3/542
f 1112/1/540 1114/3/542 1115/4/990
f 1116/5/544 1113/2/541 1112/1/540
f 1116/5/544 1117/6/545 1113/2/541
f 1114/3/542 1113/2/541 1118/8/546
f 1117/6/545 1118/8/546 1113/2/541
f 1114/3/542 1118/8/546 1119/9/547
f 1117/6/545 1120/7/548 1118/8/546
f 1121/37/549 1122/38/550 1123/39/551
f 1124/40/552 1125/41/553 1121/37/549
f 1124/40/552 1121/37/549 1126/42/554
f 1121/37/549 1123/39/551 1126/42/554
f 1127/43/555 1124/40/552 1126/42/554
f 1127/43/555 1126/42/554 1128/44/556
f 1128/44/556 1126/42/554 1123/39/551
f 1128/44/556 1123/39/551 1129/45/557
f 1130/19/558 1131/20/559 1132/21/560
f 1130/19/558 1132/21/560 1133/22/561
f 1134/23/562 1130/19/558 1133/22/561
f 1134/23/562 1135/24/563 1130/19/558
f 1136/25/564 1133/22/561 1132/21/560
f 1134/23/562 1133/22/561 1136/25/564
f 1136/25/564 1132/21/560 1137/26/565
f 1134/23/562 1136/25/564 1138/27/566
f 1139/46/567 1140/47/568 1141/48/569
f 1139/46/567 1141/48/569 1142/49/570
f 1140/47/568 1143/50/571 1141/48/569
f 1140/47/568 1144/51/572 1143/50/571
f 1141/48/569 1143/50/571 1145/52/573
f 1141/48/569 1145/52/573 1146/53/574
f 1142/49/570 1141/48/569 1146/53/574
f 1142/49/570 1146/53/574 1147/54/575
f 1148/55/991 1149/56/577 1150/57/578
f 1148/55/991 1150/57/578 1151/58/579
f 1152/59/580 1148/55/991 1151/58/579
f 1152/59/580 1153/60/581 1148/55/991
f 1154/61/582 1151/58/579 1150/57/578
f 1152/59/580 1151/58/579 1154/61/582
f 1154/61/582 1150/57/578 1155/62/583
f 1152/59/580 1154/61/582 1156/63/584
f 1157/55/585 1158/56/586 1159/57/587
f 1157/55/585 1159/57/587 1160/58/588
f 1161/59/589 1157/55/585 1160/58/588
f 1161/59/589 1162/60/590 1157/55/585
f 1163/61/591 1160/58/588 1159/57/587
f 1161/59/589 1160/58/588 1163/61/591
f 1163/61/591 1159/57/587 1164/62/592
f 1161/59/589 1163/61/591 1165/63/593
f 1166/19/594 1167/20/595 1168/21/596
f 1166/19/594 1168/21/596 1169/22/597
f 1170/23/598 1166/19/594 1169/22/597
f 1170/23/598 1171/24/599 1166/19/594
f 1172/25/600 1169/22/597 1168/21/596
f 1170/23/598 1169/22/597 1172/25/600
f 1172/25/600 1168/21/596 1173/26/601
f 1170/23/598 1172/25/600 1174/27/602
f 1175/55/603 1176/56/604 1177/57/605
f 1175/55/603 1177/57/605 1178/58/606
f 1179/59/607 1175/55/603 1178/58/606
f 1179/59/607 1180/60/608 1175/55/603
f 1181/61/609 1178/58/606 1177/57/605
f 1179/59/607 1178/58/606 1181/61/609
f 1181/61/609 1177/57/605 1182/62/610
f 1179/59/607 1181/61/609 1183/63/611
f 1184/37/612 1185/38/613 1186/39/614
f 1187/40/615 1188/41/616 1184/37/612
f 1187/40/615 1184/37/612 1189/42/617
f 1184/37/612 1186/39/614 1189/42/617
f 1190/43/618 1187/40/615 1189/42/617
f 1190/43/618 1189/42/617 1191/44/619
f 1191/44/619 1189/42/617 1186/39/614
f 1191/44/619 1186/39/614 1192/45/620
f 1193/1/621 1194/2/622 1195/3/623
f 1193/1/621 1195/3/623 1196/4/992
f 1193/1/621 1197/6/625 1194/2/622
f 1193/1/621 1198/5/626 1197/6/625
f 1195/3/623 1194/2/622 1199/8/627
f 1197/6/625 1199/8/627 1194/2/622
f 1195/3/623 1199/8/627 1200/9/628
f 1197/6/625 1201/7/629 1199/8/627
f 1202/64/630 1203/65/631 1204/66/632
f 1202/64/630 1204/66/632 1205/67/633
f 1206/68/634 1202/64/630 1205/67/633
f 1206/68/634 1207/69/635 1202/64/630
f 1208/70/636 1205/67/633 1204/66/632
f 1206/68/634 1205/67/633 1208/70/636
f 1208/70/636 1204/66/632 1209/71/637
f 1206/68/634 1208/70/636 1210/72/638
f 1211/73/639 1212/74/640 1213/75/641
f 1211/73/639 1213/75/641 1214/76/642
f 1211/73/639 1215/77/993 1212/74/640
f 1211/73/639 1216/78/644 1215/77/993
f 1213/75/641 1212/74/640 1217/79/645
f 1215/77/993 1217/79/645 1212/74/640
f 1213/75/641 1217/79/645 1218/80/646
f 1215/77/993 1219/81/647 1217/79/645
f 1220/55/648 1221/56/649 1222/57/650
f 1220/55/648 1222/57/650 1223/58/651
f 1224/59/652 1220/55/648 1223/58/651
f 1224/59/652 1225/60/994 1220/55/648
f 1226/61/654 1223/58/651 1222/57/650
f 1224/59/652 1223/58/651 1226/61/654
f 1226/61/654 1222/57/650 1227/62/655
f 1224/59/652 1226/61/654 1228/63/656
f 1229/3/657 1230/2/658 1231/1/659
f 1229/3/657 1231/1/659 1232/4/660
f 1230/2/658 1233/5/661 1231/1/659
f 1230/2/658 1234/6/662 1233/5/661
f 1230/2/658 1235/7/663 1234/6/662
f 1230/2/658 1236/8/664 1235/7/663
f 1229/3/657 1236/8/664 1230/2/658
f 1229/3/657 1237/9/665 1236/8/664
f 1238/55/603 1239/56/604 1240/57/605
f 1238/55/603 1240/57/605 1241/58/606
f 1242/59/607 1238/55/603 1241/58/606
f 1242/59/607 1243/60/608 1238/55/603
f 1244/61/609 1241/58/606 1240/57/605
f 1242/59/607 1241/58/606 1244/61/609
f 1244/61/609 1240/57/605 1245/62/610
f 1242/59/607 1244/61/609 1246/63/611
f 1247/55/666 1248/56/667 1249/57/668
f 1247/55/666 1249/57/668 1250/58/669
f 1251/59/670 1247/55/666 1250/58/669
f 1251/59/670 1252/60/995 1247/55/666
f 1253/61/672 1250/58/669 1249/57/668
f 1251/59/670 1250/58/669 1253/61/672
f 1253/61/672 1249/57/668 1254/62/673
f 1251/59/670 1253/61/672 1255/63/674
f 1256/55/603 1257/56/604 1258/57/605
f 1256/55/603 1258/57/605 1259/58/606
f 1260/59/607 1256/55/603 1259/58/606
f 1260/59/607 1261/60/608 1256/55/603
f 1262/61/609 1259/58/606 1258/57/605
f 1260/59/607 1259/58/606 1262/61/609
f 1262/61/609 1258/57/605 1263/62/675
f 1260/59/607 1262/61/609 1264/63/611
f 1265/1/676 1266/2/677 1267/3/678
f 1265/1/676 1267/3/678 1268/4/996
f 1269/5/680 1266/2/677 1265/1/676
f 1269/5/680 1270/6/681 1266/2/677
f 1267/3/678 1266/2/677 1271/8/682
f 1270/6/681 1271/8/682 1266/2/677
f 1267/3/678 1271/8/682 1272/9/683
f 1270/6/681 1273/7/684 1271/8/682
f 1274/19/685 1275/20/686 1276/21/687
f 1274/19/685 1276/21/687 1277/22/688
f 1278/23/689 1274/19/685 1277/22/688
f 1278/23/689 1279/24/690 1274/19/685
f 1280/25/691 1277/22/688 1276/21/687
f 1278/23/689 1277/22/688 1280/25/691
f 1280/25/691 1276/21/687 1281/26/692
f 1278/23/689 1280/25/691 1282/27/693
f 1283/46/694 1284/47/695 1285/48/696
f 1283/46/694 1285/48/696 1286/49/697
f 1284/47/695 1287/50/698 1285/48/696
f 1284/47/695 1288/51/699 1287/50/698
f 1285/48/696 1287/50/698 1289/52/700
f 1285/48/696 1289/52/700 1290/53/701
f 1286/49/697 1285/48/696 1290/53/701
f 1286/49/697 1290/53/701 1291/54/702
f 1292/82/703 1293/83/704 1294/84/705
f 1292/82/703 1294/84/705 1295/85/706
f 1296/86/707 1293/83/704 1292/82/703
f 1296/86/707 1297/87/708 1293/83/704
f 1293/83/704 1297/87/708 1298/88/709
f 1293/83/704 1298/88/709 1299/89/997
f 1294/84/705 1293/83/704 1299/89/997
f 1294/84/705 1299/89/997 1300/90/998
f 1301/47/712 1302/48/713 1303/49/714
f 1301/47/712 1303/49/714 1304/46/715
f 1301/47/712 1305/50/716 1302/48/713
f 1301/47/712 1306/51/717 1305/50/716
f 1302/48/713 1305/50/716 1307/52/718
f 1302/48/713 1307/52/718 1308/53/719
f 1303/49/714 1302/48/713 1308/53/719
f 1303/49/714 1308/53/719 1309/54/999
f 1310/28/721 1311/29/722 1312/30/723
f 1310/28/721 1312/30/723 1313/31/724
f 1310/28/721 1313/31/724 1314/32/725
f 1310/28/721 1314/32/725 1315/33/726
f 1316/34/727 1310/28/721 1315/33/726
f 1316/34/727 1317/35/728 1310/28/721
f 1317/35/728 1311/29/722 1310/28/721
f 1317/35/728 1318/36/729 1311/29/722
f 1319/73/730 1320/74/731 1321/75/732
f 1319/73/730 1321/75/732 1322/76/733
f 1319/73/730 1323/77/1000 1320/74/731
f 1319/73/730 1324/78/735 1323/77/1000
f 1321/75/732 1320/74/731 1325/79/1001
f 1323/77/1000 1325/79/1001 1320/74/731
f 1321/75/732 1325/79/1001 1326/80/737
f 1323/77/1000 1327/81/738 1325/79/1001
f 1328/57/1002 1329/56/740 1330/55/741
f 1328/57/1002 1330/55/741 1331/58/742
f 1331/58/742 1330/55/741 1332/60/743
f 1331/58/742 1332/60/743 1333/59/744
f 1334/61/745 1328/57/1002 1331/58/742
f 1334/61/745 1331/58/742 1333/59/744
f 1334/61/745 1335/62/746 1328/57/1002
f 1334/61/745 1333/59/744 1336/63/747
f 1337/55/748 1338/56/749 1339/57/750
f 1337/55/748 1339/57/750 1340/58/751
f 1341/59/752 1337/55/748 1340/58/751
f 1341/59/752 1342/60/753 1337/55/748
f 1343/61/754 1340/58/751 1339/57/750
f 1341/59/752 1340/58/751 1343/61/754
f 1343/61/754 1339/57/750 1344/62/755
f 1341/59/752 1343/61/754 1345/63/756
f 1346/10/757 1347/11/758 1348/12/759
f 1346/10/757 1348/12/759 1349/13/760
f 1350/14/761 1346/10/757 1349/13/760
f 1350/14/761 1349/13/760 1351/15/762
f 1352/16/763 1351/15/762 1349/13/760
f 1352/16/763 1349/13/760 1353/17/764
f 1353/17/764 1349/13/760 1348/12/759
f 1353/17/764 1348/12/759 1354/18/765
f 1355/91/766 1356/92/1003 1357/93/768
f 1355/91/766 1357/93/768 1358/94/769
f 1359/95/770 1355/91/766 1358/94/769
f 1359/95/770 1360/96/771 1355/91/766
f 1361/97/772 1358/94/769 1357/93/768
f 1359/95/770 1358/94/769 1361/97/772
f 1361/97/772 1357/93/768 1362/98/773
f 1359/95/770 1361/97/772 1363/99/774
f 1364/28/775 1365/29/776 1366/30/777
f 1364/28/775 1366/30/777 1367/31/778
f 1364/28/775 1367/31/778 1368/32/779
f 1364/28/775 1368/32/779 1369/33/780
f 1370/34/781 1364/28/775 1369/33/780
f 1370/34/781 1371/35/782 1364/28/775
f 1371/35/782 1365/29/776 1364/28/775
f 1371/35/782 1372/36/783 1365/29/776
f 1373/1/784 1374/2/785 1375/3/786
f 1373/1/784 1375/3/786 1376/4/787
f 1377/5/788 1374/2/785 1373/1/784
f 1377/5/788 1378/6/789 1374/2/785
f 1374/2/785 1378/6/789 1379/7/790
f 1374/2/785 1379/7/790 1380/8/791
f 1375/3/786 1374/2/785 1380/8/791
f 1375/3/786 1380/8/791 1381/9/792
f 1382/1/793 1383/2/794 1384/3/795
f 1382/1/793 1384/3/795 1385/4/796
f 1386/5/797 1383/2/794 1382/1/793
f 1386/5/797 1387/6/798 1383/2/794
f 1384/3/795 1383/2/794 1388/8/799
f 1387/6/798 1388/8/799 1383/2/794
f 1384/3/795 1388/8/799 1389/9/800
f 1387/6/798 1390/7/801 1388/8/799
f 1391/55/802 1392/56/803 1393/57/804
f 1391/55/802 1393/57/804 1394/58/805
f 1395/59/806 1391/55/802 1394/58/805
f 1395/59/806 1396/60/807 1391/55/802
f 1397/61/808 1394/58/805 1393/57/804
f 1395/59/806 1394/58/805 1397/61/808
f 1397/61/808 1393/57/804 1398/62/809
f 1395/59/806 1397/61/808 1399/63/810
f 1400/55/811 1401/56/812 1402/57/813
f 1400/55/811 1402/57/813 1403/58/814
f 1404/59/815 1400/55/811 1403/58/814
f 1404/59/815 1405/60/816 1400/55/811
f 1406/61/817 1403/58/814 1402/57/813
f 1404/59/815 1403/58/814 1406/61/817
f 1406/61/817 1402/57/813 1407/62/818
f 1404/59/815 1406/61/817 1408/63/819
f 1409/55/820 1410/56/1004 1411/57/822
f 1409/55/820 1411/57/822 1412/58/823
f 1413/59/824 1409/55/820 1412/58/823
f 1413/59/824 1414/60/825 1409/55/820
f 1415/61/826 1412/58/823 1411/57/822
f 1413/59/824 1412/58/823 1415/61/826
f 1415/61/826 1411/57/822 1416/62/827
f 1413/59/824 1415/61/826 1417/63/1005
f 1418/64/829 1419/65/830 1420/66/831
f 1418/64/829 1420/66/831 1421/67/832
f 1422/68/833 1418/64/829 1421/67/832
f 1422/68/833 1423/69/1006 1418/64/829
f 1424/70/835 1421/67/832 1420/66/831
f 1422/68/833 1421/67/832 1424/70/835
f 1424/70/835 1420/66/831 1425/71/836
f 1422/68/833 1424/70/835 1426/72/837
f 1427/19/558 1428/20/559 1429/21/560
f 1427/19/558 1429/21/560 1430/22/561
f 1431/23/562 1427/19/558 1430/22/561
f 1431/23/562 1432/24/563 1427/19/558
f 1433/25/564 1430/22/561 1429/21/560
f 1431/23/562 1430/22/561 1433/25/564
f 1433/25/564 1429/21/560 1434/26/565
f 1431/23/562 1433/25/564 1435/27/566
f 1436/19/838 1437/20/839 1438/21/840
f 1436/19/838 1438/21/840 1439/22/841
f 1440/23/842 1436/19/838 1439/22/841
f 1440/23/842 1441/24/1007 1436/19/838
f 1442/25/844 1439/22/841 1438/21/840
f 1440/23/842 1439/22/841 1442/25/844
f 1442/25/844 1438/21/840 1443/26/845
f 1440/23/842 1442/25/844 1444/27/846
f 1445/29/847 1446/30/848 1447/31/849
f 1445/29/847 1447/31/849 1448/28/850
f 1448/28/850 1447/31/849 1449/32/851
f 1448/28/850 1449/32/851 1450/33/852
f 1451/34/853 1448/28/850 1450/33/852
f 1451/34/853 1452/35/854 1448/28/850
f 1452/35/854 1445/29/847 1448/28/850
f 1452/35/854 1453/36/855 1445/29/847
f 1454/84/856 1455/85/857 1456/82/858
f 1454/84/856 1456/82/858 1457/83/859
f 1457/83/859 1456/82/858 1458/86/860
f 1457/83/859 1458/86/860 1459/87/861
f 1457/83/859 1459/87/861 1460/88/875
f 1457/83/859 1460/88/875 1461/89/863
f 1454/84/856 1457/83/859 1461/89/863
f 1454/84/856 1461/89/863 1462/90/864
f 1463/84/865 1464/85/866 1465/82/867
f 1463/84/865 1465/82/867 1466/83/868
f 1466/83/868 1465/82/867 1467/86/869
f 1466/83/868 1467/86/869 1468/87/870
f 1466/83/868 1468/87/870 1469/88/871
f 1466/83/868 1469/88/871 1470/89/872
f 1463/84/865 1466/83/868 1470/89/872
f 1463/84/865 1470/89/872 1471/90/873
f 1472/84/874 1473/85/866 1474/82/867
f 1472/84/874 1474/82/867 1475/83/868
f 1475/83/868 1474/82/867 1476/86/869
f 1475/83/868 1476/86/869 1477/87/870
f 1475/83/868 1477/87/870 1478/88/871
f 1475/83/868 1478/88/871 1479/89/872
f 1472/84/874 1475/83/868 1479/89/872
f 1472/84/874 1479/89/872 1480/90/1008
f 1481/84/856 1482/85/857 1483/82/858
f 1481/84/856 1483/82/858 1484/83/859
f 1484/83/859 1483/82/858 1485/86/860
f 1484/83/859 1485/86/860 1486/87/861
f 1484/83/859 1486/87/861 1487/88/875
f 1484/83/859 1487/88/875 1488/89/876
f 1481/84/856 1484/83/859 1488/89/876
f 1481/84/856 1488/89/876 1489/90/864
f 1490/84/877 1491/85/878 1492/82/879
f 1490/84/877 1492/82/879 1493/83/880
f 1493/83/880 1492/82/879 1494/86/881
f 1493/83/880 1494/86/881 1495/87/882
f 1493/83/880 1495/87/882 1496/88/883
f 1493/83/880 1496/88/883 1497/89/884
f 1490/84/877 1493/83/880 1497/89/884
f 1490/84/877 1497/89/884 1498/90/885
f 1499/57/886 1500/58/887 1501/55/888
f 1499/57/886 1501/55/888 1502/56/889
f 1503/62/890 1500/58/887 1499/57/886
f 1503/62/890 1504/61/891 1500/58/887
f 1501/55/888 1500/58/887 1505/59/892
f 1504/61/891 1505/59/892 1500/58/887
f 1501/55/888 1505/59/892 1506/60/893
f 1504/61/891 1507/63/894 1505/59/892
f 1508/19/895 1509/20/1009 1510/21/897
f 1508/19/895 1510/21/897 1511/22/898
f 1512/23/899 1508/19/895 1511/22/898
f 1512/23/899 1513/24/900 1508/19/895
f 1514/25/901 1511/22/898 1510/21/897
f 1512/23/899 1511/22/898 1514/25/901
f 1514/25/901 1510/21/897 1515/26/1010
f 1512/23/899 1514/25/901 1516/27/903
f 1517/19/904 1518/20/905 1519/21/906
f 1517/19/904 1519/21/906 1520/22/907
f 1520/22/907 1519/21/906 1521/26/908
f 1520/22/907 1521/26/908 1522/25/909
f 1523/23/910 1517/19/904 1520/22/907
f 1523/23/910 1520/22/907 1522/25/909
f 1523/23/910 1524/24/911 1517/19/904
f 1523/23/910 1522/25/909 1525/27/912
f 1526/19/913 1527/20/914 1528/21/915
f 1526/19/913 1528/21/915 1529/22/916
f 1530/23/917 1526/19/913 1529/22/916
f 1530/23/917 1531/24/918 1526/19/913
f 1532/25/919 1529/22/916 1528/21/915
f 1530/23/917 1529/22/916 1532/25/919
f 1532/25/919 1528/21/915 1533/26/920
f 1530/23/917 1532/25/919 1534/27/921
f 1535/73/922 1536/74/923 1537/75/924
f 1535/73/922 1537/75/924 1538/76/925
f 1535/73/922 1539/77/926 1536/74/923
f 1535/73/922 1540/78/927 1539/77/926
f 1537/75/924 1536/74/923 1541/79/928
f 1539/77/926 1541/79/928 1536/74/923
f 1537/75/924 1541/79/928 1542/80/929
f 1539/77/926 1543/81/1011 1541/79/928
f 1544/100/931 1545/101/932 1546/102/933
f 1544/100/931 1546/102/933 1547/103/1012
f 1545/101/932 1544/100/931 1548/104/935
f 1545/101/932 1548/104/935 1549/105/936
f 1548/104/935 1550/106/937 1549/105/936
f 1551/107/938 1552/108/939 1553/109/940
f 1551/107/938 1553/109/940 1554/110/941
f 1555/111/942 1554/110/941 1553/109/940
f 1555/111/942 1556/112/943 1554/110/941
f 1555/111/942 1557/113/944 1556/112/943
f 1555/111/942 1558/114/945 1557/113/944
f 1559/115/946 1557/113/944 1558/114/945
f 1559/115/946 1560/116/947 1557/113/944
f 1561/117/948 1562/118/949 1563/107/950
f 1561/117/948 1563/107/950 1564/119/951
f 1565/109/952 1562/118/949 1561/117/948
f 1565/109/952 1566/110/953 1562/118/949
f 1567/120/954 1566/110/953 1565/109/952
f 1567/120/954 1568/121/1013 1566/110/953
f 1567/120/954 1569/116/956 1568/121/1013
f 1567/120/954 1570/115/1014 1569/116/956
f 1571/103/958 1572/122/959 1573/123/960
f 1571/103/958 1573/123/960 1574/102/961
f 1572/122/959 1575/107/962 1573/123/960
f 1572/122/959 1576/124/963 1575/107/962
f 1575/107/962 1576/124/963 1577/117/964
f 1575/107/962 1577/117/964 1578/118/965
f 1577/117/964 1579/125/966 1578/118/965
f 1577/117/964 1580/126/967 1579/125/966
f 1581/127/968 1579/125/966 1580/126/967
f 1582/103/969 1583/102/970 1584/123/1015
f 1582/103/969 1584/123/1015 1585/122/972
f 1585/122/972 1584/123/1015 1586/107/973
f 1585/122/972 1586/107/973 1587/124/974
f 1588/118/975 1587/124/974 1586/107/973
f 1588/118/975 1589/117/976 1587/124/974
f 1589/117/976 1588/118/975 1590/128/977
f 1591/129/978 1592/130/979 1593/131/980
f 1593/131/980 1594/132/981 1591/129/978
f 1592/130/979 1595/133/982 1593/131/980
f 1592/130/979 1596/134/983 1595/133/982
f 1596/134/983 1597/135/984 1595/133/982
f 1592/130/979 1598/136/985 1596/134/983
f 1592/130/979 1599/137/986 1598/136/985
f 1600/1/1 1601/2/2 1602/3/3
f 1600/1/1 1602/3/3 1603/4/4
f 1604/5/5 1601/2/2 1600/1/1
f 1604/5/5 1605/6/6 1601/2/2
f 1601/2/2 1605/6/6 1606/7/7
f 1601/2/2 1606/7/7 1607/8/8
f 1602/3/3 1601/2/2 1607/8/8
f 1602/3/3 1607/8/8 1608/9/9
f 1609/10/10 1610/11/11 1611/12/12
f 1609/10/10 1611/12/12 1612/13/13
f 1613/14/14 1609/10/10 1612/13/13
f 1613/14/14 1612/13/13 1614/15/15
f 1615/16/16 1614/15/15 1612/13/13
f 1615/16/16 1612/13/13 1616/17/17
f 1616/17/17 1612/13/13 1611/12/12
f 1616/17/17 1611/12/12 1617/18/1016
f 1618/19/19 1619/20/20 1620/21/21
f 1618/19/19 1620/21/21 1621/22/22
f 1622/23/1017 1618/19/19 1621/22/22
f 1622/23/1017 1623/24/24 1618/19/19
f 1624/25/25 1621/22/22 1620/21/21
f 1622/23/1017 1621/22/22 1624/25/25
f 1624/25/25 1620/21/21 1625/26/26
f 1622/23/1017 1624/25/25 1626/27/27
f 1627/19/28 1628/20/1018 1629/21/30
f 1627/19/28 1629/21/30 1630/22/31
f 1631/23/32 1627/19/28 1630/22/31
f 1631/23/32 1632/24/33 1627/19/28
f 1633/25/34 1630/22/31 1629/21/30
f 1631/23/32 1630/22/31 1633/25/34
f 1633/25/34 1629/21/30 1634/26/35
f 1631/23/32 1633/25/34 1635/27/36
f 1636/28/37 1637/29/38 1638/30/39
f 1636/28/37 1638/30/39 1639/31/40
f 1636/28/37 1639/31/40 1640/32/41
f 1636/28/37 1640/32/41 1641/33/42
f 1642/34/43 1636/28/37 1641/33/42
f 1642/34/43 1643/35/44 1636/28/37
f 1643/35/44 1637/29/38 1636/28/37
f 1643/35/44 1644/36/45 1637/29/38
f 1645/1/46 1646/2/47 1647/3/48
f 1645/1/46 1647/3/48 1648/4/49
f 1649/5/50 1646/2/47 1645/1/46
f 1649/5/50 1650/6/51 1646/2/47
f 1647/3/48 1646/2/47 1651/8/52
f 1650/6/51 1651/8/52 1646/2/47
f 1647/3/48 1651/8/52 1652/9/53
f 1650/6/51 1653/7/54 1651/8/52
f 1654/37/55 1655/38/56 1656/39/57
f 1657/40/58 1658/41/59 1654/37/55
f 1657/40/58 1654/37/55 1659/42/60
f 1654/37/55 1656/39/57 1659/42/60
f 1660/43/61 1657/40/58 1659/42/60
f 1660/43/61 1659/42/60 1661/44/62
f 1661/44/62 1659/42/60 1656/39/57
f 1661/44/62 1656/39/57 1662/45/63
f 1663/19/64 1664/20/65 1665/21/66
f 1663/19/64 1665/21/66 1666/22/67
f 1667/23/68 1663/19/64 1666/22/67
f 1667/23/68 1668/24/69 1663/19/64
f 1669/25/70 1666/22/67 1665/21/66
f 1667/23/68 1666/22/67 1669/25/70
f 1669/25/70 1665/21/66 1670/26/71
f 1667/23/68 1669/25/70 1671/27/72
f 1672/46/73 1673/47/74 1674/48/1019
f 1672/46/73 1674/48/1019 1675/49/76
f 1673/47/74 1676/50/77 1674/48/1019
f 1673/47/74 1677/51/78 1676/50/77
f 1674/48/1019 1676/50/77 1678/52/79
f 1674/48/1019 1678/52/79 1679/53/80
f 1675/49/76 1674/48/1019 1679/53/80
f 1675/49/76 1679/53/80 1680/54/81
f 1681/55/82 1682/56/83 1683/57/84
f 1681/55/82 1683/57/84 1684/58/85
f 1685/59/86 1681/55/82 1684/58/85
f 1685/59/86 1686/60/87 1681/55/82
f 1687/61/88 1684/58/85 1683/57/84
f 1685/59/86 1684/58/85 1687/61/88
f 1687/61/88 1683/57/84 1688/62/89
f 1685/59/86 1687/61/88 1689/63/90
f 1690/55/91 1691/56/92 1692/57/93
f 1690/55/91 1692/57/93 1693/58/94
f 1694/59/95 1690/55/91 1693/58/94
f 1694/59/95 1695/60/96 1690/55/91
f 1696/61/97 1693/58/94 1692/57/93
f 1694/59/95 1693/58/94 1696/61/97
f 1696/61/97 1692/57/93 1697/62/98
f 1694/59/95 1696/61/97 1698/63/99
f 1699/19/100 1700/20/101 1701/21/102
f 1699/19/100 1701/21/102 1702/22/103
f 1703/23/104 1699/19/100 1702/22/103
f 1703/23/104 1704/24/105 1699/19/100
f 1705/25/106 1702/22/103 1701/21/102
f 1703/23/104 1702/22/103 1705/25/106
f 1705/25/106 1701/21/102 1706/26/107
f 1703/23/104 1705/25/106 1707/27/108
f 1708/55/109 1709/56/172 1710/57/111
f 1708/55/109 1710/57/111 1711/58/112
f 1712/59/113 1708/55/109 1711/58/112
f 1712/59/113 1713/60/114 1708/55/109
f 1714/61/115 1711/58/112 1710/57/111
f 1712/59/113 1711/58/112 1714/61/115
f 1714/61/115 1710/57/111 1715/62/116
f 1712/59/113 1714/61/115 1716/63/117
f 1717/37/118 1718/38/119 1719/39/120
f 1720/40/121 1721/41/122 1717/37/118
f 1720/40/121 1717/37/118 1722/42/123
f 1717/37/118 1719/39/120 1722/42/123
f 1723/43/124 1720/40/121 1722/42/123
f 1723/43/124 1722/42/123 1724/44/125
f 1724/44/125 1722/42/123 1719/39/120
f 1724/44/125 1719/39/120 1725/45/126
f 1726/1/127 1727/2/128 1728/3/129
f 1726/1/127 1728/3/129 1729/4/130
f 1726/1/127 1730/6/131 1727/2/128
f 1726/1/127 1731/5/132 1730/6/131
f 1728/3/129 1727/2/128 1732/8/133
f 1730/6/131 1732/8/133 1727/2/128
f 1728/3/129 1732/8/133 1733/9/134
f 1730/6/131 1734/7/135 1732/8/133
f 1735/64/136 1736/65/137 1737/66/138
f 1735/64/136 1737/66/138 1738/67/139
f 1739/68/140 1735/64/136 1738/67/139
f 1739/68/140 1740/69/141 1735/64/136
f 1741/70/142 1738/67/139 1737/66/138
f 1739/68/140 1738/67/139 1741/70/142
f 1741/70/142 1737/66/138 1742/71/143
f 1739/68/140 1741/70/142 1743/72/1020
f 1744/73/145 1745/74/146 1746/75/147
f 1744/73/145 1746/75/147 1747/76/148
f 1744/73/145 1748/77/149 1745/74/146
f 1744/73/145 1749/78/150 1748/77/149
f 1746/75/147 1745/74/146 1750/79/151
f 1748/77/149 1750/79/151 1745/74/146
f 1746/75/147 1750/79/151 1751/80/152
f 1748/77/149 1752/81/153 1750/79/151
f 1753/55/154 1754/56/155 1755/57/156
f 1753/55/154 1755/57/156 1756/58/1021
f 1757/59/158 1753/55/154 1756/58/1021
f 1757/59/158 1758/60/159 1753/55/154
f 1759/61/160 1756/58/1021 1755/57/156
f 1757/59/158 1756/58/1021 1759/61/160
f 1759/61/160 1755/57/156 1760/62/161
f 1757/59/158 1759/61/160 1761/63/162
f 1762/3/163 1763/2/164 1764/1/165
f 1762/3/163 1764/1/165 1765/4/166
f 1763/2/164 1766/5/167 1764/1/165
f 1763/2/164 1767/6/168 1766/5/167
f 1763/2/164 1768/7/169 1767/6/168
f 1763/2/164 1769/8/170 1768/7/169
f 1762/3/163 1769/8/170 1763/2/164
f 1762/3/163 1770/9/171 1769/8/170
f 1771/55/109 1772/56/172 1773/57/111
f 1771/55/109 1773/57/111 1774/58/112
f 1775/59/113 1771/55/109 1774/58/112
f 1775/59/113 1776/60/114 1771/55/109
f 1777/61/115 1774/58/112 1773/57/111
f 1775/59/113 1774/58/112 1777/61/115
f 1777/61/115 1773/57/111 1778/62/116
f 1775/59/113 1777/61/115 1779/63/117
f 1780/55/1022 1781/56/174 1782/57/175
f 1780/55/1022 1782/57/175 1783/58/176
f 1784/59/177 1780/55/1022 1783/58/176
f 1784/59/177 1785/60/178 1780/55/1022
f 1786/61/179 1783/58/176 1782/57/175
f 1784/59/177 1783/58/176 1786/61/179
f 1786/61/179 1782/57/175 1787/62/180
f 1784/59/177 1786/61/179 1788/63/181
f 1789/55/109 1790/56/172 1791/57/111
f 1789/55/109 1791/57/111 1792/58/112
f 1793/59/113 1789/55/109 1792/58/112
f 1793/59/113 1794/60/114 1789/55/109
f 1795/61/115 1792/58/112 1791/57/111
f 1793/59/113 1792/58/112 1795/61/115
f 1795/61/115 1791/57/111 1796/62/182
f 1793/59/113 1795/61/115 1797/63/117
f 1798/1/183 1799/2/184 1800/3/185
f 1798/1/183 1800/3/185 1801/4/186
f 1802/5/187 1799/2/184 1798/1/183
f 1802/5/187 1803/6/188 1799/2/184
f 1800/3/185 1799/2/184 1804/8/189
f 1803/6/188 1804/8/189 1799/2/184
f 1800/3/185 1804/8/189 1805/9/190
f 1803/6/188 1806/7/191 1804/8/189
f 1807/19/192 1808/20/193 1809/21/194
f 1807/19/192 1809/21/194 1810/22/195
f 1811/23/196 1807/19/192 1810/22/195
f 1811/23/196 1812/24/197 1807/19/192
f 1813/25/198 1810/22/195 1809/21/194
f 1811/23/196 1810/22/195 1813/25/198
f 1813/25/198 1809/21/194 1814/26/199
f 1811/23/196 1813/25/198 1815/27/200
f 1816/46/201 1817/47/202 1818/48/203
f 1816/46/201 1818/48/203 1819/49/204
f 1817/47/202 1820/50/205 1818/48/203
f 1817/47/202 1821/51/206 1820/50/205
f 1818/48/203 1820/50/205 1822/52/207
f 1818/48/203 1822/52/207 1823/53/208
f 1819/49/204 1818/48/203 1823/53/208
f 1819/49/204 1823/53/208 1824/54/209
f 1825/82/210 1826/83/211 1827/84/212
f 1825/82/210 1827/84/212 1828/85/213
f 1829/86/214 1826/83/211 1825/82/210
f 1829/86/214 1830/87/215 1826/83/211
f 1826/83/211 1830/87/215 1831/88/216
f 1826/83/211 1831/88/216 1832/89/1023
f 1827/84/212 1826/83/211 1832/89/1023
f 1827/84/212 1832/89/1023 1833/90/218
f 1834/47/219 1835/48/220 1836/49/221
f 1834/47/219 1836/49/221 1837/46/222
f 1834/47/219 1838/50/223 1835/48/220
f 1834/47/219 1839/51/224 1838/50/223
f 1835/48/220 1838/50/223 1840/52/225
f 1835/48/220 1840/52/225 1841/53/226
f 1836/49/221 1835/48/220 1841/53/226
f 1836/49/221 1841/53/226 1842/54/227
f 1843/28/228 1844/29/229 1845/30/230
f 1843/28/228 1845/30/230 1846/31/231
f 1843/28/228 1846/31/231 1847/32/232
f 1843/28/228 1847/32/232 1848/33/233
f 1849/34/234 1843/28/228 1848/33/233
f 1849/34/234 1850/35/235 1843/28/228
f 1850/35/235 1844/29/229 1843/28/228
f 1850/35/235 1851/36/236 1844/29/229
f 1852/73/237 1853/74/238 1854/75/239
f 1852/73/237 1854/75/239 1855/76/240
f 1852/73/237 1856/77/241 1853/74/238
f 1852/73/237 1857/78/242 1856/77/241
f 1854/75/239 1853/74/238 1858/79/1024
f 1856/77/241 1858/79/1024 1853/74/238
f 1854/75/239 1858/79/1024 1859/80/244
f 1856/77/241 1860/81/245 1858/79/1024
f 1861/57/246 1862/56/247 1863/55/248
f 1861/57/246 1863/55/248 1864/58/249
f 1864/58/249 1863/55/248 1865/60/250
f 1864/58/249 1865/60/250 1866/59/251
f 1867/61/252 1861/57/246 1864/58/249
f 1867/61/252 1864/58/249 1866/59/251
f 1867/61/252 1868/62/253 1861/57/246
f 1867/61/252 1866/59/251 1869/63/254
f 1870/55/255 1871/56/256 1872/57/257
f 1870/55/255 1872/57/257 1873/58/258
f 1874/59/259 1870/55/255 1873/58/258
f 1874/59/259 1875/60/260 1870/55/255
f 1876/61/261 1873/58/258 1872/57/257
f 1874/59/259 1873/58/258 1876/61/261
f 1876/61/261 1872/57/257 1877/62/262
f 1874/59/259 1876/61/261 1878/63/263
f 1879/10/264 1880/11/265 1881/12/266
f 1879/10/264 1881/12/266 1882/13/267
f 1883/14/268 1879/10/264 1882/13/267
f 1883/14/268 1882/13/267 1884/15/269
f 1885/16/270 1884/15/269 1882/13/267
f 1885/16/270 1882/13/267 1886/17/271
f 1886/17/271 1882/13/267 1881/12/266
f 1886/17/271 1881/12/266 1887/18/272
f 1888/91/273 1889/92/274 1890/93/275
f 1888/91/273 1890/93/275 1891/94/276
f 1892/95/277 1888/91/273 1891/94/276
f 1892/95/277 1893/96/278 1888/91/273
f 1894/97/279 1891/94/276 1890/93/275
f 1892/95/277 1891/94/276 1894/97/279
f 1894/97/279 1890/93/275 1895/98/280
f 1892/95/277 1894/97/279 1896/99/281
f 1897/28/282 1898/29/283 1899/30/284
f 1897/28/282 1899/30/284 1900/31/285
f 1897/28/282 1900/31/285 1901/32/286
f 1897/28/282 1901/32/286 1902/33/287
f 1903/34/288 1897/28/282 1902/33/287
f 1903/34/288 1904/35/289 1897/28/282
f 1904/35/289 1898/29/283 1897/28/282
f 1904/35/289 1905/36/290 1898/29/283
f 1906/1/291 1907/2/292 1908/3/293
f 1906/1/291 1908/3/293 1909/4/294
f 1910/5/295 1907/2/292 1906/1/291
f 1910/5/295 1911/6/296 1907/2/292
f 1907/2/292 1911/6/296 1912/7/297
f 1907/2/292 1912/7/297 1913/8/298
f 1908/3/293 1907/2/292 1913/8/298
f 1908/3/293 1913/8/298 1914/9/299
f 1915/1/300 1916/2/301 1917/3/302
f 1915/1/300 1917/3/302 1918/4/303
f 1919/5/304 1916/2/301 1915/1/300
f 1919/5/304 1920/6/305 1916/2/301
f 1917/3/302 1916/2/301 1921/8/306
f 1920/6/305 1921/8/306 1916/2/301
f 1917/3/302 1921/8/306 1922/9/307
f 1920/6/305 1923/7/308 1921/8/306
f 1924/55/309 1925/56/310 1926/57/311
f 1924/55/309 1926/57/311 1927/58/312
f 1928/59/313 1924/55/309 1927/58/312
f 1928/59/313 1929/60/314 1924/55/309
f 1930/61/315 1927/58/312 1926/57/311
f 1928/59/313 1927/58/312 1930/61/315
f 1930/61/315 1926/57/311 1931/62/316
f 1928/59/313 1930/61/315 1932/63/317
f 1933/55/318 1934/56/319 1935/57/320
f 1933/55/318 1935/57/320 1936/58/321
f 1937/59/322 1933/55/318 1936/58/321
f 1937/59/322 1938/60/323 1933/55/318
f 1939/61/324 1936/58/321 1935/57/320
f 1937/59/322 1936/58/321 1939/61/324
f 1939/61/324 1935/57/320 1940/62/325
f 1937/59/322 1939/61/324 1941/63/326
f 1942/55/327 1943/56/328 1944/57/329
f 1942/55/327 1944/57/329 1945/58/330
f 1946/59/331 1942/55/327 1945/58/330
f 1946/59/331 1947/60/332 1942/55/327
f 1948/61/333 1945/58/330 1944/57/329
f 1946/59/331 1945/58/330 1948/61/333
f 1948/61/333 1944/57/329 1949/62/334
f 1946/59/331 1948/61/333 1950/63/335
f 1951/64/336 1952/65/337 1953/66/338
f 1951/64/336 1953/66/338 1954/67/339
f 1955/68/340 1951/64/336 1954/67/339
f 1955/68/340 1956/69/1025 1951/64/336
f 1957/70/342 1954/67/339 1953/66/338
f 1955/68/340 1954/67/339 1957/70/342
f 1957/70/342 1953/66/338 1958/71/343
f 1955/68/340 1957/70/342 1959/72/344
f 1960/19/64 1961/20/65 1962/21/66
f 1960/19/64 1962/21/66 1963/22/67
f 1964/23/68 1960/19/64 1963/22/67
f 1964/23/68 1965/24/69 1960/19/64
f 1966/25/70 1963/22/67 1962/21/66
f 1964/23/68 1963/22/67 1966/25/70
f 1966/25/70 1962/21/66 1967/26/71
f 1964/23/68 1966/25/70 1968/27/72
f 1969/19/345 1970/20/346 1971/21/347
f 1969/19/345 1971/21/347 1972/22/348
f 1973/23/1026 1969/19/345 1972/22/348
f 1973/23/1026 1974/24/350 1969/19/345
f 1975/25/351 1972/22/348 1971/21/347
f 1973/23/1026 1972/22/348 1975/25/351
f 1975/25/351 1971/21/347 1976/26/352
f 1973/23/1026 1975/25/351 1977/27/353
f 1978/29/354 1979/30/355 1980/31/356
f 1978/29/354 1980/31/356 1981/28/357
f 1981/28/357 1980/31/356 1982/32/358
f 1981/28/357 1982/32/358 1983/33/359
f 1984/34/360 1981/28/357 1983/33/359
f 1984/34/360 1985/35/361 1981/28/357
f 1985/35/361 1978/29/354 1981/28/357
f 1985/35/361 1986/36/362 1978/29/354
f 1987/84/363 1988/85/364 1989/82/365
f 1987/84/363 1989/82/365 1990/83/366
f 1990/83/366 1989/82/365 1991/86/367
f 1990/83/366 1991/86/367 1992/87/368
f 1990/83/366 1992/87/368 1993/88/369
f 1990/83/366 1993/88/369 1994/89/384
f 1987/84/363 1990/83/366 1994/89/384
f 1987/84/363 1994/89/384 1995/90/371
f 1996/84/372 1997/85/373 1998/82/374
f 1996/84/372 1998/82/374 1999/83/375
f 1999/83/375 1998/82/374 2000/86/376
f 1999/83/375 2000/86/376 2001/87/377
f 1999/83/375 2001/87/377 2002/88/378
f 1999/83/375 2002/88/378 2003/89/379
f 1996/84/372 1999/83/375 2003/89/379
f 1996/84/372 2003/89/379 2004/90/380
f 2005/84/372 2006/85/373 2007/82/374
f 2005/84/372 2007/82/374 2008/83/375
f 2008/83/375 2007/82/374 2009/86/376
f 2008/83/375 2009/86/376 2010/87/377
f 2008/83/375 2010/87/377 2011/88/378
f 2008/83/375 2011/88/378 2012/89/379
f 2005/84/372 2008/83/375 2012/89/379
f 2005/84/372 2012/89/379 2013/90/1027
f 2014/84/363 2015/85/364 2016/82/365
f 2014/84/363 2016/82/365 2017/83/366
f 2017/83/366 2016/82/365 2018/86/367
f 2017/83/366 2018/86/367 2019/87/368
f 2017/83/366 2019/87/368 2020/88/369
f 2017/83/366 2020/88/369 2021/89/384
f 2014/84/363 2017/83/366 2021/89/384
f 2014/84/363 2021/89/384 2022/90/371
f 2023/84/385 2024/85/386 2025/82/387
f 2023/84/385 2025/82/387 2026/83/388
f 2026/83/388 2025/82/387 2027/86/389
f 2026/83/388 2027/86/389 2028/87/390
f 2026/83/388 2028/87/390 2029/88/391
f 2026/83/388 2029/88/391 2030/89/392
f 2023/84/385 2026/83/388 2030/89/392
f 2023/84/385 2030/89/392 2031/90/393
f 2032/57/1028 2033/58/1029 2034/55/396
f 2032/57/1028 2034/55/396 2035/56/397
f 2036/62/1030 2033/58/1029 2032/57/1028
f 2036/62/1030 2037/61/399 2033/58/1029
f 2034/55/396 2033/58/1029 2038/59/400
f 2037/61/399 2038/59/400 2033/58/1029
f 2034/55/396 2038/59/400 2039/60/401
f 2037/61/399 2040/63/402 2038/59/400
f 2041/19/403 2042/20/404 2043/21/405
f 2041/19/403 2043/21/405 2044/22/406
f 2045/23/407 2041/19/403 2044/22/406
f 2045/23/407 2046/24/408 2041/19/403
f 2047/25/409 2044/22/406 2043/21/405
f 2045/23/407 2044/22/406 2047/25/409
f 2047/25/409 2043/21/405 2048/26/410
f 2045/23/407 2047/25/409 2049/27/411
f 2050/19/412 2051/20/413 2052/21/414
f 2050/19/412 2052/21/414 2053/22/415
f 2053/22/415 2052/21/414 2054/26/416
f 2053/22/415 2054/26/416 2055/25/417
f 2056/23/418 2050/19/412 2053/22/415
f 2056/23/418 2053/22/415 2055/25/417
f 2056/23/418 2057/24/419 2050/19/412
f 2056/23/418 2055/25/417 2058/27/420
f 2059/19/421 2060/20/422 2061/21/423
f 2059/19/421 2061/21/423 2062/22/424
f 2063/23/425 2059/19/421 2062/22/424
f 2063/23/425 2064/24/426 2059/19/421
f 2065/25/427 2062/22/424 2061/21/423
f 2063/23/425 2062/22/424 2065/25/427
f 2065/25/427 2061/21/423 2066/26/428
f 2063/23/425 2065/25/427 2067/27/429
f 2068/73/430 2069/74/431 2070/75/432
f 2068/73/430 2070/75/432 2071/76/433
f 2068/73/430 2072/77/434 2069/74/431
f 2068/73/430 2073/78/435 2072/77/434
f 2070/75/432 2069/74/431 2074/79/436
f 2072/77/434 2074/79/436 2069/74/431
f 2070/75/432 2074/79/436 2075/80/437
f 2072/77/434 2076/81/1031 2074/79/436
f 2077/100/439 2078/101/440 2079/102/441
f 2077/100/439 2079/102/441 2080/103/1032
f 2078/101/440 2077/100/439 2081/104/443
f 2078/101/440 2081/104/443 2082/105/444
f 2081/104/443 2083/106/445 2082/105/444
f 2084/107/446 2085/108/447 2086/109/448
f 2084/107/446 2086/109/448 2087/110/449
f 2088/111/450 2087/110/449 2086/109/448
f 2088/111/450 2089/112/451 2087/110/449
f 2088/111/450 2090/113/452 2089/112/451
f 2088/111/450 2091/114/1033 2090/113/452
f 2092/115/454 2090/113/452 2091/114/1033
f 2092/115/454 2093/116/455 2090/113/452
f 2094/117/1034 2095/118/1035 2096/107/458
f 2094/117/1034 2096/107/458 2097/119/459
f 2098/109/460 2095/118/1035 2094/117/1034
f 2098/109/460 2099/110/461 2095/118/1035
f 2100/120/462 2099/110/461 2098/109/460
f 2100/120/462 2101/121/463 2099/110/461
f 2100/120/462 2102/116/464 2101/121/463
f 2100/120/462 2103/115/465 2102/116/464
f 2104/103/466 2105/122/467 2106/123/468
f 2104/103/466 2106/123/468 2107/102/469
f 2105/122/467 2108/107/470 2106/123/468
f 2105/122/467 2109/124/471 2108/107/470
f 2108/107/470 2109/124/471 2110/117/472
f 2108/107/470 2110/117/472 2111/118/473
f 2110/117/472 2112/125/474 2111/118/473
f 2110/117/472 2113/126/475 2112/125/474
f 2114/127/476 2112/125/474 2113/126/475
f 2115/103/477 2116/102/478 2117/123/479
f 2115/103/477 2117/123/479 2118/122/480
f 2118/122/480 2117/123/479 2119/107/481
f 2118/122/480 2119/107/481 2120/124/482
f 2121/118/483 2120/124/482 2119/107/481
f 2121/118/483 2122/117/484 2120/124/482
f 2122/117/484 2121/118/483 2123/128/1036
f 2124/129/486 2125/130/487 2126/131/488
f 2126/131/488 2127/132/489 2124/129/486
f 2125/130/487 2128/133/490 2126/131/488
f 2125/130/487 2129/134/491 2128/133/490
f 2129/134/491 2130/135/492 2128/133/490
f 2125/130/487 2131/136/493 2129/134/491
f 2125/130/487 2132/137/494 2131/136/493
f 2133/1/1037 2134/2/1038 2135/3/1039
f 2133/1/1037 2135/3/1039 2136/4/1040
f 2137/5/1041 2134/2/1038 2133/1/1037
f 2137/5/1041 2138/6/1042 2134/2/1038
f 2135/3/1039 2134/2/1038 2139/8/1043
f 2138/6/1042 2139/8/1043 2134/2/1038
f 2135/3/1039 2139/8/1043 2140/9/1044
f 2138/6/1042 2141/7/1045 2139/8/1043
f 2142/13/1046 2143/10/1047 2144/11/1048
f 2145/14/1049 2143/10/1047 2142/13/1046
f 2145/14/1049 2142/13/1046 2146/15/1050
f 2142/13/1046 2144/11/1048 2147/12/1051
f 2148/16/1052 2146/15/1050 2142/13/1046
f 2142/13/1046 2147/12/1051 2149/18/1053
f 2148/16/1052 2142/13/1046 2150/17/1054
f 2142/13/1046 2149/18/1053 2150/17/1054
f 2151/19/1055 2152/20/1056 2153/21/1057
f 2151/19/1055 2153/21/1057 2154/22/1058
f 2155/23/1059 2151/19/1055 2154/22/1058
f 2155/23/1059 2156/24/1060 2151/19/1055
f 2157/25/1061 2154/22/1058 2153/21/1057
f 2155/23/1059 2154/22/1058 2157/25/1061
f 2157/25/1061 2153/21/1057 2158/26/1062
f 2155/23/1059 2157/25/1061 2159/27/1063
f 2160/19/1064 2161/20/1065 2162/21/1066
f 2160/19/1064 2162/21/1066 2163/22/1067
f 2164/23/1068 2160/19/1064 2163/22/1067
f 2164/23/1068 2165/24/1069 2160/19/1064
f 2166/25/1070 2163/22/1067 2162/21/1066
f 2164/23/1068 2163/22/1067 2166/25/1070
f 2166/25/1070 2162/21/1066 2167/26/1071
f 2164/23/1068 2166/25/1070 2168/27/1072
f 2169/29/1073 2170/30/1074 2171/31/1075
f 2169/29/1073 2171/31/1075 2172/28/1076
f 2172/28/1076 2171/31/1075 2173/32/1077
f 2172/28/1076 2173/32/1077 2174/33/1078
f 2175/34/1079 2172/28/1076 2174/33/1078
f 2175/34/1079 2176/35/1080 2172/28/1076
f 2176/35/1080 2169/29/1073 2172/28/1076
f 2176/35/1080 2177/36/1081 2169/29/1073
f 2178/1/1082 2179/2/1083 2180/3/1084
f 2178/1/1082 2180/3/1084 2181/4/1085
f 2182/5/1086 2179/2/1083 2178/1/1082
f 2182/5/1086 2183/6/1087 2179/2/1083
f 2180/3/1084 2179/2/1083 2184/8/1088
f 2183/6/1087 2184/8/1088 2179/2/1083
f 2180/3/1084 2184/8/1088 2185/9/1089
f 2183/6/1087 2186/7/1090 2184/8/1088
f 2187/37/1091 2188/38/1092 2189/39/1093
f 2190/40/1094 2191/41/1095 2187/37/1091
f 2190/40/1094 2187/37/1091 2192/42/1096
f 2187/37/1091 2189/39/1093 2192/42/1096
f 2193/43/1097 2190/40/1094 2192/42/1096
f 2193/43/1097 2192/42/1096 2194/44/1098
f 2194/44/1098 2192/42/1096 2189/39/1093
f 2194/44/1098 2189/39/1093 2195/45/1099
f 2196/19/1100 2197/20/1101 2198/21/1102
f 2196/19/1100 2198/21/1102 2199/22/1103
f 2200/23/1104 2196/19/1100 2199/22/1103
f 2200/23/1104 2201/24/1105 2196/19/1100
f 2202/25/1106 2199/22/1103 2198/21/1102
f 2200/23/1104 2199/22/1103 2202/25/1106
f 2202/25/1106 2198/21/1102 2203/26/1107
f 2200/23/1104 2202/25/1106 2204/27/1108
f 2205/47/1109 2206/48/1110 2207/49/1111
f 2205/47/1109 2207/49/1111 2208/46/1112
f 2205/47/1109 2209/50/1113 2206/48/1110
f 2205/47/1109 2210/51/1114 2209/50/1113
f 2206/48/1110 2209/50/1113 2211/52/1115
f 2206/48/1110 2211/52/1115 2212/53/1116
f 2207/49/1111 2206/48/1110 2212/53/1116
f 2207/49/1111 2212/53/1116 2213/54/1117
f 2214/55/1118 2215/56/1119 2216/57/1120
f 2214/55/1118 2216/57/1120 2217/58/1121
f 2218/59/1122 2214/55/1118 2217/58/1121
f 2218/59/1122 2219/60/1123 2214/55/1118
f 2220/61/1124 2217/58/1121 2216/57/1120
f 2218/59/1122 2217/58/1121 2220/61/1124
f 2220/61/1124 2216/57/1120 2221/62/1125
f 2218/59/1122 2220/61/1124 2222/63/1126
f 2223/55/1127 2224/56/1128 2225/57/1129
f 2223/55/1127 2225/57/1129 2226/58/1130
f 2227/59/1131 2223/55/1127 2226/58/1130
f 2227/59/1131 2228/60/1132 2223/55/1127
f 2229/61/1133 2226/58/1130 2225/57/1129
f 2227/59/1131 2226/58/1130 2229/61/1133
f 2229/61/1133 2225/57/1129 2230/62/1134
f 2227/59/1131 2229/61/1133 2231/63/1135
f 2232/19/1136 2233/20/1137 2234/21/1138
f 2232/19/1136 2234/21/1138 2235/22/1139
f 2236/23/1140 2232/19/1136 2235/22/1139
f 2236/23/1140 2237/24/1141 2232/19/1136
f 2238/25/1142 2235/22/1139 2234/21/1138
f 2236/23/1140 2235/22/1139 2238/25/1142
f 2238/25/1142 2234/21/1138 2239/26/1143
f 2236/23/1140 2238/25/1142 2240/27/1144
f 2241/55/1145 2242/56/1146 2243/57/1147
f 2241/55/1145 2243/57/1147 2244/58/1148
f 2245/59/1149 2241/55/1145 2244/58/1148
f 2245/59/1149 2246/60/1150 2241/55/1145
f 2247/61/1151 2244/58/1148 2243/57/1147
f 2245/59/1149 2244/58/1148 2247/61/1151
f 2247/61/1151 2243/57/1147 2248/62/1152
f 2245/59/1149 2247/61/1151 2249/63/1153
f 2250/37/1154 2251/38/1155 2252/39/1156
f 2253/40/1157 2254/41/1158 2250/37/1154
f 2253/40/1157 2250/37/1154 2255/42/1159
f 2250/37/1154 2252/39/1156 2255/42/1159
f 2256/43/1160 2253/40/1157 2255/42/1159
f 2256/43/1160 2255/42/1159 2257/44/1161
f 2257/44/1161 2255/42/1159 2252/39/1156
f 2257/44/1161 2252/39/1156 2258/45/1162
f 2259/1/1163 2260/2/1164 2261/3/1165
f 2259/1/1163 2261/3/1165 2262/4/1166
f 2259/1/1163 2263/6/1167 2260/2/1164
f 2259/1/1163 2264/5/1168 2263/6/1167
f 2261/3/1165 2260/2/1164 2265/8/1169
f 2263/6/1167 2265/8/1169 2260/2/1164
f 2261/3/1165 2265/8/1169 2266/9/1170
f 2263/6/1167 2267/7/1171 2265/8/1169
f 2268/64/1172 2269/65/1173 2270/66/1174
f 2268/64/1172 2270/66/1174 2271/67/1175
f 2272/68/1176 2268/64/1172 2271/67/1175
f 2272/68/1176 2273/69/1177 2268/64/1172
f 2274/70/1178 2271/67/1175 2270/66/1174
f 2272/68/1176 2271/67/1175 2274/70/1178
f 2274/70/1178 2270/66/1174 2275/71/1179
f 2272/68/1176 2274/70/1178 2276/72/1180
f 2277/73/1181 2278/74/1182 2279/75/1183
f 2277/73/1181 2279/75/1183 2280/76/1184
f 2277/73/1181 2281/77/1185 2278/74/1182
f 2277/73/1181 2282/78/1186 2281/77/1185
f 2279/75/1183 2278/74/1182 2283/79/1187
f 2281/77/1185 2283/79/1187 2278/74/1182
f 2279/75/1183 2283/79/1187 2284/80/1188
f 2281/77/1185 2285/81/1189 2283/79/1187
f 2286/55/1190 2287/56/1191 2288/57/1192
f 2286/55/1190 2288/57/1192 2289/58/1193
f 2290/59/1194 2286/55/1190 2289/58/1193
f 2290/59/1194 2291/60/1195 2286/55/1190
f 2292/61/1196 2289/58/1193 2288/57/1192
f 2290/59/1194 2289/58/1193 2292/61/1196
f 2292/61/1196 2288/57/1192 2293/62/1197
f 2290/59/1194 2292/61/1196 2294/63/1198
f 2295/3/1199 2296/2/1200 2297/1/1201
f 2295/3/1199 2297/1/1201 2298/4/1202
f 2296/2/1200 2299/5/1203 2297/1/1201
f 2296/2/1200 2300/6/1204 2299/5/1203
f 2296/2/1200 2301/7/1205 2300/6/1204
f 2296/2/1200 2302/8/1206 2301/7/1205
f 2295/3/1199 2302/8/1206 2296/2/1200
f 2295/3/1199 2303/9/1207 2302/8/1206
f 2304/55/1145 2305/56/1146 2306/57/1208
f 2304/55/1145 2306/57/1208 2307/58/1148
f 2308/59/1149 2304/55/1145 2307/58/1148
f 2308/59/1149 2309/60/1150 2304/55/1145
f 2310/61/1151 2307/58/1148 2306/57/1208
f 2308/59/1149 2307/58/1148 2310/61/1151
f 2310/61/1151 2306/57/1208 2311/62/1152
f 2308/59/1149 2310/61/1151 2312/63/1153
f 2313/55/1209 2314/56/1210 2315/57/1211
f 2313/55/1209 2315/57/1211 2316/58/1212
f 2317/59/1213 2313/55/1209 2316/58/1212
f 2317/59/1213 2318/60/1214 2313/55/1209
f 2319/61/1215 2316/58/1212 2315/57/1211
f 2317/59/1213 2316/58/1212 2319/61/1215
f 2319/61/1215 2315/57/1211 2320/62/1216
f 2317/59/1213 2319/61/1215 2321/63/1217
f 2322/55/1145 2323/56/1146 2324/57/1208
f 2322/55/1145 2324/57/1208 2325/58/1148
f 2326/59/1149 2322/55/1145 2325/58/1148
f 2326/59/1149 2327/60/1150 2322/55/1145
f 2328/61/1151 2325/58/1148 2324/57/1208
f 2326/59/1149 2325/58/1148 2328/61/1151
f 2328/61/1151 2324/57/1208 2329/62/1218
f 2326/59/1149 2328/61/1151 2330/63/1153
f 2331/1/1219 2332/2/1220 2333/3/1221
f 2331/1/1219 2333/3/1221 2334/4/1222
f 2335/5/1223 2332/2/1220 2331/1/1219
f 2335/5/1223 2336/6/1224 2332/2/1220
f 2333/3/1221 2332/2/1220 2337/8/1225
f 2336/6/1224 2337/8/1225 2332/2/1220
f 2333/3/1221 2337/8/1225 2338/9/1226
f 2336/6/1224 2339/7/1227 2337/8/1225
f 2340/19/1228 2341/20/1229 2342/21/1230
f 2340/19/1228 2342/21/1230 2343/22/1231
f 2344/23/1232 2340/19/1228 2343/22/1231
f 2344/23/1232 2345/24/1233 2340/19/1228
f 2346/25/1234 2343/22/1231 2342/21/1230
f 2344/23/1232 2343/22/1231 2346/25/1234
f 2346/25/1234 2342/21/1230 2347/26/1235
f 2344/23/1232 2346/25/1234 2348/27/1236
f 2349/64/1237 2350/65/1238 2351/66/1239
f 2349/64/1237 2351/66/1239 2352/67/1240
f 2353/68/1241 2349/64/1237 2352/67/1240
f 2353/68/1241 2354/69/1242 2349/64/1237
f 2355/70/1243 2352/67/1240 2351/66/1239
f 2353/68/1241 2352/67/1240 2355/70/1243
f 2355/70/1243 2351/66/1239 2356/71/1244
f 2353/68/1241 2355/70/1243 2357/72/1245
f 2358/46/1246 2359/47/1247 2360/48/1248
f 2358/46/1246 2360/48/1248 2361/49/1249
f 2359/47/1247 2362/50/1250 2360/48/1248
f 2359/47/1247 2363/51/1251 2362/50/1250
f 2360/48/1248 2362/50/1250 2364/52/1252
f 2360/48/1248 2364/52/1252 2365/53/1253
f 2361/49/1249 2360/48/1248 2365/53/1253
f 2361/49/1249 2365/53/1253 2366/54/1254
f 2367/82/1255 2368/83/1256 2369/84/1257
f 2367/82/1255 2369/84/1257 2370/85/1258
f 2371/86/1259 2368/83/1256 2367/82/1255
f 2371/86/1259 2372/87/1260 2368/83/1256
f 2368/83/1256 2372/87/1260 2373/88/1261
f 2368/83/1256 2373/88/1261 2374/89/1262
f 2369/84/1257 2368/83/1256 2374/89/1262
f 2369/84/1257 2374/89/1262 2375/90/1263
f 2376/47/1264 2377/48/1265 2378/49/1266
f 2376/47/1264 2378/49/1266 2379/46/1267
f 2376/47/1264 2380/50/1268 2377/48/1265
f 2376/47/1264 2381/51/1269 2380/50/1268
f 2377/48/1265 2380/50/1268 2382/52/1270
f 2377/48/1265 2382/52/1270 2383/53/1271
f 2378/49/1266 2377/48/1265 2383/53/1271
f 2378/49/1266 2383/53/1271 2384/54/1272
f 2385/29/1273 2386/30/1274 2387/31/1275
f 2385/29/1273 2387/31/1275 2388/28/1276
f 2388/28/1276 2387/31/1275 2389/32/1277
f 2388/28/1276 2389/32/1277 2390/33/1278
f 2391/34/1279 2388/28/1276 2390/33/1278
f 2391/34/1279 2392/35/1280 2388/28/1276
f 2392/35/1280 2385/29/1273 2388/28/1276
f 2392/35/1280 2393/36/1281 2385/29/1273
f 2394/73/1282 2395/74/1283 2396/75/1284
f 2394/73/1282 2396/75/1284 2397/76/1285
f 2394/73/1282 2398/77/1286 2395/74/1283
f 2394/73/1282 2399/78/1287 2398/77/1286
f 2396/75/1284 2395/74/1283 2400/79/1288
f 2398/77/1286 2400/79/1288 2395/74/1283
f 2396/75/1284 2400/79/1288 2401/80/1289
f 2398/77/1286 2402/81/1290 2400/79/1288
f 2403/57/1291 2404/56/1292 2405/55/1293
f 2403/57/1291 2405/55/1293 2406/58/1294
f 2407/61/1295 2403/57/1291 2406/58/1294
f 2407/61/1295 2408/62/1296 2403/57/1291
f 2409/59/1297 2406/58/1294 2405/55/1293
f 2407/61/1295 2406/58/1294 2409/59/1297
f 2409/59/1297 2405/55/1293 2410/60/1298
f 2407/61/1295 2409/59/1297 2411/63/1299
f 2412/55/1300 2413/56/1301 2414/57/1302
f 2412/55/1300 2414/57/1302 2415/58/1303
f 2416/59/1304 2412/55/1300 2415/58/1303
f 2416/59/1304 2417/60/1305 2412/55/1300
f 2418/61/1306 2415/58/1303 2414/57/1302
f 2416/59/1304 2415/58/1303 2418/61/1306
f 2418/61/1306 2414/57/1302 2419/62/1307
f 2416/59/1304 2418/61/1306 2420/63/1308
f 2421/10/1309 2422/11/1310 2423/12/1311
f 2421/10/1309 2423/12/1311 2424/13/1312
f 2425/14/1313 2421/10/1309 2424/13/1312
f 2424/13/1312 2423/12/1311 2426/18/1314
f 2425/14/1313 2424/13/1312 2427/15/1315
f 2424/13/1312 2426/18/1314 2428/17/1316
f 2429/16/1317 2427/15/1315 2424/13/1312
f 2429/16/1317 2424/13/1312 2428/17/1316
f 2430/91/1318 2431/92/1319 2432/93/1320
f 2430/91/1318 2432/93/1320 2433/94/1321
f 2434/95/1322 2430/91/1318 2433/94/1321
f 2434/95/1322 2435/96/1323 2430/91/1318
f 2436/97/1324 2433/94/1321 2432/93/1320
f 2434/95/1322 2433/94/1321 2436/97/1324
f 2436/97/1324 2432/93/1320 2437/98/1325
f 2434/95/1322 2436/97/1324 2438/99/1326
f 2439/29/1327 2440/30/1328 2441/31/1329
f 2439/29/1327 2441/31/1329 2442/28/1330
f 2443/36/1331 2439/29/1327 2442/28/1330
f 2442/28/1330 2441/31/1329 2444/32/1332
f 2443/36/1331 2442/28/1330 2445/35/1333
f 2442/28/1330 2444/32/1332 2446/33/1334
f 2447/34/1335 2445/35/1333 2442/28/1330
f 2447/34/1335 2442/28/1330 2446/33/1334
f 2448/1/1336 2449/2/1337 2450/3/1338
f 2448/1/1336 2450/3/1338 2451/4/1339
f 2452/5/1340 2449/2/1337 2448/1/1336
f 2452/5/1340 2453/6/1341 2449/2/1337
f 2449/2/1337 2453/6/1341 2454/7/1342
f 2449/2/1337 2454/7/1342 2455/8/1343
f 2450/3/1338 2449/2/1337 2455/8/1343
f 2450/3/1338 2455/8/1343 2456/9/1344
f 2457/1/1345 2458/2/1346 2459/3/1347
f 2457/1/1345 2459/3/1347 2460/4/1348
f 2461/5/1349 2458/2/1346 2457/1/1345
f 2461/5/1349 2462/6/1350 2458/2/1346
f 2459/3/1347 2458/2/1346 2463/8/1351
f 2462/6/1350 2463/8/1351 2458/2/1346
f 2459/3/1347 2463/8/1351 2464/9/1352
f 2462/6/1350 2465/7/1353 2463/8/1351
f 2466/55/1354 2467/56/1355 2468/57/1356
f 2466/55/1354 2468/57/1356 2469/58/1357
f 2470/59/1358 2466/55/1354 2469/58/1357
f 2470/59/1358 2471/60/1359 2466/55/1354
f 2472/61/1360 2469/58/1357 2468/57/1356
f 2470/59/1358 2469/58/1357 2472/61/1360
f 2472/61/1360 2468/57/1356 2473/62/1361
f 2470/59/1358 2472/61/1360 2474/63/1362
f 2475/55/1363 2476/56/1364 2477/57/1365
f 2475/55/1363 2477/57/1365 2478/58/1366
f 2479/59/1367 2475/55/1363 2478/58/1366
f 2479/59/1367 2480/60/1368 2475/55/1363
f 2481/61/1369 2478/58/1366 2477/57/1365
f 2479/59/1367 2478/58/1366 2481/61/1369
f 2481/61/1369 2477/57/1365 2482/62/1370
f 2479/59/1367 2481/61/1369 2483/63/1371
f 2484/55/1372 2485/56/1373 2486/57/1374
f 2484/55/1372 2486/57/1374 2487/58/1375
f 2488/59/1376 2484/55/1372 2487/58/1375
f 2488/59/1376 2489/60/1377 2484/55/1372
f 2490/61/1378 2487/58/1375 2486/57/1374
f 2488/59/1376 2487/58/1375 2490/61/1378
f 2490/61/1378 2486/57/1374 2491/62/1379
f 2488/59/1376 2490/61/1378 2492/63/1380
f 2493/64/1381 2494/65/1382 2495/66/1383
f 2493/64/1381 2495/66/1383 2496/67/1384
f 2497/68/1385 2493/64/1381 2496/67/1384
f 2497/68/1385 2498/69/1386 2493/64/1381
f 2499/70/1387 2496/67/1384 2495/66/1383
f 2497/68/1385 2496/67/1384 2499/70/1387
f 2499/70/1387 2495/66/1383 2500/71/1388
f 2497/68/1385 2499/70/1387 2501/72/1389
f 2502/19/1100 2503/20/1390 2504/21/1391
f 2502/19/1100 2504/21/1391 2505/22/1103
f 2506/23/1104 2502/19/1100 2505/22/1103
f 2506/23/1104 2507/24/1105 2502/19/1100
f 2508/25/1106 2505/22/1103 2504/21/1391
f 2506/23/1104 2505/22/1103 2508/25/1106
f 2508/25/1106 2504/21/1391 2509/26/1107
f 2506/23/1104 2508/25/1106 2510/27/1108
f 2511/19/1392 2512/20/1393 2513/21/1394
f 2511/19/1392 2513/21/1394 2514/22/1395
f 2515/23/1396 2511/19/1392 2514/22/1395
f 2515/23/1396 2516/24/1397 2511/19/1392
f 2517/25/1398 2514/22/1395 2513/21/1394
f 2515/23/1396 2514/22/1395 2517/25/1398
f 2517/25/1398 2513/21/1394 2518/26/1399
f 2515/23/1396 2517/25/1398 2519/27/1400
f 2520/29/1401 2521/30/1402 2522/31/1403
f 2520/29/1401 2522/31/1403 2523/28/1404
f 2523/28/1404 2522/31/1403 2524/32/1405
f 2523/28/1404 2524/32/1405 2525/33/1406
f 2526/34/1407 2523/28/1404 2525/33/1406
f 2526/34/1407 2527/35/1408 2523/28/1404
f 2527/35/1408 2520/29/1401 2523/28/1404
f 2527/35/1408 2528/36/1409 2520/29/1401
f 2529/84/1410 2530/85/1411 2531/82/1412
f 2529/84/1410 2532/89/1413 2533/90/1414
f 2529/84/1410 2534/83/1415 2532/89/1413
f 2529/84/1410 2531/82/1412 2534/83/1415
f 2534/83/1415 2535/88/1416 2532/89/1413
f 2534/83/1415 2536/87/1417 2535/88/1416
f 2531/82/1412 2536/87/1417 2534/83/1415
f 2531/82/1412 2537/86/1418 2536/87/1417
f 2538/84/1419 2539/85/1420 2540/82/1421
f 2538/84/1419 2541/89/1422 2542/90/1423
f 2538/84/1419 2543/83/1424 2541/89/1422
f 2538/84/1419 2540/82/1421 2543/83/1424
f 2543/83/1424 2544/88/1425 2541/89/1422
f 2543/83/1424 2545/87/1426 2544/88/1425
f 2540/82/1421 2545/87/1426 2543/83/1424
f 2540/82/1421 2546/86/1427 2545/87/1426
f 2547/84/1419 2548/85/1428 2549/82/1421
f 2547/84/1419 2550/89/1422 2551/90/1423
f 2547/84/1419 2552/83/1424 2550/89/1422
f 2547/84/1419 2549/82/1421 2552/83/1424
f 2552/83/1424 2553/88/1425 2550/89/1422
f 2552/83/1424 2554/87/1426 2553/88/1425
f 2549/82/1421 2554/87/1426 2552/83/1424
f 2549/82/1421 2555/86/1427 2554/87/1426
f 2556/84/1410 2557/85/1411 2558/82/1412
f 2556/84/1410 2559/89/1429 2560/90/1414
f 2556/84/1410 2561/83/1415 2559/89/1429
f 2556/84/1410 2558/82/1412 2561/83/1415
f 2561/83/1415 2562/88/1416 2559/89/1429
f 2561/83/1415 2563/87/1417 2562/88/1416
f 2558/82/1412 2563/87/1417 2561/83/1415
f 2558/82/1412 2564/86/1418 2563/87/1417
f 2565/84/1419 2566/85/1428 2567/82/1421
f 2565/84/1419 2568/89/1422 2569/90/1423
f 2565/84/1419 2570/83/1424 2568/89/1422
f 2565/84/1419 2567/82/1421 2570/83/1424
f 2570/83/1424 2571/88/1425 2568/89/1422
f 2570/83/1424 2572/87/1426 2571/88/1425
f 2567/82/1421 2572/87/1426 2570/83/1424
f 2567/82/1421 2573/86/1427 2572/87/1426
f 2574/57/1430 2575/58/1431 2576/55/1432
f 2574/57/1430 2576/55/1432 2577/56/1433
f 2578/62/1434 2575/58/1431 2574/57/1430
f 2578/62/1434 2579/61/1435 2575/58/1431
f 2576/55/1432 2575/58/1431 2580/59/1436
f 2579/61/1435 2580/59/1436 2575/58/1431
f 2576/55/1432 2580/59/1436 2581/60/1437
f 2579/61/1435 2582/63/1438 2580/59/1436
f 2583/1/1439 2584/2/1038 2585/3/1039
f 2583/1/1439 2585/3/1039 2586/4/1040
f 2587/5/1041 2584/2/1038 2583/1/1439
f 2587/5/1041 2588/6/1042 2584/2/1038
f 2585/3/1039 2584/2/1038 2589/8/1043
f 2588/6/1042 2589/8/1043 2584/2/1038
f 2585/3/1039 2589/8/1043 2590/9/1044
f 2588/6/1042 2591/7/1045 2589/8/1043
f 2592/13/1046 2593/10/1047 2594/11/1048
f 2595/14/1049 2593/10/1047 2592/13/1046
f 2595/14/1049 2592/13/1046 2596/15/1050
f 2592/13/1046 2594/11/1048 2597/12/1051
f 2598/16/1440 2596/15/1050 2592/13/1046
f 2592/13/1046 2597/12/1051 2599/18/1053
f 2598/16/1440 2592/13/1046 2600/17/1054
f 2592/13/1046 2599/18/1053 2600/17/1054
f 2601/19/1055 2602/20/1056 2603/21/1057
f 2601/19/1055 2603/21/1057 2604/22/1058
f 2605/23/1059 2601/19/1055 2604/22/1058
f 2605/23/1059 2606/24/1060 2601/19/1055
f 2607/25/1061 2604/22/1058 2603/21/1057
f 2605/23/1059 2604/22/1058 2607/25/1061
f 2607/25/1061 2603/21/1057 2608/26/1062
f 2605/23/1059 2607/25/1061 2609/27/1441
f 2610/19/1064 2611/20/1065 2612/21/1066
f 2610/19/1064 2612/21/1066 2613/22/1067
f 2614/23/1068 2610/19/1064 2613/22/1067
f 2614/23/1068 2615/24/1069 2610/19/1064
f 2616/25/1070 2613/22/1067 2612/21/1066
f 2614/23/1068 2613/22/1067 2616/25/1070
f 2616/25/1070 2612/21/1066 2617/26/1071
f 2614/23/1068 2616/25/1070 2618/27/1072
f 2619/29/1073 2620/30/1074 2621/31/1075
f 2619/29/1073 2621/31/1075 2622/28/1076
f 2622/28/1076 2621/31/1075 2623/32/1077
f 2622/28/1076 2623/32/1077 2624/33/1442
f 2625/34/1079 2622/28/1076 2624/33/1442
f 2625/34/1079 2626/35/1080 2622/28/1076
f 2626/35/1080 2619/29/1073 2622/28/1076
f 2626/35/1080 2627/36/1443 2619/29/1073
f 2628/1/1082 2629/2/1083 2630/3/1084
f 2628/1/1082 2630/3/1084 2631/4/1085
f 2632/5/1086 2629/2/1083 2628/1/1082
f 2632/5/1086 2633/6/1087 2629/2/1083
f 2630/3/1084 2629/2/1083 2634/8/1088
f 2633/6/1087 2634/8/1088 2629/2/1083
f 2630/3/1084 2634/8/1088 2635/9/1089
f 2633/6/1087 2636/7/1090 2634/8/1088
f 2637/37/1091 2638/38/1092 2639/39/1093
f 2640/40/1444 2641/41/1095 2637/37/1091
f 2640/40/1444 2637/37/1091 2642/42/1096
f 2637/37/1091 2639/39/1093 2642/42/1096
f 2643/43/1097 2640/40/1444 2642/42/1096
f 2643/43/1097 2642/42/1096 2644/44/1098
f 2644/44/1098 2642/42/1096 2639/39/1093
f 2644/44/1098 2639/39/1093 2645/45/1099
f 2646/19/1100 2647/20/1390 2648/21/1102
f 2646/19/1100 2648/21/1102 2649/22/1103
f 2650/23/1104 2646/19/1100 2649/22/1103
f 2650/23/1104 2651/24/1105 2646/19/1100
f 2652/25/1106 2649/22/1103 2648/21/1102
f 2650/23/1104 2649/22/1103 2652/25/1106
f 2652/25/1106 2648/21/1102 2653/26/1107
f 2650/23/1104 2652/25/1106 2654/27/1108
f 2655/47/1109 2656/48/1110 2657/49/1111
f 2655/47/1109 2657/49/1111 2658/46/1112
f 2655/47/1109 2659/50/1113 2656/48/1110
f 2655/47/1109 2660/51/1114 2659/50/1113
f 2656/48/1110 2659/50/1113 2661/52/1115
f 2656/48/1110 2661/52/1115 2662/53/1116
f 2657/49/1111 2656/48/1110 2662/53/1116
f 2657/49/1111 2662/53/1116 2663/54/1117
f 2664/55/1118 2665/56/1119 2666/57/1445
f 2664/55/1118 2666/57/1445 2667/58/1121
f 2668/59/1122 2664/55/1118 2667/58/1121
f 2668/59/1122 2669/60/1123 2664/55/1118
f 2670/61/1124 2667/58/1121 2666/57/1445
f 2668/59/1122 2667/58/1121 2670/61/1124
f 2670/61/1124 2666/57/1445 2671/62/1125
f 2668/59/1122 2670/61/1124 2672/63/1126
f 2673/55/1127 2674/56/1128 2675/57/1129
f 2673/55/1127 2675/57/1129 2676/58/1130
f 2677/59/1131 2673/55/1127 2676/58/1130
f 2677/59/1131 2678/60/1446 2673/55/1127
f 2679/61/1133 2676/58/1130 2675/57/1129
f 2677/59/1131 2676/58/1130 2679/61/1133
f 2679/61/1133 2675/57/1129 2680/62/1134
f 2677/59/1131 2679/61/1133 2681/63/1135
f 2682/19/1136 2683/20/1447 2684/21/1138
f 2682/19/1136 2684/21/1138 2685/22/1139
f 2686/23/1140 2682/19/1136 2685/22/1139
f 2686/23/1140 2687/24/1141 2682/19/1136
f 2688/25/1142 2685/22/1139 2684/21/1138
f 2686/23/1140 2685/22/1139 2688/25/1142
f 2688/25/1142 2684/21/1138 2689/26/1143
f 2686/23/1140 2688/25/1142 2690/27/1144
f 2691/55/1145 2692/56/1146 2693/57/1208
f 2691/55/1145 2693/57/1208 2694/58/1148
f 2695/59/1149 2691/55/1145 2694/58/1148
f 2695/59/1149 2696/60/1150 2691/55/1145
f 2697/61/1151 2694/58/1148 2693/57/1208
f 2695/59/1149 2694/58/1148 2697/61/1151
f 2697/61/1151 2693/57/1208 2698/62/1152
f 2695/59/1149 2697/61/1151 2699/63/1153
f 2700/37/1154 2701/38/1448 2702/39/1156
f 2703/40/1157 2704/41/1449 2700/37/1154
f 2703/40/1157 2700/37/1154 2705/42/1159
f 2700/37/1154 2702/39/1156 2705/42/1159
f 2706/43/1160 2703/40/1157 2705/42/1159
f 2706/43/1160 2705/42/1159 2707/44/1161
f 2707/44/1161 2705/42/1159 2702/39/1156
f 2707/44/1161 2702/39/1156 2708/45/1162
f 2709/1/1163 2710/2/1164 2711/3/1165
f 2709/1/1163 2711/3/1165 2712/4/1450
f 2709/1/1163 2713/6/1167 2710/2/1164
f 2709/1/1163 2714/5/1168 2713/6/1167
f 2711/3/1165 2710/2/1164 2715/8/1169
f 2713/6/1167 2715/8/1169 2710/2/1164
f 2711/3/1165 2715/8/1169 2716/9/1170
f 2713/6/1167 2717/7/1171 2715/8/1169
f 2718/64/1172 2719/65/1173 2720/66/1451
f 2718/64/1172 2720/66/1451 2721/67/1175
f 2722/68/1176 2718/64/1172 2721/67/1175
f 2722/68/1176 2723/69/1177 2718/64/1172
f 2724/70/1178 2721/67/1175 2720/66/1451
f 2722/68/1176 2721/67/1175 2724/70/1178
f 2724/70/1178 2720/66/1451 2725/71/1179
f 2722/68/1176 2724/70/1178 2726/72/1180
f 2727/73/1181 2728/74/1182 2729/75/1183
f 2727/73/1181 2729/75/1183 2730/76/1452
f 2727/73/1181 2731/77/1185 2728/74/1182
f 2727/73/1181 2732/78/1186 2731/77/1185
f 2729/75/1183 2728/74/1182 2733/79/1187
f 2731/77/1185 2733/79/1187 2728/74/1182
f 2729/75/1183 2733/79/1187 2734/80/1188
f 2731/77/1185 2735/81/1189 2733/79/1187
f 2736/55/1190 2737/56/1191 2738/57/1192
f 2736/55/1190 2738/57/1192 2739/58/1193
f 2740/59/1194 2736/55/1190 2739/58/1193
f 2740/59/1194 2741/60/1453 2736/55/1190
f 2742/61/1196 2739/58/1193 2738/57/1192
f 2740/59/1194 2739/58/1193 2742/61/1196
f 2742/61/1196 2738/57/1192 2743/62/1197
f 2740/59/1194 2742/61/1196 2744/63/1198
f 2745/3/1199 2746/2/1200 2747/1/1201
f 2745/3/1199 2747/1/1201 2748/4/1202
f 2746/2/1200 2749/5/1203 2747/1/1201
f 2746/2/1200 2750/6/1204 2749/5/1203
f 2746/2/1200 2751/7/1454 2750/6/1204
f 2746/2/1200 2752/8/1455 2751/7/1454
f 2745/3/1199 2752/8/1455 2746/2/1200
f 2745/3/1199 2753/9/1207 2752/8/1455
f 2754/55/1145 2755/56/1146 2756/57/1208
f 2754/55/1145 2756/57/1208 2757/58/1148
f 2758/59/1149 2754/55/1145 2757/58/1148
f 2758/59/1149 2759/60/1150 2754/55/1145
f 2760/61/1151 2757/58/1148 2756/57/1208
f 2758/59/1149 2757/58/1148 2760/61/1151
f 2760/61/1151 2756/57/1208 2761/62/1152
f 2758/59/1149 2760/61/1151 2762/63/1153
f 2763/55/1209 2764/56/1210 2765/57/1211
f 2763/55/1209 2765/57/1211 2766/58/1212
f 2767/59/1213 2763/55/1209 2766/58/1212
f 2767/59/1213 2768/60/1456 2763/55/1209
f 2769/61/1215 2766/58/1212 2765/57/1211
f 2767/59/1213 2766/58/1212 2769/61/1215
f 2769/61/1215 2765/57/1211 2770/62/1216
f 2767/59/1213 2769/61/1215 2771/63/1217
f 2772/55/1145 2773/56/1146 2774/57/1208
f 2772/55/1145 2774/57/1208 2775/58/1148
f 2776/59/1149 2772/55/1145 2775/58/1148
f 2776/59/1149 2777/60/1150 2772/55/1145
f 2778/61/1151 2775/58/1148 2774/57/1208
f 2776/59/1149 2775/58/1148 2778/61/1151
f 2778/61/1151 2774/57/1208 2779/62/1218
f 2776/59/1149 2778/61/1151 2780/63/1153
f 2781/1/1219 2782/2/1220 2783/3/1221
f 2781/1/1219 2783/3/1221 2784/4/1457
f 2785/5/1223 2782/2/1220 2781/1/1219
f 2785/5/1223 2786/6/1224 2782/2/1220
f 2783/3/1221 2782/2/1220 2787/8/1225
f 2786/6/1224 2787/8/1225 2782/2/1220
f 2783/3/1221 2787/8/1225 2788/9/1226
f 2786/6/1224 2789/7/1458 2787/8/1225
f 2790/19/1228 2791/20/1229 2792/21/1230
f 2790/19/1228 2792/21/1230 2793/22/1231
f 2794/23/1459 2790/19/1228 2793/22/1231
f 2794/23/1459 2795/24/1233 2790/19/1228
f 2796/25/1234 2793/22/1231 2792/21/1230
f 2794/23/1459 2793/22/1231 2796/25/1234
f 2796/25/1234 2792/21/1230 2797/26/1235
f 2794/23/1459 2796/25/1234 2798/27/1236
f 2799/64/1237 2800/65/1238 2801/66/1239
f 2799/64/1237 2801/66/1239 2802/67/1240
f 2803/68/1241 2799/64/1237 2802/67/1240
f 2803/68/1241 2804/69/1242 2799/64/1237
f 2805/70/1243 2802/67/1240 2801/66/1239
f 2803/68/1241 2802/67/1240 2805/70/1243
f 2805/70/1243 2801/66/1239 2806/71/1244
f 2803/68/1241 2805/70/1243 2807/72/1460
f 2808/46/1246 2809/47/1247 2810/48/1248
f 2808/46/1246 2810/48/1248 2811/49/1249
f 2809/47/1247 2812/50/1250 2810/48/1248
f 2809/47/1247 2813/51/1251 2812/50/1250
f 2810/48/1248 2812/50/1250 2814/52/1252
f 2810/48/1248 2814/52/1252 2815/53/1253
f 2811/49/1249 2810/48/1248 2815/53/1253
f 2811/49/1249 2815/53/1253 2816/54/1254
f 2817/82/1255 2818/83/1461 2819/84/1257
f 2817/82/1255 2819/84/1257 2820/85/1258
f 2821/86/1259 2818/83/1461 2817/82/1255
f 2821/86/1259 2822/87/1260 2818/83/1461
f 2818/83/1461 2822/87/1260 2823/88/1261
f 2818/83/1461 2823/88/1261 2824/89/1262
f 2819/84/1257 2818/83/1461 2824/89/1262
f 2819/84/1257 2824/89/1262 2825/90/1263
f 2826/47/1462 2827/48/1265 2828/49/1463
f 2826/47/1462 2828/49/1463 2829/46/1267
f 2826/47/1462 2830/50/1268 2827/48/1265
f 2826/47/1462 2831/51/1269 2830/50/1268
f 2827/48/1265 2830/50/1268 2832/52/1270
f 2827/48/1265 2832/52/1270 2833/53/1271
f 2828/49/1463 2827/48/1265 2833/53/1271
f 2828/49/1463 2833/53/1271 2834/54/1272
f 2835/29/1273 2836/30/1274 2837/31/1275
f 2835/29/1273 2837/31/1275 2838/28/1276
f 2838/28/1276 2837/31/1275 2839/32/1277
f 2838/28/1276 2839/32/1277 2840/33/1464
f 2841/34/1279 2838/28/1276 2840/33/1464
f 2841/34/1279 2842/35/1280 2838/28/1276
f 2842/35/1280 2835/29/1273 2838/28/1276
f 2842/35/1280 2843/36/1465 2835/29/1273
f 2844/73/1466 2845/74/1283 2846/75/1284
f 2844/73/1466 2846/75/1284 2847/76/1285
f 2844/73/1466 2848/77/1286 2845/74/1283
f 2844/73/1466 2849/78/1287 2848/77/1286
f 2846/75/1284 2845/74/1283 2850/79/1288
f 2848/77/1286 2850/79/1288 2845/74/1283
f 2846/75/1284 2850/79/1288 2851/80/1289
f 2848/77/1286 2852/81/1290 2850/79/1288
f 2853/57/1291 2854/56/1292 2855/55/1293
f 2853/57/1291 2855/55/1293 2856/58/1294
f 2857/61/1467 2853/57/1291 2856/58/1294
f 2857/61/1467 2858/62/1296 2853/57/1291
f 2859/59/1297 2856/58/1294 2855/55/1293
f 2857/61/1467 2856/58/1294 2859/59/1297
f 2859/59/1297 2855/55/1293 2860/60/1298
f 2857/61/1467 2859/59/1297 2861/63/1299
f 2862/55/1300 2863/56/1301 2864/57/1302
f 2862/55/1300 2864/57/1302 2865/58/1303
f 2866/59/1304 2862/55/1300 2865/58/1303
f 2866/59/1304 2867/60/1305 2862/55/1300
f 2868/61/1306 2865/58/1303 2864/57/1302
f 2866/59/1304 2865/58/1303 2868/61/1306
f 2868/61/1306 2864/57/1302 2869/62/1307
f 2866/59/1304 2868/61/1306 2870/63/1308
f 2871/10/1309 2872/11/1310 2873/12/1311
f 2871/10/1309 2873/12/1311 2874/13/1312
f 2875/14/1468 2871/10/1309 2874/13/1312
f 2874/13/1312 2873/12/1311 2876/18/1314
f 2875/14/1468 2874/13/1312 2877/15/1315
f 2874/13/1312 2876/18/1314 2878/17/1316
f 2879/16/1317 2877/15/1315 2874/13/1312
f 2879/16/1317 2874/13/1312 2878/17/1316
f 2880/91/1318 2881/92/1319 2882/93/1320
f 2880/91/1318 2882/93/1320 2883/94/1321
f 2884/95/1322 2880/91/1318 2883/94/1321
f 2884/95/1322 2885/96/1323 2880/91/1318
f 2886/97/1324 2883/94/1321 2882/93/1320
f 2884/95/1322 2883/94/1321 2886/97/1324
f 2886/97/1324 2882/93/1320 2887/98/1325
f 2884/95/1322 2886/97/1324 2888/99/1326
f 2889/29/1327 2890/30/1328 2891/31/1329
f 2889/29/1327 2891/31/1329 2892/28/1330
f 2893/36/1331 2889/29/1327 2892/28/1330
f 2892/28/1330 2891/31/1329 2894/32/1469
f 2893/36/1331 2892/28/1330 2895/35/1333
f 2892/28/1330 2894/32/1469 2896/33/1334
f 2897/34/1335 2895/35/1333 2892/28/1330
f 2897/34/1335 2892/28/1330 2896/33/1334
f 2898/1/1336 2899/2/1337 2900/3/1338
f 2898/1/1336 2900/3/1338 2901/4/1339
f 2902/5/1340 2899/2/1337 2898/1/1336
f 2902/5/1340 2903/6/1341 2899/2/1337
f 2899/2/1337 2903/6/1341 2904/7/1342
f 2899/2/1337 2904/7/1342 2905/8/1343
f 2900/3/1338 2899/2/1337 2905/8/1343
f 2900/3/1338 2905/8/1343 2906/9/1344
f 2907/1/1345 2908/2/1346 2909/3/1470
f 2907/1/1345 2909/3/1470 2910/4/1348
f 2911/5/1349 2908/2/1346 2907/1/1345
f 2911/5/1349 2912/6/1350 2908/2/1346
f 2909/3/1470 2908/2/1346 2913/8/1351
f 2912/6/1350 2913/8/1351 2908/2/1346
f 2909/3/1470 2913/8/1351 2914/9/1352
f 2912/6/1350 2915/7/1353 2913/8/1351
f 2916/55/1354 2917/56/1355 2918/57/1356
f 2916/55/1354 2918/57/1356 2919/58/1357
f 2920/59/1358 2916/55/1354 2919/58/1357
f 2920/59/1358 2921/60/1359 2916/55/1354
f 2922/61/1360 2919/58/1357 2918/57/1356
f 2920/59/1358 2919/58/1357 2922/61/1360
f 2922/61/1360 2918/57/1356 2923/62/1361
f 2920/59/1358 2922/61/1360 2924/63/1362
f 2925/55/1363 2926/56/1364 2927/57/1365
f 2925/55/1363 2927/57/1365 2928/58/1366
f 2929/59/1367 2925/55/1363 2928/58/1366
f 2929/59/1367 2930/60/1368 2925/55/1363
f 2931/61/1369 2928/58/1366 2927/57/1365
f 2929/59/1367 2928/58/1366 2931/61/1369
f 2931/61/1369 2927/57/1365 2932/62/1370
f 2929/59/1367 2931/61/1369 2933/63/1371
f 2934/55/1372 2935/56/1373 2936/57/1374
f 2934/55/1372 2936/57/1374 2937/58/1375
f 2938/59/1376 2934/55/1372 2937/58/1375
f 2938/59/1376 2939/60/1377 2934/55/1372
f 2940/61/1378 2937/58/1375 2936/57/1374
f 2938/59/1376 2937/58/1375 2940/61/1378
f 2940/61/1378 2936/57/1374 2941/62/1379
f 2938/59/1376 2940/61/1378 2942/63/1380
f 2943/64/1381 2944/65/1382 2945/66/1383
f 2943/64/1381 2945/66/1383 2946/67/1384
f 2947/68/1385 2943/64/1381 2946/67/1384
f 2947/68/1385 2948/69/1386 2943/64/1381
f 2949/70/1387 2946/67/1384 2945/66/1383
f 2947/68/1385 2946/67/1384 2949/70/1387
f 2949/70/1387 2945/66/1383 2950/71/1388
f 2947/68/1385 2949/70/1387 2951/72/1389
f 2952/19/1100 2953/20/1390 2954/21/1102
f 2952/19/1100 2954/21/1102 2955/22/1103
f 2956/23/1104 2952/19/1100 2955/22/1103
f 2956/23/1104 2957/24/1105 2952/19/1100
f 2958/25/1106 2955/22/1103 2954/21/1102
f 2956/23/1104 2955/22/1103 2958/25/1106
f 2958/25/1106 2954/21/1102 2959/26/1107
f 2956/23/1104 2958/25/1106 2960/27/1108
f 2961/19/1392 2962/20/1393 2963/21/1394
f 2961/19/1392 2963/21/1394 2964/22/1395
f 2965/23/1396 2961/19/1392 2964/22/1395
f 2965/23/1396 2966/24/1397 2961/19/1392
f 2967/25/1398 2964/22/1395 2963/21/1394
f 2965/23/1396 2964/22/1395 2967/25/1398
f 2967/25/1398 2963/21/1394 2968/26/1399
f 2965/23/1396 2967/25/1398 2969/27/1400
f 2970/29/1401 2971/30/1402 2972/31/1403
f 2970/29/1401 2972/31/1403 2973/28/1404
f 2973/28/1404 2972/31/1403 2974/32/1405
f 2973/28/1404 2974/32/1405 2975/33/1406
f 2976/34/1407 2973/28/1404 2975/33/1406
f 2976/34/1407 2977/35/1408 2973/28/1404
f 2977/35/1408 2970/29/1401 2973/28/1404
f 2977/35/1408 2978/36/1409 2970/29/1401
f 2979/84/1410 2980/85/1411 2981/82/1412
f 2979/84/1410 2982/89/1413 2983/90/1414
f 2979/84/1410 2984/83/1471 2982/89/1413
f 2979/84/1410 2981/82/1412 2984/83/1471
f 2984/83/1471 2985/88/1416 2982/89/1413
f 2984/83/1471 2986/87/1417 2985/88/1416
f 2981/82/1412 2986/87/1417 2984/83/1471
f 2981/82/1412 2987/86/1472 2986/87/1417
f 2988/84/1419 2989/85/1420 2990/82/1421
f 2988/84/1419 2991/89/1422 2992/90/1423
f 2988/84/1419 2993/83/1424 2991/89/1422
f 2988/84/1419 2990/82/1421 2993/83/1424
f 2993/83/1424 2994/88/1425 2991/89/1422
f 2993/83/1424 2995/87/1426 2994/88/1425
f 2990/82/1421 2995/87/1426 2993/83/1424
f 2990/82/1421 2996/86/1427 2995/87/1426
f 2997/84/1419 2998/85/1420 2999/82/1421
f 2997/84/1419 3000/89/1422 3001/90/1423
f 2997/84/1419 3002/83/1424 3000/89/1422
f 2997/84/1419 2999/82/1421 3002/83/1424
f 3002/83/1424 3003/88/1425 3000/89/1422
f 3002/83/1424 3004/87/1426 3003/88/1425
f 2999/82/1421 3004/87/1426 3002/83/1424
f 2999/82/1421 3005/86/1427 3004/87/1426
f 3006/84/1410 3007/85/1411 3008/82/1412
f 3006/84/1410 3009/89/1429 3010/90/1414
f 3006/84/1410 3011/83/1471 3009/89/1429
f 3006/84/1410 3008/82/1412 3011/83/1471
f 3011/83/1471 3012/88/1416 3009/89/1429
f 3011/83/1471 3013/87/1417 3012/88/1416
f 3008/82/1412 3013/87/1417 3011/83/1471
f 3008/82/1412 3014/86/1472 3013/87/1417
f 3015/84/1419 3016/85/1428 3017/82/1421
f 3015/84/1419 3018/89/1422 3019/90/1423
f 3015/84/1419 3020/83/1424 3018/89/1422
f 3015/84/1419 3017/82/1421 3020/83/1424
f 3020/83/1424 3021/88/1425 3018/89/1422
f 3020/83/1424 3022/87/1426 3021/88/1425
f 3017/82/1421 3022/87/1426 3020/83/1424
f 3017/82/1421 3023/86/1427 3022/87/1426
f 3024/57/1430 3025/58/1431 3026/55/1432
f 3024/57/1430 3026/55/1432 3027/56/1433
f 3028/62/1434 3025/58/1431 3024/57/1430
f 3028/62/1434 3029/61/1435 3025/58/1431
f 3026/55/1432 3025/58/1431 3030/59/1436
f 3029/61/1435 3030/59/1436 3025/58/1431
f 3026/55/1432 3030/59/1436 3031/60/1437
f 3029/61/1435 3032/63/1473 3030/59/1436
f 3033/1/1037 3034/2/1038 3035/3/1039
f 3033/1/1037 3035/3/1039 3036/4/1040
f 3037/5/1041 3034/2/1038 3033/1/1037
f 3037/5/1041 3038/6/1042 3034/2/1038
f 3035/3/1039 3034/2/1038 3039/8/1043
f 3038/6/1042 3039/8/1043 3034/2/1038
f 3035/3/1039 3039/8/1043 3040/9/1044
f 3038/6/1042 3041/7/1045 3039/8/1043
f 3042/13/1046 3043/10/1047 3044/11/1048
f 3045/14/1474 3043/10/1047 3042/13/1046
f 3045/14/1474 3042/13/1046 3046/15/1475
f 3042/13/1046 3044/11/1048 3047/12/1051
f 3048/16/1440 3046/15/1475 3042/13/1046
f 3042/13/1046 3047/12/1051 3049/18/1053
f 3048/16/1440 3042/13/1046 3050/17/1054
f 3042/13/1046 3049/18/1053 3050/17/1054
f 3051/19/1055 3052/20/1056 3053/21/1057
f 3051/19/1055 3053/21/1057 3054/22/1058
f 3055/23/1059 3051/19/1055 3054/22/1058
f 3055/23/1059 3056/24/1060 3051/19/1055
f 3057/25/1061 3054/22/1058 3053/21/1057
f 3055/23/1059 3054/22/1058 3057/25/1061
f 3057/25/1061 3053/21/1057 3058/26/1062
f 3055/23/1059 3057/25/1061 3059/27/1063
f 3060/19/1064 3061/20/1065 3062/21/1476
f 3060/19/1064 3062/21/1476 3063/22/1067
f 3064/23/1068 3060/19/1064 3063/22/1067
f 3064/23/1068 3065/24/1069 3060/19/1064
f 3066/25/1070 3063/22/1067 3062/21/1476
f 3064/23/1068 3063/22/1067 3066/25/1070
f 3066/25/1070 3062/21/1476 3067/26/1071
f 3064/23/1068 3066/25/1070 3068/27/1072
f 3069/29/1073 3070/30/1477 3071/31/1075
f 3069/29/1073 3071/31/1075 3072/28/1076
f 3072/28/1076 3071/31/1075 3073/32/1077
f 3072/28/1076 3073/32/1077 3074/33/1442
f 3075/34/1478 3072/28/1076 3074/33/1442
f 3075/34/1478 3076/35/1080 3072/28/1076
f 3076/35/1080 3069/29/1073 3072/28/1076
f 3076/35/1080 3077/36/1443 3069/29/1073
f 3078/1/1082 3079/2/1083 3080/3/1084
f 3078/1/1082 3080/3/1084 3081/4/1085
f 3082/5/1086 3079/2/1083 3078/1/1082
f 3082/5/1086 3083/6/1087 3079/2/1083
f 3080/3/1084 3079/2/1083 3084/8/1088
f 3083/6/1087 3084/8/1088 3079/2/1083
f 3080/3/1084 3084/8/1088 3085/9/1089
f 3083/6/1087 3086/7/1090 3084/8/1088
f 3087/37/1479 3088/38/1092 3089/39/1093
f 3090/40/1094 3091/41/1095 3087/37/1479
f 3090/40/1094 3087/37/1479 3092/42/1096
f 3087/37/1479 3089/39/1093 3092/42/1096
f 3093/43/1097 3090/40/1094 3092/42/1096
f 3093/43/1097 3092/42/1096 3094/44/1098
f 3094/44/1098 3092/42/1096 3089/39/1093
f 3094/44/1098 3089/39/1093 3095/45/1099
f 3096/19/1100 3097/20/1480 3098/21/1102
f 3096/19/1100 3098/21/1102 3099/22/1103
f 3100/23/1104 3096/19/1100 3099/22/1103
f 3100/23/1104 3101/24/1105 3096/19/1100
f 3102/25/1106 3099/22/1103 3098/21/1102
f 3100/23/1104 3099/22/1103 3102/25/1106
f 3102/25/1106 3098/21/1102 3103/26/1107
f 3100/23/1104 3102/25/1106 3104/27/1108
f 3105/47/1109 3106/48/1110 3107/49/1111
f 3105/47/1109 3107/49/1111 3108/46/1481
f 3105/47/1109 3109/50/1113 3106/48/1110
f 3105/47/1109 3110/51/1114 3109/50/1113
f 3106/48/1110 3109/50/1113 3111/52/1115
f 3106/48/1110 3111/52/1115 3112/53/1116
f 3107/49/1111 3106/48/1110 3112/53/1116
f 3107/49/1111 3112/53/1116 3113/54/1117
f 3114/55/1118 3115/56/1119 3116/57/1445
f 3114/55/1118 3116/57/1445 3117/58/1121
f 3118/59/1122 3114/55/1118 3117/58/1121
f 3118/59/1122 3119/60/1123 3114/55/1118
f 3120/61/1124 3117/58/1121 3116/57/1445
f 3118/59/1122 3117/58/1121 3120/61/1124
f 3120/61/1124 3116/57/1445 3121/62/1125
f 3118/59/1122 3120/61/1124 3122/63/1126
f 3123/55/1127 3124/56/1128 3125/57/1129
f 3123/55/1127 3125/57/1129 3126/58/1130
f 3127/59/1131 3123/55/1127 3126/58/1130
f 3127/59/1131 3128/60/1132 3123/55/1127
f 3129/61/1133 3126/58/1130 3125/57/1129
f 3127/59/1131 3126/58/1130 3129/61/1133
f 3129/61/1133 3125/57/1129 3130/62/1134
f 3127/59/1131 3129/61/1133 3131/63/1135
f 3132/19/1136 3133/20/1447 3134/21/1138
f 3132/19/1136 3134/21/1138 3135/22/1139
f 3136/23/1140 3132/19/1136 3135/22/1139
f 3136/23/1140 3137/24/1141 3132/19/1136
f 3138/25/1142 3135/22/1139 3134/21/1138
f 3136/23/1140 3135/22/1139 3138/25/1142
f 3138/25/1142 3134/21/1138 3139/26/1143
f 3136/23/1140 3138/25/1142 3140/27/1482
f 3141/55/1145 3142/56/1146 3143/57/1208
f 3141/55/1145 3143/57/1208 3144/58/1148
f 3145/59/1149 3141/55/1145 3144/58/1148
f 3145/59/1149 3146/60/1150 3141/55/1145
f 3147/61/1151 3144/58/1148 3143/57/1208
f 3145/59/1149 3144/58/1148 3147/61/1151
f 3147/61/1151 3143/57/1208 3148/62/1152
f 3145/59/1149 3147/61/1151 3149/63/1153
f 3150/37/1154 3151/38/1448 3152/39/1156
f 3153/40/1157 3154/41/1158 3150/37/1154
f 3153/40/1157 3150/37/1154 3155/42/1159
f 3150/37/1154 3152/39/1156 3155/42/1159
f 3156/43/1160 3153/40/1157 3155/42/1159
f 3156/43/1160 3155/42/1159 3157/44/1161
f 3157/44/1161 3155/42/1159 3152/39/1156
f 3157/44/1161 3152/39/1156 3158/45/1162
f 3159/1/1163 3160/2/1164 3161/3/1165
f 3159/1/1163 3161/3/1165 3162/4/1450
f 3159/1/1163 3163/6/1167 3160/2/1164
f 3159/1/1163 3164/5/1168 3163/6/1167
f 3161/3/1165 3160/2/1164 3165/8/1169
f 3163/6/1167 3165/8/1169 3160/2/1164
f 3161/3/1165 3165/8/1169 3166/9/1170
f 3163/6/1167 3167/7/1483 3165/8/1169
f 3168/64/1172 3169/65/1173 3170/66/1174
f 3168/64/1172 3170/66/1174 3171/67/1175
f 3172/68/1176 3168/64/1172 3171/67/1175
f 3172/68/1176 3173/69/1177 3168/64/1172
f 3174/70/1178 3171/67/1175 3170/66/1174
f 3172/68/1176 3171/67/1175 3174/70/1178
f 3174/70/1178 3170/66/1174 3175/71/1179
f 3172/68/1176 3174/70/1178 3176/72/1180
f 3177/73/1181 3178/74/1182 3179/75/1484
f 3177/73/1181 3179/75/1484 3180/76/1452
f 3177/73/1181 3181/77/1185 3178/74/1182
f 3177/73/1181 3182/78/1186 3181/77/1185
f 3179/75/1484 3178/74/1182 3183/79/1485
f 3181/77/1185 3183/79/1485 3178/74/1182
f 3179/75/1484 3183/79/1485 3184/80/1188
f 3181/77/1185 3185/81/1189 3183/79/1485
f 3186/55/1190 3187/56/1191 3188/57/1192
f 3186/55/1190 3188/57/1192 3189/58/1193
f 3190/59/1194 3186/55/1190 3189/58/1193
f 3190/59/1194 3191/60/1453 3186/55/1190
f 3192/61/1196 3189/58/1193 3188/57/1192
f 3190/59/1194 3189/58/1193 3192/61/1196
f 3192/61/1196 3188/57/1192 3193/62/1486
f 3190/59/1194 3192/61/1196 3194/63/1198
f 3195/3/1199 3196/2/1200 3197/1/1201
f 3195/3/1199 3197/1/1201 3198/4/1202
f 3196/2/1200 3199/5/1203 3197/1/1201
f 3196/2/1200 3200/6/1204 3199/5/1203
f 3196/2/1200 3201/7/1205 3200/6/1204
f 3196/2/1200 3202/8/1206 3201/7/1205
f 3195/3/1199 3202/8/1206 3196/2/1200
f 3195/3/1199 3203/9/1207 3202/8/1206
f 3204/55/1145 3205/56/1146 3206/57/1208
f 3204/55/1145 3206/57/1208 3207/58/1148
f 3208/59/1149 3204/55/1145 3207/58/1148
f 3208/59/1149 3209/60/1150 3204/55/1145
f 3210/61/1151 3207/58/1148 3206/57/1208
f 3208/59/1149 3207/58/1148 3210/61/1151
f 3210/61/1151 3206/57/1208 3211/62/1218
f 3208/59/1149 3210/61/1151 3212/63/1153
f 3213/55/1487 3214/56/1210 3215/57/1211
f 3213/55/1487 3215/57/1211 3216/58/1212
f 3217/59/1213 3213/55/1487 3216/58/1212
f 3217/59/1213 3218/60/1214 3213/55/1487
f 3219/61/1215 3216/58/1212 3215/57/1211
f 3217/59/1213 3216/58/1212 3219/61/1215
f 3219/61/1215 3215/57/1211 3220/62/1216
f 3217/59/1213 3219/61/1215 3221/63/1217
f 3222/55/1145 3223/56/1146 3224/57/1208
f 3222/55/1145 3224/57/1208 3225/58/1148
f 3226/59/1149 3222/55/1145 3225/58/1148
f 3226/59/1149 3227/60/1150 3222/55/1145
f 3228/61/1151 3225/58/1148 3224/57/1208
f 3226/59/1149 3225/58/1148 3228/61/1151
f 3228/61/1151 3224/57/1208 3229/62/1152
f 3226/59/1149 3228/61/1151 3230/63/1153
f 3231/1/1219 3232/2/1220 3233/3/1221
f 3231/1/1219 3233/3/1221 3234/4/1457
f 3235/5/1223 3232/2/1220 3231/1/1219
f 3235/5/1223 3236/6/1224 3232/2/1220
f 3233/3/1221 3232/2/1220 3237/8/1225
f 3236/6/1224 3237/8/1225 3232/2/1220
f 3233/3/1221 3237/8/1225 3238/9/1226
f 3236/6/1224 3239/7/1458 3237/8/1225
f 3240/19/1228 3241/20/1229 3242/21/1230
f 3240/19/1228 3242/21/1230 3243/22/1231
f 3244/23/1232 3240/19/1228 3243/22/1231
f 3244/23/1232 3245/24/1233 3240/19/1228
f 3246/25/1234 3243/22/1231 3242/21/1230
f 3244/23/1232 3243/22/1231 3246/25/1234
f 3246/25/1234 3242/21/1230 3247/26/1235
f 3244/23/1232 3246/25/1234 3248/27/1236
f 3249/64/1237 3250/65/1238 3251/66/1239
f 3249/64/1237 3251/66/1239 3252/67/1240
f 3253/68/1241 3249/64/1237 3252/67/1240
f 3253/68/1241 3254/69/1242 3249/64/1237
f 3255/70/1243 3252/67/1240 3251/66/1239
f 3253/68/1241 3252/67/1240 3255/70/1243
f 3255/70/1243 3251/66/1239 3256/71/1488
f 3253/68/1241 3255/70/1243 3257/72/1460
f 3258/46/1246 3259/47/1247 3260/48/1248
f 3258/46/1246 3260/48/1248 3261/49/1249
f 3259/47/1247 3262/50/1250 3260/48/1248
f 3259/47/1247 3263/51/1251 3262/50/1250
f 3260/48/1248 3262/50/1250 3264/52/1489
f 3260/48/1248 3264/52/1489 3265/53/1253
f 3261/49/1249 3260/48/1248 3265/53/1253
f 3261/49/1249 3265/53/1253 3266/54/1254
f 3267/82/1255 3268/83/1256 3269/84/1257
f 3267/82/1255 3269/84/1257 3270/85/1258
f 3271/86/1490 3268/83/1256 3267/82/1255
f 3271/86/1490 3272/87/1260 3268/83/1256
f 3268/83/1256 3272/87/1260 3273/88/1261
f 3268/83/1256 3273/88/1261 3274/89/1262
f 3269/84/1257 3268/83/1256 3274/89/1262
f 3269/84/1257 3274/89/1262 3275/90/1263
f 3276/47/1264 3277/48/1265 3278/49/1463
f 3276/47/1264 3278/49/1463 3279/46/1267
f 3276/47/1264 3280/50/1268 3277/48/1265
f 3276/47/1264 3281/51/1269 3280/50/1268
f 3277/48/1265 3280/50/1268 3282/52/1270
f 3277/48/1265 3282/52/1270 3283/53/1271
f 3278/49/1463 3277/48/1265 3283/53/1271
f 3278/49/1463 3283/53/1271 3284/54/1491
f 3285/29/1273 3286/30/1274 3287/31/1275
f 3285/29/1273 3287/31/1275 3288/28/1492
f 3288/28/1492 3287/31/1275 3289/32/1277
f 3288/28/1492 3289/32/1277 3290/33/1278
f 3291/34/1279 3288/28/1492 3290/33/1278
f 3291/34/1279 3292/35/1280 3288/28/1492
f 3292/35/1280 3285/29/1273 3288/28/1492
f 3292/35/1280 3293/36/1281 3285/29/1273
f 3294/73/1466 3295/74/1283 3296/75/1284
f 3294/73/1466 3296/75/1284 3297/76/1493
f 3294/73/1466 3298/77/1286 3295/74/1283
f 3294/73/1466 3299/78/1287 3298/77/1286
f 3296/75/1284 3295/74/1283 3300/79/1288
f 3298/77/1286 3300/79/1288 3295/74/1283
f 3296/75/1284 3300/79/1288 3301/80/1289
f 3298/77/1286 3302/81/1290 3300/79/1288
f 3303/57/1291 3304/56/1292 3305/55/1293
f 3303/57/1291 3305/55/1293 3306/58/1294
f 3307/61/1467 3303/57/1291 3306/58/1294
f 3307/61/1467 3308/62/1296 3303/57/1291
f 3309/59/1297 3306/58/1294 3305/55/1293
f 3307/61/1467 3306/58/1294 3309/59/1297
f 3309/59/1297 3305/55/1293 3310/60/1298
f 3307/61/1467 3309/59/1297 3311/63/1299
f 3312/55/1300 3313/56/1301 3314/57/1302
f 3312/55/1300 3314/57/1302 3315/58/1303
f 3316/59/1304 3312/55/1300 3315/58/1303
f 3316/59/1304 3317/60/1305 3312/55/1300
f 3318/61/1494 3315/58/1303 3314/57/1302
f 3316/59/1304 3315/58/1303 3318/61/1494
f 3318/61/1494 3314/57/1302 3319/62/1307
f 3316/59/1304 3318/61/1494 3320/63/1308
f 3321/10/1309 3322/11/1495 3323/12/1496
f 3321/10/1309 3323/12/1496 3324/13/1497
f 3325/14/1313 3321/10/1309 3324/13/1497
f 3324/13/1497 3323/12/1496 3326/18/1314
f 3325/14/1313 3324/13/1497 3327/15/1315
f 3324/13/1497 3326/18/1314 3328/17/1316
f 3329/16/1317 3327/15/1315 3324/13/1497
f 3329/16/1317 3324/13/1497 3328/17/1316
f 3330/91/1318 3331/92/1319 3332/93/1320
f 3330/91/1318 3332/93/1320 3333/94/1321
f 3334/95/1322 3330/91/1318 3333/94/1321
f 3334/95/1322 3335/96/1323 3330/91/1318
f 3336/97/1324 3333/94/1321 3332/93/1320
f 3334/95/1322 3333/94/1321 3336/97/1324
f 3336/97/1324 3332/93/1320 3337/98/1325
f 3334/95/1322 3336/97/1324 3338/99/1326
f 3339/29/1327 3340/30/1328 3341/31/1329
f 3339/29/1327 3341/31/1329 3342/28/1330
f 3343/36/1331 3339/29/1327 3342/28/1330
f 3342/28/1330 3341/31/1329 3344/32/1469
f 3343/36/1331 3342/28/1330 3345/35/1333
f 3342/28/1330 3344/32/1469 3346/33/1334
f 3347/34/1335 3345/35/1333 3342/28/1330
f 3347/34/1335 3342/28/1330 3346/33/1334
f 3348/1/1336 3349/2/1337 3350/3/1338
f 3348/1/1336 3350/3/1338 3351/4/1339
f 3352/5/1340 3349/2/1337 3348/1/1336
f 3352/5/1340 3353/6/1341 3349/2/1337
f 3349/2/1337 3353/6/1341 3354/7/1342
f 3349/2/1337 3354/7/1342 3355/8/1343
f 3350/3/1338 3349/2/1337 3355/8/1343
f 3350/3/1338 3355/8/1343 3356/9/1344
f 3357/1/1498 3358/2/1346 3359/3/1347
f 3357/1/1498 3359/3/1347 3360/4/1348
f 3361/5/1349 3358/2/1346 3357/1/1498
f 3361/5/1349 3362/6/1350 3358/2/1346
f 3359/3/1347 3358/2/1346 3363/8/1351
f 3362/6/1350 3363/8/1351 3358/2/1346
f 3359/3/1347 3363/8/1351 3364/9/1352
f 3362/6/1350 3365/7/1499 3363/8/1351
f 3366/55/1354 3367/56/1355 3368/57/1356
f 3366/55/1354 3368/57/1356 3369/58/1357
f 3370/59/1358 3366/55/1354 3369/58/1357
f 3370/59/1358 3371/60/1359 3366/55/1354
f 3372/61/1360 3369/58/1357 3368/57/1356
f 3370/59/1358 3369/58/1357 3372/61/1360
f 3372/61/1360 3368/57/1356 3373/62/1361
f 3370/59/1358 3372/61/1360 3374/63/1362
f 3375/55/1363 3376/56/1364 3377/57/1500
f 3375/55/1363 3377/57/1500 3378/58/1366
f 3379/59/1367 3375/55/1363 3378/58/1366
f 3379/59/1367 3380/60/1368 3375/55/1363
f 3381/61/1369 3378/58/1366 3377/57/1500
f 3379/59/1367 3378/58/1366 3381/61/1369
f 3381/61/1369 3377/57/1500 3382/62/1370
f 3379/59/1367 3381/61/1369 3383/63/1371
f 3384/55/1372 3385/56/1373 3386/57/1374
f 3384/55/1372 3386/57/1374 3387/58/1375
f 3388/59/1376 3384/55/1372 3387/58/1375
f 3388/59/1376 3389/60/1377 3384/55/1372
f 3390/61/1378 3387/58/1375 3386/57/1374
f 3388/59/1376 3387/58/1375 3390/61/1378
f 3390/61/1378 3386/57/1374 3391/62/1379
f 3388/59/1376 3390/61/1378 3392/63/1380
f 3393/64/1381 3394/65/1382 3395/66/1383
f 3393/64/1381 3395/66/1383 3396/67/1384
f 3397/68/1501 3393/64/1381 3396/67/1384
f 3397/68/1501 3398/69/1502 3393/64/1381
f 3399/70/1387 3396/67/1384 3395/66/1383
f 3397/68/1501 3396/67/1384 3399/70/1387
f 3399/70/1387 3395/66/1383 3400/71/1388
f 3397/68/1501 3399/70/1387 3401/72/1389
f 3402/19/1100 3403/20/1390 3404/21/1102
f 3402/19/1100 3404/21/1102 3405/22/1103
f 3406/23/1104 3402/19/1100 3405/22/1103
f 3406/23/1104 3407/24/1105 3402/19/1100
f 3408/25/1106 3405/22/1103 3404/21/1102
f 3406/23/1104 3405/22/1103 3408/25/1106
f 3408/25/1106 3404/21/1102 3409/26/1107
f 3406/23/1104 3408/25/1106 3410/27/1108
f 3411/19/1392 3412/20/1393 3413/21/1394
f 3411/19/1392 3413/21/1394 3414/22/1395
f 3415/23/1396 3411/19/1392 3414/22/1395
f 3415/23/1396 3416/24/1397 3411/19/1392
f 3417/25/1398 3414/22/1395 3413/21/1394
f 3415/23/1396 3414/22/1395 3417/25/1398
f 3417/25/1398 3413/21/1394 3418/26/1399
f 3415/23/1396 3417/25/1398 3419/27/1400
f 3420/29/1401 3421/30/1402 3422/31/1403
f 3420/29/1401 3422/31/1403 3423/28/1404
f 3423/28/1404 3422/31/1403 3424/32/1503
f 3423/28/1404 3424/32/1503 3425/33/1406
f 3426/34/1407 3423/28/1404 3425/33/1406
f 3426/34/1407 3427/35/1408 3423/28/1404
f 3427/35/1408 3420/29/1401 3423/28/1404
f 3427/35/1408 3428/36/1409 3420/29/1401
f 3429/84/1410 3430/85/1411 3431/82/1412
f 3429/84/1410 3432/89/1413 3433/90/1414
f 3429/84/1410 3434/83/1471 3432/89/1413
f 3429/84/1410 3431/82/1412 3434/83/1471
f 3434/83/1471 3435/88/1416 3432/89/1413
f 3434/83/1471 3436/87/1417 3435/88/1416
f 3431/82/1412 3436/87/1417 3434/83/1471
f 3431/82/1412 3437/86/1418 3436/87/1417
f 3438/84/1419 3439/85/1428 3440/82/1421
f 3438/84/1419 3441/89/1422 3442/90/1423
f 3438/84/1419 3443/83/1424 3441/89/1422
f 3438/84/1419 3440/82/1421 3443/83/1424
f 3443/83/1424 3444/88/1425 3441/89/1422
f 3443/83/1424 3445/87/1426 3444/88/1425
f 3440/82/1421 3445/87/1426 3443/83/1424
f 3440/82/1421 3446/86/1427 3445/87/1426
f 3447/84/1419 3448/85/1420 3449/82/1421
f 3447/84/1419 3450/89/1422 3451/90/1423
f 3447/84/1419 3452/83/1424 3450/89/1422
f 3447/84/1419 3449/82/1421 3452/83/1424
f 3452/83/1424 3453/88/1425 3450/89/1422
f 3452/83/1424 3454/87/1426 3453/88/1425
f 3449/82/1421 3454/87/1426 3452/83/1424
f 3449/82/1421 3455/86/1427 3454/87/1426
f 3456/84/1410 3457/85/1411 3458/82/1412
f 3456/84/1410 3459/89/1429 3460/90/1414
f 3456/84/1410 3461/83/1415 3459/89/1429
f 3456/84/1410 3458/82/1412 3461/83/1415
f 3461/83/1415 3462/88/1416 3459/89/1429
f 3461/83/1415 3463/87/1504 3462/88/1416
f 3458/82/1412 3463/87/1504 3461/83/1415
f 3458/82/1412 3464/86/1418 3463/87/1504
f 3465/84/1419 3466/85/1420 3467/82/1421
f 3465/84/1419 3468/89/1422 3469/90/1423
f 3465/84/1419 3470/83/1424 3468/89/1422
f 3465/84/1419 3467/82/1421 3470/83/1424
f 3470/83/1424 3471/88/1425 3468/89/1422
f 3470/83/1424 3472/87/1426 3471/88/1425
f 3467/82/1421 3472/87/1426 3470/83/1424
f 3467/82/1421 3473/86/1427 3472/87/1426
f 3474/57/1430 3475/58/1431 3476/55/1432
f 3474/57/1430 3476/55/1432 3477/56/1433
f 3478/62/1434 3475/58/1431 3474/57/1430
f 3478/62/1434 3479/61/1435 3475/58/1431
f 3476/55/1432 3475/58/1431 3480/59/1436
f 3479/61/1435 3480/59/1436 3475/58/1431
f 3476/55/1432 3480/59/1436 3481/60/1505
f 3479/61/1435 3482/63/1438 3480/59/1436
f 3483/1/1037 3484/2/1038 3485/3/1039
f 3483/1/1037 3485/3/1039 3486/4/1040
f 3487/5/1041 3484/2/1038 3483/1/1037
f 3487/5/1041 3488/6/1042 3484/2/1038
f 3485/3/1039 3484/2/1038 3489/8/1043
f 3488/6/1042 3489/8/1043 3484/2/1038
f 3485/3/1039 3489/8/1043 3490/9/1044
f 3488/6/1042 3491/7/1506 3489/8/1043
f 3492/13/1046 3493/10/1047 3494/11/1048
f 3495/14/1049 3493/10/1047 3492/13/1046
f 3495/14/1049 3492/13/1046 3496/15/1475
f 3492/13/1046 3494/11/1048 3497/12/1051
f 3498/16/1440 3496/15/1475 3492/13/1046
f 3492/13/1046 3497/12/1051 3499/18/1053
f 3498/16/1440 3492/13/1046 3500/17/1054
f 3492/13/1046 3499/18/1053 3500/17/1054
f 3501/19/1055 3502/20/1056 3503/21/1057
f 3501/19/1055 3503/21/1057 3504/22/1058
f 3505/23/1059 3501/19/1055 3504/22/1058
f 3505/23/1059 3506/24/1060 3501/19/1055
f 3507/25/1061 3504/22/1058 3503/21/1057
f 3505/23/1059 3504/22/1058 3507/25/1061
f 3507/25/1061 3503/21/1057 3508/26/1062
f 3505/23/1059 3507/25/1061 3509/27/1063
f 3510/19/1064 3511/20/1065 3512/21/1476
f 3510/19/1064 3512/21/1476 3513/22/1067
f 3514/23/1068 3510/19/1064 3513/22/1067
f 3514/23/1068 3515/24/1069 3510/19/1064
f 3516/25/1070 3513/22/1067 3512/21/1476
f 3514/23/1068 3513/22/1067 3516/25/1070
f 3516/25/1070 3512/21/1476 3517/26/1071
f 3514/23/1068 3516/25/1070 3518/27/1072
f 3519/29/1073 3520/30/1074 3521/31/1075
f 3519/29/1073 3521/31/1075 3522/28/1076
f 3522/28/1076 3521/31/1075 3523/32/1507
f 3522/28/1076 3523/32/1507 3524/33/1078
f 3525/34/1079 3522/28/1076 3524/33/1078
f 3525/34/1079 3526/35/1080 3522/28/1076
f 3526/35/1080 3519/29/1073 3522/28/1076
f 3526/35/1080 3527/36/1081 3519/29/1073
f 3528/1/1082 3529/2/1083 3530/3/1084
f 3528/1/1082 3530/3/1084 3531/4/1085
f 3532/5/1086 3529/2/1083 3528/1/1082
f 3532/5/1086 3533/6/1087 3529/2/1083
f 3530/3/1084 3529/2/1083 3534/8/1088
f 3533/6/1087 3534/8/1088 3529/2/1083
f 3530/3/1084 3534/8/1088 3535/9/1089
f 3533/6/1087 3536/7/1090 3534/8/1088
f 3537/37/1479 3538/38/1092 3539/39/1093
f 3540/40/1094 3541/41/1095 3537/37/1479
f 3540/40/1094 3537/37/1479 3542/42/1096
f 3537/37/1479 3539/39/1093 3542/42/1096
f 3543/43/1097 3540/40/1094 3542/42/1096
f 3543/43/1097 3542/42/1096 3544/44/1098
f 3544/44/1098 3542/42/1096 3539/39/1093
f 3544/44/1098 3539/39/1093 3545/45/1099
f 3546/19/1100 3547/20/1390 3548/21/1102
f 3546/19/1100 3548/21/1102 3549/22/1103
f 3550/23/1104 3546/19/1100 3549/22/1103
f 3550/23/1104 3551/24/1105 3546/19/1100
f 3552/25/1106 3549/22/1103 3548/21/1102
f 3550/23/1104 3549/22/1103 3552/25/1106
f 3552/25/1106 3548/21/1102 3553/26/1107
f 3550/23/1104 3552/25/1106 3554/27/1108
f 3555/47/1109 3556/48/1110 3557/49/1111
f 3555/47/1109 3557/49/1111 3558/46/1112
f 3555/47/1109 3559/50/1113 3556/48/1110
f 3555/47/1109 3560/51/1114 3559/50/1113
f 3556/48/1110 3559/50/1113 3561/52/1115
f 3556/48/1110 3561/52/1115 3562/53/1116
f 3557/49/1111 3556/48/1110 3562/53/1116
f 3557/49/1111 3562/53/1116 3563/54/1117
f 3564/55/1118 3565/56/1119 3566/57/1445
f 3564/55/1118 3566/57/1445 3567/58/1121
f 3568/59/1122 3564/55/1118 3567/58/1121
f 3568/59/1122 3569/60/1123 3564/55/1118
f 3570/61/1124 3567/58/1121 3566/57/1445
f 3568/59/1122 3567/58/1121 3570/61/1124
f 3570/61/1124 3566/57/1445 3571/62/1125
f 3568/59/1122 3570/61/1124 3572/63/1126
f 3573/55/1127 3574/56/1128 3575/57/1129
f 3573/55/1127 3575/57/1129 3576/58/1130
f 3577/59/1131 3573/55/1127 3576/58/1130
f 3577/59/1131 3578/60/1132 3573/55/1127
f 3579/61/1133 3576/58/1130 3575/57/1129
f 3577/59/1131 3576/58/1130 3579/61/1133
f 3579/61/1133 3575/57/1129 3580/62/1134
f 3577/59/1131 3579/61/1133 3581/63/1135
f 3582/19/1136 3583/20/1447 3584/21/1138
f 3582/19/1136 3584/21/1138 3585/22/1139
f 3586/23/1140 3582/19/1136 3585/22/1139
f 3586/23/1140 3587/24/1141 3582/19/1136
f 3588/25/1142 3585/22/1139 3584/21/1138
f 3586/23/1140 3585/22/1139 3588/25/1142
f 3588/25/1142 3584/21/1138 3589/26/1143
f 3586/23/1140 3588/25/1142 3590/27/1144
f 3591/55/1145 3592/56/1146 3593/57/1208
f 3591/55/1145 3593/57/1208 3594/58/1148
f 3595/59/1149 3591/55/1145 3594/58/1148
f 3595/59/1149 3596/60/1150 3591/55/1145
f 3597/61/1151 3594/58/1148 3593/57/1208
f 3595/59/1149 3594/58/1148 3597/61/1151
f 3597/61/1151 3593/57/1208 3598/62/1152
f 3595/59/1149 3597/61/1151 3599/63/1153
f 3600/37/1508 3601/38/1155 3602/39/1156
f 3603/40/1157 3604/41/1158 3600/37/1508
f 3603/40/1157 3600/37/1508 3605/42/1159
f 3600/37/1508 3602/39/1156 3605/42/1159
f 3606/43/1160 3603/40/1157 3605/42/1159
f 3606/43/1160 3605/42/1159 3607/44/1161
f 3607/44/1161 3605/42/1159 3602/39/1156
f 3607/44/1161 3602/39/1156 3608/45/1509
f 3609/1/1163 3610/2/1164 3611/3/1165
f 3609/1/1163 3611/3/1165 3612/4/1450
f 3609/1/1163 3613/6/1167 3610/2/1164
f 3609/1/1163 3614/5/1168 3613/6/1167
f 3611/3/1165 3610/2/1164 3615/8/1169
f 3613/6/1167 3615/8/1169 3610/2/1164
f 3611/3/1165 3615/8/1169 3616/9/1170
f 3613/6/1167 3617/7/1483 3615/8/1169
f 3618/64/1172 3619/65/1173 3620/66/1174
f 3618/64/1172 3620/66/1174 3621/67/1175
f 3622/68/1176 3618/64/1172 3621/67/1175
f 3622/68/1176 3623/69/1177 3618/64/1172
f 3624/70/1178 3621/67/1175 3620/66/1174
f 3622/68/1176 3621/67/1175 3624/70/1178
f 3624/70/1178 3620/66/1174 3625/71/1179
f 3622/68/1176 3624/70/1178 3626/72/1180
f 3627/73/1181 3628/74/1182 3629/75/1484
f 3627/73/1181 3629/75/1484 3630/76/1184
f 3627/73/1181 3631/77/1185 3628/74/1182
f 3627/73/1181 3632/78/1186 3631/77/1185
f 3629/75/1484 3628/74/1182 3633/79/1187
f 3631/77/1185 3633/79/1187 3628/74/1182
f 3629/75/1484 3633/79/1187 3634/80/1188
f 3631/77/1185 3635/81/1189 3633/79/1187
f 3636/55/1190 3637/56/1191 3638/57/1192
f 3636/55/1190 3638/57/1192 3639/58/1193
f 3640/59/1194 3636/55/1190 3639/58/1193
f 3640/59/1194 3641/60/1195 3636/55/1190
f 3642/61/1196 3639/58/1193 3638/57/1192
f 3640/59/1194 3639/58/1193 3642/61/1196
f 3642/61/1196 3638/57/1192 3643/62/1486
f 3640/59/1194 3642/61/1196 3644/63/1198
f 3645/3/1199 3646/2/1200 3647/1/1201
f 3645/3/1199 3647/1/1201 3648/4/1202
f 3646/2/1200 3649/5/1203 3647/1/1201
f 3646/2/1200 3650/6/1204 3649/5/1203
f 3646/2/1200 3651/7/1205 3650/6/1204
f 3646/2/1200 3652/8/1206 3651/7/1205
f 3645/3/1199 3652/8/1206 3646/2/1200
f 3645/3/1199 3653/9/1207 3652/8/1206
f 3654/55/1145 3655/56/1146 3656/57/1208
f 3654/55/1145 3656/57/1208 3657/58/1148
f 3658/59/1149 3654/55/1145 3657/58/1148
f 3658/59/1149 3659/60/1150 3654/55/1145
f 3660/61/1151 3657/58/1148 3656/57/1208
f 3658/59/1149 3657/58/1148 3660/61/1151
f 3660/61/1151 3656/57/1208 3661/62/1218
f 3658/59/1149 3660/61/1151 3662/63/1153
f 3663/55/1209 3664/56/1210 3665/57/1211
f 3663/55/1209 3665/57/1211 3666/58/1212
f 3667/59/1213 3663/55/1209 3666/58/1212
f 3667/59/1213 3668/60/1214 3663/55/1209
f 3669/61/1215 3666/58/1212 3665/57/1211
f 3667/59/1213 3666/58/1212 3669/61/1215
f 3669/61/1215 3665/57/1211 3670/62/1216
f 3667/59/1213 3669/61/1215 3671/63/1217
f 3672/55/1145 3673/56/1146 3674/57/1208
f 3672/55/1145 3674/57/1208 3675/58/1148
f 3676/59/1149 3672/55/1145 3675/58/1148
f 3676/59/1149 3677/60/1150 3672/55/1145
f 3678/61/1151 3675/58/1148 3674/57/1208
f 3676/59/1149 3675/58/1148 3678/61/1151
f 3678/61/1151 3674/57/1208 3679/62/1152
f 3676/59/1149 3678/61/1151 3680/63/1153
f 3681/1/1219 3682/2/1220 3683/3/1221
f 3681/1/1219 3683/3/1221 3684/4/1457
f 3685/5/1223 3682/2/1220 3681/1/1219
f 3685/5/1223 3686/6/1224 3682/2/1220
f 3683/3/1221 3682/2/1220 3687/8/1225
f 3686/6/1224 3687/8/1225 3682/2/1220
f 3683/3/1221 3687/8/1225 3688/9/1510
f 3686/6/1224 3689/7/1458 3687/8/1225
f 3690/19/1228 3691/20/1229 3692/21/1230
f 3690/19/1228 3692/21/1230 3693/22/1231
f 3694/23/1232 3690/19/1228 3693/22/1231
f 3694/23/1232 3695/24/1233 3690/19/1228
f 3696/25/1234 3693/22/1231 3692/21/1230
f 3694/23/1232 3693/22/1231 3696/25/1234
f 3696/25/1234 3692/21/1230 3697/26/1235
f 3694/23/1232 3696/25/1234 3698/27/1236
f 3699/64/1237 3700/65/1238 3701/66/1239
f 3699/64/1237 3701/66/1239 3702/67/1240
f 3703/68/1241 3699/64/1237 3702/67/1240
f 3703/68/1241 3704/69/1242 3699/64/1237
f 3705/70/1243 3702/67/1240 3701/66/1239
f 3703/68/1241 3702/67/1240 3705/70/1243
f 3705/70/1243 3701/66/1239 3706/71/1488
f 3703/68/1241 3705/70/1243 3707/72/1245
f 3708/46/1246 3709/47/1247 3710/48/1248
f 3708/46/1246 3710/48/1248 3711/49/1249
f 3709/47/1247 3712/50/1250 3710/48/1248
f 3709/47/1247 3713/51/1251 3712/50/1250
f 3710/48/1248 3712/50/1250 3714/52/1489
f 3710/48/1248 3714/52/1489 3715/53/1253
f 3711/49/1249 3710/48/1248 3715/53/1253
f 3711/49/1249 3715/53/1253 3716/54/1254
f 3717/82/1255 3718/83/1256 3719/84/1257
f 3717/82/1255 3719/84/1257 3720/85/1258
f 3721/86/1490 3718/83/1256 3717/82/1255
f 3721/86/1490 3722/87/1260 3718/83/1256
f 3718/83/1256 3722/87/1260 3723/88/1261
f 3718/83/1256 3723/88/1261 3724/89/1262
f 3719/84/1257 3718/83/1256 3724/89/1262
f 3719/84/1257 3724/89/1262 3725/90/1511
f 3726/47/1264 3727/48/1265 3728/49/1463
f 3726/47/1264 3728/49/1463 3729/46/1267
f 3726/47/1264 3730/50/1268 3727/48/1265
f 3726/47/1264 3731/51/1269 3730/50/1268
f 3727/48/1265 3730/50/1268 3732/52/1270
f 3727/48/1265 3732/52/1270 3733/53/1271
f 3728/49/1463 3727/48/1265 3733/53/1271
f 3728/49/1463 3733/53/1271 3734/54/1491
f 3735/29/1273 3736/30/1274 3737/31/1275
f 3735/29/1273 3737/31/1275 3738/28/1276
f 3738/28/1276 3737/31/1275 3739/32/1277
f 3738/28/1276 3739/32/1277 3740/33/1278
f 3741/34/1279 3738/28/1276 3740/33/1278
f 3741/34/1279 3742/35/1280 3738/28/1276
f 3742/35/1280 3735/29/1273 3738/28/1276
f 3742/35/1280 3743/36/1281 3735/29/1273
f 3744/73/1466 3745/74/1283 3746/75/1284
f 3744/73/1466 3746/75/1284 3747/76/1493
f 3744/73/1466 3748/77/1286 3745/74/1283
f 3744/73/1466 3749/78/1287 3748/77/1286
f 3746/75/1284 3745/74/1283 3750/79/1288
f 3748/77/1286 3750/79/1288 3745/74/1283
f 3746/75/1284 3750/79/1288 3751/80/1289
f 3748/77/1286 3752/81/1290 3750/79/1288
f 3753/57/1291 3754/56/1292 3755/55/1293
f 3753/57/1291 3755/55/1293 3756/58/1294
f 3757/61/1295 3753/57/1291 3756/58/1294
f 3757/61/1295 3758/62/1296 3753/57/1291
f 3759/59/1297 3756/58/1294 3755/55/1293
f 3757/61/1295 3756/58/1294 3759/59/1297
f 3759/59/1297 3755/55/1293 3760/60/1298
f 3757/61/1295 3759/59/1297 3761/63/1299
f 3762/55/1300 3763/56/1301 3764/57/1302
f 3762/55/1300 3764/57/1302 3765/58/1303
f 3766/59/1304 3762/55/1300 3765/58/1303
f 3766/59/1304 3767/60/1305 3762/55/1300
f 3768/61/1494 3765/58/1303 3764/57/1302
f 3766/59/1304 3765/58/1303 3768/61/1494
f 3768/61/1494 3764/57/1302 3769/62/1307
f 3766/59/1304 3768/61/1494 3770/63/1308
f 3771/10/1309 3772/11/1495 3773/12/1311
f 3771/10/1309 3773/12/1311 3774/13/1312
f 3775/14/1313 3771/10/1309 3774/13/1312
f 3774/13/1312 3773/12/1311 3776/18/1314
f 3775/14/1313 3774/13/1312 3777/15/1315
f 3774/13/1312 3776/18/1314 3778/17/1316
f 3779/16/1317 3777/15/1315 3774/13/1312
f 3779/16/1317 3774/13/1312 3778/17/1316
f 3780/91/1318 3781/92/1319 3782/93/1320
f 3780/91/1318 3782/93/1320 3783/94/1321
f 3784/95/1322 3780/91/1318 3783/94/1321
f 3784/95/1322 3785/96/1323 3780/91/1318
f 3786/97/1324 3783/94/1321 3782/93/1320
f 3784/95/1322 3783/94/1321 3786/97/1324
f 3786/97/1324 3782/93/1320 3787/98/1325
f 3784/95/1322 3786/97/1324 3788/99/1326
f 3789/29/1327 3790/30/1328 3791/31/1329
f 3789/29/1327 3791/31/1329 3792/28/1330
f 3793/36/1331 3789/29/1327 3792/28/1330
f 3792/28/1330 3791/31/1329 3794/32/1332
f 3793/36/1331 3792/28/1330 3795/35/1333
f 3792/28/1330 3794/32/1332 3796/33/1334
f 3797/34/1335 3795/35/1333 3792/28/1330
f 3797/34/1335 3792/28/1330 3796/33/1334
f 3798/1/1336 3799/2/1337 3800/3/1338
f 3798/1/1336 3800/3/1338 3801/4/1339
f 3802/5/1340 3799/2/1337 3798/1/1336
f 3802/5/1340 3803/6/1341 3799/2/1337
f 3799/2/1337 3803/6/1341 3804/7/1342
f 3799/2/1337 3804/7/1342 3805/8/1343
f 3800/3/1338 3799/2/1337 3805/8/1343
f 3800/3/1338 3805/8/1343 3806/9/1344
f 3807/1/1498 3808/2/1346 3809/3/1347
f 3807/1/1498 3809/3/1347 3810/4/1348
f 3811/5/1349 3808/2/1346 3807/1/1498
f 3811/5/1349 3812/6/1350 3808/2/1346
f 3809/3/1347 3808/2/1346 3813/8/1351
f 3812/6/1350 3813/8/1351 3808/2/1346
f 3809/3/1347 3813/8/1351 3814/9/1352
f 3812/6/1350 3815/7/1499 3813/8/1351
f 3816/55/1354 3817/56/1355 3818/57/1356
f 3816/55/1354 3818/57/1356 3819/58/1357
f 3820/59/1358 3816/55/1354 3819/58/1357
f 3820/59/1358 3821/60/1359 3816/55/1354
f 3822/61/1360 3819/58/1357 3818/57/1356
f 3820/59/1358 3819/58/1357 3822/61/1360
f 3822/61/1360 3818/57/1356 3823/62/1361
f 3820/59/1358 3822/61/1360 3824/63/1362
f 3825/55/1363 3826/56/1364 3827/57/1500
f 3825/55/1363 3827/57/1500 3828/58/1366
f 3829/59/1367 3825/55/1363 3828/58/1366
f 3829/59/1367 3830/60/1368 3825/55/1363
f 3831/61/1369 3828/58/1366 3827/57/1500
f 3829/59/1367 3828/58/1366 3831/61/1369
f 3831/61/1369 3827/57/1500 3832/62/1370
f 3829/59/1367 3831/61/1369 3833/63/1371
f 3834/55/1372 3835/56/1373 3836/57/1374
f 3834/55/1372 3836/57/1374 3837/58/1375
f 3838/59/1376 3834/55/1372 3837/58/1375
f 3838/59/1376 3839/60/1377 3834/55/1372
f 3840/61/1378 3837/58/1375 3836/57/1374
f 3838/59/1376 3837/58/1375 3840/61/1378
f 3840/61/1378 3836/57/1374 3841/62/1379
f 3838/59/1376 3840/61/1378 3842/63/1380
f 3843/64/1381 3844/65/1382 3845/66/1383
f 3843/64/1381 3845/66/1383 3846/67/1384
f 3847/68/1501 3843/64/1381 3846/67/1384
f 3847/68/1501 3848/69/1502 3843/64/1381
f 3849/70/1387 3846/67/1384 3845/66/1383
f 3847/68/1501 3846/67/1384 3849/70/1387
f 3849/70/1387 3845/66/1383 3850/71/1388
f 3847/68/1501 3849/70/1387 3851/72/1389
f 3852/19/1100 3853/20/1101 3854/21/1102
f 3852/19/1100 3854/21/1102 3855/22/1103
f 3856/23/1104 3852/19/1100 3855/22/1103
f 3856/23/1104 3857/24/1105 3852/19/1100
f 3858/25/1106 3855/22/1103 3854/21/1102
f 3856/23/1104 3855/22/1103 3858/25/1106
f 3858/25/1106 3854/21/1102 3859/26/1107
f 3856/23/1104 3858/25/1106 3860/27/1108
f 3861/19/1392 3862/20/1393 3863/21/1394
f 3861/19/1392 3863/21/1394 3864/22/1395
f 3865/23/1396 3861/19/1392 3864/22/1395
f 3865/23/1396 3866/24/1397 3861/19/1392
f 3867/25/1398 3864/22/1395 3863/21/1394
f 3865/23/1396 3864/22/1395 3867/25/1398
f 3867/25/1398 3863/21/1394 3868/26/1399
f 3865/23/1396 3867/25/1398 3869/27/1400
f 3870/29/1401 3871/30/1402 3872/31/1403
f 3870/29/1401 3872/31/1403 3873/28/1404
f 3873/28/1404 3872/31/1403 3874/32/1503
f 3873/28/1404 3874/32/1503 3875/33/1406
f 3876/34/1407 3873/28/1404 3875/33/1406
f 3876/34/1407 3877/35/1408 3873/28/1404
f 3877/35/1408 3870/29/1401 3873/28/1404
f 3877/35/1408 3878/36/1409 3870/29/1401
f 3879/84/1410 3880/85/1411 3881/82/1412
f 3879/84/1410 3882/89/1413 3883/90/1414
f 3879/84/1410 3884/83/1471 3882/89/1413
f 3879/84/1410 3881/82/1412 3884/83/1471
f 3884/83/1471 3885/88/1416 3882/89/1413
f 3884/83/1471 3886/87/1417 3885/88/1416
f 3881/82/1412 3886/87/1417 3884/83/1471
f 3881/82/1412 3887/86/1418 3886/87/1417
f 3888/84/1419 3889/85/1428 3890/82/1421
f 3888/84/1419 3891/89/1422 3892/90/1423
f 3888/84/1419 3893/83/1424 3891/89/1422
f 3888/84/1419 3890/82/1421 3893/83/1424
f 3893/83/1424 3894/88/1425 3891/89/1422
f 3893/83/1424 3895/87/1426 3894/88/1425
f 3890/82/1421 3895/87/1426 3893/83/1424
f 3890/82/1421 3896/86/1427 3895/87/1426
f 3897/84/1419 3898/85/1420 3899/82/1421
f 3897/84/1419 3900/89/1422 3901/90/1423
f 3897/84/1419 3902/83/1424 3900/89/1422
f 3897/84/1419 3899/82/1421 3902/83/1424
f 3902/83/1424 3903/88/1425 3900/89/1422
f 3902/83/1424 3904/87/1426 3903/88/1425
f 3899/82/1421 3904/87/1426 3902/83/1424
f 3899/82/1421 3905/86/1427 3904/87/1426
f 3906/84/1410 3907/85/1411 3908/82/1412
f 3906/84/1410 3909/89/1429 3910/90/1414
f 3906/84/1410 3911/83/1415 3909/89/1429
f 3906/84/1410 3908/82/1412 3911/83/1415
f 3911/83/1415 3912/88/1416 3909/89/1429
f 3911/83/1415 3913/87/1504 3912/88/1416
f 3908/82/1412 3913/87/1504 3911/83/1415
f 3908/82/1412 3914/86/1418 3913/87/1504
f 3915/84/1419 3916/85/1420 3917/82/1421
f 3915/84/1419 3918/89/1422 3919/90/1423
f 3915/84/1419 3920/83/1424 3918/89/1422
f 3915/84/1419 3917/82/1421 3920/83/1424
f 3920/83/1424 3921/88/1425 3918/89/1422
f 3920/83/1424 3922/87/1426 3921/88/1425
f 3917/82/1421 3922/87/1426 3920/83/1424
f 3917/82/1421 3923/86/1427 3922/87/1426
f 3924/57/1430 3925/58/1431 3926/55/1432
f 3924/57/1430 3926/55/1432 3927/56/1512
f 3928/62/1434 3925/58/1431 3924/57/1430
f 3928/62/1434 3929/61/1435 3925/58/1431
f 3926/55/1432 3925/58/1431 3930/59/1436
f 3929/61/1435 3930/59/1436 3925/58/1431
f 3926/55/1432 3930/59/1436 3931/60/1437
f 3929/61/1435 3932/63/1438 3930/59/1436
